timestamp,service_name,span_id,parent_id,trace_id,duration,status_code,operation_name,parent_service_name
1650239562,ts-contacts-service,6a2e3ed77a033979,30c63a06e9bab5ce,6e0d0ae25dfdcdeb,1414,200,getContactsByContactsId,ts-preserve-service
1650239562,ts-preserve-service,30c63a06e9bab5ce,6e0d0ae25dfdcdeb,6e0d0ae25dfdcdeb,2095,200,GET,ts-preserve-service
1650239562,ts-preserve-service,6e0d0ae25dfdcdeb,,6e0d0ae25dfdcdeb,16474,200,preserve,no_parent
1650239562,ts-security-service,d4189bfc615be887,1aa44fe94f25da19,6e0d0ae25dfdcdeb,11056,200,check,ts-preserve-service
1650239562,ts-security-service,aafeb3c53d457fe1,d4189bfc615be887,6e0d0ae25dfdcdeb,4209,200,GET,ts-security-service
1650239562,ts-security-service,918c2b39fcec2632,d4189bfc615be887,6e0d0ae25dfdcdeb,3116,200,GET,ts-security-service
1650239562,ts-order-other-service,e568b77dfa8e48ba,918c2b39fcec2632,6e0d0ae25dfdcdeb,2332,200,securityInfoCheck,ts-security-service
1650239562,ts-preserve-service,1aa44fe94f25da19,6e0d0ae25dfdcdeb,6e0d0ae25dfdcdeb,12113,200,GET,ts-preserve-service
1650239562,ts-order-service,5afb3e5db68930c7,aafeb3c53d457fe1,6e0d0ae25dfdcdeb,3228,200,securityInfoCheck,ts-security-service
1650239623,ts-preserve-service,e07ed630b6aaf2e8,4036b5bcf1577408,4036b5bcf1577408,3573,200,GET,ts-preserve-service
1650239623,ts-contacts-service,e6783fdf75c6d948,e07ed630b6aaf2e8,4036b5bcf1577408,2280,200,getContactsByContactsId,ts-preserve-service
1650239623,ts-preserve-service,4036b5bcf1577408,,4036b5bcf1577408,22887,200,preserve,no_parent
1650239623,ts-order-other-service,3f9eec41f8d13b3d,498ebd4f68f53d5d,4036b5bcf1577408,3266,200,securityInfoCheck,ts-security-service
1650239623,ts-preserve-service,322a6cb41bac0b11,4036b5bcf1577408,4036b5bcf1577408,16450,200,GET,ts-preserve-service
1650239623,ts-security-service,b3faa8843a5d3c63,e8d20c36b896133f,4036b5bcf1577408,5000,200,GET,ts-security-service
1650239623,ts-security-service,e8d20c36b896133f,322a6cb41bac0b11,4036b5bcf1577408,14869,200,check,ts-preserve-service
1650239623,ts-order-service,f1711da4d66ca89a,b3faa8843a5d3c63,4036b5bcf1577408,3564,200,securityInfoCheck,ts-security-service
1650239623,ts-security-service,498ebd4f68f53d5d,e8d20c36b896133f,4036b5bcf1577408,4631,200,GET,ts-security-service
1650239683,ts-security-service,cc6fa9c2995c3f40,10bf52a1b8f6b0b9,b932a77f9f97636,5033,200,GET,ts-security-service
1650239683,ts-preserve-service,b6ff6140692e704d,b932a77f9f97636,b932a77f9f97636,3406,200,GET,ts-preserve-service
1650239683,ts-preserve-service,a35408073b1fced1,b932a77f9f97636,b932a77f9f97636,16394,200,GET,ts-preserve-service
1650239683,ts-contacts-service,ac34413658b34ed2,b6ff6140692e704d,b932a77f9f97636,2358,200,getContactsByContactsId,ts-preserve-service
1650239683,ts-security-service,44de560eb1d3d53e,10bf52a1b8f6b0b9,b932a77f9f97636,4234,200,GET,ts-security-service
1650239683,ts-security-service,10bf52a1b8f6b0b9,a35408073b1fced1,b932a77f9f97636,14605,200,check,ts-preserve-service
1650239683,ts-order-other-service,b86d3cb504e9166f,44de560eb1d3d53e,b932a77f9f97636,3055,200,securityInfoCheck,ts-security-service
1650239683,ts-order-service,e176fe93b74ddf94,cc6fa9c2995c3f40,b932a77f9f97636,3731,200,securityInfoCheck,ts-security-service
1650239683,ts-preserve-service,b932a77f9f97636,,b932a77f9f97636,22762,200,preserve,no_parent
1650239743,ts-security-service,ece2643092914910,c3611b0520a2b1dc,ea48dc872c905ca6,17079430,200,GET,ts-security-service
1650239743,ts-preserve-service,ea48dc872c905ca6,,ea48dc872c905ca6,19208426,200,preserve,no_parent
1650239743,ts-security-service,c3611b0520a2b1dc,ea7be7149f3769a4,ea48dc872c905ca6,19199697,200,check,ts-preserve-service
1650239743,ts-preserve-service,ea7be7149f3769a4,ea48dc872c905ca6,ea48dc872c905ca6,19201141,200,GET,ts-preserve-service
1650239750,ts-order-service,fc91322480dfe925,ece2643092914910,ea48dc872c905ca6,3009553,200,securityInfoCheck,ts-security-service
1650239763,ts-security-service,f9469e27f5b93235,c3611b0520a2b1dc,ea48dc872c905ca6,5174,200,GET,ts-security-service
1650239763,ts-order-other-service,5ddf3eedf6f724b8,f9469e27f5b93235,ea48dc872c905ca6,3105,200,securityInfoCheck,ts-security-service
1650239763,ts-preserve-service,51a8c60f2afd8917,ea48dc872c905ca6,ea48dc872c905ca6,4121,200,GET,ts-preserve-service
1650239763,ts-contacts-service,5d10658de4b377ff,51a8c60f2afd8917,ea48dc872c905ca6,2716,200,getContactsByContactsId,ts-preserve-service
1650239855,ts-preserve-service,69a2c15645af510a,2a1fb145bb026544,2a1fb145bb026544,16424794,200,GET,ts-preserve-service
1650239855,ts-security-service,950409521cca7891,ec5cb19ea254535e,2a1fb145bb026544,14324900,200,GET,ts-security-service
1650239855,ts-security-service,ec5cb19ea254535e,69a2c15645af510a,2a1fb145bb026544,16423449,200,check,ts-preserve-service
1650239855,ts-preserve-service,2a1fb145bb026544,,2a1fb145bb026544,16432185,200,preserve,no_parent
1650239859,ts-order-service,7ffcfdb4bcdb88cb,950409521cca7891,2a1fb145bb026544,3013144,200,securityInfoCheck,ts-security-service
1650239871,ts-security-service,1caa2eae3a55f2e7,ec5cb19ea254535e,2a1fb145bb026544,11359,200,GET,ts-security-service
1650239871,ts-contacts-service,6e6a19159933bb40,b399d4a7c86ffc71,2a1fb145bb026544,2796,200,getContactsByContactsId,ts-preserve-service
1650239871,ts-order-other-service,4fb6453238b3e8d5,1caa2eae3a55f2e7,2a1fb145bb026544,9043,200,securityInfoCheck,ts-security-service
1650239871,ts-preserve-service,b399d4a7c86ffc71,2a1fb145bb026544,2a1fb145bb026544,4293,200,GET,ts-preserve-service
1650239898,ts-station-service,2dd7ff28320080ea,4d368b4a9b65c471,796bb522e79d872d,2104,200,queryForStationId,ts-basic-service
1650239898,ts-basic-service,d408cf1fd70eb334,6bcff651c57e54d1,796bb522e79d872d,3944,200,GET,ts-basic-service
1650239898,ts-station-service,b22acb4e0aea61a5,d408cf1fd70eb334,796bb522e79d872d,2824,200,queryForStationId,ts-basic-service
1650239898,ts-travel-service,bd2fa79d336672e,796bb522e79d872d,796bb522e79d872d,2641,200,GET,ts-travel-service
1650239898,ts-travel-service,bcfb99b9f6ff6c18,796bb522e79d872d,796bb522e79d872d,11936,200,GET,ts-travel-service
1650239898,ts-travel-service,73a1b05877612ba8,796bb522e79d872d,796bb522e79d872d,2623,200,GET,ts-travel-service
1650239898,ts-travel-service,643d6e41bb5a974d,796bb522e79d872d,796bb522e79d872d,8554,200,GET,ts-travel-service
1650239898,ts-travel-service,3e11b359c0b01e64,796bb522e79d872d,796bb522e79d872d,2657,200,GET,ts-travel-service
1650239898,ts-travel-service,79ee95c529138373,796bb522e79d872d,796bb522e79d872d,4482,200,GET,ts-travel-service
1650239898,ts-travel-service,796bb522e79d872d,,796bb522e79d872d,46913,200,queryInfo,no_parent
1650239898,ts-ticketinfo-service,e3a48f78749df8c7,f1d9be6259f97744,796bb522e79d872d,7580,200,GET,ts-ticketinfo-service
1650239898,ts-basic-service,a2dc74b375da82f,5807804f456317d9,796bb522e79d872d,4975,200,queryForStationId,ts-ticketinfo-service
1650239898,ts-route-service,6922d4d525cfa837,bd2fa79d336672e,796bb522e79d872d,2509,200,queryById,ts-travel-service
1650239898,ts-route-service,374e537de0f1beb4,3e11b359c0b01e64,796bb522e79d872d,2521,200,queryById,ts-travel-service
1650239898,ts-basic-service,6bcff651c57e54d1,e3a48f78749df8c7,796bb522e79d872d,6318,200,queryForStationId,ts-ticketinfo-service
1650239898,ts-ticketinfo-service,5807804f456317d9,cbdf2d0f03a1123d,796bb522e79d872d,5728,200,GET,ts-ticketinfo-service
1650239898,ts-ticketinfo-service,cbdf2d0f03a1123d,643d6e41bb5a974d,796bb522e79d872d,7998,200,queryForStationId,ts-travel-service
1650239898,ts-basic-service,4d368b4a9b65c471,a2dc74b375da82f,796bb522e79d872d,2826,200,GET,ts-basic-service
1650239898,ts-ticketinfo-service,f1d9be6259f97744,bcfb99b9f6ff6c18,796bb522e79d872d,10275,200,queryForStationId,ts-travel-service
1650239898,ts-route-service,141950833f07c6e7,79ee95c529138373,796bb522e79d872d,3143,200,queryById,ts-travel-service
1650239898,ts-route-service,12fc27929704c074,8efbfc04d6c025a0,796bb522e79d872d,2391,200,queryById,ts-travel-service
1650239898,ts-route-service,6f67a16b6a5028c5,73a1b05877612ba8,796bb522e79d872d,2479,200,queryById,ts-travel-service
1650239898,ts-travel-service,8efbfc04d6c025a0,796bb522e79d872d,796bb522e79d872d,2814,200,GET,ts-travel-service
1650239958,ts-security-service,fea136e78052d8,558e215e243d483d,bed871992831e8eb,24945766,200,check,ts-preserve-service
1650239958,ts-security-service,1d233fe152b65aee,fea136e78052d8,bed871992831e8eb,18590946,200,GET,ts-security-service
1650239958,ts-preserve-service,bed871992831e8eb,,bed871992831e8eb,24954404,200,preserve,no_parent
1650239958,ts-preserve-service,558e215e243d483d,bed871992831e8eb,bed871992831e8eb,24947238,200,GET,ts-preserve-service
1650239962,ts-order-service,bff46877e39a624f,1d233fe152b65aee,bed871992831e8eb,7293446,200,securityInfoCheck,ts-security-service
1650239983,ts-preserve-service,1b9206776eb31f58,bed871992831e8eb,bed871992831e8eb,4141,200,GET,ts-preserve-service
1650239983,ts-order-other-service,d803ac89f4f20df,d4d77cd058ec7785,bed871992831e8eb,3495,200,securityInfoCheck,ts-security-service
1650239983,ts-security-service,d4d77cd058ec7785,fea136e78052d8,bed871992831e8eb,5261,200,GET,ts-security-service
1650239983,ts-contacts-service,d98b934b97ff518b,1b9206776eb31f58,bed871992831e8eb,2685,200,getContactsByContactsId,ts-preserve-service
1650239986,ts-order-service,cae4bc1c194bb75e,,cae4bc1c194bb75e,13314146,200,queryOrdersForRefresh,no_parent
1650239989,ts-order-service,5d4caa1663756e0c,cae4bc1c194bb75e,cae4bc1c194bb75e,10305831,200,POST,ts-order-service
1650239999,ts-station-service,533d251d790f6a6c,5d4caa1663756e0c,cae4bc1c194bb75e,8626,200,queryForNameBatch,ts-order-service
1650240005,ts-route-service,4941738875c59e6c,d35b9161e0c231f7,e356dea7554a455e,2427,200,queryById,ts-travel-service
1650240005,ts-station-service,357273b5c5ca9042,6b32f7346dd15ef6,e356dea7554a455e,2618,200,queryForStationId,ts-basic-service
1650240005,ts-travel-service,d35b9161e0c231f7,e356dea7554a455e,e356dea7554a455e,2609,200,GET,ts-travel-service
1650240005,ts-route-service,a6392092a7d799c5,9ef83c92f828aa5a,e356dea7554a455e,2403,200,queryById,ts-travel-service
1650240005,ts-route-service,c956446f3fc0aea9,afd7563eaff62d0e,e356dea7554a455e,2941,200,queryById,ts-travel-service
1650240005,ts-travel-service,f57c02bc26e427f7,e356dea7554a455e,e356dea7554a455e,2315,200,GET,ts-travel-service
1650240005,ts-travel-service,2c91b7226de021d,e356dea7554a455e,e356dea7554a455e,11795,200,GET,ts-travel-service
1650240005,ts-travel-service,d3b9296c67d07877,e356dea7554a455e,e356dea7554a455e,14028,200,GET,ts-travel-service
1650240005,ts-travel-service,e356dea7554a455e,,e356dea7554a455e,57111,200,queryInfo,no_parent
1650240005,ts-travel-service,296efb547fb1ec9f,e356dea7554a455e,e356dea7554a455e,8521,200,GET,ts-travel-service
1650240005,ts-station-service,6295c7a0c11048a6,6744711478bc8947,e356dea7554a455e,2115,200,queryForStationId,ts-basic-service
1650240005,ts-ticketinfo-service,a5876a032066388f,296efb547fb1ec9f,e356dea7554a455e,7901,200,queryForStationId,ts-travel-service
1650240005,ts-basic-service,7ee3b6dc04212988,7184dcf96448dcca,e356dea7554a455e,4917,200,queryForStationId,ts-ticketinfo-service
1650240005,ts-basic-service,6744711478bc8947,7ee3b6dc04212988,e356dea7554a455e,2933,200,GET,ts-basic-service
1650240005,ts-ticketinfo-service,6652f13bfb76d1b6,86825ab0bfb28bf7,e356dea7554a455e,7459,200,GET,ts-ticketinfo-service
1650240005,ts-basic-service,6b32f7346dd15ef6,ec1eca84cf3d43e3,e356dea7554a455e,3840,200,GET,ts-basic-service
1650240005,ts-ticketinfo-service,86825ab0bfb28bf7,2c91b7226de021d,e356dea7554a455e,10054,200,queryForStationId,ts-travel-service
1650240005,ts-ticketinfo-service,7184dcf96448dcca,a5876a032066388f,e356dea7554a455e,5648,200,GET,ts-ticketinfo-service
1650240005,ts-basic-service,ec1eca84cf3d43e3,6652f13bfb76d1b6,e356dea7554a455e,6251,200,queryForStationId,ts-ticketinfo-service
1650240005,ts-travel-service,afd7563eaff62d0e,e356dea7554a455e,e356dea7554a455e,4433,200,GET,ts-travel-service
1650240005,ts-route-service,44cb0fc8aa1bd67,f57c02bc26e427f7,e356dea7554a455e,2188,200,queryById,ts-travel-service
1650240005,ts-route-service,7fcef302bfc5782b,d3b9296c67d07877,e356dea7554a455e,13868,200,queryById,ts-travel-service
1650240005,ts-travel-service,9ef83c92f828aa5a,e356dea7554a455e,e356dea7554a455e,2931,200,GET,ts-travel-service
1650240066,ts-preserve-service,1bb7c134445012b3,4b72d0b2dbb5b561,4b72d0b2dbb5b561,17337901,200,GET,ts-preserve-service
1650240066,ts-preserve-service,4b72d0b2dbb5b561,,4b72d0b2dbb5b561,17344909,200,preserve,no_parent
1650240066,ts-security-service,94b359b1f1f747d6,1bb7c134445012b3,4b72d0b2dbb5b561,17336749,200,check,ts-preserve-service
1650240066,ts-contacts-service,c4cbd9ac9d663e7f,,c4cbd9ac9d663e7f,3196,200,findContactsByAccountId,no_parent
1650240066,ts-security-service,2750be7f8ebfd9a4,94b359b1f1f747d6,4b72d0b2dbb5b561,14321245,200,GET,ts-security-service
1650240070,ts-order-service,856c299be388bb19,2750be7f8ebfd9a4,4b72d0b2dbb5b561,7293685,200,securityInfoCheck,ts-security-service
1650240083,ts-order-other-service,128051261ba09f8d,a4fe921051a075da,4b72d0b2dbb5b561,4621,200,securityInfoCheck,ts-security-service
1650240083,ts-preserve-service,caffe31adae5a87f,4b72d0b2dbb5b561,4b72d0b2dbb5b561,4269,200,GET,ts-preserve-service
1650240083,ts-contacts-service,2c73c1c25e4044bf,caffe31adae5a87f,4b72d0b2dbb5b561,2746,200,getContactsByContactsId,ts-preserve-service
1650240083,ts-security-service,a4fe921051a075da,94b359b1f1f747d6,4b72d0b2dbb5b561,6346,200,GET,ts-security-service
1650240087,ts-order-service,5448fc92bb40dacf,,5448fc92bb40dacf,13316579,200,queryOrdersForRefresh,no_parent
1650240090,ts-order-service,a4908a022d2fe2b9,5448fc92bb40dacf,5448fc92bb40dacf,10306413,200,POST,ts-order-service
1650240095,ts-station-service,2a039d6107849bea,a4908a022d2fe2b9,5448fc92bb40dacf,7944,200,queryForNameBatch,ts-order-service
1650240111,ts-ticketinfo-service,3b033b68e29dbdb4,72ada41c6582b674,cffa749a02775b92,7680,200,queryForStationId,ts-travel-service
1650240111,ts-travel-service,dc1345d5bb4f7450,cffa749a02775b92,cffa749a02775b92,11504,200,GET,ts-travel-service
1650240111,ts-travel-service,31cb2be12ad12d40,cffa749a02775b92,cffa749a02775b92,2630,200,GET,ts-travel-service
1650240111,ts-travel-service,72ada41c6582b674,cffa749a02775b92,cffa749a02775b92,8248,200,GET,ts-travel-service
1650240111,ts-route-service,c0a0b28af672246e,31cb2be12ad12d40,cffa749a02775b92,2493,200,queryById,ts-travel-service
1650240111,ts-ticketinfo-service,67cd2c0057f112e2,3b033b68e29dbdb4,cffa749a02775b92,5420,200,GET,ts-ticketinfo-service
1650240111,ts-ticketinfo-service,31fd8990d5e617e5,dc1345d5bb4f7450,cffa749a02775b92,9884,200,queryForStationId,ts-travel-service
1650240111,ts-basic-service,1c8fde7cda4fc1e1,c9803b62ef8ef69d,cffa749a02775b92,6160,200,queryForStationId,ts-ticketinfo-service
1650240111,ts-travel-service,34dcce70f7fb89db,cffa749a02775b92,cffa749a02775b92,4317,200,GET,ts-travel-service
1650240111,ts-route-service,d31cdb1340764d54,34dcce70f7fb89db,cffa749a02775b92,2938,200,queryById,ts-travel-service
1650240111,ts-travel-service,cffa749a02775b92,,cffa749a02775b92,45942,200,queryInfo,no_parent
1650240111,ts-travel-service,787e41432fed71b2,cffa749a02775b92,cffa749a02775b92,2420,200,GET,ts-travel-service
1650240111,ts-travel-service,84df502e1fca7a4c,cffa749a02775b92,cffa749a02775b92,2939,200,GET,ts-travel-service
1650240111,ts-travel-service,d2b7c80d9a726b99,cffa749a02775b92,cffa749a02775b92,2620,200,GET,ts-travel-service
1650240111,ts-route-service,c2a4440ecce935a8,787e41432fed71b2,cffa749a02775b92,2212,200,queryById,ts-travel-service
1650240111,ts-route-service,b2b69c7498c9ed83,d2b7c80d9a726b99,cffa749a02775b92,2484,200,queryById,ts-travel-service
1650240111,ts-route-service,228274879c68fca8,84df502e1fca7a4c,cffa749a02775b92,2421,200,queryById,ts-travel-service
1650240111,ts-station-service,2752ca9995e4224,93f2ef07e15b8336,cffa749a02775b92,2696,200,queryForStationId,ts-basic-service
1650240111,ts-station-service,d75c105cf1d14d0,618d124d3138f98e,cffa749a02775b92,1762,200,queryForStationId,ts-basic-service
1650240111,ts-basic-service,93f2ef07e15b8336,1c8fde7cda4fc1e1,cffa749a02775b92,3821,200,GET,ts-basic-service
1650240111,ts-ticketinfo-service,c9803b62ef8ef69d,31fd8990d5e617e5,cffa749a02775b92,7343,200,GET,ts-ticketinfo-service
1650240111,ts-basic-service,bee24f8563b0c9fa,67cd2c0057f112e2,cffa749a02775b92,4638,200,queryForStationId,ts-ticketinfo-service
1650240111,ts-basic-service,618d124d3138f98e,bee24f8563b0c9fa,cffa749a02775b92,2507,200,GET,ts-basic-service
1650240171,ts-security-service,692caf35514da2a1,8355bf5fad8a53ec,9daef35e4616ed59,14302302,200,GET,ts-security-service
1650240171,ts-security-service,8355bf5fad8a53ec,e15dd85c1f86d2f,9daef35e4616ed59,16282274,200,check,ts-preserve-service
1650240171,ts-preserve-service,e15dd85c1f86d2f,9daef35e4616ed59,9daef35e4616ed59,16283863,200,GET,ts-preserve-service
1650240171,ts-contacts-service,bda1bc84b798d7,,bda1bc84b798d7,3178,200,findContactsByAccountId,no_parent
1650240171,ts-preserve-service,9daef35e4616ed59,,9daef35e4616ed59,16291003,200,preserve,no_parent
1650240175,ts-order-service,c1daa2ea591d383e,692caf35514da2a1,9daef35e4616ed59,3005268,200,securityInfoCheck,ts-security-service
1650240187,ts-security-service,ee3c1b9cec232346,8355bf5fad8a53ec,9daef35e4616ed59,5188,200,GET,ts-security-service
1650240187,ts-order-other-service,906098e8f1b22703,ee3c1b9cec232346,9daef35e4616ed59,3580,200,securityInfoCheck,ts-security-service
1650240187,ts-contacts-service,ec6a3d09033b0fa9,589f5e88b5a32aea,9daef35e4616ed59,2642,200,getContactsByContactsId,ts-preserve-service
1650240187,ts-preserve-service,589f5e88b5a32aea,9daef35e4616ed59,9daef35e4616ed59,4065,200,GET,ts-preserve-service
1650240190,ts-order-service,fa4e6bebe5f3ff69,,fa4e6bebe5f3ff69,13311625,200,queryOrdersForRefresh,no_parent
1650240197,ts-order-service,1bf290354f1ff108,fa4e6bebe5f3ff69,fa4e6bebe5f3ff69,6018004,200,POST,ts-order-service
1650240203,ts-station-service,943d7e2b01905a00,1bf290354f1ff108,fa4e6bebe5f3ff69,7997,200,queryForNameBatch,ts-order-service
1650240218,ts-station-service,8bcd7154dcd236a2,ee8117d38be90acc,261161b2aa475427,2583,200,queryForStationId,ts-basic-service
1650240218,ts-travel-service,2f132eca91b61c84,261161b2aa475427,261161b2aa475427,11687,200,GET,ts-travel-service
1650240218,ts-ticketinfo-service,adda748a37c2fc3,f2a04998c459111e,261161b2aa475427,7744,200,queryForStationId,ts-travel-service
1650240218,ts-ticketinfo-service,4b687981a72c3098,2f132eca91b61c84,261161b2aa475427,9863,200,queryForStationId,ts-travel-service
1650240218,ts-ticketinfo-service,73353aa443e768dc,adda748a37c2fc3,261161b2aa475427,5499,200,GET,ts-ticketinfo-service
1650240218,ts-ticketinfo-service,891fa2b5a5d4323e,4b687981a72c3098,261161b2aa475427,7280,200,GET,ts-ticketinfo-service
1650240218,ts-route-service,2014a3d2f196080a,45a710ce017beb72,261161b2aa475427,2277,200,queryById,ts-travel-service
1650240218,ts-route-service,98eb48389275965b,6a1131201ade721c,261161b2aa475427,2163,200,queryById,ts-travel-service
1650240218,ts-basic-service,b58e3fb9e460e0a5,6600e605cd86c14c,261161b2aa475427,2798,200,GET,ts-basic-service
1650240218,ts-basic-service,b777a65386594da,891fa2b5a5d4323e,261161b2aa475427,6140,200,queryForStationId,ts-ticketinfo-service
1650240218,ts-basic-service,6600e605cd86c14c,73353aa443e768dc,261161b2aa475427,4826,200,queryForStationId,ts-ticketinfo-service
1650240218,ts-basic-service,ee8117d38be90acc,b777a65386594da,261161b2aa475427,3749,200,GET,ts-basic-service
1650240218,ts-route-service,e80c69fa0ac0379d,109705d3979034ff,261161b2aa475427,2633,200,queryById,ts-travel-service
1650240218,ts-travel-service,95e78219a5dfc94e,261161b2aa475427,261161b2aa475427,2381,200,GET,ts-travel-service
1650240218,ts-travel-service,6a1131201ade721c,261161b2aa475427,261161b2aa475427,2357,200,GET,ts-travel-service
1650240218,ts-travel-service,45a710ce017beb72,261161b2aa475427,261161b2aa475427,2703,200,GET,ts-travel-service
1650240218,ts-travel-service,f2a04998c459111e,261161b2aa475427,261161b2aa475427,8368,200,GET,ts-travel-service
1650240218,ts-route-service,7522216e39f682e2,d3f1976ae4e9361a,261161b2aa475427,2136,200,queryById,ts-travel-service
1650240218,ts-route-service,ea9c264b9bd05402,95e78219a5dfc94e,261161b2aa475427,2153,200,queryById,ts-travel-service
1650240218,ts-travel-service,d3f1976ae4e9361a,261161b2aa475427,261161b2aa475427,2326,200,GET,ts-travel-service
1650240218,ts-travel-service,109705d3979034ff,261161b2aa475427,261161b2aa475427,4027,200,GET,ts-travel-service
1650240218,ts-travel-service,261161b2aa475427,,261161b2aa475427,44688,200,queryInfo,no_parent
1650240218,ts-station-service,a8196f673d7dfebf,b58e3fb9e460e0a5,261161b2aa475427,2088,200,queryForStationId,ts-basic-service
1650240278,ts-preserve-service,c8fe7966cc3becda,ba33852e4940d1e4,ba33852e4940d1e4,25022407,200,GET,ts-preserve-service
1650240278,ts-security-service,76e6b97ede801a62,c8fe7966cc3becda,ba33852e4940d1e4,25020870,200,check,ts-preserve-service
1650240278,ts-preserve-service,ba33852e4940d1e4,,ba33852e4940d1e4,25029822,200,preserve,no_parent
1650240278,ts-security-service,91d8afa1df0ea8cc,76e6b97ede801a62,ba33852e4940d1e4,18599724,200,GET,ts-security-service
1650240278,ts-contacts-service,228430434b219bc0,,228430434b219bc0,2996,200,findContactsByAccountId,no_parent
1650240282,ts-order-service,196b388fb22eede5,91d8afa1df0ea8cc,ba33852e4940d1e4,7291161,200,securityInfoCheck,ts-security-service
1650240303,ts-contacts-service,fb66fde49ec27cd8,e6c4831186a1a00d,ba33852e4940d1e4,2721,200,getContactsByContactsId,ts-preserve-service
1650240303,ts-preserve-service,e6c4831186a1a00d,ba33852e4940d1e4,ba33852e4940d1e4,4295,200,GET,ts-preserve-service
1650240303,ts-security-service,dc4b99bec0f697a3,76e6b97ede801a62,ba33852e4940d1e4,7834,200,GET,ts-security-service
1650240303,ts-order-other-service,4b2f64bad35a2978,dc4b99bec0f697a3,ba33852e4940d1e4,5873,200,securityInfoCheck,ts-security-service
1650240309,ts-order-service,2f1e330a684e730c,,2f1e330a684e730c,16619439,200,queryOrdersForRefresh,no_parent
1650240317,ts-order-service,6b5c8e6c75a079,2f1e330a684e730c,2f1e330a684e730c,9324016,200,POST,ts-order-service
1650240321,ts-station-service,11c4579326bc4818,6b5c8e6c75a079,2f1e330a684e730c,7810,200,queryForNameBatch,ts-order-service
1650240326,ts-ticketinfo-service,33a3f5bc335eed59,559e891c5621035,29b5d84f6fca9f1c,7236,200,GET,ts-ticketinfo-service
1650240326,ts-ticketinfo-service,bf1e164f0be4c67c,815ae2e13c41b98f,29b5d84f6fca9f1c,5508,200,GET,ts-ticketinfo-service
1650240326,ts-basic-service,5fe7dc57e0026395,bf1e164f0be4c67c,29b5d84f6fca9f1c,4745,200,queryForStationId,ts-ticketinfo-service
1650240326,ts-travel-service,bc9841cbae8ad4a8,29b5d84f6fca9f1c,29b5d84f6fca9f1c,2322,200,GET,ts-travel-service
1650240326,ts-ticketinfo-service,559e891c5621035,f995bce92183f22c,29b5d84f6fca9f1c,9457,200,queryForStationId,ts-travel-service
1650240326,ts-ticketinfo-service,815ae2e13c41b98f,b7af5a9b02131854,29b5d84f6fca9f1c,7695,200,queryForStationId,ts-travel-service
1650240326,ts-route-service,cac373a2c47c0a64,8f669a0b906859b3,29b5d84f6fca9f1c,2108,200,queryById,ts-travel-service
1650240326,ts-travel-service,8f669a0b906859b3,29b5d84f6fca9f1c,29b5d84f6fca9f1c,2343,200,GET,ts-travel-service
1650240326,ts-travel-service,f995bce92183f22c,29b5d84f6fca9f1c,29b5d84f6fca9f1c,11173,200,GET,ts-travel-service
1650240326,ts-travel-service,b7af5a9b02131854,29b5d84f6fca9f1c,29b5d84f6fca9f1c,8242,200,GET,ts-travel-service
1650240326,ts-station-service,98f61009e95fd1bf,b942d49b400efef1,29b5d84f6fca9f1c,2567,200,queryForStationId,ts-basic-service
1650240326,ts-route-service,2c73428fa82c43c8,bc9841cbae8ad4a8,29b5d84f6fca9f1c,2109,200,queryById,ts-travel-service
1650240326,ts-route-service,1d00065c6ccf46b9,d84f19c4f5f09c3c,29b5d84f6fca9f1c,1944,200,queryById,ts-travel-service
1650240326,ts-route-service,afde2c0adfd41f77,5e64b51138530a7a,29b5d84f6fca9f1c,2146,200,queryById,ts-travel-service
1650240326,ts-travel-service,d84f19c4f5f09c3c,29b5d84f6fca9f1c,29b5d84f6fca9f1c,2158,200,GET,ts-travel-service
1650240326,ts-route-service,38503afce40d08ea,473894b524c2b459,29b5d84f6fca9f1c,2559,200,queryById,ts-travel-service
1650240326,ts-travel-service,29b5d84f6fca9f1c,,29b5d84f6fca9f1c,43004,200,queryInfo,no_parent
1650240326,ts-basic-service,b2416f93f8adb4b4,5fe7dc57e0026395,29b5d84f6fca9f1c,2796,200,GET,ts-basic-service
1650240326,ts-station-service,a6b6c9e102b2b4f6,b2416f93f8adb4b4,29b5d84f6fca9f1c,2062,200,queryForStationId,ts-basic-service
1650240326,ts-basic-service,b942d49b400efef1,772e70be5101e91c,29b5d84f6fca9f1c,3677,200,GET,ts-basic-service
1650240326,ts-basic-service,772e70be5101e91c,33a3f5bc335eed59,29b5d84f6fca9f1c,6313,200,queryForStationId,ts-ticketinfo-service
1650240326,ts-travel-service,473894b524c2b459,29b5d84f6fca9f1c,29b5d84f6fca9f1c,3784,200,GET,ts-travel-service
1650240326,ts-travel-service,5e64b51138530a7a,29b5d84f6fca9f1c,29b5d84f6fca9f1c,2706,200,GET,ts-travel-service
1650240386,ts-security-service,9a604b1708bcee7d,8725f768f11d6cf3,f8ff6517a83df85,4792,200,GET,ts-security-service
1650240386,ts-route-service,5708860f4bdd8cc1,861d7e33149cd371,45fbbb76d402c608,2173,200,queryById,ts-travel-service
1650240386,ts-route-service,4c638de3b1c03385,969f0dc802c33374,45fbbb76d402c608,2125,200,queryById,ts-travel-service
1650240386,ts-route-service,32429cc9b888012e,221e34f5829bedfe,45fbbb76d402c608,2177,200,queryById,ts-travel-service
1650240386,ts-security-service,821d85bee1e1db41,8725f768f11d6cf3,f8ff6517a83df85,4871,200,GET,ts-security-service
1650240386,ts-security-service,8725f768f11d6cf3,725576f2e97f1f0b,f8ff6517a83df85,14861,200,check,ts-preserve-service
1650240386,ts-order-other-service,cd605dacc17a1e11,9a604b1708bcee7d,f8ff6517a83df85,3570,200,securityInfoCheck,ts-security-service
1650240386,ts-order-service,84a2094cba5ba03c,821d85bee1e1db41,f8ff6517a83df85,3497,200,securityInfoCheck,ts-security-service
1650240386,ts-route-service,4b429c957a48bf99,26654756250d28c5,45fbbb76d402c608,2111,200,queryById,ts-travel-service
1650240386,ts-contacts-service,2e4137ee2a9c4277,,2e4137ee2a9c4277,3082,200,findContactsByAccountId,no_parent
1650240386,ts-contacts-service,5acd101236033019,16c0c1f5708eb1a3,f8ff6517a83df85,2323,200,getContactsByContactsId,ts-preserve-service
1650240386,ts-order-service,8614e2a86abfc7d0,,8614e2a86abfc7d0,13107,200,queryOrdersForRefresh,no_parent
1650240386,ts-station-service,89b023f26592be98,62d5e871683b408a,8614e2a86abfc7d0,8155,200,queryForNameBatch,ts-order-service
1650240386,ts-preserve-service,f8ff6517a83df85,,f8ff6517a83df85,22982,200,preserve,no_parent
1650240386,ts-preserve-service,16c0c1f5708eb1a3,f8ff6517a83df85,f8ff6517a83df85,3561,200,GET,ts-preserve-service
1650240386,ts-preserve-service,725576f2e97f1f0b,f8ff6517a83df85,f8ff6517a83df85,16497,200,GET,ts-preserve-service
1650240386,ts-travel-service,221e34f5829bedfe,45fbbb76d402c608,45fbbb76d402c608,2378,200,GET,ts-travel-service
1650240386,ts-travel-service,32038df7ee2fe501,45fbbb76d402c608,45fbbb76d402c608,8360,200,GET,ts-travel-service
1650240386,ts-travel-service,26654756250d28c5,45fbbb76d402c608,45fbbb76d402c608,2309,200,GET,ts-travel-service
1650240386,ts-travel-service,eddcbdc91409bb91,45fbbb76d402c608,45fbbb76d402c608,11518,200,GET,ts-travel-service
1650240386,ts-ticketinfo-service,3b9103196beac339,f89deae032a8a002,45fbbb76d402c608,7103,200,GET,ts-ticketinfo-service
1650240386,ts-travel-service,969f0dc802c33374,45fbbb76d402c608,45fbbb76d402c608,2659,200,GET,ts-travel-service
1650240386,ts-ticketinfo-service,54ae49d6685f3579,32038df7ee2fe501,45fbbb76d402c608,7868,200,queryForStationId,ts-travel-service
1650240386,ts-ticketinfo-service,f89deae032a8a002,eddcbdc91409bb91,45fbbb76d402c608,9786,200,queryForStationId,ts-travel-service
1650240386,ts-ticketinfo-service,772dca750fe6e4c5,54ae49d6685f3579,45fbbb76d402c608,5503,200,GET,ts-ticketinfo-service
1650240386,ts-station-service,cac0e2224099df5f,e776f45085e9efca,45fbbb76d402c608,2027,200,queryForStationId,ts-basic-service
1650240386,ts-station-service,d420d3dc9841c9f5,6b8fbe6b40ee2b98,45fbbb76d402c608,2356,200,queryForStationId,ts-basic-service
1650240386,ts-basic-service,197f8ccdbd235646,3b9103196beac339,45fbbb76d402c608,5909,200,queryForStationId,ts-ticketinfo-service
1650240386,ts-basic-service,d96cd58e48bd700f,772dca750fe6e4c5,45fbbb76d402c608,4750,200,queryForStationId,ts-ticketinfo-service
1650240386,ts-basic-service,e776f45085e9efca,d96cd58e48bd700f,45fbbb76d402c608,2763,200,GET,ts-basic-service
1650240386,ts-route-service,54aa42f30e2ddbe8,9ddd6e34b1012f60,45fbbb76d402c608,2632,200,queryById,ts-travel-service
1650240386,ts-basic-service,6b8fbe6b40ee2b98,197f8ccdbd235646,45fbbb76d402c608,3520,200,GET,ts-basic-service
1650240386,ts-travel-service,45fbbb76d402c608,,45fbbb76d402c608,43481,200,queryInfo,no_parent
1650240386,ts-travel-service,861d7e33149cd371,45fbbb76d402c608,45fbbb76d402c608,2317,200,GET,ts-travel-service
1650240386,ts-travel-service,9ddd6e34b1012f60,45fbbb76d402c608,45fbbb76d402c608,3978,200,GET,ts-travel-service
1650240386,ts-order-service,62d5e871683b408a,8614e2a86abfc7d0,8614e2a86abfc7d0,9679,200,POST,ts-order-service
1650240386,ts-verification-code-service,4127cfd7d7ddd7c1,8b35559516ddc981,b3dfc7455a5eece,2044,200,verifyCode,ts-auth-service
1650240386,ts-auth-service,b3dfc7455a5eece,,b3dfc7455a5eece,112928,200,getToken,no_parent
1650240386,ts-auth-service,8b35559516ddc981,b3dfc7455a5eece,b3dfc7455a5eece,4008,200,GET,ts-auth-service
1650240386,ts-assurance-service,8e62261e3f962012,,8e62261e3f962012,1591,200,getAllAssuranceType,no_parent
1650240446,ts-preserve-service,23974a7b851e4389,29fc0b039d92282a,29fc0b039d92282a,61281804,200,GET,ts-preserve-service
1650240446,ts-security-service,fef70b136ae3ef41,23974a7b851e4389,29fc0b039d92282a,61280365,200,check,ts-preserve-service
1650240446,ts-preserve-service,29fc0b039d92282a,,29fc0b039d92282a,61288939,200,preserve,no_parent
1650240446,ts-security-service,c38bfb8129807373,fef70b136ae3ef41,29fc0b039d92282a,61270512,200,GET,ts-security-service
1650240446,ts-contacts-service,a8d87f69c1014973,,a8d87f69c1014973,2934,200,findContactsByAccountId,no_parent
1650240447,ts-order-service,ef6aa8fca04f38d,c38bfb8129807373,29fc0b039d92282a,3295,200,securityInfoCheck,ts-security-service
1650240508,ts-security-service,5c7d5fd5450309ee,fef70b136ae3ef41,29fc0b039d92282a,5136,200,GET,ts-security-service
1650240508,ts-contacts-service,b827820275d1880a,78313b36f9dfd054,29fc0b039d92282a,2700,200,getContactsByContactsId,ts-preserve-service
1650240508,ts-preserve-service,78313b36f9dfd054,29fc0b039d92282a,29fc0b039d92282a,4070,200,GET,ts-preserve-service
1650240508,ts-order-other-service,5506b4aab786d648,5c7d5fd5450309ee,29fc0b039d92282a,3581,200,securityInfoCheck,ts-security-service
1650240511,ts-station-service,5e2c3a0b7c14da28,e66efbeae6d283c0,83d914ae03c2c918,8320,200,queryForNameBatch,no_parent
1650240512,ts-auth-service,84eeea91f2c740e7,,84eeea91f2c740e7,116314,200,getToken,no_parent
1650240512,ts-auth-service,5a8578f51ebf1074,84eeea91f2c740e7,84eeea91f2c740e7,3860,200,GET,ts-auth-service
1650240512,ts-verification-code-service,a2f2d5b1ea9b77af,,a2f2d5b1ea9b77af,3005,200,imageCode,no_parent
1650240512,ts-verification-code-service,6df92cc612fa20e8,5a8578f51ebf1074,84eeea91f2c740e7,2135,200,verifyCode,ts-auth-service
1650240513,ts-station-service,477e59beb926472d,969788ec94719713,de97509e895e02b9,2118,200,queryForStationId,ts-basic-service
1650240513,ts-station-service,d95a7b8466f90a10,972d59a94f2f0373,de97509e895e02b9,2483,200,queryForStationId,ts-basic-service
1650240513,ts-basic-service,972d59a94f2f0373,640a28eef131bc6d,de97509e895e02b9,3644,200,GET,ts-basic-service
1650240513,ts-basic-service,7a19005d4da26f6b,7e88a7e8e7f91033,de97509e895e02b9,4853,200,queryForStationId,ts-ticketinfo-service
1650240513,ts-ticketinfo-service,fba26cdeb28ca3d6,2bcfde85efee8e3c,de97509e895e02b9,8203,200,GET,ts-ticketinfo-service
1650240513,ts-ticketinfo-service,2bcfde85efee8e3c,8e897cef249ac9d1,de97509e895e02b9,13623,200,queryForStationId,ts-travel-service
1650240513,ts-ticketinfo-service,7e88a7e8e7f91033,b90e2bc1c37be7f4,de97509e895e02b9,5894,200,GET,ts-ticketinfo-service
1650240513,ts-travel-service,78a58e864a67d407,de97509e895e02b9,de97509e895e02b9,2367,200,GET,ts-travel-service
1650240513,ts-travel-service,8e897cef249ac9d1,de97509e895e02b9,de97509e895e02b9,14985,200,GET,ts-travel-service
1650240513,ts-travel-service,cb1aad65feeff,de97509e895e02b9,de97509e895e02b9,3092,200,GET,ts-travel-service
1650240513,ts-travel-service,de97509e895e02b9,,de97509e895e02b9,50815,200,queryInfo,no_parent
1650240513,ts-travel-service,44225d6cbaaad94a,de97509e895e02b9,de97509e895e02b9,9127,200,GET,ts-travel-service
1650240513,ts-basic-service,640a28eef131bc6d,fba26cdeb28ca3d6,de97509e895e02b9,6170,200,queryForStationId,ts-ticketinfo-service
1650240513,ts-basic-service,969788ec94719713,7a19005d4da26f6b,de97509e895e02b9,2849,200,GET,ts-basic-service
1650240513,ts-ticketinfo-service,b90e2bc1c37be7f4,44225d6cbaaad94a,de97509e895e02b9,8116,200,queryForStationId,ts-travel-service
1650240513,ts-travel-service,e0ffc5f03bd07844,de97509e895e02b9,de97509e895e02b9,4233,200,GET,ts-travel-service
1650240513,ts-travel-service,d0b90a5314fbbaf6,de97509e895e02b9,de97509e895e02b9,2448,200,GET,ts-travel-service
1650240513,ts-route-service,e30a1b312d21ed27,8d3b2a7e2e737baf,de97509e895e02b9,2121,200,queryById,ts-travel-service
1650240513,ts-route-service,63c0ca95760b23c2,78a58e864a67d407,de97509e895e02b9,2186,200,queryById,ts-travel-service
1650240513,ts-route-service,da0a8c03d8627892,e0ffc5f03bd07844,de97509e895e02b9,2806,200,queryById,ts-travel-service
1650240513,ts-route-service,bfc1808e84587a0b,d0b90a5314fbbaf6,de97509e895e02b9,2325,200,queryById,ts-travel-service
1650240513,ts-assurance-service,b0bd386da79a1490,,b0bd386da79a1490,1506,200,getAllAssuranceType,no_parent
1650240513,ts-travel-service,8d3b2a7e2e737baf,de97509e895e02b9,de97509e895e02b9,2469,200,GET,ts-travel-service
1650240513,ts-route-service,945b68761288b964,cb1aad65feeff,de97509e895e02b9,2247,200,queryById,ts-travel-service
1650240573,ts-security-service,bfb5fe70aab44f20,2ea07a2d81fb20c1,2f4e9876cf14ae56,14802,200,check,ts-preserve-service
1650240573,ts-contacts-service,aeea19cc958b490b,75854579967faa22,2f4e9876cf14ae56,2419,200,getContactsByContactsId,ts-preserve-service
1650240573,ts-security-service,6238016c5be121fa,bfb5fe70aab44f20,2f4e9876cf14ae56,4912,200,GET,ts-security-service
1650240573,ts-order-other-service,1a8b32f0dc602406,6238016c5be121fa,2f4e9876cf14ae56,3608,200,securityInfoCheck,ts-security-service
1650240573,ts-security-service,7da6e0e892991e9a,bfb5fe70aab44f20,2f4e9876cf14ae56,4781,200,GET,ts-security-service
1650240573,ts-preserve-service,2ea07a2d81fb20c1,2f4e9876cf14ae56,2f4e9876cf14ae56,16459,200,GET,ts-preserve-service
1650240573,ts-preserve-service,75854579967faa22,2f4e9876cf14ae56,2f4e9876cf14ae56,3719,200,GET,ts-preserve-service
1650240573,ts-preserve-service,2f4e9876cf14ae56,,2f4e9876cf14ae56,22988,200,preserve,no_parent
1650240573,ts-contacts-service,4d272cecd8401d71,,4d272cecd8401d71,3055,200,findContactsByAccountId,no_parent
1650240574,ts-station-service,14ccbe25fa4ad8e0,e448bf8ef5c935c0,41b6ea540ba291cf,8006,200,queryForNameBatch,no_parent
1650243441,ts-basic-service,55f6b51e3e68bb2,b8a38680ca7fadc7,5901f1afb25d8afa,6431,200,queryForStationId,ts-ticketinfo-service
1650243441,ts-ticketinfo-service,b8a38680ca7fadc7,c7feb6c5b61d3f1,5901f1afb25d8afa,7740,200,GET,ts-ticketinfo-service
1650243441,ts-station-service,4150bbf550ed2e87,c9e9c2dfad383cd6,5901f1afb25d8afa,2762,200,queryForStationId,ts-basic-service
1650243441,ts-travel-service,41b549f54163c4f8,5901f1afb25d8afa,5901f1afb25d8afa,9865,200,GET,ts-travel-service
1650243441,ts-travel-service,f0d45aa6a0714441,5901f1afb25d8afa,5901f1afb25d8afa,2409,200,GET,ts-travel-service
1650243441,ts-travel-service,75ae38505ee9dc23,5901f1afb25d8afa,5901f1afb25d8afa,15571,200,GET,ts-travel-service
1650243441,ts-route-service,9551653bccb1bc79,92f274d6bac14821,5901f1afb25d8afa,2073,200,queryById,ts-travel-service
1650243441,ts-route-service,1dbcf9b26931ee4f,2749348ed8a45cbb,5901f1afb25d8afa,2681,200,queryById,ts-travel-service
1650243441,ts-route-service,d9c4af851e8f34b7,5941065d6301be97,5901f1afb25d8afa,7141,200,queryById,ts-travel-service
1650243441,ts-basic-service,a55aa9713a6a06a6,e3270f20378525a9,5901f1afb25d8afa,2973,200,GET,ts-basic-service
1650243441,ts-route-service,f48a982bdc01a4d9,be76b8b3d93de408,5901f1afb25d8afa,5201,200,queryById,ts-travel-service
1650243441,ts-auth-service,1843524da15d19e6,,1843524da15d19e6,120165,200,getToken,no_parent
1650243441,ts-ticketinfo-service,2cee1da215c2e888,41b549f54163c4f8,5901f1afb25d8afa,9194,200,queryForStationId,ts-travel-service
1650243441,ts-verification-code-service,943f82a9eb30a5cc,,943f82a9eb30a5cc,7156,200,imageCode,no_parent
1650243441,ts-basic-service,c9e9c2dfad383cd6,55f6b51e3e68bb2,5901f1afb25d8afa,3810,200,GET,ts-basic-service
1650243441,ts-basic-service,e3270f20378525a9,181bd2409ac511e1,5901f1afb25d8afa,4995,200,queryForStationId,ts-ticketinfo-service
1650243441,ts-travel-service,be76b8b3d93de408,5901f1afb25d8afa,5901f1afb25d8afa,8466,200,GET,ts-travel-service
1650243441,ts-travel-service,2749348ed8a45cbb,5901f1afb25d8afa,5901f1afb25d8afa,2880,200,GET,ts-travel-service
1650243441,ts-ticketinfo-service,c7feb6c5b61d3f1,75ae38505ee9dc23,5901f1afb25d8afa,11460,200,queryForStationId,ts-travel-service
1650243441,ts-ticketinfo-service,181bd2409ac511e1,2cee1da215c2e888,5901f1afb25d8afa,6779,200,GET,ts-ticketinfo-service
1650243441,ts-travel-service,92f274d6bac14821,5901f1afb25d8afa,5901f1afb25d8afa,2179,200,GET,ts-travel-service
1650243441,ts-travel-service,5941065d6301be97,5901f1afb25d8afa,5901f1afb25d8afa,9941,200,GET,ts-travel-service
1650243441,ts-auth-service,b23c48b01fe99066,1843524da15d19e6,1843524da15d19e6,4152,200,GET,ts-auth-service
1650243441,ts-travel-service,5901f1afb25d8afa,,5901f1afb25d8afa,83664,200,queryInfo,no_parent
1650243441,ts-assurance-service,9c1185b0f220625a,,9c1185b0f220625a,1211,200,getAllAssuranceType,no_parent
1650243441,ts-route-service,bd4873a6104fe3a4,f0d45aa6a0714441,5901f1afb25d8afa,2223,200,queryById,ts-travel-service
1650243441,ts-station-service,4c4c4feda8e57de4,a55aa9713a6a06a6,5901f1afb25d8afa,2252,200,queryForStationId,ts-basic-service
1650243441,ts-verification-code-service,2bb169114d69c546,b23c48b01fe99066,1843524da15d19e6,1426,200,verifyCode,ts-auth-service
1650243487,ts-basic-service,6beb8a55128a71f1,3ffd9abbcc4ceaa2,a847f261307eb686,4532,200,queryForStationId,ts-ticketinfo-service
1650243487,ts-ticketinfo-service,9dff18c12b3bd4c9,5b29358b2079486c,a847f261307eb686,9651,200,GET,ts-ticketinfo-service
1650243487,ts-travel-service,a847f261307eb686,,a847f261307eb686,53039,200,queryInfo,no_parent
1650243487,ts-route-service,67c9e847fe6cc5a1,489264fa010dc80f,a847f261307eb686,2662,200,queryById,ts-travel-service
1650243487,ts-travel-service,489264fa010dc80f,a847f261307eb686,a847f261307eb686,2792,200,GET,ts-travel-service
1650243487,ts-route-service,832f1bae1f92203d,1ba2df5e94ba5204,a847f261307eb686,2989,200,queryById,ts-travel-service
1650243487,ts-travel-service,553fd4eb17d2420a,a847f261307eb686,a847f261307eb686,8141,200,GET,ts-travel-service
1650243487,ts-travel-service,1ba2df5e94ba5204,a847f261307eb686,a847f261307eb686,4821,200,GET,ts-travel-service
1650243487,ts-station-service,93ab83e60adc6ba3,87e3fca52ac7bdb4,a847f261307eb686,2231,200,queryForStationId,ts-basic-service
1650243487,ts-basic-service,d3e6ec7605266934,9dff18c12b3bd4c9,a847f261307eb686,6707,200,queryForStationId,ts-ticketinfo-service
1650243487,ts-basic-service,87e3fca52ac7bdb4,6beb8a55128a71f1,a847f261307eb686,2409,200,GET,ts-basic-service
1650243487,ts-basic-service,98489f127ce7cc8d,d3e6ec7605266934,a847f261307eb686,4345,200,GET,ts-basic-service
1650243487,ts-station-service,85299ee7695b5c2b,98489f127ce7cc8d,a847f261307eb686,2712,200,queryForStationId,ts-basic-service
1650243487,ts-travel-service,d3940003a6f94495,a847f261307eb686,a847f261307eb686,2756,200,GET,ts-travel-service
1650243487,ts-travel-service,222d3cf547fa4134,a847f261307eb686,a847f261307eb686,2657,200,GET,ts-travel-service
1650243487,ts-route-service,80408bfde7c40012,3281b15b51a7d608,a847f261307eb686,2828,200,queryById,ts-travel-service
1650243487,ts-ticketinfo-service,5b29358b2079486c,8768675d8dbf6e52,a847f261307eb686,12544,200,queryForStationId,ts-travel-service
1650243487,ts-ticketinfo-service,3ffd9abbcc4ceaa2,c7d063a13aa6f714,a847f261307eb686,4820,200,GET,ts-ticketinfo-service
1650243487,ts-ticketinfo-service,c7d063a13aa6f714,553fd4eb17d2420a,a847f261307eb686,7927,200,queryForStationId,ts-travel-service
1650243487,ts-travel-service,3281b15b51a7d608,a847f261307eb686,a847f261307eb686,3393,200,GET,ts-travel-service
1650243487,ts-travel-service,8768675d8dbf6e52,a847f261307eb686,a847f261307eb686,14719,200,GET,ts-travel-service
1650243487,ts-route-service,5789fd3c044546a6,d3940003a6f94495,a847f261307eb686,2624,200,queryById,ts-travel-service
1650243487,ts-route-service,44f97c4b53f75dc6,222d3cf547fa4134,a847f261307eb686,2465,200,queryById,ts-travel-service
1650243487,ts-auth-service,83e006bfbaeba905,,83e006bfbaeba905,109476,200,getToken,no_parent
1650243487,ts-verification-code-service,be390666ad7b4261,f7532a5308fd4bf0,83e006bfbaeba905,1408,200,verifyCode,ts-auth-service
1650243487,ts-auth-service,f7532a5308fd4bf0,83e006bfbaeba905,83e006bfbaeba905,4026,200,GET,ts-auth-service
1650243487,ts-verification-code-service,e4cdb5fb06daa12e,,e4cdb5fb06daa12e,2626,200,imageCode,no_parent
1650243487,ts-assurance-service,38597156a065cda8,,38597156a065cda8,1330,200,getAllAssuranceType,no_parent
1650243547,ts-security-service,73036438ff10c86c,a76576be75ea65a0,95caf6e680e77357,5706,200,GET,ts-security-service
1650243547,ts-contacts-service,45bbeb8641d9908c,f8f5631adc7df573,95caf6e680e77357,1730,200,getContactsByContactsId,ts-preserve-service
1650243547,ts-security-service,a76576be75ea65a0,6e9115f2f98be5ce,95caf6e680e77357,17989,200,check,ts-preserve-service
1650243547,ts-preserve-service,6e9115f2f98be5ce,95caf6e680e77357,95caf6e680e77357,19607,200,GET,ts-preserve-service
1650243547,ts-preserve-service,f8f5631adc7df573,95caf6e680e77357,95caf6e680e77357,2797,200,GET,ts-preserve-service
1650243547,ts-security-service,f3d5bab57c8e84f1,a76576be75ea65a0,95caf6e680e77357,8125,200,GET,ts-security-service
1650243547,ts-preserve-service,95caf6e680e77357,,95caf6e680e77357,24446,200,preserve,no_parent
1650243547,ts-order-service,646d561465afe17e,f3d5bab57c8e84f1,95caf6e680e77357,6846,200,securityInfoCheck,ts-security-service
1650243547,ts-order-service,6eb3c42551232f61,597e56b5c94ef7bd,597e56b5c94ef7bd,6394,200,POST,ts-order-service
1650243547,ts-order-service,597e56b5c94ef7bd,,597e56b5c94ef7bd,8934,200,queryOrdersForRefresh,no_parent
1650243547,ts-order-other-service,dca1dfc7fc88130f,73036438ff10c86c,95caf6e680e77357,4511,200,securityInfoCheck,ts-security-service
1650243547,ts-station-service,db7b62987c4274b,6eb3c42551232f61,597e56b5c94ef7bd,4702,200,queryForNameBatch,ts-order-service
1650243547,ts-verification-code-service,79ccf0ad77192c98,83fb186d7375b96a,dd872596636e8e9a,1509,200,verifyCode,ts-auth-service
1650243547,ts-auth-service,dd872596636e8e9a,,dd872596636e8e9a,126222,200,getToken,no_parent
1650243547,ts-contacts-service,1022ff8ccec5b085,,1022ff8ccec5b085,2516,200,findContactsByAccountId,no_parent
1650243547,ts-auth-service,83fb186d7375b96a,dd872596636e8e9a,dd872596636e8e9a,2778,200,GET,ts-auth-service
1650243547,ts-verification-code-service,cc7794865db241c,,cc7794865db241c,2943,200,imageCode,no_parent
1650243548,ts-station-service,b4e06560a64e3fa3,a79ec2d234904760,45de5cb30963cd33,1407,200,queryForStationId,ts-basic-service
1650243548,ts-basic-service,35509d960bd6d11,9568c3f40071449e,45de5cb30963cd33,2914,200,GET,ts-basic-service
1650243548,ts-ticketinfo-service,4c308a7d1ce40913,8fd6a5312678dc8f,45de5cb30963cd33,5581,200,queryForStationId,ts-travel-service
1650243548,ts-travel-service,9e3248868cac90d9,45de5cb30963cd33,45de5cb30963cd33,24898,200,GET,ts-travel-service
1650243548,ts-station-service,1215269cd11dc890,35509d960bd6d11,45de5cb30963cd33,2030,200,queryForStationId,ts-basic-service
1650243548,ts-travel-service,531238520aacf64,45de5cb30963cd33,45de5cb30963cd33,1712,200,GET,ts-travel-service
1650243548,ts-travel-service,45de5cb30963cd33,,45de5cb30963cd33,56698,200,queryInfo,no_parent
1650243548,ts-travel-service,25a363bdef854559,45de5cb30963cd33,45de5cb30963cd33,1741,200,GET,ts-travel-service
1650243548,ts-travel-service,ff937ba397d78857,45de5cb30963cd33,45de5cb30963cd33,1973,200,GET,ts-travel-service
1650243548,ts-route-service,cdb0782d96c7a401,ff937ba397d78857,45de5cb30963cd33,1755,200,queryById,ts-travel-service
1650243548,ts-route-service,94a60e1a3233543d,25a363bdef854559,45de5cb30963cd33,1642,200,queryById,ts-travel-service
1650243548,ts-route-service,728e8486ef489c57,9e3248868cac90d9,45de5cb30963cd33,24135,200,queryById,ts-travel-service
1650243548,ts-route-service,6b832568f2cd027e,87b3ad1e255ad9e4,45de5cb30963cd33,1632,200,queryById,ts-travel-service
1650243548,ts-travel-service,8fd6a5312678dc8f,45de5cb30963cd33,45de5cb30963cd33,6145,200,GET,ts-travel-service
1650243548,ts-assurance-service,7daa206848862e71,,7daa206848862e71,1343,200,getAllAssuranceType,no_parent
1650243548,ts-basic-service,9568c3f40071449e,c16e77695ab8666e,45de5cb30963cd33,5382,200,queryForStationId,ts-ticketinfo-service
1650243548,ts-route-service,ceb44aef392ea55,531238520aacf64,45de5cb30963cd33,1622,200,queryById,ts-travel-service
1650243548,ts-travel-service,874ca423ddbd7eab,45de5cb30963cd33,45de5cb30963cd33,9451,200,GET,ts-travel-service
1650243548,ts-travel-service,87b3ad1e255ad9e4,45de5cb30963cd33,45de5cb30963cd33,2042,200,GET,ts-travel-service
1650243548,ts-ticketinfo-service,a7d0c56d75158809,874ca423ddbd7eab,45de5cb30963cd33,8492,200,queryForStationId,ts-travel-service
1650243548,ts-ticketinfo-service,905b39d07a031b,4c308a7d1ce40913,45de5cb30963cd33,3902,200,GET,ts-ticketinfo-service
1650243548,ts-basic-service,5eb136d997a068b2,905b39d07a031b,45de5cb30963cd33,3473,200,queryForStationId,ts-ticketinfo-service
1650243548,ts-ticketinfo-service,c16e77695ab8666e,a7d0c56d75158809,45de5cb30963cd33,6106,200,GET,ts-ticketinfo-service
1650243548,ts-basic-service,a79ec2d234904760,5eb136d997a068b2,45de5cb30963cd33,1877,200,GET,ts-basic-service
1650243608,ts-security-service,6df4f8c32e8a0bef,82134253523ba71f,5c2f454bd8565491,10899,200,check,ts-preserve-service
1650243608,ts-security-service,7739eb6acf1c752,6df4f8c32e8a0bef,5c2f454bd8565491,4184,200,GET,ts-security-service
1650243608,ts-verification-code-service,fb5fca8ab2d937dc,88bcb0030d9fd4ca,84986bb7ad7eff0c,1409,200,verifyCode,ts-auth-service
1650243608,ts-auth-service,88bcb0030d9fd4ca,84986bb7ad7eff0c,84986bb7ad7eff0c,2673,200,GET,ts-auth-service
1650243608,ts-contacts-service,33af00c9bfd9c7e8,63f1a7aecc32b198,5c2f454bd8565491,1790,200,getContactsByContactsId,ts-preserve-service
1650243608,ts-preserve-service,82134253523ba71f,5c2f454bd8565491,5c2f454bd8565491,11731,200,GET,ts-preserve-service
1650243608,ts-preserve-service,63f1a7aecc32b198,5c2f454bd8565491,5c2f454bd8565491,2863,200,GET,ts-preserve-service
1650243608,ts-preserve-service,5c2f454bd8565491,,5c2f454bd8565491,16715,200,preserve,no_parent
1650243608,ts-order-service,20c20ec96a0711cb,7739eb6acf1c752,5c2f454bd8565491,2940,200,securityInfoCheck,ts-security-service
1650243608,ts-order-other-service,a3cabd07ff14b843,5992412db7d2e04c,5c2f454bd8565491,2176,200,securityInfoCheck,ts-security-service
1650243608,ts-security-service,5992412db7d2e04c,6df4f8c32e8a0bef,5c2f454bd8565491,2919,200,GET,ts-security-service
1650243608,ts-auth-service,84986bb7ad7eff0c,,84986bb7ad7eff0c,125386,200,getToken,no_parent
1650243608,ts-assurance-service,7e292c3e3d8a9d01,,7e292c3e3d8a9d01,1069,200,getAllAssuranceType,no_parent
1650243608,ts-verification-code-service,44d928fcbdcde800,,44d928fcbdcde800,2496,200,imageCode,no_parent
1650243608,ts-station-service,fd8e9276d3888a65,be94d87ff9443437,6b2057fe7e00cfc1,1460,200,queryForStationId,ts-basic-service
1650243608,ts-basic-service,2eb667f59e27d1fd,50576bff608ad2cb,6b2057fe7e00cfc1,2834,200,GET,ts-basic-service
1650243608,ts-basic-service,50576bff608ad2cb,b7f26304d6bfac3d,6b2057fe7e00cfc1,4641,200,queryForStationId,ts-ticketinfo-service
1650243608,ts-basic-service,be94d87ff9443437,a5b75bde524cd06,6b2057fe7e00cfc1,2175,200,GET,ts-basic-service
1650243608,ts-basic-service,a5b75bde524cd06,750b43825a461398,6b2057fe7e00cfc1,3272,200,queryForStationId,ts-ticketinfo-service
1650243608,ts-ticketinfo-service,b7f26304d6bfac3d,1c7dec392600bdca,6b2057fe7e00cfc1,5582,200,GET,ts-ticketinfo-service
1650243608,ts-ticketinfo-service,51b14208ce80f596,58e4c1c40c6c71f7,6b2057fe7e00cfc1,5450,200,queryForStationId,ts-travel-service
1650243608,ts-contacts-service,39db6f9a0c163520,,39db6f9a0c163520,2435,200,findContactsByAccountId,no_parent
1650243608,ts-ticketinfo-service,1c7dec392600bdca,db14844b5a528cde,6b2057fe7e00cfc1,7424,200,queryForStationId,ts-travel-service
1650243608,ts-travel-service,db14844b5a528cde,6b2057fe7e00cfc1,6b2057fe7e00cfc1,8763,200,GET,ts-travel-service
1650243608,ts-travel-service,41d9d0c4ee93737c,6b2057fe7e00cfc1,6b2057fe7e00cfc1,1930,200,GET,ts-travel-service
1650243608,ts-travel-service,a599d8e7b24eeb1a,6b2057fe7e00cfc1,6b2057fe7e00cfc1,3136,200,GET,ts-travel-service
1650243608,ts-travel-service,58e4c1c40c6c71f7,6b2057fe7e00cfc1,6b2057fe7e00cfc1,5704,200,GET,ts-travel-service
1650243608,ts-travel-service,e8a2a989b1b054,6b2057fe7e00cfc1,6b2057fe7e00cfc1,1734,200,GET,ts-travel-service
1650243608,ts-travel-service,b21dc742479785a5,6b2057fe7e00cfc1,6b2057fe7e00cfc1,1562,200,GET,ts-travel-service
1650243608,ts-travel-service,8926e2158a6e33b9,6b2057fe7e00cfc1,6b2057fe7e00cfc1,1677,200,GET,ts-travel-service
1650243608,ts-route-service,67ed4a13eba22e55,41d9d0c4ee93737c,6b2057fe7e00cfc1,1638,200,queryById,ts-travel-service
1650243608,ts-route-service,36ee0bb03d17ae75,b21dc742479785a5,6b2057fe7e00cfc1,1444,200,queryById,ts-travel-service
1650243608,ts-route-service,f07afb974c3f0ccf,a599d8e7b24eeb1a,6b2057fe7e00cfc1,2287,200,queryById,ts-travel-service
1650243608,ts-route-service,7adf8ba97d8da285,e8a2a989b1b054,6b2057fe7e00cfc1,1643,200,queryById,ts-travel-service
1650243608,ts-route-service,c9a9681f521b6a59,8926e2158a6e33b9,6b2057fe7e00cfc1,1618,200,queryById,ts-travel-service
1650243608,ts-station-service,8cee32e24c14e78b,2eb667f59e27d1fd,6b2057fe7e00cfc1,1684,200,queryForStationId,ts-basic-service
1650243608,ts-ticketinfo-service,750b43825a461398,51b14208ce80f596,6b2057fe7e00cfc1,3728,200,GET,ts-ticketinfo-service
1650243608,ts-travel-service,6b2057fe7e00cfc1,,6b2057fe7e00cfc1,32443,200,queryInfo,no_parent
1650243608,ts-order-service,9b3da854992f1ed8,d5bafc4bee53ea9,d5bafc4bee53ea9,6304,200,POST,ts-order-service
1650243608,ts-order-service,d5bafc4bee53ea9,,d5bafc4bee53ea9,8501,200,queryOrdersForRefresh,no_parent
1650243608,ts-station-service,f8a4916417611591,9b3da854992f1ed8,d5bafc4bee53ea9,4934,200,queryForNameBatch,ts-order-service
1650243668,ts-route-service,9c3fee5c6c2ae3f0,9db2cbbe92eb2e98,833e4b565eaf1839,1594,200,queryById,ts-travel-service
1650243668,ts-route-service,83c35b6d2ef2c93b,c0b1194af4964c07,833e4b565eaf1839,1604,200,queryById,ts-travel-service
1650243668,ts-station-service,e63c958a20dd4c87,459e8a5c2bd3c845,833e4b565eaf1839,1576,200,queryForStationId,ts-basic-service
1650243668,ts-station-service,9ab2201d43ac6fa6,4d5d90a0d2a7a75,833e4b565eaf1839,1440,200,queryForStationId,ts-basic-service
1650243668,ts-ticketinfo-service,65799595255ebbc0,d86d893520a61ccd,833e4b565eaf1839,4125,200,GET,ts-ticketinfo-service
1650243668,ts-travel-service,6ae7f3718aae1c46,833e4b565eaf1839,833e4b565eaf1839,6427,200,GET,ts-travel-service
1650243668,ts-order-service,5ed65bed32bf450,8e17af67b0b3e18,3a34039be1f6c4d3,2385,200,securityInfoCheck,ts-security-service
1650243668,ts-security-service,8e17af67b0b3e18,a7a124517d59482e,3a34039be1f6c4d3,3534,200,GET,ts-security-service
1650243668,ts-security-service,920c289b794eb2b8,a7a124517d59482e,3a34039be1f6c4d3,3301,200,GET,ts-security-service
1650243668,ts-security-service,a7a124517d59482e,f50997297bb2dbf,3a34039be1f6c4d3,10361,200,check,ts-preserve-service
1650243668,ts-contacts-service,fe2edf9ca3d167f5,913ef6cc37c23e2b,3a34039be1f6c4d3,1759,200,getContactsByContactsId,ts-preserve-service
1650243668,ts-preserve-service,f50997297bb2dbf,3a34039be1f6c4d3,3a34039be1f6c4d3,11424,200,GET,ts-preserve-service
1650243668,ts-preserve-service,913ef6cc37c23e2b,3a34039be1f6c4d3,3a34039be1f6c4d3,2458,200,GET,ts-preserve-service
1650243668,ts-preserve-service,3a34039be1f6c4d3,,3a34039be1f6c4d3,16079,200,preserve,no_parent
1650243668,ts-auth-service,1e792cc8d173ba2,34ee75ef649ccd8c,34ee75ef649ccd8c,2554,200,GET,ts-auth-service
1650243668,ts-order-other-service,8faa6af3013b4ea7,920c289b794eb2b8,3a34039be1f6c4d3,2690,200,securityInfoCheck,ts-security-service
1650243668,ts-verification-code-service,e2719e52183aba51,,e2719e52183aba51,2246,200,imageCode,no_parent
1650243668,ts-station-service,1fed6f6e1a593881,697c57fc19ef0f51,14fc6e04b69926ec,5151,200,queryForNameBatch,ts-order-service
1650243668,ts-ticketinfo-service,d86d893520a61ccd,6ae7f3718aae1c46,833e4b565eaf1839,6090,200,queryForStationId,ts-travel-service
1650243668,ts-ticketinfo-service,272992af26c6bb92,53ef51f9388f0123,833e4b565eaf1839,5135,200,GET,ts-ticketinfo-service
1650243668,ts-contacts-service,14076b8375678573,,14076b8375678573,2573,200,findContactsByAccountId,no_parent
1650243668,ts-basic-service,f11ef3f53fe63e71,65799595255ebbc0,833e4b565eaf1839,3845,200,queryForStationId,ts-ticketinfo-service
1650243668,ts-travel-service,c0b1194af4964c07,833e4b565eaf1839,833e4b565eaf1839,1687,200,GET,ts-travel-service
1650243668,ts-basic-service,459e8a5c2bd3c845,c05cb6d74a6c2aa3,833e4b565eaf1839,2305,200,GET,ts-basic-service
1650243668,ts-basic-service,c05cb6d74a6c2aa3,272992af26c6bb92,833e4b565eaf1839,4343,200,queryForStationId,ts-ticketinfo-service
1650243668,ts-travel-service,177bd8234c7fe770,833e4b565eaf1839,833e4b565eaf1839,3342,200,GET,ts-travel-service
1650243668,ts-travel-service,dfba3679bcd6c572,833e4b565eaf1839,833e4b565eaf1839,1994,200,GET,ts-travel-service
1650243668,ts-basic-service,4d5d90a0d2a7a75,f11ef3f53fe63e71,833e4b565eaf1839,1842,200,GET,ts-basic-service
1650243668,ts-travel-service,833e4b565eaf1839,,833e4b565eaf1839,33295,200,queryInfo,no_parent
1650243668,ts-travel-service,9db2cbbe92eb2e98,833e4b565eaf1839,833e4b565eaf1839,1662,200,GET,ts-travel-service
1650243668,ts-travel-service,b276262818fcd662,833e4b565eaf1839,833e4b565eaf1839,7860,200,GET,ts-travel-service
1650243668,ts-route-service,9896b9f08e70938b,dfba3679bcd6c572,833e4b565eaf1839,1413,200,queryById,ts-travel-service
1650243668,ts-route-service,d684b9e161ddbda0,d54a9b1c81872912,833e4b565eaf1839,1703,200,queryById,ts-travel-service
1650243668,ts-ticketinfo-service,53ef51f9388f0123,b276262818fcd662,833e4b565eaf1839,6976,200,queryForStationId,ts-travel-service
1650243668,ts-travel-service,d54a9b1c81872912,833e4b565eaf1839,833e4b565eaf1839,1983,200,GET,ts-travel-service
1650243668,ts-route-service,c6d3c6197a789248,177bd8234c7fe770,833e4b565eaf1839,2382,200,queryById,ts-travel-service
1650243668,ts-order-service,697c57fc19ef0f51,14fc6e04b69926ec,14fc6e04b69926ec,6012,200,POST,ts-order-service
1650243668,ts-order-service,14fc6e04b69926ec,,14fc6e04b69926ec,8248,200,queryOrdersForRefresh,no_parent
1650243668,ts-auth-service,34ee75ef649ccd8c,,34ee75ef649ccd8c,124990,200,getToken,no_parent
1650243668,ts-verification-code-service,20337228f23197ba,1e792cc8d173ba2,34ee75ef649ccd8c,1431,200,verifyCode,ts-auth-service
1650243668,ts-assurance-service,7cb7654eb56ef032,,7cb7654eb56ef032,1335,200,getAllAssuranceType,no_parent
1650243728,ts-preserve-service,60177ae37a1efda3,dad751f2647faf8c,dad751f2647faf8c,11903,200,GET,ts-preserve-service
1650243728,ts-preserve-service,dad751f2647faf8c,,dad751f2647faf8c,16772,200,preserve,no_parent
1650243728,ts-preserve-service,c2ca797037ec84a4,dad751f2647faf8c,dad751f2647faf8c,2585,200,GET,ts-preserve-service
1650243728,ts-order-service,dec5e734ee56e82,e465940851a623a3,dad751f2647faf8c,2774,200,securityInfoCheck,ts-security-service
1650243728,ts-order-other-service,6e01085175ccff11,2e79dae01057e6f,dad751f2647faf8c,2676,200,securityInfoCheck,ts-security-service
1650243728,ts-route-service,c959fe7a55baa7a0,f224c68c65287a0a,ae0f4ed43b4295ed,2274,200,queryById,ts-travel-service
1650243728,ts-order-service,21aad97e2e0b731e,ce532cd3b8d35521,ce532cd3b8d35521,6068,200,POST,ts-order-service
1650243728,ts-order-service,ce532cd3b8d35521,,ce532cd3b8d35521,8355,200,queryOrdersForRefresh,no_parent
1650243728,ts-station-service,e8813d603019d92f,e28ad2447889bf5a,ae0f4ed43b4295ed,1776,200,queryForStationId,ts-basic-service
1650243728,ts-basic-service,35358defd641ce41,8752e222287b749d,ae0f4ed43b4295ed,4525,200,queryForStationId,ts-ticketinfo-service
1650243728,ts-basic-service,3306b51ab551672c,703b862545aa7c9d,ae0f4ed43b4295ed,2029,200,GET,ts-basic-service
1650243728,ts-contacts-service,44cedfa9ad37cc24,c2ca797037ec84a4,dad751f2647faf8c,1727,200,getContactsByContactsId,ts-preserve-service
1650243728,ts-basic-service,e28ad2447889bf5a,35358defd641ce41,ae0f4ed43b4295ed,2599,200,GET,ts-basic-service
1650243728,ts-basic-service,703b862545aa7c9d,742e6a136c080474,ae0f4ed43b4295ed,3559,200,queryForStationId,ts-ticketinfo-service
1650243728,ts-auth-service,7a9290e87ec9d841,,7a9290e87ec9d841,125951,200,getToken,no_parent
1650243728,ts-security-service,bb8331610e04205c,60177ae37a1efda3,dad751f2647faf8c,10832,200,check,ts-preserve-service
1650243728,ts-auth-service,80517f08169b444f,7a9290e87ec9d841,7a9290e87ec9d841,2712,200,GET,ts-auth-service
1650243728,ts-route-service,26cf9518a2cecea0,4d9a17d10dbdcda9,ae0f4ed43b4295ed,1658,200,queryById,ts-travel-service
1650243728,ts-route-service,1e0363e3e7cea679,b1e53d7d73b9e871,ae0f4ed43b4295ed,1572,200,queryById,ts-travel-service
1650243728,ts-verification-code-service,69ede798228fa8a9,,69ede798228fa8a9,2199,200,imageCode,no_parent
1650243728,ts-security-service,e465940851a623a3,bb8331610e04205c,dad751f2647faf8c,3679,200,GET,ts-security-service
1650243728,ts-travel-service,ae0f4ed43b4295ed,,ae0f4ed43b4295ed,32164,200,queryInfo,no_parent
1650243728,ts-travel-service,5e83bb990635f47d,ae0f4ed43b4295ed,ae0f4ed43b4295ed,1310,200,GET,ts-travel-service
1650243728,ts-verification-code-service,1e91fd373a3cde2f,80517f08169b444f,7a9290e87ec9d841,1454,200,verifyCode,ts-auth-service
1650243728,ts-ticketinfo-service,742e6a136c080474,d7d2da7653a45d66,ae0f4ed43b4295ed,4009,200,GET,ts-ticketinfo-service
1650243728,ts-travel-service,f224c68c65287a0a,ae0f4ed43b4295ed,ae0f4ed43b4295ed,3225,200,GET,ts-travel-service
1650243728,ts-ticketinfo-service,d7d2da7653a45d66,f9e1f66b06015cf2,ae0f4ed43b4295ed,5540,200,queryForStationId,ts-travel-service
1650243728,ts-ticketinfo-service,8752e222287b749d,8c94312eb93dc093,ae0f4ed43b4295ed,5231,200,GET,ts-ticketinfo-service
1650243728,ts-station-service,bbfa6e6a19b66221,3306b51ab551672c,ae0f4ed43b4295ed,1475,200,queryForStationId,ts-basic-service
1650243728,ts-route-service,c069907e65462d43,47e8a1a5f833118,ae0f4ed43b4295ed,1564,200,queryById,ts-travel-service
1650243728,ts-ticketinfo-service,8c94312eb93dc093,32f38fd20a3653c1,ae0f4ed43b4295ed,7039,200,queryForStationId,ts-travel-service
1650243728,ts-travel-service,47e8a1a5f833118,ae0f4ed43b4295ed,ae0f4ed43b4295ed,1635,200,GET,ts-travel-service
1650243728,ts-travel-service,b1e53d7d73b9e871,ae0f4ed43b4295ed,ae0f4ed43b4295ed,1632,200,GET,ts-travel-service
1650243728,ts-travel-service,f9e1f66b06015cf2,ae0f4ed43b4295ed,ae0f4ed43b4295ed,5963,200,GET,ts-travel-service
1650243728,ts-travel-service,4d9a17d10dbdcda9,ae0f4ed43b4295ed,ae0f4ed43b4295ed,1936,200,GET,ts-travel-service
1650243728,ts-travel-service,32f38fd20a3653c1,ae0f4ed43b4295ed,ae0f4ed43b4295ed,8268,200,GET,ts-travel-service
1650243728,ts-contacts-service,c820ae04e71f054c,,c820ae04e71f054c,2367,200,findContactsByAccountId,no_parent
1650243728,ts-security-service,2e79dae01057e6f,bb8331610e04205c,dad751f2647faf8c,3855,200,GET,ts-security-service
1650243728,ts-route-service,567fb41863105270,5e83bb990635f47d,ae0f4ed43b4295ed,1284,200,queryById,ts-travel-service
1650243728,ts-assurance-service,5925c44b9e712eae,,5925c44b9e712eae,1030,200,getAllAssuranceType,no_parent
1650243728,ts-station-service,af018ffb3045b17,21aad97e2e0b731e,ce532cd3b8d35521,4720,200,queryForNameBatch,ts-order-service
1650243788,ts-security-service,bdac1a2db40c5ef0,c1dae7e707677d6d,185db88115a6f845,11015,200,check,ts-preserve-service
1650243788,ts-order-service,e04477f70a4931c8,52f8ff5e75802f03,185db88115a6f845,2661,200,securityInfoCheck,ts-security-service
1650243788,ts-security-service,52f8ff5e75802f03,bdac1a2db40c5ef0,185db88115a6f845,3912,200,GET,ts-security-service
1650243788,ts-security-service,7702afaf5bf2d661,bdac1a2db40c5ef0,185db88115a6f845,3490,200,GET,ts-security-service
1650243788,ts-order-other-service,ecffcfd40b7e8776,7702afaf5bf2d661,185db88115a6f845,2755,200,securityInfoCheck,ts-security-service
1650243788,ts-preserve-service,c1dae7e707677d6d,185db88115a6f845,185db88115a6f845,12582,200,GET,ts-preserve-service
1650243788,ts-preserve-service,cd3b89d4d28227c8,185db88115a6f845,185db88115a6f845,2074,200,GET,ts-preserve-service
1650243788,ts-preserve-service,185db88115a6f845,,185db88115a6f845,16984,200,preserve,no_parent
1650243788,ts-station-service,963be7fec07b8cce,ab88f63e06231679,429affaa61a24f9c,5262,200,queryForNameBatch,ts-order-service
1650243788,ts-contacts-service,8d8740a002bf791e,cd3b89d4d28227c8,185db88115a6f845,1414,200,getContactsByContactsId,ts-preserve-service
1650243788,ts-order-service,429affaa61a24f9c,,429affaa61a24f9c,8763,200,queryOrdersForRefresh,no_parent
1650243788,ts-order-service,ab88f63e06231679,429affaa61a24f9c,429affaa61a24f9c,6584,200,POST,ts-order-service
1650243788,ts-contacts-service,80c8a2c913e4a09,,80c8a2c913e4a09,2427,200,findContactsByAccountId,no_parent
1650243789,ts-auth-service,a9413e359ea3978a,,a9413e359ea3978a,125199,200,getToken,no_parent
1650243789,ts-verification-code-service,edc353024baa4699,d759fc62bf062705,a9413e359ea3978a,1391,200,verifyCode,ts-auth-service
1650243789,ts-auth-service,d759fc62bf062705,a9413e359ea3978a,a9413e359ea3978a,2711,200,GET,ts-auth-service
1650243789,ts-route-service,7703bc6f58407fd6,4180846b1fce9418,d7a732e486ff5e5,1448,200,queryById,ts-travel-service
1650243789,ts-route-service,a7890a5350d30787,a79fdd772040378b,d7a732e486ff5e5,1455,200,queryById,ts-travel-service
1650243789,ts-travel-service,a79fdd772040378b,d7a732e486ff5e5,d7a732e486ff5e5,1468,200,GET,ts-travel-service
1650243789,ts-travel-service,4180846b1fce9418,d7a732e486ff5e5,d7a732e486ff5e5,1580,200,GET,ts-travel-service
1650243789,ts-route-service,55bea7a34a785031,3384854f7f19a0a3,d7a732e486ff5e5,2223,200,queryById,ts-travel-service
1650243789,ts-route-service,ef28b22c111849ad,58567ac78becb9df,d7a732e486ff5e5,1309,200,queryById,ts-travel-service
1650243789,ts-route-service,16a3c6f107c526ac,9565ff09c9948f5e,d7a732e486ff5e5,1427,200,queryById,ts-travel-service
1650243789,ts-ticketinfo-service,d7fcf4d25467f04d,c5655becfc9d5b85,d7a732e486ff5e5,7023,200,queryForStationId,ts-travel-service
1650243789,ts-basic-service,46b4f15a34d5a30d,fd8b4fb1635f8ca6,d7a732e486ff5e5,2340,200,GET,ts-basic-service
1650243789,ts-basic-service,fd8b4fb1635f8ca6,8eafa07d18b5aecf,d7a732e486ff5e5,4162,200,queryForStationId,ts-ticketinfo-service
1650243789,ts-basic-service,755f89022fcc375d,7e655ad7625aade6,d7a732e486ff5e5,2144,200,GET,ts-basic-service
1650243789,ts-basic-service,7e655ad7625aade6,d15a9314c5ca3a9a,d7a732e486ff5e5,3675,200,queryForStationId,ts-ticketinfo-service
1650243789,ts-ticketinfo-service,d15a9314c5ca3a9a,792d24fcb0dc9ca6,d7a732e486ff5e5,4123,200,GET,ts-ticketinfo-service
1650243789,ts-ticketinfo-service,8eafa07d18b5aecf,d7fcf4d25467f04d,d7a732e486ff5e5,4960,200,GET,ts-ticketinfo-service
1650243789,ts-travel-service,c5655becfc9d5b85,d7a732e486ff5e5,d7a732e486ff5e5,8153,200,GET,ts-travel-service
1650243789,ts-travel-service,9565ff09c9948f5e,d7a732e486ff5e5,d7a732e486ff5e5,1632,200,GET,ts-travel-service
1650243789,ts-travel-service,58567ac78becb9df,d7a732e486ff5e5,d7a732e486ff5e5,1694,200,GET,ts-travel-service
1650243789,ts-travel-service,33deb7d4996c8881,d7a732e486ff5e5,d7a732e486ff5e5,5898,200,GET,ts-travel-service
1650243789,ts-travel-service,3384854f7f19a0a3,d7a732e486ff5e5,d7a732e486ff5e5,2938,200,GET,ts-travel-service
1650243789,ts-travel-service,d7a732e486ff5e5,,d7a732e486ff5e5,31079,200,queryInfo,no_parent
1650243789,ts-station-service,a1cfcb2c26cb858,46b4f15a34d5a30d,d7a732e486ff5e5,1570,200,queryForStationId,ts-basic-service
1650243789,ts-station-service,9720d4e58f269873,755f89022fcc375d,d7a732e486ff5e5,1438,200,queryForStationId,ts-basic-service
1650243789,ts-ticketinfo-service,792d24fcb0dc9ca6,33deb7d4996c8881,d7a732e486ff5e5,5649,200,queryForStationId,ts-travel-service
1650243789,ts-verification-code-service,a6242c300b42a60,,a6242c300b42a60,2380,200,imageCode,no_parent
1650243789,ts-assurance-service,361de6e62cc2a159,,361de6e62cc2a159,1030,200,getAllAssuranceType,no_parent
1650243849,ts-auth-service,f5cab079f7539ab6,,f5cab079f7539ab6,125807,200,getToken,no_parent
1650243849,ts-verification-code-service,ed7b19ee5f2f3b7b,152f3d0d4e9912c2,f5cab079f7539ab6,1409,200,verifyCode,ts-auth-service
1650243849,ts-auth-service,152f3d0d4e9912c2,f5cab079f7539ab6,f5cab079f7539ab6,2763,200,GET,ts-auth-service
1650243849,ts-preserve-service,b6dae1ab28de4a19,68cd9c34884c774f,68cd9c34884c774f,12223,200,GET,ts-preserve-service
1650243849,ts-preserve-service,37ed2018a514d433,68cd9c34884c774f,68cd9c34884c774f,2441,200,GET,ts-preserve-service
1650243849,ts-preserve-service,68cd9c34884c774f,,68cd9c34884c774f,17040,200,preserve,no_parent
1650243849,ts-route-service,eefd84a2c58727c1,210ce38dd131d344,b795d0ae6d5a0c9b,1349,200,queryById,ts-travel-service
1650243849,ts-travel-service,2b9fc7e34f8e24c9,b795d0ae6d5a0c9b,b795d0ae6d5a0c9b,1767,200,GET,ts-travel-service
1650243849,ts-travel-service,dbbd0ea6589eac89,b795d0ae6d5a0c9b,b795d0ae6d5a0c9b,1729,200,GET,ts-travel-service
1650243849,ts-travel-service,b795d0ae6d5a0c9b,,b795d0ae6d5a0c9b,32561,200,queryInfo,no_parent
1650243849,ts-travel-service,5e24befe9500fb3a,b795d0ae6d5a0c9b,b795d0ae6d5a0c9b,2160,200,GET,ts-travel-service
1650243849,ts-ticketinfo-service,bbd0f39c1c004698,833213da9829b4ee,b795d0ae6d5a0c9b,7892,200,queryForStationId,ts-travel-service
1650243849,ts-ticketinfo-service,8de16b1843a1ce9d,e61b044760106506,b795d0ae6d5a0c9b,3417,200,GET,ts-ticketinfo-service
1650243849,ts-ticketinfo-service,6907291c73e4f98b,bbd0f39c1c004698,b795d0ae6d5a0c9b,5679,200,GET,ts-ticketinfo-service
1650243849,ts-ticketinfo-service,e61b044760106506,b7c3757f379d77bd,b795d0ae6d5a0c9b,4831,200,queryForStationId,ts-travel-service
1650243849,ts-assurance-service,17401e9d99d8d519,,17401e9d99d8d519,1470,200,getAllAssuranceType,no_parent
1650243849,ts-basic-service,73e27261a73d3e0f,6907291c73e4f98b,b795d0ae6d5a0c9b,5125,200,queryForStationId,ts-ticketinfo-service
1650243849,ts-basic-service,c5ccf96ffc8ddda,8de16b1843a1ce9d,b795d0ae6d5a0c9b,3118,200,queryForStationId,ts-ticketinfo-service
1650243849,ts-station-service,5b25783c121d210a,13468c39313bad9b,b795d0ae6d5a0c9b,1784,200,queryForStationId,ts-basic-service
1650243849,ts-station-service,7fc6b0aa3b24b909,a4d7d59532ea2a19,b795d0ae6d5a0c9b,1463,200,queryForStationId,ts-basic-service
1650243849,ts-travel-service,b7c3757f379d77bd,b795d0ae6d5a0c9b,b795d0ae6d5a0c9b,5480,200,GET,ts-travel-service
1650243849,ts-travel-service,833213da9829b4ee,b795d0ae6d5a0c9b,b795d0ae6d5a0c9b,8898,200,GET,ts-travel-service
1650243849,ts-travel-service,210ce38dd131d344,b795d0ae6d5a0c9b,b795d0ae6d5a0c9b,1388,200,GET,ts-travel-service
1650243849,ts-route-service,5b23b984fd1b1884,b73083ae0f110f3b,b795d0ae6d5a0c9b,2236,200,queryById,ts-travel-service
1650243849,ts-order-service,907d03d181ebb307,b540feb342115b9e,68cd9c34884c774f,2656,200,securityInfoCheck,ts-security-service
1650243849,ts-order-other-service,68b06f6c541e1738,ada3a73434f5564f,68cd9c34884c774f,2622,200,securityInfoCheck,ts-security-service
1650243849,ts-security-service,b540feb342115b9e,d585694da0b2d3b8,68cd9c34884c774f,3749,200,GET,ts-security-service
1650243849,ts-route-service,9b0516e95d3f9654,5e24befe9500fb3a,b795d0ae6d5a0c9b,1740,200,queryById,ts-travel-service
1650243849,ts-route-service,ae2cb3ebefe9753c,dbbd0ea6589eac89,b795d0ae6d5a0c9b,1585,200,queryById,ts-travel-service
1650243849,ts-route-service,cee15cb3a48b6ef7,2b9fc7e34f8e24c9,b795d0ae6d5a0c9b,1499,200,queryById,ts-travel-service
1650243849,ts-order-service,e11a92a2d3fc1d61,348ff8d416569040,348ff8d416569040,8052,200,POST,ts-order-service
1650243849,ts-order-service,348ff8d416569040,,348ff8d416569040,10935,200,queryOrdersForRefresh,no_parent
1650243849,ts-station-service,becfa2b4714a061,e11a92a2d3fc1d61,348ff8d416569040,6747,200,queryForNameBatch,ts-order-service
1650243849,ts-contacts-service,27f42da42803c9da,37ed2018a514d433,68cd9c34884c774f,1613,200,getContactsByContactsId,ts-preserve-service
1650243849,ts-basic-service,a4d7d59532ea2a19,c5ccf96ffc8ddda,b795d0ae6d5a0c9b,1807,200,GET,ts-basic-service
1650243849,ts-travel-service,b73083ae0f110f3b,b795d0ae6d5a0c9b,b795d0ae6d5a0c9b,3035,200,GET,ts-travel-service
1650243849,ts-basic-service,13468c39313bad9b,73e27261a73d3e0f,b795d0ae6d5a0c9b,2812,200,GET,ts-basic-service
1650243849,ts-security-service,ada3a73434f5564f,d585694da0b2d3b8,68cd9c34884c774f,3498,200,GET,ts-security-service
1650243849,ts-security-service,d585694da0b2d3b8,b6dae1ab28de4a19,68cd9c34884c774f,11056,200,check,ts-preserve-service
1650243849,ts-contacts-service,b1898edaa808d231,,b1898edaa808d231,2578,200,findContactsByAccountId,no_parent
1650243849,ts-verification-code-service,3d0dbaa70ec0d57b,,3d0dbaa70ec0d57b,3643,200,imageCode,no_parent
1650243909,ts-auth-service,6b6bd2412a94a29b,,6b6bd2412a94a29b,126111,200,getToken,no_parent
1650243909,ts-auth-service,c17fcc2021e7cf87,6b6bd2412a94a29b,6b6bd2412a94a29b,2691,200,GET,ts-auth-service
1650243909,ts-order-service,6feb9074ac13cb36,,6feb9074ac13cb36,8194,200,queryOrdersForRefresh,no_parent
1650243909,ts-order-service,510ce10660ce434a,6feb9074ac13cb36,6feb9074ac13cb36,6026,200,POST,ts-order-service
1650243909,ts-verification-code-service,9f8187512647c81e,c17fcc2021e7cf87,6b6bd2412a94a29b,1482,200,verifyCode,ts-auth-service
1650243909,ts-preserve-service,48293aa5fc756b59,b2e3902d196b3bd2,b2e3902d196b3bd2,2340,200,GET,ts-preserve-service
1650243909,ts-assurance-service,d82b98d699dfd5d9,,d82b98d699dfd5d9,1323,200,getAllAssuranceType,no_parent
1650243909,ts-contacts-service,e648cca385040f2a,48293aa5fc756b59,b2e3902d196b3bd2,1617,200,getContactsByContactsId,ts-preserve-service
1650243909,ts-security-service,ab3668e81750d667,69d255e3b8582066,b2e3902d196b3bd2,2796,200,GET,ts-security-service
1650243909,ts-basic-service,d2d8ca3ae8891f75,eeaf83b277771b4e,de0ee99eac440f36,3675,200,queryForStationId,ts-ticketinfo-service
1650243909,ts-station-service,3e9dadb32e5f8932,760c6b34468bf6d3,de0ee99eac440f36,1655,200,queryForStationId,ts-basic-service
1650243909,ts-basic-service,760c6b34468bf6d3,121b56e72dad7ec3,de0ee99eac440f36,2463,200,GET,ts-basic-service
1650243909,ts-verification-code-service,e58e3b8960383aae,,e58e3b8960383aae,2494,200,imageCode,no_parent
1650243909,ts-preserve-service,b2e3902d196b3bd2,,b2e3902d196b3bd2,15705,200,preserve,no_parent
1650243909,ts-order-service,fb5f0f08d7adc86a,8ee09ca3eafc6a7a,b2e3902d196b3bd2,3012,200,securityInfoCheck,ts-security-service
1650243909,ts-order-other-service,c0b0233ae21f83cb,ab3668e81750d667,b2e3902d196b3bd2,2167,200,securityInfoCheck,ts-security-service
1650243909,ts-security-service,8ee09ca3eafc6a7a,69d255e3b8582066,b2e3902d196b3bd2,3949,200,GET,ts-security-service
1650243909,ts-security-service,69d255e3b8582066,426b357880db882,b2e3902d196b3bd2,10201,200,check,ts-preserve-service
1650243909,ts-travel-service,ac0c0bb2787dea52,de0ee99eac440f36,de0ee99eac440f36,14783,200,GET,ts-travel-service
1650243909,ts-route-service,916c11a6e86efba8,6b21e303cf621660,de0ee99eac440f36,1639,200,queryById,ts-travel-service
1650243909,ts-route-service,37673d47cba840d9,7c29a654c8331820,de0ee99eac440f36,1630,200,queryById,ts-travel-service
1650243909,ts-route-service,aa3678673af9247c,2c3e7daa488f2b68,de0ee99eac440f36,1586,200,queryById,ts-travel-service
1650243909,ts-route-service,67cdc012e4a6b707,8518bd70c12d1dc1,de0ee99eac440f36,2289,200,queryById,ts-travel-service
1650243909,ts-station-service,7f5ee197a49a7a43,d3e1d04573233cef,de0ee99eac440f36,1514,200,queryForStationId,ts-basic-service
1650243909,ts-basic-service,d3e1d04573233cef,d2d8ca3ae8891f75,de0ee99eac440f36,2223,200,GET,ts-basic-service
1650243909,ts-travel-service,8518bd70c12d1dc1,de0ee99eac440f36,de0ee99eac440f36,3408,200,GET,ts-travel-service
1650243909,ts-travel-service,6b21e303cf621660,de0ee99eac440f36,de0ee99eac440f36,1727,200,GET,ts-travel-service
1650243909,ts-travel-service,2c3e7daa488f2b68,de0ee99eac440f36,de0ee99eac440f36,1826,200,GET,ts-travel-service
1650243909,ts-travel-service,a7a240b6fedb5dba,de0ee99eac440f36,de0ee99eac440f36,1645,200,GET,ts-travel-service
1650243909,ts-basic-service,121b56e72dad7ec3,93be9d6207db4454,de0ee99eac440f36,4541,200,queryForStationId,ts-ticketinfo-service
1650243909,ts-travel-service,7c29a654c8331820,de0ee99eac440f36,de0ee99eac440f36,1699,200,GET,ts-travel-service
1650243909,ts-travel-service,de0ee99eac440f36,,de0ee99eac440f36,39439,200,queryInfo,no_parent
1650243909,ts-route-service,10a380332b238ccd,a7a240b6fedb5dba,de0ee99eac440f36,1614,200,queryById,ts-travel-service
1650243909,ts-preserve-service,426b357880db882,b2e3902d196b3bd2,b2e3902d196b3bd2,11296,200,GET,ts-preserve-service
1650243909,ts-station-service,14c90459cf909e37,510ce10660ce434a,6feb9074ac13cb36,4968,200,queryForNameBatch,ts-order-service
1650243909,ts-ticketinfo-service,21b58e62455d4f14,ac0c0bb2787dea52,de0ee99eac440f36,13646,200,queryForStationId,ts-travel-service
1650243909,ts-ticketinfo-service,eeaf83b277771b4e,d9c0ec6a897e9f65,de0ee99eac440f36,4031,200,GET,ts-ticketinfo-service
1650243909,ts-ticketinfo-service,d9c0ec6a897e9f65,78038f6baf457a09,de0ee99eac440f36,5787,200,queryForStationId,ts-travel-service
1650243909,ts-ticketinfo-service,93be9d6207db4454,21b58e62455d4f14,de0ee99eac440f36,5368,200,GET,ts-ticketinfo-service
1650243909,ts-contacts-service,1b7be785e45a6fd1,,1b7be785e45a6fd1,2094,200,findContactsByAccountId,no_parent
1650243909,ts-travel-service,78038f6baf457a09,de0ee99eac440f36,de0ee99eac440f36,6067,200,GET,ts-travel-service
1650243969,ts-order-other-service,840b523907e8b701,37b0f0d185aec337,54caea2d2338a78b,2751,200,securityInfoCheck,ts-security-service
1650243969,ts-verification-code-service,277cfbaba5cae8cd,529db743c943ef56,d30a541764714277,1464,200,verifyCode,ts-auth-service
1650243969,ts-security-service,6d3fe63ad6a71925,62bc6ae22a9bfa43,54caea2d2338a78b,3721,200,GET,ts-security-service
1650243969,ts-security-service,37b0f0d185aec337,62bc6ae22a9bfa43,54caea2d2338a78b,3880,200,GET,ts-security-service
1650243969,ts-security-service,62bc6ae22a9bfa43,1795222bb306e33f,54caea2d2338a78b,10787,200,check,ts-preserve-service
1650243969,ts-contacts-service,c9db5bb185c4267c,f650668c09ccf05f,54caea2d2338a78b,1653,200,getContactsByContactsId,ts-preserve-service
1650243969,ts-preserve-service,1795222bb306e33f,54caea2d2338a78b,54caea2d2338a78b,11810,200,GET,ts-preserve-service
1650243969,ts-preserve-service,f650668c09ccf05f,54caea2d2338a78b,54caea2d2338a78b,2714,200,GET,ts-preserve-service
1650243969,ts-preserve-service,54caea2d2338a78b,,54caea2d2338a78b,16657,200,preserve,no_parent
1650243969,ts-order-service,85640ea040b5c930,6d3fe63ad6a71925,54caea2d2338a78b,2760,200,securityInfoCheck,ts-security-service
1650243969,ts-travel-service,fef63461a3ff9bdb,93f0f466a0b3876e,93f0f466a0b3876e,1722,200,GET,ts-travel-service
1650243969,ts-travel-service,716f97d6a71dfe0c,93f0f466a0b3876e,93f0f466a0b3876e,8488,200,GET,ts-travel-service
1650243969,ts-travel-service,711bfcd76caf90f4,93f0f466a0b3876e,93f0f466a0b3876e,1510,200,GET,ts-travel-service
1650243969,ts-travel-service,11a83ba3f806c60d,93f0f466a0b3876e,93f0f466a0b3876e,3072,200,GET,ts-travel-service
1650243969,ts-travel-service,3a174f474405b0e2,93f0f466a0b3876e,93f0f466a0b3876e,5864,200,GET,ts-travel-service
1650243969,ts-ticketinfo-service,232c060f0d2db912,716f97d6a71dfe0c,93f0f466a0b3876e,7430,200,queryForStationId,ts-travel-service
1650243969,ts-basic-service,9370b13de202459b,4d489d441e2867ae,93f0f466a0b3876e,1986,200,GET,ts-basic-service
1650243969,ts-basic-service,4d489d441e2867ae,2f64fb9c1982974a,93f0f466a0b3876e,3493,200,queryForStationId,ts-ticketinfo-service
1650243969,ts-ticketinfo-service,7fd56de3176e70e,232c060f0d2db912,93f0f466a0b3876e,5353,200,GET,ts-ticketinfo-service
1650243969,ts-ticketinfo-service,a73e30131841c69,3a174f474405b0e2,93f0f466a0b3876e,5503,200,queryForStationId,ts-travel-service
1650243969,ts-route-service,6370eb6f6f466693,fef63461a3ff9bdb,93f0f466a0b3876e,1477,200,queryById,ts-travel-service
1650243969,ts-route-service,d854c947d15725fb,adf43dd250029062,93f0f466a0b3876e,1469,200,queryById,ts-travel-service
1650243969,ts-route-service,48691b170a5f0096,711bfcd76caf90f4,93f0f466a0b3876e,1406,200,queryById,ts-travel-service
1650243969,ts-route-service,5a78daf95d8f9192,51dfcddc904a7692,93f0f466a0b3876e,1344,200,queryById,ts-travel-service
1650243969,ts-basic-service,2832d5a673ca8e65,abd674c5632385f5,93f0f466a0b3876e,2564,200,GET,ts-basic-service
1650243969,ts-travel-service,51dfcddc904a7692,93f0f466a0b3876e,93f0f466a0b3876e,1419,200,GET,ts-travel-service
1650243969,ts-travel-service,adf43dd250029062,93f0f466a0b3876e,93f0f466a0b3876e,1579,200,GET,ts-travel-service
1650243969,ts-travel-service,93f0f466a0b3876e,,93f0f466a0b3876e,32946,200,queryInfo,no_parent
1650243969,ts-ticketinfo-service,2f64fb9c1982974a,a73e30131841c69,93f0f466a0b3876e,3886,200,GET,ts-ticketinfo-service
1650243969,ts-station-service,88bc7c8a44faf9de,9370b13de202459b,93f0f466a0b3876e,1439,200,queryForStationId,ts-basic-service
1650243969,ts-station-service,c485880548310c5a,2832d5a673ca8e65,93f0f466a0b3876e,1665,200,queryForStationId,ts-basic-service
1650243969,ts-route-service,b4589a26ec47f241,11a83ba3f806c60d,93f0f466a0b3876e,2227,200,queryById,ts-travel-service
1650243969,ts-basic-service,abd674c5632385f5,7fd56de3176e70e,93f0f466a0b3876e,4520,200,queryForStationId,ts-ticketinfo-service
1650243969,ts-contacts-service,f11a4a3c70bbf937,,f11a4a3c70bbf937,2386,200,findContactsByAccountId,no_parent
1650243969,ts-auth-service,529db743c943ef56,d30a541764714277,d30a541764714277,2705,200,GET,ts-auth-service
1650243969,ts-auth-service,d30a541764714277,,d30a541764714277,125337,200,getToken,no_parent
1650243969,ts-verification-code-service,d0a80cf44c3e9e89,,d0a80cf44c3e9e89,2430,200,imageCode,no_parent
1650243969,ts-station-service,cca2db9fe065d870,b794aab3cb768083,3ad77e28cd1caf8e,4626,200,queryForNameBatch,ts-order-service
1650243969,ts-order-service,3ad77e28cd1caf8e,,3ad77e28cd1caf8e,8306,200,queryOrdersForRefresh,no_parent
1650243969,ts-order-service,b794aab3cb768083,3ad77e28cd1caf8e,3ad77e28cd1caf8e,5707,200,POST,ts-order-service
1650243969,ts-assurance-service,f41c4840cbce9769,,f41c4840cbce9769,1311,200,getAllAssuranceType,no_parent
1650244030,ts-security-service,63cde956f4cbb2d4,6fa2711970d1ac4a,da794801b1d6e87e,3901,200,GET,ts-security-service
1650244030,ts-order-other-service,4ab0deed565dc36b,cdc44eb50e64670,da794801b1d6e87e,2704,200,securityInfoCheck,ts-security-service
1650244030,ts-security-service,cdc44eb50e64670,6fa2711970d1ac4a,da794801b1d6e87e,3521,200,GET,ts-security-service
1650244030,ts-security-service,6fa2711970d1ac4a,208f7d4e1ecd2f38,da794801b1d6e87e,10646,200,check,ts-preserve-service
1650244030,ts-contacts-service,ce8c18b3bb6e85fa,6204f109348b40ba,da794801b1d6e87e,1728,200,getContactsByContactsId,ts-preserve-service
1650244030,ts-preserve-service,6204f109348b40ba,da794801b1d6e87e,da794801b1d6e87e,2375,200,GET,ts-preserve-service
1650244030,ts-preserve-service,208f7d4e1ecd2f38,da794801b1d6e87e,da794801b1d6e87e,11757,200,GET,ts-preserve-service
1650244030,ts-preserve-service,da794801b1d6e87e,,da794801b1d6e87e,16388,200,preserve,no_parent
1650244030,ts-order-service,650e437ff06a6a0a,63cde956f4cbb2d4,da794801b1d6e87e,2631,200,securityInfoCheck,ts-security-service
1650244030,ts-basic-service,d5ab8ca1a249b4e1,486b82c545d4cb5,369a3f100b61de08,3489,200,queryForStationId,ts-ticketinfo-service
1650244030,ts-ticketinfo-service,f1eedaf490f8c5b9,ae8d1b8162c0b8a6,369a3f100b61de08,6208,200,GET,ts-ticketinfo-service
1650244030,ts-ticketinfo-service,ae8d1b8162c0b8a6,66d8c3f093b51168,369a3f100b61de08,9088,200,queryForStationId,ts-travel-service
1650244030,ts-travel-service,3b4fb26290c70496,369a3f100b61de08,369a3f100b61de08,1895,200,GET,ts-travel-service
1650244030,ts-travel-service,369a3f100b61de08,,369a3f100b61de08,35005,200,queryInfo,no_parent
1650244030,ts-travel-service,cd9cd6869cc2c35e,369a3f100b61de08,369a3f100b61de08,1573,200,GET,ts-travel-service
1650244030,ts-station-service,12eb902637304244,99e8c56bddd7b51f,369a3f100b61de08,2114,200,queryForStationId,ts-basic-service
1650244030,ts-basic-service,99e8c56bddd7b51f,945c68f4e14bddac,369a3f100b61de08,3326,200,GET,ts-basic-service
1650244030,ts-basic-service,945c68f4e14bddac,f1eedaf490f8c5b9,369a3f100b61de08,5830,200,queryForStationId,ts-ticketinfo-service
1650244030,ts-basic-service,3da7e7db1fcfab88,d5ab8ca1a249b4e1,369a3f100b61de08,1931,200,GET,ts-basic-service
1650244030,ts-route-service,46c866e34dc1409d,cb5b462b2d515623,369a3f100b61de08,1406,200,queryById,ts-travel-service
1650244030,ts-route-service,73645878b966369b,3b4fb26290c70496,369a3f100b61de08,1477,200,queryById,ts-travel-service
1650244030,ts-station-service,36dfb95d6053e037,3da7e7db1fcfab88,369a3f100b61de08,1423,200,queryForStationId,ts-basic-service
1650244030,ts-ticketinfo-service,486b82c545d4cb5,a1553ef7c6ac124,369a3f100b61de08,3956,200,GET,ts-ticketinfo-service
1650244030,ts-ticketinfo-service,a1553ef7c6ac124,cbc1040f69e35c6c,369a3f100b61de08,5588,200,queryForStationId,ts-travel-service
1650244030,ts-travel-service,66d8c3f093b51168,369a3f100b61de08,369a3f100b61de08,10249,200,GET,ts-travel-service
1650244030,ts-travel-service,cbc1040f69e35c6c,369a3f100b61de08,369a3f100b61de08,5985,200,GET,ts-travel-service
1650244030,ts-travel-service,6a17bded2ebac0eb,369a3f100b61de08,369a3f100b61de08,1795,200,GET,ts-travel-service
1650244030,ts-station-service,be9579c483c9a448,a8c47ba07ac10f20,781f9bcf440e3c69,5141,200,queryForNameBatch,ts-order-service
1650244030,ts-order-service,a8c47ba07ac10f20,781f9bcf440e3c69,781f9bcf440e3c69,6034,200,POST,ts-order-service
1650244030,ts-order-service,781f9bcf440e3c69,,781f9bcf440e3c69,8637,200,queryOrdersForRefresh,no_parent
1650244030,ts-travel-service,cb5b462b2d515623,369a3f100b61de08,369a3f100b61de08,1559,200,GET,ts-travel-service
1650244030,ts-route-service,8610fca454f3be95,4e8d892f427a5a67,369a3f100b61de08,2204,200,queryById,ts-travel-service
1650244030,ts-route-service,9cf01c059694004c,cd9cd6869cc2c35e,369a3f100b61de08,1464,200,queryById,ts-travel-service
1650244030,ts-route-service,44607d15d34b5c35,6a17bded2ebac0eb,369a3f100b61de08,1493,200,queryById,ts-travel-service
1650244030,ts-verification-code-service,2ddb4af61064e0b5,,2ddb4af61064e0b5,2474,200,imageCode,no_parent
1650244030,ts-assurance-service,2e5e59b568333d55,,2e5e59b568333d55,5911,200,getAllAssuranceType,no_parent
1650244030,ts-travel-service,4e8d892f427a5a67,369a3f100b61de08,369a3f100b61de08,3540,200,GET,ts-travel-service
1650244030,ts-contacts-service,3901e1add173389a,,3901e1add173389a,2606,200,findContactsByAccountId,no_parent
1650244030,ts-auth-service,91df570bd0622024,bc401a5557bc8741,bc401a5557bc8741,2735,200,GET,ts-auth-service
1650244030,ts-verification-code-service,1aba4553e3238ce7,91df570bd0622024,bc401a5557bc8741,1410,200,verifyCode,ts-auth-service
1650244030,ts-auth-service,bc401a5557bc8741,,bc401a5557bc8741,125708,200,getToken,no_parent
1650244090,ts-security-service,8a6cc69084c77f90,a271b273a1eed15a,a82f76981a980196,10972,200,check,ts-preserve-service
1650244090,ts-security-service,465c50c066cdfa83,8a6cc69084c77f90,a82f76981a980196,3720,200,GET,ts-security-service
1650244090,ts-verification-code-service,8417bf3ae91d340d,61f5f3e6f08a3e7,cea5d7c10e34ef2,1128,200,verifyCode,ts-auth-service
1650244090,ts-auth-service,61f5f3e6f08a3e7,cea5d7c10e34ef2,cea5d7c10e34ef2,2318,200,GET,ts-auth-service
1650244090,ts-auth-service,cea5d7c10e34ef2,,cea5d7c10e34ef2,125355,200,getToken,no_parent
1650244090,ts-order-service,258ca2b85b0c23bf,465c50c066cdfa83,a82f76981a980196,2757,200,securityInfoCheck,ts-security-service
1650244090,ts-order-other-service,3a4030c77942739d,e8aa7bffd152383,a82f76981a980196,2709,200,securityInfoCheck,ts-security-service
1650244090,ts-security-service,e8aa7bffd152383,8a6cc69084c77f90,a82f76981a980196,3757,200,GET,ts-security-service
1650244090,ts-contacts-service,e6251a7c0061e157,22a7093e5eafaa08,a82f76981a980196,1605,200,getContactsByContactsId,ts-preserve-service
1650244090,ts-preserve-service,a271b273a1eed15a,a82f76981a980196,a82f76981a980196,12100,200,GET,ts-preserve-service
1650244090,ts-preserve-service,22a7093e5eafaa08,a82f76981a980196,a82f76981a980196,2359,200,GET,ts-preserve-service
1650244090,ts-preserve-service,a82f76981a980196,,a82f76981a980196,16594,200,preserve,no_parent
1650244090,ts-travel-service,37d3ee08c0fb8c6,550e21d096505e38,550e21d096505e38,12783,200,GET,ts-travel-service
1650244090,ts-travel-service,939337edbc218bbb,550e21d096505e38,550e21d096505e38,22794,200,GET,ts-travel-service
1650244090,ts-travel-service,9cbccef660daaf8d,550e21d096505e38,550e21d096505e38,1929,200,GET,ts-travel-service
1650244090,ts-travel-service,c0d5ea5ebef2693,550e21d096505e38,550e21d096505e38,1783,200,GET,ts-travel-service
1650244090,ts-travel-service,99230be959acb857,550e21d096505e38,550e21d096505e38,5858,200,GET,ts-travel-service
1650244090,ts-basic-service,bab177bda3d7ca5b,d1c222ba89284a23,550e21d096505e38,9292,200,queryForStationId,ts-ticketinfo-service
1650244090,ts-basic-service,a91e33504fb9ec6b,6400c318e4892ff6,550e21d096505e38,3608,200,queryForStationId,ts-ticketinfo-service
1650244090,ts-basic-service,527f65606c1fcfaf,bab177bda3d7ca5b,550e21d096505e38,2551,200,GET,ts-basic-service
1650244090,ts-basic-service,cd7f075931d000d,a91e33504fb9ec6b,550e21d096505e38,2013,200,GET,ts-basic-service
1650244090,ts-ticketinfo-service,f8f89831d1a4be15,37d3ee08c0fb8c6,550e21d096505e38,11682,200,queryForStationId,ts-travel-service
1650244090,ts-route-service,2f3bd39a71259570,319584129362585b,550e21d096505e38,3361,200,queryById,ts-travel-service
1650244090,ts-station-service,bd29a667bdf5693a,527f65606c1fcfaf,550e21d096505e38,1600,200,queryForStationId,ts-basic-service
1650244090,ts-station-service,7e4a2355d51862e2,cd7f075931d000d,550e21d096505e38,1557,200,queryForStationId,ts-basic-service
1650244090,ts-travel-service,550e21d096505e38,,550e21d096505e38,62483,200,queryInfo,no_parent
1650244090,ts-travel-service,319584129362585b,550e21d096505e38,550e21d096505e38,4915,200,GET,ts-travel-service
1650244090,ts-travel-service,b0b5965ce4e4b5f,550e21d096505e38,550e21d096505e38,4135,200,GET,ts-travel-service
1650244090,ts-route-service,58a97254e0e726af,9cbccef660daaf8d,550e21d096505e38,1524,200,queryById,ts-travel-service
1650244090,ts-route-service,12e56cf88f82eec2,b0b5965ce4e4b5f,550e21d096505e38,1522,200,queryById,ts-travel-service
1650244090,ts-route-service,acbca6652c5259c6,c0d5ea5ebef2693,550e21d096505e38,1682,200,queryById,ts-travel-service
1650244090,ts-ticketinfo-service,d1c222ba89284a23,f8f89831d1a4be15,550e21d096505e38,10073,200,GET,ts-ticketinfo-service
1650244090,ts-ticketinfo-service,6400c318e4892ff6,1a5789ff8b76ef4c,550e21d096505e38,4001,200,GET,ts-ticketinfo-service
1650244090,ts-ticketinfo-service,1a5789ff8b76ef4c,99230be959acb857,550e21d096505e38,5523,200,queryForStationId,ts-travel-service
1650244090,ts-route-service,d7c8ec167c0a79a9,939337edbc218bbb,550e21d096505e38,21806,200,queryById,ts-travel-service
1650244090,ts-order-service,19ead90df3daddd6,20ec9e84f6016305,20ec9e84f6016305,6358,200,POST,ts-order-service
1650244090,ts-order-service,20ec9e84f6016305,,20ec9e84f6016305,8901,200,queryOrdersForRefresh,no_parent
1650244090,ts-verification-code-service,3a6fc3288da03dd7,,3a6fc3288da03dd7,2403,200,imageCode,no_parent
1650244090,ts-station-service,27c75742eb2926bc,19ead90df3daddd6,20ec9e84f6016305,4916,200,queryForNameBatch,ts-order-service
1650244090,ts-contacts-service,c416ef7172b124eb,,c416ef7172b124eb,2258,200,findContactsByAccountId,no_parent
1650244090,ts-assurance-service,438c41fd37a88bb6,,438c41fd37a88bb6,1299,200,getAllAssuranceType,no_parent
1650244150,ts-security-service,faa87d797d3aa106,205bdce131e2d02e,873acfd679c270b,4822,200,GET,ts-security-service
1650244150,ts-security-service,205bdce131e2d02e,aa420c51e81a9108,873acfd679c270b,14508,200,check,ts-preserve-service
1650244150,ts-auth-service,7fba87d3d64b9776,,7fba87d3d64b9776,119914,200,getToken,no_parent
1650244150,ts-route-service,e8e057be3a272ad1,f3b08401666a034c,bbe9a44c158828d6,2121,200,queryById,ts-travel-service
1650244150,ts-station-service,cd2027dd1a2899f8,a06f9edaea45c02d,bbe9a44c158828d6,2427,200,queryForStationId,ts-basic-service
1650244150,ts-travel-service,cb5a7c985faa2f50,bbe9a44c158828d6,bbe9a44c158828d6,9267,200,GET,ts-travel-service
1650244150,ts-travel-service,39a16387936ddf8b,bbe9a44c158828d6,bbe9a44c158828d6,2329,200,GET,ts-travel-service
1650244150,ts-basic-service,ce6944b1e96d97d0,6f2335e5cf291341,bbe9a44c158828d6,3288,200,GET,ts-basic-service
1650244150,ts-ticketinfo-service,cdc9f0f47653078a,dc4fc8c62da6a757,bbe9a44c158828d6,9815,200,queryForStationId,ts-travel-service
1650244150,ts-ticketinfo-service,509f49aaef4b4eb0,dba407a286b1ab41,bbe9a44c158828d6,6387,200,GET,ts-ticketinfo-service
1650244150,ts-ticketinfo-service,6f665dbaf1561e5c,cdc9f0f47653078a,bbe9a44c158828d6,7234,200,GET,ts-ticketinfo-service
1650244150,ts-travel-service,bbe9a44c158828d6,,bbe9a44c158828d6,46014,200,queryInfo,no_parent
1650244150,ts-travel-service,f3b08401666a034c,bbe9a44c158828d6,bbe9a44c158828d6,2297,200,GET,ts-travel-service
1650244150,ts-route-service,2d5a40d172e2ec5d,74026a069d0ff5a7,bbe9a44c158828d6,2103,200,queryById,ts-travel-service
1650244150,ts-route-service,d3fcac2319f8afea,fcbdaccb88e8bb92,bbe9a44c158828d6,2148,200,queryById,ts-travel-service
1650244150,ts-ticketinfo-service,dba407a286b1ab41,cb5a7c985faa2f50,bbe9a44c158828d6,8832,200,queryForStationId,ts-travel-service
1650244150,ts-route-service,6dc57f34efc23bd9,39a16387936ddf8b,bbe9a44c158828d6,2123,200,queryById,ts-travel-service
1650244150,ts-route-service,c102902a9488f95d,9ee8e4d9448a91be,bbe9a44c158828d6,2754,200,queryById,ts-travel-service
1650244150,ts-basic-service,97f29d7dbfa2f097,6f665dbaf1561e5c,bbe9a44c158828d6,5975,200,queryForStationId,ts-ticketinfo-service
1650244150,ts-basic-service,6f2335e5cf291341,509f49aaef4b4eb0,bbe9a44c158828d6,5592,200,queryForStationId,ts-ticketinfo-service
1650244150,ts-order-service,a6dbb6638685f209,faa87d797d3aa106,873acfd679c270b,3382,200,securityInfoCheck,ts-security-service
1650244150,ts-order-other-service,d3b6ef172ad7dbdc,4df430524a1887fb,873acfd679c270b,3516,200,securityInfoCheck,ts-security-service
1650244150,ts-travel-service,9ee8e4d9448a91be,bbe9a44c158828d6,bbe9a44c158828d6,4032,200,GET,ts-travel-service
1650244150,ts-travel-service,fcbdaccb88e8bb92,bbe9a44c158828d6,bbe9a44c158828d6,2651,200,GET,ts-travel-service
1650244150,ts-preserve-service,aa420c51e81a9108,873acfd679c270b,873acfd679c270b,16159,200,GET,ts-preserve-service
1650244150,ts-preserve-service,6cef2c125e35ac0f,873acfd679c270b,873acfd679c270b,3657,200,GET,ts-preserve-service
1650244150,ts-order-service,73f5d6af62346784,1382b915287ba1df,1382b915287ba1df,9447,200,POST,ts-order-service
1650244150,ts-order-service,1382b915287ba1df,,1382b915287ba1df,12790,200,queryOrdersForRefresh,no_parent
1650244150,ts-station-service,1382eb1c25c2af88,73f5d6af62346784,1382b915287ba1df,7951,200,queryForNameBatch,ts-order-service
1650244150,ts-preserve-service,873acfd679c270b,,873acfd679c270b,22601,200,preserve,no_parent
1650244150,ts-security-service,4df430524a1887fb,205bdce131e2d02e,873acfd679c270b,4779,200,GET,ts-security-service
1650244150,ts-contacts-service,223ca47dde53a99a,6cef2c125e35ac0f,873acfd679c270b,2385,200,getContactsByContactsId,ts-preserve-service
1650244150,ts-station-service,668875680844eaf6,ce6944b1e96d97d0,bbe9a44c158828d6,2563,200,queryForStationId,ts-basic-service
1650244150,ts-basic-service,a06f9edaea45c02d,97f29d7dbfa2f097,bbe9a44c158828d6,3520,200,GET,ts-basic-service
1650244150,ts-assurance-service,244d315e23733515,,244d315e23733515,1575,200,getAllAssuranceType,no_parent
1650244150,ts-travel-service,dc4fc8c62da6a757,bbe9a44c158828d6,bbe9a44c158828d6,11445,200,GET,ts-travel-service
1650244150,ts-travel-service,74026a069d0ff5a7,bbe9a44c158828d6,bbe9a44c158828d6,2295,200,GET,ts-travel-service
1650244150,ts-contacts-service,dcf022aaaf362d8b,,dcf022aaaf362d8b,2974,200,findContactsByAccountId,no_parent
1650244150,ts-verification-code-service,ae5a748c19b01a1f,,ae5a748c19b01a1f,3112,200,imageCode,no_parent
1650244150,ts-auth-service,d7f2944de0f85b61,7fba87d3d64b9776,7fba87d3d64b9776,3749,200,GET,ts-auth-service
1650244150,ts-verification-code-service,b752463c52c1dc2b,d7f2944de0f85b61,7fba87d3d64b9776,1991,200,verifyCode,ts-auth-service
1650244210,ts-security-service,fabc4bf7f236102d,aaef46eff79f7da3,63fde402e60d31c,13554,200,check,ts-preserve-service
1650244210,ts-verification-code-service,49af608cdcf9f644,,49af608cdcf9f644,2956,200,imageCode,no_parent
1650244210,ts-auth-service,7bd2d47897c68400,68731b628e507105,68731b628e507105,3644,200,GET,ts-auth-service
1650244210,ts-auth-service,68731b628e507105,,68731b628e507105,116725,200,getToken,no_parent
1650244210,ts-verification-code-service,3cdd60cccb7a9090,7bd2d47897c68400,68731b628e507105,1949,200,verifyCode,ts-auth-service
1650244210,ts-preserve-service,aaef46eff79f7da3,63fde402e60d31c,63fde402e60d31c,15563,200,GET,ts-preserve-service
1650244210,ts-preserve-service,f1686234f7c59a86,63fde402e60d31c,63fde402e60d31c,3243,200,GET,ts-preserve-service
1650244210,ts-security-service,7145fe3b1dddb0a2,fabc4bf7f236102d,63fde402e60d31c,4673,200,GET,ts-security-service
1650244210,ts-security-service,c70f4bc010573325,fabc4bf7f236102d,63fde402e60d31c,4560,200,GET,ts-security-service
1650244210,ts-order-service,de25a2021c02d4ab,e6855f195562112f,e6855f195562112f,9254,200,POST,ts-order-service
1650244210,ts-order-other-service,e9bf12f881024f32,c70f4bc010573325,63fde402e60d31c,3568,200,securityInfoCheck,ts-security-service
1650244210,ts-contacts-service,738879f49d704eea,,738879f49d704eea,3015,200,findContactsByAccountId,no_parent
1650244210,ts-preserve-service,63fde402e60d31c,,63fde402e60d31c,21489,200,preserve,no_parent
1650244210,ts-order-service,4967aec19899844f,7145fe3b1dddb0a2,63fde402e60d31c,3298,200,securityInfoCheck,ts-security-service
1650244210,ts-contacts-service,1772268e6f9235d5,f1686234f7c59a86,63fde402e60d31c,2297,200,getContactsByContactsId,ts-preserve-service
1650244210,ts-order-service,e6855f195562112f,,e6855f195562112f,12678,200,queryOrdersForRefresh,no_parent
1650244210,ts-station-service,675c597f814836e8,de25a2021c02d4ab,e6855f195562112f,7738,200,queryForNameBatch,ts-order-service
1650244211,ts-ticketinfo-service,1a118e67cfc73290,cadf2d11752b2e38,11b2a3e7f90e7b1d,20750116,200,GET,ts-ticketinfo-service
1650244211,ts-travel-service,11b2a3e7f90e7b1d,,11b2a3e7f90e7b1d,38372068,200,queryInfo,no_parent
1650244211,ts-travel-service,b8a10d8927c65768,11b2a3e7f90e7b1d,11b2a3e7f90e7b1d,28043522,200,GET,ts-travel-service
1650244211,ts-ticketinfo-service,cadf2d11752b2e38,b8a10d8927c65768,11b2a3e7f90e7b1d,28041758,200,queryForStationId,ts-travel-service
1650244218,ts-basic-service,1710304e914c8cf3,1a118e67cfc73290,11b2a3e7f90e7b1d,10300805,200,queryForStationId,ts-ticketinfo-service
1650244218,ts-basic-service,814ec3427582bf60,1710304e914c8cf3,11b2a3e7f90e7b1d,10298232,200,GET,ts-basic-service
1650244223,ts-station-service,59c1d6cc84b8b5b3,814ec3427582bf60,11b2a3e7f90e7b1d,2545,200,queryForStationId,ts-basic-service
1650244239,ts-ticketinfo-service,eee472dd69f2a83c,9583bb059b9260c1,11b2a3e7f90e7b1d,6012874,200,GET,ts-ticketinfo-service
1650244239,ts-basic-service,5e735a564787cc43,ba691666d50a85e0,11b2a3e7f90e7b1d,3007476,200,GET,ts-basic-service
1650244239,ts-basic-service,ba691666d50a85e0,eee472dd69f2a83c,11b2a3e7f90e7b1d,3009864,200,queryForStationId,ts-ticketinfo-service
1650244239,ts-travel-service,35bd3658e5ccd8f5,11b2a3e7f90e7b1d,11b2a3e7f90e7b1d,10302609,200,GET,ts-travel-service
1650244239,ts-ticketinfo-service,9583bb059b9260c1,35bd3658e5ccd8f5,11b2a3e7f90e7b1d,10302052,200,queryForStationId,ts-travel-service
1650244240,ts-station-service,4a79988d4138a18b,5e735a564787cc43,11b2a3e7f90e7b1d,2602,200,queryForStationId,ts-basic-service
1650244249,ts-route-service,543b2bdb79062090,a2600b3138963a42,11b2a3e7f90e7b1d,2131,200,queryById,ts-travel-service
1650244249,ts-route-service,f2bf12d6b37f730f,ff5c71c7d2fde88e,11b2a3e7f90e7b1d,2133,200,queryById,ts-travel-service
1650244249,ts-travel-service,7cb7e60b8c76f525,11b2a3e7f90e7b1d,11b2a3e7f90e7b1d,2320,200,GET,ts-travel-service
1650244249,ts-route-service,ca42cd66e911f397,62c2a7dbbc5681db,11b2a3e7f90e7b1d,2651,200,queryById,ts-travel-service
1650244249,ts-travel-service,a2600b3138963a42,11b2a3e7f90e7b1d,11b2a3e7f90e7b1d,2351,200,GET,ts-travel-service
1650244249,ts-route-service,251c662ff94f7f0b,7cb7e60b8c76f525,11b2a3e7f90e7b1d,2143,200,queryById,ts-travel-service
1650244249,ts-travel-service,506b4927da1df3d2,11b2a3e7f90e7b1d,11b2a3e7f90e7b1d,2670,200,GET,ts-travel-service
1650244249,ts-route-service,2f5529207578192e,506b4927da1df3d2,11b2a3e7f90e7b1d,2112,200,queryById,ts-travel-service
1650244249,ts-travel-service,ff5c71c7d2fde88e,11b2a3e7f90e7b1d,11b2a3e7f90e7b1d,2356,200,GET,ts-travel-service
1650244249,ts-travel-service,62c2a7dbbc5681db,11b2a3e7f90e7b1d,11b2a3e7f90e7b1d,4338,200,GET,ts-travel-service
1650244249,ts-assurance-service,8746de42e9fc7a97,,8746de42e9fc7a97,1396,200,getAllAssuranceType,no_parent
1650244309,ts-travel-service,a1aa1f4b3fe6a108,,a1aa1f4b3fe6a108,48861143,200,queryInfo,no_parent
1650244309,ts-security-service,7d56188ba781deef,a95ebf9f5a58d4ac,151e828caca90841,14136,200,check,ts-preserve-service
1650244309,ts-security-service,b4b78a5b17519df2,7d56188ba781deef,151e828caca90841,4881,200,GET,ts-security-service
1650244309,ts-contacts-service,c40cc2f0e5138a7b,7ba805dfb39371ce,151e828caca90841,2298,200,getContactsByContactsId,ts-preserve-service
1650244309,ts-order-other-service,265ccb186dbfae8a,a0104ea842dffc9b,151e828caca90841,3078,200,securityInfoCheck,ts-security-service
1650244309,ts-preserve-service,151e828caca90841,,151e828caca90841,21946,200,preserve,no_parent
1650244309,ts-preserve-service,7ba805dfb39371ce,151e828caca90841,151e828caca90841,3492,200,GET,ts-preserve-service
1650244309,ts-preserve-service,a95ebf9f5a58d4ac,151e828caca90841,151e828caca90841,15696,200,GET,ts-preserve-service
1650244309,ts-verification-code-service,85d424dfe04a88ac,,85d424dfe04a88ac,3107,200,imageCode,no_parent
1650244309,ts-auth-service,a86f835c0dab489c,,a86f835c0dab489c,107551,200,getToken,no_parent
1650244309,ts-travel-service,1e790c40b3ad5f03,a1aa1f4b3fe6a108,a1aa1f4b3fe6a108,38511856,200,GET,ts-travel-service
1650244309,ts-ticketinfo-service,6bb7b49fb2349ee,1e790c40b3ad5f03,a1aa1f4b3fe6a108,38509004,200,queryForStationId,ts-travel-service
1650244309,ts-order-service,3806302367eb922e,,3806302367eb922e,13010,200,queryOrdersForRefresh,no_parent
1650244309,ts-order-service,b259ab6c3428880a,3806302367eb922e,3806302367eb922e,9552,200,POST,ts-order-service
1650244309,ts-station-service,920d28e38464517c,b259ab6c3428880a,3806302367eb922e,7940,200,queryForNameBatch,ts-order-service
1650244309,ts-ticketinfo-service,a75c563670ae647a,6bb7b49fb2349ee,a1aa1f4b3fe6a108,32168680,200,GET,ts-ticketinfo-service
1650244309,ts-order-service,663537b202915180,b4b78a5b17519df2,151e828caca90841,3453,200,securityInfoCheck,ts-security-service
1650244309,ts-verification-code-service,4e98c922ab451144,f9dd6908006bc789,a86f835c0dab489c,2018,200,verifyCode,ts-auth-service
1650244309,ts-security-service,a0104ea842dffc9b,7d56188ba781deef,151e828caca90841,4638,200,GET,ts-security-service
1650244309,ts-contacts-service,9003599234249e72,,9003599234249e72,2991,200,findContactsByAccountId,no_parent
1650244309,ts-auth-service,f9dd6908006bc789,a86f835c0dab489c,a86f835c0dab489c,3547,200,GET,ts-auth-service
1650244312,ts-basic-service,749011e0b8383c4b,a75c563670ae647a,a1aa1f4b3fe6a108,21877786,200,queryForStationId,ts-ticketinfo-service
1650244312,ts-basic-service,20df63941040ac26,749011e0b8383c4b,a1aa1f4b3fe6a108,14586066,200,GET,ts-basic-service
1650244320,ts-station-service,55270b2c4a1c701e,20df63941040ac26,a1aa1f4b3fe6a108,2641,200,queryForStationId,ts-basic-service
1650244348,ts-ticketinfo-service,b569c5648672290a,a1940e516173265,a1aa1f4b3fe6a108,10314967,200,queryForStationId,ts-travel-service
1650244348,ts-basic-service,ae1b3ff627315257,da02ed6b4f17f5c3,a1aa1f4b3fe6a108,3017068,200,queryForStationId,ts-ticketinfo-service
1650244348,ts-basic-service,1132c885512e9357,ae1b3ff627315257,a1aa1f4b3fe6a108,3014425,200,GET,ts-basic-service
1650244348,ts-travel-service,a1940e516173265,a1aa1f4b3fe6a108,a1aa1f4b3fe6a108,10315495,200,GET,ts-travel-service
1650244348,ts-ticketinfo-service,da02ed6b4f17f5c3,b569c5648672290a,a1aa1f4b3fe6a108,6024470,200,GET,ts-ticketinfo-service
1650244349,ts-station-service,5b14593a01eb3b70,1132c885512e9357,a1aa1f4b3fe6a108,3176,200,queryForStationId,ts-basic-service
1650244358,ts-route-service,d88f272a1006840f,9175eb138d0b3a76,a1aa1f4b3fe6a108,2148,200,queryById,ts-travel-service
1650244358,ts-route-service,2c3178fa662ccbd0,cc25ad03dbad656a,a1aa1f4b3fe6a108,2159,200,queryById,ts-travel-service
1650244358,ts-route-service,4d07d6439bb7ce17,193ee224b8bf310f,a1aa1f4b3fe6a108,2135,200,queryById,ts-travel-service
1650244358,ts-travel-service,9175eb138d0b3a76,a1aa1f4b3fe6a108,a1aa1f4b3fe6a108,2356,200,GET,ts-travel-service
1650244358,ts-travel-service,206da34af521eee,a1aa1f4b3fe6a108,a1aa1f4b3fe6a108,2392,200,GET,ts-travel-service
1650244358,ts-route-service,957db5636197c8dc,206da34af521eee,a1aa1f4b3fe6a108,2164,200,queryById,ts-travel-service
1650244358,ts-travel-service,cc25ad03dbad656a,a1aa1f4b3fe6a108,a1aa1f4b3fe6a108,2352,200,GET,ts-travel-service
1650244358,ts-route-service,612d44414601c7fd,3633e928072d26c9,a1aa1f4b3fe6a108,2661,200,queryById,ts-travel-service
1650244358,ts-travel-service,3633e928072d26c9,a1aa1f4b3fe6a108,a1aa1f4b3fe6a108,4277,200,GET,ts-travel-service
1650244358,ts-travel-service,193ee224b8bf310f,a1aa1f4b3fe6a108,a1aa1f4b3fe6a108,2674,200,GET,ts-travel-service
1650244358,ts-assurance-service,b70eb0bbe5c4f7a7,,b70eb0bbe5c4f7a7,1714,200,getAllAssuranceType,no_parent
1650244418,ts-security-service,244372a5b18aee4a,b3b04862e0cdf32d,ad33bc46f218ee69,13891,200,check,ts-preserve-service
1650244418,ts-order-other-service,85fed26203713dc6,73008813564681f7,ad33bc46f218ee69,3558,200,securityInfoCheck,ts-security-service
1650244418,ts-security-service,b00b60639ef3bead,244372a5b18aee4a,ad33bc46f218ee69,4427,200,GET,ts-security-service
1650244418,ts-ticketinfo-service,3105918118fcb090,69b9996fcd0fc78a,70066c59abb46f27,18207128,200,GET,ts-ticketinfo-service
1650244418,ts-preserve-service,e6b32a85a642a517,ad33bc46f218ee69,ad33bc46f218ee69,3504,200,GET,ts-preserve-service
1650244418,ts-travel-service,22121df5ffe5978d,70066c59abb46f27,70066c59abb46f27,20346263,200,GET,ts-travel-service
1650244418,ts-security-service,73008813564681f7,244372a5b18aee4a,ad33bc46f218ee69,4927,200,GET,ts-security-service
1650244418,ts-travel-service,70066c59abb46f27,,70066c59abb46f27,34965028,200,queryInfo,no_parent
1650244418,ts-preserve-service,b3b04862e0cdf32d,ad33bc46f218ee69,ad33bc46f218ee69,15597,200,GET,ts-preserve-service
1650244418,ts-preserve-service,ad33bc46f218ee69,,ad33bc46f218ee69,21917,200,preserve,no_parent
1650244418,ts-order-service,b1ad8700b67e291,,b1ad8700b67e291,13769,200,queryOrdersForRefresh,no_parent
1650244418,ts-station-service,5cfac9f0aae895d3,1439db13608c6c50,b1ad8700b67e291,7730,200,queryForNameBatch,ts-order-service
1650244418,ts-verification-code-service,f801257eb91075dd,7987df55dbfe28b1,5d524a252831fce4,2080,200,verifyCode,ts-auth-service
1650244418,ts-contacts-service,b46ae78e04330d1a,e6b32a85a642a517,ad33bc46f218ee69,2286,200,getContactsByContactsId,ts-preserve-service
1650244418,ts-ticketinfo-service,69b9996fcd0fc78a,22121df5ffe5978d,70066c59abb46f27,20344625,200,queryForStationId,ts-travel-service
1650244418,ts-verification-code-service,b7ef538a346b86ad,,b7ef538a346b86ad,3008,200,imageCode,no_parent
1650244418,ts-auth-service,7987df55dbfe28b1,5d524a252831fce4,5d524a252831fce4,3699,200,GET,ts-auth-service
1650244418,ts-auth-service,5d524a252831fce4,,5d524a252831fce4,116624,200,getToken,no_parent
1650244418,ts-order-service,f6cd91d7cc5358e0,b00b60639ef3bead,ad33bc46f218ee69,3322,200,securityInfoCheck,ts-security-service
1650244418,ts-contacts-service,f577db59203373dd,,f577db59203373dd,3106,200,findContactsByAccountId,no_parent
1650244418,ts-order-service,1439db13608c6c50,b1ad8700b67e291,b1ad8700b67e291,10341,200,POST,ts-order-service
1650244421,ts-basic-service,38f1eb7a051e45bb,c1348f6941667f3d,70066c59abb46f27,7907409,200,GET,ts-basic-service
1650244421,ts-basic-service,c1348f6941667f3d,3105918118fcb090,70066c59abb46f27,7909961,200,queryForStationId,ts-ticketinfo-service
1650244425,ts-station-service,86576bc8225ba88d,38f1eb7a051e45bb,70066c59abb46f27,2571,200,queryForStationId,ts-basic-service
1650244439,ts-basic-service,8560fcc2038a3c40,81e20de44f63fa67,70066c59abb46f27,7293375,200,GET,ts-basic-service
1650244439,ts-travel-service,e0779760dbbce59d,70066c59abb46f27,70066c59abb46f27,14593199,200,GET,ts-travel-service
1650244439,ts-ticketinfo-service,eec38cb06b9f5fcb,e0779760dbbce59d,70066c59abb46f27,14592767,200,queryForStationId,ts-travel-service
1650244439,ts-basic-service,81e20de44f63fa67,f6a4c610258c060f,70066c59abb46f27,7295925,200,queryForStationId,ts-ticketinfo-service
1650244439,ts-ticketinfo-service,f6a4c610258c060f,eec38cb06b9f5fcb,70066c59abb46f27,10301072,200,GET,ts-ticketinfo-service
1650244442,ts-station-service,6a8e93392787bb19,8560fcc2038a3c40,70066c59abb46f27,2549,200,queryForStationId,ts-basic-service
1650244453,ts-route-service,b446c037d5cd54fc,dc599da7c846fd2d,70066c59abb46f27,2097,200,queryById,ts-travel-service
1650244453,ts-travel-service,5868eef310c9861b,70066c59abb46f27,70066c59abb46f27,2372,200,GET,ts-travel-service
1650244453,ts-route-service,8a0ad62af8091635,5868eef310c9861b,70066c59abb46f27,2147,200,queryById,ts-travel-service
1650244453,ts-travel-service,dc599da7c846fd2d,70066c59abb46f27,70066c59abb46f27,2318,200,GET,ts-travel-service
1650244453,ts-travel-service,bc56922d62d25fb3,70066c59abb46f27,70066c59abb46f27,2284,200,GET,ts-travel-service
1650244453,ts-route-service,b16c4e0ce1fade5e,bc56922d62d25fb3,70066c59abb46f27,2125,200,queryById,ts-travel-service
1650244453,ts-assurance-service,9dadb705ffd96f37,,9dadb705ffd96f37,1597,200,getAllAssuranceType,no_parent
1650244453,ts-travel-service,347b62718dc70722,70066c59abb46f27,70066c59abb46f27,2585,200,GET,ts-travel-service
1650244453,ts-travel-service,f2b573e06b8c7e51,70066c59abb46f27,70066c59abb46f27,4258,200,GET,ts-travel-service
1650244453,ts-route-service,cbd6016bfe0d7f16,f2b573e06b8c7e51,70066c59abb46f27,2613,200,queryById,ts-travel-service
1650244453,ts-route-service,d3685f66930ea32f,347b62718dc70722,70066c59abb46f27,2118,200,queryById,ts-travel-service
1650244513,ts-security-service,376cc30eb56849ca,28dcd44878fbbeba,d803a23e8dffe45d,5004,200,GET,ts-security-service
1650244513,ts-security-service,a8104da11558f151,28dcd44878fbbeba,d803a23e8dffe45d,4813,200,GET,ts-security-service
1650244513,ts-contacts-service,6c0cf8bd82602bce,3dc6c75abe7ad45a,d803a23e8dffe45d,2216,200,getContactsByContactsId,ts-preserve-service
1650244513,ts-security-service,28dcd44878fbbeba,46ecc450850a84c3,d803a23e8dffe45d,14582,200,check,ts-preserve-service
1650244513,ts-order-service,60c805717d79d1ad,a8104da11558f151,d803a23e8dffe45d,3394,200,securityInfoCheck,ts-security-service
1650244513,ts-preserve-service,d803a23e8dffe45d,,d803a23e8dffe45d,22487,200,preserve,no_parent
1650244513,ts-preserve-service,46ecc450850a84c3,d803a23e8dffe45d,d803a23e8dffe45d,16216,200,GET,ts-preserve-service
1650244513,ts-preserve-service,3dc6c75abe7ad45a,d803a23e8dffe45d,d803a23e8dffe45d,3467,200,GET,ts-preserve-service
1650244513,ts-order-other-service,b9346aafe839e3f5,376cc30eb56849ca,d803a23e8dffe45d,3759,200,securityInfoCheck,ts-security-service
1650244513,ts-contacts-service,9625682871382091,,9625682871382091,2827,200,findContactsByAccountId,no_parent
1650244513,ts-verification-code-service,a55e2f227cd20cd9,,a55e2f227cd20cd9,2974,200,imageCode,no_parent
1650244513,ts-auth-service,86f78eecd3fe9eff,,86f78eecd3fe9eff,115610,200,getToken,no_parent
1650244513,ts-auth-service,f8630026dcf720f8,86f78eecd3fe9eff,86f78eecd3fe9eff,3371,200,GET,ts-auth-service
1650244513,ts-verification-code-service,d42243d106456341,f8630026dcf720f8,86f78eecd3fe9eff,1715,200,verifyCode,ts-auth-service
1650244513,ts-order-service,12e7e0629c2b1c47,68dfef6dd0a403b4,68dfef6dd0a403b4,9577,200,POST,ts-order-service
1650244513,ts-order-service,68dfef6dd0a403b4,,68dfef6dd0a403b4,13097,200,queryOrdersForRefresh,no_parent
1650244513,ts-station-service,aa36338518a1c075,12e7e0629c2b1c47,68dfef6dd0a403b4,7998,200,queryForNameBatch,ts-order-service
1650244514,ts-ticketinfo-service,98a0d64786dae83b,da428840ddc83dce,7aca59021819ec3a,24887159,200,GET,ts-ticketinfo-service
1650244514,ts-travel-service,7aca59021819ec3a,,7aca59021819ec3a,41640023,200,queryInfo,no_parent
1650244514,ts-ticketinfo-service,da428840ddc83dce,e2b7c5ac6528fad2,7aca59021819ec3a,27018890,200,queryForStationId,ts-travel-service
1650244514,ts-travel-service,e2b7c5ac6528fad2,7aca59021819ec3a,7aca59021819ec3a,27020430,200,GET,ts-travel-service
1650244517,ts-basic-service,e94ebf3178249c89,98a0d64786dae83b,7aca59021819ec3a,14589941,200,queryForStationId,ts-ticketinfo-service
1650244517,ts-basic-service,e8852fda6111c539,e94ebf3178249c89,7aca59021819ec3a,14587409,200,GET,ts-basic-service
1650244524,ts-station-service,b589fbea42b3e804,e8852fda6111c539,7aca59021819ec3a,2583,200,queryForStationId,ts-basic-service
1650244541,ts-ticketinfo-service,5bd6a8756c249b56,ceeeecf121c3bf0c,7aca59021819ec3a,14586596,200,GET,ts-ticketinfo-service
1650244541,ts-basic-service,c6dcb93c606bcfe3,5bd6a8756c249b56,7aca59021819ec3a,7300030,200,queryForStationId,ts-ticketinfo-service
1650244541,ts-basic-service,cdd35f6c0295dbba,c6dcb93c606bcfe3,7aca59021819ec3a,7297529,200,GET,ts-basic-service
1650244541,ts-travel-service,7818498fae64ec34,7aca59021819ec3a,7aca59021819ec3a,14591176,200,GET,ts-travel-service
1650244541,ts-ticketinfo-service,ceeeecf121c3bf0c,7818498fae64ec34,7aca59021819ec3a,14590785,200,queryForStationId,ts-travel-service
1650244544,ts-station-service,d2f2ca07f492ef0b,cdd35f6c0295dbba,7aca59021819ec3a,2581,200,queryForStationId,ts-basic-service
1650244555,ts-travel-service,22936bc69dc2f279,7aca59021819ec3a,7aca59021819ec3a,2352,200,GET,ts-travel-service
1650244555,ts-travel-service,2743a41717469088,7aca59021819ec3a,7aca59021819ec3a,2293,200,GET,ts-travel-service
1650244555,ts-travel-service,640d81bd5fab1fea,7aca59021819ec3a,7aca59021819ec3a,2372,200,GET,ts-travel-service
1650244555,ts-route-service,29b4bae7a75648c3,2743a41717469088,7aca59021819ec3a,2156,200,queryById,ts-travel-service
1650244555,ts-route-service,38f85834b3257c3b,57020d4a8c529385,7aca59021819ec3a,5790,200,queryById,ts-travel-service
1650244555,ts-route-service,98acd5029cef2097,22936bc69dc2f279,7aca59021819ec3a,2232,200,queryById,ts-travel-service
1650244555,ts-route-service,b6d787eea164066e,640d81bd5fab1fea,7aca59021819ec3a,2201,200,queryById,ts-travel-service
1650244555,ts-route-service,792f7c415b7819ee,a34bc120e366fc31,7aca59021819ec3a,2164,200,queryById,ts-travel-service
1650244555,ts-travel-service,57020d4a8c529385,7aca59021819ec3a,7aca59021819ec3a,8007,200,GET,ts-travel-service
1650244555,ts-travel-service,a34bc120e366fc31,7aca59021819ec3a,7aca59021819ec3a,2868,200,GET,ts-travel-service
1650244555,ts-assurance-service,8ff2d300e6f888c3,,8ff2d300e6f888c3,1603,200,getAllAssuranceType,no_parent
1650244615,ts-preserve-service,ed78d8feaf0d5ab3,,ed78d8feaf0d5ab3,28150,200,preserve,no_parent
1650244615,ts-order-service,70eb7bdd4b3dc25b,c157fef370ccf95d,ed78d8feaf0d5ab3,9235,200,securityInfoCheck,ts-security-service
1650244615,ts-travel-service,f44ac288c17d54ff,cc4b42d9fc28831c,cc4b42d9fc28831c,22369412,200,GET,ts-travel-service
1650244615,ts-contacts-service,c8b2d6837b6b9b36,,c8b2d6837b6b9b36,3080,200,findContactsByAccountId,no_parent
1650244615,ts-preserve-service,80c4fc7bdca60d89,ed78d8feaf0d5ab3,ed78d8feaf0d5ab3,3819,200,GET,ts-preserve-service
1650244615,ts-auth-service,adc320ab2e9e4b20,1f94e683ebaff4f2,1f94e683ebaff4f2,3616,200,GET,ts-auth-service
1650244615,ts-order-other-service,db934661dd4d9c9d,6d98ecc419ef2cbe,ed78d8feaf0d5ab3,3517,200,securityInfoCheck,ts-security-service
1650244615,ts-station-service,6e87ecca9234efd8,7830a95346825996,2216035816fcc9d0,6977,200,queryForNameBatch,ts-order-service
1650244615,ts-preserve-service,9198d97e807706bc,ed78d8feaf0d5ab3,ed78d8feaf0d5ab3,21755,200,GET,ts-preserve-service
1650244615,ts-travel-service,cc4b42d9fc28831c,,cc4b42d9fc28831c,32694804,200,queryInfo,no_parent
1650244615,ts-security-service,6d98ecc419ef2cbe,4dbd3c2f52701917,ed78d8feaf0d5ab3,4736,200,GET,ts-security-service
1650244615,ts-security-service,4dbd3c2f52701917,9198d97e807706bc,ed78d8feaf0d5ab3,20418,200,check,ts-preserve-service
1650244615,ts-security-service,c157fef370ccf95d,4dbd3c2f52701917,ed78d8feaf0d5ab3,10523,200,GET,ts-security-service
1650244615,ts-order-service,7830a95346825996,2216035816fcc9d0,2216035816fcc9d0,8313,200,POST,ts-order-service
1650244615,ts-ticketinfo-service,d5fd22775936cf2a,f44ac288c17d54ff,cc4b42d9fc28831c,22367834,200,queryForStationId,ts-travel-service
1650244615,ts-ticketinfo-service,bcc5b45faf19b340,d5fd22775936cf2a,cc4b42d9fc28831c,19359163,200,GET,ts-ticketinfo-service
1650244615,ts-order-service,2216035816fcc9d0,,2216035816fcc9d0,11494,200,queryOrdersForRefresh,no_parent
1650244615,ts-contacts-service,da845f8a0099cd4a,80c4fc7bdca60d89,ed78d8feaf0d5ab3,2534,200,getContactsByContactsId,ts-preserve-service
1650244615,ts-auth-service,1f94e683ebaff4f2,,1f94e683ebaff4f2,111218,200,getToken,no_parent
1650244615,ts-verification-code-service,d2ae18c63c618c3e,adc320ab2e9e4b20,1f94e683ebaff4f2,1959,200,verifyCode,ts-auth-service
1650244615,ts-verification-code-service,a9252ecda580f3ba,,a9252ecda580f3ba,2998,200,imageCode,no_parent
1650244621,ts-basic-service,8f91fae1655c70eb,aa61219ee2f90349,cc4b42d9fc28831c,10301643,200,GET,ts-basic-service
1650244621,ts-basic-service,aa61219ee2f90349,bcc5b45faf19b340,cc4b42d9fc28831c,10304007,200,queryForStationId,ts-ticketinfo-service
1650244627,ts-station-service,c527c75813dd3fcd,8f91fae1655c70eb,cc4b42d9fc28831c,2576,200,queryForStationId,ts-basic-service
1650244638,ts-travel-service,1faa8a86351a5795,cc4b42d9fc28831c,cc4b42d9fc28831c,10299742,200,GET,ts-travel-service
1650244638,ts-ticketinfo-service,ef91d4d055ba3cf,1faa8a86351a5795,cc4b42d9fc28831c,10299250,200,queryForStationId,ts-travel-service
1650244638,ts-ticketinfo-service,87854173e91246c4,ef91d4d055ba3cf,cc4b42d9fc28831c,10296867,200,GET,ts-ticketinfo-service
1650244638,ts-basic-service,100aed1d667885e9,210aa698ba018272,cc4b42d9fc28831c,3007851,200,GET,ts-basic-service
1650244638,ts-basic-service,210aa698ba018272,87854173e91246c4,cc4b42d9fc28831c,3010246,200,queryForStationId,ts-ticketinfo-service
1650244641,ts-station-service,5d0eefbb649ffd61,100aed1d667885e9,cc4b42d9fc28831c,2552,200,queryForStationId,ts-basic-service
1650244648,ts-travel-service,4b3cf3f646524443,cc4b42d9fc28831c,cc4b42d9fc28831c,2351,200,GET,ts-travel-service
1650244648,ts-travel-service,3b7d7d940c99b44b,cc4b42d9fc28831c,cc4b42d9fc28831c,2756,200,GET,ts-travel-service
1650244648,ts-route-service,592552c2cbc1a748,db5edb178a93fa7d,cc4b42d9fc28831c,2117,200,queryById,ts-travel-service
1650244648,ts-route-service,d4aeb97c96abceae,4b3cf3f646524443,cc4b42d9fc28831c,2123,200,queryById,ts-travel-service
1650244648,ts-route-service,a29a86c1b002ad1e,3d195c2ce89850b6,cc4b42d9fc28831c,2111,200,queryById,ts-travel-service
1650244648,ts-travel-service,db5edb178a93fa7d,cc4b42d9fc28831c,cc4b42d9fc28831c,2305,200,GET,ts-travel-service
1650244648,ts-travel-service,3d195c2ce89850b6,cc4b42d9fc28831c,cc4b42d9fc28831c,2309,200,GET,ts-travel-service
1650244648,ts-route-service,f97a37adf56a66a0,3b7d7d940c99b44b,cc4b42d9fc28831c,2219,200,queryById,ts-travel-service
1650244648,ts-assurance-service,b383240486dafcc9,,b383240486dafcc9,1584,200,getAllAssuranceType,no_parent
1650244648,ts-route-service,ef2fd429b81b7882,55e10dab4231486a,cc4b42d9fc28831c,2620,200,queryById,ts-travel-service
1650244648,ts-travel-service,55e10dab4231486a,cc4b42d9fc28831c,cc4b42d9fc28831c,4270,200,GET,ts-travel-service
1650244707,ts-auth-service,9df26d5dcdced258,8a2438a2d4b12107,8a2438a2d4b12107,2939,200,GET,ts-auth-service
1650244707,ts-ticketinfo-service,20d56b5f1fc25d1b,f8ac0a83decac09,72ce0ee7eff16a3b,17390666,200,GET,ts-ticketinfo-service
1650244707,ts-travel-service,72ce0ee7eff16a3b,,72ce0ee7eff16a3b,30721099,200,queryInfo,no_parent
1650244707,ts-travel-service,8873cebd02c93cbb,72ce0ee7eff16a3b,72ce0ee7eff16a3b,20395599,200,GET,ts-travel-service
1650244707,ts-verification-code-service,9c7ab19c7c2af934,,9c7ab19c7c2af934,2274,200,imageCode,no_parent
1650244707,ts-auth-service,8a2438a2d4b12107,,8a2438a2d4b12107,111358,200,getToken,no_parent
1650244707,ts-verification-code-service,704be784c25246a0,9df26d5dcdced258,8a2438a2d4b12107,1348,200,verifyCode,ts-auth-service
1650244707,ts-ticketinfo-service,f8ac0a83decac09,8873cebd02c93cbb,72ce0ee7eff16a3b,20393525,200,queryForStationId,ts-travel-service
1650244708,ts-ticketinfo-service,38f9c032e9e836b9,b16135b4173d27d,f6aa9319e203ba38,22696858,200,queryForStationId,ts-travel-service
1650244708,ts-preserve-service,c8cb6f89496148f2,6cf5561f9bd81b7c,6cf5561f9bd81b7c,3543,200,GET,ts-preserve-service
1650244708,ts-order-other-service,cbd28557aa6ade47,e3205726c93daf15,6cf5561f9bd81b7c,3476,200,securityInfoCheck,ts-security-service
1650244708,ts-travel-service,f6aa9319e203ba38,,f6aa9319e203ba38,33032171,200,queryInfo,no_parent
1650244708,ts-security-service,739343ff1de9c368,caa8447815c7ed2c,6cf5561f9bd81b7c,5038,200,GET,ts-security-service
1650244708,ts-travel-service,b16135b4173d27d,f6aa9319e203ba38,f6aa9319e203ba38,22697947,200,GET,ts-travel-service
1650244708,ts-contacts-service,9a771901d432e9ef,c8cb6f89496148f2,6cf5561f9bd81b7c,2280,200,getContactsByContactsId,ts-preserve-service
1650244708,ts-ticketinfo-service,f64edee3e59b0e0e,38f9c032e9e836b9,f6aa9319e203ba38,20591740,200,GET,ts-ticketinfo-service
1650244708,ts-preserve-service,6cf5561f9bd81b7c,,6cf5561f9bd81b7c,22529,200,preserve,no_parent
1650244708,ts-order-service,8869608fb0f54777,739343ff1de9c368,6cf5561f9bd81b7c,3272,200,securityInfoCheck,ts-security-service
1650244708,ts-security-service,caa8447815c7ed2c,40b22c624f538891,6cf5561f9bd81b7c,14290,200,check,ts-preserve-service
1650244708,ts-security-service,e3205726c93daf15,caa8447815c7ed2c,6cf5561f9bd81b7c,4706,200,GET,ts-security-service
1650244708,ts-preserve-service,40b22c624f538891,6cf5561f9bd81b7c,6cf5561f9bd81b7c,16132,200,GET,ts-preserve-service
1650244708,ts-order-service,8420d05a84b1fbf9,,8420d05a84b1fbf9,13102,200,queryOrdersForRefresh,no_parent
1650244708,ts-station-service,936ef729b33c7f9a,168119a087e4466c,8420d05a84b1fbf9,8171,200,queryForNameBatch,ts-order-service
1650244708,ts-verification-code-service,dc03fc3fbfb2ea32,,dc03fc3fbfb2ea32,2980,200,imageCode,no_parent
1650244708,ts-auth-service,4a184bac63a770a6,be4d810dea96c186,be4d810dea96c186,3455,200,GET,ts-auth-service
1650244708,ts-auth-service,be4d810dea96c186,,be4d810dea96c186,109985,200,getToken,no_parent
1650244708,ts-order-service,168119a087e4466c,8420d05a84b1fbf9,8420d05a84b1fbf9,9574,200,POST,ts-order-service
1650244708,ts-verification-code-service,6eae573fab54f066,4a184bac63a770a6,be4d810dea96c186,2333,200,verifyCode,ts-auth-service
1650244708,ts-contacts-service,f693b9b4cf4173e4,,f693b9b4cf4173e4,2971,200,findContactsByAccountId,no_parent
1650244711,ts-basic-service,b47e536ee8127452,eec8eab23a3f87f0,f6aa9319e203ba38,10295697,200,GET,ts-basic-service
1650244711,ts-basic-service,5c4df307f1722e2,20d56b5f1fc25d1b,72ce0ee7eff16a3b,10299888,200,queryForStationId,ts-ticketinfo-service
1650244711,ts-basic-service,eec8eab23a3f87f0,f64edee3e59b0e0e,f6aa9319e203ba38,10298028,200,queryForStationId,ts-ticketinfo-service
1650244711,ts-basic-service,5b77315033c265c8,5c4df307f1722e2,72ce0ee7eff16a3b,10297295,200,GET,ts-basic-service
1650244716,ts-station-service,a2bb8cad8d892618,b47e536ee8127452,f6aa9319e203ba38,2612,200,queryForStationId,ts-basic-service
1650244721,ts-station-service,b6523eb8912d6445,5b77315033c265c8,72ce0ee7eff16a3b,2579,200,queryForStationId,ts-basic-service
1650244727,ts-ticketinfo-service,74d523abe002324a,dc4bbcda6def870c,72ce0ee7eff16a3b,10297100,200,GET,ts-ticketinfo-service
1650244727,ts-travel-service,4a3dbcde410ff417,72ce0ee7eff16a3b,72ce0ee7eff16a3b,10299714,200,GET,ts-travel-service
1650244727,ts-basic-service,6e057a64616e6eab,8ed8861eba850146,72ce0ee7eff16a3b,3005069,200,GET,ts-basic-service
1650244727,ts-basic-service,8ed8861eba850146,74d523abe002324a,72ce0ee7eff16a3b,3007622,200,queryForStationId,ts-ticketinfo-service
1650244727,ts-ticketinfo-service,dc4bbcda6def870c,4a3dbcde410ff417,72ce0ee7eff16a3b,10299462,200,queryForStationId,ts-travel-service
1650244729,ts-station-service,d28f652f8705a70e,6e057a64616e6eab,72ce0ee7eff16a3b,2591,200,queryForStationId,ts-basic-service
1650244731,ts-ticketinfo-service,ed074fe993c58cd5,4c1b7289c4ba1c3,f6aa9319e203ba38,10298449,200,GET,ts-ticketinfo-service
1650244731,ts-basic-service,a51cff1ca42013ff,d18822dd8e0f7a13,f6aa9319e203ba38,3006172,200,GET,ts-basic-service
1650244731,ts-ticketinfo-service,4c1b7289c4ba1c3,713138a1010167ac,f6aa9319e203ba38,10305219,200,queryForStationId,ts-travel-service
1650244731,ts-travel-service,713138a1010167ac,f6aa9319e203ba38,f6aa9319e203ba38,10305734,200,GET,ts-travel-service
1650244731,ts-basic-service,d18822dd8e0f7a13,ed074fe993c58cd5,f6aa9319e203ba38,3008568,200,queryForStationId,ts-ticketinfo-service
1650244734,ts-station-service,7d885e44eef7878f,a51cff1ca42013ff,f6aa9319e203ba38,2717,200,queryForStationId,ts-basic-service
1650244738,ts-route-service,f25d4c93422c1cb5,2fe699234f6af1e9,72ce0ee7eff16a3b,2112,200,queryById,ts-travel-service
1650244738,ts-route-service,71687ac0f21f95f1,36d2dd6f6a6faf3c,72ce0ee7eff16a3b,2151,200,queryById,ts-travel-service
1650244738,ts-route-service,d213b450dde66783,6add165f90626f80,72ce0ee7eff16a3b,2134,200,queryById,ts-travel-service
1650244738,ts-travel-service,2383495d45d65f23,72ce0ee7eff16a3b,72ce0ee7eff16a3b,4300,200,GET,ts-travel-service
1650244738,ts-travel-service,fa7701fbf33e3ff5,72ce0ee7eff16a3b,72ce0ee7eff16a3b,2698,200,GET,ts-travel-service
1650244738,ts-travel-service,36d2dd6f6a6faf3c,72ce0ee7eff16a3b,72ce0ee7eff16a3b,2322,200,GET,ts-travel-service
1650244738,ts-route-service,1b89f46009ce92c8,2383495d45d65f23,72ce0ee7eff16a3b,2611,200,queryById,ts-travel-service
1650244738,ts-route-service,de5bbd373a18ac2a,fa7701fbf33e3ff5,72ce0ee7eff16a3b,2169,200,queryById,ts-travel-service
1650244738,ts-travel-service,2fe699234f6af1e9,72ce0ee7eff16a3b,72ce0ee7eff16a3b,2341,200,GET,ts-travel-service
1650244738,ts-travel-service,6add165f90626f80,72ce0ee7eff16a3b,72ce0ee7eff16a3b,2368,200,GET,ts-travel-service
1650244738,ts-assurance-service,9d8d55a2218687a6,,9d8d55a2218687a6,1510,200,getAllAssuranceType,no_parent
1650244741,ts-verification-code-service,40dd77bac165b7c7,201e20728e441894,4bc4303c144f420a,1404,200,verifyCode,ts-auth-service
1650244741,ts-auth-service,4bc4303c144f420a,,4bc4303c144f420a,107572,200,getToken,no_parent
1650244741,ts-auth-service,201e20728e441894,4bc4303c144f420a,4bc4303c144f420a,3392,200,GET,ts-auth-service
1650244741,ts-basic-service,8e8505e8bb5685b8,510772269cba75c4,65b20468374c48d6,3007053,200,GET,ts-basic-service
1650244741,ts-ticketinfo-service,2c9d52cc6192442e,b3270aa4d8e32f76,65b20468374c48d6,6018292,200,GET,ts-ticketinfo-service
1650244741,ts-basic-service,510772269cba75c4,2c9d52cc6192442e,65b20468374c48d6,3009671,200,queryForStationId,ts-ticketinfo-service
1650244741,ts-travel-service,4272b59e3618b1d5,65b20468374c48d6,65b20468374c48d6,10302218,200,GET,ts-travel-service
1650244741,ts-ticketinfo-service,b3270aa4d8e32f76,4272b59e3618b1d5,65b20468374c48d6,10300566,200,queryForStationId,ts-travel-service
1650244741,ts-route-service,518a67be0f93fe83,738cdaac4d112813,f6aa9319e203ba38,1692,200,queryById,ts-travel-service
1650244741,ts-travel-service,d0771adfc0ba98c0,f6aa9319e203ba38,f6aa9319e203ba38,2241,200,GET,ts-travel-service
1650244741,ts-travel-service,fcb5b67ea2383b8e,f6aa9319e203ba38,f6aa9319e203ba38,2299,200,GET,ts-travel-service
1650244741,ts-route-service,51cb53e0dfc2d0de,2a434ff24176feae,f6aa9319e203ba38,1524,200,queryById,ts-travel-service
1650244741,ts-route-service,7551c01f10640e12,fcb5b67ea2383b8e,f6aa9319e203ba38,2197,200,queryById,ts-travel-service
1650244741,ts-route-service,c0b511ed7483ad3,2b2afad206f27315,f6aa9319e203ba38,2916,200,queryById,ts-travel-service
1650244741,ts-route-service,92411f6319738e20,d0771adfc0ba98c0,f6aa9319e203ba38,2175,200,queryById,ts-travel-service
1650244741,ts-travel-service,738cdaac4d112813,f6aa9319e203ba38,f6aa9319e203ba38,1905,200,GET,ts-travel-service
1650244741,ts-travel-service,2a434ff24176feae,f6aa9319e203ba38,f6aa9319e203ba38,1817,200,GET,ts-travel-service
1650244741,ts-travel-service,2b2afad206f27315,f6aa9319e203ba38,f6aa9319e203ba38,5686,200,GET,ts-travel-service
1650244741,ts-travel-service,65b20468374c48d6,,65b20468374c48d6,16363884,200,queryInfo,no_parent
1650244741,ts-assurance-service,3343b802e6f270ce,,3343b802e6f270ce,1467,200,getAllAssuranceType,no_parent
1650244741,ts-verification-code-service,4f8e5324b1070a7a,,4f8e5324b1070a7a,2397,200,imageCode,no_parent
1650244743,ts-station-service,67092938d7567bd,8e8505e8bb5685b8,65b20468374c48d6,2608,200,queryForStationId,ts-basic-service
1650244751,ts-basic-service,a835075fd78a48ea,6f8ae65031f5d5a5,65b20468374c48d6,3008663,200,GET,ts-basic-service
1650244751,ts-ticketinfo-service,17666050f315d901,c0134e0852b995bf,65b20468374c48d6,6021489,200,queryForStationId,ts-travel-service
1650244751,ts-travel-service,c0134e0852b995bf,65b20468374c48d6,65b20468374c48d6,6021718,200,GET,ts-travel-service
1650244751,ts-ticketinfo-service,4a7f016b5da0da8b,17666050f315d901,65b20468374c48d6,6019123,200,GET,ts-ticketinfo-service
1650244751,ts-basic-service,6f8ae65031f5d5a5,4a7f016b5da0da8b,65b20468374c48d6,3011256,200,queryForStationId,ts-ticketinfo-service
1650244753,ts-station-service,89630085bd006b9d,a835075fd78a48ea,65b20468374c48d6,2605,200,queryForStationId,ts-basic-service
1650244757,ts-travel-service,a03d508f51a63967,65b20468374c48d6,65b20468374c48d6,2234,200,GET,ts-travel-service
1650244757,ts-travel-service,a03ee0e4b8bd837,65b20468374c48d6,65b20468374c48d6,2257,200,GET,ts-travel-service
1650244757,ts-route-service,d91f7427aa87fda0,a03ee0e4b8bd837,65b20468374c48d6,2019,200,queryById,ts-travel-service
1650244757,ts-travel-service,cb883ba98c0ca4cd,65b20468374c48d6,65b20468374c48d6,1300,200,GET,ts-travel-service
1650244757,ts-travel-service,d226543d15df67b8,65b20468374c48d6,65b20468374c48d6,19404,200,GET,ts-travel-service
1650244757,ts-travel-service,3f6158fabd7d71ea,65b20468374c48d6,65b20468374c48d6,2310,200,GET,ts-travel-service
1650244757,ts-route-service,4f58c48e2ed20ff4,3f6158fabd7d71ea,65b20468374c48d6,2102,200,queryById,ts-travel-service
1650244757,ts-route-service,7580900753a2f67d,a03d508f51a63967,65b20468374c48d6,2029,200,queryById,ts-travel-service
1650244757,ts-route-service,b40697f56d72693c,d226543d15df67b8,65b20468374c48d6,17618,200,queryById,ts-travel-service
1650244757,ts-route-service,ace5729aaf0300,cb883ba98c0ca4cd,65b20468374c48d6,1059,200,queryById,ts-travel-service
1650244757,ts-assurance-service,e4e9007977172132,,e4e9007977172132,1641,200,getAllAssuranceType,no_parent
1650244801,ts-order-service,89f5ebe120f62849,faa4e628948972bb,ef076d456f72e6b4,3738,200,securityInfoCheck,ts-security-service
1650244801,ts-order-other-service,35f297abff6e60d4,7e2fd3b9b026b324,ef076d456f72e6b4,3711,200,securityInfoCheck,ts-security-service
1650244801,ts-preserve-service,721ad7995d560f80,ef076d456f72e6b4,ef076d456f72e6b4,3929,200,GET,ts-preserve-service
1650244801,ts-contacts-service,b3bf102e7cedd744,,b3bf102e7cedd744,3350,200,findContactsByAccountId,no_parent
1650244801,ts-security-service,7e2fd3b9b026b324,b15ffb82895d0139,ef076d456f72e6b4,4946,200,GET,ts-security-service
1650244801,ts-verification-code-service,90d0790fbc2b7f09,a802fbf9c64167f3,6903c06de4ca6e9,2097,200,verifyCode,ts-auth-service
1650244801,ts-preserve-service,1660d48ffcdf4af4,ef076d456f72e6b4,ef076d456f72e6b4,16967,200,GET,ts-preserve-service
1650244801,ts-auth-service,6903c06de4ca6e9,,6903c06de4ca6e9,118031,200,getToken,no_parent
1650244801,ts-auth-service,a802fbf9c64167f3,6903c06de4ca6e9,6903c06de4ca6e9,3592,200,GET,ts-auth-service
1650244801,ts-security-service,b15ffb82895d0139,1660d48ffcdf4af4,ef076d456f72e6b4,15346,200,check,ts-preserve-service
1650244801,ts-verification-code-service,97616c21b4a63ba3,,97616c21b4a63ba3,3138,200,imageCode,no_parent
1650244801,ts-contacts-service,1cd5866072041d14,721ad7995d560f80,ef076d456f72e6b4,2618,200,getContactsByContactsId,ts-preserve-service
1650244801,ts-security-service,faa4e628948972bb,b15ffb82895d0139,ef076d456f72e6b4,5173,200,GET,ts-security-service
1650244801,ts-station-service,71a1c51b625fe9e4,8f28f168aa71e37f,e67d1edb3c6b6e53,8554,200,queryForNameBatch,ts-order-service
1650244801,ts-preserve-service,ef076d456f72e6b4,,ef076d456f72e6b4,24075,200,preserve,no_parent
1650244801,ts-order-service,8f28f168aa71e37f,e67d1edb3c6b6e53,e67d1edb3c6b6e53,10161,200,POST,ts-order-service
1650244801,ts-order-service,e67d1edb3c6b6e53,,e67d1edb3c6b6e53,13765,200,queryOrdersForRefresh,no_parent
1650244802,ts-ticketinfo-service,7f029ea972b4e3b3,a4cf2c291526502b,c1fb9c8b3a2bedc2,22174179,200,queryForStationId,ts-travel-service
1650244802,ts-travel-service,c1fb9c8b3a2bedc2,,c1fb9c8b3a2bedc2,22217886,200,queryInfo,no_parent
1650244802,ts-ticketinfo-service,ed2635be752bb7ea,7f029ea972b4e3b3,c1fb9c8b3a2bedc2,22171641,200,GET,ts-ticketinfo-service
1650244802,ts-travel-service,a4cf2c291526502b,c1fb9c8b3a2bedc2,c1fb9c8b3a2bedc2,22175678,200,GET,ts-travel-service
1650244805,ts-station-service,acbfe2669c78dd03,3c2b61e2b4e042e4,c1fb9c8b3a2bedc2,2543,200,queryForStationId,no_parent
1650244824,ts-travel-service,921caa1d46213ddf,c1fb9c8b3a2bedc2,c1fb9c8b3a2bedc2,2335,200,GET,ts-travel-service
1650244824,ts-travel-service,413dadeee92a75ea,c1fb9c8b3a2bedc2,c1fb9c8b3a2bedc2,2657,200,GET,ts-travel-service
1650244824,ts-travel-service,dea5c906c8cac8f6,c1fb9c8b3a2bedc2,c1fb9c8b3a2bedc2,17657,200,GET,ts-travel-service
1650244824,ts-route-service,c79d317b569e2f20,413dadeee92a75ea,c1fb9c8b3a2bedc2,2125,200,queryById,ts-travel-service
1650244824,ts-route-service,f2f7ab29bc0df11a,921caa1d46213ddf,c1fb9c8b3a2bedc2,2155,200,queryById,ts-travel-service
1650244824,ts-route-service,ac9f45988e0e62fd,7050e0dde2c98ef0,c1fb9c8b3a2bedc2,2147,200,queryById,ts-travel-service
1650244824,ts-route-service,b0dd22d0881de5cb,64658279c090323b,c1fb9c8b3a2bedc2,1750,200,queryById,ts-travel-service
1650244824,ts-ticketinfo-service,5fde8f942d60cc31,dea5c906c8cac8f6,c1fb9c8b3a2bedc2,17389,200,queryForStationId,ts-travel-service
1650244824,ts-route-service,f46d9fee69232422,6006130f60258f0,c1fb9c8b3a2bedc2,2706,200,queryById,ts-travel-service
1650244824,ts-ticketinfo-service,982737a61d0061f1,5fde8f942d60cc31,c1fb9c8b3a2bedc2,14975,200,GET,ts-ticketinfo-service
1650244824,ts-basic-service,481aebd0b8725f91,982737a61d0061f1,c1fb9c8b3a2bedc2,14653,200,queryForStationId,ts-ticketinfo-service
1650244824,ts-basic-service,1544f2e281d008ae,481aebd0b8725f91,c1fb9c8b3a2bedc2,12217,200,GET,ts-basic-service
1650244824,ts-station-service,e2053b96a8ab3727,1544f2e281d008ae,c1fb9c8b3a2bedc2,10710,200,queryForStationId,ts-basic-service
1650244824,ts-travel-service,7050e0dde2c98ef0,c1fb9c8b3a2bedc2,c1fb9c8b3a2bedc2,2320,200,GET,ts-travel-service
1650244824,ts-travel-service,64658279c090323b,c1fb9c8b3a2bedc2,c1fb9c8b3a2bedc2,1961,200,GET,ts-travel-service
1650244824,ts-assurance-service,c639f690d36e7ba3,,c639f690d36e7ba3,1620,200,getAllAssuranceType,no_parent
1650244824,ts-travel-service,6006130f60258f0,c1fb9c8b3a2bedc2,c1fb9c8b3a2bedc2,4118,200,GET,ts-travel-service
1650244884,ts-order-service,49bcccf59038d16f,,49bcccf59038d16f,13031,200,queryOrdersForRefresh,no_parent
1650244884,ts-preserve-service,e914b77eb8cc586,30364750a64caf30,30364750a64caf30,3352,200,GET,ts-preserve-service
1650244884,ts-order-service,81c0c41e8f24d67c,dc827c89df67bc4d,30364750a64caf30,3426,200,securityInfoCheck,ts-security-service
1650244884,ts-order-other-service,2f4bf952c71fa8db,bef1483c3bbc956b,30364750a64caf30,3541,200,securityInfoCheck,ts-security-service
1650244884,ts-security-service,dc827c89df67bc4d,68cbaf071cbf6492,30364750a64caf30,4777,200,GET,ts-security-service
1650244884,ts-contacts-service,9747f1741d905a49,,9747f1741d905a49,2979,200,findContactsByAccountId,no_parent
1650244884,ts-contacts-service,b9c76244202c9d66,e914b77eb8cc586,30364750a64caf30,2211,200,getContactsByContactsId,ts-preserve-service
1650244884,ts-preserve-service,d58d282d1ee5fea,30364750a64caf30,30364750a64caf30,15616,200,GET,ts-preserve-service
1650244884,ts-preserve-service,30364750a64caf30,,30364750a64caf30,21692,200,preserve,no_parent
1650244884,ts-travel-service,c741a877e45d9010,304d97d9c004a6ef,304d97d9c004a6ef,3876,200,GET,ts-travel-service
1650244884,ts-travel-service,a1687cd207ecde61,304d97d9c004a6ef,304d97d9c004a6ef,2971,200,GET,ts-travel-service
1650244884,ts-travel-service,52af5b0ff38828ea,304d97d9c004a6ef,304d97d9c004a6ef,8906,200,GET,ts-travel-service
1650244884,ts-route-service,aa7d6e11578d90ca,c741a877e45d9010,304d97d9c004a6ef,2554,200,queryById,ts-travel-service
1650244884,ts-route-service,d67ec6e562d2e954,a1687cd207ecde61,304d97d9c004a6ef,2131,200,queryById,ts-travel-service
1650244884,ts-basic-service,287f5f8674ddaa17,e83aeebc3332baef,304d97d9c004a6ef,2828,200,GET,ts-basic-service
1650244884,ts-basic-service,e83aeebc3332baef,b1d7e70478df6eca,304d97d9c004a6ef,4994,200,queryForStationId,ts-ticketinfo-service
1650244884,ts-ticketinfo-service,9c91fd541dfa90e9,bf5cbbd17b880128,304d97d9c004a6ef,7377,200,GET,ts-ticketinfo-service
1650244884,ts-station-service,b93ad95da74f1f0f,538cd4ecad755a41,304d97d9c004a6ef,2291,200,queryForStationId,ts-basic-service
1650244884,ts-station-service,a6d2e95b9f72b361,287f5f8674ddaa17,304d97d9c004a6ef,2090,200,queryForStationId,ts-basic-service
1650244884,ts-travel-service,833d194382d3d9d7,304d97d9c004a6ef,304d97d9c004a6ef,2380,200,GET,ts-travel-service
1650244884,ts-travel-service,304d97d9c004a6ef,,304d97d9c004a6ef,45132,200,queryInfo,no_parent
1650244884,ts-travel-service,6e60034a4feac734,304d97d9c004a6ef,304d97d9c004a6ef,2402,200,GET,ts-travel-service
1650244884,ts-route-service,cd3959f772bfb19e,17435ef7b5a44d10,304d97d9c004a6ef,2121,200,queryById,ts-travel-service
1650244884,ts-order-service,5055762828b2a0d9,49bcccf59038d16f,49bcccf59038d16f,9772,200,POST,ts-order-service
1650244884,ts-station-service,6a03ed710d209fc2,5055762828b2a0d9,49bcccf59038d16f,8308,200,queryForNameBatch,ts-order-service
1650244884,ts-route-service,3109798c9462792b,6e60034a4feac734,304d97d9c004a6ef,2205,200,queryById,ts-travel-service
1650244884,ts-ticketinfo-service,b1d7e70478df6eca,91c312654911f0a,304d97d9c004a6ef,6164,200,GET,ts-ticketinfo-service
1650244884,ts-ticketinfo-service,91c312654911f0a,52af5b0ff38828ea,304d97d9c004a6ef,8393,200,queryForStationId,ts-travel-service
1650244884,ts-ticketinfo-service,bf5cbbd17b880128,2ebe4fffa33f1ddd,304d97d9c004a6ef,9925,200,queryForStationId,ts-travel-service
1650244884,ts-travel-service,2ebe4fffa33f1ddd,304d97d9c004a6ef,304d97d9c004a6ef,11305,200,GET,ts-travel-service
1650244884,ts-travel-service,17435ef7b5a44d10,304d97d9c004a6ef,304d97d9c004a6ef,2525,200,GET,ts-travel-service
1650244884,ts-route-service,666c9a776b8ff5f5,833d194382d3d9d7,304d97d9c004a6ef,2177,200,queryById,ts-travel-service
1650244884,ts-basic-service,8932d072d0aedb7f,9c91fd541dfa90e9,304d97d9c004a6ef,6021,200,queryForStationId,ts-ticketinfo-service
1650244884,ts-security-service,bef1483c3bbc956b,68cbaf071cbf6492,30364750a64caf30,4657,200,GET,ts-security-service
1650244884,ts-security-service,68cbaf071cbf6492,d58d282d1ee5fea,30364750a64caf30,14041,200,check,ts-preserve-service
1650244884,ts-basic-service,538cd4ecad755a41,8932d072d0aedb7f,304d97d9c004a6ef,3567,200,GET,ts-basic-service
1650244884,ts-auth-service,704f15a6447c40ae,c05f045474b758a1,c05f045474b758a1,3637,200,GET,ts-auth-service
1650244884,ts-verification-code-service,24fb3dec84341bff,704f15a6447c40ae,c05f045474b758a1,1981,200,verifyCode,ts-auth-service
1650244884,ts-auth-service,c05f045474b758a1,,c05f045474b758a1,113370,200,getToken,no_parent
1650244884,ts-verification-code-service,9e6b9ec85d8fc865,,9e6b9ec85d8fc865,2956,200,imageCode,no_parent
1650244884,ts-assurance-service,1a73b629702b26fa,,1a73b629702b26fa,3814,200,getAllAssuranceType,no_parent
1650244944,ts-travel-service,bae6e3a76bc7f070,,bae6e3a76bc7f070,35222045,200,queryInfo,no_parent
1650244944,ts-security-service,f8b8a1cd80b34334,b74fa76a476a8c4e,b1b0f5ead64bc6a1,4702,200,GET,ts-security-service
1650244944,ts-security-service,3fd079979e60edc7,b74fa76a476a8c4e,b1b0f5ead64bc6a1,4781,200,GET,ts-security-service
1650244944,ts-auth-service,332d69ce5d750d11,,332d69ce5d750d11,110389,200,getToken,no_parent
1650244944,ts-verification-code-service,a5e44477a1665915,9be9411f37eddcf,332d69ce5d750d11,2268,200,verifyCode,ts-auth-service
1650244944,ts-auth-service,9be9411f37eddcf,332d69ce5d750d11,332d69ce5d750d11,4630,200,GET,ts-auth-service
1650244944,ts-order-service,aa6f1d82f1b30d2d,3fd079979e60edc7,b1b0f5ead64bc6a1,3321,200,securityInfoCheck,ts-security-service
1650244944,ts-preserve-service,b1b0f5ead64bc6a1,,b1b0f5ead64bc6a1,21793,200,preserve,no_parent
1650244944,ts-order-other-service,553d99b3e906697a,f8b8a1cd80b34334,b1b0f5ead64bc6a1,3503,200,securityInfoCheck,ts-security-service
1650244944,ts-verification-code-service,d99bc7a704cb7772,,d99bc7a704cb7772,2990,200,imageCode,no_parent
1650244944,ts-preserve-service,94a222abcf9852a4,b1b0f5ead64bc6a1,b1b0f5ead64bc6a1,15626,200,GET,ts-preserve-service
1650244944,ts-contacts-service,5a90647fa30d3aa7,83bf5af14f4c7a9b,b1b0f5ead64bc6a1,2262,200,getContactsByContactsId,ts-preserve-service
1650244944,ts-ticketinfo-service,ac6ce110e9a0a3df,2c22554fd8f90e99,bae6e3a76bc7f070,33531364,200,queryForStationId,ts-travel-service
1650244944,ts-ticketinfo-service,abbe600b8166fee7,ac6ce110e9a0a3df,bae6e3a76bc7f070,33529165,200,GET,ts-ticketinfo-service
1650244944,ts-preserve-service,83bf5af14f4c7a9b,b1b0f5ead64bc6a1,b1b0f5ead64bc6a1,3442,200,GET,ts-preserve-service
1650244944,ts-contacts-service,1e5e64e4c5a8224c,,1e5e64e4c5a8224c,2902,200,findContactsByAccountId,no_parent
1650244944,ts-security-service,b74fa76a476a8c4e,94a222abcf9852a4,b1b0f5ead64bc6a1,13990,200,check,ts-preserve-service
1650244944,ts-travel-service,2c22554fd8f90e99,bae6e3a76bc7f070,bae6e3a76bc7f070,33533022,200,GET,ts-travel-service
1650244944,ts-order-service,13c900f87f92a374,2da68c5a52dde660,2da68c5a52dde660,9490,200,POST,ts-order-service
1650244944,ts-order-service,2da68c5a52dde660,,2da68c5a52dde660,12530,200,queryOrdersForRefresh,no_parent
1650244944,ts-station-service,da7c0ee95c285993,13c900f87f92a374,2da68c5a52dde660,7950,200,queryForNameBatch,ts-order-service
1650244966,ts-station-service,d31479c436fef5d3,20a6457a08a66f15,bae6e3a76bc7f070,2472,200,queryForStationId,no_parent
1650244978,ts-ticketinfo-service,1ed148a9096500a0,b5494b591fe44643,bae6e3a76bc7f070,1662472,200,queryForStationId,ts-travel-service
1650244978,ts-travel-service,b5494b591fe44643,bae6e3a76bc7f070,bae6e3a76bc7f070,1663090,200,GET,ts-travel-service
1650244978,ts-ticketinfo-service,c6f19951187f723,1ed148a9096500a0,bae6e3a76bc7f070,1660574,200,GET,ts-ticketinfo-service
1650244978,ts-station-service,407f82165276ab9a,9358abc44f81136e,bae6e3a76bc7f070,2511,200,queryForStationId,no_parent
1650244980,ts-travel-service,2ba613ed070943d3,bae6e3a76bc7f070,bae6e3a76bc7f070,2331,200,GET,ts-travel-service
1650244980,ts-route-service,8c3d6607f491e701,b1376f16a76583cd,bae6e3a76bc7f070,2145,200,queryById,ts-travel-service
1650244980,ts-route-service,1fa0dc7148df3678,7de52e57fb3c3b88,bae6e3a76bc7f070,2217,200,queryById,ts-travel-service
1650244980,ts-travel-service,b1376f16a76583cd,bae6e3a76bc7f070,bae6e3a76bc7f070,2369,200,GET,ts-travel-service
1650244980,ts-route-service,57e0d111ee749f72,92c3bc58a7b957ea,bae6e3a76bc7f070,2712,200,queryById,ts-travel-service
1650244980,ts-route-service,4d492952e3167129,b43b8f26b51d4600,bae6e3a76bc7f070,1967,200,queryById,ts-travel-service
1650244980,ts-travel-service,7de52e57fb3c3b88,bae6e3a76bc7f070,bae6e3a76bc7f070,2395,200,GET,ts-travel-service
1650244980,ts-travel-service,b43b8f26b51d4600,bae6e3a76bc7f070,bae6e3a76bc7f070,2540,200,GET,ts-travel-service
1650244980,ts-route-service,daed42b276dd66e2,2ba613ed070943d3,bae6e3a76bc7f070,2205,200,queryById,ts-travel-service
1650244980,ts-travel-service,92c3bc58a7b957ea,bae6e3a76bc7f070,bae6e3a76bc7f070,4328,200,GET,ts-travel-service
1650244980,ts-assurance-service,84b019c67a85f4d1,,84b019c67a85f4d1,1890,200,getAllAssuranceType,no_parent
1650245040,ts-security-service,aa90940ae789d567,7cfeab2cfac7d171,ef2eca07a0391c38,14130,200,check,ts-preserve-service
1650245040,ts-ticketinfo-service,6b1f06f3195f02a8,16d2715a9f002870,826946807a6ed0f,1039183,200,GET,ts-ticketinfo-service
1650245040,ts-order-service,8d9c5e1f7c451d14,720ade1f7295377b,ef2eca07a0391c38,3173,200,securityInfoCheck,ts-security-service
1650245040,ts-travel-service,9d690b7383da3dfa,826946807a6ed0f,826946807a6ed0f,7692182,200,GET,ts-travel-service
1650245040,ts-travel-service,826946807a6ed0f,,826946807a6ed0f,8159913,200,queryInfo,no_parent
1650245040,ts-order-service,64d6948df9d1c2c4,,64d6948df9d1c2c4,13362,200,queryOrdersForRefresh,no_parent
1650245040,ts-preserve-service,7cfeab2cfac7d171,ef2eca07a0391c38,ef2eca07a0391c38,15719,200,GET,ts-preserve-service
1650245040,ts-contacts-service,bb27882a71fe4509,,bb27882a71fe4509,4653,200,findContactsByAccountId,no_parent
1650245040,ts-security-service,720ade1f7295377b,aa90940ae789d567,ef2eca07a0391c38,4573,200,GET,ts-security-service
1650245040,ts-order-other-service,47e3c83a2feb481,be2acfdc6a467af8,ef2eca07a0391c38,3528,200,securityInfoCheck,ts-security-service
1650245040,ts-security-service,be2acfdc6a467af8,aa90940ae789d567,ef2eca07a0391c38,4756,200,GET,ts-security-service
1650245040,ts-contacts-service,41500ef69ddb0523,286bcdd99528efb,ef2eca07a0391c38,2373,200,getContactsByContactsId,ts-preserve-service
1650245040,ts-preserve-service,ef2eca07a0391c38,,ef2eca07a0391c38,22050,200,preserve,no_parent
1650245040,ts-station-service,abd23a1e70836e53,f2e86253dbab7021,64d6948df9d1c2c4,8320,200,queryForNameBatch,ts-order-service
1650245040,ts-auth-service,1ee18e76f0941b7f,42536e2d16891674,42536e2d16891674,4098,200,GET,ts-auth-service
1650245040,ts-verification-code-service,5c6f8df9bff757ba,,5c6f8df9bff757ba,6361,200,imageCode,no_parent
1650245040,ts-preserve-service,286bcdd99528efb,ef2eca07a0391c38,ef2eca07a0391c38,3502,200,GET,ts-preserve-service
1650245040,ts-ticketinfo-service,16d2715a9f002870,9d690b7383da3dfa,826946807a6ed0f,7690440,200,queryForStationId,ts-travel-service
1650245040,ts-verification-code-service,985f7629c2aa8d7f,1ee18e76f0941b7f,42536e2d16891674,2310,200,verifyCode,ts-auth-service
1650245040,ts-auth-service,42536e2d16891674,,42536e2d16891674,113659,200,getToken,no_parent
1650245040,ts-order-service,f2e86253dbab7021,64d6948df9d1c2c4,64d6948df9d1c2c4,9856,200,POST,ts-order-service
1650245041,ts-station-service,9a5c94546e160edb,9e85f316aff5b67c,826946807a6ed0f,2926,200,queryForStationId,no_parent
1650245047,ts-ticketinfo-service,1237caf5d4fe914c,c4ae220b1dc4307,826946807a6ed0f,442292,200,queryForStationId,ts-travel-service
1650245047,ts-travel-service,c4ae220b1dc4307,826946807a6ed0f,826946807a6ed0f,443167,200,GET,ts-travel-service
1650245048,ts-assurance-service,4d434e9bfde2dbd4,,4d434e9bfde2dbd4,1289,200,getAllAssuranceType,no_parent
1650245048,ts-route-service,f51fe364eb7f196,a0243d367352e6b2,826946807a6ed0f,1985,200,queryById,ts-travel-service
1650245048,ts-station-service,75b25fd8a98c03bf,18b0c31cd8017372,826946807a6ed0f,2523,200,queryForStationId,no_parent
1650245048,ts-ticketinfo-service,bc049dd3b9c348fe,1237caf5d4fe914c,826946807a6ed0f,440232,200,GET,ts-ticketinfo-service
1650245048,ts-travel-service,a0243d367352e6b2,826946807a6ed0f,826946807a6ed0f,2148,200,GET,ts-travel-service
1650245048,ts-travel-service,2b0860f64b9be8fb,826946807a6ed0f,826946807a6ed0f,2166,200,GET,ts-travel-service
1650245048,ts-travel-service,1aab1706d5dc3e57,826946807a6ed0f,826946807a6ed0f,2508,200,GET,ts-travel-service
1650245048,ts-route-service,712e5293926b8ab9,6e408b013360605b,826946807a6ed0f,2087,200,queryById,ts-travel-service
1650245048,ts-route-service,e847341901e4a009,2b0860f64b9be8fb,826946807a6ed0f,2001,200,queryById,ts-travel-service
1650245048,ts-route-service,79ae9a2329f16b01,1aab1706d5dc3e57,826946807a6ed0f,1967,200,queryById,ts-travel-service
1650245048,ts-travel-service,c6bcf289e2154c7b,826946807a6ed0f,826946807a6ed0f,3161,200,GET,ts-travel-service
1650245048,ts-travel-service,6e408b013360605b,826946807a6ed0f,826946807a6ed0f,2278,200,GET,ts-travel-service
1650245048,ts-route-service,43e6d578f2684f7,c6bcf289e2154c7b,826946807a6ed0f,1553,200,queryById,ts-travel-service
1650245108,ts-order-service,a988407554e7b2e7,,a988407554e7b2e7,12641,200,queryOrdersForRefresh,no_parent
1650245108,ts-station-service,4e3c7ae0818bf613,32debd3576f0cdcf,a988407554e7b2e7,7648,200,queryForNameBatch,ts-order-service
1650245108,ts-ticketinfo-service,effdd0aaf948a2f8,780e3aa31422c986,8881dcc0b9678ae7,72612419,200,queryForStationId,ts-travel-service
1650245108,ts-ticketinfo-service,5f8ecca17488bcd2,effdd0aaf948a2f8,8881dcc0b9678ae7,72610273,200,GET,ts-ticketinfo-service
1650245108,ts-order-service,32debd3576f0cdcf,a988407554e7b2e7,a988407554e7b2e7,9122,200,POST,ts-order-service
1650245108,ts-order-other-service,3d3070bef9ecad13,dfc854f5f975b599,2314f0e221d6f393,3495,200,securityInfoCheck,ts-security-service
1650245108,ts-security-service,e5524cc840a7a310,7c9644809a6e86b8,2314f0e221d6f393,13949,200,check,ts-preserve-service
1650245108,ts-auth-service,572ea4c0812a924d,,572ea4c0812a924d,111567,200,getToken,no_parent
1650245108,ts-contacts-service,b6bf8689fceba0b3,58772c26f955dda3,2314f0e221d6f393,2308,200,getContactsByContactsId,ts-preserve-service
1650245108,ts-security-service,dbbcedb69a7adf5a,e5524cc840a7a310,2314f0e221d6f393,4816,200,GET,ts-security-service
1650245108,ts-preserve-service,7c9644809a6e86b8,2314f0e221d6f393,2314f0e221d6f393,15517,200,GET,ts-preserve-service
1650245108,ts-travel-service,780e3aa31422c986,8881dcc0b9678ae7,8881dcc0b9678ae7,72614001,200,GET,ts-travel-service
1650245108,ts-travel-service,8881dcc0b9678ae7,,8881dcc0b9678ae7,74095704,200,queryInfo,no_parent
1650245108,ts-order-service,9a48d5d93962d17,dbbcedb69a7adf5a,2314f0e221d6f393,3527,200,securityInfoCheck,ts-security-service
1650245108,ts-preserve-service,58772c26f955dda3,2314f0e221d6f393,2314f0e221d6f393,3858,200,GET,ts-preserve-service
1650245108,ts-security-service,dfc854f5f975b599,e5524cc840a7a310,2314f0e221d6f393,4708,200,GET,ts-security-service
1650245108,ts-preserve-service,2314f0e221d6f393,,2314f0e221d6f393,22084,200,preserve,no_parent
1650245108,ts-contacts-service,a2693e1ab6bbf20d,,a2693e1ab6bbf20d,2940,200,findContactsByAccountId,no_parent
1650245108,ts-verification-code-service,ce8ee2c0e0a7c347,,ce8ee2c0e0a7c347,2945,200,imageCode,no_parent
1650245108,ts-verification-code-service,2d4763b05d573f83,ce3184808ab1decf,572ea4c0812a924d,2016,200,verifyCode,ts-auth-service
1650245108,ts-auth-service,ce3184808ab1decf,572ea4c0812a924d,572ea4c0812a924d,3656,200,GET,ts-auth-service
1650245148,ts-station-service,c9bd2818db16bd2f,18aa9eb400583223,8881dcc0b9678ae7,2506,200,queryForStationId,no_parent
1650245168,ts-assurance-service,601d5ab0e173c402,,601d5ab0e173c402,1912,200,getAllAssuranceType,no_parent
1650245181,ts-ticketinfo-service,986ecddf2585e9ed,ff132e2f8da32c9e,8881dcc0b9678ae7,1452337,200,GET,ts-ticketinfo-service
1650245181,ts-travel-service,d364fb3c53c6dc05,8881dcc0b9678ae7,8881dcc0b9678ae7,1455040,200,GET,ts-travel-service
1650245181,ts-ticketinfo-service,ff132e2f8da32c9e,d364fb3c53c6dc05,8881dcc0b9678ae7,1454466,200,queryForStationId,ts-travel-service
1650245182,ts-route-service,4e19d2f7ad36d760,545590b759df072,8881dcc0b9678ae7,2137,200,queryById,ts-travel-service
1650245182,ts-travel-service,774fff2562b21c73,8881dcc0b9678ae7,8881dcc0b9678ae7,4206,200,GET,ts-travel-service
1650245182,ts-route-service,651d6402939a0dc4,253f1f603ec88f8b,8881dcc0b9678ae7,2196,200,queryById,ts-travel-service
1650245182,ts-route-service,d4e3e20fa1b15efe,b8b24341125c3e80,8881dcc0b9678ae7,2492,200,queryById,ts-travel-service
1650245182,ts-station-service,6b184fbe4b32d327,ff32aa9e19ebaac5,8881dcc0b9678ae7,2858,200,queryForStationId,no_parent
1650245182,ts-travel-service,253f1f603ec88f8b,8881dcc0b9678ae7,8881dcc0b9678ae7,2448,200,GET,ts-travel-service
1650245182,ts-travel-service,545590b759df072,8881dcc0b9678ae7,8881dcc0b9678ae7,2370,200,GET,ts-travel-service
1650245182,ts-travel-service,b8b24341125c3e80,8881dcc0b9678ae7,8881dcc0b9678ae7,3102,200,GET,ts-travel-service
1650245182,ts-route-service,6ae1887719201286,774fff2562b21c73,8881dcc0b9678ae7,2596,200,queryById,ts-travel-service
1650245182,ts-travel-service,e864ebabbff072be,8881dcc0b9678ae7,8881dcc0b9678ae7,2334,200,GET,ts-travel-service
1650245182,ts-route-service,d16568d3fb080a77,e864ebabbff072be,8881dcc0b9678ae7,2104,200,queryById,ts-travel-service
1650245228,ts-order-service,e7936de8e3cfe540,db5827aca75250dd,353f165425a40912,3315,200,securityInfoCheck,ts-security-service
1650245228,ts-order-other-service,35276a16ac6f54aa,dd43112db8ef9c94,353f165425a40912,3572,200,securityInfoCheck,ts-security-service
1650245228,ts-security-service,9c4c53edd61ae7c0,8a8a5dcd2ee708a8,353f165425a40912,13962,200,check,ts-preserve-service
1650245228,ts-security-service,dd43112db8ef9c94,9c4c53edd61ae7c0,353f165425a40912,4724,200,GET,ts-security-service
1650245228,ts-verification-code-service,370c1691407a33b5,5ac8269be61a4d7d,b9e31e9da54c66a7,2020,200,verifyCode,ts-auth-service
1650245228,ts-auth-service,5ac8269be61a4d7d,b9e31e9da54c66a7,b9e31e9da54c66a7,3762,200,GET,ts-auth-service
1650245228,ts-auth-service,b9e31e9da54c66a7,,b9e31e9da54c66a7,108421,200,getToken,no_parent
1650245228,ts-station-service,4ab17f97762a5bfd,7ef601dc719df85c,7c63839e9378372f,8174,200,queryForNameBatch,ts-order-service
1650245228,ts-travel-service,d7b76f46dc114906,336646fb25fdf995,336646fb25fdf995,2909155,200,GET,ts-travel-service
1650245228,ts-ticketinfo-service,107325d204e20c42,dbab4d97837d9dc,336646fb25fdf995,2904259,200,GET,ts-ticketinfo-service
1650245228,ts-ticketinfo-service,dbab4d97837d9dc,d7b76f46dc114906,336646fb25fdf995,2907182,200,queryForStationId,ts-travel-service
1650245228,ts-travel-service,336646fb25fdf995,,336646fb25fdf995,20505812,200,queryInfo,no_parent
1650245228,ts-security-service,db5827aca75250dd,9c4c53edd61ae7c0,353f165425a40912,4692,200,GET,ts-security-service
1650245228,ts-contacts-service,61409d32968277c9,1b47aa10d5a7847b,353f165425a40912,2211,200,getContactsByContactsId,ts-preserve-service
1650245228,ts-preserve-service,8a8a5dcd2ee708a8,353f165425a40912,353f165425a40912,15229,200,GET,ts-preserve-service
1650245228,ts-preserve-service,1b47aa10d5a7847b,353f165425a40912,353f165425a40912,3513,200,GET,ts-preserve-service
1650245228,ts-preserve-service,353f165425a40912,,353f165425a40912,21392,200,preserve,no_parent
1650245228,ts-order-service,7c63839e9378372f,,7c63839e9378372f,12800,200,queryOrdersForRefresh,no_parent
1650245228,ts-order-service,7ef601dc719df85c,7c63839e9378372f,7c63839e9378372f,9586,200,POST,ts-order-service
1650245228,ts-contacts-service,a1adaa662a2298a0,,a1adaa662a2298a0,2871,200,findContactsByAccountId,no_parent
1650245228,ts-verification-code-service,63870e7e301bc655,,63870e7e301bc655,3006,200,imageCode,no_parent
1650245229,ts-station-service,620f0259d4a5a3f8,cbb0572ace66cc0c,336646fb25fdf995,2855,200,queryForStationId,no_parent
1650245231,ts-travel-service,9a04445f5e88c1fc,336646fb25fdf995,336646fb25fdf995,17569538,200,GET,ts-travel-service
1650245231,ts-ticketinfo-service,af138ca831b6f094,c97d3bf5063fae8b,336646fb25fdf995,17566575,200,GET,ts-ticketinfo-service
1650245231,ts-basic-service,5e5c346328b59d23,3250dabda3631ac8,336646fb25fdf995,17564029,200,GET,ts-basic-service
1650245231,ts-ticketinfo-service,c97d3bf5063fae8b,9a04445f5e88c1fc,336646fb25fdf995,17569241,200,queryForStationId,ts-travel-service
1650245231,ts-basic-service,3250dabda3631ac8,af138ca831b6f094,336646fb25fdf995,17566476,200,queryForStationId,ts-ticketinfo-service
1650245240,ts-station-service,b20a3409dcfbf9f,5e5c346328b59d23,336646fb25fdf995,2756,200,queryForStationId,ts-basic-service
1650245249,ts-travel-service,51c5078b39bfa756,336646fb25fdf995,336646fb25fdf995,2417,200,GET,ts-travel-service
1650245249,ts-route-service,6b640f6a674e8ffd,67c6e6e3766555ac,336646fb25fdf995,2516,200,queryById,ts-travel-service
1650245249,ts-travel-service,2973a78948f969b2,336646fb25fdf995,336646fb25fdf995,2376,200,GET,ts-travel-service
1650245249,ts-route-service,b16821e7841f9aab,2973a78948f969b2,336646fb25fdf995,2109,200,queryById,ts-travel-service
1650245249,ts-route-service,2e31484719f8e5de,5e24dc79a750a685,336646fb25fdf995,2639,200,queryById,ts-travel-service
1650245249,ts-travel-service,5e24dc79a750a685,336646fb25fdf995,336646fb25fdf995,4245,200,GET,ts-travel-service
1650245249,ts-travel-service,912e9aa3703fae66,336646fb25fdf995,336646fb25fdf995,2335,200,GET,ts-travel-service
1650245249,ts-route-service,619cc4375f205aae,912e9aa3703fae66,336646fb25fdf995,2117,200,queryById,ts-travel-service
1650245249,ts-route-service,7a2482871f029133,51c5078b39bfa756,336646fb25fdf995,2163,200,queryById,ts-travel-service
1650245249,ts-travel-service,67c6e6e3766555ac,336646fb25fdf995,336646fb25fdf995,3134,200,GET,ts-travel-service
1650245249,ts-assurance-service,3024c796aca895fd,,3024c796aca895fd,1849,200,getAllAssuranceType,no_parent
1650245309,ts-preserve-service,be4e1be2962374e0,deae47ac0a070bf5,deae47ac0a070bf5,3704,200,GET,ts-preserve-service
1650245309,ts-contacts-service,9b60884cd30385d3,be4e1be2962374e0,deae47ac0a070bf5,2466,200,getContactsByContactsId,ts-preserve-service
1650245309,ts-security-service,a585eb74213bf99,c6b00548c2f73933,deae47ac0a070bf5,4552,200,GET,ts-security-service
1650245309,ts-security-service,c6b00548c2f73933,79e4298f021d1e85,deae47ac0a070bf5,14580,200,check,ts-preserve-service
1650245309,ts-ticketinfo-service,8bad0d67516a8927,2754071050328ed4,63e086b48e7afb0b,2687263,200,GET,ts-ticketinfo-service
1650245309,ts-order-service,146d225dce32aa66,,146d225dce32aa66,12984,200,queryOrdersForRefresh,no_parent
1650245309,ts-security-service,75adaa9f8b6a6c53,c6b00548c2f73933,deae47ac0a070bf5,5375,200,GET,ts-security-service
1650245309,ts-travel-service,63e086b48e7afb0b,,63e086b48e7afb0b,2931200,200,queryInfo,no_parent
1650245309,ts-ticketinfo-service,2754071050328ed4,3819932a684b67e6,63e086b48e7afb0b,2689441,200,queryForStationId,ts-travel-service
1650245309,ts-station-service,506d38673a09fa7e,4b1689176f89a08f,146d225dce32aa66,7844,200,queryForNameBatch,ts-order-service
1650245309,ts-order-other-service,e28318832c04b7da,a585eb74213bf99,deae47ac0a070bf5,3617,200,securityInfoCheck,ts-security-service
1650245309,ts-order-service,ddd5ddf29d77eb89,75adaa9f8b6a6c53,deae47ac0a070bf5,3268,200,securityInfoCheck,ts-security-service
1650245309,ts-preserve-service,deae47ac0a070bf5,,deae47ac0a070bf5,22630,200,preserve,no_parent
1650245309,ts-order-service,4b1689176f89a08f,146d225dce32aa66,146d225dce32aa66,9379,200,POST,ts-order-service
1650245309,ts-contacts-service,db7d8f80a762f568,,db7d8f80a762f568,4751,200,findContactsByAccountId,no_parent
1650245309,ts-travel-service,3819932a684b67e6,63e086b48e7afb0b,63e086b48e7afb0b,2690642,200,GET,ts-travel-service
1650245309,ts-preserve-service,79e4298f021d1e85,deae47ac0a070bf5,deae47ac0a070bf5,16105,200,GET,ts-preserve-service
1650245309,ts-auth-service,f99afb7b896731a5,,f99afb7b896731a5,117506,200,getToken,no_parent
1650245309,ts-auth-service,24533b5d69f099d6,f99afb7b896731a5,f99afb7b896731a5,3579,200,GET,ts-auth-service
1650245309,ts-verification-code-service,ffb9986286ac6b8,24533b5d69f099d6,f99afb7b896731a5,1955,200,verifyCode,ts-auth-service
1650245309,ts-verification-code-service,e064ffe14489ed3d,,e064ffe14489ed3d,2987,200,imageCode,no_parent
1650245310,ts-station-service,ccc61668dd6a2e88,99723fb0793827d6,63e086b48e7afb0b,2580,200,queryForStationId,no_parent
1650245312,ts-assurance-service,7541984a415432c2,,7541984a415432c2,1863,200,getAllAssuranceType,no_parent
1650245312,ts-travel-service,119edaf55889c6d1,63e086b48e7afb0b,63e086b48e7afb0b,2325,200,GET,ts-travel-service
1650245312,ts-route-service,6a47d67762191748,2ef7086bb76e22fb,63e086b48e7afb0b,2148,200,queryById,ts-travel-service
1650245312,ts-travel-service,4fc71d13c8b4d2c1,63e086b48e7afb0b,63e086b48e7afb0b,2690,200,GET,ts-travel-service
1650245312,ts-route-service,2124a71a15fceda9,2ddeab5416009bc,63e086b48e7afb0b,2557,200,queryById,ts-travel-service
1650245312,ts-travel-service,2ddeab5416009bc,63e086b48e7afb0b,63e086b48e7afb0b,4108,200,GET,ts-travel-service
1650245312,ts-route-service,90616de1adee7390,af525f790d15e7c0,63e086b48e7afb0b,2136,200,queryById,ts-travel-service
1650245312,ts-station-service,c228cd9a08d9a96d,dbb8eca39b82becb,63e086b48e7afb0b,2480,200,queryForStationId,no_parent
1650245312,ts-route-service,f266b147ca6d22c0,119edaf55889c6d1,63e086b48e7afb0b,2119,200,queryById,ts-travel-service
1650245312,ts-travel-service,aa70a421b47e8caa,63e086b48e7afb0b,63e086b48e7afb0b,215162,200,GET,ts-travel-service
1650245312,ts-route-service,20292dad69488444,4fc71d13c8b4d2c1,63e086b48e7afb0b,2147,200,queryById,ts-travel-service
1650245312,ts-travel-service,af525f790d15e7c0,63e086b48e7afb0b,63e086b48e7afb0b,2302,200,GET,ts-travel-service
1650245312,ts-travel-service,2ef7086bb76e22fb,63e086b48e7afb0b,63e086b48e7afb0b,2318,200,GET,ts-travel-service
1650245312,ts-ticketinfo-service,4a4888ca1119ffc6,aa70a421b47e8caa,63e086b48e7afb0b,214509,200,queryForStationId,ts-travel-service
1650245312,ts-ticketinfo-service,2d5b108236505912,4a4888ca1119ffc6,63e086b48e7afb0b,211990,200,GET,ts-ticketinfo-service
1650245372,ts-auth-service,87f33e2269a1410a,,87f33e2269a1410a,115571,200,getToken,no_parent
1650245372,ts-preserve-service,c6ed5186ecd8b0e1,efa38ff72b513395,efa38ff72b513395,16069,200,GET,ts-preserve-service
1650245372,ts-preserve-service,1bd11c474004aaa2,efa38ff72b513395,efa38ff72b513395,3948,200,GET,ts-preserve-service
1650245372,ts-security-service,641147762eb9a4e5,597c36ce16a66a1f,efa38ff72b513395,4704,200,GET,ts-security-service
1650245372,ts-security-service,d742719e53fd5954,597c36ce16a66a1f,efa38ff72b513395,4910,200,GET,ts-security-service
1650245372,ts-order-service,78e9d13ae7122b60,641147762eb9a4e5,efa38ff72b513395,3261,200,securityInfoCheck,ts-security-service
1650245372,ts-preserve-service,efa38ff72b513395,,efa38ff72b513395,22914,200,preserve,no_parent
1650245372,ts-contacts-service,1fcf02c7b9b6bdaf,1bd11c474004aaa2,efa38ff72b513395,2580,200,getContactsByContactsId,ts-preserve-service
1650245372,ts-ticketinfo-service,69ed22a18002657f,80011fabe1bec549,5b1e8fdad608f8d9,1220172,200,queryForStationId,ts-travel-service
1650245372,ts-travel-service,80011fabe1bec549,5b1e8fdad608f8d9,5b1e8fdad608f8d9,1221884,200,GET,ts-travel-service
1650245372,ts-station-service,7818c800a0595e25,b4dde8f7f9133d41,180a84a20ab4d21a,8072,200,queryForNameBatch,ts-order-service
1650245372,ts-ticketinfo-service,9e798c40c07de73e,69ed22a18002657f,5b1e8fdad608f8d9,1217360,200,GET,ts-ticketinfo-service
1650245372,ts-travel-service,5b1e8fdad608f8d9,,5b1e8fdad608f8d9,7659414,200,queryInfo,no_parent
1650245372,ts-order-service,180a84a20ab4d21a,,180a84a20ab4d21a,12969,200,queryOrdersForRefresh,no_parent
1650245372,ts-order-service,b4dde8f7f9133d41,180a84a20ab4d21a,180a84a20ab4d21a,9582,200,POST,ts-order-service
1650245372,ts-security-service,597c36ce16a66a1f,c6ed5186ecd8b0e1,efa38ff72b513395,14564,200,check,ts-preserve-service
1650245372,ts-contacts-service,ba922033feb5daee,,ba922033feb5daee,5459,200,findContactsByAccountId,no_parent
1650245372,ts-order-other-service,325f232a7e5e991,d742719e53fd5954,efa38ff72b513395,3508,200,securityInfoCheck,ts-security-service
1650245372,ts-verification-code-service,8f435cf19302600b,,8f435cf19302600b,3000,200,imageCode,no_parent
1650245372,ts-auth-service,b4a6def9eb719736,87f33e2269a1410a,87f33e2269a1410a,3982,200,GET,ts-auth-service
1650245372,ts-verification-code-service,7702115feca6d078,b4a6def9eb719736,87f33e2269a1410a,2048,200,verifyCode,ts-auth-service
1650245374,ts-travel-service,978de77271b02293,5b1e8fdad608f8d9,5b1e8fdad608f8d9,6410980,200,GET,ts-travel-service
1650245374,ts-ticketinfo-service,7ae21f1ae006d780,98b5ef435067a790,5b1e8fdad608f8d9,3148335,200,GET,ts-ticketinfo-service
1650245374,ts-station-service,4b4c28f774c9c18,488ce80fb0259d2a,5b1e8fdad608f8d9,2505,200,queryForStationId,no_parent
1650245374,ts-ticketinfo-service,98b5ef435067a790,978de77271b02293,5b1e8fdad608f8d9,6410580,200,queryForStationId,ts-travel-service
1650245377,ts-station-service,59079bb8b2138b09,e0bea3195d87d9f4,5b1e8fdad608f8d9,2825,200,queryForStationId,no_parent
1650245380,ts-route-service,5b6550d1128877f0,854caa0aa3d5c1fe,5b1e8fdad608f8d9,2138,200,queryById,ts-travel-service
1650245380,ts-route-service,1273a9dbd46bb0b4,e00944b8b1d93f41,5b1e8fdad608f8d9,2642,200,queryById,ts-travel-service
1650245380,ts-travel-service,2b3ac8aa2e32349d,5b1e8fdad608f8d9,5b1e8fdad608f8d9,2361,200,GET,ts-travel-service
1650245380,ts-travel-service,854caa0aa3d5c1fe,5b1e8fdad608f8d9,5b1e8fdad608f8d9,2634,200,GET,ts-travel-service
1650245380,ts-route-service,7fcf68b45aad3004,ee6123664ac2d4cc,5b1e8fdad608f8d9,2122,200,queryById,ts-travel-service
1650245380,ts-route-service,642c62876ef4a7c9,2b3ac8aa2e32349d,5b1e8fdad608f8d9,2148,200,queryById,ts-travel-service
1650245380,ts-route-service,b4fb6b6d59071b96,1641ce734d3b2ad2,5b1e8fdad608f8d9,2537,200,queryById,ts-travel-service
1650245380,ts-travel-service,ee6123664ac2d4cc,5b1e8fdad608f8d9,5b1e8fdad608f8d9,2342,200,GET,ts-travel-service
1650245380,ts-travel-service,1641ce734d3b2ad2,5b1e8fdad608f8d9,5b1e8fdad608f8d9,2856,200,GET,ts-travel-service
1650245380,ts-travel-service,e00944b8b1d93f41,5b1e8fdad608f8d9,5b1e8fdad608f8d9,4199,200,GET,ts-travel-service
1650245380,ts-assurance-service,4170ca1cd5a70278,,4170ca1cd5a70278,1824,200,getAllAssuranceType,no_parent
1650245440,ts-verification-code-service,a0294adcd6b0cb0,5d260e789683c205,6813b2212c8b67d7,1955,200,verifyCode,ts-auth-service
1650245440,ts-auth-service,6813b2212c8b67d7,,6813b2212c8b67d7,107621,200,getToken,no_parent
1650245440,ts-auth-service,5d260e789683c205,6813b2212c8b67d7,6813b2212c8b67d7,3824,200,GET,ts-auth-service
1650245440,ts-travel-service,ae50056b8b4874ca,8478beb822e61e7a,8478beb822e61e7a,17164773,200,GET,ts-travel-service
1650245440,ts-security-service,78878939774c6596,b1bb659a8d044f75,f9a9038db26162f0,14517,200,check,ts-preserve-service
1650245440,ts-contacts-service,1db2796dfe73ebb,ec5e2c5d9f967724,f9a9038db26162f0,2707,200,getContactsByContactsId,ts-preserve-service
1650245440,ts-order-service,8fd4fe9b5c12b85f,39f111fbe6fc6878,39f111fbe6fc6878,8964,200,POST,ts-order-service
1650245440,ts-preserve-service,ec5e2c5d9f967724,f9a9038db26162f0,f9a9038db26162f0,3889,200,GET,ts-preserve-service
1650245440,ts-basic-service,b3615cccccec47b,2b5c3eaf97f75970,8478beb822e61e7a,15703393,200,queryForStationId,ts-ticketinfo-service
1650245440,ts-preserve-service,b1bb659a8d044f75,f9a9038db26162f0,f9a9038db26162f0,16068,200,GET,ts-preserve-service
1650245440,ts-basic-service,bdfece52b6149ad0,b3615cccccec47b,8478beb822e61e7a,15700909,200,GET,ts-basic-service
1650245440,ts-travel-service,8478beb822e61e7a,,8478beb822e61e7a,25265429,200,queryInfo,no_parent
1650245440,ts-order-service,39f111fbe6fc6878,,39f111fbe6fc6878,12318,200,queryOrdersForRefresh,no_parent
1650245440,ts-station-service,b1c5ea33e6dd4345,8fd4fe9b5c12b85f,39f111fbe6fc6878,7346,200,queryForNameBatch,ts-order-service
1650245440,ts-order-service,1ea47294d1be0305,98cf497d2b39d494,f9a9038db26162f0,3390,200,securityInfoCheck,ts-security-service
1650245440,ts-ticketinfo-service,ba753db0ae409b4c,ae50056b8b4874ca,8478beb822e61e7a,17163234,200,queryForStationId,ts-travel-service
1650245440,ts-ticketinfo-service,2b5c3eaf97f75970,ba753db0ae409b4c,8478beb822e61e7a,17160824,200,GET,ts-ticketinfo-service
1650245440,ts-contacts-service,78ee44976f4f967d,,78ee44976f4f967d,3156,200,findContactsByAccountId,no_parent
1650245440,ts-preserve-service,f9a9038db26162f0,,f9a9038db26162f0,22798,200,preserve,no_parent
1650245440,ts-security-service,98cf497d2b39d494,78878939774c6596,f9a9038db26162f0,4784,200,GET,ts-security-service
1650245440,ts-order-other-service,aa80c987efb34a3a,c153f3c8ef37cd16,f9a9038db26162f0,3473,200,securityInfoCheck,ts-security-service
1650245440,ts-security-service,c153f3c8ef37cd16,78878939774c6596,f9a9038db26162f0,4754,200,GET,ts-security-service
1650245440,ts-verification-code-service,dd30c983cf28bfda,,dd30c983cf28bfda,2987,200,imageCode,no_parent
1650245448,ts-station-service,a75870e3b083417f,bdfece52b6149ad0,8478beb822e61e7a,2598,200,queryForStationId,ts-basic-service
1650245457,ts-travel-service,e86d1df148fc0ae0,8478beb822e61e7a,8478beb822e61e7a,8063166,200,GET,ts-travel-service
1650245457,ts-basic-service,3ba694cba1bfd0a3,ae7f29ff8ae46c05,8478beb822e61e7a,1471088,200,queryForStationId,ts-ticketinfo-service
1650245457,ts-basic-service,e88430ef7ab974c5,3ba694cba1bfd0a3,8478beb822e61e7a,1468568,200,GET,ts-basic-service
1650245457,ts-ticketinfo-service,925a6ac21937533b,e86d1df148fc0ae0,8478beb822e61e7a,8062568,200,queryForStationId,ts-travel-service
1650245457,ts-ticketinfo-service,ae7f29ff8ae46c05,925a6ac21937533b,8478beb822e61e7a,8060346,200,GET,ts-ticketinfo-service
1650245459,ts-station-service,6c5fca0134b461d0,e88430ef7ab974c5,8478beb822e61e7a,2471,200,queryForStationId,ts-basic-service
1650245466,ts-route-service,540ee77f7eaea389,7c96cada670803f3,8478beb822e61e7a,13602,200,queryById,ts-travel-service
1650245466,ts-route-service,6bb6379c005d72b,a411dacc40f80893,8478beb822e61e7a,2216,200,queryById,ts-travel-service
1650245466,ts-travel-service,3f68ed8507039672,8478beb822e61e7a,8478beb822e61e7a,2335,200,GET,ts-travel-service
1650245466,ts-travel-service,972134dd7837b5e0,8478beb822e61e7a,8478beb822e61e7a,2562,200,GET,ts-travel-service
1650245466,ts-travel-service,a411dacc40f80893,8478beb822e61e7a,8478beb822e61e7a,2631,200,GET,ts-travel-service
1650245466,ts-travel-service,2e9a81eac256efcf,8478beb822e61e7a,8478beb822e61e7a,2423,200,GET,ts-travel-service
1650245466,ts-route-service,9d96610f3fd19165,3f68ed8507039672,8478beb822e61e7a,2108,200,queryById,ts-travel-service
1650245466,ts-route-service,be2143a730fead96,972134dd7837b5e0,8478beb822e61e7a,2282,200,queryById,ts-travel-service
1650245466,ts-route-service,29d8a2d71d9626ec,2e9a81eac256efcf,8478beb822e61e7a,2175,200,queryById,ts-travel-service
1650245466,ts-travel-service,7c96cada670803f3,8478beb822e61e7a,8478beb822e61e7a,15163,200,GET,ts-travel-service
1650245466,ts-assurance-service,d4dd35e2103ba498,,d4dd35e2103ba498,1852,200,getAllAssuranceType,no_parent
1650245526,ts-auth-service,52467c380202dbad,df66de4ad5b13bfd,df66de4ad5b13bfd,3852,200,GET,ts-auth-service
1650245526,ts-security-service,8d5ace5cb0b1fa1c,25a4c4e85c99bff,f22c6d789fbbad57,4821,200,GET,ts-security-service
1650245526,ts-auth-service,df66de4ad5b13bfd,,df66de4ad5b13bfd,108275,200,getToken,no_parent
1650245526,ts-order-service,c3b0282f3aef0af2,8d5ace5cb0b1fa1c,f22c6d789fbbad57,3419,200,securityInfoCheck,ts-security-service
1650245526,ts-preserve-service,c6e9c6d353e224f1,f22c6d789fbbad57,f22c6d789fbbad57,3789,200,GET,ts-preserve-service
1650245526,ts-order-other-service,7ce44f6f22dd4ba1,ab2aa7d4c59dd00,f22c6d789fbbad57,3462,200,securityInfoCheck,ts-security-service
1650245526,ts-contacts-service,a68aa9e23033151,c6e9c6d353e224f1,f22c6d789fbbad57,2477,200,getContactsByContactsId,ts-preserve-service
1650245526,ts-order-service,20d3f25aa3baf215,679ad0751d31730d,679ad0751d31730d,9317,200,POST,ts-order-service
1650245526,ts-preserve-service,f22c6d789fbbad57,,f22c6d789fbbad57,22650,200,preserve,no_parent
1650245526,ts-preserve-service,d4729ecf82dbe47d,f22c6d789fbbad57,f22c6d789fbbad57,15909,200,GET,ts-preserve-service
1650245526,ts-security-service,ab2aa7d4c59dd00,25a4c4e85c99bff,f22c6d789fbbad57,4686,200,GET,ts-security-service
1650245526,ts-security-service,25a4c4e85c99bff,d4729ecf82dbe47d,f22c6d789fbbad57,14405,200,check,ts-preserve-service
1650245526,ts-ticketinfo-service,786dfe5eef9be7a5,67d951dc3eced0fd,3d752e8ceee29395,11674248,200,queryForStationId,ts-travel-service
1650245526,ts-ticketinfo-service,bda9c209239cf3a5,786dfe5eef9be7a5,3d752e8ceee29395,11671277,200,GET,ts-ticketinfo-service
1650245526,ts-verification-code-service,c118f2c0b4c20cbc,,c118f2c0b4c20cbc,2971,200,imageCode,no_parent
1650245526,ts-verification-code-service,ca43af93e30abeaf,52467c380202dbad,df66de4ad5b13bfd,2043,200,verifyCode,ts-auth-service
1650245526,ts-travel-service,3d752e8ceee29395,,3d752e8ceee29395,11716515,200,queryInfo,no_parent
1650245526,ts-travel-service,67d951dc3eced0fd,3d752e8ceee29395,3d752e8ceee29395,11675706,200,GET,ts-travel-service
1650245526,ts-order-service,679ad0751d31730d,,679ad0751d31730d,12805,200,queryOrdersForRefresh,no_parent
1650245526,ts-station-service,8f5ac4237c33c16b,20d3f25aa3baf215,679ad0751d31730d,7806,200,queryForNameBatch,ts-order-service
1650245526,ts-contacts-service,8e5e3aefa3772b60,,8e5e3aefa3772b60,3204,200,findContactsByAccountId,no_parent
1650245527,ts-basic-service,4a8d79897226e5cd,bda9c209239cf3a5,3d752e8ceee29395,8643341,200,queryForStationId,ts-ticketinfo-service
1650245527,ts-basic-service,cc8fff83f38786f6,4a8d79897226e5cd,3d752e8ceee29395,8640608,200,GET,ts-basic-service
1650245532,ts-station-service,eda9b55a3f114b84,cc8fff83f38786f6,3d752e8ceee29395,2534,200,queryForStationId,ts-basic-service
1650245537,ts-basic-service,70be9861c0f5dd5b,4b002cdd074634ce,3d752e8ceee29395,6750,200,queryForStationId,ts-ticketinfo-service
1650245537,ts-ticketinfo-service,4b002cdd074634ce,6d52bbe42d941223,3d752e8ceee29395,7736,200,GET,ts-ticketinfo-service
1650245537,ts-basic-service,7a4e63aea3fe683e,70be9861c0f5dd5b,3d752e8ceee29395,3593,200,GET,ts-basic-service
1650245537,ts-ticketinfo-service,6d52bbe42d941223,596e5ba6f884a50e,3d752e8ceee29395,18958,200,queryForStationId,ts-travel-service
1650245537,ts-travel-service,596e5ba6f884a50e,3d752e8ceee29395,3d752e8ceee29395,19649,200,GET,ts-travel-service
1650245538,ts-route-service,a0b900c6871f4674,7dd89b28ea5acf3e,3d752e8ceee29395,1286,200,queryById,ts-travel-service
1650245538,ts-route-service,62516d843039b965,14bb294cad816a26,3d752e8ceee29395,2988,200,queryById,ts-travel-service
1650245538,ts-route-service,6c1f0276e35a3501,509eeee1f8d16e4d,3d752e8ceee29395,1811,200,queryById,ts-travel-service
1650245538,ts-assurance-service,a658a087981f2880,,a658a087981f2880,1651,200,getAllAssuranceType,no_parent
1650245538,ts-travel-service,7dd89b28ea5acf3e,3d752e8ceee29395,3d752e8ceee29395,1594,200,GET,ts-travel-service
1650245538,ts-travel-service,509eeee1f8d16e4d,3d752e8ceee29395,3d752e8ceee29395,1860,200,GET,ts-travel-service
1650245538,ts-travel-service,d280aff51a834366,3d752e8ceee29395,3d752e8ceee29395,1336,200,GET,ts-travel-service
1650245538,ts-travel-service,1a44d407fec7c7ce,3d752e8ceee29395,3d752e8ceee29395,2256,200,GET,ts-travel-service
1650245538,ts-route-service,492304d4c0d68ed3,d280aff51a834366,3d752e8ceee29395,1226,200,queryById,ts-travel-service
1650245538,ts-route-service,e8316c09a5512ec1,1a44d407fec7c7ce,3d752e8ceee29395,2168,200,queryById,ts-travel-service
1650245538,ts-travel-service,14bb294cad816a26,3d752e8ceee29395,3d752e8ceee29395,4535,200,GET,ts-travel-service
1650245538,ts-station-service,2ee907ef35212b99,7a4e63aea3fe683e,3d752e8ceee29395,2829,200,queryForStationId,ts-basic-service
1650245598,ts-auth-service,6951f82d14975b3,169e35340d77fff4,169e35340d77fff4,3266,200,GET,ts-auth-service
1650245598,ts-basic-service,fd7cf2bba6d54556,8aca029a776c02c4,f1d6216c43253cd4,2761,200,GET,ts-basic-service
1650245598,ts-travel-service,efd02dd6d21b69b7,f1d6216c43253cd4,f1d6216c43253cd4,2349,200,GET,ts-travel-service
1650245598,ts-station-service,7452fbd926b89fdd,7c23724446be54fe,f1d6216c43253cd4,2239,200,queryForStationId,ts-basic-service
1650245598,ts-station-service,e017ff14b7029a86,fd7cf2bba6d54556,f1d6216c43253cd4,2148,200,queryForStationId,ts-basic-service
1650245598,ts-basic-service,18c2feae49671a7c,6a37c74ea4b5cf34,f1d6216c43253cd4,5812,200,queryForStationId,ts-ticketinfo-service
1650245598,ts-basic-service,8aca029a776c02c4,6c27193f9a90775a,f1d6216c43253cd4,4766,200,queryForStationId,ts-ticketinfo-service
1650245598,ts-basic-service,7c23724446be54fe,18c2feae49671a7c,f1d6216c43253cd4,3350,200,GET,ts-basic-service
1650245598,ts-ticketinfo-service,cf321d1dc0b9cb8c,b3502cdbe2d8bbf3,f1d6216c43253cd4,9566,200,queryForStationId,ts-travel-service
1650245598,ts-ticketinfo-service,9ed58d1f220d620b,d6b2e4f174513226,f1d6216c43253cd4,7426,200,queryForStationId,ts-travel-service
1650245598,ts-ticketinfo-service,6a37c74ea4b5cf34,cf321d1dc0b9cb8c,f1d6216c43253cd4,7082,200,GET,ts-ticketinfo-service
1650245598,ts-ticketinfo-service,6c27193f9a90775a,9ed58d1f220d620b,f1d6216c43253cd4,5362,200,GET,ts-ticketinfo-service
1650245598,ts-travel-service,992b06e02497862d,f1d6216c43253cd4,f1d6216c43253cd4,2197,200,GET,ts-travel-service
1650245598,ts-order-service,720c77251eb966d,,720c77251eb966d,12686,200,queryOrdersForRefresh,no_parent
1650245598,ts-travel-service,7b763370f97cb9f,f1d6216c43253cd4,f1d6216c43253cd4,4000,200,GET,ts-travel-service
1650245598,ts-travel-service,d6b2e4f174513226,f1d6216c43253cd4,f1d6216c43253cd4,7938,200,GET,ts-travel-service
1650245598,ts-travel-service,b3502cdbe2d8bbf3,f1d6216c43253cd4,f1d6216c43253cd4,11314,200,GET,ts-travel-service
1650245598,ts-travel-service,f1d6216c43253cd4,,f1d6216c43253cd4,51890,200,queryInfo,no_parent
1650245598,ts-route-service,14a7761f088601cb,7b763370f97cb9f,f1d6216c43253cd4,2634,200,queryById,ts-travel-service
1650245598,ts-route-service,6d8bef3bb5cc5620,bc12298f3249c867,f1d6216c43253cd4,2483,200,queryById,ts-travel-service
1650245598,ts-route-service,f5ca5cdf5480f29c,992b06e02497862d,f1d6216c43253cd4,2048,200,queryById,ts-travel-service
1650245598,ts-route-service,7871351e1feebc9,efd02dd6d21b69b7,f1d6216c43253cd4,2110,200,queryById,ts-travel-service
1650245598,ts-order-service,3f6df50bcd3613f8,1e85b9388c6387b9,61c691f79973157c,3314,200,securityInfoCheck,ts-security-service
1650245598,ts-order-other-service,386ff2a13d7575e7,5bc918912f76c3e0,61c691f79973157c,3575,200,securityInfoCheck,ts-security-service
1650245598,ts-travel-service,e1bb8dc76ba7af05,f1d6216c43253cd4,f1d6216c43253cd4,2317,200,GET,ts-travel-service
1650245598,ts-route-service,27b8bcdc268c266e,e1bb8dc76ba7af05,f1d6216c43253cd4,2175,200,queryById,ts-travel-service
1650245598,ts-security-service,1e85b9388c6387b9,afb2f224c757e797,61c691f79973157c,4730,200,GET,ts-security-service
1650245598,ts-travel-service,bc12298f3249c867,f1d6216c43253cd4,f1d6216c43253cd4,2990,200,GET,ts-travel-service
1650245598,ts-security-service,afb2f224c757e797,4530fe9ca4ed2cfe,61c691f79973157c,14016,200,check,ts-preserve-service
1650245598,ts-preserve-service,61c691f79973157c,,61c691f79973157c,25801,200,preserve,no_parent
1650245598,ts-security-service,5bc918912f76c3e0,afb2f224c757e797,61c691f79973157c,4793,200,GET,ts-security-service
1650245598,ts-contacts-service,dc74ea9358679e83,227f733cbe03703d,61c691f79973157c,2491,200,getContactsByContactsId,ts-preserve-service
1650245598,ts-preserve-service,4530fe9ca4ed2cfe,61c691f79973157c,61c691f79973157c,16674,200,GET,ts-preserve-service
1650245598,ts-preserve-service,227f733cbe03703d,61c691f79973157c,61c691f79973157c,3613,200,GET,ts-preserve-service
1650245598,ts-contacts-service,59b147417da2e8f,,59b147417da2e8f,3256,200,findContactsByAccountId,no_parent
1650245598,ts-assurance-service,d59c3ad9aaef94ce,,d59c3ad9aaef94ce,1860,200,getAllAssuranceType,no_parent
1650245598,ts-verification-code-service,150e3fcdc3c33a2e,,150e3fcdc3c33a2e,2992,200,imageCode,no_parent
1650245598,ts-auth-service,169e35340d77fff4,,169e35340d77fff4,113875,200,getToken,no_parent
1650245598,ts-verification-code-service,867889dd0d5b9d5b,6951f82d14975b3,169e35340d77fff4,1525,200,verifyCode,ts-auth-service
1650245598,ts-station-service,b79c98efe21e0a4a,583e030f4cb6e8fc,720c77251eb966d,8104,200,queryForNameBatch,ts-order-service
1650245598,ts-order-service,583e030f4cb6e8fc,720c77251eb966d,720c77251eb966d,9604,200,POST,ts-order-service
1650245658,ts-contacts-service,b78f03bc98e2bef0,832451faeca4e7cd,7008fe9e7468e67c,1967,200,getContactsByContactsId,ts-preserve-service
1650245658,ts-verification-code-service,f77cc441a02bd632,307f79012d2dcd9d,6cfe03178b48b67f,1623,200,verifyCode,ts-auth-service
1650245658,ts-auth-service,307f79012d2dcd9d,6cfe03178b48b67f,6cfe03178b48b67f,2863,200,GET,ts-auth-service
1650245658,ts-auth-service,6cfe03178b48b67f,,6cfe03178b48b67f,125946,200,getToken,no_parent
1650245658,ts-travel-service,f1e3135c994d154f,,f1e3135c994d154f,37373,200,queryInfo,no_parent
1650245658,ts-basic-service,a744ab168d611076,3e59bca88be091a8,f1e3135c994d154f,2338,200,GET,ts-basic-service
1650245658,ts-preserve-service,ffdb711bd56185d9,7008fe9e7468e67c,7008fe9e7468e67c,16144,200,GET,ts-preserve-service
1650245658,ts-preserve-service,832451faeca4e7cd,7008fe9e7468e67c,7008fe9e7468e67c,2692,200,GET,ts-preserve-service
1650245658,ts-preserve-service,7008fe9e7468e67c,,7008fe9e7468e67c,21133,200,preserve,no_parent
1650245658,ts-order-service,fa6c1eb814b227,bbc1f12bfb4f52db,7008fe9e7468e67c,6584,200,securityInfoCheck,ts-security-service
1650245658,ts-order-other-service,3f804869f0ed5573,ca85952dbc8738b8,7008fe9e7468e67c,3095,200,securityInfoCheck,ts-security-service
1650245658,ts-basic-service,6a66b9e0f4614ed6,8f038d089074741f,f1e3135c994d154f,2284,200,GET,ts-basic-service
1650245658,ts-travel-service,fb4d8a080c4e17dd,f1e3135c994d154f,f1e3135c994d154f,1595,200,GET,ts-travel-service
1650245658,ts-travel-service,8b1772f04223e721,f1e3135c994d154f,f1e3135c994d154f,2056,200,GET,ts-travel-service
1650245658,ts-travel-service,68961198fb1d4b0b,f1e3135c994d154f,f1e3135c994d154f,11473,200,GET,ts-travel-service
1650245658,ts-travel-service,5bba3929c295d02e,f1e3135c994d154f,f1e3135c994d154f,3575,200,GET,ts-travel-service
1650245658,ts-travel-service,48ef9ad815505641,f1e3135c994d154f,f1e3135c994d154f,7948,200,GET,ts-travel-service
1650245658,ts-basic-service,8f038d089074741f,24abc83dd5177fcf,f1e3135c994d154f,4089,200,queryForStationId,ts-ticketinfo-service
1650245658,ts-ticketinfo-service,24abc83dd5177fcf,3fcf312d6082fd24,f1e3135c994d154f,4872,200,GET,ts-ticketinfo-service
1650245658,ts-ticketinfo-service,8ab562072fa772de,68961198fb1d4b0b,f1e3135c994d154f,11231,200,queryForStationId,ts-travel-service
1650245658,ts-travel-service,1afb0eb54e5cf710,f1e3135c994d154f,f1e3135c994d154f,1509,200,GET,ts-travel-service
1650245658,ts-travel-service,da3d162a7adf421,f1e3135c994d154f,f1e3135c994d154f,1521,200,GET,ts-travel-service
1650245658,ts-security-service,ca85952dbc8738b8,6183d179e2c9dad0,7008fe9e7468e67c,3796,200,GET,ts-security-service
1650245658,ts-security-service,6183d179e2c9dad0,ffdb711bd56185d9,7008fe9e7468e67c,15064,200,check,ts-preserve-service
1650245658,ts-ticketinfo-service,813158b0c2ac2ab7,8ab562072fa772de,f1e3135c994d154f,9634,200,GET,ts-ticketinfo-service
1650245658,ts-ticketinfo-service,3fcf312d6082fd24,48ef9ad815505641,f1e3135c994d154f,6873,200,queryForStationId,ts-travel-service
1650245658,ts-contacts-service,d2a9a1a72057f32c,,d2a9a1a72057f32c,2612,200,findContactsByAccountId,no_parent
1650245658,ts-assurance-service,6e514534fa9a659b,,6e514534fa9a659b,1272,200,getAllAssuranceType,no_parent
1650245658,ts-verification-code-service,40884514a9c92b9f,,40884514a9c92b9f,2347,200,imageCode,no_parent
1650245658,ts-security-service,bbc1f12bfb4f52db,6183d179e2c9dad0,7008fe9e7468e67c,7552,200,GET,ts-security-service
1650245658,ts-order-service,c51ee8bfb4095de3,b1bab1e2c69b1600,b1bab1e2c69b1600,5442,200,POST,ts-order-service
1650245658,ts-station-service,8c1579b67931443,a744ab168d611076,f1e3135c994d154f,1913,200,queryForStationId,ts-basic-service
1650245658,ts-station-service,a3b30c81cb8d6a3f,6a66b9e0f4614ed6,f1e3135c994d154f,1586,200,queryForStationId,ts-basic-service
1650245658,ts-route-service,e1cc189bbca97162,8b1772f04223e721,f1e3135c994d154f,1469,200,queryById,ts-travel-service
1650245658,ts-route-service,61c91845c04a46b1,da3d162a7adf421,f1e3135c994d154f,1432,200,queryById,ts-travel-service
1650245658,ts-route-service,4dd69aee4daed2b1,5bba3929c295d02e,f1e3135c994d154f,2143,200,queryById,ts-travel-service
1650245658,ts-basic-service,3e59bca88be091a8,813158b0c2ac2ab7,f1e3135c994d154f,9226,200,queryForStationId,ts-ticketinfo-service
1650245658,ts-route-service,fb249623b3ab23c9,fb4d8a080c4e17dd,f1e3135c994d154f,1496,200,queryById,ts-travel-service
1650245658,ts-route-service,8cf7205f7571292c,1afb0eb54e5cf710,f1e3135c994d154f,1411,200,queryById,ts-travel-service
1650245658,ts-station-service,d26504dd87f8756f,c51ee8bfb4095de3,b1bab1e2c69b1600,4539,200,queryForNameBatch,ts-order-service
1650245658,ts-order-service,b1bab1e2c69b1600,,b1bab1e2c69b1600,8088,200,queryOrdersForRefresh,no_parent
1650245718,ts-order-other-service,7ea20c36a37c76c1,d3cbb8dabd0b6fed,6d6aea5b5bb37e9a,2650,200,securityInfoCheck,ts-security-service
1650245718,ts-security-service,e8cd33b6d236c9ce,a4a06a29dcbcb5d3,6d6aea5b5bb37e9a,3606,200,GET,ts-security-service
1650245718,ts-order-service,183f6ed5d68862aa,,183f6ed5d68862aa,8806,200,queryOrdersForRefresh,no_parent
1650245718,ts-station-service,1c8cd2ab171af1bc,7fee08c42fdd454a,183f6ed5d68862aa,5059,200,queryForNameBatch,ts-order-service
1650245718,ts-preserve-service,34b4b559503b865a,6d6aea5b5bb37e9a,6d6aea5b5bb37e9a,12915,200,GET,ts-preserve-service
1650245718,ts-preserve-service,2f28763e5029d211,6d6aea5b5bb37e9a,6d6aea5b5bb37e9a,2516,200,GET,ts-preserve-service
1650245718,ts-basic-service,30f61b2924fd9008,1b152397a349c9aa,fd898997ffb8742f,2347,200,GET,ts-basic-service
1650245718,ts-basic-service,1b152397a349c9aa,644cd4e12423adb4,fd898997ffb8742f,4311,200,queryForStationId,ts-ticketinfo-service
1650245718,ts-order-service,815e831a71f820d8,e8cd33b6d236c9ce,6d6aea5b5bb37e9a,2440,200,securityInfoCheck,ts-security-service
1650245718,ts-ticketinfo-service,644cd4e12423adb4,2f8539012f6608b8,fd898997ffb8742f,5032,200,GET,ts-ticketinfo-service
1650245718,ts-security-service,d3cbb8dabd0b6fed,a4a06a29dcbcb5d3,6d6aea5b5bb37e9a,3488,200,GET,ts-security-service
1650245718,ts-security-service,a4a06a29dcbcb5d3,34b4b559503b865a,6d6aea5b5bb37e9a,11299,200,check,ts-preserve-service
1650245718,ts-contacts-service,d2e3d67e16899b0b,2f28763e5029d211,6d6aea5b5bb37e9a,1736,200,getContactsByContactsId,ts-preserve-service
1650245718,ts-order-service,7fee08c42fdd454a,183f6ed5d68862aa,183f6ed5d68862aa,6118,200,POST,ts-order-service
1650245718,ts-travel-service,62f343bffa6b3219,fd898997ffb8742f,fd898997ffb8742f,5076,200,GET,ts-travel-service
1650245718,ts-travel-service,33194776e0e79204,fd898997ffb8742f,fd898997ffb8742f,1499,200,GET,ts-travel-service
1650245718,ts-preserve-service,6d6aea5b5bb37e9a,,6d6aea5b5bb37e9a,17366,200,preserve,no_parent
1650245718,ts-travel-service,d8d70b16e5b2641e,fd898997ffb8742f,fd898997ffb8742f,1614,200,GET,ts-travel-service
1650245718,ts-basic-service,7218b85b9249e609,ca71b9a0481768e2,fd898997ffb8742f,2998,200,queryForStationId,ts-ticketinfo-service
1650245718,ts-route-service,8eed3557cee150cb,d8d70b16e5b2641e,fd898997ffb8742f,1471,200,queryById,ts-travel-service
1650245718,ts-route-service,5982a6bdb2a7b66f,e709686e7a914726,fd898997ffb8742f,1489,200,queryById,ts-travel-service
1650245718,ts-verification-code-service,be728760bb4d58b2,2fd9ea6d18af23f9,6695e252d0a1a6f2,1779,200,verifyCode,ts-auth-service
1650245718,ts-route-service,1620befce08d05ba,c823054f8a442a86,fd898997ffb8742f,1422,200,queryById,ts-travel-service
1650245718,ts-ticketinfo-service,ca71b9a0481768e2,bdec54374b64da02,fd898997ffb8742f,3361,200,GET,ts-ticketinfo-service
1650245718,ts-ticketinfo-service,bdec54374b64da02,62f343bffa6b3219,fd898997ffb8742f,4763,200,queryForStationId,ts-travel-service
1650245718,ts-ticketinfo-service,2f8539012f6608b8,720e30373149f39a,fd898997ffb8742f,6932,200,queryForStationId,ts-travel-service
1650245718,ts-travel-service,720e30373149f39a,fd898997ffb8742f,fd898997ffb8742f,7743,200,GET,ts-travel-service
1650245718,ts-travel-service,e709686e7a914726,fd898997ffb8742f,fd898997ffb8742f,1779,200,GET,ts-travel-service
1650245718,ts-basic-service,563f40611c5655ce,7218b85b9249e609,fd898997ffb8742f,1549,200,GET,ts-basic-service
1650245718,ts-travel-service,c823054f8a442a86,fd898997ffb8742f,fd898997ffb8742f,1488,200,GET,ts-travel-service
1650245718,ts-travel-service,22029ee89f65d79d,fd898997ffb8742f,fd898997ffb8742f,2565,200,GET,ts-travel-service
1650245718,ts-travel-service,fd898997ffb8742f,,fd898997ffb8742f,28998,200,queryInfo,no_parent
1650245718,ts-route-service,d9c22fb675fc8c98,22029ee89f65d79d,fd898997ffb8742f,1717,200,queryById,ts-travel-service
1650245718,ts-station-service,4f2fafc5fc0a707f,30f61b2924fd9008,fd898997ffb8742f,1665,200,queryForStationId,ts-basic-service
1650245718,ts-station-service,e68d00f5d51bdb4e,563f40611c5655ce,fd898997ffb8742f,1161,200,queryForStationId,ts-basic-service
1650245718,ts-route-service,c9c3318104791ca2,33194776e0e79204,fd898997ffb8742f,1414,200,queryById,ts-travel-service
1650245718,ts-contacts-service,582a33bcc5f9c390,,582a33bcc5f9c390,2489,200,findContactsByAccountId,no_parent
1650245718,ts-verification-code-service,adffa3b79965a530,,adffa3b79965a530,2089,200,imageCode,no_parent
1650245718,ts-auth-service,2fd9ea6d18af23f9,6695e252d0a1a6f2,6695e252d0a1a6f2,3090,200,GET,ts-auth-service
1650245718,ts-auth-service,6695e252d0a1a6f2,,6695e252d0a1a6f2,126243,200,getToken,no_parent
1650245718,ts-assurance-service,d5b360b8bda87e00,,d5b360b8bda87e00,1239,200,getAllAssuranceType,no_parent
1650245778,ts-verification-code-service,17168792e69a4522,fa543e640c10a0f2,e5f192a451985899,1515,200,verifyCode,ts-auth-service
1650245778,ts-auth-service,e5f192a451985899,,e5f192a451985899,125586,200,getToken,no_parent
1650245778,ts-auth-service,fa543e640c10a0f2,e5f192a451985899,e5f192a451985899,2641,200,GET,ts-auth-service
1650245778,ts-order-service,3394ca7c8318b459,3f5f5232a13d471f,3f5f5232a13d471f,5927,200,POST,ts-order-service
1650245778,ts-order-service,3f5f5232a13d471f,,3f5f5232a13d471f,8931,200,queryOrdersForRefresh,no_parent
1650245778,ts-order-other-service,b4dc062e9f159bef,172eb657380fddfe,d189dcaafad8cd29,2828,200,securityInfoCheck,ts-security-service
1650245778,ts-station-service,e8ca3f8a331b34d7,3394ca7c8318b459,3f5f5232a13d471f,4758,200,queryForNameBatch,ts-order-service
1650245778,ts-contacts-service,2962d980110edcdf,f916429e4734fa6c,d189dcaafad8cd29,1740,200,getContactsByContactsId,ts-preserve-service
1650245778,ts-security-service,172eb657380fddfe,5799f480f60d02aa,d189dcaafad8cd29,3366,200,GET,ts-security-service
1650245778,ts-security-service,afdeb8d2d270ad27,5799f480f60d02aa,d189dcaafad8cd29,3740,200,GET,ts-security-service
1650245778,ts-security-service,5799f480f60d02aa,18899bba7a7b17f0,d189dcaafad8cd29,11002,200,check,ts-preserve-service
1650245778,ts-preserve-service,18899bba7a7b17f0,d189dcaafad8cd29,d189dcaafad8cd29,12048,200,GET,ts-preserve-service
1650245778,ts-preserve-service,d189dcaafad8cd29,,d189dcaafad8cd29,17060,200,preserve,no_parent
1650245778,ts-order-service,807fa0224f290f13,afdeb8d2d270ad27,d189dcaafad8cd29,2725,200,securityInfoCheck,ts-security-service
1650245778,ts-preserve-service,f916429e4734fa6c,d189dcaafad8cd29,d189dcaafad8cd29,2478,200,GET,ts-preserve-service
1650245778,ts-verification-code-service,fcc0fb10a6dcbcc9,,fcc0fb10a6dcbcc9,2379,200,imageCode,no_parent
1650245778,ts-contacts-service,96eec4da48a2e801,,96eec4da48a2e801,2297,200,findContactsByAccountId,no_parent
1650245779,ts-route-service,cfcf74feae5aabcd,325811458af5b297,73f249770b0d2a83,1852,200,queryById,ts-travel-service
1650245779,ts-station-service,c697fb6b507a6cae,ffac7c55d32692d9,73f249770b0d2a83,2753,200,queryForStationId,ts-basic-service
1650245779,ts-route-service,153861ce7e641c6a,531617b1dc139535,73f249770b0d2a83,1437,200,queryById,ts-travel-service
1650245779,ts-basic-service,38f741bb55e86203,b6ba210030840762,73f249770b0d2a83,8320,200,queryForStationId,ts-ticketinfo-service
1650245779,ts-basic-service,93c165a56b4fd254,38f741bb55e86203,73f249770b0d2a83,4354,200,GET,ts-basic-service
1650245779,ts-route-service,a0598335f07c6dc7,203afca9ece3407b,73f249770b0d2a83,1366,200,queryById,ts-travel-service
1650245779,ts-travel-service,c83b44b3f8f7329c,73f249770b0d2a83,73f249770b0d2a83,11488,200,GET,ts-travel-service
1650245779,ts-travel-service,531617b1dc139535,73f249770b0d2a83,73f249770b0d2a83,1517,200,GET,ts-travel-service
1650245779,ts-travel-service,83d16be75ef7d532,73f249770b0d2a83,73f249770b0d2a83,18397,200,GET,ts-travel-service
1650245779,ts-travel-service,325811458af5b297,73f249770b0d2a83,73f249770b0d2a83,1965,200,GET,ts-travel-service
1650245779,ts-travel-service,8b740607b3d6d0ab,73f249770b0d2a83,73f249770b0d2a83,1861,200,GET,ts-travel-service
1650245779,ts-travel-service,73f249770b0d2a83,,73f249770b0d2a83,47921,200,queryInfo,no_parent
1650245779,ts-travel-service,cd46dfd66f598f6e,73f249770b0d2a83,73f249770b0d2a83,3336,200,GET,ts-travel-service
1650245779,ts-assurance-service,24a63e8f34754edf,,24a63e8f34754edf,2071,200,getAllAssuranceType,no_parent
1650245779,ts-route-service,bfa01783c5773d98,cd46dfd66f598f6e,73f249770b0d2a83,2060,200,queryById,ts-travel-service
1650245779,ts-route-service,ab8f1c3349c0b0e3,8b740607b3d6d0ab,73f249770b0d2a83,1447,200,queryById,ts-travel-service
1650245779,ts-basic-service,ffac7c55d32692d9,f4a1b12d60396ab2,73f249770b0d2a83,3895,200,GET,ts-basic-service
1650245779,ts-ticketinfo-service,ebb0fdf751c43b0b,c83b44b3f8f7329c,73f249770b0d2a83,10342,200,queryForStationId,ts-travel-service
1650245779,ts-travel-service,203afca9ece3407b,73f249770b0d2a83,73f249770b0d2a83,1450,200,GET,ts-travel-service
1650245779,ts-station-service,b0c2455933f2ffc6,93c165a56b4fd254,73f249770b0d2a83,2702,200,queryForStationId,ts-basic-service
1650245779,ts-ticketinfo-service,e9e9eaa3812a54b9,83d16be75ef7d532,73f249770b0d2a83,14524,200,queryForStationId,ts-travel-service
1650245779,ts-ticketinfo-service,b6ba210030840762,e9e9eaa3812a54b9,73f249770b0d2a83,10013,200,GET,ts-ticketinfo-service
1650245779,ts-ticketinfo-service,205dd101dd047064,ebb0fdf751c43b0b,73f249770b0d2a83,8130,200,GET,ts-ticketinfo-service
1650245779,ts-basic-service,f4a1b12d60396ab2,205dd101dd047064,73f249770b0d2a83,6594,200,queryForStationId,ts-ticketinfo-service
1650245839,ts-route-service,2c1b75890a59d0e4,2c724f8a9e5cb9aa,4930b5f557f0124e,2119,200,queryById,ts-travel-service
1650245839,ts-route-service,3aaa329692b8f1b1,8de4e34c25f58e67,4930b5f557f0124e,1510,200,queryById,ts-travel-service
1650245839,ts-route-service,44b1e48b38741dd5,4887611bfba2388d,4930b5f557f0124e,1444,200,queryById,ts-travel-service
1650245839,ts-travel-service,b8665879e4681135,4930b5f557f0124e,4930b5f557f0124e,12263,200,GET,ts-travel-service
1650245839,ts-travel-service,cd9c87a93f86bd01,4930b5f557f0124e,4930b5f557f0124e,6249,200,GET,ts-travel-service
1650245839,ts-travel-service,2c724f8a9e5cb9aa,4930b5f557f0124e,4930b5f557f0124e,3149,200,GET,ts-travel-service
1650245839,ts-verification-code-service,935b2ec3743e2d6e,8858efbaa1e67e0,529efd85278c6908,1703,200,verifyCode,ts-auth-service
1650245839,ts-travel-service,4887611bfba2388d,4930b5f557f0124e,4930b5f557f0124e,1563,200,GET,ts-travel-service
1650245839,ts-travel-service,414348d948d4d1d0,4930b5f557f0124e,4930b5f557f0124e,1852,200,GET,ts-travel-service
1650245839,ts-travel-service,9eb2028ba0809094,4930b5f557f0124e,4930b5f557f0124e,1538,200,GET,ts-travel-service
1650245839,ts-route-service,abeb1f3b0a455d4e,9eb2028ba0809094,4930b5f557f0124e,1443,200,queryById,ts-travel-service
1650245839,ts-station-service,b1faaefd89b2a767,88fcd61e75aa94cf,4930b5f557f0124e,1805,200,queryForStationId,ts-basic-service
1650245839,ts-basic-service,88fcd61e75aa94cf,fa1cc4ba8306cb49,4930b5f557f0124e,2497,200,GET,ts-basic-service
1650245839,ts-basic-service,fa1cc4ba8306cb49,de4d74b052d4cf5e,4930b5f557f0124e,4295,200,queryForStationId,ts-ticketinfo-service
1650245839,ts-route-service,9ece99a7fa0a76ee,414348d948d4d1d0,4930b5f557f0124e,1462,200,queryById,ts-travel-service
1650245839,ts-ticketinfo-service,de4d74b052d4cf5e,6ad55ef6a14bd932,4930b5f557f0124e,5531,200,GET,ts-ticketinfo-service
1650245839,ts-ticketinfo-service,cd25e4a3fc035dbf,cd9c87a93f86bd01,4930b5f557f0124e,5795,200,queryForStationId,ts-travel-service
1650245839,ts-ticketinfo-service,b8cc71b0a23ca8ce,cd25e4a3fc035dbf,4930b5f557f0124e,3859,200,GET,ts-ticketinfo-service
1650245839,ts-travel-service,4930b5f557f0124e,,4930b5f557f0124e,39242,200,queryInfo,no_parent
1650245839,ts-basic-service,1565ffda9f84c8dd,b5961971fd93cab6,4930b5f557f0124e,1860,200,GET,ts-basic-service
1650245839,ts-basic-service,b5961971fd93cab6,b8cc71b0a23ca8ce,4930b5f557f0124e,3317,200,queryForStationId,ts-ticketinfo-service
1650245839,ts-ticketinfo-service,6ad55ef6a14bd932,b8665879e4681135,4930b5f557f0124e,11333,200,queryForStationId,ts-travel-service
1650245839,ts-travel-service,8de4e34c25f58e67,4930b5f557f0124e,4930b5f557f0124e,2187,200,GET,ts-travel-service
1650245839,ts-order-service,3a20a5cb788d2044,cd06e9a34ac53f0e,cd06e9a34ac53f0e,6518,200,POST,ts-order-service
1650245839,ts-station-service,5ef934f4dd87405c,1565ffda9f84c8dd,4930b5f557f0124e,1400,200,queryForStationId,ts-basic-service
1650245839,ts-auth-service,8858efbaa1e67e0,529efd85278c6908,529efd85278c6908,3073,200,GET,ts-auth-service
1650245839,ts-security-service,17e1f9a9f5610e4f,eee3295e34fb5dd2,b02ae3e7c3fc1849,10987,200,check,ts-preserve-service
1650245839,ts-contacts-service,9657dbf06550e818,4e17a3bb7a674a61,b02ae3e7c3fc1849,1675,200,getContactsByContactsId,ts-preserve-service
1650245839,ts-preserve-service,4e17a3bb7a674a61,b02ae3e7c3fc1849,b02ae3e7c3fc1849,2431,200,GET,ts-preserve-service
1650245839,ts-preserve-service,b02ae3e7c3fc1849,,b02ae3e7c3fc1849,16870,200,preserve,no_parent
1650245839,ts-preserve-service,eee3295e34fb5dd2,b02ae3e7c3fc1849,b02ae3e7c3fc1849,12109,200,GET,ts-preserve-service
1650245839,ts-order-service,ec0b05c484cfef60,dea25d3e4fa9a4a4,b02ae3e7c3fc1849,2611,200,securityInfoCheck,ts-security-service
1650245839,ts-order-other-service,5ba7f21960324397,a34a2955913d5a,b02ae3e7c3fc1849,2616,200,securityInfoCheck,ts-security-service
1650245839,ts-security-service,a34a2955913d5a,17e1f9a9f5610e4f,b02ae3e7c3fc1849,3463,200,GET,ts-security-service
1650245839,ts-security-service,dea25d3e4fa9a4a4,17e1f9a9f5610e4f,b02ae3e7c3fc1849,3713,200,GET,ts-security-service
1650245839,ts-contacts-service,b60a85745a5e8dea,,b60a85745a5e8dea,2637,200,findContactsByAccountId,no_parent
1650245839,ts-assurance-service,7c50ebe85bce0d02,,7c50ebe85bce0d02,1224,200,getAllAssuranceType,no_parent
1650245839,ts-station-service,8a79cc762152f81f,3a20a5cb788d2044,cd06e9a34ac53f0e,5194,200,queryForNameBatch,ts-order-service
1650245839,ts-order-service,cd06e9a34ac53f0e,,cd06e9a34ac53f0e,8941,200,queryOrdersForRefresh,no_parent
1650245839,ts-verification-code-service,d62f6fcec4a238ec,,d62f6fcec4a238ec,2051,200,imageCode,no_parent
1650245839,ts-auth-service,529efd85278c6908,,529efd85278c6908,126175,200,getToken,no_parent
1650245899,ts-route-service,81eded4afd17e6a1,410e3eca9332b898,a85f78f6b964dc54,1179,200,queryById,ts-travel-service
1650245899,ts-station-service,6174071ff08e1fd8,f090980f125419b8,a85f78f6b964dc54,1234,200,queryForStationId,ts-basic-service
1650245899,ts-auth-service,83549ef6a87384b7,,83549ef6a87384b7,125875,200,getToken,no_parent
1650245899,ts-route-service,9a891d48d5ae2175,87ec794a6d73f401,a85f78f6b964dc54,1397,200,queryById,ts-travel-service
1650245899,ts-verification-code-service,4601989d66b18ba7,aa49926c3cc0480b,83549ef6a87384b7,1896,200,verifyCode,ts-auth-service
1650245899,ts-travel-service,87ec794a6d73f401,a85f78f6b964dc54,a85f78f6b964dc54,1784,200,GET,ts-travel-service
1650245899,ts-ticketinfo-service,884f62b9836a7a79,4d6f734bc2209dbf,a85f78f6b964dc54,6744,200,queryForStationId,ts-travel-service
1650245899,ts-security-service,c59d1b1b4cdcde86,43ad4c272a69f898,6e34cdd24e706db1,10504,200,check,ts-preserve-service
1650245899,ts-security-service,fbe64e72084274b0,c59d1b1b4cdcde86,6e34cdd24e706db1,3541,200,GET,ts-security-service
1650245899,ts-order-service,b240ae13fa47045a,ee3b1c3cca44dc77,ee3b1c3cca44dc77,5991,200,POST,ts-order-service
1650245899,ts-travel-service,4d6f734bc2209dbf,a85f78f6b964dc54,a85f78f6b964dc54,8150,200,GET,ts-travel-service
1650245899,ts-travel-service,b82c12b55916b167,a85f78f6b964dc54,a85f78f6b964dc54,1744,200,GET,ts-travel-service
1650245899,ts-order-other-service,bad5f6b160fbdb24,fbe64e72084274b0,6e34cdd24e706db1,2663,200,securityInfoCheck,ts-security-service
1650245899,ts-security-service,695fd2a8fefaab96,c59d1b1b4cdcde86,6e34cdd24e706db1,3921,200,GET,ts-security-service
1650245899,ts-route-service,f8f6819faf38e38c,6920b2498eb8c9f2,a85f78f6b964dc54,2068,200,queryById,ts-travel-service
1650245899,ts-travel-service,da8c2ca038356940,a85f78f6b964dc54,a85f78f6b964dc54,1240,200,GET,ts-travel-service
1650245899,ts-ticketinfo-service,8ac543b599af0fe6,fa6c3274345fc4c4,a85f78f6b964dc54,4393,200,GET,ts-ticketinfo-service
1650245899,ts-ticketinfo-service,fa6c3274345fc4c4,9f6f6e777554ee7f,a85f78f6b964dc54,6254,200,queryForStationId,ts-travel-service
1650245899,ts-travel-service,9f6f6e777554ee7f,a85f78f6b964dc54,a85f78f6b964dc54,6495,200,GET,ts-travel-service
1650245899,ts-station-service,6c66e9aa904abae,e596bb3e58cdc3d0,a85f78f6b964dc54,1900,200,queryForStationId,ts-basic-service
1650245899,ts-travel-service,a85f78f6b964dc54,,a85f78f6b964dc54,31997,200,queryInfo,no_parent
1650245899,ts-travel-service,6920b2498eb8c9f2,a85f78f6b964dc54,a85f78f6b964dc54,2923,200,GET,ts-travel-service
1650245899,ts-route-service,7da5416aa96e0dfb,da8c2ca038356940,a85f78f6b964dc54,1199,200,queryById,ts-travel-service
1650245899,ts-route-service,dda56b624a083b9d,b82c12b55916b167,a85f78f6b964dc54,1482,200,queryById,ts-travel-service
1650245899,ts-ticketinfo-service,1d30eb3197165e6f,884f62b9836a7a79,a85f78f6b964dc54,4833,200,GET,ts-ticketinfo-service
1650245899,ts-preserve-service,6e34cdd24e706db1,,6e34cdd24e706db1,17682,200,preserve,no_parent
1650245899,ts-order-service,958565c15b986871,695fd2a8fefaab96,6e34cdd24e706db1,2610,200,securityInfoCheck,ts-security-service
1650245899,ts-preserve-service,43ad4c272a69f898,6e34cdd24e706db1,6e34cdd24e706db1,12833,200,GET,ts-preserve-service
1650245899,ts-preserve-service,42e6086a35a487b8,6e34cdd24e706db1,6e34cdd24e706db1,2516,200,GET,ts-preserve-service
1650245899,ts-contacts-service,34d9a0fde216c44a,42e6086a35a487b8,6e34cdd24e706db1,1898,200,getContactsByContactsId,ts-preserve-service
1650245899,ts-basic-service,a7c53a426b82aa17,1d30eb3197165e6f,a85f78f6b964dc54,3902,200,queryForStationId,ts-ticketinfo-service
1650245899,ts-basic-service,e596bb3e58cdc3d0,f4cd91b1e6c11fc4,a85f78f6b964dc54,2350,200,GET,ts-basic-service
1650245899,ts-basic-service,f090980f125419b8,a7c53a426b82aa17,a85f78f6b964dc54,1971,200,GET,ts-basic-service
1650245899,ts-basic-service,f4cd91b1e6c11fc4,8ac543b599af0fe6,a85f78f6b964dc54,4040,200,queryForStationId,ts-ticketinfo-service
1650245899,ts-travel-service,410e3eca9332b898,a85f78f6b964dc54,a85f78f6b964dc54,1245,200,GET,ts-travel-service
1650245899,ts-order-service,ee3b1c3cca44dc77,,ee3b1c3cca44dc77,8677,200,queryOrdersForRefresh,no_parent
1650245899,ts-station-service,8132b2835758ccf7,b240ae13fa47045a,ee3b1c3cca44dc77,4882,200,queryForNameBatch,ts-order-service
1650245899,ts-verification-code-service,ee050ddc3e7c281d,,ee050ddc3e7c281d,2334,200,imageCode,no_parent
1650245899,ts-assurance-service,33be474e499d77c,,33be474e499d77c,1485,200,getAllAssuranceType,no_parent
1650245899,ts-contacts-service,6753c179f29fd6c5,,6753c179f29fd6c5,2589,200,findContactsByAccountId,no_parent
1650245899,ts-auth-service,aa49926c3cc0480b,83549ef6a87384b7,83549ef6a87384b7,3285,200,GET,ts-auth-service
1650245959,ts-order-other-service,c868542637838f56,220f4400dc43b79d,13a19e7292a81a9e,2844,200,securityInfoCheck,ts-security-service
1650245959,ts-order-service,de716bae27f1daf6,bbd02916be6efab,13a19e7292a81a9e,2547,200,securityInfoCheck,ts-security-service
1650245959,ts-security-service,220f4400dc43b79d,d858812b3a3d800f,13a19e7292a81a9e,3736,200,GET,ts-security-service
1650245959,ts-security-service,bbd02916be6efab,d858812b3a3d800f,13a19e7292a81a9e,3470,200,GET,ts-security-service
1650245959,ts-auth-service,4a9848ab892b4fc4,1d1d7844c054c52a,1d1d7844c054c52a,3009,200,GET,ts-auth-service
1650245959,ts-auth-service,1d1d7844c054c52a,,1d1d7844c054c52a,125910,200,getToken,no_parent
1650245959,ts-verification-code-service,c7626a2b41a0d8b5,4a9848ab892b4fc4,1d1d7844c054c52a,1662,200,verifyCode,ts-auth-service
1650245959,ts-preserve-service,13a19e7292a81a9e,,13a19e7292a81a9e,16854,200,preserve,no_parent
1650245959,ts-preserve-service,4771252e8b3dadad,13a19e7292a81a9e,13a19e7292a81a9e,12117,200,GET,ts-preserve-service
1650245959,ts-ticketinfo-service,496cf7d96479a2b1,366cf21581e400b8,6c6cb975c27e9280,7162,200,queryForStationId,ts-travel-service
1650245959,ts-ticketinfo-service,6d6323c52ae44d0a,496cf7d96479a2b1,6c6cb975c27e9280,5361,200,GET,ts-ticketinfo-service
1650245959,ts-travel-service,b03198a81b994703,6c6cb975c27e9280,6c6cb975c27e9280,1632,200,GET,ts-travel-service
1650245959,ts-travel-service,8a64761ec0c891b7,6c6cb975c27e9280,6c6cb975c27e9280,1610,200,GET,ts-travel-service
1650245959,ts-travel-service,366cf21581e400b8,6c6cb975c27e9280,6c6cb975c27e9280,8358,200,GET,ts-travel-service
1650245959,ts-basic-service,678b8b34deb3f74,d928acfbe00b28dd,6c6cb975c27e9280,1831,200,GET,ts-basic-service
1650245959,ts-basic-service,ab74e6a63101f61c,6d6323c52ae44d0a,6c6cb975c27e9280,4218,200,queryForStationId,ts-ticketinfo-service
1650245959,ts-travel-service,ce0b87b3851e7e47,6c6cb975c27e9280,6c6cb975c27e9280,3502,200,GET,ts-travel-service
1650245959,ts-travel-service,58e6c3bb748bc050,6c6cb975c27e9280,6c6cb975c27e9280,1807,200,GET,ts-travel-service
1650245959,ts-travel-service,6c6cb975c27e9280,,6c6cb975c27e9280,33600,200,queryInfo,no_parent
1650245959,ts-route-service,2bbe1ace0282fd39,ce0b87b3851e7e47,6c6cb975c27e9280,2095,200,queryById,ts-travel-service
1650245959,ts-contacts-service,29d956fdad261512,d7e4a356a760c0b7,13a19e7292a81a9e,1835,200,getContactsByContactsId,ts-preserve-service
1650245959,ts-security-service,d858812b3a3d800f,4771252e8b3dadad,13a19e7292a81a9e,10989,200,check,ts-preserve-service
1650245959,ts-route-service,3c46fe89470cbcfa,8a64761ec0c891b7,6c6cb975c27e9280,1482,200,queryById,ts-travel-service
1650245959,ts-route-service,829146a7312d0bdf,58e6c3bb748bc050,6c6cb975c27e9280,1454,200,queryById,ts-travel-service
1650245959,ts-station-service,1bedda4408326c49,4d92fd4e69e276c8,6c6cb975c27e9280,1561,200,queryForStationId,ts-basic-service
1650245959,ts-station-service,ba2046fde21eb3ef,678b8b34deb3f74,6c6cb975c27e9280,1407,200,queryForStationId,ts-basic-service
1650245959,ts-basic-service,4d92fd4e69e276c8,ab74e6a63101f61c,6c6cb975c27e9280,2326,200,GET,ts-basic-service
1650245959,ts-basic-service,d928acfbe00b28dd,f60186dfd83b1831,6c6cb975c27e9280,3376,200,queryForStationId,ts-ticketinfo-service
1650245959,ts-travel-service,e4fc7fe26d93935c,6c6cb975c27e9280,6c6cb975c27e9280,6524,200,GET,ts-travel-service
1650245959,ts-travel-service,dbe19d9fc258d7ce,6c6cb975c27e9280,6c6cb975c27e9280,2067,200,GET,ts-travel-service
1650245959,ts-route-service,13b9e8b426dbdee6,dbe19d9fc258d7ce,6c6cb975c27e9280,1504,200,queryById,ts-travel-service
1650245959,ts-route-service,aa951f9652e0327e,b03198a81b994703,6c6cb975c27e9280,1585,200,queryById,ts-travel-service
1650245959,ts-ticketinfo-service,f60186dfd83b1831,bb8bfed164280189,6c6cb975c27e9280,4200,200,GET,ts-ticketinfo-service
1650245959,ts-ticketinfo-service,bb8bfed164280189,e4fc7fe26d93935c,6c6cb975c27e9280,5777,200,queryForStationId,ts-travel-service
1650245959,ts-preserve-service,d7e4a356a760c0b7,13a19e7292a81a9e,13a19e7292a81a9e,2619,200,GET,ts-preserve-service
1650245959,ts-assurance-service,214ecab113441212,,214ecab113441212,1489,200,getAllAssuranceType,no_parent
1650245959,ts-order-service,3c9f59fa827f1257,,3c9f59fa827f1257,8772,200,queryOrdersForRefresh,no_parent
1650245959,ts-station-service,14c710197291431a,6d45474394ac339a,3c9f59fa827f1257,4870,200,queryForNameBatch,ts-order-service
1650245959,ts-contacts-service,bc900f77cd98d33b,,bc900f77cd98d33b,2535,200,findContactsByAccountId,no_parent
1650245959,ts-verification-code-service,d186ddaba80191fa,,d186ddaba80191fa,2357,200,imageCode,no_parent
1650245959,ts-order-service,6d45474394ac339a,3c9f59fa827f1257,3c9f59fa827f1257,6018,200,POST,ts-order-service
1650246020,ts-verification-code-service,51cfbef44f12ebf9,c96c7f2703741ca4,f61d673e5648b930,1453,200,verifyCode,ts-auth-service
1650246020,ts-order-service,c8ae8bec3972fff7,94a1cadef430e674,94a1cadef430e674,6721,200,POST,ts-order-service
1650246020,ts-order-service,94a1cadef430e674,,94a1cadef430e674,10557,200,queryOrdersForRefresh,no_parent
1650246020,ts-station-service,de00e06722ef1700,5b1216431b30cb56,3ddb9047f1dd438f,1733,200,queryForStationId,ts-basic-service
1650246020,ts-basic-service,7a2f008e35bba997,14887ee544088ea7,3ddb9047f1dd438f,4920,200,queryForStationId,ts-ticketinfo-service
1650246020,ts-basic-service,5b1216431b30cb56,7a2f008e35bba997,3ddb9047f1dd438f,2852,200,GET,ts-basic-service
1650246020,ts-ticketinfo-service,82c50426773315ae,5b2239af75f1d236,3ddb9047f1dd438f,6164,200,queryForStationId,ts-travel-service
1650246020,ts-travel-service,95e4907d317169e4,3ddb9047f1dd438f,3ddb9047f1dd438f,9325,200,GET,ts-travel-service
1650246020,ts-travel-service,37fbc3239c4b1771,3ddb9047f1dd438f,3ddb9047f1dd438f,3742,200,GET,ts-travel-service
1650246020,ts-travel-service,5b2239af75f1d236,3ddb9047f1dd438f,3ddb9047f1dd438f,6425,200,GET,ts-travel-service
1650246020,ts-travel-service,696b1e676ca9c6e6,3ddb9047f1dd438f,3ddb9047f1dd438f,32557,200,GET,ts-travel-service
1650246020,ts-auth-service,c96c7f2703741ca4,f61d673e5648b930,f61d673e5648b930,2785,200,GET,ts-auth-service
1650246020,ts-station-service,4bc1abbeb38cc8d1,c8ae8bec3972fff7,94a1cadef430e674,5293,200,queryForNameBatch,ts-order-service
1650246020,ts-travel-service,cd86eeac96145d1f,3ddb9047f1dd438f,3ddb9047f1dd438f,1544,200,GET,ts-travel-service
1650246020,ts-travel-service,3ddb9047f1dd438f,,3ddb9047f1dd438f,67570,200,queryInfo,no_parent
1650246020,ts-travel-service,8ad44141a2e2a9cd,3ddb9047f1dd438f,3ddb9047f1dd438f,1561,200,GET,ts-travel-service
1650246020,ts-station-service,c471b438cadd672b,3d498b0a2b267df4,3ddb9047f1dd438f,1925,200,queryForStationId,ts-basic-service
1650246020,ts-basic-service,8b4b4dccaabd147d,ab789b2429219433,3ddb9047f1dd438f,4039,200,queryForStationId,ts-ticketinfo-service
1650246020,ts-basic-service,3d498b0a2b267df4,8b4b4dccaabd147d,3ddb9047f1dd438f,2500,200,GET,ts-basic-service
1650246020,ts-ticketinfo-service,14887ee544088ea7,b2e3d3aac8cbee36,3ddb9047f1dd438f,5806,200,GET,ts-ticketinfo-service
1650246020,ts-ticketinfo-service,ab789b2429219433,82c50426773315ae,3ddb9047f1dd438f,4508,200,GET,ts-ticketinfo-service
1650246020,ts-ticketinfo-service,b2e3d3aac8cbee36,95e4907d317169e4,3ddb9047f1dd438f,8048,200,queryForStationId,ts-travel-service
1650246020,ts-auth-service,f61d673e5648b930,,f61d673e5648b930,125274,200,getToken,no_parent
1650246020,ts-route-service,5030c61f1f38db17,529a31805c55cb13,3ddb9047f1dd438f,1652,200,queryById,ts-travel-service
1650246020,ts-route-service,f67758d2b9ed22c2,8ad44141a2e2a9cd,3ddb9047f1dd438f,1443,200,queryById,ts-travel-service
1650246020,ts-travel-service,529a31805c55cb13,3ddb9047f1dd438f,3ddb9047f1dd438f,3713,200,GET,ts-travel-service
1650246020,ts-route-service,cf535fa1002e0afa,cd86eeac96145d1f,3ddb9047f1dd438f,1449,200,queryById,ts-travel-service
1650246020,ts-route-service,f6640e680859e165,696b1e676ca9c6e6,3ddb9047f1dd438f,31819,200,queryById,ts-travel-service
1650246020,ts-route-service,174de4ac04e4883b,37fbc3239c4b1771,3ddb9047f1dd438f,3340,200,queryById,ts-travel-service
1650246020,ts-contacts-service,ad8f25968776f7e2,8cc065f6446ad9a4,aeec7e8893fb2f9a,2329,200,getContactsByContactsId,ts-preserve-service
1650246020,ts-preserve-service,8cc065f6446ad9a4,aeec7e8893fb2f9a,aeec7e8893fb2f9a,3494,200,GET,ts-preserve-service
1650246020,ts-contacts-service,acae4a5dd7c61757,,acae4a5dd7c61757,2462,200,findContactsByAccountId,no_parent
1650246020,ts-security-service,abf78ddc3f4589b2,3f917a28c16f8c48,aeec7e8893fb2f9a,3883,200,GET,ts-security-service
1650246020,ts-security-service,5477e7ce0714828c,3f917a28c16f8c48,aeec7e8893fb2f9a,3984,200,GET,ts-security-service
1650246020,ts-order-service,25c840f4e5cc783f,abf78ddc3f4589b2,aeec7e8893fb2f9a,2955,200,securityInfoCheck,ts-security-service
1650246020,ts-order-other-service,72a9fe3c1a762139,5477e7ce0714828c,aeec7e8893fb2f9a,2885,200,securityInfoCheck,ts-security-service
1650246020,ts-preserve-service,7a19ac7213491018,aeec7e8893fb2f9a,aeec7e8893fb2f9a,12967,200,GET,ts-preserve-service
1650246020,ts-preserve-service,aeec7e8893fb2f9a,,aeec7e8893fb2f9a,19197,200,preserve,no_parent
1650246020,ts-security-service,3f917a28c16f8c48,7a19ac7213491018,aeec7e8893fb2f9a,11672,200,check,ts-preserve-service
1650246020,ts-verification-code-service,77bc56bab050369a,,77bc56bab050369a,2374,200,imageCode,no_parent
1650246020,ts-assurance-service,37771ba010183e99,,37771ba010183e99,1506,200,getAllAssuranceType,no_parent
1650246080,ts-travel-service,b174a97ae71862a1,,b174a97ae71862a1,31905,200,queryInfo,no_parent
1650246080,ts-travel-service,252a702f76a05af6,b174a97ae71862a1,b174a97ae71862a1,1513,200,GET,ts-travel-service
1650246080,ts-route-service,c930924e61c963a8,252a702f76a05af6,b174a97ae71862a1,1427,200,queryById,ts-travel-service
1650246080,ts-route-service,d3b756f202501788,e0d9eb8940998dd4,b174a97ae71862a1,1451,200,queryById,ts-travel-service
1650246080,ts-station-service,1a8f581e1f754a7c,66edacc15a9a65a0,b174a97ae71862a1,1421,200,queryForStationId,ts-basic-service
1650246080,ts-route-service,b0ddf26d33f784b0,d56e27a9885daa78,b174a97ae71862a1,1378,200,queryById,ts-travel-service
1650246080,ts-station-service,3ce1b39316987ffb,8b4e351b5c011b0b,2238f7d070f4165b,5367,200,queryForNameBatch,ts-order-service
1650246080,ts-order-service,2238f7d070f4165b,,2238f7d070f4165b,8842,200,queryOrdersForRefresh,no_parent
1650246080,ts-ticketinfo-service,c671052c1f7a7e18,d91aa04c9075dbc2,b174a97ae71862a1,3955,200,GET,ts-ticketinfo-service
1650246080,ts-ticketinfo-service,5bfc2e6cdf13f8a5,4d6813b3b57fb727,b174a97ae71862a1,7179,200,queryForStationId,ts-travel-service
1650246080,ts-ticketinfo-service,d91aa04c9075dbc2,b6abdc1dcbda3bba,b174a97ae71862a1,5934,200,queryForStationId,ts-travel-service
1650246080,ts-route-service,720dbb345155ca8f,e5483fdc2413dc0a,b174a97ae71862a1,2129,200,queryById,ts-travel-service
1650246080,ts-route-service,1190dacd17a49cd,a77be8f77ed87717,b174a97ae71862a1,1470,200,queryById,ts-travel-service
1650246080,ts-ticketinfo-service,32e2271745f8836f,5bfc2e6cdf13f8a5,b174a97ae71862a1,5063,200,GET,ts-ticketinfo-service
1650246080,ts-travel-service,e0d9eb8940998dd4,b174a97ae71862a1,b174a97ae71862a1,2033,200,GET,ts-travel-service
1650246080,ts-travel-service,a77be8f77ed87717,b174a97ae71862a1,b174a97ae71862a1,1559,200,GET,ts-travel-service
1650246080,ts-basic-service,bb4823dbf18fed1c,cc79ac5bcc05bef3,b174a97ae71862a1,1880,200,GET,ts-basic-service
1650246080,ts-basic-service,429d9304e26d17c9,32e2271745f8836f,b174a97ae71862a1,4292,200,queryForStationId,ts-ticketinfo-service
1650246080,ts-travel-service,4d6813b3b57fb727,b174a97ae71862a1,b174a97ae71862a1,8435,200,GET,ts-travel-service
1650246080,ts-travel-service,e5483fdc2413dc0a,b174a97ae71862a1,b174a97ae71862a1,3017,200,GET,ts-travel-service
1650246080,ts-travel-service,b6abdc1dcbda3bba,b174a97ae71862a1,b174a97ae71862a1,6086,200,GET,ts-travel-service
1650246080,ts-travel-service,d56e27a9885daa78,b174a97ae71862a1,b174a97ae71862a1,1488,200,GET,ts-travel-service
1650246080,ts-order-service,8b4e351b5c011b0b,2238f7d070f4165b,2238f7d070f4165b,6478,200,POST,ts-order-service
1650246080,ts-basic-service,66edacc15a9a65a0,429d9304e26d17c9,b174a97ae71862a1,2310,200,GET,ts-basic-service
1650246080,ts-basic-service,cc79ac5bcc05bef3,c671052c1f7a7e18,b174a97ae71862a1,3453,200,queryForStationId,ts-ticketinfo-service
1650246080,ts-station-service,c24167dffd9d3a66,bb4823dbf18fed1c,b174a97ae71862a1,1465,200,queryForStationId,ts-basic-service
1650246080,ts-assurance-service,46cf3ecc8137f818,,46cf3ecc8137f818,1493,200,getAllAssuranceType,no_parent
1650246080,ts-preserve-service,5f6f2e8dfcf3af61,ded2ff9125fcc6d8,ded2ff9125fcc6d8,11934,200,GET,ts-preserve-service
1650246080,ts-preserve-service,ded2ff9125fcc6d8,,ded2ff9125fcc6d8,17040,200,preserve,no_parent
1650246080,ts-order-service,543d9f4a034f9b37,1ba483e53ed1534b,ded2ff9125fcc6d8,2756,200,securityInfoCheck,ts-security-service
1650246080,ts-order-other-service,694a1cc5c19f0d79,6ce6ad7a90cb87e9,ded2ff9125fcc6d8,2719,200,securityInfoCheck,ts-security-service
1650246080,ts-preserve-service,b38ce1f948390416,ded2ff9125fcc6d8,ded2ff9125fcc6d8,2943,200,GET,ts-preserve-service
1650246080,ts-security-service,6ce6ad7a90cb87e9,c82ae20883605283,ded2ff9125fcc6d8,3294,200,GET,ts-security-service
1650246080,ts-contacts-service,85afe417441dcbd3,b38ce1f948390416,ded2ff9125fcc6d8,1883,200,getContactsByContactsId,ts-preserve-service
1650246080,ts-security-service,c82ae20883605283,5f6f2e8dfcf3af61,ded2ff9125fcc6d8,10844,200,check,ts-preserve-service
1650246080,ts-verification-code-service,d5831db0e2a33071,,d5831db0e2a33071,2383,200,imageCode,no_parent
1650246080,ts-auth-service,3f66980d9058c0b4,e1f2976527cf9eaf,e1f2976527cf9eaf,2772,200,GET,ts-auth-service
1650246080,ts-verification-code-service,ef8f8f4ccd9dfacf,3f66980d9058c0b4,e1f2976527cf9eaf,1471,200,verifyCode,ts-auth-service
1650246080,ts-security-service,1ba483e53ed1534b,c82ae20883605283,ded2ff9125fcc6d8,3674,200,GET,ts-security-service
1650246080,ts-contacts-service,3375005ea7f8dbdf,,3375005ea7f8dbdf,2656,200,findContactsByAccountId,no_parent
1650246080,ts-auth-service,e1f2976527cf9eaf,,e1f2976527cf9eaf,126040,200,getToken,no_parent
1650246140,ts-verification-code-service,c92a4986fa237665,7b70a98a4043e0a9,e95a3ee9aecf24ed,1491,200,verifyCode,ts-auth-service
1650246140,ts-ticketinfo-service,9c4c0ed5f70a4200,468a71635d4c0e90,34fb14500280cde4,6455,200,queryForStationId,ts-travel-service
1650246140,ts-ticketinfo-service,97f3ef92d2fd9bab,9c4c0ed5f70a4200,34fb14500280cde4,4537,200,GET,ts-ticketinfo-service
1650246140,ts-ticketinfo-service,d836c24530f2002b,79db1d706843ba11,34fb14500280cde4,4770,200,GET,ts-ticketinfo-service
1650246140,ts-auth-service,e95a3ee9aecf24ed,,e95a3ee9aecf24ed,126402,200,getToken,no_parent
1650246140,ts-auth-service,7b70a98a4043e0a9,e95a3ee9aecf24ed,e95a3ee9aecf24ed,3136,200,GET,ts-auth-service
1650246140,ts-ticketinfo-service,79db1d706843ba11,e623ff648742942a,34fb14500280cde4,7015,200,queryForStationId,ts-travel-service
1650246140,ts-travel-service,d0504455790b8fb,34fb14500280cde4,34fb14500280cde4,1282,200,GET,ts-travel-service
1650246140,ts-travel-service,be5d6c531a490498,34fb14500280cde4,34fb14500280cde4,1839,200,GET,ts-travel-service
1650246140,ts-travel-service,e623ff648742942a,34fb14500280cde4,34fb14500280cde4,8351,200,GET,ts-travel-service
1650246140,ts-order-other-service,7a0db0cade62e67b,678c3f54cbe5a933,7e5cb27bfedb7970,2473,200,securityInfoCheck,ts-security-service
1650246140,ts-security-service,115f69b4e7d0ed32,6fdf205493b2a05a,7e5cb27bfedb7970,10339,200,check,ts-preserve-service
1650246140,ts-security-service,678c3f54cbe5a933,115f69b4e7d0ed32,7e5cb27bfedb7970,3322,200,GET,ts-security-service
1650246140,ts-preserve-service,7e5cb27bfedb7970,,7e5cb27bfedb7970,16641,200,preserve,no_parent
1650246140,ts-security-service,69c700b09c3e5956,115f69b4e7d0ed32,7e5cb27bfedb7970,3565,200,GET,ts-security-service
1650246140,ts-basic-service,74c39e2b2757c6e4,4e08044c762a201c,34fb14500280cde4,2353,200,GET,ts-basic-service
1650246140,ts-basic-service,a95e5822a8415d6b,b6673444b4ea8747,34fb14500280cde4,2336,200,GET,ts-basic-service
1650246140,ts-travel-service,4d98cbcf214105fb,34fb14500280cde4,34fb14500280cde4,3060,200,GET,ts-travel-service
1650246140,ts-contacts-service,fb6450b4f1b3150b,60082580921d9be,7e5cb27bfedb7970,1948,200,getContactsByContactsId,ts-preserve-service
1650246140,ts-order-service,9972ec85080dade6,69c700b09c3e5956,7e5cb27bfedb7970,2604,200,securityInfoCheck,ts-security-service
1650246140,ts-preserve-service,6fdf205493b2a05a,7e5cb27bfedb7970,7e5cb27bfedb7970,11854,200,GET,ts-preserve-service
1650246140,ts-preserve-service,60082580921d9be,7e5cb27bfedb7970,7e5cb27bfedb7970,2729,200,GET,ts-preserve-service
1650246140,ts-travel-service,468a71635d4c0e90,34fb14500280cde4,34fb14500280cde4,6667,200,GET,ts-travel-service
1650246140,ts-basic-service,4e08044c762a201c,d836c24530f2002b,34fb14500280cde4,4053,200,queryForStationId,ts-ticketinfo-service
1650246140,ts-station-service,7eaf5b55062da393,a95e5822a8415d6b,34fb14500280cde4,1902,200,queryForStationId,ts-basic-service
1650246140,ts-travel-service,34fb14500280cde4,,34fb14500280cde4,32037,200,queryInfo,no_parent
1650246140,ts-travel-service,95c14f5f32dafd4c,34fb14500280cde4,34fb14500280cde4,1227,200,GET,ts-travel-service
1650246140,ts-station-service,87be3cfde5f55b90,74c39e2b2757c6e4,34fb14500280cde4,1620,200,queryForStationId,ts-basic-service
1650246140,ts-route-service,625215456521e7db,4d98cbcf214105fb,34fb14500280cde4,2073,200,queryById,ts-travel-service
1650246140,ts-contacts-service,5e0ca51ff6e79357,,5e0ca51ff6e79357,2561,200,findContactsByAccountId,no_parent
1650246140,ts-basic-service,b6673444b4ea8747,97f3ef92d2fd9bab,34fb14500280cde4,4148,200,queryForStationId,ts-ticketinfo-service
1650246140,ts-travel-service,68b11bf084592797,34fb14500280cde4,34fb14500280cde4,1477,200,GET,ts-travel-service
1650246140,ts-route-service,2ed36df87bd826ea,d0504455790b8fb,34fb14500280cde4,1196,200,queryById,ts-travel-service
1650246140,ts-route-service,f5fcf5e42c5ea4ef,95c14f5f32dafd4c,34fb14500280cde4,1137,200,queryById,ts-travel-service
1650246140,ts-route-service,8420244dcce29b43,be5d6c531a490498,34fb14500280cde4,1542,200,queryById,ts-travel-service
1650246140,ts-route-service,f76ea796653752b,68b11bf084592797,34fb14500280cde4,1394,200,queryById,ts-travel-service
1650246140,ts-assurance-service,7c92faa7e8d56387,,7c92faa7e8d56387,1453,200,getAllAssuranceType,no_parent
1650246140,ts-order-service,eec92a7a8402b237,46f2b0f9814bf482,46f2b0f9814bf482,6715,200,POST,ts-order-service
1650246140,ts-station-service,3af5a43450cb56f0,eec92a7a8402b237,46f2b0f9814bf482,5256,200,queryForNameBatch,ts-order-service
1650246140,ts-order-service,46f2b0f9814bf482,,46f2b0f9814bf482,9210,200,queryOrdersForRefresh,no_parent
1650246140,ts-verification-code-service,daad33563913d196,,daad33563913d196,2308,200,imageCode,no_parent
1650246200,ts-security-service,50a113415beb39dc,61de02e9bbd93efb,8630f50d6c5e29f3,3033,200,GET,ts-security-service
1650246200,ts-preserve-service,9fab1e00c370ebae,8630f50d6c5e29f3,8630f50d6c5e29f3,12113,200,GET,ts-preserve-service
1650246200,ts-security-service,61de02e9bbd93efb,9fab1e00c370ebae,8630f50d6c5e29f3,10571,200,check,ts-preserve-service
1650246200,ts-contacts-service,c4e28a0331d5a3c5,cc8ced34909baee0,8630f50d6c5e29f3,1638,200,getContactsByContactsId,ts-preserve-service
1650246200,ts-auth-service,ffee91ed64c58629,6c58271a2334e04f,6c58271a2334e04f,3234,200,GET,ts-auth-service
1650246200,ts-verification-code-service,d406ad2bafc23cee,,d406ad2bafc23cee,4238,200,imageCode,no_parent
1650246200,ts-auth-service,6c58271a2334e04f,,6c58271a2334e04f,126594,200,getToken,no_parent
1650246200,ts-order-service,9d2fb4bb91500cdd,4afa6b11414b9932,8630f50d6c5e29f3,2669,200,securityInfoCheck,ts-security-service
1650246200,ts-order-other-service,b040c2041fdc416b,50a113415beb39dc,8630f50d6c5e29f3,2115,200,securityInfoCheck,ts-security-service
1650246200,ts-verification-code-service,cd6d42b78ed32f0c,ffee91ed64c58629,6c58271a2334e04f,1851,200,verifyCode,ts-auth-service
1650246200,ts-security-service,4afa6b11414b9932,61de02e9bbd93efb,8630f50d6c5e29f3,4012,200,GET,ts-security-service
1650246200,ts-preserve-service,cc8ced34909baee0,8630f50d6c5e29f3,8630f50d6c5e29f3,2805,200,GET,ts-preserve-service
1650246200,ts-preserve-service,8630f50d6c5e29f3,,8630f50d6c5e29f3,16739,200,preserve,no_parent
1650246200,ts-order-service,65a97a0089aff403,,65a97a0089aff403,8108,200,queryOrdersForRefresh,no_parent
1650246200,ts-station-service,e26f1dbb34a0cdd4,7e00d1f712d77558,65a97a0089aff403,4524,200,queryForNameBatch,ts-order-service
1650246200,ts-order-service,7e00d1f712d77558,65a97a0089aff403,65a97a0089aff403,5608,200,POST,ts-order-service
1650246200,ts-contacts-service,c3b42f3f623643e8,,c3b42f3f623643e8,2544,200,findContactsByAccountId,no_parent
1650246201,ts-station-service,5c49f0a8c36de855,f3cdfe3913d69c33,fb6a099d9c2ce25b,1903,200,queryForStationId,ts-basic-service
1650246201,ts-travel-service,cd91a3cb27f72911,fb6a099d9c2ce25b,fb6a099d9c2ce25b,6226,200,GET,ts-travel-service
1650246201,ts-travel-service,9a9d5f7d552cafe1,fb6a099d9c2ce25b,fb6a099d9c2ce25b,8866,200,GET,ts-travel-service
1650246201,ts-travel-service,29fdd16fc39fa565,fb6a099d9c2ce25b,fb6a099d9c2ce25b,3075,200,GET,ts-travel-service
1650246201,ts-travel-service,cd6a13060878158,fb6a099d9c2ce25b,fb6a099d9c2ce25b,1790,200,GET,ts-travel-service
1650246201,ts-route-service,3556abc8d37bfd04,78990675caee17b4,fb6a099d9c2ce25b,1415,200,queryById,ts-travel-service
1650246201,ts-station-service,8f63bd88025ca775,5e16284f5e16b904,fb6a099d9c2ce25b,1520,200,queryForStationId,ts-basic-service
1650246201,ts-basic-service,e2406650069d162c,3fa2f1e7dba11ea1,fb6a099d9c2ce25b,4706,200,queryForStationId,ts-ticketinfo-service
1650246201,ts-basic-service,f3cdfe3913d69c33,e2406650069d162c,fb6a099d9c2ce25b,2712,200,GET,ts-basic-service
1650246201,ts-ticketinfo-service,3fa2f1e7dba11ea1,cc05810712fd20f9,fb6a099d9c2ce25b,5556,200,GET,ts-ticketinfo-service
1650246201,ts-ticketinfo-service,e66f654af208f7da,4a68d4692bac7bad,fb6a099d9c2ce25b,3911,200,GET,ts-ticketinfo-service
1650246201,ts-ticketinfo-service,4a68d4692bac7bad,cd91a3cb27f72911,fb6a099d9c2ce25b,5734,200,queryForStationId,ts-travel-service
1650246201,ts-ticketinfo-service,cc05810712fd20f9,9a9d5f7d552cafe1,fb6a099d9c2ce25b,7730,200,queryForStationId,ts-travel-service
1650246201,ts-route-service,17eb673f4dde2929,cd6a13060878158,fb6a099d9c2ce25b,1519,200,queryById,ts-travel-service
1650246201,ts-route-service,590ac7cc05485d52,cc2e1fbe89de144a,fb6a099d9c2ce25b,1287,200,queryById,ts-travel-service
1650246201,ts-travel-service,cc2e1fbe89de144a,fb6a099d9c2ce25b,fb6a099d9c2ce25b,1384,200,GET,ts-travel-service
1650246201,ts-travel-service,78990675caee17b4,fb6a099d9c2ce25b,fb6a099d9c2ce25b,1814,200,GET,ts-travel-service
1650246201,ts-travel-service,7b2cf4d0a9909735,fb6a099d9c2ce25b,fb6a099d9c2ce25b,1457,200,GET,ts-travel-service
1650246201,ts-route-service,89c6c0c388001b19,29fdd16fc39fa565,fb6a099d9c2ce25b,2158,200,queryById,ts-travel-service
1650246201,ts-travel-service,fb6a099d9c2ce25b,,fb6a099d9c2ce25b,32543,200,queryInfo,no_parent
1650246201,ts-route-service,9df449255018d45a,7b2cf4d0a9909735,fb6a099d9c2ce25b,1393,200,queryById,ts-travel-service
1650246201,ts-basic-service,5e16284f5e16b904,8b65cc742e235b1a,fb6a099d9c2ce25b,1944,200,GET,ts-basic-service
1650246201,ts-assurance-service,2f60d2e5e111b534,,2f60d2e5e111b534,1442,200,getAllAssuranceType,no_parent
1650246201,ts-basic-service,8b65cc742e235b1a,e66f654af208f7da,fb6a099d9c2ce25b,3420,200,queryForStationId,ts-ticketinfo-service
1650246261,ts-station-service,8c8a3a1c62a17561,5df9710595a8381,b6d1379154ebaf84,2435,200,queryForStationId,ts-basic-service
1650246261,ts-order-service,c67c6206e4898d9b,,c67c6206e4898d9b,11664,200,queryOrdersForRefresh,no_parent
1650246261,ts-order-service,9659bfa64be8ec4f,c67c6206e4898d9b,c67c6206e4898d9b,8448,200,POST,ts-order-service
1650246261,ts-station-service,a985040464a872e5,9659bfa64be8ec4f,c67c6206e4898d9b,6984,200,queryForNameBatch,ts-order-service
1650246261,ts-auth-service,1a2ea8d92f34d890,810ef043966b77c9,810ef043966b77c9,3717,200,GET,ts-auth-service
1650246261,ts-auth-service,810ef043966b77c9,,810ef043966b77c9,108053,200,getToken,no_parent
1650246261,ts-verification-code-service,20366188075003ea,1a2ea8d92f34d890,810ef043966b77c9,2077,200,verifyCode,ts-auth-service
1650246261,ts-ticketinfo-service,66642f5bdc531396,e1372d20a97e07ec,b6d1379154ebaf84,9712,200,queryForStationId,ts-travel-service
1650246261,ts-ticketinfo-service,e2b48bbfd6ed3f27,7aace096a6bb732a,b6d1379154ebaf84,9732,200,queryForStationId,ts-travel-service
1650246261,ts-travel-service,7aace096a6bb732a,b6d1379154ebaf84,b6d1379154ebaf84,11267,200,GET,ts-travel-service
1650246261,ts-route-service,470cf9fea7738d1e,fea798cf7a501a4a,b6d1379154ebaf84,2197,200,queryById,ts-travel-service
1650246261,ts-route-service,d82b2dbb2b802593,5e8940df28b12837,b6d1379154ebaf84,2157,200,queryById,ts-travel-service
1650246261,ts-route-service,dca54bdea2372c5d,19c621ae12050765,b6d1379154ebaf84,2194,200,queryById,ts-travel-service
1650246261,ts-route-service,b82fc0766ee8054c,c031b4b9a845b952,b6d1379154ebaf84,2166,200,queryById,ts-travel-service
1650246261,ts-ticketinfo-service,2b6b3e5f5329bb3d,66642f5bdc531396,b6d1379154ebaf84,7129,200,GET,ts-ticketinfo-service
1650246261,ts-travel-service,fea798cf7a501a4a,b6d1379154ebaf84,b6d1379154ebaf84,2739,200,GET,ts-travel-service
1650246261,ts-travel-service,5e8940df28b12837,b6d1379154ebaf84,b6d1379154ebaf84,2319,200,GET,ts-travel-service
1650246261,ts-travel-service,e1372d20a97e07ec,b6d1379154ebaf84,b6d1379154ebaf84,10198,200,GET,ts-travel-service
1650246261,ts-travel-service,19c621ae12050765,b6d1379154ebaf84,b6d1379154ebaf84,2514,200,GET,ts-travel-service
1650246261,ts-security-service,4a455c79b0ba5ff,36ea46e356e924dd,25eec0a9d9cea96,5084,200,GET,ts-security-service
1650246261,ts-contacts-service,97814e4f52f4fca8,5c3a82ed0da09f51,25eec0a9d9cea96,2725,200,getContactsByContactsId,ts-preserve-service
1650246261,ts-preserve-service,5c3a82ed0da09f51,25eec0a9d9cea96,25eec0a9d9cea96,3659,200,GET,ts-preserve-service
1650246261,ts-preserve-service,25eec0a9d9cea96,,25eec0a9d9cea96,20830,200,preserve,no_parent
1650246261,ts-preserve-service,e76ca8f1a85a59e9,25eec0a9d9cea96,25eec0a9d9cea96,14646,200,GET,ts-preserve-service
1650246261,ts-security-service,36ea46e356e924dd,e76ca8f1a85a59e9,25eec0a9d9cea96,13051,200,check,ts-preserve-service
1650246261,ts-security-service,951db1725af557f8,36ea46e356e924dd,25eec0a9d9cea96,3902,200,GET,ts-security-service
1650246261,ts-order-service,dd140c623683587a,4a455c79b0ba5ff,25eec0a9d9cea96,3797,200,securityInfoCheck,ts-security-service
1650246261,ts-order-other-service,a16179e82f93e7b2,951db1725af557f8,25eec0a9d9cea96,2819,200,securityInfoCheck,ts-security-service
1650246261,ts-contacts-service,295319d051d84f25,,295319d051d84f25,2633,200,findContactsByAccountId,no_parent
1650246261,ts-station-service,a998996c9f2609b7,3c3f9fd8b262eb8b,b6d1379154ebaf84,2294,200,queryForStationId,ts-basic-service
1650246261,ts-basic-service,3c3f9fd8b262eb8b,ad8785164d3e0361,b6d1379154ebaf84,3431,200,GET,ts-basic-service
1650246261,ts-ticketinfo-service,eaf385f338c5f769,e2b48bbfd6ed3f27,b6d1379154ebaf84,7137,200,GET,ts-ticketinfo-service
1650246261,ts-basic-service,ad8785164d3e0361,eaf385f338c5f769,b6d1379154ebaf84,6000,200,queryForStationId,ts-ticketinfo-service
1650246261,ts-basic-service,5df9710595a8381,bc20507075f4c1cb,b6d1379154ebaf84,3209,200,GET,ts-basic-service
1650246261,ts-basic-service,bc20507075f4c1cb,2b6b3e5f5329bb3d,b6d1379154ebaf84,5366,200,queryForStationId,ts-ticketinfo-service
1650246261,ts-travel-service,b6d1379154ebaf84,,b6d1379154ebaf84,45554,200,queryInfo,no_parent
1650246261,ts-route-service,bc8b57da6d0b6b9f,8b9d6876f0af2a03,b6d1379154ebaf84,2614,200,queryById,ts-travel-service
1650246261,ts-travel-service,c031b4b9a845b952,b6d1379154ebaf84,b6d1379154ebaf84,2309,200,GET,ts-travel-service
1650246261,ts-travel-service,8b9d6876f0af2a03,b6d1379154ebaf84,b6d1379154ebaf84,3934,200,GET,ts-travel-service
1650246261,ts-assurance-service,cefba9007cda9fc2,,cefba9007cda9fc2,1853,200,getAllAssuranceType,no_parent
1650246261,ts-verification-code-service,b414efefb681a37f,,b414efefb681a37f,2570,200,imageCode,no_parent
1650246321,ts-verification-code-service,51e4af0bff0357cf,,51e4af0bff0357cf,3064,200,imageCode,no_parent
1650246321,ts-order-service,6f6ffecd54df7d47,664e9e7260b08cd7,664e9e7260b08cd7,9653,200,POST,ts-order-service
1650246321,ts-order-service,664e9e7260b08cd7,,664e9e7260b08cd7,12881,200,queryOrdersForRefresh,no_parent
1650246321,ts-auth-service,55cc93ee8e28177b,935975dfe4b03915,935975dfe4b03915,4273,200,GET,ts-auth-service
1650246321,ts-auth-service,935975dfe4b03915,,935975dfe4b03915,110071,200,getToken,no_parent
1650246321,ts-verification-code-service,1a5f360980f36dbf,55cc93ee8e28177b,935975dfe4b03915,2142,200,verifyCode,ts-auth-service
1650246321,ts-route-service,43e27f099af971e5,7a7b8db4e65b3379,c5c9a7cd72eb3625,2092,200,queryById,ts-travel-service
1650246321,ts-travel-service,ba106e204e182e5a,c5c9a7cd72eb3625,c5c9a7cd72eb3625,8323,200,GET,ts-travel-service
1650246321,ts-travel-service,7a7b8db4e65b3379,c5c9a7cd72eb3625,c5c9a7cd72eb3625,2285,200,GET,ts-travel-service
1650246321,ts-route-service,60dfb5e4ba710f7f,8dd3bd5938fd4b35,c5c9a7cd72eb3625,2133,200,queryById,ts-travel-service
1650246321,ts-route-service,8612f7333118b07b,19e48d6eebea7ed3,c5c9a7cd72eb3625,2118,200,queryById,ts-travel-service
1650246321,ts-route-service,d48d6efd0680c597,9dc69c30da26e4a6,c5c9a7cd72eb3625,2095,200,queryById,ts-travel-service
1650246321,ts-station-service,efedd329bcd387be,beb2074389c67ff6,c5c9a7cd72eb3625,2064,200,queryForStationId,ts-basic-service
1650246321,ts-station-service,7309574cabacad4d,335118c1ab63d5b2,c5c9a7cd72eb3625,2253,200,queryForStationId,ts-basic-service
1650246321,ts-ticketinfo-service,8bc4a47c4e25b44a,ba106e204e182e5a,c5c9a7cd72eb3625,7942,200,queryForStationId,ts-travel-service
1650246321,ts-travel-service,19e48d6eebea7ed3,c5c9a7cd72eb3625,c5c9a7cd72eb3625,2568,200,GET,ts-travel-service
1650246321,ts-travel-service,c5c9a7cd72eb3625,,c5c9a7cd72eb3625,43324,200,queryInfo,no_parent
1650246321,ts-route-service,99ee3b76934c2407,afad19e48924364c,c5c9a7cd72eb3625,2666,200,queryById,ts-travel-service
1650246321,ts-basic-service,16e8480e4c9c785a,8cd1a0266bf653df,c5c9a7cd72eb3625,4944,200,queryForStationId,ts-ticketinfo-service
1650246321,ts-basic-service,7ea0aea4436f43ab,5a43f94bb262eeba,c5c9a7cd72eb3625,4907,200,queryForStationId,ts-ticketinfo-service
1650246321,ts-ticketinfo-service,b5e7d54c75ccbeae,16dadc463620b5d3,c5c9a7cd72eb3625,9444,200,queryForStationId,ts-travel-service
1650246321,ts-contacts-service,7ff32d4b157a5cf3,f7ea215c26e3860f,49d59f9a40de3dd2,2543,200,getContactsByContactsId,ts-preserve-service
1650246321,ts-order-other-service,fc0586ead6e755a4,f9bca0cddf3f0d2e,49d59f9a40de3dd2,3186,200,securityInfoCheck,ts-security-service
1650246321,ts-security-service,7f3687a1079948f8,5085907674b850a5,49d59f9a40de3dd2,4900,200,GET,ts-security-service
1650246321,ts-security-service,f9bca0cddf3f0d2e,5085907674b850a5,49d59f9a40de3dd2,4449,200,GET,ts-security-service
1650246321,ts-contacts-service,8b84d7e4d1d2f03a,,8b84d7e4d1d2f03a,3170,200,findContactsByAccountId,no_parent
1650246321,ts-preserve-service,49d59f9a40de3dd2,,49d59f9a40de3dd2,22362,200,preserve,no_parent
1650246321,ts-preserve-service,f7ea215c26e3860f,49d59f9a40de3dd2,49d59f9a40de3dd2,3704,200,GET,ts-preserve-service
1650246321,ts-preserve-service,eb15bf89a663ad45,49d59f9a40de3dd2,49d59f9a40de3dd2,15760,200,GET,ts-preserve-service
1650246321,ts-travel-service,16dadc463620b5d3,c5c9a7cd72eb3625,c5c9a7cd72eb3625,11396,200,GET,ts-travel-service
1650246321,ts-travel-service,9dc69c30da26e4a6,c5c9a7cd72eb3625,c5c9a7cd72eb3625,2280,200,GET,ts-travel-service
1650246321,ts-travel-service,afad19e48924364c,c5c9a7cd72eb3625,c5c9a7cd72eb3625,3730,200,GET,ts-travel-service
1650246321,ts-travel-service,8dd3bd5938fd4b35,c5c9a7cd72eb3625,c5c9a7cd72eb3625,2357,200,GET,ts-travel-service
1650246321,ts-basic-service,beb2074389c67ff6,7ea0aea4436f43ab,c5c9a7cd72eb3625,2767,200,GET,ts-basic-service
1650246321,ts-basic-service,335118c1ab63d5b2,16e8480e4c9c785a,c5c9a7cd72eb3625,3144,200,GET,ts-basic-service
1650246321,ts-ticketinfo-service,8cd1a0266bf653df,b5e7d54c75ccbeae,c5c9a7cd72eb3625,6448,200,GET,ts-ticketinfo-service
1650246321,ts-ticketinfo-service,5a43f94bb262eeba,8bc4a47c4e25b44a,c5c9a7cd72eb3625,5580,200,GET,ts-ticketinfo-service
1650246321,ts-station-service,f7a9dad4d03c06a1,6f6ffecd54df7d47,664e9e7260b08cd7,8202,200,queryForNameBatch,ts-order-service
1650246321,ts-security-service,5085907674b850a5,eb15bf89a663ad45,49d59f9a40de3dd2,14033,200,check,ts-preserve-service
1650246321,ts-order-service,82b4c155f9c6212,7f3687a1079948f8,49d59f9a40de3dd2,3391,200,securityInfoCheck,ts-security-service
1650246321,ts-assurance-service,e1976c260913c19c,,e1976c260913c19c,1879,200,getAllAssuranceType,no_parent
1650246381,ts-preserve-service,b533cc7023138dff,d2852ad690dd8b55,d2852ad690dd8b55,19325075,200,GET,ts-preserve-service
1650246381,ts-preserve-service,d2852ad690dd8b55,,d2852ad690dd8b55,19331581,200,preserve,no_parent
1650246381,ts-security-service,1e6b95050a89897f,50893a61e2773b07,d2852ad690dd8b55,16310126,200,GET,ts-security-service
1650246381,ts-order-service,39e807d678e3eda2,338c624d92432d80,d2852ad690dd8b55,3547,200,securityInfoCheck,ts-security-service
1650246381,ts-security-service,50893a61e2773b07,b533cc7023138dff,d2852ad690dd8b55,19323578,200,check,ts-preserve-service
1650246381,ts-security-service,338c624d92432d80,50893a61e2773b07,d2852ad690dd8b55,5011,200,GET,ts-security-service
1650246381,ts-contacts-service,e333f4511682c20e,,e333f4511682c20e,3220,200,findContactsByAccountId,no_parent
1650246387,ts-order-other-service,79333e01a428496c,1e6b95050a89897f,d2852ad690dd8b55,7295231,200,securityInfoCheck,ts-security-service
1650246401,ts-auth-service,4ceab6dfdab98057,371ed15d391f760d,371ed15d391f760d,5345,200,GET,ts-auth-service
1650246401,ts-verification-code-service,26db90ad57792bb7,,26db90ad57792bb7,2830,200,imageCode,no_parent
1650246401,ts-verification-code-service,c1c9a77a47e9a7c6,4ceab6dfdab98057,371ed15d391f760d,2084,200,verifyCode,ts-auth-service
1650246401,ts-route-service,a7fbfaa198a4f1ba,23f2f7a22e27ea35,1172bfde1b701ffa,2685,200,queryById,ts-travel-service
1650246401,ts-order-service,90c518dbbc9d21b2,b8d368583355eaf6,b8d368583355eaf6,9199,200,POST,ts-order-service
1650246401,ts-travel-service,a65b30ccccd00c4b,1172bfde1b701ffa,1172bfde1b701ffa,2177,200,GET,ts-travel-service
1650246401,ts-order-service,b8d368583355eaf6,,b8d368583355eaf6,12562,200,queryOrdersForRefresh,no_parent
1650246401,ts-travel-service,29222563dedfaae3,1172bfde1b701ffa,1172bfde1b701ffa,2237,200,GET,ts-travel-service
1650246401,ts-travel-service,e7dc3691941f10a8,1172bfde1b701ffa,1172bfde1b701ffa,2204,200,GET,ts-travel-service
1650246401,ts-route-service,d40f1f9ebb974516,291001696656308c,1172bfde1b701ffa,2080,200,queryById,ts-travel-service
1650246401,ts-preserve-service,c2f718e79e17e8b,d2852ad690dd8b55,d2852ad690dd8b55,3658,200,GET,ts-preserve-service
1650246401,ts-station-service,4fdca03a6a52f34d,90c518dbbc9d21b2,b8d368583355eaf6,7730,200,queryForNameBatch,ts-order-service
1650246401,ts-basic-service,146ecccb866f6a0e,a92becab30b69cfa,1172bfde1b701ffa,5853,200,queryForStationId,ts-ticketinfo-service
1650246401,ts-travel-service,1172bfde1b701ffa,,1172bfde1b701ffa,43604,200,queryInfo,no_parent
1650246401,ts-basic-service,a112f270d7405a65,146ecccb866f6a0e,1172bfde1b701ffa,3345,200,GET,ts-basic-service
1650246401,ts-ticketinfo-service,319d5d1f251c6421,717b82b20faf2ee,1172bfde1b701ffa,8701,200,queryForStationId,ts-travel-service
1650246401,ts-travel-service,f4707dbe0224b26a,1172bfde1b701ffa,1172bfde1b701ffa,11290,200,GET,ts-travel-service
1650246401,ts-basic-service,f9b4d27d250d4e68,ec3a5047158a83e8,1172bfde1b701ffa,5397,200,queryForStationId,ts-ticketinfo-service
1650246401,ts-station-service,907e4f4fcf14008f,a112f270d7405a65,1172bfde1b701ffa,2285,200,queryForStationId,ts-basic-service
1650246401,ts-auth-service,371ed15d391f760d,,371ed15d391f760d,112861,200,getToken,no_parent
1650246401,ts-contacts-service,ff4a8cfa2698017f,c2f718e79e17e8b,d2852ad690dd8b55,2418,200,getContactsByContactsId,ts-preserve-service
1650246401,ts-ticketinfo-service,ec3a5047158a83e8,319d5d1f251c6421,1172bfde1b701ffa,6033,200,GET,ts-ticketinfo-service
1650246401,ts-ticketinfo-service,bbe12a3e3fa1f188,f4707dbe0224b26a,1172bfde1b701ffa,9762,200,queryForStationId,ts-travel-service
1650246401,ts-ticketinfo-service,a92becab30b69cfa,bbe12a3e3fa1f188,1172bfde1b701ffa,7097,200,GET,ts-ticketinfo-service
1650246401,ts-route-service,cc575caff38dfd61,a65b30ccccd00c4b,1172bfde1b701ffa,2107,200,queryById,ts-travel-service
1650246401,ts-route-service,730cc832ef742573,29222563dedfaae3,1172bfde1b701ffa,2136,200,queryById,ts-travel-service
1650246401,ts-route-service,5aab660794982ff2,e7dc3691941f10a8,1172bfde1b701ffa,2079,200,queryById,ts-travel-service
1650246401,ts-assurance-service,b0d1e8ecbfdf79e7,,b0d1e8ecbfdf79e7,1909,200,getAllAssuranceType,no_parent
1650246401,ts-travel-service,717b82b20faf2ee,1172bfde1b701ffa,1172bfde1b701ffa,9262,200,GET,ts-travel-service
1650246401,ts-travel-service,291001696656308c,1172bfde1b701ffa,1172bfde1b701ffa,2480,200,GET,ts-travel-service
1650246401,ts-travel-service,23f2f7a22e27ea35,1172bfde1b701ffa,1172bfde1b701ffa,3726,200,GET,ts-travel-service
1650246401,ts-basic-service,5d6df49b19a0a4ac,f9b4d27d250d4e68,1172bfde1b701ffa,3228,200,GET,ts-basic-service
1650246401,ts-station-service,83c2844ef91e33cf,5d6df49b19a0a4ac,1172bfde1b701ffa,2482,200,queryForStationId,ts-basic-service
1650246461,ts-preserve-service,86d765ae2bd8707b,,86d765ae2bd8707b,16398130,200,preserve,no_parent
1650246461,ts-preserve-service,3c585a735a666c70,86d765ae2bd8707b,86d765ae2bd8707b,16378877,200,GET,ts-preserve-service
1650246461,ts-security-service,3786ce60e127a1bb,3c585a735a666c70,86d765ae2bd8707b,16377348,200,check,ts-preserve-service
1650246461,ts-security-service,30196f9c49896760,3786ce60e127a1bb,86d765ae2bd8707b,14305723,200,GET,ts-security-service
1650246461,ts-order-service,8c9ad379479efa74,f15d0930fc4920f2,86d765ae2bd8707b,3304,200,securityInfoCheck,ts-security-service
1650246461,ts-security-service,f15d0930fc4920f2,3786ce60e127a1bb,86d765ae2bd8707b,4762,200,GET,ts-security-service
1650246461,ts-contacts-service,d960f3ba6ae2fc35,,d960f3ba6ae2fc35,3330,200,findContactsByAccountId,no_parent
1650246465,ts-order-other-service,111cd0f5e9c5e520,30196f9c49896760,86d765ae2bd8707b,3006400,200,securityInfoCheck,ts-security-service
1650246477,ts-travel-service,5a4de9a61ff4d977,,5a4de9a61ff4d977,44371,200,queryInfo,no_parent
1650246477,ts-preserve-service,c780fe7ab906c6c1,86d765ae2bd8707b,86d765ae2bd8707b,16532,200,GET,ts-preserve-service
1650246477,ts-contacts-service,463ec1283a0ee3a5,c780fe7ab906c6c1,86d765ae2bd8707b,15041,200,getContactsByContactsId,ts-preserve-service
1650246477,ts-station-service,2521f52d0aabbba6,c86c20cba928a531,5a4de9a61ff4d977,2138,200,queryForStationId,ts-basic-service
1650246477,ts-basic-service,bf85edce87a37eeb,37ec02051d63d112,5a4de9a61ff4d977,5075,200,queryForStationId,ts-ticketinfo-service
1650246477,ts-auth-service,c1472399ca0ec51b,,c1472399ca0ec51b,106419,200,getToken,no_parent
1650246477,ts-auth-service,d7002ea79a1a88e1,c1472399ca0ec51b,c1472399ca0ec51b,3711,200,GET,ts-auth-service
1650246477,ts-route-service,ca1f9634c27d687b,adcc20adb0bca019,5a4de9a61ff4d977,2183,200,queryById,ts-travel-service
1650246477,ts-ticketinfo-service,28c62c9d35841545,b7e3c86a69cb9d9e,5a4de9a61ff4d977,7228,200,GET,ts-ticketinfo-service
1650246477,ts-assurance-service,18392db6b732baff,,18392db6b732baff,1876,200,getAllAssuranceType,no_parent
1650246477,ts-travel-service,50fd2ec7428cc5a2,5a4de9a61ff4d977,5a4de9a61ff4d977,2367,200,GET,ts-travel-service
1650246477,ts-travel-service,bebd3349e6a4b662,5a4de9a61ff4d977,5a4de9a61ff4d977,11851,200,GET,ts-travel-service
1650246477,ts-travel-service,af21879681c8c93e,5a4de9a61ff4d977,5a4de9a61ff4d977,2431,200,GET,ts-travel-service
1650246477,ts-travel-service,adcc20adb0bca019,5a4de9a61ff4d977,5a4de9a61ff4d977,2627,200,GET,ts-travel-service
1650246477,ts-travel-service,abe8e39157715d3b,5a4de9a61ff4d977,5a4de9a61ff4d977,2372,200,GET,ts-travel-service
1650246477,ts-travel-service,703c89b2fc194e01,5a4de9a61ff4d977,5a4de9a61ff4d977,3930,200,GET,ts-travel-service
1650246477,ts-ticketinfo-service,37ec02051d63d112,20444a06536eea77,5a4de9a61ff4d977,5715,200,GET,ts-ticketinfo-service
1650246477,ts-ticketinfo-service,20444a06536eea77,8c160ae8790a5647,5a4de9a61ff4d977,8017,200,queryForStationId,ts-travel-service
1650246477,ts-route-service,e647a5d9edd1ece9,703c89b2fc194e01,5a4de9a61ff4d977,2606,200,queryById,ts-travel-service
1650246477,ts-route-service,3b10a028f5383ad2,af21879681c8c93e,5a4de9a61ff4d977,2244,200,queryById,ts-travel-service
1650246477,ts-verification-code-service,c5691c8f7f1ad9fe,d7002ea79a1a88e1,c1472399ca0ec51b,2237,200,verifyCode,ts-auth-service
1650246477,ts-ticketinfo-service,b7e3c86a69cb9d9e,bebd3349e6a4b662,5a4de9a61ff4d977,9962,200,queryForStationId,ts-travel-service
1650246477,ts-route-service,b3ae67c1048b7673,abe8e39157715d3b,5a4de9a61ff4d977,2180,200,queryById,ts-travel-service
1650246477,ts-travel-service,8c160ae8790a5647,5a4de9a61ff4d977,5a4de9a61ff4d977,8455,200,GET,ts-travel-service
1650246477,ts-route-service,dd6f277bc8486999,50fd2ec7428cc5a2,5a4de9a61ff4d977,2174,200,queryById,ts-travel-service
1650246477,ts-basic-service,254d6f66dac8efdd,30440c0ec6d4e17b,5a4de9a61ff4d977,3531,200,GET,ts-basic-service
1650246477,ts-basic-service,c86c20cba928a531,bf85edce87a37eeb,5a4de9a61ff4d977,2733,200,GET,ts-basic-service
1650246477,ts-station-service,8b6859c2681eca77,254d6f66dac8efdd,5a4de9a61ff4d977,2422,200,queryForStationId,ts-basic-service
1650246477,ts-order-service,65723e3173468815,ef609b1c19851dc7,ef609b1c19851dc7,9125,200,POST,ts-order-service
1650246477,ts-order-service,ef609b1c19851dc7,,ef609b1c19851dc7,11965,200,queryOrdersForRefresh,no_parent
1650246477,ts-station-service,268d4c6598cbcfc7,65723e3173468815,ef609b1c19851dc7,7806,200,queryForNameBatch,ts-order-service
1650246477,ts-basic-service,30440c0ec6d4e17b,28c62c9d35841545,5a4de9a61ff4d977,6152,200,queryForStationId,ts-ticketinfo-service
1650246477,ts-verification-code-service,51dc67554ecaf7b,,51dc67554ecaf7b,2525,200,imageCode,no_parent
1650246537,ts-order-service,b6982da196dda333,f0a4fe6e1c3d2ae2,66aba5f2525d94ba,3599,200,securityInfoCheck,ts-security-service
1650246537,ts-security-service,f0a4fe6e1c3d2ae2,57060db861a962cc,66aba5f2525d94ba,4992,200,GET,ts-security-service
1650246537,ts-preserve-service,4c97084df1fa722a,66aba5f2525d94ba,66aba5f2525d94ba,20557838,200,GET,ts-preserve-service
1650246537,ts-security-service,57060db861a962cc,4c97084df1fa722a,66aba5f2525d94ba,20556451,200,check,ts-preserve-service
1650246537,ts-preserve-service,66aba5f2525d94ba,,66aba5f2525d94ba,20565915,200,preserve,no_parent
1650246537,ts-contacts-service,2c51373bbb69f4c1,,2c51373bbb69f4c1,3274,200,findContactsByAccountId,no_parent
1650246537,ts-security-service,4e6ca2a1e58110dc,57060db861a962cc,66aba5f2525d94ba,14297092,200,GET,ts-security-service
1650246541,ts-order-other-service,33874f79a65a24d2,4e6ca2a1e58110dc,66aba5f2525d94ba,3005853,200,securityInfoCheck,ts-security-service
1650246558,ts-auth-service,f6f5b72833c6f09c,,f6f5b72833c6f09c,114776,200,getToken,no_parent
1650246558,ts-auth-service,56ff0294a9ae4de1,f6f5b72833c6f09c,f6f5b72833c6f09c,4087,200,GET,ts-auth-service
1650246558,ts-verification-code-service,248f36936fedc00d,56ff0294a9ae4de1,f6f5b72833c6f09c,2411,200,verifyCode,ts-auth-service
1650246558,ts-verification-code-service,c9cfab8d5cbbaa78,,c9cfab8d5cbbaa78,3057,200,imageCode,no_parent
1650246558,ts-ticketinfo-service,dab81d6ab7af687,d94a70a635a6e669,ceed3a83c2b719c0,6795,200,GET,ts-ticketinfo-service
1650246558,ts-ticketinfo-service,99c4371cbf8ae2a0,eb528783dba4a6fa,ceed3a83c2b719c0,5663,200,GET,ts-ticketinfo-service
1650246558,ts-ticketinfo-service,eb528783dba4a6fa,803c54a9bd4919d9,ceed3a83c2b719c0,8078,200,queryForStationId,ts-travel-service
1650246558,ts-basic-service,30003c90f12be45f,931d0b4a5f53d109,ceed3a83c2b719c0,3365,200,GET,ts-basic-service
1650246558,ts-ticketinfo-service,d94a70a635a6e669,3a4d9b19f0a70145,ceed3a83c2b719c0,9172,200,queryForStationId,ts-travel-service
1650246558,ts-travel-service,3a4d9b19f0a70145,ceed3a83c2b719c0,ceed3a83c2b719c0,11240,200,GET,ts-travel-service
1650246558,ts-travel-service,77b33ceb95ccef91,ceed3a83c2b719c0,ceed3a83c2b719c0,2671,200,GET,ts-travel-service
1650246558,ts-route-service,2acb1250420ce9cc,b3cac579933901de,ceed3a83c2b719c0,2193,200,queryById,ts-travel-service
1650246558,ts-route-service,d774d72904e00140,9d1ae5c55d342921,ceed3a83c2b719c0,2673,200,queryById,ts-travel-service
1650246558,ts-route-service,bfbbd27a17ac99b5,a1b6d109043d3a68,ceed3a83c2b719c0,2108,200,queryById,ts-travel-service
1650246558,ts-basic-service,ea5d00e65c267296,99c4371cbf8ae2a0,ceed3a83c2b719c0,5001,200,queryForStationId,ts-ticketinfo-service
1650246558,ts-basic-service,c1cc1405ed21a934,ea5d00e65c267296,ceed3a83c2b719c0,2912,200,GET,ts-basic-service
1650246558,ts-station-service,5ea89d0a5bc15ed7,30003c90f12be45f,ceed3a83c2b719c0,2371,200,queryForStationId,ts-basic-service
1650246558,ts-station-service,acb9334070e6d59b,c1cc1405ed21a934,ceed3a83c2b719c0,2151,200,queryForStationId,ts-basic-service
1650246558,ts-travel-service,8ee9085d6871facc,ceed3a83c2b719c0,ceed3a83c2b719c0,2397,200,GET,ts-travel-service
1650246558,ts-travel-service,ceed3a83c2b719c0,,ceed3a83c2b719c0,47628,200,queryInfo,no_parent
1650246558,ts-travel-service,b3cac579933901de,ceed3a83c2b719c0,ceed3a83c2b719c0,2383,200,GET,ts-travel-service
1650246558,ts-travel-service,9d1ae5c55d342921,ceed3a83c2b719c0,ceed3a83c2b719c0,4102,200,GET,ts-travel-service
1650246558,ts-travel-service,a1b6d109043d3a68,ceed3a83c2b719c0,ceed3a83c2b719c0,2343,200,GET,ts-travel-service
1650246558,ts-route-service,b724a4220667d30f,8ee9085d6871facc,ceed3a83c2b719c0,2204,200,queryById,ts-travel-service
1650246558,ts-route-service,a4b274c6378840a2,77b33ceb95ccef91,ceed3a83c2b719c0,2145,200,queryById,ts-travel-service
1650246558,ts-travel-service,803c54a9bd4919d9,ceed3a83c2b719c0,ceed3a83c2b719c0,8645,200,GET,ts-travel-service
1650246558,ts-basic-service,931d0b4a5f53d109,dab81d6ab7af687,ceed3a83c2b719c0,5705,200,queryForStationId,ts-ticketinfo-service
1650246558,ts-order-service,f63064329ac7a029,,f63064329ac7a029,13030,200,queryOrdersForRefresh,no_parent
1650246558,ts-order-service,d8cb7b34666d09b0,f63064329ac7a029,f63064329ac7a029,9496,200,POST,ts-order-service
1650246558,ts-station-service,36170e1f41b5e676,d8cb7b34666d09b0,f63064329ac7a029,7934,200,queryForNameBatch,ts-order-service
1650246558,ts-contacts-service,94d7b996a4644a55,24c84aef6e69e420,66aba5f2525d94ba,2931,200,getContactsByContactsId,ts-preserve-service
1650246558,ts-preserve-service,24c84aef6e69e420,66aba5f2525d94ba,66aba5f2525d94ba,4971,200,GET,ts-preserve-service
1650246558,ts-assurance-service,ef8565ee7ae3ecc6,,ef8565ee7ae3ecc6,1897,200,getAllAssuranceType,no_parent
1650246618,ts-security-service,5022e50ea840bd85,ae4fff9d8e45452c,df0bfbabe9842a77,14326616,200,GET,ts-security-service
1650246618,ts-preserve-service,df0bfbabe9842a77,,df0bfbabe9842a77,20613963,200,preserve,no_parent
1650246618,ts-preserve-service,e0f05eb989876d8e,df0bfbabe9842a77,df0bfbabe9842a77,20606322,200,GET,ts-preserve-service
1650246618,ts-order-service,8526bd2875d7f34f,e6d867bc1a353f88,df0bfbabe9842a77,3424,200,securityInfoCheck,ts-security-service
1650246618,ts-security-service,e6d867bc1a353f88,ae4fff9d8e45452c,df0bfbabe9842a77,4694,200,GET,ts-security-service
1650246618,ts-security-service,ae4fff9d8e45452c,e0f05eb989876d8e,df0bfbabe9842a77,20605279,200,check,ts-preserve-service
1650246618,ts-contacts-service,c3f3e7d52a398237,,c3f3e7d52a398237,3177,200,findContactsByAccountId,no_parent
1650246622,ts-order-other-service,d0d641e5a84c65a6,5022e50ea840bd85,df0bfbabe9842a77,3009710,200,securityInfoCheck,ts-security-service
1650246639,ts-verification-code-service,bc9cbccc0fda37c8,,bc9cbccc0fda37c8,3157,200,imageCode,no_parent
1650246639,ts-auth-service,46fadf99b61019aa,fc3c5cca39306257,fc3c5cca39306257,3643,200,GET,ts-auth-service
1650246639,ts-auth-service,fc3c5cca39306257,,fc3c5cca39306257,116549,200,getToken,no_parent
1650246639,ts-travel-service,7406c9125c998997,dc28e20c90a1d0ce,dc28e20c90a1d0ce,2391,200,GET,ts-travel-service
1650246639,ts-travel-service,dc28e20c90a1d0ce,,dc28e20c90a1d0ce,54582,200,queryInfo,no_parent
1650246639,ts-travel-service,2f680f79c86ecfb2,dc28e20c90a1d0ce,dc28e20c90a1d0ce,2576,200,GET,ts-travel-service
1650246639,ts-verification-code-service,f503130551d15085,46fadf99b61019aa,fc3c5cca39306257,2024,200,verifyCode,ts-auth-service
1650246639,ts-route-service,79b1702d05ab0ba1,a619d7fbec61646f,dc28e20c90a1d0ce,2154,200,queryById,ts-travel-service
1650246639,ts-route-service,168f4e97efdcb73a,7406c9125c998997,dc28e20c90a1d0ce,2177,200,queryById,ts-travel-service
1650246639,ts-route-service,db586efbcf517bb0,96a3fe539613dd6a,dc28e20c90a1d0ce,2153,200,queryById,ts-travel-service
1650246639,ts-route-service,a6f266f4423f0d33,2f680f79c86ecfb2,dc28e20c90a1d0ce,2270,200,queryById,ts-travel-service
1650246639,ts-station-service,8efbcbcbc340c06a,77427cdfe84914ee,dc28e20c90a1d0ce,2260,200,queryForStationId,ts-basic-service
1650246639,ts-station-service,e27316ec99e58062,aed4d2fe1d870137,dc28e20c90a1d0ce,2152,200,queryForStationId,ts-basic-service
1650246639,ts-travel-service,a619d7fbec61646f,dc28e20c90a1d0ce,dc28e20c90a1d0ce,2394,200,GET,ts-travel-service
1650246639,ts-travel-service,96a3fe539613dd6a,dc28e20c90a1d0ce,dc28e20c90a1d0ce,2364,200,GET,ts-travel-service
1650246639,ts-preserve-service,9e927c792e9ca126,df0bfbabe9842a77,df0bfbabe9842a77,4551,200,GET,ts-preserve-service
1650246639,ts-contacts-service,926c1c5e3f4a5104,9e927c792e9ca126,df0bfbabe9842a77,2997,200,getContactsByContactsId,ts-preserve-service
1650246639,ts-order-service,cb4e950a7b557f24,cd4928a5da626053,cd4928a5da626053,9742,200,POST,ts-order-service
1650246639,ts-station-service,43f9f98f51781271,cb4e950a7b557f24,cd4928a5da626053,8228,200,queryForNameBatch,ts-order-service
1650246639,ts-ticketinfo-service,142e042c379e94e5,d3528dea0883dc7d,dc28e20c90a1d0ce,6886,200,GET,ts-ticketinfo-service
1650246639,ts-basic-service,d5d86cc63fd10b2,183c40d995c4a55e,dc28e20c90a1d0ce,5052,200,queryForStationId,ts-ticketinfo-service
1650246639,ts-basic-service,3252446192673237,142e042c379e94e5,dc28e20c90a1d0ce,5744,200,queryForStationId,ts-ticketinfo-service
1650246639,ts-order-service,cd4928a5da626053,,cd4928a5da626053,13495,200,queryOrdersForRefresh,no_parent
1650246639,ts-route-service,202122d69bd48387,9f6261eed0adcad0,dc28e20c90a1d0ce,12030,200,queryById,ts-travel-service
1650246639,ts-travel-service,50af4c16007dac61,dc28e20c90a1d0ce,dc28e20c90a1d0ce,11242,200,GET,ts-travel-service
1650246639,ts-travel-service,2bcc2bc49aaa9043,dc28e20c90a1d0ce,dc28e20c90a1d0ce,8596,200,GET,ts-travel-service
1650246639,ts-basic-service,aed4d2fe1d870137,d5d86cc63fd10b2,dc28e20c90a1d0ce,2915,200,GET,ts-basic-service
1650246639,ts-travel-service,9f6261eed0adcad0,dc28e20c90a1d0ce,dc28e20c90a1d0ce,13398,200,GET,ts-travel-service
1650246639,ts-ticketinfo-service,b556b29daff88f9,2bcc2bc49aaa9043,dc28e20c90a1d0ce,8089,200,queryForStationId,ts-travel-service
1650246639,ts-ticketinfo-service,183c40d995c4a55e,b556b29daff88f9,dc28e20c90a1d0ce,5746,200,GET,ts-ticketinfo-service
1650246639,ts-ticketinfo-service,d3528dea0883dc7d,50af4c16007dac61,dc28e20c90a1d0ce,9529,200,queryForStationId,ts-travel-service
1650246639,ts-basic-service,77427cdfe84914ee,3252446192673237,dc28e20c90a1d0ce,3348,200,GET,ts-basic-service
1650246639,ts-assurance-service,e71741631d0b727a,,e71741631d0b727a,1879,200,getAllAssuranceType,no_parent
1650246699,ts-security-service,a5b2c4a53a93240e,981bed03f27b79c9,2a481489438ad942,13035485,200,check,ts-preserve-service
1650246699,ts-security-service,765e3ead9c875bed,a5b2c4a53a93240e,2a481489438ad942,10020353,200,GET,ts-security-service
1650246699,ts-order-service,f2928184bdf34321,a94503b84ff2a1ea,2a481489438ad942,3296,200,securityInfoCheck,ts-security-service
1650246699,ts-preserve-service,2a481489438ad942,,2a481489438ad942,13044360,200,preserve,no_parent
1650246699,ts-preserve-service,981bed03f27b79c9,2a481489438ad942,2a481489438ad942,13036971,200,GET,ts-preserve-service
1650246699,ts-contacts-service,c01fb22bd3968768,,c01fb22bd3968768,3198,200,findContactsByAccountId,no_parent
1650246699,ts-security-service,a94503b84ff2a1ea,a5b2c4a53a93240e,2a481489438ad942,5054,200,GET,ts-security-service
1650246703,ts-order-other-service,e3e6caa8667aedca,765e3ead9c875bed,2a481489438ad942,3009631,200,securityInfoCheck,ts-security-service
1650246712,ts-ticketinfo-service,21f3dbb4e2b812dd,76320513b270c844,b5fc96659d490e41,6324,200,GET,ts-ticketinfo-service
1650246712,ts-ticketinfo-service,76320513b270c844,da5e2ab1881a1226,b5fc96659d490e41,8552,200,queryForStationId,ts-travel-service
1650246712,ts-travel-service,2c10e89f5ba166f4,b5fc96659d490e41,b5fc96659d490e41,11727,200,GET,ts-travel-service
1650246712,ts-travel-service,b5fc96659d490e41,,b5fc96659d490e41,46420,200,queryInfo,no_parent
1650246712,ts-travel-service,d09364276c6a2b82,b5fc96659d490e41,b5fc96659d490e41,3963,200,GET,ts-travel-service
1650246712,ts-travel-service,2eff5d5f519020c9,b5fc96659d490e41,b5fc96659d490e41,3094,200,GET,ts-travel-service
1650246712,ts-route-service,9b3406394fa418bd,d09364276c6a2b82,b5fc96659d490e41,2626,200,queryById,ts-travel-service
1650246712,ts-route-service,eef75a944c7a6ff1,3a4d19038bea9ec6,b5fc96659d490e41,2193,200,queryById,ts-travel-service
1650246712,ts-route-service,be18a3b1e7c8239f,8eff74886787d9e0,b5fc96659d490e41,2213,200,queryById,ts-travel-service
1650246712,ts-route-service,1a9a4aaf08a341ba,45709e4cc17bc966,b5fc96659d490e41,2193,200,queryById,ts-travel-service
1650246712,ts-route-service,a3e07c026a38cb3b,2eff5d5f519020c9,b5fc96659d490e41,2512,200,queryById,ts-travel-service
1650246712,ts-station-service,d0068f52cd73ea8f,cfd9bd691a369f88,b5fc96659d490e41,2384,200,queryForStationId,ts-basic-service
1650246712,ts-station-service,26f64384803557b3,b9c0316fdfe3681a,b5fc96659d490e41,2102,200,queryForStationId,ts-basic-service
1650246712,ts-basic-service,94a453cbfd5404cf,21f3dbb4e2b812dd,b5fc96659d490e41,5582,200,queryForStationId,ts-ticketinfo-service
1650246712,ts-contacts-service,860abde41ec7cbfd,7d0f3f0e3bcbf057,2a481489438ad942,2887,200,getContactsByContactsId,ts-preserve-service
1650246712,ts-order-service,d5e0a648cd12dc85,9f6ac600964c0f6a,9f6ac600964c0f6a,9397,200,POST,ts-order-service
1650246712,ts-ticketinfo-service,8a9c9104389ea8ed,4466747ce5c931d3,b5fc96659d490e41,7356,200,GET,ts-ticketinfo-service
1650246712,ts-verification-code-service,1e89e01c4992efde,,1e89e01c4992efde,2647,200,imageCode,no_parent
1650246712,ts-verification-code-service,1365e6405dfd9152,ccdb67fcdcd13448,feac5102a854bb74,2321,200,verifyCode,ts-auth-service
1650246712,ts-preserve-service,7d0f3f0e3bcbf057,2a481489438ad942,2a481489438ad942,4320,200,GET,ts-preserve-service
1650246712,ts-travel-service,3a4d19038bea9ec6,b5fc96659d490e41,b5fc96659d490e41,2394,200,GET,ts-travel-service
1650246712,ts-travel-service,45709e4cc17bc966,b5fc96659d490e41,b5fc96659d490e41,2488,200,GET,ts-travel-service
1650246712,ts-travel-service,8eff74886787d9e0,b5fc96659d490e41,b5fc96659d490e41,2417,200,GET,ts-travel-service
1650246712,ts-basic-service,9ce1d9281364fb08,8a9c9104389ea8ed,b5fc96659d490e41,6296,200,queryForStationId,ts-ticketinfo-service
1650246712,ts-basic-service,b9c0316fdfe3681a,94a453cbfd5404cf,b5fc96659d490e41,3467,200,GET,ts-basic-service
1650246712,ts-travel-service,da5e2ab1881a1226,b5fc96659d490e41,b5fc96659d490e41,9036,200,GET,ts-travel-service
1650246712,ts-basic-service,cfd9bd691a369f88,9ce1d9281364fb08,b5fc96659d490e41,3488,200,GET,ts-basic-service
1650246712,ts-ticketinfo-service,4466747ce5c931d3,2c10e89f5ba166f4,b5fc96659d490e41,10128,200,queryForStationId,ts-travel-service
1650246712,ts-assurance-service,db9dd8364c3c98e6,,db9dd8364c3c98e6,1892,200,getAllAssuranceType,no_parent
1650246712,ts-order-service,9f6ac600964c0f6a,,9f6ac600964c0f6a,12808,200,queryOrdersForRefresh,no_parent
1650246712,ts-station-service,7215d47e637ba95,d5e0a648cd12dc85,9f6ac600964c0f6a,7965,200,queryForNameBatch,ts-order-service
1650246712,ts-auth-service,feac5102a854bb74,,feac5102a854bb74,113014,200,getToken,no_parent
1650246712,ts-auth-service,ccdb67fcdcd13448,feac5102a854bb74,feac5102a854bb74,3998,200,GET,ts-auth-service
1650246772,ts-contacts-service,1dc2cb45467d107f,,1dc2cb45467d107f,3531,200,findContactsByAccountId,no_parent
1650246773,ts-security-service,f646b61676c5293f,9f719a89a40f9842,c0cec9d54bab3d16,14341402,200,GET,ts-security-service
1650246773,ts-security-service,9940c70aa57c5ae0,9f719a89a40f9842,c0cec9d54bab3d16,4843,200,GET,ts-security-service
1650246773,ts-preserve-service,c0cec9d54bab3d16,,c0cec9d54bab3d16,21647691,200,preserve,no_parent
1650246773,ts-order-service,5f992322cb907f3c,9940c70aa57c5ae0,c0cec9d54bab3d16,3466,200,securityInfoCheck,ts-security-service
1650246773,ts-preserve-service,58cc0f6492642672,c0cec9d54bab3d16,c0cec9d54bab3d16,21640256,200,GET,ts-preserve-service
1650246773,ts-security-service,9f719a89a40f9842,58cc0f6492642672,c0cec9d54bab3d16,21639050,200,check,ts-preserve-service
1650246777,ts-order-other-service,b5327231bb5aa054,f646b61676c5293f,c0cec9d54bab3d16,7288581,200,securityInfoCheck,ts-security-service
1650246794,ts-station-service,ab4a4f8677d99849,c04e71ed8790f8bd,2f87b68ca33e1914,2192,200,queryForStationId,ts-basic-service
1650246794,ts-route-service,39aaf8e68b5a0c47,9cf39d396704cc8f,2f87b68ca33e1914,2128,200,queryById,ts-travel-service
1650246794,ts-route-service,42ed5954096a7cc3,fa8059f276aa93da,2f87b68ca33e1914,2166,200,queryById,ts-travel-service
1650246794,ts-route-service,c585105c7af7589d,bbcff953cf9558c5,2f87b68ca33e1914,2117,200,queryById,ts-travel-service
1650246794,ts-ticketinfo-service,b02710ee108786b1,b591c19334655733,2f87b68ca33e1914,8094,200,queryForStationId,ts-travel-service
1650246794,ts-ticketinfo-service,ba2d844807fa48e7,436fe1b5fe64e79e,2f87b68ca33e1914,10033,200,queryForStationId,ts-travel-service
1650246794,ts-travel-service,9366f49104027d7c,2f87b68ca33e1914,2f87b68ca33e1914,3946,200,GET,ts-travel-service
1650246794,ts-travel-service,fa8059f276aa93da,2f87b68ca33e1914,2f87b68ca33e1914,2302,200,GET,ts-travel-service
1650246794,ts-travel-service,2f87b68ca33e1914,,2f87b68ca33e1914,44379,200,queryInfo,no_parent
1650246794,ts-ticketinfo-service,7db437b9a8973e5f,b02710ee108786b1,2f87b68ca33e1914,5725,200,GET,ts-ticketinfo-service
1650246794,ts-ticketinfo-service,f2c98b9a466e812b,ba2d844807fa48e7,2f87b68ca33e1914,7304,200,GET,ts-ticketinfo-service
1650246794,ts-basic-service,7fff6c8502f35564,7db437b9a8973e5f,2f87b68ca33e1914,5112,200,queryForStationId,ts-ticketinfo-service
1650246794,ts-travel-service,436fe1b5fe64e79e,2f87b68ca33e1914,2f87b68ca33e1914,11661,200,GET,ts-travel-service
1650246794,ts-verification-code-service,a81ee8f99cb0cb9f,d1e635c26f5aac43,f580be36159b279,2106,200,verifyCode,ts-auth-service
1650246794,ts-auth-service,d1e635c26f5aac43,f580be36159b279,f580be36159b279,3773,200,GET,ts-auth-service
1650246794,ts-auth-service,f580be36159b279,,f580be36159b279,116540,200,getToken,no_parent
1650246794,ts-travel-service,9cf39d396704cc8f,2f87b68ca33e1914,2f87b68ca33e1914,2297,200,GET,ts-travel-service
1650246794,ts-station-service,51b93c7eb52849e9,dfbdf9e8e0158298,2f87b68ca33e1914,2299,200,queryForStationId,ts-basic-service
1650246794,ts-route-service,9e58dbdde6196085,9366f49104027d7c,2f87b68ca33e1914,2633,200,queryById,ts-travel-service
1650246794,ts-order-service,3ef628bdf907c82,77488d19e41cd087,77488d19e41cd087,9383,200,POST,ts-order-service
1650246794,ts-travel-service,bbcff953cf9558c5,2f87b68ca33e1914,2f87b68ca33e1914,2281,200,GET,ts-travel-service
1650246794,ts-travel-service,b591c19334655733,2f87b68ca33e1914,2f87b68ca33e1914,8561,200,GET,ts-travel-service
1650246794,ts-order-service,77488d19e41cd087,,77488d19e41cd087,13155,200,queryOrdersForRefresh,no_parent
1650246794,ts-basic-service,dfbdf9e8e0158298,8ee3b95f3d34a17a,2f87b68ca33e1914,3758,200,GET,ts-basic-service
1650246794,ts-basic-service,c04e71ed8790f8bd,7fff6c8502f35564,2f87b68ca33e1914,2937,200,GET,ts-basic-service
1650246794,ts-basic-service,8ee3b95f3d34a17a,f2c98b9a466e812b,2f87b68ca33e1914,6180,200,queryForStationId,ts-ticketinfo-service
1650246794,ts-travel-service,c9e36a3d274a5301,2f87b68ca33e1914,2f87b68ca33e1914,2655,200,GET,ts-travel-service
1650246794,ts-route-service,d331660d5e14e2ee,c9e36a3d274a5301,2f87b68ca33e1914,2294,200,queryById,ts-travel-service
1650246794,ts-preserve-service,ccd7ab95758ab9cb,c0cec9d54bab3d16,c0cec9d54bab3d16,4477,200,GET,ts-preserve-service
1650246794,ts-contacts-service,1cade2ed685fe062,ccd7ab95758ab9cb,c0cec9d54bab3d16,2904,200,getContactsByContactsId,ts-preserve-service
1650246794,ts-verification-code-service,1c4ced54e2b1504a,,1c4ced54e2b1504a,13397,200,imageCode,no_parent
1650246794,ts-station-service,c47eb34cc46ac444,3ef628bdf907c82,77488d19e41cd087,7854,200,queryForNameBatch,ts-order-service
1650246794,ts-assurance-service,6341f367e19f4064,,6341f367e19f4064,1487,200,getAllAssuranceType,no_parent
1650246854,ts-order-service,9eccfc7f29ecb455,fd6aaf56f1fcd01d,afe268d1609e9014,3145,200,securityInfoCheck,ts-security-service
1650246854,ts-security-service,561dbbea8ed21e54,f2a754a1e61aab37,afe268d1609e9014,19577804,200,check,ts-preserve-service
1650246854,ts-security-service,fd6aaf56f1fcd01d,561dbbea8ed21e54,afe268d1609e9014,4527,200,GET,ts-security-service
1650246854,ts-security-service,bfc3b040f3edb52f,561dbbea8ed21e54,afe268d1609e9014,17591926,200,GET,ts-security-service
1650246854,ts-preserve-service,f2a754a1e61aab37,afe268d1609e9014,afe268d1609e9014,19579165,200,GET,ts-preserve-service
1650246854,ts-preserve-service,afe268d1609e9014,,afe268d1609e9014,19586383,200,preserve,no_parent
1650246854,ts-contacts-service,eedba563561c131d,,eedba563561c131d,3329,200,findContactsByAccountId,no_parent
1650246857,ts-order-other-service,d9cb2f123d2dd847,bfc3b040f3edb52f,afe268d1609e9014,7294400,200,securityInfoCheck,ts-security-service
1650246874,ts-basic-service,b210bbe4e3f8d4c8,7548c337206a3a82,1fb0d55d1fa028fa,3431,200,GET,ts-basic-service
1650246874,ts-auth-service,2f395ea3742a102d,,2f395ea3742a102d,108788,200,getToken,no_parent
1650246874,ts-auth-service,605139faa40c0502,2f395ea3742a102d,2f395ea3742a102d,3968,200,GET,ts-auth-service
1650246874,ts-route-service,e0c68340f97cb555,7ee51c25bc3d8ce4,1fb0d55d1fa028fa,2168,200,queryById,ts-travel-service
1650246874,ts-station-service,e9b0b3a6a10b8a79,b210bbe4e3f8d4c8,1fb0d55d1fa028fa,2327,200,queryForStationId,ts-basic-service
1650246874,ts-station-service,aee3488ce88b47c9,399145cf5bdb29bd,1fb0d55d1fa028fa,2115,200,queryForStationId,ts-basic-service
1650246874,ts-verification-code-service,83c8d869533edbc2,605139faa40c0502,2f395ea3742a102d,2168,200,verifyCode,ts-auth-service
1650246874,ts-travel-service,7673261cb187c79a,1fb0d55d1fa028fa,1fb0d55d1fa028fa,8555,200,GET,ts-travel-service
1650246874,ts-travel-service,a8722aeab4fe5b8a,1fb0d55d1fa028fa,1fb0d55d1fa028fa,11396,200,GET,ts-travel-service
1650246874,ts-travel-service,7ee51c25bc3d8ce4,1fb0d55d1fa028fa,1fb0d55d1fa028fa,2394,200,GET,ts-travel-service
1650246874,ts-travel-service,277f3f6c9fcc9ba2,1fb0d55d1fa028fa,1fb0d55d1fa028fa,2313,200,GET,ts-travel-service
1650246874,ts-travel-service,1fb0d55d1fa028fa,,1fb0d55d1fa028fa,45523,200,queryInfo,no_parent
1650246874,ts-travel-service,1a4870f8cf3ac06c,1fb0d55d1fa028fa,1fb0d55d1fa028fa,2654,200,GET,ts-travel-service
1650246874,ts-basic-service,399145cf5bdb29bd,98d86898c3e49213,1fb0d55d1fa028fa,2875,200,GET,ts-basic-service
1650246874,ts-route-service,cbd1d91916140748,277f3f6c9fcc9ba2,1fb0d55d1fa028fa,2079,200,queryById,ts-travel-service
1650246874,ts-route-service,5efed71a1e176220,fad54d557ecfbf0,1fb0d55d1fa028fa,2137,200,queryById,ts-travel-service
1650246874,ts-route-service,f42dc8bad2a84d59,1a4870f8cf3ac06c,1fb0d55d1fa028fa,2139,200,queryById,ts-travel-service
1650246874,ts-route-service,881026df2686074c,70d92b68f3f22781,1fb0d55d1fa028fa,2676,200,queryById,ts-travel-service
1650246874,ts-travel-service,fad54d557ecfbf0,1fb0d55d1fa028fa,1fb0d55d1fa028fa,2344,200,GET,ts-travel-service
1650246874,ts-ticketinfo-service,4885d83c66d3f187,7673261cb187c79a,1fb0d55d1fa028fa,8052,200,queryForStationId,ts-travel-service
1650246874,ts-ticketinfo-service,430673840d7c0845,4e8c8c1b7e226266,1fb0d55d1fa028fa,7090,200,GET,ts-ticketinfo-service
1650246874,ts-ticketinfo-service,5ed7b9557f62d2dd,4885d83c66d3f187,1fb0d55d1fa028fa,5763,200,GET,ts-ticketinfo-service
1650246874,ts-ticketinfo-service,4e8c8c1b7e226266,a8722aeab4fe5b8a,1fb0d55d1fa028fa,9763,200,queryForStationId,ts-travel-service
1650246874,ts-basic-service,7548c337206a3a82,430673840d7c0845,1fb0d55d1fa028fa,5927,200,queryForStationId,ts-ticketinfo-service
1650246874,ts-order-service,d1090123f11b89d3,13b7fe079c1f7982,13b7fe079c1f7982,9384,200,POST,ts-order-service
1650246874,ts-preserve-service,e7c4bee2a24d4b37,afe268d1609e9014,afe268d1609e9014,4327,200,GET,ts-preserve-service
1650246874,ts-contacts-service,a82c0505de82149a,e7c4bee2a24d4b37,afe268d1609e9014,2841,200,getContactsByContactsId,ts-preserve-service
1650246874,ts-travel-service,70d92b68f3f22781,1fb0d55d1fa028fa,1fb0d55d1fa028fa,3942,200,GET,ts-travel-service
1650246874,ts-basic-service,98d86898c3e49213,5ed7b9557f62d2dd,1fb0d55d1fa028fa,4990,200,queryForStationId,ts-ticketinfo-service
1650246874,ts-assurance-service,cdec09b2fc8edf95,,cdec09b2fc8edf95,1920,200,getAllAssuranceType,no_parent
1650246874,ts-station-service,f1262adce570234c,d1090123f11b89d3,13b7fe079c1f7982,7740,200,queryForNameBatch,ts-order-service
1650246874,ts-verification-code-service,81dacc40cbe1f6e7,,81dacc40cbe1f6e7,3096,200,imageCode,no_parent
1650246874,ts-order-service,13b7fe079c1f7982,,13b7fe079c1f7982,13058,200,queryOrdersForRefresh,no_parent
1650246934,ts-security-service,4a9365e6ec79582d,7808a10621623c83,20981e38a94da6b,20616406,200,GET,ts-security-service
1650246934,ts-order-service,c39b9d7780a0a1c0,947de713c5a4113,20981e38a94da6b,3874,200,securityInfoCheck,ts-security-service
1650246934,ts-security-service,7808a10621623c83,aa0415c68c088a87,20981e38a94da6b,22654169,200,check,ts-preserve-service
1650246934,ts-preserve-service,aa0415c68c088a87,20981e38a94da6b,20981e38a94da6b,22655572,200,GET,ts-preserve-service
1650246934,ts-preserve-service,20981e38a94da6b,,20981e38a94da6b,22671948,200,preserve,no_parent
1650246934,ts-security-service,947de713c5a4113,7808a10621623c83,20981e38a94da6b,5328,200,GET,ts-security-service
1650246934,ts-contacts-service,b5ff421c5129db5b,,b5ff421c5129db5b,3137,200,findContactsByAccountId,no_parent
1650246940,ts-order-other-service,8b21ecbc34604dfc,4a9365e6ec79582d,20981e38a94da6b,7288777,200,securityInfoCheck,ts-security-service
1650246957,ts-route-service,64df449cde78b3ce,41b8f57e24d50594,13d68a536a9201b,2240,200,queryById,ts-travel-service
1650246957,ts-route-service,4e986c811b1e13c9,b5bba51a24816343,13d68a536a9201b,2641,200,queryById,ts-travel-service
1650246957,ts-route-service,d53b53ce2bcdc50c,ca79d9813f7bb524,13d68a536a9201b,1877,200,queryById,ts-travel-service
1650246957,ts-route-service,109669fbd713d4df,32d54910465297dd,13d68a536a9201b,2108,200,queryById,ts-travel-service
1650246957,ts-route-service,ff03ce6a9d07c981,885a034e5d7c9095,13d68a536a9201b,2515,200,queryById,ts-travel-service
1650246957,ts-ticketinfo-service,2a040d59fecfd65b,f5c8255d82e0a099,13d68a536a9201b,5659,200,GET,ts-ticketinfo-service
1650246957,ts-ticketinfo-service,f3557f86b10d8b40,96fcb3449ccb8f49,13d68a536a9201b,7113,200,GET,ts-ticketinfo-service
1650246957,ts-basic-service,166d4ec1de4fd259,f3557f86b10d8b40,13d68a536a9201b,6009,200,queryForStationId,ts-ticketinfo-service
1650246957,ts-station-service,b6dc074c7aff5157,a31dd4084b68cde0,13d68a536a9201b,2313,200,queryForStationId,ts-basic-service
1650246957,ts-station-service,553427eba547b07b,e51ef7f275b6dba3,13d68a536a9201b,2133,200,queryForStationId,ts-basic-service
1650246957,ts-travel-service,41b8f57e24d50594,13d68a536a9201b,13d68a536a9201b,2637,200,GET,ts-travel-service
1650246957,ts-travel-service,ca79d9813f7bb524,13d68a536a9201b,13d68a536a9201b,2221,200,GET,ts-travel-service
1650246957,ts-travel-service,608ece1676e39ff9,13d68a536a9201b,13d68a536a9201b,8395,200,GET,ts-travel-service
1650246957,ts-travel-service,13d68a536a9201b,,13d68a536a9201b,45169,200,queryInfo,no_parent
1650246957,ts-ticketinfo-service,96fcb3449ccb8f49,bcacf2db8baaeed9,13d68a536a9201b,9856,200,queryForStationId,ts-travel-service
1650246957,ts-ticketinfo-service,f5c8255d82e0a099,608ece1676e39ff9,13d68a536a9201b,7936,200,queryForStationId,ts-travel-service
1650246957,ts-travel-service,bcacf2db8baaeed9,13d68a536a9201b,13d68a536a9201b,11598,200,GET,ts-travel-service
1650246957,ts-travel-service,32d54910465297dd,13d68a536a9201b,13d68a536a9201b,2284,200,GET,ts-travel-service
1650246957,ts-travel-service,b5bba51a24816343,13d68a536a9201b,13d68a536a9201b,3955,200,GET,ts-travel-service
1650246957,ts-travel-service,885a034e5d7c9095,13d68a536a9201b,13d68a536a9201b,2755,200,GET,ts-travel-service
1650246957,ts-preserve-service,20392ac564374edc,20981e38a94da6b,20981e38a94da6b,4306,200,GET,ts-preserve-service
1650246957,ts-station-service,e77b49849a24959d,67a6ac08b82f0d63,fdee6f00df9800f7,8166,200,queryForNameBatch,ts-order-service
1650246957,ts-order-service,fdee6f00df9800f7,,fdee6f00df9800f7,13228,200,queryOrdersForRefresh,no_parent
1650246957,ts-basic-service,6baaef4e1498598f,2a040d59fecfd65b,13d68a536a9201b,4980,200,queryForStationId,ts-ticketinfo-service
1650246957,ts-contacts-service,a590dd0b1358da57,20392ac564374edc,20981e38a94da6b,2860,200,getContactsByContactsId,ts-preserve-service
1650246957,ts-basic-service,a31dd4084b68cde0,166d4ec1de4fd259,13d68a536a9201b,3491,200,GET,ts-basic-service
1650246957,ts-assurance-service,6203175b3ac345dd,,6203175b3ac345dd,1881,200,getAllAssuranceType,no_parent
1650246957,ts-verification-code-service,f9e863fd698d30d8,9f0a3c2afd483d3f,572f561bc2a28f15,1997,200,verifyCode,ts-auth-service
1650246957,ts-auth-service,572f561bc2a28f15,,572f561bc2a28f15,107730,200,getToken,no_parent
1650246957,ts-verification-code-service,81fd26c08197a7b0,,81fd26c08197a7b0,3050,200,imageCode,no_parent
1650246957,ts-auth-service,9f0a3c2afd483d3f,572f561bc2a28f15,572f561bc2a28f15,3720,200,GET,ts-auth-service
1650246957,ts-basic-service,e51ef7f275b6dba3,6baaef4e1498598f,13d68a536a9201b,2811,200,GET,ts-basic-service
1650246957,ts-order-service,67a6ac08b82f0d63,fdee6f00df9800f7,fdee6f00df9800f7,9636,200,POST,ts-order-service
1650247017,ts-auth-service,36e81d0230c09464,12f4f9fb3b4f62d3,12f4f9fb3b4f62d3,3656,200,GET,ts-auth-service
1650247017,ts-verification-code-service,4cb7bac232577bfd,36e81d0230c09464,12f4f9fb3b4f62d3,1980,200,verifyCode,ts-auth-service
1650247017,ts-auth-service,12f4f9fb3b4f62d3,,12f4f9fb3b4f62d3,114937,200,getToken,no_parent
1650247017,ts-order-other-service,a7f63d519162b5e,6ca2b093386301e8,5a57e1a75b706298,2906,200,securityInfoCheck,ts-security-service
1650247017,ts-order-service,c08f25df43b8749,f03e51d9c0c309dc,5a57e1a75b706298,3305,200,securityInfoCheck,ts-security-service
1650247017,ts-preserve-service,f90d0ec451d638ac,5a57e1a75b706298,5a57e1a75b706298,3819,200,GET,ts-preserve-service
1650247017,ts-preserve-service,5a57e1a75b706298,,5a57e1a75b706298,21696,200,preserve,no_parent
1650247017,ts-preserve-service,7483014d9ada8a6b,5a57e1a75b706298,5a57e1a75b706298,15163,200,GET,ts-preserve-service
1650247017,ts-contacts-service,863fc2865a021eb8,f90d0ec451d638ac,5a57e1a75b706298,2706,200,getContactsByContactsId,ts-preserve-service
1650247017,ts-security-service,f03e51d9c0c309dc,3626bda6e4cbb0a5,5a57e1a75b706298,4806,200,GET,ts-security-service
1650247017,ts-route-service,37a4089577ac25b5,3f1d83418b1f08c6,94b727bbcb9ccdb4,2128,200,queryById,ts-travel-service
1650247017,ts-travel-service,5572bcaa867e4a97,94b727bbcb9ccdb4,94b727bbcb9ccdb4,4023,200,GET,ts-travel-service
1650247017,ts-security-service,6ca2b093386301e8,3626bda6e4cbb0a5,5a57e1a75b706298,4200,200,GET,ts-security-service
1650247017,ts-route-service,a485096ceee52dbc,c6bd476152cb3a63,94b727bbcb9ccdb4,2133,200,queryById,ts-travel-service
1650247017,ts-travel-service,1a481329dc7a84aa,94b727bbcb9ccdb4,94b727bbcb9ccdb4,8460,200,GET,ts-travel-service
1650247017,ts-security-service,3626bda6e4cbb0a5,7483014d9ada8a6b,5a57e1a75b706298,13692,200,check,ts-preserve-service
1650247017,ts-travel-service,62d772fc0b275eaa,94b727bbcb9ccdb4,94b727bbcb9ccdb4,11176,200,GET,ts-travel-service
1650247017,ts-basic-service,f7954e716666e11b,d5aead0336a1e58a,94b727bbcb9ccdb4,5859,200,queryForStationId,ts-ticketinfo-service
1650247017,ts-basic-service,13ba5d3942ddbcd9,eb8c3d5dd1410fd9,94b727bbcb9ccdb4,2876,200,GET,ts-basic-service
1650247017,ts-ticketinfo-service,d5aead0336a1e58a,84ff604bf7938b1d,94b727bbcb9ccdb4,6896,200,GET,ts-ticketinfo-service
1650247017,ts-basic-service,eb8c3d5dd1410fd9,51ecfb0a95c4fd3e,94b727bbcb9ccdb4,4945,200,queryForStationId,ts-ticketinfo-service
1650247017,ts-route-service,9ab1bb28d342ac87,5572bcaa867e4a97,94b727bbcb9ccdb4,2705,200,queryById,ts-travel-service
1650247017,ts-route-service,9db4f47c7ba71c23,1b3e5300adde4f49,94b727bbcb9ccdb4,2165,200,queryById,ts-travel-service
1650247017,ts-travel-service,94b727bbcb9ccdb4,,94b727bbcb9ccdb4,44785,200,queryInfo,no_parent
1650247017,ts-route-service,882784870911062,eb0fe9075a32d855,94b727bbcb9ccdb4,2141,200,queryById,ts-travel-service
1650247017,ts-basic-service,e905b8e18c836ab8,f7954e716666e11b,94b727bbcb9ccdb4,3411,200,GET,ts-basic-service
1650247017,ts-ticketinfo-service,160cb63ef404faba,1a481329dc7a84aa,94b727bbcb9ccdb4,7964,200,queryForStationId,ts-travel-service
1650247017,ts-ticketinfo-service,51ecfb0a95c4fd3e,160cb63ef404faba,94b727bbcb9ccdb4,5661,200,GET,ts-ticketinfo-service
1650247017,ts-travel-service,eb0fe9075a32d855,94b727bbcb9ccdb4,94b727bbcb9ccdb4,2380,200,GET,ts-travel-service
1650247017,ts-travel-service,1b3e5300adde4f49,94b727bbcb9ccdb4,94b727bbcb9ccdb4,2710,200,GET,ts-travel-service
1650247017,ts-travel-service,3f1d83418b1f08c6,94b727bbcb9ccdb4,94b727bbcb9ccdb4,2339,200,GET,ts-travel-service
1650247017,ts-travel-service,c6bd476152cb3a63,94b727bbcb9ccdb4,94b727bbcb9ccdb4,2334,200,GET,ts-travel-service
1650247017,ts-station-service,858db71e20dd5b7d,e905b8e18c836ab8,94b727bbcb9ccdb4,2296,200,queryForStationId,ts-basic-service
1650247017,ts-station-service,6867939267fc2de4,13ba5d3942ddbcd9,94b727bbcb9ccdb4,2191,200,queryForStationId,ts-basic-service
1650247017,ts-verification-code-service,43238614f64aefa,,43238614f64aefa,3095,200,imageCode,no_parent
1650247017,ts-ticketinfo-service,84ff604bf7938b1d,62d772fc0b275eaa,94b727bbcb9ccdb4,9576,200,queryForStationId,ts-travel-service
1650247017,ts-order-service,b1369aac14464de2,b5bb275c3ca7181c,b5bb275c3ca7181c,9168,200,POST,ts-order-service
1650247017,ts-order-service,b5bb275c3ca7181c,,b5bb275c3ca7181c,12328,200,queryOrdersForRefresh,no_parent
1650247017,ts-assurance-service,cd27da7220104a76,,cd27da7220104a76,1864,200,getAllAssuranceType,no_parent
1650247017,ts-contacts-service,1ec42b4f44a8c3f2,,1ec42b4f44a8c3f2,3480,200,findContactsByAccountId,no_parent
1650247017,ts-station-service,bbc35d7ad53fe63d,b1369aac14464de2,b5bb275c3ca7181c,7698,200,queryForNameBatch,ts-order-service
1650247078,ts-security-service,a48a7161d3dd989,d88fb1b9e9e00f5c,12bcef4ce3970b4,14718370,200,check,ts-preserve-service
1650247078,ts-security-service,e7e18e66710d1c1d,a48a7161d3dd989,12bcef4ce3970b4,4478,200,GET,ts-security-service
1650247078,ts-contacts-service,6bf74314ceb9f049,,6bf74314ceb9f049,3763,200,findContactsByAccountId,no_parent
1650247078,ts-preserve-service,d88fb1b9e9e00f5c,12bcef4ce3970b4,12bcef4ce3970b4,14719769,200,GET,ts-preserve-service
1650247078,ts-order-service,9255e4108d2cc78f,e7e18e66710d1c1d,12bcef4ce3970b4,3108,200,securityInfoCheck,ts-security-service
1650247078,ts-security-service,8d8eee0703339282,a48a7161d3dd989,12bcef4ce3970b4,13878892,200,GET,ts-security-service
1650247078,ts-preserve-service,12bcef4ce3970b4,,12bcef4ce3970b4,14727138,200,preserve,no_parent
1650247092,ts-verification-code-service,809b6144b8fa7f01,38ad0845218ba4a2,6f96731a940bbeea,1955,200,verifyCode,ts-auth-service
1650247092,ts-station-service,1b609fa86c14acc4,11ac8a4f1d69ac06,f7dea11cc3d11e74,2550,200,queryForStationId,ts-basic-service
1650247092,ts-travel-service,c0465bf102c30189,f7dea11cc3d11e74,f7dea11cc3d11e74,4261,200,GET,ts-travel-service
1650247092,ts-travel-service,633674ab1119343f,f7dea11cc3d11e74,f7dea11cc3d11e74,8286,200,GET,ts-travel-service
1650247092,ts-auth-service,6f96731a940bbeea,,6f96731a940bbeea,108794,200,getToken,no_parent
1650247092,ts-auth-service,38ad0845218ba4a2,6f96731a940bbeea,6f96731a940bbeea,3942,200,GET,ts-auth-service
1650247092,ts-preserve-service,246fbabbafa16d4,12bcef4ce3970b4,12bcef4ce3970b4,4319,200,GET,ts-preserve-service
1650247092,ts-contacts-service,facb80940e5aca1d,246fbabbafa16d4,12bcef4ce3970b4,2859,200,getContactsByContactsId,ts-preserve-service
1650247092,ts-route-service,54d6122f5b247ea2,8c05632b17553007,f7dea11cc3d11e74,2214,200,queryById,ts-travel-service
1650247092,ts-route-service,cb9de68bc4f11ba0,886a588dee36b22b,f7dea11cc3d11e74,2007,200,queryById,ts-travel-service
1650247092,ts-route-service,fc7f2df74c045bd7,2e69c17d8724ee5c,f7dea11cc3d11e74,1988,200,queryById,ts-travel-service
1650247092,ts-verification-code-service,572461352ec18b3e,,572461352ec18b3e,3304,200,imageCode,no_parent
1650247092,ts-basic-service,9f5b17eb9add48cc,b83d92b3735fba9a,f7dea11cc3d11e74,6150,200,queryForStationId,ts-ticketinfo-service
1650247092,ts-travel-service,5a2cdc69c30d8330,f7dea11cc3d11e74,f7dea11cc3d11e74,11523,200,GET,ts-travel-service
1650247092,ts-travel-service,a99f50c401321003,f7dea11cc3d11e74,f7dea11cc3d11e74,3108,200,GET,ts-travel-service
1650247092,ts-travel-service,886a588dee36b22b,f7dea11cc3d11e74,f7dea11cc3d11e74,2251,200,GET,ts-travel-service
1650247092,ts-travel-service,2e69c17d8724ee5c,f7dea11cc3d11e74,f7dea11cc3d11e74,2215,200,GET,ts-travel-service
1650247092,ts-travel-service,8c05632b17553007,f7dea11cc3d11e74,f7dea11cc3d11e74,2486,200,GET,ts-travel-service
1650247092,ts-basic-service,84c8ba7d760631bc,69933ecd6e7e87aa,f7dea11cc3d11e74,2748,200,GET,ts-basic-service
1650247092,ts-basic-service,11ac8a4f1d69ac06,9f5b17eb9add48cc,f7dea11cc3d11e74,3632,200,GET,ts-basic-service
1650247092,ts-station-service,b4b926cd4f0ca1ff,84c8ba7d760631bc,f7dea11cc3d11e74,2090,200,queryForStationId,ts-basic-service
1650247092,ts-travel-service,f7dea11cc3d11e74,,f7dea11cc3d11e74,45793,200,queryInfo,no_parent
1650247092,ts-route-service,c10fe4f3316d897b,c0465bf102c30189,f7dea11cc3d11e74,2601,200,queryById,ts-travel-service
1650247092,ts-basic-service,69933ecd6e7e87aa,254159f4c892b125,f7dea11cc3d11e74,4822,200,queryForStationId,ts-ticketinfo-service
1650247092,ts-ticketinfo-service,254159f4c892b125,7503be9da30ba818,f7dea11cc3d11e74,5571,200,GET,ts-ticketinfo-service
1650247092,ts-ticketinfo-service,2e6fba952cf9e639,5a2cdc69c30d8330,f7dea11cc3d11e74,9976,200,queryForStationId,ts-travel-service
1650247092,ts-route-service,bc75d37def92b2e9,a99f50c401321003,f7dea11cc3d11e74,2532,200,queryById,ts-travel-service
1650247092,ts-order-service,f3dadb74e9408386,,f3dadb74e9408386,13110,200,queryOrdersForRefresh,no_parent
1650247092,ts-order-service,76e0bc9c8fd743a1,f3dadb74e9408386,f3dadb74e9408386,9385,200,POST,ts-order-service
1650247092,ts-station-service,7051563934fe90a1,76e0bc9c8fd743a1,f3dadb74e9408386,7797,200,queryForNameBatch,ts-order-service
1650247092,ts-assurance-service,42e7e7c419605579,,42e7e7c419605579,1878,200,getAllAssuranceType,no_parent
1650247092,ts-ticketinfo-service,b83d92b3735fba9a,2e6fba952cf9e639,f7dea11cc3d11e74,7332,200,GET,ts-ticketinfo-service
1650247092,ts-ticketinfo-service,7503be9da30ba818,633674ab1119343f,f7dea11cc3d11e74,7785,200,queryForStationId,ts-travel-service
1650247152,ts-contacts-service,a4f88d8d822fd88d,,a4f88d8d822fd88d,3235,200,findContactsByAccountId,no_parent
1650247153,ts-order-service,573fa396b8aa352c,701b51b521688d6,2e1f83324fcf90d8,3419,200,securityInfoCheck,ts-security-service
1650247153,ts-security-service,701b51b521688d6,2047d3b365bff353,2e1f83324fcf90d8,4847,200,GET,no_parent
1650247213,ts-route-service,6bf16a3353981ed3,fe3943baefe1b368,1aed06d4c5afbdd4,2629,200,queryById,ts-travel-service
1650247213,ts-travel-service,4bc1cd00eb5a7a4f,1aed06d4c5afbdd4,1aed06d4c5afbdd4,2387,200,GET,ts-travel-service
1650247213,ts-travel-service,c04fcc82c06a5843,1aed06d4c5afbdd4,1aed06d4c5afbdd4,8374,200,GET,ts-travel-service
1650247213,ts-travel-service,1aed06d4c5afbdd4,,1aed06d4c5afbdd4,43504,200,queryInfo,no_parent
1650247213,ts-ticketinfo-service,f373da076695796c,62770c3108c1515a,1aed06d4c5afbdd4,6925,200,GET,ts-ticketinfo-service
1650247213,ts-basic-service,591bbd9d3196d56d,e540da1fa57e5529,1aed06d4c5afbdd4,4854,200,queryForStationId,ts-ticketinfo-service
1650247213,ts-basic-service,91e4368ea514cc7a,591bbd9d3196d56d,1aed06d4c5afbdd4,2803,200,GET,ts-basic-service
1650247213,ts-basic-service,b27e69d5a6344ed8,f373da076695796c,1aed06d4c5afbdd4,5709,200,queryForStationId,ts-ticketinfo-service
1650247213,ts-travel-service,a41f4f84138a71c6,1aed06d4c5afbdd4,1aed06d4c5afbdd4,2594,200,GET,ts-travel-service
1650247213,ts-travel-service,8d34853dc770ccae,1aed06d4c5afbdd4,1aed06d4c5afbdd4,2329,200,GET,ts-travel-service
1650247213,ts-route-service,e2ad6cd24d7727af,b3d387ff5805050b,1aed06d4c5afbdd4,2111,200,queryById,ts-travel-service
1650247213,ts-ticketinfo-service,73415f664587e678,c04fcc82c06a5843,1aed06d4c5afbdd4,7899,200,queryForStationId,ts-travel-service
1650247213,ts-route-service,ed26f4c76ffa13af,a41f4f84138a71c6,1aed06d4c5afbdd4,2122,200,queryById,ts-travel-service
1650247213,ts-travel-service,fe3943baefe1b368,1aed06d4c5afbdd4,1aed06d4c5afbdd4,4041,200,GET,ts-travel-service
1650247213,ts-basic-service,ed13cba04c49cb47,b27e69d5a6344ed8,1aed06d4c5afbdd4,3295,200,GET,ts-basic-service
1650247213,ts-travel-service,b3d387ff5805050b,1aed06d4c5afbdd4,1aed06d4c5afbdd4,2363,200,GET,ts-travel-service
1650247213,ts-ticketinfo-service,e540da1fa57e5529,73415f664587e678,1aed06d4c5afbdd4,5620,200,GET,ts-ticketinfo-service
1650247213,ts-station-service,d127881d750e8f7,91e4368ea514cc7a,1aed06d4c5afbdd4,2081,200,queryForStationId,ts-basic-service
1650247213,ts-station-service,516e231d14c3da0f,ed13cba04c49cb47,1aed06d4c5afbdd4,2235,200,queryForStationId,ts-basic-service
1650247213,ts-ticketinfo-service,62770c3108c1515a,ba15a6d6d603aebf,1aed06d4c5afbdd4,9614,200,queryForStationId,ts-travel-service
1650247213,ts-route-service,764f43a9a9e8be85,4bc1cd00eb5a7a4f,1aed06d4c5afbdd4,2193,200,queryById,ts-travel-service
1650247213,ts-route-service,c7f37be9fa7bf86a,8d34853dc770ccae,1aed06d4c5afbdd4,2160,200,queryById,ts-travel-service
1650247213,ts-station-service,4a5dbf2a927cfd52,b4356ddbbd623682,1630a1203e2b9c32,7660,200,queryForNameBatch,ts-order-service
1650247213,ts-order-service,b4356ddbbd623682,1630a1203e2b9c32,1630a1203e2b9c32,9478,200,POST,ts-order-service
1650247213,ts-travel-service,ba15a6d6d603aebf,1aed06d4c5afbdd4,1aed06d4c5afbdd4,10848,200,GET,ts-travel-service
1650247213,ts-auth-service,4a7ca4fdd9d8d298,5c3acc6b1510d8cb,5c3acc6b1510d8cb,5468,200,GET,ts-auth-service
1650247213,ts-auth-service,5c3acc6b1510d8cb,,5c3acc6b1510d8cb,118687,200,getToken,no_parent
1650247213,ts-assurance-service,6d5856a3660c429c,,6d5856a3660c429c,1890,200,getAllAssuranceType,no_parent
1650247213,ts-verification-code-service,64ff9513f3661644,,64ff9513f3661644,6710,200,imageCode,no_parent
1650247213,ts-verification-code-service,72a8ddb8fc6eacf5,4a7ca4fdd9d8d298,5c3acc6b1510d8cb,2637,200,verifyCode,ts-auth-service
1650247213,ts-order-service,1630a1203e2b9c32,,1630a1203e2b9c32,13103,200,queryOrdersForRefresh,no_parent
1650247273,ts-order-service,2b0f6281d07bdb9f,3364f92bc706acfd,c15a4e1cf9bdc988,3324,200,securityInfoCheck,ts-security-service
1650247273,ts-security-service,5f47c5fc70e1203d,9de61131d9d19296,c15a4e1cf9bdc988,1865121,200,check,ts-preserve-service
1650247273,ts-security-service,3364f92bc706acfd,5f47c5fc70e1203d,c15a4e1cf9bdc988,5119,200,GET,ts-security-service
1650247273,ts-preserve-service,c15a4e1cf9bdc988,,c15a4e1cf9bdc988,1875290,200,preserve,no_parent
1650247273,ts-security-service,3e4f299bcb7ceb72,5f47c5fc70e1203d,c15a4e1cf9bdc988,1647724,200,GET,ts-security-service
1650247273,ts-preserve-service,9de61131d9d19296,c15a4e1cf9bdc988,c15a4e1cf9bdc988,1866642,200,GET,ts-preserve-service
1650247273,ts-contacts-service,fc26aa7fa047364b,,fc26aa7fa047364b,3677,200,findContactsByAccountId,no_parent
1650247275,ts-auth-service,d6289abb72538cc8,5a2a561c254e26e0,5a2a561c254e26e0,4025,200,GET,ts-auth-service
1650247275,ts-route-service,bb1c55befb8209ef,a1ad8a59887a3007,405d1a969169c083,1782,200,queryById,ts-travel-service
1650247275,ts-route-service,c0dca2804d4571d8,e5165ba49ba32517,405d1a969169c083,1897,200,queryById,ts-travel-service
1650247275,ts-route-service,8321fcec6ea04046,3a338318e911347a,405d1a969169c083,1969,200,queryById,ts-travel-service
1650247275,ts-route-service,44daf13d7367b8c2,5abd6928f454d840,405d1a969169c083,1943,200,queryById,ts-travel-service
1650247275,ts-route-service,b47ef9ff98a2bc06,c7eb05855261c223,405d1a969169c083,2339,200,queryById,ts-travel-service
1650247275,ts-travel-service,405d1a969169c083,,405d1a969169c083,44888,200,queryInfo,no_parent
1650247275,ts-travel-service,c7eb05855261c223,405d1a969169c083,405d1a969169c083,3566,200,GET,ts-travel-service
1650247275,ts-travel-service,a1ad8a59887a3007,405d1a969169c083,405d1a969169c083,1937,200,GET,ts-travel-service
1650247275,ts-travel-service,5abd6928f454d840,405d1a969169c083,405d1a969169c083,2176,200,GET,ts-travel-service
1650247275,ts-travel-service,e5165ba49ba32517,405d1a969169c083,405d1a969169c083,2126,200,GET,ts-travel-service
1650247275,ts-station-service,d42e9a66fd708733,dceac2bdcc0958d4,405d1a969169c083,1626,200,queryForStationId,ts-basic-service
1650247275,ts-basic-service,dceac2bdcc0958d4,444d400f7cd4495c,405d1a969169c083,2368,200,GET,ts-basic-service
1650247275,ts-basic-service,bc463ebec17274df,ebb09f0c5371367a,405d1a969169c083,10381,200,queryForStationId,ts-ticketinfo-service
1650247275,ts-basic-service,444d400f7cd4495c,540829be8f93d58b,405d1a969169c083,4192,200,queryForStationId,ts-ticketinfo-service
1650247275,ts-basic-service,1b2183f0dbd322b6,bc463ebec17274df,405d1a969169c083,2226,200,GET,ts-basic-service
1650247275,ts-ticketinfo-service,540829be8f93d58b,cefbba615a7385ce,405d1a969169c083,5143,200,GET,ts-ticketinfo-service
1650247275,ts-ticketinfo-service,cefbba615a7385ce,fbdd19c167ae436a,405d1a969169c083,6795,200,queryForStationId,ts-travel-service
1650247275,ts-ticketinfo-service,76c42407da370e9f,c08dbaf6150f4a94,405d1a969169c083,12280,200,queryForStationId,ts-travel-service
1650247275,ts-travel-service,fbdd19c167ae436a,405d1a969169c083,405d1a969169c083,8681,200,GET,ts-travel-service
1650247275,ts-travel-service,3a338318e911347a,405d1a969169c083,405d1a969169c083,2518,200,GET,ts-travel-service
1650247275,ts-ticketinfo-service,ebb09f0c5371367a,76c42407da370e9f,405d1a969169c083,10876,200,GET,ts-ticketinfo-service
1650247275,ts-station-service,b8a84bd5c2b5cdd8,58e673e05bc52b7a,5d46399171302d62,7408,200,queryForNameBatch,ts-order-service
1650247275,ts-order-service,58e673e05bc52b7a,5d46399171302d62,5d46399171302d62,8907,200,POST,ts-order-service
1650247275,ts-order-service,5d46399171302d62,,5d46399171302d62,12812,200,queryOrdersForRefresh,no_parent
1650247275,ts-station-service,625f1f5fc1a739e8,1b2183f0dbd322b6,405d1a969169c083,1638,200,queryForStationId,ts-basic-service
1650247275,ts-travel-service,c08dbaf6150f4a94,405d1a969169c083,405d1a969169c083,12686,200,GET,ts-travel-service
1650247275,ts-auth-service,5a2a561c254e26e0,,5a2a561c254e26e0,121101,200,getToken,no_parent
1650247275,ts-preserve-service,d94274ab39d26a18,c15a4e1cf9bdc988,c15a4e1cf9bdc988,4916,200,GET,ts-preserve-service
1650247275,ts-contacts-service,51bd6c3a4bfd6aaf,d94274ab39d26a18,c15a4e1cf9bdc988,3002,200,getContactsByContactsId,ts-preserve-service
1650247275,ts-verification-code-service,1084f162e60d468a,d6289abb72538cc8,5a2a561c254e26e0,2072,200,verifyCode,ts-auth-service
1650247275,ts-verification-code-service,a1c52426b5929c36,,a1c52426b5929c36,2978,200,imageCode,no_parent
1650247275,ts-assurance-service,3e9339b3cf9e2b73,,3e9339b3cf9e2b73,1489,200,getAllAssuranceType,no_parent
1650247335,ts-security-service,7d15c0a1d1aebb2c,20f2b1b0c700a93a,59c6ba7b28cfe4cc,6498039,200,GET,ts-security-service
1650247335,ts-preserve-service,59c6ba7b28cfe4cc,,59c6ba7b28cfe4cc,6723226,200,preserve,no_parent
1650247335,ts-order-service,2abd6ae620eb8501,6c74c8902b3b6128,59c6ba7b28cfe4cc,3436,200,securityInfoCheck,ts-security-service
1650247335,ts-security-service,6c74c8902b3b6128,20f2b1b0c700a93a,59c6ba7b28cfe4cc,4829,200,GET,ts-security-service
1650247335,ts-security-service,20f2b1b0c700a93a,23395bc4e1f250c0,59c6ba7b28cfe4cc,6714548,200,check,ts-preserve-service
1650247335,ts-preserve-service,23395bc4e1f250c0,59c6ba7b28cfe4cc,59c6ba7b28cfe4cc,6716050,200,GET,ts-preserve-service
1650247335,ts-contacts-service,aad7902337629d5c,,aad7902337629d5c,3226,200,findContactsByAccountId,no_parent
1650247338,ts-order-other-service,7e4cfc9f1578006,7d15c0a1d1aebb2c,59c6ba7b28cfe4cc,208808,200,securityInfoCheck,ts-security-service
1650247342,ts-route-service,412bc3f57dc5924f,6f512ac40d77bc1d,fc9b7665ed03b26c,1796,200,queryById,ts-travel-service
1650247342,ts-route-service,c9b7c1d902ce01bc,697bfb243059dc88,fc9b7665ed03b26c,2452,200,queryById,ts-travel-service
1650247342,ts-route-service,fb22533cb8fcf6d2,fc93f9a08e506893,fc9b7665ed03b26c,17467,200,queryById,ts-travel-service
1650247342,ts-route-service,c955c09372b62223,18e9b7a697c923d7,fc9b7665ed03b26c,2342,200,queryById,ts-travel-service
1650247342,ts-auth-service,9c6042182ac269a8,f2a943278fadbdae,f2a943278fadbdae,4045,200,GET,ts-auth-service
1650247342,ts-travel-service,fc93f9a08e506893,fc9b7665ed03b26c,fc9b7665ed03b26c,19021,200,GET,ts-travel-service
1650247342,ts-travel-service,18e9b7a697c923d7,fc9b7665ed03b26c,fc9b7665ed03b26c,2685,200,GET,ts-travel-service
1650247342,ts-ticketinfo-service,825cc69a889a31c,2b80e28c12a7ec9b,fc9b7665ed03b26c,20794,200,queryForStationId,ts-travel-service
1650247342,ts-ticketinfo-service,27df9dd48a826ac9,681716aac51b4894,fc9b7665ed03b26c,8431,200,queryForStationId,ts-travel-service
1650247342,ts-ticketinfo-service,b9d1dd6c5d0a837a,27df9dd48a826ac9,fc9b7665ed03b26c,5963,200,GET,ts-ticketinfo-service
1650247342,ts-ticketinfo-service,31896869f8cf7494,825cc69a889a31c,fc9b7665ed03b26c,6893,200,GET,ts-ticketinfo-service
1650247342,ts-travel-service,2b80e28c12a7ec9b,fc9b7665ed03b26c,fc9b7665ed03b26c,22361,200,GET,ts-travel-service
1650247342,ts-travel-service,697bfb243059dc88,fc9b7665ed03b26c,fc9b7665ed03b26c,2940,200,GET,ts-travel-service
1650247342,ts-basic-service,58cec9270db1015e,b9d1dd6c5d0a837a,fc9b7665ed03b26c,5313,200,queryForStationId,ts-ticketinfo-service
1650247342,ts-travel-service,681716aac51b4894,fc9b7665ed03b26c,fc9b7665ed03b26c,8867,200,GET,ts-travel-service
1650247342,ts-station-service,9fac50b5cb072477,8f84803401bb5254,fc9b7665ed03b26c,2051,200,queryForStationId,ts-basic-service
1650247342,ts-basic-service,8f84803401bb5254,42621b64cbe0ba9a,fc9b7665ed03b26c,3260,200,GET,ts-basic-service
1650247342,ts-basic-service,42621b64cbe0ba9a,31896869f8cf7494,fc9b7665ed03b26c,5641,200,queryForStationId,ts-ticketinfo-service
1650247342,ts-basic-service,33f4427241fe1718,58cec9270db1015e,fc9b7665ed03b26c,3100,200,GET,ts-basic-service
1650247342,ts-station-service,389db07833f8f307,bddeb7091235f3c9,221bb3f0a8680afa,7360,200,queryForNameBatch,ts-order-service
1650247342,ts-order-service,bddeb7091235f3c9,221bb3f0a8680afa,221bb3f0a8680afa,8925,200,POST,ts-order-service
1650247342,ts-order-service,221bb3f0a8680afa,,221bb3f0a8680afa,12672,200,queryOrdersForRefresh,no_parent
1650247342,ts-travel-service,9aa3cf54a9f2c0d9,fc9b7665ed03b26c,fc9b7665ed03b26c,2609,200,GET,ts-travel-service
1650247342,ts-preserve-service,e31f16728e736c3e,59c6ba7b28cfe4cc,59c6ba7b28cfe4cc,4065,200,GET,ts-preserve-service
1650247342,ts-travel-service,6f512ac40d77bc1d,fc9b7665ed03b26c,fc9b7665ed03b26c,2040,200,GET,ts-travel-service
1650247342,ts-route-service,dd5496b80f8fb3e4,9aa3cf54a9f2c0d9,fc9b7665ed03b26c,2405,200,queryById,ts-travel-service
1650247342,ts-station-service,7f12d84a5c8143d1,33f4427241fe1718,fc9b7665ed03b26c,2355,200,queryForStationId,ts-basic-service
1650247342,ts-contacts-service,744010794ff1c87,e31f16728e736c3e,59c6ba7b28cfe4cc,2570,200,getContactsByContactsId,ts-preserve-service
1650247342,ts-verification-code-service,3aaf5889381ad710,,3aaf5889381ad710,2973,200,imageCode,no_parent
1650247342,ts-auth-service,f2a943278fadbdae,,f2a943278fadbdae,109054,200,getToken,no_parent
1650247342,ts-verification-code-service,b1640c396a1f3a51,9c6042182ac269a8,f2a943278fadbdae,2344,200,verifyCode,ts-auth-service
1650247342,ts-travel-service,fc9b7665ed03b26c,,fc9b7665ed03b26c,71962,200,queryInfo,no_parent
1650247342,ts-assurance-service,eb5db82eaee4bfd0,,eb5db82eaee4bfd0,1637,200,getAllAssuranceType,no_parent
1650247402,ts-order-service,7813ef43c4783dc,42295ad5ac858b86,40d8512045a1874,3274,200,securityInfoCheck,ts-security-service
1650247402,ts-security-service,bf5156b8895b78b4,3f7717b9f09a93a4,40d8512045a1874,324305467,200,GET,ts-security-service
1650247402,ts-security-service,3f7717b9f09a93a4,8637c77b1881123,40d8512045a1874,324315261,200,check,ts-preserve-service
1650247402,ts-preserve-service,8637c77b1881123,40d8512045a1874,40d8512045a1874,324316715,200,GET,ts-preserve-service
1650247402,ts-preserve-service,40d8512045a1874,,40d8512045a1874,324324524,200,preserve,no_parent
1650247402,ts-security-service,42295ad5ac858b86,3f7717b9f09a93a4,40d8512045a1874,4797,200,GET,ts-security-service
1650247402,ts-contacts-service,4696ab9247130417,,4696ab9247130417,2921,200,findContactsByAccountId,no_parent
1650247462,ts-route-service,4daadee5e74a320e,1ca89200f726ff2b,56e79c721c8b5e6e,2317,200,queryById,ts-travel-service
1650247462,ts-basic-service,8ff7c7275127097f,be720af64cd3a26b,56e79c721c8b5e6e,5039,200,queryForStationId,ts-ticketinfo-service
1650247462,ts-ticketinfo-service,d9ae81fc528c2152,7da15677ea1cb476,56e79c721c8b5e6e,7471,200,GET,ts-ticketinfo-service
1650247462,ts-assurance-service,e0b74fea628f747f,,e0b74fea628f747f,1885,200,getAllAssuranceType,no_parent
1650247462,ts-route-service,4eefc27352242514,ba4246d6a11565b7,56e79c721c8b5e6e,2477,200,queryById,ts-travel-service
1650247462,ts-travel-service,f4afa7d66a296dba,56e79c721c8b5e6e,56e79c721c8b5e6e,11826,200,GET,ts-travel-service
1650247462,ts-travel-service,e895fe9cca6eee92,56e79c721c8b5e6e,56e79c721c8b5e6e,2624,200,GET,ts-travel-service
1650247462,ts-travel-service,ad03abf95a1d6628,56e79c721c8b5e6e,56e79c721c8b5e6e,4307,200,GET,ts-travel-service
1650247462,ts-route-service,22efcdb8a7b6c7fa,e895fe9cca6eee92,56e79c721c8b5e6e,2425,200,queryById,ts-travel-service
1650247462,ts-ticketinfo-service,f299edb7017378f6,9d17090d4273959f,56e79c721c8b5e6e,8043,200,queryForStationId,ts-travel-service
1650247462,ts-ticketinfo-service,7da15677ea1cb476,f4afa7d66a296dba,56e79c721c8b5e6e,10252,200,queryForStationId,ts-travel-service
1650247462,ts-travel-service,1ca89200f726ff2b,56e79c721c8b5e6e,56e79c721c8b5e6e,2917,200,GET,ts-travel-service
1650247462,ts-order-service,56ea5d54c48e31cc,,56ea5d54c48e31cc,13527,200,queryOrdersForRefresh,no_parent
1650247462,ts-station-service,30c4a74a2b4283f2,bd73daba11436a7d,56ea5d54c48e31cc,7809,200,queryForNameBatch,ts-order-service
1650247462,ts-route-service,9eb90d30ed55c7cb,ad03abf95a1d6628,56e79c721c8b5e6e,2906,200,queryById,ts-travel-service
1650247462,ts-basic-service,353bc721462d8906,f614fc0cb326bc45,56e79c721c8b5e6e,3764,200,GET,ts-basic-service
1650247462,ts-basic-service,302171155a652856,8ff7c7275127097f,56e79c721c8b5e6e,3005,200,GET,ts-basic-service
1650247462,ts-basic-service,f614fc0cb326bc45,d9ae81fc528c2152,56e79c721c8b5e6e,6335,200,queryForStationId,ts-ticketinfo-service
1650247462,ts-station-service,51ab292e59990c55,302171155a652856,56e79c721c8b5e6e,2238,200,queryForStationId,ts-basic-service
1650247462,ts-station-service,8d53f7c21b91b966,353bc721462d8906,56e79c721c8b5e6e,2563,200,queryForStationId,ts-basic-service
1650247462,ts-route-service,f76da357266b68af,db8feb6d96a69f2b,56e79c721c8b5e6e,2553,200,queryById,ts-travel-service
1650247462,ts-travel-service,56e79c721c8b5e6e,,56e79c721c8b5e6e,46660,200,queryInfo,no_parent
1650247462,ts-auth-service,b6ed07532cceb261,,b6ed07532cceb261,116550,200,getToken,no_parent
1650247462,ts-travel-service,db8feb6d96a69f2b,56e79c721c8b5e6e,56e79c721c8b5e6e,2686,200,GET,ts-travel-service
1650247462,ts-travel-service,9d17090d4273959f,56e79c721c8b5e6e,56e79c721c8b5e6e,8611,200,GET,ts-travel-service
1650247462,ts-travel-service,ba4246d6a11565b7,56e79c721c8b5e6e,56e79c721c8b5e6e,2711,200,GET,ts-travel-service
1650247462,ts-auth-service,e557e0f23ecbbdac,b6ed07532cceb261,b6ed07532cceb261,3529,200,GET,ts-auth-service
1650247462,ts-ticketinfo-service,be720af64cd3a26b,f299edb7017378f6,56e79c721c8b5e6e,5761,200,GET,ts-ticketinfo-service
1650247462,ts-order-service,bd73daba11436a7d,56ea5d54c48e31cc,56ea5d54c48e31cc,9808,200,POST,ts-order-service
1650247462,ts-verification-code-service,f393186186d225b,,f393186186d225b,2960,200,imageCode,no_parent
1650247462,ts-verification-code-service,9ae2f00e995fb0aa,e557e0f23ecbbdac,b6ed07532cceb261,1643,200,verifyCode,ts-auth-service
1650247522,ts-contacts-service,b173223d7ac000bc,,b173223d7ac000bc,3088,200,findContactsByAccountId,no_parent
1650247522,ts-order-service,7ba532edde04eba4,b27555f7355e21ca,a783f9f23b63018a,3267,200,securityInfoCheck,ts-security-service
1650247522,ts-preserve-service,f077de5359211a6a,a783f9f23b63018a,a783f9f23b63018a,10113011,500,GET,ts-preserve-service
1650247522,ts-security-service,b27555f7355e21ca,1359aaad0ba1b446,a783f9f23b63018a,4897,200,GET,ts-security-service
1650247522,ts-preserve-service,a783f9f23b63018a,,a783f9f23b63018a,10119597,500,preserve,no_parent
1650247522,ts-security-service,1359aaad0ba1b446,f077de5359211a6a,a783f9f23b63018a,10106328,500,check,ts-preserve-service
1650247522,ts-security-service,cc7f4f33e6dd66ba,1359aaad0ba1b446,a783f9f23b63018a,10082909,500,GET,ts-security-service
1650247532,ts-security-service,f6ce459172651c5b,,a783f9f23b63018a,1359,0,error,no_parent
1650247532,ts-preserve-service,ab8a3aa5e10642c,,a783f9f23b63018a,742,0,error,no_parent
1650247532,ts-order-service,8747a280c6d87e25,,8747a280c6d87e25,13240,200,queryOrdersForRefresh,no_parent
1650247532,ts-order-service,f8653af21a3dcf7d,8747a280c6d87e25,8747a280c6d87e25,9447,200,POST,ts-order-service
1650247532,ts-verification-code-service,bf01c227cac9a09e,,bf01c227cac9a09e,3069,200,imageCode,no_parent
1650247532,ts-verification-code-service,de5739558f0d1661,e9a4f1865cd4548c,8a320a20491a61a7,1971,200,verifyCode,ts-auth-service
1650247532,ts-auth-service,8a320a20491a61a7,,8a320a20491a61a7,104768,200,getToken,no_parent
1650247532,ts-station-service,5c0e72bfa82c3ec8,f8653af21a3dcf7d,8747a280c6d87e25,7850,200,queryForNameBatch,ts-order-service
1650247532,ts-auth-service,e9a4f1865cd4548c,8a320a20491a61a7,8a320a20491a61a7,3647,200,GET,ts-auth-service
1650247533,ts-route-service,8c3728177548dc4d,8625ff96b9197c8f,a1eec9f33f4316d7,2859,200,queryById,ts-travel-service
1650247533,ts-travel-service,f8a125b34c463c6e,a1eec9f33f4316d7,a1eec9f33f4316d7,2598,200,GET,ts-travel-service
1650247533,ts-route-service,fa7462d385e2868f,b88b1d97f1921922,a1eec9f33f4316d7,3154,200,queryById,ts-travel-service
1650247533,ts-route-service,2235a393f9d08f8d,f8a125b34c463c6e,a1eec9f33f4316d7,2546,200,queryById,ts-travel-service
1650247533,ts-travel-service,27394bcac351f75a,a1eec9f33f4316d7,a1eec9f33f4316d7,9122,200,GET,ts-travel-service
1650247533,ts-travel-service,377508b1ea95e851,a1eec9f33f4316d7,a1eec9f33f4316d7,12084,200,GET,ts-travel-service
1650247533,ts-ticketinfo-service,5f2712b95bbfb149,38d1b384198dd129,a1eec9f33f4316d7,5935,200,GET,ts-ticketinfo-service
1650247533,ts-ticketinfo-service,4863f90527d54549,80eb15f0b4a1ab63,a1eec9f33f4316d7,7742,200,GET,ts-ticketinfo-service
1650247533,ts-ticketinfo-service,80eb15f0b4a1ab63,377508b1ea95e851,a1eec9f33f4316d7,10462,200,queryForStationId,ts-travel-service
1650247533,ts-basic-service,44e79d94d13be09e,63ab8c7677a0c9e3,a1eec9f33f4316d7,3913,200,GET,ts-basic-service
1650247533,ts-station-service,1e80e6a82ef83d3c,44e79d94d13be09e,a1eec9f33f4316d7,2704,200,queryForStationId,ts-basic-service
1650247533,ts-travel-service,3b7e4a3dede69a1c,a1eec9f33f4316d7,a1eec9f33f4316d7,2654,200,GET,ts-travel-service
1650247533,ts-route-service,ef291d08d60f49c2,3b7e4a3dede69a1c,a1eec9f33f4316d7,2552,200,queryById,ts-travel-service
1650247533,ts-basic-service,e74fccb869959f32,98fb7318de7f70b0,a1eec9f33f4316d7,3378,200,GET,ts-basic-service
1650247533,ts-travel-service,a1eec9f33f4316d7,,a1eec9f33f4316d7,49773,200,queryInfo,no_parent
1650247533,ts-travel-service,9002ac0a16772a6c,a1eec9f33f4316d7,a1eec9f33f4316d7,2629,200,GET,ts-travel-service
1650247533,ts-travel-service,b88b1d97f1921922,a1eec9f33f4316d7,a1eec9f33f4316d7,4735,200,GET,ts-travel-service
1650247533,ts-route-service,79c54ea8121561d9,9002ac0a16772a6c,a1eec9f33f4316d7,2486,200,queryById,ts-travel-service
1650247533,ts-basic-service,63ab8c7677a0c9e3,4863f90527d54549,a1eec9f33f4316d7,6471,200,queryForStationId,ts-ticketinfo-service
1650247533,ts-station-service,b268b7a342f56cd8,e74fccb869959f32,a1eec9f33f4316d7,2566,200,queryForStationId,ts-basic-service
1650247533,ts-basic-service,98fb7318de7f70b0,5f2712b95bbfb149,a1eec9f33f4316d7,5412,200,queryForStationId,ts-ticketinfo-service
1650247533,ts-travel-service,8625ff96b9197c8f,a1eec9f33f4316d7,a1eec9f33f4316d7,3361,200,GET,ts-travel-service
1650247533,ts-ticketinfo-service,38d1b384198dd129,27394bcac351f75a,a1eec9f33f4316d7,8626,200,queryForStationId,ts-travel-service
1650247533,ts-assurance-service,797450403cd3834a,,797450403cd3834a,1927,200,getAllAssuranceType,no_parent
1650247564,ts-order-other-service,47d048660a9f6887,bf5156b8895b78b4,40d8512045a1874,3712,200,securityInfoCheck,ts-security-service
1650247594,ts-basic-service,e2d3f6a11c60370b,d110a153dff1bab4,1d0f7e4f72cc8189,6284,200,queryForStationId,ts-ticketinfo-service
1650247594,ts-basic-service,1c020e47ea1733f3,f9c5fc16adb0be4a,1d0f7e4f72cc8189,2934,200,GET,ts-basic-service
1650247594,ts-travel-service,1d0f7e4f72cc8189,,1d0f7e4f72cc8189,51657,200,queryInfo,no_parent
1650247594,ts-route-service,331b87a0449367cd,14179f315caf7b32,1d0f7e4f72cc8189,3095,200,queryById,ts-travel-service
1650247594,ts-route-service,4d86756c6b75a1a6,e7b0f2bb79dc27a9,1d0f7e4f72cc8189,2474,200,queryById,ts-travel-service
1650247594,ts-route-service,e47efb4a101e92e,656708994ef398e3,1d0f7e4f72cc8189,2228,200,queryById,ts-travel-service
1650247594,ts-route-service,5475765c11c4a3f9,e01cdbcc788f7f62,1d0f7e4f72cc8189,2537,200,queryById,ts-travel-service
1650247594,ts-station-service,f40a9f5226e80286,7ba1771939a33d6a,1d0f7e4f72cc8189,2561,200,queryForStationId,ts-basic-service
1650247594,ts-station-service,4196108c0700257a,1c020e47ea1733f3,1d0f7e4f72cc8189,2395,200,queryForStationId,ts-basic-service
1650247594,ts-ticketinfo-service,2740aaf62285e6b5,ae1deda7b9c0bef6,1d0f7e4f72cc8189,8223,200,queryForStationId,ts-travel-service
1650247594,ts-route-service,f60348e413d82c3d,98aa17f56e6b9fb7,1d0f7e4f72cc8189,2498,200,queryById,ts-travel-service
1650247594,ts-basic-service,7ba1771939a33d6a,e2d3f6a11c60370b,1d0f7e4f72cc8189,3696,200,GET,ts-basic-service
1650247594,ts-basic-service,f9c5fc16adb0be4a,ec519f84ef306066,1d0f7e4f72cc8189,5213,200,queryForStationId,ts-ticketinfo-service
1650247594,ts-ticketinfo-service,d110a153dff1bab4,a1e80837978b2361,1d0f7e4f72cc8189,7414,200,GET,ts-ticketinfo-service
1650247594,ts-contacts-service,2e6f0966012aa35c,248fd21cbe549b8a,90ec225bf519574e,2605,200,getContactsByContactsId,ts-preserve-service
1650247594,ts-preserve-service,2c5e639bcc94a201,90ec225bf519574e,90ec225bf519574e,438093,200,GET,ts-preserve-service
1650247594,ts-verification-code-service,b15fa5a546a1d379,,b15fa5a546a1d379,3041,200,imageCode,no_parent
1650247594,ts-preserve-service,90ec225bf519574e,,90ec225bf519574e,445313,200,preserve,no_parent
1650247594,ts-preserve-service,248fd21cbe549b8a,90ec225bf519574e,90ec225bf519574e,4090,200,GET,ts-preserve-service
1650247594,ts-order-service,f4d45b96262a2cb0,908245e1649aafb7,90ec225bf519574e,3520,200,securityInfoCheck,ts-security-service
1650247594,ts-security-service,1fefd5dfa7f86914,a535be233c837705,90ec225bf519574e,426249,200,GET,ts-security-service
1650247594,ts-security-service,a535be233c837705,2c5e639bcc94a201,90ec225bf519574e,437196,200,check,ts-preserve-service
1650247594,ts-security-service,908245e1649aafb7,a535be233c837705,90ec225bf519574e,5077,200,GET,ts-security-service
1650247594,ts-assurance-service,66bea45b46d8fc2f,,66bea45b46d8fc2f,1980,200,getAllAssuranceType,no_parent
1650247594,ts-ticketinfo-service,a1e80837978b2361,5419df237ae87de3,1d0f7e4f72cc8189,10148,200,queryForStationId,ts-travel-service
1650247594,ts-ticketinfo-service,ec519f84ef306066,2740aaf62285e6b5,1d0f7e4f72cc8189,5833,200,GET,ts-ticketinfo-service
1650247594,ts-order-service,89f53468de585403,9f80f1bbba1a4500,9f80f1bbba1a4500,9597,200,POST,ts-order-service
1650247594,ts-order-service,9f80f1bbba1a4500,,9f80f1bbba1a4500,12939,200,queryOrdersForRefresh,no_parent
1650247594,ts-station-service,60296882a7418ecc,89f53468de585403,9f80f1bbba1a4500,8038,200,queryForNameBatch,ts-order-service
1650247594,ts-travel-service,14179f315caf7b32,1d0f7e4f72cc8189,1d0f7e4f72cc8189,4637,200,GET,ts-travel-service
1650247594,ts-travel-service,5419df237ae87de3,1d0f7e4f72cc8189,1d0f7e4f72cc8189,12078,200,GET,ts-travel-service
1650247594,ts-travel-service,ae1deda7b9c0bef6,1d0f7e4f72cc8189,1d0f7e4f72cc8189,8860,200,GET,ts-travel-service
1650247594,ts-travel-service,656708994ef398e3,1d0f7e4f72cc8189,1d0f7e4f72cc8189,2490,200,GET,ts-travel-service
1650247594,ts-travel-service,e7b0f2bb79dc27a9,1d0f7e4f72cc8189,1d0f7e4f72cc8189,2651,200,GET,ts-travel-service
1650247594,ts-contacts-service,c9874fadb04f4d,,c9874fadb04f4d,3260,200,findContactsByAccountId,no_parent
1650247594,ts-travel-service,98aa17f56e6b9fb7,1d0f7e4f72cc8189,1d0f7e4f72cc8189,3097,200,GET,ts-travel-service
1650247594,ts-travel-service,e01cdbcc788f7f62,1d0f7e4f72cc8189,1d0f7e4f72cc8189,2809,200,GET,ts-travel-service
1650247594,ts-verification-code-service,9cd5c7b1109a112c,5f32661442db3bf8,416ee2d42199aed9,1391,200,verifyCode,ts-auth-service
1650247594,ts-auth-service,5f32661442db3bf8,416ee2d42199aed9,416ee2d42199aed9,3143,200,GET,ts-auth-service
1650247594,ts-auth-service,416ee2d42199aed9,,416ee2d42199aed9,114859,200,getToken,no_parent
1650247654,ts-preserve-service,c6828b68747f62ec,7940d8c8f2c0d26e,7940d8c8f2c0d26e,226996,200,GET,ts-preserve-service
1650247654,ts-order-service,866cc4d1f0991e83,a8fe1db138f55487,7940d8c8f2c0d26e,3561,200,securityInfoCheck,ts-security-service
1650247654,ts-preserve-service,7940d8c8f2c0d26e,,7940d8c8f2c0d26e,233687,200,preserve,no_parent
1650247654,ts-security-service,da3637f255e36984,d61af37d2d8f6213,7940d8c8f2c0d26e,213580,200,GET,ts-security-service
1650247654,ts-security-service,d61af37d2d8f6213,c6828b68747f62ec,7940d8c8f2c0d26e,224639,200,check,ts-preserve-service
1650247654,ts-security-service,a8fe1db138f55487,d61af37d2d8f6213,7940d8c8f2c0d26e,6210,200,GET,ts-security-service
1650247654,ts-contacts-service,8ac02e12cc280f10,,8ac02e12cc280f10,2852,200,findContactsByAccountId,no_parent
1650247655,ts-order-service,1d4240b8a2ca9827,,1d4240b8a2ca9827,12777,200,queryOrdersForRefresh,no_parent
1650247655,ts-route-service,d6f8c7c19f145484,33169f290b2ccb10,8d330ac2923e5d01,3021,200,queryById,ts-travel-service
1650247655,ts-route-service,1106152631d552f5,b4a992c45dbd9c74,8d330ac2923e5d01,3587,200,queryById,ts-travel-service
1650247655,ts-travel-service,65b15574ca3d6171,8d330ac2923e5d01,8d330ac2923e5d01,2709,200,GET,ts-travel-service
1650247655,ts-travel-service,d90abb74202c8a1c,8d330ac2923e5d01,8d330ac2923e5d01,8928,200,GET,ts-travel-service
1650247655,ts-travel-service,7637b070eaa5aa70,8d330ac2923e5d01,8d330ac2923e5d01,2620,200,GET,ts-travel-service
1650247655,ts-contacts-service,d2e2626258c9a163,6e62d41b80f9adf8,7940d8c8f2c0d26e,2523,200,getContactsByContactsId,ts-preserve-service
1650247655,ts-travel-service,b4a992c45dbd9c74,8d330ac2923e5d01,8d330ac2923e5d01,3726,200,GET,ts-travel-service
1650247655,ts-ticketinfo-service,a83e865ca0d9d801,d90abb74202c8a1c,8d330ac2923e5d01,8421,200,queryForStationId,ts-travel-service
1650247655,ts-travel-service,d15e07e2bb1b81fa,8d330ac2923e5d01,8d330ac2923e5d01,2660,200,GET,ts-travel-service
1650247655,ts-travel-service,8d330ac2923e5d01,,8d330ac2923e5d01,48608,200,queryInfo,no_parent
1650247655,ts-station-service,48dcdc26ba9e6d11,9718c253790bb2c9,8d330ac2923e5d01,2446,200,queryForStationId,ts-basic-service
1650247655,ts-basic-service,666690ca04b5a3ef,93b29d9044f0bd9c,8d330ac2923e5d01,3499,200,GET,ts-basic-service
1650247655,ts-basic-service,7976c89506cdba32,6e1ad02a727ee8bf,8d330ac2923e5d01,5353,200,queryForStationId,ts-ticketinfo-service
1650247655,ts-ticketinfo-service,7b70b5a4b3899754,d2185fbeef10d22,8d330ac2923e5d01,7223,200,GET,ts-ticketinfo-service
1650247655,ts-ticketinfo-service,6e1ad02a727ee8bf,a83e865ca0d9d801,8d330ac2923e5d01,6088,200,GET,ts-ticketinfo-service
1650247655,ts-travel-service,ddae4013e2bd9a36,8d330ac2923e5d01,8d330ac2923e5d01,11293,200,GET,ts-travel-service
1650247655,ts-auth-service,984523fab7e7fbcc,,984523fab7e7fbcc,118534,200,getToken,no_parent
1650247655,ts-route-service,46c3331217c9d1ad,7637b070eaa5aa70,8d330ac2923e5d01,2412,200,queryById,ts-travel-service
1650247655,ts-route-service,81ca0d16913b22ec,d15e07e2bb1b81fa,8d330ac2923e5d01,2397,200,queryById,ts-travel-service
1650247655,ts-preserve-service,6e62d41b80f9adf8,7940d8c8f2c0d26e,7940d8c8f2c0d26e,3643,200,GET,ts-preserve-service
1650247655,ts-basic-service,93b29d9044f0bd9c,7b70b5a4b3899754,8d330ac2923e5d01,5991,200,queryForStationId,ts-ticketinfo-service
1650247655,ts-travel-service,33169f290b2ccb10,8d330ac2923e5d01,8d330ac2923e5d01,4431,200,GET,ts-travel-service
1650247655,ts-route-service,bd50aff5655b9e61,65b15574ca3d6171,8d330ac2923e5d01,2267,200,queryById,ts-travel-service
1650247655,ts-basic-service,9718c253790bb2c9,7976c89506cdba32,8d330ac2923e5d01,3145,200,GET,ts-basic-service
1650247655,ts-verification-code-service,51c22038e1fe18f,1ec5e081927c202d,984523fab7e7fbcc,2342,200,verifyCode,ts-auth-service
1650247655,ts-ticketinfo-service,d2185fbeef10d22,ddae4013e2bd9a36,8d330ac2923e5d01,9745,200,queryForStationId,ts-travel-service
1650247655,ts-station-service,c1751e8e277bb1fe,666690ca04b5a3ef,8d330ac2923e5d01,2366,200,queryForStationId,ts-basic-service
1650247655,ts-station-service,f21e60785b820cbc,ee00f3fe46a010a0,1d4240b8a2ca9827,7984,200,queryForNameBatch,ts-order-service
1650247655,ts-order-service,ee00f3fe46a010a0,1d4240b8a2ca9827,1d4240b8a2ca9827,9449,200,POST,ts-order-service
1650247655,ts-assurance-service,6d9e80515da5ad7f,,6d9e80515da5ad7f,1955,200,getAllAssuranceType,no_parent
1650247655,ts-auth-service,1ec5e081927c202d,984523fab7e7fbcc,984523fab7e7fbcc,3945,200,GET,ts-auth-service
1650247655,ts-verification-code-service,426a84059b9596b7,,426a84059b9596b7,2991,200,imageCode,no_parent
1650247715,ts-ticketinfo-service,f06d5c85cd45b478,3ad69e47d642a827,2bf7ef914668e92a,8194,200,queryForStationId,ts-travel-service
1650247715,ts-ticketinfo-service,2ff47bcb65e2ca14,fa9cfa02271921fe,2bf7ef914668e92a,7181,200,GET,ts-ticketinfo-service
1650247715,ts-travel-service,3ad69e47d642a827,2bf7ef914668e92a,2bf7ef914668e92a,8785,200,GET,ts-travel-service
1650247715,ts-travel-service,e1d18672c9aa8b15,2bf7ef914668e92a,2bf7ef914668e92a,2690,200,GET,ts-travel-service
1650247715,ts-travel-service,2bf7ef914668e92a,,2bf7ef914668e92a,46568,200,queryInfo,no_parent
1650247715,ts-route-service,65b8a5cf08a266cc,7d12bd454792eceb,2bf7ef914668e92a,2935,200,queryById,ts-travel-service
1650247715,ts-basic-service,ec87bd9d775650d0,1d91e6a8f64e161e,2bf7ef914668e92a,3509,200,GET,ts-basic-service
1650247715,ts-basic-service,1d91e6a8f64e161e,2ff47bcb65e2ca14,2bf7ef914668e92a,6051,200,queryForStationId,ts-ticketinfo-service
1650247715,ts-ticketinfo-service,89ad1687abd5aedf,f06d5c85cd45b478,2bf7ef914668e92a,6183,200,GET,ts-ticketinfo-service
1650247715,ts-ticketinfo-service,fa9cfa02271921fe,f618bbff78e60406,2bf7ef914668e92a,9751,200,queryForStationId,ts-travel-service
1650247715,ts-basic-service,7c11d3cc820c9e90,30bd34247bbb7bf3,2bf7ef914668e92a,2951,200,GET,ts-basic-service
1650247715,ts-order-service,c04968ad8ad5b010,,c04968ad8ad5b010,12951,200,queryOrdersForRefresh,no_parent
1650247715,ts-travel-service,7d12bd454792eceb,2bf7ef914668e92a,2bf7ef914668e92a,4216,200,GET,ts-travel-service
1650247715,ts-security-service,5a6b0d603f0fa6d5,a8f908372be86c7,924c3df856c3bad8,5571,200,GET,ts-security-service
1650247715,ts-security-service,a8f908372be86c7,e5c3330edd56f872,924c3df856c3bad8,15072,200,check,ts-preserve-service
1650247715,ts-security-service,c0870ca76de2e955,a8f908372be86c7,924c3df856c3bad8,4706,200,GET,ts-security-service
1650247715,ts-assurance-service,e20c3e319dc2874d,,e20c3e319dc2874d,1906,200,getAllAssuranceType,no_parent
1650247715,ts-travel-service,468d254dc5e1feec,2bf7ef914668e92a,2bf7ef914668e92a,3061,200,GET,ts-travel-service
1650247715,ts-route-service,6cc32788d043b52c,468d254dc5e1feec,2bf7ef914668e92a,2621,200,queryById,ts-travel-service
1650247715,ts-basic-service,30bd34247bbb7bf3,89ad1687abd5aedf,2bf7ef914668e92a,5002,200,queryForStationId,ts-ticketinfo-service
1650247715,ts-preserve-service,e5c3330edd56f872,924c3df856c3bad8,924c3df856c3bad8,16709,200,GET,ts-preserve-service
1650247715,ts-order-service,b6487697b2e5c11d,c0870ca76de2e955,924c3df856c3bad8,3293,200,securityInfoCheck,ts-security-service
1650247715,ts-order-other-service,86d9034f5ef6203c,5a6b0d603f0fa6d5,924c3df856c3bad8,4158,200,securityInfoCheck,ts-security-service
1650247715,ts-station-service,18f4aadc5bbefe52,953ab713ef2e3516,c04968ad8ad5b010,7968,200,queryForNameBatch,ts-order-service
1650247715,ts-preserve-service,924c3df856c3bad8,,924c3df856c3bad8,23495,200,preserve,no_parent
1650247715,ts-station-service,fb47575ca9711dd7,7c11d3cc820c9e90,2bf7ef914668e92a,2298,200,queryForStationId,ts-basic-service
1650247715,ts-travel-service,c997b66aa0863ba1,2bf7ef914668e92a,2bf7ef914668e92a,2712,200,GET,ts-travel-service
1650247715,ts-travel-service,cabbc59301390309,2bf7ef914668e92a,2bf7ef914668e92a,2598,200,GET,ts-travel-service
1650247715,ts-route-service,6eb62689a179a4f9,cabbc59301390309,2bf7ef914668e92a,2428,200,queryById,ts-travel-service
1650247715,ts-route-service,133b38402ff76f0,c997b66aa0863ba1,2bf7ef914668e92a,2554,200,queryById,ts-travel-service
1650247715,ts-route-service,904142dcfadd4a0d,e1d18672c9aa8b15,2bf7ef914668e92a,2505,200,queryById,ts-travel-service
1650247715,ts-station-service,6a7fbc38d23f68e4,ec87bd9d775650d0,2bf7ef914668e92a,2324,200,queryForStationId,ts-basic-service
1650247715,ts-verification-code-service,e591b0e9fe330ba9,,e591b0e9fe330ba9,3066,200,imageCode,no_parent
1650247715,ts-auth-service,2c06401250e0b0cf,7d5f03b888a40571,7d5f03b888a40571,3788,200,GET,ts-auth-service
1650247715,ts-verification-code-service,c53ed70a8ddf4dae,2c06401250e0b0cf,7d5f03b888a40571,2075,200,verifyCode,ts-auth-service
1650247715,ts-auth-service,7d5f03b888a40571,,7d5f03b888a40571,114593,200,getToken,no_parent
1650247715,ts-travel-service,f618bbff78e60406,2bf7ef914668e92a,2bf7ef914668e92a,11381,200,GET,ts-travel-service
1650247715,ts-contacts-service,a70e90123c6f1968,da287ec790c76941,924c3df856c3bad8,2495,200,getContactsByContactsId,ts-preserve-service
1650247715,ts-preserve-service,da287ec790c76941,924c3df856c3bad8,924c3df856c3bad8,3870,200,GET,ts-preserve-service
1650247715,ts-order-service,953ab713ef2e3516,c04968ad8ad5b010,c04968ad8ad5b010,9404,200,POST,ts-order-service
1650247715,ts-contacts-service,54d33d47833b3493,,54d33d47833b3493,3135,200,findContactsByAccountId,no_parent
1650247726,ts-preserve-service,4e574aeff16c44b8,40d8512045a1874,40d8512045a1874,4644,200,GET,ts-preserve-service
1650247726,ts-contacts-service,44c1ce812c62d97e,4e574aeff16c44b8,40d8512045a1874,2728,200,getContactsByContactsId,ts-preserve-service
1650247775,ts-travel-service,c68aa7cc6a70f3a6,541176e6e068685e,541176e6e068685e,3956,200,GET,ts-travel-service
1650247775,ts-travel-service,e9b6b0e5610158d6,541176e6e068685e,541176e6e068685e,2950,200,GET,ts-travel-service
1650247775,ts-station-service,1ab201b7206098aa,f5e7cc2dc67e9f23,541176e6e068685e,2436,200,queryForStationId,ts-basic-service
1650247775,ts-station-service,56a2f1118c41150d,452391e40b7e6d37,541176e6e068685e,2520,200,queryForStationId,ts-basic-service
1650247775,ts-travel-service,541176e6e068685e,,541176e6e068685e,57503,200,queryInfo,no_parent
1650247775,ts-travel-service,ff45407f3845658b,541176e6e068685e,541176e6e068685e,8882,200,GET,ts-travel-service
1650247775,ts-route-service,52d7034b5f5e9367,99e5fff3bf18802d,541176e6e068685e,2081,200,queryById,ts-travel-service
1650247775,ts-basic-service,452391e40b7e6d37,d15479a38728733e,541176e6e068685e,3302,200,GET,ts-basic-service
1650247775,ts-preserve-service,37e7d952b6f0584c,4cfcb09956d82189,4cfcb09956d82189,26333,200,GET,ts-preserve-service
1650247775,ts-ticketinfo-service,a4ccf8a9051a68ac,ff45407f3845658b,541176e6e068685e,8270,200,queryForStationId,ts-travel-service
1650247775,ts-ticketinfo-service,8a332b0dd78d9649,a4ccf8a9051a68ac,541176e6e068685e,6307,200,GET,ts-ticketinfo-service
1650247775,ts-travel-service,99e5fff3bf18802d,541176e6e068685e,541176e6e068685e,2818,200,GET,ts-travel-service
1650247775,ts-travel-service,2da203a83a8c5bcc,541176e6e068685e,541176e6e068685e,11749,200,GET,ts-travel-service
1650247775,ts-contacts-service,596ab6166773adc2,fe1787c33e4b5fdb,4cfcb09956d82189,2417,200,getContactsByContactsId,ts-preserve-service
1650247775,ts-security-service,c0db022c54a702a,37e7d952b6f0584c,4cfcb09956d82189,24165,200,check,ts-preserve-service
1650247775,ts-order-service,4a36bc5bc3fe4f21,,4a36bc5bc3fe4f21,12939,200,queryOrdersForRefresh,no_parent
1650247775,ts-ticketinfo-service,55cfea5292f961ec,2da203a83a8c5bcc,541176e6e068685e,10114,200,queryForStationId,ts-travel-service
1650247775,ts-order-service,2de26fdf614b09b1,4a36bc5bc3fe4f21,4a36bc5bc3fe4f21,9437,200,POST,ts-order-service
1650247775,ts-station-service,d07ee1ff63ccfe43,2de26fdf614b09b1,4a36bc5bc3fe4f21,7914,200,queryForNameBatch,ts-order-service
1650247775,ts-route-service,a4f678d113424be2,4627a8752678bbb0,541176e6e068685e,2564,200,queryById,ts-travel-service
1650247775,ts-ticketinfo-service,68fc4742875f5f35,55cfea5292f961ec,541176e6e068685e,7780,200,GET,ts-ticketinfo-service
1650247775,ts-basic-service,d15479a38728733e,8a332b0dd78d9649,541176e6e068685e,5562,200,queryForStationId,ts-ticketinfo-service
1650247775,ts-basic-service,8aa34a1d94b3546c,68fc4742875f5f35,541176e6e068685e,6164,200,queryForStationId,ts-ticketinfo-service
1650247775,ts-security-service,93276dfe76ed3fb1,c0db022c54a702a,4cfcb09956d82189,4772,200,GET,ts-security-service
1650247775,ts-basic-service,f5e7cc2dc67e9f23,8aa34a1d94b3546c,541176e6e068685e,3639,200,GET,ts-basic-service
1650247775,ts-route-service,83c7727cdeb2b201,d0970f9bc8dfbe40,541176e6e068685e,2450,200,queryById,ts-travel-service
1650247775,ts-route-service,39714cd48bbf84ee,e9b6b0e5610158d6,541176e6e068685e,2560,200,queryById,ts-travel-service
1650247775,ts-preserve-service,4cfcb09956d82189,,4cfcb09956d82189,33306,200,preserve,no_parent
1650247775,ts-preserve-service,fe1787c33e4b5fdb,4cfcb09956d82189,4cfcb09956d82189,3856,200,GET,ts-preserve-service
1650247775,ts-travel-service,4627a8752678bbb0,541176e6e068685e,541176e6e068685e,2681,200,GET,ts-travel-service
1650247775,ts-route-service,5f15f72907e75a59,c68aa7cc6a70f3a6,541176e6e068685e,2558,200,queryById,ts-travel-service
1650247775,ts-order-service,6b11b389a0116e3f,93276dfe76ed3fb1,4cfcb09956d82189,3314,200,securityInfoCheck,ts-security-service
1650247775,ts-order-other-service,788a7b3bc420d9bc,40ba4f342adc2dde,4cfcb09956d82189,12668,200,securityInfoCheck,ts-security-service
1650247775,ts-travel-service,d0970f9bc8dfbe40,541176e6e068685e,541176e6e068685e,2695,200,GET,ts-travel-service
1650247775,ts-auth-service,dc3941c34bc72389,,dc3941c34bc72389,116278,200,getToken,no_parent
1650247775,ts-auth-service,dfa8976c52fa4cf1,dc3941c34bc72389,dc3941c34bc72389,3749,200,GET,ts-auth-service
1650247775,ts-verification-code-service,9bccab1a212fc8d8,dfa8976c52fa4cf1,dc3941c34bc72389,1979,200,verifyCode,ts-auth-service
1650247775,ts-contacts-service,8e2fc48f1d445bca,,8e2fc48f1d445bca,2983,200,findContactsByAccountId,no_parent
1650247775,ts-security-service,40ba4f342adc2dde,c0db022c54a702a,4cfcb09956d82189,14454,200,GET,ts-security-service
1650247775,ts-assurance-service,6764c260445b6f4e,,6764c260445b6f4e,1934,200,getAllAssuranceType,no_parent
1650247775,ts-verification-code-service,dde73a07f76bcf1c,,dde73a07f76bcf1c,3040,200,imageCode,no_parent
1650247835,ts-security-service,b2628f780d1230b7,9c19387cd5ad6516,5eb115f66075c3fc,3972,200,GET,ts-security-service
1650247835,ts-preserve-service,200615965a2f4e09,5eb115f66075c3fc,5eb115f66075c3fc,13233,200,GET,ts-preserve-service
1650247835,ts-order-service,b14c4053c9536a61,b2628f780d1230b7,5eb115f66075c3fc,2890,200,securityInfoCheck,ts-security-service
1650247835,ts-order-other-service,28f412bdfc3050b,8d6e5980a9a092e5,5eb115f66075c3fc,2897,200,securityInfoCheck,ts-security-service
1650247835,ts-security-service,9c19387cd5ad6516,200615965a2f4e09,5eb115f66075c3fc,11943,200,check,ts-preserve-service
1650247835,ts-preserve-service,5eb115f66075c3fc,,5eb115f66075c3fc,18106,200,preserve,no_parent
1650247835,ts-preserve-service,2eee448acf4e1d69,5eb115f66075c3fc,5eb115f66075c3fc,2760,200,GET,ts-preserve-service
1650247835,ts-contacts-service,3f003a26e968d4ba,2eee448acf4e1d69,5eb115f66075c3fc,1772,200,getContactsByContactsId,ts-preserve-service
1650247835,ts-security-service,8d6e5980a9a092e5,9c19387cd5ad6516,5eb115f66075c3fc,3774,200,GET,ts-security-service
1650247835,ts-contacts-service,19090d6fb643b180,,19090d6fb643b180,2349,200,findContactsByAccountId,no_parent
1650247836,ts-ticketinfo-service,14dc543223e2f63c,f393e4e77a39b63c,e72b982e855cc5df,4418,200,GET,ts-ticketinfo-service
1650247836,ts-route-service,c7b3fc6cb3d7677e,29c42e740a70d54c,e72b982e855cc5df,1597,200,queryById,ts-travel-service
1650247836,ts-route-service,5dfcb0abb6ccac79,7c5d70232854b20d,e72b982e855cc5df,1594,200,queryById,ts-travel-service
1650247836,ts-station-service,f3c7abf6c8b4258e,d5731a104e221f44,e72b982e855cc5df,1938,200,queryForStationId,ts-basic-service
1650247836,ts-station-service,db9fdbb7591b07a8,4c75629a6c843255,e72b982e855cc5df,1814,200,queryForStationId,ts-basic-service
1650247836,ts-basic-service,5697cd5061b49abf,14dc543223e2f63c,e72b982e855cc5df,3971,200,queryForStationId,ts-ticketinfo-service
1650247836,ts-basic-service,d5731a104e221f44,409e0f282007cee4,e72b982e855cc5df,2758,200,GET,ts-basic-service
1650247836,ts-travel-service,7c5d70232854b20d,e72b982e855cc5df,e72b982e855cc5df,1669,200,GET,ts-travel-service
1650247836,ts-travel-service,e72b982e855cc5df,,e72b982e855cc5df,32622,200,queryInfo,no_parent
1650247836,ts-travel-service,a989223240504c9b,e72b982e855cc5df,e72b982e855cc5df,1409,200,GET,ts-travel-service
1650247836,ts-travel-service,29c42e740a70d54c,e72b982e855cc5df,e72b982e855cc5df,1643,200,GET,ts-travel-service
1650247836,ts-travel-service,4c88d71f7c09f844,e72b982e855cc5df,e72b982e855cc5df,6363,200,GET,ts-travel-service
1650247836,ts-verification-code-service,3a72ca79af447f05,,3a72ca79af447f05,2274,200,imageCode,no_parent
1650247836,ts-ticketinfo-service,f393e4e77a39b63c,4c88d71f7c09f844,e72b982e855cc5df,5945,200,queryForStationId,ts-travel-service
1650247836,ts-assurance-service,4f670d2bd6cefd12,,4f670d2bd6cefd12,1454,200,getAllAssuranceType,no_parent
1650247836,ts-auth-service,350ed3de1cb87dd5,2563ae4afafed10f,2563ae4afafed10f,3064,200,GET,ts-auth-service
1650247836,ts-verification-code-service,cf622f9092d8ce26,350ed3de1cb87dd5,2563ae4afafed10f,1417,200,verifyCode,ts-auth-service
1650247836,ts-basic-service,409e0f282007cee4,27a8b38c6434d6ce,e72b982e855cc5df,4634,200,queryForStationId,ts-ticketinfo-service
1650247836,ts-basic-service,4c75629a6c843255,5697cd5061b49abf,e72b982e855cc5df,2252,200,GET,ts-basic-service
1650247836,ts-ticketinfo-service,60fef19cbaef1e7f,b42ee91d4edeb369,e72b982e855cc5df,7316,200,queryForStationId,ts-travel-service
1650247836,ts-ticketinfo-service,27a8b38c6434d6ce,60fef19cbaef1e7f,e72b982e855cc5df,5408,200,GET,ts-ticketinfo-service
1650247836,ts-route-service,8cb735e59be9156b,fcf6a08ee22e49a7,e72b982e855cc5df,2260,200,queryById,ts-travel-service
1650247836,ts-order-service,14491535470253d9,,14491535470253d9,9092,200,queryOrdersForRefresh,no_parent
1650247836,ts-station-service,4f05c35658b6559d,14d37db76df9715,14491535470253d9,5247,200,queryForNameBatch,ts-order-service
1650247836,ts-travel-service,b42ee91d4edeb369,e72b982e855cc5df,e72b982e855cc5df,8478,200,GET,ts-travel-service
1650247836,ts-travel-service,fcf6a08ee22e49a7,e72b982e855cc5df,e72b982e855cc5df,3039,200,GET,ts-travel-service
1650247836,ts-travel-service,f0ae42b8954e79f8,e72b982e855cc5df,e72b982e855cc5df,2024,200,GET,ts-travel-service
1650247836,ts-route-service,8bbd62c784529b47,a989223240504c9b,e72b982e855cc5df,1362,200,queryById,ts-travel-service
1650247836,ts-route-service,8708d1ba0bed0834,f0ae42b8954e79f8,e72b982e855cc5df,1724,200,queryById,ts-travel-service
1650247836,ts-order-service,14d37db76df9715,14491535470253d9,14491535470253d9,6387,200,POST,ts-order-service
1650247836,ts-auth-service,2563ae4afafed10f,,2563ae4afafed10f,126327,200,getToken,no_parent
1650247896,ts-route-service,54263a5c1b02b066,a9b73ed57b0a2145,778251664c61e60d,29638,200,queryById,ts-travel-service
1650247896,ts-basic-service,41758e607512a900,6212deb3c347b214,778251664c61e60d,2180,200,GET,ts-basic-service
1650247896,ts-basic-service,b20bf8cbcb7ebde5,e02409a0ebebeca8,778251664c61e60d,2516,200,GET,ts-basic-service
1650247896,ts-basic-service,e02409a0ebebeca8,d79332b313294a11,778251664c61e60d,3816,200,queryForStationId,ts-ticketinfo-service
1650247896,ts-ticketinfo-service,6242160054f179ce,b704a9f95299893b,778251664c61e60d,4886,200,GET,ts-ticketinfo-service
1650247896,ts-ticketinfo-service,b704a9f95299893b,791402329377cd19,778251664c61e60d,6800,200,queryForStationId,ts-travel-service
1650247896,ts-route-service,146e187899ebad6a,801701a1fb7d5bf3,778251664c61e60d,1723,200,queryById,ts-travel-service
1650247896,ts-route-service,90e96ddc50eaf688,b525bdedd2824fca,778251664c61e60d,2409,200,queryById,ts-travel-service
1650247896,ts-route-service,d3ed6194b6b85174,23a7df9273b00e87,778251664c61e60d,1676,200,queryById,ts-travel-service
1650247896,ts-station-service,3c16f9e5308aede8,b20bf8cbcb7ebde5,778251664c61e60d,1728,200,queryForStationId,ts-basic-service
1650247896,ts-station-service,c4ecc22f158755df,41758e607512a900,778251664c61e60d,1432,200,queryForStationId,ts-basic-service
1650247896,ts-travel-service,778251664c61e60d,,778251664c61e60d,61289,200,queryInfo,no_parent
1650247896,ts-security-service,510bab2de777c107,c212138e82479639,ad5e380c9a9e0e6a,3685,200,GET,ts-security-service
1650247896,ts-security-service,c212138e82479639,10f677fe3ab4a175,ad5e380c9a9e0e6a,11491,200,check,ts-preserve-service
1650247896,ts-security-service,a228e57ee2a55be9,c212138e82479639,ad5e380c9a9e0e6a,4097,200,GET,ts-security-service
1650247896,ts-order-service,991117abc9cc1eb7,bf90b8ac8d0d58e6,bf90b8ac8d0d58e6,6195,200,POST,ts-order-service
1650247896,ts-order-service,bf90b8ac8d0d58e6,,bf90b8ac8d0d58e6,8213,200,queryOrdersForRefresh,no_parent
1650247896,ts-order-other-service,77a00c4196c6762d,510bab2de777c107,ad5e380c9a9e0e6a,2734,200,securityInfoCheck,ts-security-service
1650247896,ts-ticketinfo-service,c43109807f11969c,91829966d0600336,778251664c61e60d,5770,200,queryForStationId,ts-travel-service
1650247896,ts-travel-service,791402329377cd19,778251664c61e60d,778251664c61e60d,8227,200,GET,ts-travel-service
1650247896,ts-travel-service,b525bdedd2824fca,778251664c61e60d,778251664c61e60d,3034,200,GET,ts-travel-service
1650247896,ts-travel-service,23a7df9273b00e87,778251664c61e60d,778251664c61e60d,1750,200,GET,ts-travel-service
1650247896,ts-travel-service,91829966d0600336,778251664c61e60d,778251664c61e60d,6087,200,GET,ts-travel-service
1650247896,ts-contacts-service,f0c32342bd4938db,6a3559cf07a49025,ad5e380c9a9e0e6a,1859,200,getContactsByContactsId,ts-preserve-service
1650247896,ts-preserve-service,10f677fe3ab4a175,ad5e380c9a9e0e6a,ad5e380c9a9e0e6a,12565,200,GET,ts-preserve-service
1650247896,ts-preserve-service,ad5e380c9a9e0e6a,,ad5e380c9a9e0e6a,17525,200,preserve,no_parent
1650247896,ts-preserve-service,6a3559cf07a49025,ad5e380c9a9e0e6a,ad5e380c9a9e0e6a,2648,200,GET,ts-preserve-service
1650247896,ts-order-service,58346193b22f5530,a228e57ee2a55be9,ad5e380c9a9e0e6a,3251,200,securityInfoCheck,ts-security-service
1650247896,ts-verification-code-service,1d6d5fe3dd8f74ff,,1d6d5fe3dd8f74ff,2101,200,imageCode,no_parent
1650247896,ts-route-service,94d2d70280c6736a,8a507f5decd116f6,778251664c61e60d,1693,200,queryById,ts-travel-service
1650247896,ts-travel-service,8a507f5decd116f6,778251664c61e60d,778251664c61e60d,2085,200,GET,ts-travel-service
1650247896,ts-basic-service,6212deb3c347b214,6242160054f179ce,778251664c61e60d,4086,200,queryForStationId,ts-ticketinfo-service
1650247896,ts-ticketinfo-service,d79332b313294a11,c43109807f11969c,778251664c61e60d,4226,200,GET,ts-ticketinfo-service
1650247896,ts-travel-service,801701a1fb7d5bf3,778251664c61e60d,778251664c61e60d,2004,200,GET,ts-travel-service
1650247896,ts-contacts-service,1e0d0b7b918ae6b9,,1e0d0b7b918ae6b9,2537,200,findContactsByAccountId,no_parent
1650247896,ts-travel-service,a9b73ed57b0a2145,778251664c61e60d,778251664c61e60d,30044,200,GET,ts-travel-service
1650247896,ts-station-service,72ae590d2f6894be,991117abc9cc1eb7,bf90b8ac8d0d58e6,4825,200,queryForNameBatch,ts-order-service
1650247896,ts-assurance-service,50224fed7c6dc2ea,,50224fed7c6dc2ea,1443,200,getAllAssuranceType,no_parent
1650247896,ts-auth-service,f497e71b561ac50,96165ab0cd0fe74e,96165ab0cd0fe74e,2736,200,GET,ts-auth-service
1650247896,ts-auth-service,96165ab0cd0fe74e,,96165ab0cd0fe74e,126231,200,getToken,no_parent
1650247896,ts-verification-code-service,ade6173c87383f7c,f497e71b561ac50,96165ab0cd0fe74e,1426,200,verifyCode,ts-auth-service
1650247956,ts-travel-service,13d50841f9da3387,6d4fbc11d65d7fff,6d4fbc11d65d7fff,9346,200,GET,ts-travel-service
1650247956,ts-travel-service,ef2820f5d29a4d7e,6d4fbc11d65d7fff,6d4fbc11d65d7fff,2814,200,GET,ts-travel-service
1650247956,ts-travel-service,e2eadf5124d9d85a,6d4fbc11d65d7fff,6d4fbc11d65d7fff,5903,200,GET,ts-travel-service
1650247956,ts-travel-service,e22fe33cfef47d64,6d4fbc11d65d7fff,6d4fbc11d65d7fff,1546,200,GET,ts-travel-service
1650247956,ts-route-service,a2174731f3d79c92,5df975c60e58b836,6d4fbc11d65d7fff,1476,200,queryById,ts-travel-service
1650247956,ts-route-service,5ba2995fae013537,e22fe33cfef47d64,6d4fbc11d65d7fff,1447,200,queryById,ts-travel-service
1650247956,ts-station-service,3e086312ab660e4a,7691897d7d5d85d3,6d4fbc11d65d7fff,2354,200,queryForStationId,ts-basic-service
1650247956,ts-basic-service,7691897d7d5d85d3,89428017979c7302,6d4fbc11d65d7fff,3296,200,GET,ts-basic-service
1650247956,ts-basic-service,e21024cc0f3b579e,4377cf5d0c86fb,6d4fbc11d65d7fff,2126,200,GET,ts-basic-service
1650247956,ts-basic-service,4377cf5d0c86fb,485df9e14096227c,6d4fbc11d65d7fff,3752,200,queryForStationId,ts-ticketinfo-service
1650247956,ts-travel-service,6d4fbc11d65d7fff,,6d4fbc11d65d7fff,33002,200,queryInfo,no_parent
1650247956,ts-route-service,4a5cf375cbea15bb,ef2820f5d29a4d7e,6d4fbc11d65d7fff,1954,200,queryById,ts-travel-service
1650247956,ts-route-service,1c2a15f2afea906f,8873e9201927ed02,6d4fbc11d65d7fff,1486,200,queryById,ts-travel-service
1650247956,ts-route-service,4effe27df411567e,e95dfe50b034e9bc,6d4fbc11d65d7fff,1414,200,queryById,ts-travel-service
1650247956,ts-travel-service,5df975c60e58b836,6d4fbc11d65d7fff,6d4fbc11d65d7fff,1715,200,GET,ts-travel-service
1650247956,ts-travel-service,e95dfe50b034e9bc,6d4fbc11d65d7fff,6d4fbc11d65d7fff,1511,200,GET,ts-travel-service
1650247956,ts-travel-service,8873e9201927ed02,6d4fbc11d65d7fff,6d4fbc11d65d7fff,1580,200,GET,ts-travel-service
1650247956,ts-station-service,ffe184ebc5752272,e21024cc0f3b579e,6d4fbc11d65d7fff,1624,200,queryForStationId,ts-basic-service
1650247956,ts-order-service,d90f26b034b9b6df,,d90f26b034b9b6df,12854,200,queryOrdersForRefresh,no_parent
1650247956,ts-order-service,c21468062e0bccd5,49b9a75bc5b2c931,e95032ed923cc4ad,2609,200,securityInfoCheck,ts-security-service
1650247956,ts-preserve-service,e95032ed923cc4ad,,e95032ed923cc4ad,16280,200,preserve,no_parent
1650247956,ts-order-other-service,e93f4dad31deb953,ac80caa70c189d7d,e95032ed923cc4ad,2610,200,securityInfoCheck,ts-security-service
1650247956,ts-security-service,ac80caa70c189d7d,f1e15673d15eec99,e95032ed923cc4ad,3310,200,GET,ts-security-service
1650247956,ts-security-service,f1e15673d15eec99,9331335d208a97,e95032ed923cc4ad,10518,200,check,ts-preserve-service
1650247956,ts-security-service,49b9a75bc5b2c931,f1e15673d15eec99,e95032ed923cc4ad,3945,200,GET,ts-security-service
1650247956,ts-station-service,f658530797f4ff07,942131b4c9f6d762,d90f26b034b9b6df,8945,200,queryForNameBatch,ts-order-service
1650247956,ts-order-service,942131b4c9f6d762,d90f26b034b9b6df,d90f26b034b9b6df,9626,200,POST,ts-order-service
1650247956,ts-contacts-service,8e9017d8d8768c43,c6de3b9b6bd468a,e95032ed923cc4ad,1586,200,getContactsByContactsId,ts-preserve-service
1650247956,ts-preserve-service,9331335d208a97,e95032ed923cc4ad,e95032ed923cc4ad,11579,200,GET,ts-preserve-service
1650247956,ts-preserve-service,c6de3b9b6bd468a,e95032ed923cc4ad,e95032ed923cc4ad,2331,200,GET,ts-preserve-service
1650247956,ts-auth-service,78e34d951b91fdf5,86f2496d9344d025,86f2496d9344d025,2717,200,GET,ts-auth-service
1650247956,ts-verification-code-service,8975401d760d99b4,78e34d951b91fdf5,86f2496d9344d025,1453,200,verifyCode,ts-auth-service
1650247956,ts-auth-service,86f2496d9344d025,,86f2496d9344d025,125952,200,getToken,no_parent
1650247956,ts-basic-service,89428017979c7302,eb5c0e946e885ab3,6d4fbc11d65d7fff,5401,200,queryForStationId,ts-ticketinfo-service
1650247956,ts-ticketinfo-service,eb5c0e946e885ab3,3e6faea12cf255da,6d4fbc11d65d7fff,5984,200,GET,ts-ticketinfo-service
1650247956,ts-assurance-service,a6d62ff7f2bdbf28,,a6d62ff7f2bdbf28,1512,200,getAllAssuranceType,no_parent
1650247956,ts-ticketinfo-service,485df9e14096227c,b33e2f4b27e97035,6d4fbc11d65d7fff,4201,200,GET,ts-ticketinfo-service
1650247956,ts-ticketinfo-service,b33e2f4b27e97035,e2eadf5124d9d85a,6d4fbc11d65d7fff,5666,200,queryForStationId,ts-travel-service
1650247956,ts-ticketinfo-service,3e6faea12cf255da,13d50841f9da3387,6d4fbc11d65d7fff,8134,200,queryForStationId,ts-travel-service
1650247956,ts-contacts-service,fadeceadfc3917b7,,fadeceadfc3917b7,2341,200,findContactsByAccountId,no_parent
1650247956,ts-verification-code-service,e0d236e550aac6d3,,e0d236e550aac6d3,2319,200,imageCode,no_parent
1650248016,ts-order-service,eb3e62db15956b15,ee145f8f08187a61,ee145f8f08187a61,6042,200,POST,ts-order-service
1650248016,ts-route-service,a0b0a173429cdbaa,78730cb788a99aeb,d1238aeb3ac33165,1996,200,queryById,ts-travel-service
1650248016,ts-travel-service,d924da5e70b55e0d,d1238aeb3ac33165,d1238aeb3ac33165,1571,200,GET,ts-travel-service
1650248016,ts-basic-service,bcc6d4dab99afcd6,512ddb10ac4a78d7,d1238aeb3ac33165,3794,200,queryForStationId,ts-ticketinfo-service
1650248016,ts-basic-service,a6d86a03c808c589,2d3fd2b4527605eb,d1238aeb3ac33165,2721,200,GET,ts-basic-service
1650248016,ts-route-service,9715d1cd155642dd,469588ddcc9c824a,d1238aeb3ac33165,1404,200,queryById,ts-travel-service
1650248016,ts-route-service,eb020966c1341053,d924da5e70b55e0d,d1238aeb3ac33165,1476,200,queryById,ts-travel-service
1650248016,ts-route-service,fc13e232e62b7785,f92243db1535955a,d1238aeb3ac33165,1424,200,queryById,ts-travel-service
1650248016,ts-station-service,11ebd41ec68d4fec,a6d86a03c808c589,d1238aeb3ac33165,1841,200,queryForStationId,ts-basic-service
1650248016,ts-station-service,7d812c659e77bff,c1f3c09da41e65e7,d1238aeb3ac33165,1621,200,queryForStationId,ts-basic-service
1650248016,ts-travel-service,f92243db1535955a,d1238aeb3ac33165,d1238aeb3ac33165,1792,200,GET,ts-travel-service
1650248016,ts-travel-service,d1238aeb3ac33165,,d1238aeb3ac33165,32244,200,queryInfo,no_parent
1650248016,ts-route-service,26db74e1c01db415,55ba734c63627913,d1238aeb3ac33165,1286,200,queryById,ts-travel-service
1650248016,ts-preserve-service,c0dcb34302e1a5a1,17c83a7fc7868ac3,17c83a7fc7868ac3,12439,200,GET,ts-preserve-service
1650248016,ts-security-service,b90fcfb64da2430d,c0dcb34302e1a5a1,17c83a7fc7868ac3,11286,200,check,ts-preserve-service
1650248016,ts-security-service,99757a4083d63a7f,b90fcfb64da2430d,17c83a7fc7868ac3,3727,200,GET,ts-security-service
1650248016,ts-travel-service,78730cb788a99aeb,d1238aeb3ac33165,d1238aeb3ac33165,2851,200,GET,ts-travel-service
1650248016,ts-security-service,613ccbf1ec157223,b90fcfb64da2430d,17c83a7fc7868ac3,3740,200,GET,ts-security-service
1650248016,ts-basic-service,2d3fd2b4527605eb,ddae4d437a84285f,d1238aeb3ac33165,4810,200,queryForStationId,ts-ticketinfo-service
1650248016,ts-basic-service,c1f3c09da41e65e7,bcc6d4dab99afcd6,d1238aeb3ac33165,2065,200,GET,ts-basic-service
1650248016,ts-contacts-service,e1e0cf7b4bdbe644,5dfe08af5bf75a0d,17c83a7fc7868ac3,1729,200,getContactsByContactsId,ts-preserve-service
1650248016,ts-station-service,87fa593b2e57610,eb3e62db15956b15,ee145f8f08187a61,5052,200,queryForNameBatch,ts-order-service
1650248016,ts-ticketinfo-service,8362b5c00525a130,b2734e24d345ba7f,d1238aeb3ac33165,7473,200,queryForStationId,ts-travel-service
1650248016,ts-ticketinfo-service,ddae4d437a84285f,8362b5c00525a130,d1238aeb3ac33165,5622,200,GET,ts-ticketinfo-service
1650248016,ts-ticketinfo-service,f8f7dde8d7065cb6,ce10d2b2a074061d,d1238aeb3ac33165,5728,200,queryForStationId,ts-travel-service
1650248016,ts-preserve-service,5dfe08af5bf75a0d,17c83a7fc7868ac3,17c83a7fc7868ac3,2543,200,GET,ts-preserve-service
1650248016,ts-order-service,c7a49ac9564f8aa0,613ccbf1ec157223,17c83a7fc7868ac3,2700,200,securityInfoCheck,ts-security-service
1650248016,ts-ticketinfo-service,512ddb10ac4a78d7,f8f7dde8d7065cb6,d1238aeb3ac33165,4245,200,GET,ts-ticketinfo-service
1650248016,ts-travel-service,b2734e24d345ba7f,d1238aeb3ac33165,d1238aeb3ac33165,8757,200,GET,ts-travel-service
1650248016,ts-preserve-service,17c83a7fc7868ac3,,17c83a7fc7868ac3,17512,200,preserve,no_parent
1650248016,ts-order-other-service,14aebb00ddccc02b,99757a4083d63a7f,17c83a7fc7868ac3,2760,200,securityInfoCheck,ts-security-service
1650248016,ts-verification-code-service,1d530ea69cf4be5c,c7a02d9f5227d9a4,47e0abdeac2c2338,1591,200,verifyCode,ts-auth-service
1650248016,ts-auth-service,c7a02d9f5227d9a4,47e0abdeac2c2338,47e0abdeac2c2338,2853,200,GET,ts-auth-service
1650248016,ts-auth-service,47e0abdeac2c2338,,47e0abdeac2c2338,126170,200,getToken,no_parent
1650248016,ts-contacts-service,94e1072c43d168e,,94e1072c43d168e,2596,200,findContactsByAccountId,no_parent
1650248016,ts-travel-service,ce10d2b2a074061d,d1238aeb3ac33165,d1238aeb3ac33165,6020,200,GET,ts-travel-service
1650248016,ts-travel-service,55ba734c63627913,d1238aeb3ac33165,d1238aeb3ac33165,1568,200,GET,ts-travel-service
1650248016,ts-travel-service,469588ddcc9c824a,d1238aeb3ac33165,d1238aeb3ac33165,1495,200,GET,ts-travel-service
1650248016,ts-order-service,ee145f8f08187a61,,ee145f8f08187a61,8835,200,queryOrdersForRefresh,no_parent
1650248016,ts-verification-code-service,d56ef2a96317f702,,d56ef2a96317f702,2363,200,imageCode,no_parent
1650248017,ts-assurance-service,bee9b3af9b636cff,,bee9b3af9b636cff,1557,200,getAllAssuranceType,no_parent
1650248078,ts-route-service,b91b4451ab444ecb,93cdb8247094b3b5,e6a766a73f148bcc,1572,200,queryById,ts-travel-service
1650248078,ts-security-service,621d37edf78cb0d4,c4c6d16c5a4891a,7fe00483e3448ce2,4495,200,GET,ts-security-service
1650248078,ts-security-service,a60f6b856548d7cd,c4c6d16c5a4891a,7fe00483e3448ce2,4005,200,GET,ts-security-service
1650248078,ts-preserve-service,7fe00483e3448ce2,,7fe00483e3448ce2,23873,200,preserve,no_parent
1650248078,ts-travel-service,6bd082bf95fa89f,e6a766a73f148bcc,e6a766a73f148bcc,5786,200,GET,ts-travel-service
1650248078,ts-station-service,fa0f3e2aaf9a94c,4c99ee1a90ed72d5,e6a766a73f148bcc,1629,200,queryForStationId,ts-basic-service
1650248078,ts-travel-service,93cdb8247094b3b5,e6a766a73f148bcc,e6a766a73f148bcc,1895,200,GET,ts-travel-service
1650248078,ts-order-service,a075d7649d3d8223,2cef785ee540509c,2cef785ee540509c,6159,200,POST,ts-order-service
1650248078,ts-order-service,2cef785ee540509c,,2cef785ee540509c,8574,200,queryOrdersForRefresh,no_parent
1650248078,ts-station-service,f8223fb7448a808c,a075d7649d3d8223,2cef785ee540509c,5092,200,queryForNameBatch,ts-order-service
1650248078,ts-route-service,91a1782b1637bff3,c8a9f95f417d7ba1,e6a766a73f148bcc,1411,200,queryById,ts-travel-service
1650248078,ts-basic-service,4c99ee1a90ed72d5,9f8d2cd36ddfb291,e6a766a73f148bcc,2276,200,GET,ts-basic-service
1650248078,ts-basic-service,9f8d2cd36ddfb291,288387ffa9901ade,e6a766a73f148bcc,3840,200,queryForStationId,ts-ticketinfo-service
1650248078,ts-basic-service,43916e1335ccb70c,ea8ec7160dfb65d8,e6a766a73f148bcc,4333,200,queryForStationId,ts-ticketinfo-service
1650248078,ts-route-service,cd0a891ea1e486ab,c66941673d7335ea,e6a766a73f148bcc,1446,200,queryById,ts-travel-service
1650248078,ts-route-service,c85afec605602e12,866afe0091703a1c,e6a766a73f148bcc,2070,200,queryById,ts-travel-service
1650248078,ts-route-service,3c202f9481cc5349,9e76bc5e6d6b4345,e6a766a73f148bcc,1460,200,queryById,ts-travel-service
1650248078,ts-travel-service,9e76bc5e6d6b4345,e6a766a73f148bcc,e6a766a73f148bcc,1613,200,GET,ts-travel-service
1650248078,ts-travel-service,c66941673d7335ea,e6a766a73f148bcc,e6a766a73f148bcc,1547,200,GET,ts-travel-service
1650248078,ts-travel-service,e6a766a73f148bcc,,e6a766a73f148bcc,32003,200,queryInfo,no_parent
1650248078,ts-travel-service,866afe0091703a1c,e6a766a73f148bcc,e6a766a73f148bcc,2884,200,GET,ts-travel-service
1650248078,ts-travel-service,3258c2627666212d,e6a766a73f148bcc,e6a766a73f148bcc,8416,200,GET,ts-travel-service
1650248078,ts-basic-service,ddad48aea4d78acd,43916e1335ccb70c,e6a766a73f148bcc,2557,200,GET,ts-basic-service
1650248078,ts-travel-service,c8a9f95f417d7ba1,e6a766a73f148bcc,e6a766a73f148bcc,1788,200,GET,ts-travel-service
1650248078,ts-auth-service,41a58c09beb6ce5f,c3cfa8930a0f90be,c3cfa8930a0f90be,2703,200,GET,ts-auth-service
1650248078,ts-auth-service,c3cfa8930a0f90be,,c3cfa8930a0f90be,125576,200,getToken,no_parent
1650248078,ts-verification-code-service,fb03cfe23249f53c,41a58c09beb6ce5f,c3cfa8930a0f90be,1485,200,verifyCode,ts-auth-service
1650248078,ts-station-service,c1cc59dce723a626,ddad48aea4d78acd,e6a766a73f148bcc,1864,200,queryForStationId,ts-basic-service
1650248078,ts-security-service,c4c6d16c5a4891a,9bdd11c83bec5ff7,7fe00483e3448ce2,17607,200,check,ts-preserve-service
1650248078,ts-contacts-service,49e3d9734937076e,39300ba2cb420c9b,7fe00483e3448ce2,1727,200,getContactsByContactsId,ts-preserve-service
1650248078,ts-preserve-service,9bdd11c83bec5ff7,7fe00483e3448ce2,7fe00483e3448ce2,19145,200,GET,ts-preserve-service
1650248078,ts-ticketinfo-service,ea8ec7160dfb65d8,c3ede1dcd353e34e,e6a766a73f148bcc,5157,200,GET,ts-ticketinfo-service
1650248078,ts-verification-code-service,bd3c82711e60fab3,,bd3c82711e60fab3,2361,200,imageCode,no_parent
1650248078,ts-preserve-service,39300ba2cb420c9b,7fe00483e3448ce2,7fe00483e3448ce2,2569,200,GET,ts-preserve-service
1650248078,ts-order-service,a8b40827bafaf93f,621d37edf78cb0d4,7fe00483e3448ce2,2725,200,securityInfoCheck,ts-security-service
1650248078,ts-order-other-service,2e5d17643177e116,a60f6b856548d7cd,7fe00483e3448ce2,3036,200,securityInfoCheck,ts-security-service
1650248078,ts-contacts-service,c746da625f5eb6e,,c746da625f5eb6e,2531,200,findContactsByAccountId,no_parent
1650248078,ts-ticketinfo-service,288387ffa9901ade,4b7a91f0e0e624df,e6a766a73f148bcc,4268,200,GET,ts-ticketinfo-service
1650248078,ts-ticketinfo-service,4b7a91f0e0e624df,6bd082bf95fa89f,e6a766a73f148bcc,5472,200,queryForStationId,ts-travel-service
1650248078,ts-ticketinfo-service,c3ede1dcd353e34e,3258c2627666212d,e6a766a73f148bcc,7366,200,queryForStationId,ts-travel-service
1650248078,ts-assurance-service,96015eaf2398ba57,,96015eaf2398ba57,1460,200,getAllAssuranceType,no_parent
1650248139,ts-route-service,489ac08d34b2760d,8acf310b7c8469de,8d414911feaa3fdb,1189,200,queryById,ts-travel-service
1650248139,ts-travel-service,46388f10a73b4490,8d414911feaa3fdb,8d414911feaa3fdb,2922,200,GET,ts-travel-service
1650248139,ts-travel-service,d8409d10262d1880,8d414911feaa3fdb,8d414911feaa3fdb,1559,200,GET,ts-travel-service
1650248139,ts-station-service,35db188d3a2d3bce,76541a451fa57b8,8d414911feaa3fdb,1922,200,queryForStationId,ts-basic-service
1650248139,ts-travel-service,8acf310b7c8469de,8d414911feaa3fdb,8d414911feaa3fdb,1271,200,GET,ts-travel-service
1650248139,ts-travel-service,8d414911feaa3fdb,,8d414911feaa3fdb,32178,200,queryInfo,no_parent
1650248139,ts-route-service,4f11f740272eba09,46388f10a73b4490,8d414911feaa3fdb,2149,200,queryById,ts-travel-service
1650248139,ts-route-service,76b59066dcf70ff9,4268db110fcd2ebf,8d414911feaa3fdb,1420,200,queryById,ts-travel-service
1650248139,ts-route-service,45cfe956e900985a,c6a9e709c1bf0adb,8d414911feaa3fdb,1446,200,queryById,ts-travel-service
1650248139,ts-ticketinfo-service,fa67e3265a58e1c,af2a19a518d3b440,8d414911feaa3fdb,3761,200,GET,ts-ticketinfo-service
1650248139,ts-travel-service,73d135b3f7de8b7a,8d414911feaa3fdb,8d414911feaa3fdb,8904,200,GET,ts-travel-service
1650248139,ts-travel-service,c6a9e709c1bf0adb,8d414911feaa3fdb,8d414911feaa3fdb,1786,200,GET,ts-travel-service
1650248139,ts-travel-service,4268db110fcd2ebf,8d414911feaa3fdb,8d414911feaa3fdb,1527,200,GET,ts-travel-service
1650248139,ts-auth-service,dde59ac6e588c154,,dde59ac6e588c154,125746,200,getToken,no_parent
1650248139,ts-ticketinfo-service,d88af7a6c94a9647,d8028bed02dc9393,8d414911feaa3fdb,5704,200,GET,ts-ticketinfo-service
1650248139,ts-ticketinfo-service,af2a19a518d3b440,52262ca413a30742,8d414911feaa3fdb,5217,200,queryForStationId,ts-travel-service
1650248139,ts-ticketinfo-service,d8028bed02dc9393,73d135b3f7de8b7a,8d414911feaa3fdb,7380,200,queryForStationId,ts-travel-service
1650248139,ts-travel-service,52262ca413a30742,8d414911feaa3fdb,8d414911feaa3fdb,5864,200,GET,ts-travel-service
1650248139,ts-basic-service,66cb707b63bdc5fb,fa67e3265a58e1c,8d414911feaa3fdb,3385,200,queryForStationId,ts-ticketinfo-service
1650248139,ts-basic-service,8e966627b70ea06e,d88af7a6c94a9647,8d414911feaa3fdb,5074,200,queryForStationId,ts-ticketinfo-service
1650248139,ts-route-service,a7e682cfdb53faad,d8409d10262d1880,8d414911feaa3fdb,1460,200,queryById,ts-travel-service
1650248139,ts-basic-service,c6600980875c9c2c,66cb707b63bdc5fb,8d414911feaa3fdb,2005,200,GET,ts-basic-service
1650248139,ts-station-service,c44715ac0731d15a,ff11965cb83cab03,685fdcda9dc41fc,5291,200,queryForNameBatch,ts-order-service
1650248139,ts-order-service,ff11965cb83cab03,685fdcda9dc41fc,685fdcda9dc41fc,6264,200,POST,ts-order-service
1650248139,ts-station-service,d26979a0e8f61f4e,c6600980875c9c2c,8d414911feaa3fdb,1590,200,queryForStationId,ts-basic-service
1650248139,ts-preserve-service,db5300af6d30c9f,98dbf7e47fe76080,98dbf7e47fe76080,13231,200,GET,ts-preserve-service
1650248139,ts-contacts-service,c1f37a7ba0741b8f,,c1f37a7ba0741b8f,2174,200,findContactsByAccountId,no_parent
1650248139,ts-contacts-service,e63586826984a557,f5b556b7cf961148,98dbf7e47fe76080,1895,200,getContactsByContactsId,ts-preserve-service
1650248139,ts-preserve-service,f5b556b7cf961148,98dbf7e47fe76080,98dbf7e47fe76080,2812,200,GET,ts-preserve-service
1650248139,ts-basic-service,76541a451fa57b8,8e966627b70ea06e,8d414911feaa3fdb,3133,200,GET,ts-basic-service
1650248139,ts-security-service,e415dd6a9c1515d9,92ea7a2a79cf4625,98dbf7e47fe76080,3827,200,GET,ts-security-service
1650248139,ts-order-other-service,333d338c6089bb62,e415dd6a9c1515d9,98dbf7e47fe76080,2889,200,securityInfoCheck,ts-security-service
1650248139,ts-security-service,daa1a187b2488585,92ea7a2a79cf4625,98dbf7e47fe76080,4252,200,GET,ts-security-service
1650248139,ts-security-service,92ea7a2a79cf4625,db5300af6d30c9f,98dbf7e47fe76080,12092,200,check,ts-preserve-service
1650248139,ts-preserve-service,98dbf7e47fe76080,,98dbf7e47fe76080,18763,200,preserve,no_parent
1650248139,ts-order-service,2da51b96ecf65907,daa1a187b2488585,98dbf7e47fe76080,3067,200,securityInfoCheck,ts-security-service
1650248139,ts-verification-code-service,5cb9fe52a6cae00,a9d2fbb3e6dc37dc,dde59ac6e588c154,1441,200,verifyCode,ts-auth-service
1650248139,ts-assurance-service,8a2d79bbbb58008f,,8a2d79bbbb58008f,1454,200,getAllAssuranceType,no_parent
1650248139,ts-order-service,685fdcda9dc41fc,,685fdcda9dc41fc,8422,200,queryOrdersForRefresh,no_parent
1650248139,ts-auth-service,a9d2fbb3e6dc37dc,dde59ac6e588c154,dde59ac6e588c154,2620,200,GET,ts-auth-service
1650248139,ts-verification-code-service,6cbcf7f68e6c6117,,6cbcf7f68e6c6117,2414,200,imageCode,no_parent
1650248200,ts-travel-service,a311fae21e156afe,e83f18624db6105b,e83f18624db6105b,1594,200,GET,ts-travel-service
1650248200,ts-travel-service,a0dc5e285f95dec0,e83f18624db6105b,e83f18624db6105b,1749,200,GET,ts-travel-service
1650248200,ts-contacts-service,706392c5c5a4f339,5ff1bc5c6d793e3c,1e392ecb4a678458,1516,200,getContactsByContactsId,ts-preserve-service
1650248200,ts-preserve-service,1e392ecb4a678458,,1e392ecb4a678458,16191,200,preserve,no_parent
1650248200,ts-preserve-service,88e69957cf257185,1e392ecb4a678458,1e392ecb4a678458,11772,200,GET,ts-preserve-service
1650248200,ts-auth-service,a45175aaf9c505f3,978de0db5d1c5a42,978de0db5d1c5a42,3250,200,GET,ts-auth-service
1650248200,ts-travel-service,d018562d67cc69b4,e83f18624db6105b,e83f18624db6105b,1479,200,GET,ts-travel-service
1650248200,ts-travel-service,9ba76139a8b225e3,e83f18624db6105b,e83f18624db6105b,1463,200,GET,ts-travel-service
1650248200,ts-travel-service,ca79355e312e83e,e83f18624db6105b,e83f18624db6105b,3327,200,GET,ts-travel-service
1650248200,ts-ticketinfo-service,8f8a82e287aec2bb,5eb0e5d3bace0a2a,e83f18624db6105b,5879,200,queryForStationId,ts-travel-service
1650248200,ts-travel-service,98f288d4f12b332,e83f18624db6105b,e83f18624db6105b,8751,200,GET,ts-travel-service
1650248200,ts-ticketinfo-service,401ab97ddb69192c,4317338766ae2701,e83f18624db6105b,5509,200,GET,ts-ticketinfo-service
1650248200,ts-basic-service,e73842990543cd81,363e53d7b00a39eb,e83f18624db6105b,2489,200,GET,ts-basic-service
1650248200,ts-station-service,d6a29c331f0b4c37,274fb75cc0141a7c,e83f18624db6105b,1979,200,queryForStationId,ts-basic-service
1650248200,ts-station-service,c81497bfcfe3de5b,e73842990543cd81,e83f18624db6105b,1746,200,queryForStationId,ts-basic-service
1650248200,ts-route-service,c5e372779b7b13e1,a0dc5e285f95dec0,e83f18624db6105b,1472,200,queryById,ts-travel-service
1650248200,ts-route-service,9538b60ff44addb1,9ba76139a8b225e3,e83f18624db6105b,1373,200,queryById,ts-travel-service
1650248200,ts-route-service,1b43198b3927af4,d018562d67cc69b4,e83f18624db6105b,1383,200,queryById,ts-travel-service
1650248200,ts-route-service,a921bcd168d7e009,a311fae21e156afe,e83f18624db6105b,1477,200,queryById,ts-travel-service
1650248200,ts-security-service,64aed248c6a04edf,88e69957cf257185,1e392ecb4a678458,10649,200,check,ts-preserve-service
1650248200,ts-order-service,d593cee3d05d4c4d,6ecf51628fc707cb,1e392ecb4a678458,2638,200,securityInfoCheck,ts-security-service
1650248200,ts-order-other-service,4447e49810584b0b,115e216f9480dfbe,1e392ecb4a678458,2408,200,securityInfoCheck,ts-security-service
1650248200,ts-security-service,6ecf51628fc707cb,64aed248c6a04edf,1e392ecb4a678458,3640,200,GET,ts-security-service
1650248200,ts-travel-service,e83f18624db6105b,,e83f18624db6105b,32583,200,queryInfo,no_parent
1650248200,ts-route-service,9b70e5aba3afa072,ca79355e312e83e,e83f18624db6105b,2089,200,queryById,ts-travel-service
1650248200,ts-basic-service,274fb75cc0141a7c,5049ed49cf7f5974,e83f18624db6105b,2815,200,GET,ts-basic-service
1650248200,ts-travel-service,5eb0e5d3bace0a2a,e83f18624db6105b,e83f18624db6105b,6239,200,GET,ts-travel-service
1650248200,ts-preserve-service,5ff1bc5c6d793e3c,1e392ecb4a678458,1e392ecb4a678458,2244,200,GET,ts-preserve-service
1650248200,ts-security-service,115e216f9480dfbe,64aed248c6a04edf,1e392ecb4a678458,3491,200,GET,ts-security-service
1650248200,ts-basic-service,5049ed49cf7f5974,401ab97ddb69192c,e83f18624db6105b,4671,200,queryForStationId,ts-ticketinfo-service
1650248200,ts-assurance-service,75812e1058f237f4,,75812e1058f237f4,7153,200,getAllAssuranceType,no_parent
1650248200,ts-station-service,64b19ba119d54ab8,6fc962aeafa13e3e,14ad301c59594c2b,5445,200,queryForNameBatch,ts-order-service
1650248200,ts-basic-service,363e53d7b00a39eb,f190f1ed2ec82906,e83f18624db6105b,3783,200,queryForStationId,ts-ticketinfo-service
1650248200,ts-ticketinfo-service,f190f1ed2ec82906,8f8a82e287aec2bb,e83f18624db6105b,4565,200,GET,ts-ticketinfo-service
1650248200,ts-ticketinfo-service,4317338766ae2701,98f288d4f12b332,e83f18624db6105b,7546,200,queryForStationId,ts-travel-service
1650248200,ts-contacts-service,bfa881692ba61b41,,bfa881692ba61b41,2394,200,findContactsByAccountId,no_parent
1650248200,ts-verification-code-service,82b99af5a43a702c,,82b99af5a43a702c,2563,200,imageCode,no_parent
1650248200,ts-order-service,6fc962aeafa13e3e,14ad301c59594c2b,14ad301c59594c2b,6522,200,POST,ts-order-service
1650248200,ts-order-service,14ad301c59594c2b,,14ad301c59594c2b,9160,200,queryOrdersForRefresh,no_parent
1650248200,ts-verification-code-service,c95b473908545804,a45175aaf9c505f3,978de0db5d1c5a42,1565,200,verifyCode,ts-auth-service
1650248200,ts-auth-service,978de0db5d1c5a42,,978de0db5d1c5a42,126222,200,getToken,no_parent
1650248260,ts-security-service,443ce4d1ebf77cdb,3a09060cbc8fae9e,505b7e02aa41847a,3943,200,GET,ts-security-service
1650248260,ts-preserve-service,493f883ba949da81,505b7e02aa41847a,505b7e02aa41847a,2249,200,GET,ts-preserve-service
1650248260,ts-preserve-service,7403fcb933d37734,505b7e02aa41847a,505b7e02aa41847a,12346,200,GET,ts-preserve-service
1650248260,ts-order-other-service,552c8db6f54ca390,8dfe6e63e772dc17,505b7e02aa41847a,2709,200,securityInfoCheck,ts-security-service
1650248260,ts-order-service,5c3ed409a23691fd,443ce4d1ebf77cdb,505b7e02aa41847a,2877,200,securityInfoCheck,ts-security-service
1650248260,ts-preserve-service,505b7e02aa41847a,,505b7e02aa41847a,16915,200,preserve,no_parent
1650248260,ts-security-service,3a09060cbc8fae9e,7403fcb933d37734,505b7e02aa41847a,11241,200,check,ts-preserve-service
1650248260,ts-security-service,8dfe6e63e772dc17,3a09060cbc8fae9e,505b7e02aa41847a,3730,200,GET,ts-security-service
1650248260,ts-contacts-service,30c7b1de9512ce7a,493f883ba949da81,505b7e02aa41847a,1495,200,getContactsByContactsId,ts-preserve-service
1650248260,ts-contacts-service,ed543ea64bc1a6f4,,ed543ea64bc1a6f4,2322,200,findContactsByAccountId,no_parent
1650248261,ts-basic-service,2b75c99ddf5b9fac,defb4ac9cfcf5354,8db99b727bf8fef0,1938,200,GET,ts-basic-service
1650248261,ts-station-service,51af3adbc01d1707,2b75c99ddf5b9fac,8db99b727bf8fef0,1510,200,queryForStationId,ts-basic-service
1650248261,ts-station-service,97d42da4472da150,75303e8c2937ba05,1c355c62fa48aa46,5655,200,queryForNameBatch,ts-order-service
1650248261,ts-order-service,1c355c62fa48aa46,,1c355c62fa48aa46,28605,200,queryOrdersForRefresh,no_parent
1650248261,ts-verification-code-service,ff5fd254901890b0,b05a334f082fb642,461305dcfb5ea468,1464,200,verifyCode,ts-auth-service
1650248261,ts-basic-service,e5de864b510226a0,a1f3f0d848f708c8,8db99b727bf8fef0,2832,200,GET,ts-basic-service
1650248261,ts-travel-service,958be21549e2582e,8db99b727bf8fef0,8db99b727bf8fef0,1402,200,GET,ts-travel-service
1650248261,ts-travel-service,91702e9653883f4a,8db99b727bf8fef0,8db99b727bf8fef0,3415,200,GET,ts-travel-service
1650248261,ts-station-service,882f2f6948c41cbf,e5de864b510226a0,8db99b727bf8fef0,1921,200,queryForStationId,ts-basic-service
1650248261,ts-travel-service,8db99b727bf8fef0,,8db99b727bf8fef0,31652,200,queryInfo,no_parent
1650248261,ts-travel-service,490ed174aa810cd5,8db99b727bf8fef0,8db99b727bf8fef0,1884,200,GET,ts-travel-service
1650248261,ts-ticketinfo-service,7959f2dafa4f8d7c,c2eedc761bc5f4d1,8db99b727bf8fef0,5140,200,queryForStationId,ts-travel-service
1650248261,ts-travel-service,38a0adfd27083d8c,8db99b727bf8fef0,8db99b727bf8fef0,1499,200,GET,ts-travel-service
1650248261,ts-auth-service,b05a334f082fb642,461305dcfb5ea468,461305dcfb5ea468,2725,200,GET,ts-auth-service
1650248261,ts-travel-service,c2eedc761bc5f4d1,8db99b727bf8fef0,8db99b727bf8fef0,5439,200,GET,ts-travel-service
1650248261,ts-ticketinfo-service,bc2ebfa9cfed1395,f81b5b9cfa117054,8db99b727bf8fef0,7568,200,queryForStationId,ts-travel-service
1650248261,ts-ticketinfo-service,ecabe85fbf1851e5,7959f2dafa4f8d7c,8db99b727bf8fef0,3755,200,GET,ts-ticketinfo-service
1650248261,ts-ticketinfo-service,cb5d15321522287c,bc2ebfa9cfed1395,8db99b727bf8fef0,5890,200,GET,ts-ticketinfo-service
1650248261,ts-basic-service,defb4ac9cfcf5354,ecabe85fbf1851e5,8db99b727bf8fef0,3345,200,queryForStationId,ts-ticketinfo-service
1650248261,ts-route-service,4d94d9f4994efcbb,490ed174aa810cd5,8db99b727bf8fef0,1443,200,queryById,ts-travel-service
1650248261,ts-order-service,75303e8c2937ba05,1c355c62fa48aa46,1c355c62fa48aa46,6870,200,POST,ts-order-service
1650248261,ts-verification-code-service,8fa6a804cd448b99,,8fa6a804cd448b99,2393,200,imageCode,no_parent
1650248261,ts-auth-service,461305dcfb5ea468,,461305dcfb5ea468,125181,200,getToken,no_parent
1650248261,ts-route-service,a9a1eae161a8bfb9,38a0adfd27083d8c,8db99b727bf8fef0,1406,200,queryById,ts-travel-service
1650248261,ts-route-service,47c9c5eb17c0c730,958be21549e2582e,8db99b727bf8fef0,1267,200,queryById,ts-travel-service
1650248261,ts-route-service,c392f427d42dea0,91702e9653883f4a,8db99b727bf8fef0,2142,200,queryById,ts-travel-service
1650248261,ts-basic-service,a1f3f0d848f708c8,cb5d15321522287c,8db99b727bf8fef0,4699,200,queryForStationId,ts-ticketinfo-service
1650248261,ts-route-service,92dcb226a612b0a4,5118684725b959fa,8db99b727bf8fef0,1428,200,queryById,ts-travel-service
1650248261,ts-travel-service,5118684725b959fa,8db99b727bf8fef0,8db99b727bf8fef0,1734,200,GET,ts-travel-service
1650248261,ts-assurance-service,669e48a10e42beb6,,669e48a10e42beb6,1321,200,getAllAssuranceType,no_parent
1650248261,ts-travel-service,f81b5b9cfa117054,8db99b727bf8fef0,8db99b727bf8fef0,8573,200,GET,ts-travel-service
1650248322,ts-ticketinfo-service,93ba71ccce86b9d8,a17c0faff770c057,1bcd2de282c48722,5271,200,GET,ts-ticketinfo-service
1650248322,ts-basic-service,1b5158ee3ec4c606,93ba71ccce86b9d8,1bcd2de282c48722,4464,200,queryForStationId,ts-ticketinfo-service
1650248322,ts-basic-service,f02eab1ba83f5e43,15c2987112c81a1f,1bcd2de282c48722,3951,200,queryForStationId,ts-ticketinfo-service
1650248322,ts-travel-service,c88f0d385dfce2ed,1bcd2de282c48722,1bcd2de282c48722,8748,200,GET,ts-travel-service
1650248322,ts-travel-service,450a38a3e6ae3dd9,1bcd2de282c48722,1bcd2de282c48722,2998,200,GET,ts-travel-service
1650248322,ts-travel-service,2e0019d240a32818,1bcd2de282c48722,1bcd2de282c48722,1967,200,GET,ts-travel-service
1650248322,ts-travel-service,ee2fe56585b810ad,1bcd2de282c48722,1bcd2de282c48722,1736,200,GET,ts-travel-service
1650248322,ts-travel-service,64773f0a98e3d745,1bcd2de282c48722,1bcd2de282c48722,1492,200,GET,ts-travel-service
1650248322,ts-travel-service,1bcd2de282c48722,,1bcd2de282c48722,33548,200,queryInfo,no_parent
1650248322,ts-travel-service,4303670345f9a2d5,1bcd2de282c48722,1bcd2de282c48722,1501,200,GET,ts-travel-service
1650248322,ts-basic-service,75a22bfb8f1c4778,1b5158ee3ec4c606,1bcd2de282c48722,2516,200,GET,ts-basic-service
1650248322,ts-basic-service,ff0de2145422059d,f02eab1ba83f5e43,1bcd2de282c48722,2395,200,GET,ts-basic-service
1650248322,ts-ticketinfo-service,a17c0faff770c057,c88f0d385dfce2ed,1bcd2de282c48722,7368,200,queryForStationId,ts-travel-service
1650248322,ts-ticketinfo-service,15c2987112c81a1f,f5e485069e252cc1,1bcd2de282c48722,4760,200,GET,ts-ticketinfo-service
1650248322,ts-ticketinfo-service,f5e485069e252cc1,ffba65566cec0475,1bcd2de282c48722,6046,200,queryForStationId,ts-travel-service
1650248322,ts-route-service,40f6f4c830121f74,ee2fe56585b810ad,1bcd2de282c48722,1433,200,queryById,ts-travel-service
1650248322,ts-travel-service,ffba65566cec0475,1bcd2de282c48722,1bcd2de282c48722,6690,200,GET,ts-travel-service
1650248322,ts-route-service,f42c36858aa73cf1,2e0019d240a32818,1bcd2de282c48722,1562,200,queryById,ts-travel-service
1650248322,ts-route-service,f5c8892435a39db5,4303670345f9a2d5,1bcd2de282c48722,1410,200,queryById,ts-travel-service
1650248322,ts-route-service,34d2290ebe9c9431,64773f0a98e3d745,1bcd2de282c48722,1375,200,queryById,ts-travel-service
1650248322,ts-assurance-service,8b61de9521c25c4,,8b61de9521c25c4,1474,200,getAllAssuranceType,no_parent
1650248322,ts-auth-service,22701de38e129536,29bf58e035e4e59,29bf58e035e4e59,2696,200,GET,ts-auth-service
1650248322,ts-auth-service,29bf58e035e4e59,,29bf58e035e4e59,126645,200,getToken,no_parent
1650248322,ts-verification-code-service,e9dd48d201e68a84,22701de38e129536,29bf58e035e4e59,1439,200,verifyCode,ts-auth-service
1650248322,ts-preserve-service,87c1cc71cc439051,f7fb376445a56573,f7fb376445a56573,13660,200,GET,ts-preserve-service
1650248322,ts-preserve-service,f7fb376445a56573,,f7fb376445a56573,18553,200,preserve,no_parent
1650248322,ts-route-service,94292e3366900b51,450a38a3e6ae3dd9,1bcd2de282c48722,2067,200,queryById,ts-travel-service
1650248322,ts-preserve-service,e7ce42545d0e44f9,f7fb376445a56573,f7fb376445a56573,2221,200,GET,ts-preserve-service
1650248322,ts-order-service,d8df04fb3e4ee925,ef062712a7f1f36c,f7fb376445a56573,2798,200,securityInfoCheck,ts-security-service
1650248322,ts-order-other-service,a10ae611abb00ca1,5a59959c22671db3,f7fb376445a56573,2813,200,securityInfoCheck,ts-security-service
1650248322,ts-security-service,ef062712a7f1f36c,6007ca6c627836fa,f7fb376445a56573,4293,200,GET,ts-security-service
1650248322,ts-security-service,5a59959c22671db3,6007ca6c627836fa,f7fb376445a56573,3948,200,GET,ts-security-service
1650248322,ts-security-service,6007ca6c627836fa,87c1cc71cc439051,f7fb376445a56573,12010,200,check,ts-preserve-service
1650248322,ts-contacts-service,c3da6ea74d388856,e7ce42545d0e44f9,f7fb376445a56573,1576,200,getContactsByContactsId,ts-preserve-service
1650248322,ts-station-service,f92c2889464d3e05,75a22bfb8f1c4778,1bcd2de282c48722,1804,200,queryForStationId,ts-basic-service
1650248322,ts-station-service,5a025fb9ad30e9ec,ff0de2145422059d,1bcd2de282c48722,1623,200,queryForStationId,ts-basic-service
1650248322,ts-station-service,69b3804fd8eac2ea,6889590fb0428aa7,93f957927df61cb5,5247,200,queryForNameBatch,ts-order-service
1650248322,ts-order-service,6889590fb0428aa7,93f957927df61cb5,93f957927df61cb5,6581,200,POST,ts-order-service
1650248322,ts-order-service,93f957927df61cb5,,93f957927df61cb5,8687,200,queryOrdersForRefresh,no_parent
1650248322,ts-contacts-service,656aa13a6dbe40c4,,656aa13a6dbe40c4,2517,200,findContactsByAccountId,no_parent
1650248322,ts-verification-code-service,fae011d2e11c05cc,,fae011d2e11c05cc,2357,200,imageCode,no_parent
1650248382,ts-ticketinfo-service,966c6fef2f8ee0d6,8c7a87e00f91d5eb,8a5f522764238655,5872,200,queryForStationId,ts-travel-service
1650248382,ts-travel-service,8c7a87e00f91d5eb,8a5f522764238655,8a5f522764238655,6222,200,GET,ts-travel-service
1650248382,ts-travel-service,c6b2d5e21e767718,8a5f522764238655,8a5f522764238655,8691,200,GET,ts-travel-service
1650248382,ts-travel-service,d8cf8d85e772689d,8a5f522764238655,8a5f522764238655,1350,200,GET,ts-travel-service
1650248382,ts-travel-service,c81ae7804e05eb0d,8a5f522764238655,8a5f522764238655,3275,200,GET,ts-travel-service
1650248382,ts-route-service,d683b3e32af79668,d8cf8d85e772689d,8a5f522764238655,1252,200,queryById,ts-travel-service
1650248382,ts-route-service,7a7f73244e1afa6c,b45942d422a2ced9,8a5f522764238655,1837,200,queryById,ts-travel-service
1650248382,ts-route-service,8bfe8d51314be93c,47fa2460dc4abd29,8a5f522764238655,1441,200,queryById,ts-travel-service
1650248382,ts-travel-service,b45942d422a2ced9,8a5f522764238655,8a5f522764238655,1614,200,GET,ts-travel-service
1650248382,ts-travel-service,9acc05172e94820a,8a5f522764238655,8a5f522764238655,1843,200,GET,ts-travel-service
1650248382,ts-basic-service,4c5288fcf98b5c1e,f6fb8d156aeb918f,8a5f522764238655,2710,200,GET,ts-basic-service
1650248382,ts-basic-service,aa464f18e5b6cfb1,25e6d6a4b3dbb6a0,8a5f522764238655,3712,200,queryForStationId,ts-ticketinfo-service
1650248382,ts-travel-service,8a5f522764238655,,8a5f522764238655,33005,200,queryInfo,no_parent
1650248382,ts-verification-code-service,466bebf11a21c627,988693484ca2ce5a,9c0632f88ee03a45,1434,200,verifyCode,ts-auth-service
1650248382,ts-auth-service,988693484ca2ce5a,9c0632f88ee03a45,9c0632f88ee03a45,3026,200,GET,ts-auth-service
1650248382,ts-auth-service,9c0632f88ee03a45,,9c0632f88ee03a45,126479,200,getToken,no_parent
1650248382,ts-ticketinfo-service,c553acf844e26a71,c6b2d5e21e767718,8a5f522764238655,7342,200,queryForStationId,ts-travel-service
1650248382,ts-ticketinfo-service,25e6d6a4b3dbb6a0,966c6fef2f8ee0d6,8a5f522764238655,4215,200,GET,ts-ticketinfo-service
1650248382,ts-basic-service,f6fb8d156aeb918f,4a4d429d35677723,8a5f522764238655,4680,200,queryForStationId,ts-ticketinfo-service
1650248382,ts-basic-service,facc34bf571d5f01,aa464f18e5b6cfb1,8a5f522764238655,2044,200,GET,ts-basic-service
1650248382,ts-route-service,aa4af3204619444d,9acc05172e94820a,8a5f522764238655,1546,200,queryById,ts-travel-service
1650248382,ts-station-service,331d95f18917ea52,4c5288fcf98b5c1e,8a5f522764238655,1850,200,queryForStationId,ts-basic-service
1650248382,ts-station-service,ff25175e02d9cd71,facc34bf571d5f01,8a5f522764238655,1633,200,queryForStationId,ts-basic-service
1650248382,ts-travel-service,47fa2460dc4abd29,8a5f522764238655,8a5f522764238655,1850,200,GET,ts-travel-service
1650248382,ts-ticketinfo-service,4a4d429d35677723,c553acf844e26a71,8a5f522764238655,5533,200,GET,ts-ticketinfo-service
1650248382,ts-route-service,c8c34497595e93a0,c81ae7804e05eb0d,8a5f522764238655,2059,200,queryById,ts-travel-service
1650248382,ts-order-service,74f8d04b29111e2a,,74f8d04b29111e2a,8322,200,queryOrdersForRefresh,no_parent
1650248382,ts-contacts-service,ee087fc5a4c03393,b0c69c807d81f0dc,dd00ebe926d24e9c,1771,200,getContactsByContactsId,ts-preserve-service
1650248382,ts-order-service,51bbe9322008a773,c052e9180b84a71b,dd00ebe926d24e9c,2853,200,securityInfoCheck,ts-security-service
1650248382,ts-order-other-service,57400fc3ed393fcb,8f462209beccca05,dd00ebe926d24e9c,2839,200,securityInfoCheck,ts-security-service
1650248382,ts-preserve-service,dd00ebe926d24e9c,,dd00ebe926d24e9c,18211,200,preserve,no_parent
1650248382,ts-preserve-service,b0c69c807d81f0dc,dd00ebe926d24e9c,dd00ebe926d24e9c,2785,200,GET,ts-preserve-service
1650248382,ts-security-service,c052e9180b84a71b,c035ac20d1f89306,dd00ebe926d24e9c,4225,200,GET,ts-security-service
1650248382,ts-security-service,8f462209beccca05,c035ac20d1f89306,dd00ebe926d24e9c,3698,200,GET,ts-security-service
1650248382,ts-security-service,c035ac20d1f89306,4ac48b313d4ebbdf,dd00ebe926d24e9c,11808,200,check,ts-preserve-service
1650248382,ts-station-service,c98cf6fd3ff2e04b,784b81be6ce98f18,74f8d04b29111e2a,5020,200,queryForNameBatch,ts-order-service
1650248382,ts-order-service,784b81be6ce98f18,74f8d04b29111e2a,74f8d04b29111e2a,5983,200,POST,ts-order-service
1650248382,ts-contacts-service,4b65b04f063ac88f,,4b65b04f063ac88f,2453,200,findContactsByAccountId,no_parent
1650248382,ts-preserve-service,4ac48b313d4ebbdf,dd00ebe926d24e9c,dd00ebe926d24e9c,13021,200,GET,ts-preserve-service
1650248382,ts-verification-code-service,ea5a3458343f8d27,,ea5a3458343f8d27,2274,200,imageCode,no_parent
1650248382,ts-assurance-service,ce3dc1161765f102,,ce3dc1161765f102,1462,200,getAllAssuranceType,no_parent
1650248442,ts-verification-code-service,f1fdf382451cd5e0,18b9a0ddd4183a21,5c67b93d60ac7758,2020,200,verifyCode,ts-auth-service
1650248442,ts-auth-service,5c67b93d60ac7758,,5c67b93d60ac7758,111598,200,getToken,no_parent
1650248442,ts-security-service,9eeca90acc65a108,a2b569eaa53f3786,c28621937d871dcd,5004,200,GET,ts-security-service
1650248442,ts-security-service,9b05a6a1d73bf9c,a2b569eaa53f3786,c28621937d871dcd,5002,200,GET,ts-security-service
1650248442,ts-preserve-service,c28621937d871dcd,,c28621937d871dcd,22896,200,preserve,no_parent
1650248442,ts-preserve-service,46e06f1acf7ed853,c28621937d871dcd,c28621937d871dcd,16345,200,GET,ts-preserve-service
1650248442,ts-preserve-service,83ac116cc8e5826d,c28621937d871dcd,c28621937d871dcd,3779,200,GET,ts-preserve-service
1650248442,ts-order-service,47f03174fd90b948,9eeca90acc65a108,c28621937d871dcd,3617,200,securityInfoCheck,ts-security-service
1650248442,ts-security-service,a2b569eaa53f3786,46e06f1acf7ed853,c28621937d871dcd,14719,200,check,ts-preserve-service
1650248442,ts-station-service,1a68349e479b51cf,dc1baf1da1027ee,aec3525c73639ea1,7941,200,queryForNameBatch,ts-order-service
1650248442,ts-order-service,aec3525c73639ea1,,aec3525c73639ea1,12618,200,queryOrdersForRefresh,no_parent
1650248442,ts-order-service,dc1baf1da1027ee,aec3525c73639ea1,aec3525c73639ea1,9323,200,POST,ts-order-service
1650248442,ts-contacts-service,781f437ff4915f71,83ac116cc8e5826d,c28621937d871dcd,2545,200,getContactsByContactsId,ts-preserve-service
1650248442,ts-order-other-service,cf9e2461d4882e98,9b05a6a1d73bf9c,c28621937d871dcd,3614,200,securityInfoCheck,ts-security-service
1650248442,ts-contacts-service,274a17f9951244e8,,274a17f9951244e8,2929,200,findContactsByAccountId,no_parent
1650248442,ts-auth-service,18b9a0ddd4183a21,5c67b93d60ac7758,5c67b93d60ac7758,3875,200,GET,ts-auth-service
1650248442,ts-verification-code-service,552d55a621e9a6bd,,552d55a621e9a6bd,3021,200,imageCode,no_parent
1650248443,ts-basic-service,c8e993781b5ac73e,987d51cccd1c92b8,561ef53e60787ed,2393,200,GET,ts-basic-service
1650248443,ts-basic-service,987d51cccd1c92b8,c106bcb8c5504a4f,561ef53e60787ed,4010,200,queryForStationId,ts-ticketinfo-service
1650248443,ts-basic-service,9ede6c02309c209a,c403c045630fc371,561ef53e60787ed,4450,200,queryForStationId,ts-ticketinfo-service
1650248443,ts-route-service,fe61abcb0f4d005,e1ffa6171c1d2f9c,561ef53e60787ed,1911,200,queryById,ts-travel-service
1650248443,ts-route-service,a07f86601cb58bc7,60b4dddbaa1c4944,561ef53e60787ed,1677,200,queryById,ts-travel-service
1650248443,ts-ticketinfo-service,925938d98659ed17,fcf0264776fafe99,561ef53e60787ed,7987,200,queryForStationId,ts-travel-service
1650248443,ts-ticketinfo-service,e23022586e1b595b,d11837b0af2f8e92,561ef53e60787ed,6386,200,queryForStationId,ts-travel-service
1650248443,ts-ticketinfo-service,c106bcb8c5504a4f,e23022586e1b595b,561ef53e60787ed,4598,200,GET,ts-ticketinfo-service
1650248443,ts-ticketinfo-service,c403c045630fc371,925938d98659ed17,561ef53e60787ed,5670,200,GET,ts-ticketinfo-service
1650248443,ts-route-service,44d6c110d4096011,f6da9a179f1bfb75,561ef53e60787ed,2194,200,queryById,ts-travel-service
1650248443,ts-travel-service,fcf0264776fafe99,561ef53e60787ed,561ef53e60787ed,9544,200,GET,ts-travel-service
1650248443,ts-travel-service,d11837b0af2f8e92,561ef53e60787ed,561ef53e60787ed,6782,200,GET,ts-travel-service
1650248443,ts-travel-service,f6da9a179f1bfb75,561ef53e60787ed,561ef53e60787ed,2595,200,GET,ts-travel-service
1650248443,ts-basic-service,2618c2fe006e6d70,9ede6c02309c209a,561ef53e60787ed,2774,200,GET,ts-basic-service
1650248443,ts-route-service,1835cc6337540386,901b45556d2dc040,561ef53e60787ed,2228,200,queryById,ts-travel-service
1650248443,ts-route-service,d7a71b179c25b11,659a36c2581587f3,561ef53e60787ed,12566,200,queryById,ts-travel-service
1650248443,ts-travel-service,659a36c2581587f3,561ef53e60787ed,561ef53e60787ed,12823,200,GET,ts-travel-service
1650248443,ts-travel-service,561ef53e60787ed,,561ef53e60787ed,51047,200,queryInfo,no_parent
1650248443,ts-travel-service,901b45556d2dc040,561ef53e60787ed,561ef53e60787ed,3664,200,GET,ts-travel-service
1650248443,ts-station-service,7116c8e02c149219,c8e993781b5ac73e,561ef53e60787ed,1807,200,queryForStationId,ts-basic-service
1650248443,ts-travel-service,60b4dddbaa1c4944,561ef53e60787ed,561ef53e60787ed,1859,200,GET,ts-travel-service
1650248443,ts-travel-service,e1ffa6171c1d2f9c,561ef53e60787ed,561ef53e60787ed,2145,200,GET,ts-travel-service
1650248443,ts-station-service,53a8537999ce5fd3,2618c2fe006e6d70,561ef53e60787ed,1969,200,queryForStationId,ts-basic-service
1650248443,ts-assurance-service,677885f27ce66322,,677885f27ce66322,1886,200,getAllAssuranceType,no_parent
1650248503,ts-route-service,2d675c7d86780a0c,db41bcd597349d26,2e2427632dbb77fd,2228,200,queryById,ts-travel-service
1650248503,ts-route-service,3f8d3598a095dea7,3931e5c8c26a4ddf,2e2427632dbb77fd,2208,200,queryById,ts-travel-service
1650248503,ts-route-service,332b5bcfe15e1b40,f4098246e85fc1ea,2e2427632dbb77fd,2132,200,queryById,ts-travel-service
1650248503,ts-route-service,f77d7b94a6ee52fa,a811cf031e55b00d,2e2427632dbb77fd,2596,200,queryById,ts-travel-service
1650248503,ts-station-service,f1f1265bc3dca3eb,6a7cad2e90054f99,2e2427632dbb77fd,2256,200,queryForStationId,ts-basic-service
1650248503,ts-station-service,4c80bf24bcbd67f2,48003fd3187fcb5,2e2427632dbb77fd,1838,200,queryForStationId,ts-basic-service
1650248503,ts-travel-service,eef9084318341f11,2e2427632dbb77fd,2e2427632dbb77fd,10718,200,GET,ts-travel-service
1650248503,ts-travel-service,a811cf031e55b00d,2e2427632dbb77fd,2e2427632dbb77fd,4519,200,GET,ts-travel-service
1650248503,ts-travel-service,d0fb2d3c019358ed,2e2427632dbb77fd,2e2427632dbb77fd,8059,200,GET,ts-travel-service
1650248503,ts-travel-service,3d8a21a80fa81910,2e2427632dbb77fd,2e2427632dbb77fd,2354,200,GET,ts-travel-service
1650248503,ts-ticketinfo-service,6708ef69729a9,4d62a71fbef98aec,2e2427632dbb77fd,5371,200,GET,ts-ticketinfo-service
1650248503,ts-travel-service,3931e5c8c26a4ddf,2e2427632dbb77fd,2e2427632dbb77fd,2730,200,GET,ts-travel-service
1650248503,ts-travel-service,db41bcd597349d26,2e2427632dbb77fd,2e2427632dbb77fd,2399,200,GET,ts-travel-service
1650248503,ts-ticketinfo-service,d6e5631565d44b46,c0d7bbc9f243e0a6,2e2427632dbb77fd,6990,200,GET,ts-ticketinfo-service
1650248503,ts-route-service,c7968b862c1003cf,3d8a21a80fa81910,2e2427632dbb77fd,2153,200,queryById,ts-travel-service
1650248503,ts-basic-service,6a7cad2e90054f99,c76c569237a1bd4b,2e2427632dbb77fd,3369,200,GET,ts-basic-service
1650248503,ts-travel-service,f4098246e85fc1ea,2e2427632dbb77fd,2e2427632dbb77fd,2351,200,GET,ts-travel-service
1650248503,ts-travel-service,2e2427632dbb77fd,,2e2427632dbb77fd,45487,200,queryInfo,no_parent
1650248503,ts-basic-service,31ecf5c08ed375a7,6708ef69729a9,2e2427632dbb77fd,4637,200,queryForStationId,ts-ticketinfo-service
1650248503,ts-ticketinfo-service,c0d7bbc9f243e0a6,eef9084318341f11,2e2427632dbb77fd,9143,200,queryForStationId,ts-travel-service
1650248503,ts-ticketinfo-service,4d62a71fbef98aec,d0fb2d3c019358ed,2e2427632dbb77fd,7518,200,queryForStationId,ts-travel-service
1650248503,ts-basic-service,48003fd3187fcb5,31ecf5c08ed375a7,2e2427632dbb77fd,2396,200,GET,ts-basic-service
1650248503,ts-basic-service,c76c569237a1bd4b,d6e5631565d44b46,2e2427632dbb77fd,5653,200,queryForStationId,ts-ticketinfo-service
1650248503,ts-preserve-service,8a2d2a55f5f987b4,,8a2d2a55f5f987b4,28441,200,preserve,no_parent
1650248503,ts-order-service,9dddcce2234efdfb,1021d90fe5b9331d,8a2d2a55f5f987b4,3338,200,securityInfoCheck,ts-security-service
1650248503,ts-contacts-service,a6915099510ac466,d66ce12931d62d57,8a2d2a55f5f987b4,8313,200,getContactsByContactsId,ts-preserve-service
1650248503,ts-preserve-service,458558eb5d2f9084,8a2d2a55f5f987b4,8a2d2a55f5f987b4,15830,200,GET,ts-preserve-service
1650248503,ts-preserve-service,d66ce12931d62d57,8a2d2a55f5f987b4,8a2d2a55f5f987b4,9610,200,GET,ts-preserve-service
1650248503,ts-order-other-service,286cad44f7ea73f1,91edd3fafa16a16,8a2d2a55f5f987b4,3538,200,securityInfoCheck,ts-security-service
1650248503,ts-security-service,1021d90fe5b9331d,1966a5fcaec3cef7,8a2d2a55f5f987b4,4792,200,GET,ts-security-service
1650248503,ts-security-service,91edd3fafa16a16,1966a5fcaec3cef7,8a2d2a55f5f987b4,4729,200,GET,ts-security-service
1650248503,ts-security-service,1966a5fcaec3cef7,458558eb5d2f9084,8a2d2a55f5f987b4,14218,200,check,ts-preserve-service
1650248503,ts-order-service,1f331c9f320d6032,c08028f7d41ec77c,c08028f7d41ec77c,10008,200,POST,ts-order-service
1650248503,ts-contacts-service,973205632b9ae28a,,973205632b9ae28a,2920,200,findContactsByAccountId,no_parent
1650248503,ts-station-service,33802bfc9052657b,1f331c9f320d6032,c08028f7d41ec77c,8471,200,queryForNameBatch,ts-order-service
1650248503,ts-order-service,c08028f7d41ec77c,,c08028f7d41ec77c,13406,200,queryOrdersForRefresh,no_parent
1650248503,ts-auth-service,f502a18d66906be9,ad7b7823498c05fb,ad7b7823498c05fb,3722,200,GET,ts-auth-service
1650248503,ts-verification-code-service,cf20af05da1939c4,,cf20af05da1939c4,3119,200,imageCode,no_parent
1650248503,ts-auth-service,ad7b7823498c05fb,,ad7b7823498c05fb,110192,200,getToken,no_parent
1650248503,ts-verification-code-service,bc5a69b31da86882,f502a18d66906be9,ad7b7823498c05fb,2009,200,verifyCode,ts-auth-service
1650248503,ts-assurance-service,da037edc22647910,,da037edc22647910,1734,200,getAllAssuranceType,no_parent
1650248563,ts-basic-service,c2103c6d6748ef6b,733540a8c97167b1,e4ad22d50c429e6b,5100,200,queryForStationId,ts-ticketinfo-service
1650248563,ts-basic-service,55229f6f54a1b4b3,5f7aacd6368b5b63,e4ad22d50c429e6b,3738,200,GET,ts-basic-service
1650248563,ts-basic-service,5f7aacd6368b5b63,7f7ffdb2df5c6ff6,e4ad22d50c429e6b,6224,200,queryForStationId,ts-ticketinfo-service
1650248563,ts-verification-code-service,6d9891756dc372bd,167d3531add92935,c2a4e9db08da318c,2253,200,verifyCode,ts-auth-service
1650248563,ts-auth-service,c2a4e9db08da318c,,c2a4e9db08da318c,116316,200,getToken,no_parent
1650248563,ts-auth-service,167d3531add92935,c2a4e9db08da318c,c2a4e9db08da318c,3986,200,GET,ts-auth-service
1650248563,ts-route-service,7b0d0c46145dd915,f3c8b911b809ba22,e4ad22d50c429e6b,2183,200,queryById,ts-travel-service
1650248563,ts-route-service,13928350cda8e667,28b9ea8f2eac770d,e4ad22d50c429e6b,2032,200,queryById,ts-travel-service
1650248563,ts-route-service,ccc8e44b2a8a6905,2b8e6b75dcd14bb6,e4ad22d50c429e6b,2610,200,queryById,ts-travel-service
1650248563,ts-route-service,7283db410fda2f62,87d36b3a73033e00,e4ad22d50c429e6b,2143,200,queryById,ts-travel-service
1650248563,ts-station-service,664fb39b85d0f907,c0cabb08deea113d,e4ad22d50c429e6b,2347,200,queryForStationId,ts-basic-service
1650248563,ts-basic-service,c0cabb08deea113d,c2103c6d6748ef6b,e4ad22d50c429e6b,3028,200,GET,ts-basic-service
1650248563,ts-ticketinfo-service,7f7ffdb2df5c6ff6,82e5bd09d4242cf6,e4ad22d50c429e6b,7436,200,GET,ts-ticketinfo-service
1650248563,ts-ticketinfo-service,733540a8c97167b1,42ee6b1b90a11e5e,e4ad22d50c429e6b,5799,200,GET,ts-ticketinfo-service
1650248563,ts-ticketinfo-service,42ee6b1b90a11e5e,181dca3ba6d044ab,e4ad22d50c429e6b,7754,200,queryForStationId,ts-travel-service
1650248563,ts-station-service,eaeac709682d8abe,55229f6f54a1b4b3,e4ad22d50c429e6b,2649,200,queryForStationId,ts-basic-service
1650248563,ts-travel-service,cbfb55f86cf9df54,e4ad22d50c429e6b,e4ad22d50c429e6b,10977,200,GET,ts-travel-service
1650248563,ts-travel-service,f3c8b911b809ba22,e4ad22d50c429e6b,e4ad22d50c429e6b,2656,200,GET,ts-travel-service
1650248563,ts-route-service,ce7ec521f98186dc,6d1702a4bafd7a5d,e4ad22d50c429e6b,2139,200,queryById,ts-travel-service
1650248563,ts-travel-service,2b8e6b75dcd14bb6,e4ad22d50c429e6b,e4ad22d50c429e6b,4027,200,GET,ts-travel-service
1650248563,ts-travel-service,181dca3ba6d044ab,e4ad22d50c429e6b,e4ad22d50c429e6b,8305,200,GET,ts-travel-service
1650248563,ts-contacts-service,f2c40df8d984eaf2,756f61c50f351d46,23eda85c2bf741d5,2699,200,getContactsByContactsId,ts-preserve-service
1650248563,ts-preserve-service,e3762b097c0d020,23eda85c2bf741d5,23eda85c2bf741d5,16511,200,GET,ts-preserve-service
1650248563,ts-preserve-service,756f61c50f351d46,23eda85c2bf741d5,23eda85c2bf741d5,3932,200,GET,ts-preserve-service
1650248563,ts-preserve-service,23eda85c2bf741d5,,23eda85c2bf741d5,23136,200,preserve,no_parent
1650248563,ts-contacts-service,6eec14f70e000383,,6eec14f70e000383,2852,200,findContactsByAccountId,no_parent
1650248563,ts-security-service,2f46780651b6d8e1,61c362132baf58be,23eda85c2bf741d5,4950,200,GET,ts-security-service
1650248563,ts-security-service,61c362132baf58be,e3762b097c0d020,23eda85c2bf741d5,14885,200,check,ts-preserve-service
1650248563,ts-security-service,d6ced4bef20f35b1,61c362132baf58be,23eda85c2bf741d5,4827,200,GET,ts-security-service
1650248563,ts-ticketinfo-service,82e5bd09d4242cf6,cbfb55f86cf9df54,e4ad22d50c429e6b,9721,200,queryForStationId,ts-travel-service
1650248563,ts-travel-service,28b9ea8f2eac770d,e4ad22d50c429e6b,e4ad22d50c429e6b,2249,200,GET,ts-travel-service
1650248563,ts-travel-service,6d1702a4bafd7a5d,e4ad22d50c429e6b,e4ad22d50c429e6b,2331,200,GET,ts-travel-service
1650248563,ts-travel-service,87d36b3a73033e00,e4ad22d50c429e6b,e4ad22d50c429e6b,2347,200,GET,ts-travel-service
1650248563,ts-order-service,581477677b0f3610,2f46780651b6d8e1,23eda85c2bf741d5,3601,200,securityInfoCheck,ts-security-service
1650248563,ts-order-other-service,a374f47de9d74837,d6ced4bef20f35b1,23eda85c2bf741d5,3480,200,securityInfoCheck,ts-security-service
1650248563,ts-station-service,675598b1e9bdaa42,142dcfe574dde81,3ea921b02f8da100,8583,200,queryForNameBatch,ts-order-service
1650248563,ts-order-service,3ea921b02f8da100,,3ea921b02f8da100,13036,200,queryOrdersForRefresh,no_parent
1650248563,ts-order-service,142dcfe574dde81,3ea921b02f8da100,3ea921b02f8da100,9891,200,POST,ts-order-service
1650248563,ts-verification-code-service,561f20651f28a5ef,,561f20651f28a5ef,3144,200,imageCode,no_parent
1650248563,ts-travel-service,e4ad22d50c429e6b,,e4ad22d50c429e6b,43983,200,queryInfo,no_parent
1650248563,ts-assurance-service,60662a7326c89847,,60662a7326c89847,1891,200,getAllAssuranceType,no_parent
1650248623,ts-basic-service,66a5f7f85dc449d,8cc660f12a282a59,c378ba0e32d816bc,6609,200,queryForStationId,ts-ticketinfo-service
1650248623,ts-basic-service,5adaa963ad625b09,66a5f7f85dc449d,c378ba0e32d816bc,4000,200,GET,ts-basic-service
1650248623,ts-basic-service,9568ede07b9a8670,65e6818a12fa76c4,c378ba0e32d816bc,4644,200,queryForStationId,ts-ticketinfo-service
1650248623,ts-basic-service,caeca43d84b5d469,9568ede07b9a8670,c378ba0e32d816bc,2789,200,GET,ts-basic-service
1650248623,ts-ticketinfo-service,8cc660f12a282a59,b61c31ef4a5ec1a5,c378ba0e32d816bc,7626,200,GET,ts-ticketinfo-service
1650248623,ts-ticketinfo-service,b61c31ef4a5ec1a5,6b6959261601e21f,c378ba0e32d816bc,10063,200,queryForStationId,ts-travel-service
1650248623,ts-ticketinfo-service,61186ac6f47cb349,693fee91421c69ae,c378ba0e32d816bc,7367,200,queryForStationId,ts-travel-service
1650248623,ts-assurance-service,b7b4cb6bf4238e9f,,b7b4cb6bf4238e9f,1850,200,getAllAssuranceType,no_parent
1650248623,ts-station-service,442dfff003a0043f,5adaa963ad625b09,c378ba0e32d816bc,2646,200,queryForStationId,ts-basic-service
1650248623,ts-travel-service,4b155dd1a7d965ab,c378ba0e32d816bc,c378ba0e32d816bc,2422,200,GET,ts-travel-service
1650248623,ts-travel-service,bf7968f45cf4d726,c378ba0e32d816bc,c378ba0e32d816bc,2278,200,GET,ts-travel-service
1650248623,ts-station-service,fdf74cf49332b2d7,caeca43d84b5d469,c378ba0e32d816bc,2137,200,queryForStationId,ts-basic-service
1650248623,ts-verification-code-service,ed68cf596bc4b7fd,,ed68cf596bc4b7fd,2996,200,imageCode,no_parent
1650248623,ts-verification-code-service,cc852306fc5074ec,ddf689c3f4bebcc9,5e1dff9dab347507,2034,200,verifyCode,ts-auth-service
1650248623,ts-auth-service,ddf689c3f4bebcc9,5e1dff9dab347507,5e1dff9dab347507,3775,200,GET,ts-auth-service
1650248623,ts-auth-service,5e1dff9dab347507,,5e1dff9dab347507,110542,200,getToken,no_parent
1650248623,ts-travel-service,cedffc69589b9b62,c378ba0e32d816bc,c378ba0e32d816bc,2377,200,GET,ts-travel-service
1650248623,ts-travel-service,c378ba0e32d816bc,,c378ba0e32d816bc,43991,200,queryInfo,no_parent
1650248623,ts-route-service,c62c764248d438b4,bf7968f45cf4d726,c378ba0e32d816bc,2021,200,queryById,ts-travel-service
1650248623,ts-route-service,9808a956c4eb971,da6c01a91c6886e0,c378ba0e32d816bc,2613,200,queryById,ts-travel-service
1650248623,ts-travel-service,693fee91421c69ae,c378ba0e32d816bc,c378ba0e32d816bc,7818,200,GET,ts-travel-service
1650248623,ts-travel-service,da6c01a91c6886e0,c378ba0e32d816bc,c378ba0e32d816bc,3882,200,GET,ts-travel-service
1650248623,ts-order-service,275bfcb39c90a25f,c5ea798e72535ed1,1e1febe523da0121,3919,200,securityInfoCheck,ts-security-service
1650248623,ts-order-other-service,4f372d5680db476e,b431f0decc5f1512,1e1febe523da0121,3602,200,securityInfoCheck,ts-security-service
1650248623,ts-security-service,b431f0decc5f1512,39dca348a9475924,1e1febe523da0121,4909,200,GET,ts-security-service
1650248623,ts-security-service,39dca348a9475924,f1687758812cca5b,1e1febe523da0121,14884,200,check,ts-preserve-service
1650248623,ts-security-service,c5ea798e72535ed1,39dca348a9475924,1e1febe523da0121,5266,200,GET,ts-security-service
1650248623,ts-contacts-service,14cc7b820cabbfe,45f8cacbab649c27,1e1febe523da0121,2311,200,getContactsByContactsId,ts-preserve-service
1650248623,ts-preserve-service,1e1febe523da0121,,1e1febe523da0121,22847,200,preserve,no_parent
1650248623,ts-preserve-service,45f8cacbab649c27,1e1febe523da0121,1e1febe523da0121,3547,200,GET,ts-preserve-service
1650248623,ts-preserve-service,f1687758812cca5b,1e1febe523da0121,1e1febe523da0121,16487,200,GET,ts-preserve-service
1650248623,ts-order-service,1c8ab29e18a3e22,550787d88db80607,550787d88db80607,10096,200,POST,ts-order-service
1650248623,ts-station-service,f6f4379f05a00896,1c8ab29e18a3e22,550787d88db80607,8651,200,queryForNameBatch,ts-order-service
1650248623,ts-order-service,550787d88db80607,,550787d88db80607,13380,200,queryOrdersForRefresh,no_parent
1650248623,ts-travel-service,6b6959261601e21f,c378ba0e32d816bc,c378ba0e32d816bc,11811,200,GET,ts-travel-service
1650248623,ts-ticketinfo-service,65e6818a12fa76c4,61186ac6f47cb349,c378ba0e32d816bc,5373,200,GET,ts-ticketinfo-service
1650248623,ts-travel-service,c4b7500183b05591,c378ba0e32d816bc,c378ba0e32d816bc,2679,200,GET,ts-travel-service
1650248623,ts-contacts-service,dd479c49b001601e,,dd479c49b001601e,3121,200,findContactsByAccountId,no_parent
1650248623,ts-route-service,119cadf746fb11aa,4b155dd1a7d965ab,c378ba0e32d816bc,2209,200,queryById,ts-travel-service
1650248623,ts-route-service,408c623aa1c44404,cedffc69589b9b62,c378ba0e32d816bc,2167,200,queryById,ts-travel-service
1650248623,ts-route-service,f47bd0b642c2862e,c4b7500183b05591,c378ba0e32d816bc,2144,200,queryById,ts-travel-service
1650248683,ts-security-service,a9bf51c895cc9c67,67c11ffdb0636713,fe64755b70cb992d,15137,200,check,ts-preserve-service
1650248683,ts-contacts-service,e9189e5594d865db,,e9189e5594d865db,3349,200,findContactsByAccountId,no_parent
1650248683,ts-preserve-service,fe64755b70cb992d,,fe64755b70cb992d,22226,200,preserve,no_parent
1650248683,ts-security-service,22485de5ee6727d9,a9bf51c895cc9c67,fe64755b70cb992d,5549,200,GET,ts-security-service
1650248683,ts-preserve-service,67c11ffdb0636713,fe64755b70cb992d,fe64755b70cb992d,16725,200,GET,ts-preserve-service
1650248684,ts-route-service,3e68976bb9d4c03f,735412c78eaea52e,659d2fe02b24d4a7,1609,200,queryById,ts-travel-service
1650248684,ts-route-service,12002366d2c464b0,41f8a3669b58c8e2,659d2fe02b24d4a7,1561,200,queryById,ts-travel-service
1650248684,ts-travel-service,6b3b046fa68b1cc,659d2fe02b24d4a7,659d2fe02b24d4a7,2079,200,GET,ts-travel-service
1650248684,ts-travel-service,735412c78eaea52e,659d2fe02b24d4a7,659d2fe02b24d4a7,1744,200,GET,ts-travel-service
1650248684,ts-travel-service,c5e579a9713ba038,659d2fe02b24d4a7,659d2fe02b24d4a7,1895,200,GET,ts-travel-service
1650248684,ts-ticketinfo-service,8806d3f191bbf945,15c8f2279b6b2c01,659d2fe02b24d4a7,5459,200,GET,ts-ticketinfo-service
1650248684,ts-ticketinfo-service,de874ed4418f90bc,9cbfe9690fd0686c,659d2fe02b24d4a7,9983,200,queryForStationId,ts-travel-service
1650248684,ts-ticketinfo-service,15c8f2279b6b2c01,d218834051534525,659d2fe02b24d4a7,7527,200,queryForStationId,ts-travel-service
1650248684,ts-ticketinfo-service,2be5ed5d8434eb5a,de874ed4418f90bc,659d2fe02b24d4a7,7623,200,GET,ts-ticketinfo-service
1650248684,ts-travel-service,9cbfe9690fd0686c,659d2fe02b24d4a7,659d2fe02b24d4a7,11720,200,GET,ts-travel-service
1650248684,ts-basic-service,628e8f73307c893c,d1c4141b6fd34220,659d2fe02b24d4a7,2978,200,GET,ts-basic-service
1650248684,ts-basic-service,d1c4141b6fd34220,8806d3f191bbf945,659d2fe02b24d4a7,4728,200,queryForStationId,ts-ticketinfo-service
1650248684,ts-travel-service,41f8a3669b58c8e2,659d2fe02b24d4a7,659d2fe02b24d4a7,1617,200,GET,ts-travel-service
1650248684,ts-travel-service,3d6abf0a5898137,659d2fe02b24d4a7,659d2fe02b24d4a7,3811,200,GET,ts-travel-service
1650248684,ts-travel-service,d218834051534525,659d2fe02b24d4a7,659d2fe02b24d4a7,7891,200,GET,ts-travel-service
1650248684,ts-travel-service,659d2fe02b24d4a7,,659d2fe02b24d4a7,44199,200,queryInfo,no_parent
1650248684,ts-route-service,b0b6705b11d454b6,3d6abf0a5898137,659d2fe02b24d4a7,2658,200,queryById,ts-travel-service
1650248684,ts-route-service,f091babb378b95ce,6b3b046fa68b1cc,659d2fe02b24d4a7,1605,200,queryById,ts-travel-service
1650248684,ts-route-service,e4e84a7edf683cd9,c5e579a9713ba038,659d2fe02b24d4a7,1756,200,queryById,ts-travel-service
1650248684,ts-station-service,ae6bdd0d04f44405,628e8f73307c893c,659d2fe02b24d4a7,2349,200,queryForStationId,ts-basic-service
1650248684,ts-station-service,63756de84e987088,b189e4bef84b9dee,659d2fe02b24d4a7,3189,200,queryForStationId,ts-basic-service
1650248684,ts-basic-service,e7de58893dd8a582,2be5ed5d8434eb5a,659d2fe02b24d4a7,6542,200,queryForStationId,ts-ticketinfo-service
1650248684,ts-basic-service,b189e4bef84b9dee,e7de58893dd8a582,659d2fe02b24d4a7,4309,200,GET,ts-basic-service
1650248684,ts-verification-code-service,4561da358236dc69,4d827fc2c325a4a3,9d245f45b565eaa4,1963,200,verifyCode,ts-auth-service
1650248684,ts-auth-service,4d827fc2c325a4a3,9d245f45b565eaa4,9d245f45b565eaa4,3490,200,GET,ts-auth-service
1650248684,ts-order-other-service,144acb72e25cbf72,a4e407d1b66392a8,fe64755b70cb992d,3773,200,securityInfoCheck,ts-security-service
1650248684,ts-security-service,a4e407d1b66392a8,a9bf51c895cc9c67,fe64755b70cb992d,5092,200,GET,ts-security-service
1650248684,ts-contacts-service,b84e0cdb812cdc72,c5340b0a7f7147f2,fe64755b70cb992d,1588,200,getContactsByContactsId,ts-preserve-service
1650248684,ts-preserve-service,c5340b0a7f7147f2,fe64755b70cb992d,fe64755b70cb992d,2843,200,GET,ts-preserve-service
1650248684,ts-order-service,fc117195b88ebb00,22485de5ee6727d9,fe64755b70cb992d,4178,200,securityInfoCheck,ts-security-service
1650248684,ts-station-service,23b46fed4ece6530,deef955215c0fa14,734956036a61ddef,6697,200,queryForNameBatch,ts-order-service
1650248684,ts-order-service,deef955215c0fa14,734956036a61ddef,734956036a61ddef,8320,200,POST,ts-order-service
1650248684,ts-order-service,734956036a61ddef,,734956036a61ddef,11252,200,queryOrdersForRefresh,no_parent
1650248684,ts-auth-service,9d245f45b565eaa4,,9d245f45b565eaa4,108689,200,getToken,no_parent
1650248684,ts-verification-code-service,e52d5c7a3d2f0840,,e52d5c7a3d2f0840,2419,200,imageCode,no_parent
1650248684,ts-assurance-service,1eb9b144196be4c7,,1eb9b144196be4c7,2028,200,getAllAssuranceType,no_parent
1650248744,ts-route-service,3297cc5d6bc17062,a4d8d153ab5b5bb,c948289343aec3fb,2188,200,queryById,ts-travel-service
1650248744,ts-route-service,685b68d74f33fd26,769974fe39cb7692,c948289343aec3fb,2116,200,queryById,ts-travel-service
1650248744,ts-route-service,1dc1a073a10abca0,16f819608c3d1c81,c948289343aec3fb,2608,200,queryById,ts-travel-service
1650248744,ts-route-service,908e6143471c07c4,1deeabbfa1851dd3,c948289343aec3fb,2256,200,queryById,ts-travel-service
1650248744,ts-station-service,6d044fa5c74b49f1,9c4ccdb63bf667b5,c948289343aec3fb,2355,200,queryForStationId,ts-basic-service
1650248744,ts-station-service,b1ff5849d8815e96,22246b5018282818,c948289343aec3fb,2653,200,queryForStationId,ts-basic-service
1650248744,ts-verification-code-service,6dd061de3e989a50,209055b4d70d21dc,aa34348cb032c663,1981,200,verifyCode,ts-auth-service
1650248744,ts-basic-service,bbb91eef921cfe70,ea074290b51675cc,c948289343aec3fb,5286,200,queryForStationId,ts-ticketinfo-service
1650248744,ts-ticketinfo-service,7c530f909512a056,350f4eeb862e7871,c948289343aec3fb,7419,200,GET,ts-ticketinfo-service
1650248744,ts-travel-service,16f819608c3d1c81,c948289343aec3fb,c948289343aec3fb,3131,200,GET,ts-travel-service
1650248744,ts-travel-service,a4d8d153ab5b5bb,c948289343aec3fb,c948289343aec3fb,2383,200,GET,ts-travel-service
1650248744,ts-travel-service,c948289343aec3fb,,c948289343aec3fb,46446,200,queryInfo,no_parent
1650248744,ts-travel-service,1deeabbfa1851dd3,c948289343aec3fb,c948289343aec3fb,2459,200,GET,ts-travel-service
1650248744,ts-basic-service,22246b5018282818,b3ba4458de64c30a,c948289343aec3fb,3733,200,GET,ts-basic-service
1650248744,ts-order-service,47cf1d8933f1f675,,47cf1d8933f1f675,13331,200,queryOrdersForRefresh,no_parent
1650248744,ts-security-service,2e299fcad34b1eba,e66c61f3b4bcc498,3f0a75133831cefd,5018,200,GET,ts-security-service
1650248744,ts-security-service,548e053cc39e0100,e66c61f3b4bcc498,3f0a75133831cefd,4927,200,GET,ts-security-service
1650248744,ts-security-service,e66c61f3b4bcc498,2792c524b07aa845,3f0a75133831cefd,15035,200,check,ts-preserve-service
1650248744,ts-auth-service,209055b4d70d21dc,aa34348cb032c663,aa34348cb032c663,3764,200,GET,ts-auth-service
1650248744,ts-auth-service,aa34348cb032c663,,aa34348cb032c663,112946,200,getToken,no_parent
1650248744,ts-ticketinfo-service,ea074290b51675cc,8e4090cd3f0844b9,c948289343aec3fb,5994,200,GET,ts-ticketinfo-service
1650248744,ts-ticketinfo-service,350f4eeb862e7871,7c51022b7e8ce736,c948289343aec3fb,9776,200,queryForStationId,ts-travel-service
1650248744,ts-route-service,c162daf414a08fee,676c30ba21092785,c948289343aec3fb,2593,200,queryById,ts-travel-service
1650248744,ts-travel-service,778378c94de92d9a,c948289343aec3fb,c948289343aec3fb,8504,200,GET,ts-travel-service
1650248744,ts-travel-service,676c30ba21092785,c948289343aec3fb,c948289343aec3fb,3868,200,GET,ts-travel-service
1650248744,ts-basic-service,b3ba4458de64c30a,7c530f909512a056,c948289343aec3fb,6221,200,queryForStationId,ts-ticketinfo-service
1650248744,ts-basic-service,9c4ccdb63bf667b5,bbb91eef921cfe70,c948289343aec3fb,3184,200,GET,ts-basic-service
1650248744,ts-ticketinfo-service,8e4090cd3f0844b9,778378c94de92d9a,c948289343aec3fb,8070,200,queryForStationId,ts-travel-service
1650248744,ts-travel-service,769974fe39cb7692,c948289343aec3fb,c948289343aec3fb,2366,200,GET,ts-travel-service
1650248744,ts-travel-service,7c51022b7e8ce736,c948289343aec3fb,c948289343aec3fb,11270,200,GET,ts-travel-service
1650248744,ts-preserve-service,2792c524b07aa845,3f0a75133831cefd,3f0a75133831cefd,16538,200,GET,ts-preserve-service
1650248744,ts-preserve-service,3f0a75133831cefd,,3f0a75133831cefd,23210,200,preserve,no_parent
1650248744,ts-preserve-service,9a067424d0be7ec1,3f0a75133831cefd,3f0a75133831cefd,3527,200,GET,ts-preserve-service
1650248744,ts-order-service,e1f173634bb103a1,2e299fcad34b1eba,3f0a75133831cefd,3541,200,securityInfoCheck,ts-security-service
1650248744,ts-order-other-service,9865f03751d31129,548e053cc39e0100,3f0a75133831cefd,3579,200,securityInfoCheck,ts-security-service
1650248744,ts-station-service,307bac7b9931dc5f,65e36cde97abe010,47cf1d8933f1f675,8672,200,queryForNameBatch,ts-order-service
1650248744,ts-order-service,65e36cde97abe010,47cf1d8933f1f675,47cf1d8933f1f675,10141,200,POST,ts-order-service
1650248744,ts-contacts-service,2be5fe8626dbf975,9a067424d0be7ec1,3f0a75133831cefd,2225,200,getContactsByContactsId,ts-preserve-service
1650248744,ts-contacts-service,95fcca22b45483b1,,95fcca22b45483b1,2890,200,findContactsByAccountId,no_parent
1650248744,ts-verification-code-service,7f4c8cb6079694dd,,7f4c8cb6079694dd,2972,200,imageCode,no_parent
1650248744,ts-assurance-service,e4147b6aa03df712,,e4147b6aa03df712,2202,200,getAllAssuranceType,no_parent
1650248805,ts-security-service,5741135819c1da64,873930756c4e8c74,efdf91c14d465d81,14212,200,check,ts-preserve-service
1650248805,ts-travel-service,aff9b1e0186c64fb,9ead8927e4bb254,9ead8927e4bb254,2255,200,GET,ts-travel-service
1650248805,ts-travel-service,9ead8927e4bb254,,9ead8927e4bb254,49000,200,queryInfo,no_parent
1650248805,ts-order-service,ec66efd7b492d3a0,4de6b6d6c954bbe,4de6b6d6c954bbe,9900,200,POST,ts-order-service
1650248805,ts-order-service,4de6b6d6c954bbe,,4de6b6d6c954bbe,13575,200,queryOrdersForRefresh,no_parent
1650248805,ts-basic-service,ae3f1c960d138c51,e6559481c3745dab,9ead8927e4bb254,5060,200,queryForStationId,ts-ticketinfo-service
1650248805,ts-basic-service,c2551c745b5e6212,bdf8e2292a4d6bca,9ead8927e4bb254,12166,200,queryForStationId,ts-ticketinfo-service
1650248805,ts-basic-service,84c200b7e58c4496,ae3f1c960d138c51,9ead8927e4bb254,3014,200,GET,ts-basic-service
1650248805,ts-ticketinfo-service,87feabecf87656c5,cd298fa2defa20ea,9ead8927e4bb254,15608,200,queryForStationId,ts-travel-service
1650248805,ts-travel-service,e32f61c14bbdcbfa,9ead8927e4bb254,9ead8927e4bb254,2259,200,GET,ts-travel-service
1650248805,ts-travel-service,4383350c1bfac381,9ead8927e4bb254,9ead8927e4bb254,4035,200,GET,ts-travel-service
1650248805,ts-ticketinfo-service,e6559481c3745dab,322a5014ba09c1ce,9ead8927e4bb254,5719,200,GET,ts-ticketinfo-service
1650248805,ts-verification-code-service,2547adb8946a240f,,2547adb8946a240f,3005,200,imageCode,no_parent
1650248805,ts-travel-service,13365c0e90dd360,9ead8927e4bb254,9ead8927e4bb254,2327,200,GET,ts-travel-service
1650248805,ts-travel-service,a234aaaee7dea57e,9ead8927e4bb254,9ead8927e4bb254,2670,200,GET,ts-travel-service
1650248805,ts-assurance-service,ba71f0f45dbcada7,,ba71f0f45dbcada7,1890,200,getAllAssuranceType,no_parent
1650248805,ts-contacts-service,8dc1e45d0347a17b,428976afa7ff0cf,efdf91c14d465d81,2464,200,getContactsByContactsId,ts-preserve-service
1650248805,ts-route-service,a2cd05b42196a94,4383350c1bfac381,9ead8927e4bb254,2687,200,queryById,ts-travel-service
1650248805,ts-verification-code-service,5f3fb3b9275be44,737bee09c6eca62b,6a6b03e2e3ec158b,2026,200,verifyCode,ts-auth-service
1650248805,ts-auth-service,737bee09c6eca62b,6a6b03e2e3ec158b,6a6b03e2e3ec158b,3702,200,GET,ts-auth-service
1650248805,ts-basic-service,28fd4f1bdef85d85,c2551c745b5e6212,9ead8927e4bb254,3769,200,GET,ts-basic-service
1650248805,ts-ticketinfo-service,bdf8e2292a4d6bca,87feabecf87656c5,9ead8927e4bb254,13304,200,GET,ts-ticketinfo-service
1650248805,ts-preserve-service,428976afa7ff0cf,efdf91c14d465d81,efdf91c14d465d81,3523,200,GET,ts-preserve-service
1650248805,ts-preserve-service,873930756c4e8c74,efdf91c14d465d81,efdf91c14d465d81,15811,200,GET,ts-preserve-service
1650248805,ts-preserve-service,efdf91c14d465d81,,efdf91c14d465d81,22259,200,preserve,no_parent
1650248805,ts-station-service,8c53f6655455e6d9,84c200b7e58c4496,9ead8927e4bb254,2311,200,queryForStationId,ts-basic-service
1650248805,ts-security-service,354b88cfbb3f8b23,5741135819c1da64,efdf91c14d465d81,4740,200,GET,ts-security-service
1650248805,ts-route-service,94ce7c1e07eff73,e32f61c14bbdcbfa,9ead8927e4bb254,2113,200,queryById,ts-travel-service
1650248805,ts-station-service,1877fa6cbfe124d3,28fd4f1bdef85d85,9ead8927e4bb254,2711,200,queryForStationId,ts-basic-service
1650248805,ts-travel-service,cd298fa2defa20ea,9ead8927e4bb254,9ead8927e4bb254,17162,200,GET,ts-travel-service
1650248805,ts-ticketinfo-service,322a5014ba09c1ce,b33f7d975af558ac,9ead8927e4bb254,7762,200,queryForStationId,ts-travel-service
1650248805,ts-route-service,8b5cfb8e5e0fe9da,a234aaaee7dea57e,9ead8927e4bb254,2222,200,queryById,ts-travel-service
1650248805,ts-route-service,f5b3dd20f26d242,aff9b1e0186c64fb,9ead8927e4bb254,2069,200,queryById,ts-travel-service
1650248805,ts-route-service,f77e1fac5ecd53fb,13365c0e90dd360,9ead8927e4bb254,2212,200,queryById,ts-travel-service
1650248805,ts-order-service,38e6edaebba86923,354b88cfbb3f8b23,efdf91c14d465d81,3305,200,securityInfoCheck,ts-security-service
1650248805,ts-contacts-service,16235f861500d8d7,,16235f861500d8d7,2873,200,findContactsByAccountId,no_parent
1650248805,ts-travel-service,b33f7d975af558ac,9ead8927e4bb254,9ead8927e4bb254,8257,200,GET,ts-travel-service
1650248805,ts-security-service,c29948e47a0fd1dc,5741135819c1da64,efdf91c14d465d81,4774,200,GET,ts-security-service
1650248805,ts-order-other-service,43fa0bb41ee03760,c29948e47a0fd1dc,efdf91c14d465d81,3547,200,securityInfoCheck,ts-security-service
1650248805,ts-station-service,6de94991da60404,ec66efd7b492d3a0,4de6b6d6c954bbe,8599,200,queryForNameBatch,ts-order-service
1650248805,ts-auth-service,6a6b03e2e3ec158b,,6a6b03e2e3ec158b,110801,200,getToken,no_parent
1650248865,ts-security-service,2a664c869df1eeac,1416f6beb1429a26,2cd8f71412c6c414,5098,200,GET,ts-security-service
1650248865,ts-preserve-service,66cac1097b00977f,2cd8f71412c6c414,2cd8f71412c6c414,16139,200,GET,ts-preserve-service
1650248865,ts-auth-service,46a0aa1a5d71e086,,46a0aa1a5d71e086,112685,200,getToken,no_parent
1650248865,ts-order-service,2eda868759351ad1,,2eda868759351ad1,13132,200,queryOrdersForRefresh,no_parent
1650248865,ts-order-service,35e404bfc2b6d460,2eda868759351ad1,2eda868759351ad1,10055,200,POST,ts-order-service
1650248865,ts-preserve-service,2cd8f71412c6c414,,2cd8f71412c6c414,21991,200,preserve,no_parent
1650248865,ts-station-service,5bdcd968c50048b8,35e404bfc2b6d460,2eda868759351ad1,8669,200,queryForNameBatch,ts-order-service
1650248865,ts-order-other-service,839a1297469ce354,754408fcf80af05d,2cd8f71412c6c414,3255,200,securityInfoCheck,ts-security-service
1650248865,ts-preserve-service,b4c10818a378060b,2cd8f71412c6c414,2cd8f71412c6c414,3198,200,GET,ts-preserve-service
1650248865,ts-order-service,3cd282d00710a402,2a664c869df1eeac,2cd8f71412c6c414,3592,200,securityInfoCheck,ts-security-service
1650248865,ts-contacts-service,a8625ff805345ae3,b4c10818a378060b,2cd8f71412c6c414,1977,200,getContactsByContactsId,ts-preserve-service
1650248865,ts-security-service,1416f6beb1429a26,66cac1097b00977f,2cd8f71412c6c414,14519,200,check,ts-preserve-service
1650248865,ts-security-service,754408fcf80af05d,1416f6beb1429a26,2cd8f71412c6c414,4555,200,GET,ts-security-service
1650248865,ts-contacts-service,e4facc50d87372f5,,e4facc50d87372f5,2855,200,findContactsByAccountId,no_parent
1650248865,ts-verification-code-service,44d4a6f96dace21c,534e81749aa7571e,46a0aa1a5d71e086,2235,200,verifyCode,ts-auth-service
1650248865,ts-verification-code-service,b35218cc7fc659b7,,b35218cc7fc659b7,2970,200,imageCode,no_parent
1650248865,ts-auth-service,534e81749aa7571e,46a0aa1a5d71e086,46a0aa1a5d71e086,3949,200,GET,ts-auth-service
1650248866,ts-basic-service,55dd442e87d5e0f1,d5461c5fde982476,e1180b1792f4a9a4,3030,200,GET,ts-basic-service
1650248866,ts-travel-service,c648ecda0b5a454f,e1180b1792f4a9a4,e1180b1792f4a9a4,2389,200,GET,ts-travel-service
1650248866,ts-travel-service,50fefa1bb8cb306b,e1180b1792f4a9a4,e1180b1792f4a9a4,2561,200,GET,ts-travel-service
1650248866,ts-travel-service,e1180b1792f4a9a4,,e1180b1792f4a9a4,42756,200,queryInfo,no_parent
1650248866,ts-route-service,b45994d1e4538172,50fefa1bb8cb306b,e1180b1792f4a9a4,2314,200,queryById,ts-travel-service
1650248866,ts-route-service,60eb6108299acde3,d1b230a37855414,e1180b1792f4a9a4,2685,200,queryById,ts-travel-service
1650248866,ts-ticketinfo-service,dba8a20f57db6edb,4f41cc609d5a6c8c,e1180b1792f4a9a4,6142,200,GET,ts-ticketinfo-service
1650248866,ts-travel-service,d1b230a37855414,e1180b1792f4a9a4,e1180b1792f4a9a4,4026,200,GET,ts-travel-service
1650248866,ts-travel-service,504a2086e731cf6e,e1180b1792f4a9a4,e1180b1792f4a9a4,9551,200,GET,ts-travel-service
1650248866,ts-basic-service,51995897eec0f156,838405efa41c635e,e1180b1792f4a9a4,2752,200,GET,ts-basic-service
1650248866,ts-travel-service,1b008715675f8f6d,e1180b1792f4a9a4,e1180b1792f4a9a4,2346,200,GET,ts-travel-service
1650248866,ts-assurance-service,6e9786c3ddc035ba,,6e9786c3ddc035ba,1706,200,getAllAssuranceType,no_parent
1650248866,ts-ticketinfo-service,4f41cc609d5a6c8c,504a2086e731cf6e,e1180b1792f4a9a4,8027,200,queryForStationId,ts-travel-service
1650248866,ts-station-service,74d1bc1542f97231,51995897eec0f156,e1180b1792f4a9a4,2055,200,queryForStationId,ts-basic-service
1650248866,ts-travel-service,3a4eb534446e5fb5,e1180b1792f4a9a4,e1180b1792f4a9a4,2787,200,GET,ts-travel-service
1650248866,ts-ticketinfo-service,57fbe971e0085d86,2bfd4c3dc2c0f9cc,e1180b1792f4a9a4,5875,200,GET,ts-ticketinfo-service
1650248866,ts-route-service,9171215f1fdd1612,c648ecda0b5a454f,e1180b1792f4a9a4,2165,200,queryById,ts-travel-service
1650248866,ts-route-service,d837f714d13fa217,1b008715675f8f6d,e1180b1792f4a9a4,2170,200,queryById,ts-travel-service
1650248866,ts-basic-service,838405efa41c635e,57fbe971e0085d86,e1180b1792f4a9a4,4805,200,queryForStationId,ts-ticketinfo-service
1650248866,ts-station-service,cc660d6ea7454112,55dd442e87d5e0f1,e1180b1792f4a9a4,2072,200,queryForStationId,ts-basic-service
1650248866,ts-route-service,ac7b2ede27ae8aba,3a4eb534446e5fb5,e1180b1792f4a9a4,2303,200,queryById,ts-travel-service
1650248866,ts-basic-service,d5461c5fde982476,dba8a20f57db6edb,e1180b1792f4a9a4,5211,200,queryForStationId,ts-ticketinfo-service
1650248866,ts-travel-service,8f521661a20d387a,e1180b1792f4a9a4,e1180b1792f4a9a4,8098,200,GET,ts-travel-service
1650248866,ts-ticketinfo-service,2bfd4c3dc2c0f9cc,8f521661a20d387a,e1180b1792f4a9a4,7660,200,queryForStationId,ts-travel-service
1650248926,ts-auth-service,2327270290d947b5,,2327270290d947b5,114361,200,getToken,no_parent
1650248926,ts-verification-code-service,26f029785f67d5a3,929fea5222ade8ee,2327270290d947b5,1952,200,verifyCode,ts-auth-service
1650248926,ts-auth-service,929fea5222ade8ee,2327270290d947b5,2327270290d947b5,3664,200,GET,ts-auth-service
1650248926,ts-verification-code-service,b41e505a0af824e1,,b41e505a0af824e1,3004,200,imageCode,no_parent
1650248926,ts-route-service,4785588264d6c61d,6bb4b275ed52d8f1,f28bb48d2bb6a4e2,2530,200,queryById,ts-travel-service
1650248926,ts-assurance-service,947d9fe3e2cc9fc9,,947d9fe3e2cc9fc9,1372,200,getAllAssuranceType,no_parent
1650248926,ts-route-service,fed42167be6a5382,1568c7bd87358031,f28bb48d2bb6a4e2,2617,200,queryById,ts-travel-service
1650248926,ts-contacts-service,c56dbab502a1fe27,cf32b895271fc244,549ffb15f0be291c,2261,200,getContactsByContactsId,ts-preserve-service
1650248926,ts-order-service,79acc8f5357f858c,dea0a3b7dc188a02,dea0a3b7dc188a02,10002,200,POST,ts-order-service
1650248926,ts-order-service,dea0a3b7dc188a02,,dea0a3b7dc188a02,13537,200,queryOrdersForRefresh,no_parent
1650248926,ts-order-service,ccc20505c04df257,24abb0b3b0001674,549ffb15f0be291c,3382,200,securityInfoCheck,ts-security-service
1650248926,ts-order-other-service,9905ff6e3b598574,d0b484be550f8205,549ffb15f0be291c,3455,200,securityInfoCheck,ts-security-service
1650248926,ts-security-service,24abb0b3b0001674,9547f49525b88a1b,549ffb15f0be291c,4874,200,GET,ts-security-service
1650248926,ts-security-service,d0b484be550f8205,9547f49525b88a1b,549ffb15f0be291c,5320,200,GET,ts-security-service
1650248926,ts-preserve-service,a0589732a826235c,549ffb15f0be291c,549ffb15f0be291c,16718,200,GET,ts-preserve-service
1650248926,ts-preserve-service,cf32b895271fc244,549ffb15f0be291c,549ffb15f0be291c,3980,200,GET,ts-preserve-service
1650248926,ts-preserve-service,549ffb15f0be291c,,549ffb15f0be291c,23762,200,preserve,no_parent
1650248926,ts-travel-service,f28bb48d2bb6a4e2,,f28bb48d2bb6a4e2,54754,200,queryInfo,no_parent
1650248926,ts-travel-service,b138614ce6f82b51,f28bb48d2bb6a4e2,f28bb48d2bb6a4e2,2276,200,GET,ts-travel-service
1650248926,ts-security-service,9547f49525b88a1b,a0589732a826235c,549ffb15f0be291c,15114,200,check,ts-preserve-service
1650248926,ts-ticketinfo-service,60831412c99d38ac,d275f6b9724d15be,f28bb48d2bb6a4e2,5210,200,GET,ts-ticketinfo-service
1650248926,ts-ticketinfo-service,d275f6b9724d15be,44c32b2b8744394a,f28bb48d2bb6a4e2,6956,200,queryForStationId,ts-travel-service
1650248926,ts-route-service,83c2daf0d02a9c5e,4854ca0fe3be1f73,f28bb48d2bb6a4e2,2098,200,queryById,ts-travel-service
1650248926,ts-route-service,433306506b827544,63f60908f8750309,f28bb48d2bb6a4e2,2115,200,queryById,ts-travel-service
1650248926,ts-basic-service,47ec7d75540374f3,1eac98a7fc78772,f28bb48d2bb6a4e2,2755,200,GET,ts-basic-service
1650248926,ts-ticketinfo-service,f1cc5da9d3fed948,84491b20f2648228,f28bb48d2bb6a4e2,13903,200,queryForStationId,ts-travel-service
1650248926,ts-station-service,62709c17e639aa1b,47ec7d75540374f3,f28bb48d2bb6a4e2,2112,200,queryForStationId,ts-basic-service
1650248926,ts-basic-service,fb75f70fe9ffa1dd,22f020a92eb4de1,f28bb48d2bb6a4e2,9286,200,queryForStationId,ts-ticketinfo-service
1650248926,ts-basic-service,1eac98a7fc78772,60831412c99d38ac,f28bb48d2bb6a4e2,4494,200,queryForStationId,ts-ticketinfo-service
1650248926,ts-basic-service,70acb7b532543308,fb75f70fe9ffa1dd,f28bb48d2bb6a4e2,4401,200,GET,ts-basic-service
1650248926,ts-station-service,3c6311d263cf0f29,79acc8f5357f858c,dea0a3b7dc188a02,8565,200,queryForNameBatch,ts-order-service
1650248926,ts-ticketinfo-service,22f020a92eb4de1,f1cc5da9d3fed948,f28bb48d2bb6a4e2,11254,200,GET,ts-ticketinfo-service
1650248926,ts-route-service,fb72610f96d6e937,b138614ce6f82b51,f28bb48d2bb6a4e2,2153,200,queryById,ts-travel-service
1650248926,ts-station-service,aa8037f753071bf7,70acb7b532543308,f28bb48d2bb6a4e2,2409,200,queryForStationId,ts-basic-service
1650248926,ts-travel-service,63f60908f8750309,f28bb48d2bb6a4e2,f28bb48d2bb6a4e2,2294,200,GET,ts-travel-service
1650248926,ts-travel-service,4854ca0fe3be1f73,f28bb48d2bb6a4e2,f28bb48d2bb6a4e2,2308,200,GET,ts-travel-service
1650248926,ts-travel-service,44c32b2b8744394a,f28bb48d2bb6a4e2,f28bb48d2bb6a4e2,7243,200,GET,ts-travel-service
1650248926,ts-travel-service,1568c7bd87358031,f28bb48d2bb6a4e2,f28bb48d2bb6a4e2,4075,200,GET,ts-travel-service
1650248926,ts-travel-service,84491b20f2648228,f28bb48d2bb6a4e2,f28bb48d2bb6a4e2,15862,200,GET,ts-travel-service
1650248926,ts-travel-service,6bb4b275ed52d8f1,f28bb48d2bb6a4e2,f28bb48d2bb6a4e2,3065,200,GET,ts-travel-service
1650248926,ts-contacts-service,cb31e2d1446a1829,,cb31e2d1446a1829,3036,200,findContactsByAccountId,no_parent
1650248986,ts-auth-service,8f534d1239c345c,,8f534d1239c345c,112668,200,getToken,no_parent
1650248986,ts-verification-code-service,850d7bc70062b099,4e54ed74c8462d54,8f534d1239c345c,2108,200,verifyCode,ts-auth-service
1650248986,ts-ticketinfo-service,241e7228393a1ce5,a68d982c351a5a51,684df35347164c07,5508,200,GET,ts-ticketinfo-service
1650248986,ts-travel-service,29f6055272cc3a0,684df35347164c07,684df35347164c07,4104,200,GET,ts-travel-service
1650248986,ts-travel-service,684df35347164c07,,684df35347164c07,51842,200,queryInfo,no_parent
1650248986,ts-travel-service,b40cc2654427cee,684df35347164c07,684df35347164c07,8191,200,GET,ts-travel-service
1650248986,ts-travel-service,47ce726f0a7dccdd,684df35347164c07,684df35347164c07,9691,200,GET,ts-travel-service
1650248986,ts-travel-service,801de4e8e22d43af,684df35347164c07,684df35347164c07,4015,200,GET,ts-travel-service
1650248986,ts-route-service,5d549c7d6d0f1722,47ce726f0a7dccdd,684df35347164c07,9324,200,queryById,ts-travel-service
1650248986,ts-order-service,9e2300562cadd1d2,bf653a6783eb9037,bf653a6783eb9037,9713,200,POST,ts-order-service
1650248986,ts-basic-service,55f8fdabcac427cf,4521f1ecbf7b944f,684df35347164c07,3389,200,GET,ts-basic-service
1650248986,ts-route-service,974370dc8b199b5b,801de4e8e22d43af,684df35347164c07,2588,200,queryById,ts-travel-service
1650248986,ts-route-service,8f3ef7d6705992c5,29f6055272cc3a0,684df35347164c07,3392,200,queryById,ts-travel-service
1650248986,ts-basic-service,c5b8053ee4679eae,241e7228393a1ce5,684df35347164c07,4861,200,queryForStationId,ts-ticketinfo-service
1650248986,ts-ticketinfo-service,4d566d011a17969c,ce8b6ac283991293,684df35347164c07,6884,200,GET,ts-ticketinfo-service
1650248986,ts-ticketinfo-service,ce8b6ac283991293,851bd9a033923a9e,684df35347164c07,9366,200,queryForStationId,ts-travel-service
1650248986,ts-ticketinfo-service,a68d982c351a5a51,b40cc2654427cee,684df35347164c07,7667,200,queryForStationId,ts-travel-service
1650248986,ts-preserve-service,201c355f0a1b09aa,c6d8bfe2e62b7769,c6d8bfe2e62b7769,3925,200,GET,ts-preserve-service
1650248986,ts-preserve-service,c6d8bfe2e62b7769,,c6d8bfe2e62b7769,22542,200,preserve,no_parent
1650248986,ts-order-service,63b691ff7f32a0c5,198af35246278370,c6d8bfe2e62b7769,3260,200,securityInfoCheck,ts-security-service
1650248986,ts-order-other-service,4b3a8600e1622807,62ff3e282652dd15,c6d8bfe2e62b7769,3590,200,securityInfoCheck,ts-security-service
1650248986,ts-station-service,fa80440a7d4c67,9e2300562cadd1d2,bf653a6783eb9037,8192,200,queryForNameBatch,ts-order-service
1650248986,ts-order-service,bf653a6783eb9037,,bf653a6783eb9037,13135,200,queryOrdersForRefresh,no_parent
1650248986,ts-contacts-service,f746004146d579d6,201c355f0a1b09aa,c6d8bfe2e62b7769,2473,200,getContactsByContactsId,ts-preserve-service
1650248986,ts-travel-service,1cdac1d614501d12,684df35347164c07,684df35347164c07,2530,200,GET,ts-travel-service
1650248986,ts-travel-service,851bd9a033923a9e,684df35347164c07,684df35347164c07,10879,200,GET,ts-travel-service
1650248986,ts-station-service,451bef117941298b,55f8fdabcac427cf,684df35347164c07,2293,200,queryForStationId,ts-basic-service
1650248986,ts-station-service,4c45d42764d47300,ea8c24dc684927a9,684df35347164c07,2122,200,queryForStationId,ts-basic-service
1650248986,ts-basic-service,4521f1ecbf7b944f,4d566d011a17969c,684df35347164c07,5859,200,queryForStationId,ts-ticketinfo-service
1650248986,ts-basic-service,ea8c24dc684927a9,c5b8053ee4679eae,684df35347164c07,2722,200,GET,ts-basic-service
1650248986,ts-security-service,62ff3e282652dd15,5c6e1adcce83e684,c6d8bfe2e62b7769,4929,200,GET,ts-security-service
1650248986,ts-security-service,5c6e1adcce83e684,73b84155cfbed5f0,c6d8bfe2e62b7769,14458,200,check,ts-preserve-service
1650248986,ts-preserve-service,73b84155cfbed5f0,c6d8bfe2e62b7769,c6d8bfe2e62b7769,15641,200,GET,ts-preserve-service
1650248986,ts-travel-service,20a162c8b7ca0e1f,684df35347164c07,684df35347164c07,2337,200,GET,ts-travel-service
1650248986,ts-route-service,2156ad0d944ea6ca,20a162c8b7ca0e1f,684df35347164c07,2127,200,queryById,ts-travel-service
1650248986,ts-route-service,8c9101d4987cf21,1cdac1d614501d12,684df35347164c07,2330,200,queryById,ts-travel-service
1650248986,ts-security-service,198af35246278370,5c6e1adcce83e684,c6d8bfe2e62b7769,4406,200,GET,ts-security-service
1650248986,ts-contacts-service,95c9c113a1b0552c,,95c9c113a1b0552c,3066,200,findContactsByAccountId,no_parent
1650248986,ts-assurance-service,7373d3a4784b9a75,,7373d3a4784b9a75,1612,200,getAllAssuranceType,no_parent
1650248986,ts-verification-code-service,679016db023453bd,,679016db023453bd,2971,200,imageCode,no_parent
1650248986,ts-auth-service,4e54ed74c8462d54,8f534d1239c345c,8f534d1239c345c,3838,200,GET,ts-auth-service
1650249046,ts-verification-code-service,169d1032489ef73b,,169d1032489ef73b,2257,200,imageCode,no_parent
1650249046,ts-auth-service,6c332d5b7550bc0,b79b298fff7ca144,b79b298fff7ca144,4624,200,GET,ts-auth-service
1650249046,ts-assurance-service,ef5dbc8478f801c8,,ef5dbc8478f801c8,1591,200,getAllAssuranceType,no_parent
1650249046,ts-auth-service,b79b298fff7ca144,,b79b298fff7ca144,114775,200,getToken,no_parent
1650249046,ts-security-service,b5381b8f7a325548,dcca61f73aa094ae,c8f31b65f1594045,14813,200,check,ts-preserve-service
1650249046,ts-verification-code-service,166e5c6c1ce8cd35,6c332d5b7550bc0,b79b298fff7ca144,2332,200,verifyCode,ts-auth-service
1650249046,ts-order-service,946fa75e3a852b85,181c83e467a8f794,c8f31b65f1594045,3565,200,securityInfoCheck,ts-security-service
1650249046,ts-order-other-service,e113f7d450dd6c9b,e4603a10456cc898,c8f31b65f1594045,3669,200,securityInfoCheck,ts-security-service
1650249046,ts-security-service,e4603a10456cc898,b5381b8f7a325548,c8f31b65f1594045,5109,200,GET,ts-security-service
1650249046,ts-security-service,181c83e467a8f794,b5381b8f7a325548,c8f31b65f1594045,4964,200,GET,ts-security-service
1650249046,ts-order-service,56bebae2cfa44de9,1a2a7ec775dcecbc,1a2a7ec775dcecbc,9174,200,POST,ts-order-service
1650249046,ts-order-service,1a2a7ec775dcecbc,,1a2a7ec775dcecbc,19031,200,queryOrdersForRefresh,no_parent
1650249046,ts-station-service,525d23df754d560e,56bebae2cfa44de9,1a2a7ec775dcecbc,7886,200,queryForNameBatch,ts-order-service
1650249046,ts-contacts-service,6648855bcd4caaf5,b987172c76723415,c8f31b65f1594045,2448,200,getContactsByContactsId,ts-preserve-service
1650249046,ts-ticketinfo-service,9913dca03cb06d6a,545a33ae391d4bb0,e0e17b7d6be76d0f,9581,200,queryForStationId,ts-travel-service
1650249046,ts-ticketinfo-service,ceb4f70ce7bfaa93,e2f7b6a876fe4881,e0e17b7d6be76d0f,5590,200,GET,ts-ticketinfo-service
1650249046,ts-travel-service,e48a52477b3e2673,e0e17b7d6be76d0f,e0e17b7d6be76d0f,2370,200,GET,ts-travel-service
1650249046,ts-travel-service,e0e17b7d6be76d0f,,e0e17b7d6be76d0f,44451,200,queryInfo,no_parent
1650249046,ts-travel-service,b0eb77611795ecd3,e0e17b7d6be76d0f,e0e17b7d6be76d0f,4044,200,GET,ts-travel-service
1650249046,ts-route-service,f388fc559ae7d9f9,b0eb77611795ecd3,e0e17b7d6be76d0f,2653,200,queryById,ts-travel-service
1650249046,ts-route-service,b957a292ba2e458b,4cf3e2a94ffed063,e0e17b7d6be76d0f,2165,200,queryById,ts-travel-service
1650249046,ts-route-service,1de420a9a982205,43626da22ae1d4fa,e0e17b7d6be76d0f,2712,200,queryById,ts-travel-service
1650249046,ts-basic-service,db943f3624e44106,f4de9f1cbd1eab1a,e0e17b7d6be76d0f,3482,200,GET,ts-basic-service
1650249046,ts-ticketinfo-service,26dbba4602ef1f7,9913dca03cb06d6a,e0e17b7d6be76d0f,7313,200,GET,ts-ticketinfo-service
1650249046,ts-ticketinfo-service,e2f7b6a876fe4881,54e075488af0a40e,e0e17b7d6be76d0f,7597,200,queryForStationId,ts-travel-service
1650249046,ts-travel-service,436ee50104c5af6,e0e17b7d6be76d0f,e0e17b7d6be76d0f,2324,200,GET,ts-travel-service
1650249046,ts-travel-service,4cf3e2a94ffed063,e0e17b7d6be76d0f,e0e17b7d6be76d0f,2678,200,GET,ts-travel-service
1650249046,ts-travel-service,43626da22ae1d4fa,e0e17b7d6be76d0f,e0e17b7d6be76d0f,2933,200,GET,ts-travel-service
1650249046,ts-station-service,cdb44bb3ef80570b,db943f3624e44106,e0e17b7d6be76d0f,2341,200,queryForStationId,ts-basic-service
1650249046,ts-station-service,b5db28acfaa6c483,9e5af28e349373d1,e0e17b7d6be76d0f,2165,200,queryForStationId,ts-basic-service
1650249046,ts-basic-service,f4de9f1cbd1eab1a,26dbba4602ef1f7,e0e17b7d6be76d0f,6139,200,queryForStationId,ts-ticketinfo-service
1650249046,ts-basic-service,1a7e847cfb53b473,ceb4f70ce7bfaa93,e0e17b7d6be76d0f,4856,200,queryForStationId,ts-ticketinfo-service
1650249046,ts-route-service,da1547eb7a8a0bfe,e48a52477b3e2673,e0e17b7d6be76d0f,2116,200,queryById,ts-travel-service
1650249046,ts-route-service,b660c260a8a577a3,436ee50104c5af6,e0e17b7d6be76d0f,2165,200,queryById,ts-travel-service
1650249046,ts-travel-service,545a33ae391d4bb0,e0e17b7d6be76d0f,e0e17b7d6be76d0f,11149,200,GET,ts-travel-service
1650249046,ts-preserve-service,dcca61f73aa094ae,c8f31b65f1594045,c8f31b65f1594045,16398,200,GET,ts-preserve-service
1650249046,ts-preserve-service,c8f31b65f1594045,,c8f31b65f1594045,23016,200,preserve,no_parent
1650249046,ts-preserve-service,b987172c76723415,c8f31b65f1594045,c8f31b65f1594045,3734,200,GET,ts-preserve-service
1650249046,ts-basic-service,9e5af28e349373d1,1a7e847cfb53b473,e0e17b7d6be76d0f,2885,200,GET,ts-basic-service
1650249046,ts-travel-service,54e075488af0a40e,e0e17b7d6be76d0f,e0e17b7d6be76d0f,8100,200,GET,ts-travel-service
1650249046,ts-contacts-service,acd5abc59f7bab75,,acd5abc59f7bab75,2911,200,findContactsByAccountId,no_parent
1650249107,ts-contacts-service,61f8f71e62b5ff61,d31821a55047bb97,25846b0c7bf118f,2106,200,getContactsByContactsId,ts-preserve-service
1650249107,ts-order-service,63930b59069bb79e,6feb3e13921d033d,6feb3e13921d033d,8324,200,POST,ts-order-service
1650249107,ts-order-service,6feb3e13921d033d,,6feb3e13921d033d,11413,200,queryOrdersForRefresh,no_parent
1650249107,ts-station-service,763fcacdee000efd,63930b59069bb79e,6feb3e13921d033d,7012,200,queryForNameBatch,ts-order-service
1650249107,ts-order-service,e1b0991d205e389,d39bb946bce9d37f,25846b0c7bf118f,2609,200,securityInfoCheck,ts-security-service
1650249107,ts-order-other-service,6cbf1d013825dcd6,8ed91242f31a1f58,25846b0c7bf118f,2398,200,securityInfoCheck,ts-security-service
1650249107,ts-travel-service,d4702e3c8655d539,8bc1bfacd2e17b5,8bc1bfacd2e17b5,2430,200,GET,ts-travel-service
1650249107,ts-preserve-service,ed0b886b7be0cb3d,25846b0c7bf118f,25846b0c7bf118f,13510,200,GET,ts-preserve-service
1650249107,ts-basic-service,3e6fdd93a1a35b7e,ff0aec64a0149c17,8bc1bfacd2e17b5,3438,200,GET,ts-basic-service
1650249107,ts-basic-service,ff0aec64a0149c17,8e27dd321bb7a9d4,8bc1bfacd2e17b5,5701,200,queryForStationId,ts-ticketinfo-service
1650249107,ts-basic-service,e9b3eb980200afb1,50c2d34325c18e3d,8bc1bfacd2e17b5,4872,200,queryForStationId,ts-ticketinfo-service
1650249107,ts-ticketinfo-service,8e27dd321bb7a9d4,bab0fb2dca70cb96,8bc1bfacd2e17b5,6825,200,GET,ts-ticketinfo-service
1650249107,ts-ticketinfo-service,50c2d34325c18e3d,84b43708ed36c87a,8bc1bfacd2e17b5,5557,200,GET,ts-ticketinfo-service
1650249107,ts-ticketinfo-service,84b43708ed36c87a,44ab9d3fbec677bb,8bc1bfacd2e17b5,7622,200,queryForStationId,ts-travel-service
1650249107,ts-travel-service,b13e239f1a6bbfb8,8bc1bfacd2e17b5,8bc1bfacd2e17b5,2800,200,GET,ts-travel-service
1650249107,ts-travel-service,f52ab8c8c51fa3eb,8bc1bfacd2e17b5,8bc1bfacd2e17b5,10563,200,GET,ts-travel-service
1650249107,ts-preserve-service,d31821a55047bb97,25846b0c7bf118f,25846b0c7bf118f,3118,200,GET,ts-preserve-service
1650249107,ts-preserve-service,25846b0c7bf118f,,25846b0c7bf118f,19513,200,preserve,no_parent
1650249107,ts-security-service,d39bb946bce9d37f,2dd2fb3e7e00aa9,25846b0c7bf118f,4046,200,GET,ts-security-service
1650249107,ts-station-service,c373ee90b1d86528,3e6fdd93a1a35b7e,8bc1bfacd2e17b5,2300,200,queryForStationId,ts-basic-service
1650249107,ts-ticketinfo-service,bab0fb2dca70cb96,f52ab8c8c51fa3eb,8bc1bfacd2e17b5,9050,200,queryForStationId,ts-travel-service
1650249107,ts-basic-service,a6013f9e87659939,e9b3eb980200afb1,8bc1bfacd2e17b5,2737,200,GET,ts-basic-service
1650249107,ts-travel-service,44ab9d3fbec677bb,8bc1bfacd2e17b5,8bc1bfacd2e17b5,8067,200,GET,ts-travel-service
1650249107,ts-travel-service,784e8a13bdb2fef3,8bc1bfacd2e17b5,8bc1bfacd2e17b5,2369,200,GET,ts-travel-service
1650249107,ts-route-service,6b130121fc2e27c6,d4702e3c8655d539,8bc1bfacd2e17b5,2205,200,queryById,ts-travel-service
1650249107,ts-route-service,9d62d106af1641c3,784e8a13bdb2fef3,8bc1bfacd2e17b5,2112,200,queryById,ts-travel-service
1650249107,ts-station-service,fdf6bac7371f5924,a6013f9e87659939,8bc1bfacd2e17b5,2115,200,queryForStationId,ts-basic-service
1650249107,ts-security-service,8ed91242f31a1f58,2dd2fb3e7e00aa9,25846b0c7bf118f,3565,200,GET,ts-security-service
1650249107,ts-security-service,2dd2fb3e7e00aa9,ed0b886b7be0cb3d,25846b0c7bf118f,12062,200,check,ts-preserve-service
1650249107,ts-travel-service,2deab77e8df971a8,8bc1bfacd2e17b5,8bc1bfacd2e17b5,2309,200,GET,ts-travel-service
1650249107,ts-route-service,c7d235b100e71072,b13e239f1a6bbfb8,8bc1bfacd2e17b5,2331,200,queryById,ts-travel-service
1650249107,ts-travel-service,8bc1bfacd2e17b5,,8bc1bfacd2e17b5,42780,200,queryInfo,no_parent
1650249107,ts-travel-service,1c26edefd85f0792,8bc1bfacd2e17b5,8bc1bfacd2e17b5,4288,200,GET,ts-travel-service
1650249107,ts-route-service,50a2b5b0c9cd1341,1c26edefd85f0792,8bc1bfacd2e17b5,3084,200,queryById,ts-travel-service
1650249107,ts-route-service,340cbf04b2707766,2deab77e8df971a8,8bc1bfacd2e17b5,2112,200,queryById,ts-travel-service
1650249107,ts-contacts-service,8f02bbe18775bb07,,8f02bbe18775bb07,3092,200,findContactsByAccountId,no_parent
1650249107,ts-verification-code-service,a7a0e6d1468669f8,,a7a0e6d1468669f8,3042,200,imageCode,no_parent
1650249107,ts-auth-service,a129e48ac16b10a7,2c71a79d3fcd502b,2c71a79d3fcd502b,3932,200,GET,ts-auth-service
1650249107,ts-auth-service,2c71a79d3fcd502b,,2c71a79d3fcd502b,105808,200,getToken,no_parent
1650249107,ts-verification-code-service,8aa3c8d362fb2a2,a129e48ac16b10a7,2c71a79d3fcd502b,2129,200,verifyCode,ts-auth-service
1650249107,ts-assurance-service,af714a56e25722fc,,af714a56e25722fc,1622,200,getAllAssuranceType,no_parent
1650249167,ts-auth-service,964e486c443957e4,9a82763887f10d60,9a82763887f10d60,3844,200,GET,ts-auth-service
1650249167,ts-verification-code-service,ee29fecfc5a5306a,964e486c443957e4,9a82763887f10d60,2013,200,verifyCode,ts-auth-service
1650249167,ts-auth-service,9a82763887f10d60,,9a82763887f10d60,111123,200,getToken,no_parent
1650249167,ts-route-service,60a58706d94bdaf4,e40dda84981c7fe8,97ded2757c0cdb9b,2465,200,queryById,ts-travel-service
1650249167,ts-station-service,9f142cf5b020b297,1e663aaebcaabc73,97ded2757c0cdb9b,2389,200,queryForStationId,ts-basic-service
1650249167,ts-ticketinfo-service,540cb94dd7f94d12,1e19d6224a16b22,97ded2757c0cdb9b,9488,200,queryForStationId,ts-travel-service
1650249167,ts-ticketinfo-service,134102500fc5f93c,f2733de0889d677d,97ded2757c0cdb9b,7478,200,queryForStationId,ts-travel-service
1650249167,ts-route-service,4b4ee6c6daa4b34b,b89b74be63758427,97ded2757c0cdb9b,2138,200,queryById,ts-travel-service
1650249167,ts-route-service,1e6d4c2f7eaadf25,149cd6a787694032,97ded2757c0cdb9b,2130,200,queryById,ts-travel-service
1650249167,ts-contacts-service,c3ccf076b8986bea,b357c78137df321b,a70c9a3f680b4624,2427,200,getContactsByContactsId,ts-preserve-service
1650249167,ts-preserve-service,474eae404d5d299d,a70c9a3f680b4624,a70c9a3f680b4624,16342,200,GET,ts-preserve-service
1650249167,ts-preserve-service,b357c78137df321b,a70c9a3f680b4624,a70c9a3f680b4624,3778,200,GET,ts-preserve-service
1650249167,ts-preserve-service,a70c9a3f680b4624,,a70c9a3f680b4624,23056,200,preserve,no_parent
1650249167,ts-order-service,274b5e08dba7cef7,c6f957f338958b90,a70c9a3f680b4624,3862,200,securityInfoCheck,ts-security-service
1650249167,ts-order-other-service,be30baf3e96e4827,94e9d785be5235d3,a70c9a3f680b4624,3490,200,securityInfoCheck,ts-security-service
1650249167,ts-security-service,c6f957f338958b90,295d02b03f0edfdd,a70c9a3f680b4624,5223,200,GET,ts-security-service
1650249167,ts-security-service,94e9d785be5235d3,295d02b03f0edfdd,a70c9a3f680b4624,4708,200,GET,ts-security-service
1650249167,ts-security-service,295d02b03f0edfdd,474eae404d5d299d,a70c9a3f680b4624,14728,200,check,ts-preserve-service
1650249167,ts-contacts-service,3b7e8249fde9edfa,,3b7e8249fde9edfa,3020,200,findContactsByAccountId,no_parent
1650249167,ts-basic-service,1e663aaebcaabc73,95f12ce66577265,97ded2757c0cdb9b,3435,200,GET,ts-basic-service
1650249167,ts-basic-service,30a2f1a9b77f16af,a2e6b55d16c29a0b,97ded2757c0cdb9b,4810,200,queryForStationId,ts-ticketinfo-service
1650249167,ts-travel-service,11c78a4f6a9d60e7,97ded2757c0cdb9b,97ded2757c0cdb9b,3771,200,GET,ts-travel-service
1650249167,ts-travel-service,1e19d6224a16b22,97ded2757c0cdb9b,97ded2757c0cdb9b,11421,200,GET,ts-travel-service
1650249167,ts-travel-service,e40dda84981c7fe8,97ded2757c0cdb9b,97ded2757c0cdb9b,3021,200,GET,ts-travel-service
1650249167,ts-travel-service,f2733de0889d677d,97ded2757c0cdb9b,97ded2757c0cdb9b,7940,200,GET,ts-travel-service
1650249167,ts-route-service,678a9e7e1913fca7,11c78a4f6a9d60e7,97ded2757c0cdb9b,2610,200,queryById,ts-travel-service
1650249167,ts-station-service,b09b62593f924307,c264ba5dd37fd98e,97ded2757c0cdb9b,2079,200,queryForStationId,ts-basic-service
1650249167,ts-route-service,8a7278850b9a7517,8d419033b26bbc3f,97ded2757c0cdb9b,2144,200,queryById,ts-travel-service
1650249167,ts-travel-service,97ded2757c0cdb9b,,97ded2757c0cdb9b,43088,200,queryInfo,no_parent
1650249167,ts-travel-service,8d419033b26bbc3f,97ded2757c0cdb9b,97ded2757c0cdb9b,2334,200,GET,ts-travel-service
1650249167,ts-travel-service,b89b74be63758427,97ded2757c0cdb9b,97ded2757c0cdb9b,2401,200,GET,ts-travel-service
1650249167,ts-travel-service,149cd6a787694032,97ded2757c0cdb9b,97ded2757c0cdb9b,2341,200,GET,ts-travel-service
1650249167,ts-basic-service,c264ba5dd37fd98e,30a2f1a9b77f16af,97ded2757c0cdb9b,2737,200,GET,ts-basic-service
1650249167,ts-ticketinfo-service,a2e6b55d16c29a0b,134102500fc5f93c,97ded2757c0cdb9b,5548,200,GET,ts-ticketinfo-service
1650249167,ts-ticketinfo-service,b1ca517235ccbd10,540cb94dd7f94d12,97ded2757c0cdb9b,7148,200,GET,ts-ticketinfo-service
1650249167,ts-basic-service,95f12ce66577265,b1ca517235ccbd10,97ded2757c0cdb9b,6009,200,queryForStationId,ts-ticketinfo-service
1650249167,ts-station-service,66b5aa291145127,e55d71e26e89a2de,1978710a9d490da6,14733,200,queryForNameBatch,ts-order-service
1650249167,ts-order-service,e55d71e26e89a2de,1978710a9d490da6,1978710a9d490da6,16202,200,POST,ts-order-service
1650249167,ts-order-service,1978710a9d490da6,,1978710a9d490da6,19427,200,queryOrdersForRefresh,no_parent
1650249167,ts-verification-code-service,5d0b5a916b96fd2e,,5d0b5a916b96fd2e,2974,200,imageCode,no_parent
1650249167,ts-assurance-service,217a8f655079c588,,217a8f655079c588,1646,200,getAllAssuranceType,no_parent
1650249228,ts-auth-service,bca521a030d0656e,4ebca3e6eece6713,4ebca3e6eece6713,3706,200,GET,ts-auth-service
1650249228,ts-travel-service,2295f7eaad7600d9,918bd3db4d062b4,918bd3db4d062b4,2319,200,GET,ts-travel-service
1650249228,ts-preserve-service,976888fa52335e6c,,976888fa52335e6c,22737,200,preserve,no_parent
1650249228,ts-preserve-service,359c412d45e80815,976888fa52335e6c,976888fa52335e6c,3783,200,GET,ts-preserve-service
1650249228,ts-preserve-service,cf2b8b639ddc5680,976888fa52335e6c,976888fa52335e6c,15903,200,GET,ts-preserve-service
1650249228,ts-contacts-service,ccbd780d0f40082e,359c412d45e80815,976888fa52335e6c,2502,200,getContactsByContactsId,ts-preserve-service
1650249228,ts-security-service,de11c4ed4855916,cf2b8b639ddc5680,976888fa52335e6c,14204,200,check,ts-preserve-service
1650249228,ts-auth-service,4ebca3e6eece6713,,4ebca3e6eece6713,116112,200,getToken,no_parent
1650249228,ts-travel-service,918bd3db4d062b4,,918bd3db4d062b4,44071,200,queryInfo,no_parent
1650249228,ts-verification-code-service,821f9ce35f7fd4c9,bca521a030d0656e,4ebca3e6eece6713,1867,200,verifyCode,ts-auth-service
1650249228,ts-station-service,aaf1a00c7e07baea,615386c56bf02d37,918bd3db4d062b4,2327,200,queryForStationId,ts-basic-service
1650249228,ts-station-service,1f1157809e45c89c,4b1218a615c7d96b,918bd3db4d062b4,2102,200,queryForStationId,ts-basic-service
1650249228,ts-basic-service,615386c56bf02d37,b034ab5da703d6c4,918bd3db4d062b4,3503,200,GET,ts-basic-service
1650249228,ts-basic-service,4b1218a615c7d96b,957c64d3deac533c,918bd3db4d062b4,3463,200,GET,ts-basic-service
1650249228,ts-basic-service,b034ab5da703d6c4,f7884f143f047ee3,918bd3db4d062b4,6121,200,queryForStationId,ts-ticketinfo-service
1650249228,ts-route-service,febe17b74c3b1ab0,9bb62a18bf8628fa,918bd3db4d062b4,2590,200,queryById,ts-travel-service
1650249228,ts-verification-code-service,3a8da0bebe6ae612,,3a8da0bebe6ae612,2990,200,imageCode,no_parent
1650249228,ts-station-service,cf884ebd5be9a0a3,e0f7b420a18c5ad7,92ed521011b8f8a6,7802,200,queryForNameBatch,ts-order-service
1650249228,ts-order-service,e0f7b420a18c5ad7,92ed521011b8f8a6,92ed521011b8f8a6,9341,200,POST,ts-order-service
1650249228,ts-order-service,92ed521011b8f8a6,,92ed521011b8f8a6,12792,200,queryOrdersForRefresh,no_parent
1650249228,ts-order-service,1d318022f7292848,d8f5ba035f0d9c81,976888fa52335e6c,3215,200,securityInfoCheck,ts-security-service
1650249228,ts-travel-service,8418f4ac639e2205,918bd3db4d062b4,918bd3db4d062b4,8777,200,GET,ts-travel-service
1650249228,ts-security-service,b3cdd6e760eced6a,de11c4ed4855916,976888fa52335e6c,4769,200,GET,ts-security-service
1650249228,ts-security-service,d8f5ba035f0d9c81,de11c4ed4855916,976888fa52335e6c,4702,200,GET,ts-security-service
1650249228,ts-order-other-service,a2f4a12906ca2910,b3cdd6e760eced6a,976888fa52335e6c,3454,200,securityInfoCheck,ts-security-service
1650249228,ts-contacts-service,82172cdc8a0f9f54,,82172cdc8a0f9f54,3025,200,findContactsByAccountId,no_parent
1650249228,ts-ticketinfo-service,b7169b701d086040,8418f4ac639e2205,918bd3db4d062b4,8248,200,queryForStationId,ts-travel-service
1650249228,ts-travel-service,d6c05c9c7d2187a1,918bd3db4d062b4,918bd3db4d062b4,2353,200,GET,ts-travel-service
1650249228,ts-travel-service,31d1d04365382fda,918bd3db4d062b4,918bd3db4d062b4,3037,200,GET,ts-travel-service
1650249228,ts-route-service,d06b6fd324d2e565,31d1d04365382fda,918bd3db4d062b4,2498,200,queryById,ts-travel-service
1650249228,ts-route-service,e0cecb83704c195c,dac980b9360cdfb4,918bd3db4d062b4,2111,200,queryById,ts-travel-service
1650249228,ts-route-service,18b7ed1d4bc03404,2295f7eaad7600d9,918bd3db4d062b4,2113,200,queryById,ts-travel-service
1650249228,ts-route-service,98f0cb5f00d2d74d,d6c05c9c7d2187a1,918bd3db4d062b4,2143,200,queryById,ts-travel-service
1650249228,ts-ticketinfo-service,714a1882ef686349,b7169b701d086040,918bd3db4d062b4,6320,200,GET,ts-ticketinfo-service
1650249228,ts-travel-service,9bb62a18bf8628fa,918bd3db4d062b4,918bd3db4d062b4,3991,200,GET,ts-travel-service
1650249228,ts-basic-service,957c64d3deac533c,714a1882ef686349,918bd3db4d062b4,5613,200,queryForStationId,ts-ticketinfo-service
1650249228,ts-ticketinfo-service,f7884f143f047ee3,6b1e8253ca79266a,918bd3db4d062b4,7122,200,GET,ts-ticketinfo-service
1650249228,ts-ticketinfo-service,6b1e8253ca79266a,2081fb548c61aa86,918bd3db4d062b4,9579,200,queryForStationId,ts-travel-service
1650249228,ts-travel-service,2081fb548c61aa86,918bd3db4d062b4,918bd3db4d062b4,11238,200,GET,ts-travel-service
1650249228,ts-travel-service,dac980b9360cdfb4,918bd3db4d062b4,918bd3db4d062b4,2347,200,GET,ts-travel-service
1650249228,ts-assurance-service,c395c6598af593ed,,c395c6598af593ed,1592,200,getAllAssuranceType,no_parent
1650249289,ts-travel-service,99b2a62567c10370,2aa6a3e3f4d86afa,2aa6a3e3f4d86afa,12789,200,GET,ts-travel-service
1650249289,ts-ticketinfo-service,e82f2aa974210457,99b2a62567c10370,2aa6a3e3f4d86afa,11351,200,queryForStationId,ts-travel-service
1650249289,ts-preserve-service,624990c4a0b85eae,463281d632fba286,463281d632fba286,16889,200,GET,ts-preserve-service
1650249289,ts-auth-service,293846b9b81bdea9,b26eb8d6781c8085,b26eb8d6781c8085,3642,200,GET,ts-auth-service
1650249289,ts-basic-service,2062bc5918ac8de4,6cebe3032c85cdcb,2aa6a3e3f4d86afa,7634,200,queryForStationId,ts-ticketinfo-service
1650249289,ts-basic-service,464767e336b12660,2062bc5918ac8de4,2aa6a3e3f4d86afa,5054,200,GET,ts-basic-service
1650249289,ts-contacts-service,92d5950f695ace25,4b9fc5757edb2e17,463281d632fba286,2437,200,getContactsByContactsId,ts-preserve-service
1650249289,ts-ticketinfo-service,6cebe3032c85cdcb,e82f2aa974210457,2aa6a3e3f4d86afa,8639,200,GET,ts-ticketinfo-service
1650249289,ts-travel-service,2aa6a3e3f4d86afa,,2aa6a3e3f4d86afa,47435,200,queryInfo,no_parent
1650249289,ts-station-service,cd6814211909dcee,464767e336b12660,2aa6a3e3f4d86afa,3474,200,queryForStationId,ts-basic-service
1650249289,ts-order-other-service,7e4cd23b90e42201,7217fc54b0a9c2c8,463281d632fba286,3892,200,securityInfoCheck,ts-security-service
1650249289,ts-security-service,7217fc54b0a9c2c8,3656033931333105,463281d632fba286,5237,200,GET,ts-security-service
1650249289,ts-order-service,4dd3145cbc26279a,551444ad49de93ca,463281d632fba286,3348,200,securityInfoCheck,ts-security-service
1650249289,ts-preserve-service,463281d632fba286,,463281d632fba286,23576,200,preserve,no_parent
1650249289,ts-preserve-service,4b9fc5757edb2e17,463281d632fba286,463281d632fba286,3732,200,GET,ts-preserve-service
1650249289,ts-security-service,551444ad49de93ca,3656033931333105,463281d632fba286,4866,200,GET,ts-security-service
1650249289,ts-security-service,3656033931333105,624990c4a0b85eae,463281d632fba286,15246,200,check,ts-preserve-service
1650249289,ts-order-service,b27d9f87f219e52b,22231b3ee368363c,22231b3ee368363c,9169,200,POST,ts-order-service
1650249289,ts-order-service,22231b3ee368363c,,22231b3ee368363c,12259,200,queryOrdersForRefresh,no_parent
1650249289,ts-station-service,732e5a2e5e5f9ce,b27d9f87f219e52b,22231b3ee368363c,7746,200,queryForNameBatch,ts-order-service
1650249289,ts-verification-code-service,786d7594f45aebe0,293846b9b81bdea9,b26eb8d6781c8085,1972,200,verifyCode,ts-auth-service
1650249289,ts-verification-code-service,cfd99cca02bba0,,cfd99cca02bba0,1826,200,imageCode,no_parent
1650249289,ts-contacts-service,b3c23ff07ce76fb2,,b3c23ff07ce76fb2,3070,200,findContactsByAccountId,no_parent
1650249289,ts-auth-service,b26eb8d6781c8085,,b26eb8d6781c8085,112819,200,getToken,no_parent
1650249290,ts-basic-service,a53d557949b1b6ef,f73ceeb4821d2268,2aa6a3e3f4d86afa,5889,200,queryForStationId,ts-ticketinfo-service
1650249290,ts-station-service,24a2ffa885a77e52,22dfaad859c494b0,2aa6a3e3f4d86afa,1910,200,queryForStationId,ts-basic-service
1650249290,ts-route-service,46ea5f134e16be20,ee748fc71382f7af,2aa6a3e3f4d86afa,2338,200,queryById,ts-travel-service
1650249290,ts-route-service,9723bd1bba17370c,4f668e69a32ac981,2aa6a3e3f4d86afa,1756,200,queryById,ts-travel-service
1650249290,ts-route-service,1ace7db87be45da2,a4e7058a62f1b2e1,2aa6a3e3f4d86afa,2014,200,queryById,ts-travel-service
1650249290,ts-travel-service,ee748fc71382f7af,2aa6a3e3f4d86afa,2aa6a3e3f4d86afa,2510,200,GET,ts-travel-service
1650249290,ts-travel-service,2dfdee564308858e,2aa6a3e3f4d86afa,2aa6a3e3f4d86afa,2505,200,GET,ts-travel-service
1650249290,ts-travel-service,55c35ae8afa796f5,2aa6a3e3f4d86afa,2aa6a3e3f4d86afa,2399,200,GET,ts-travel-service
1650249290,ts-travel-service,869cc9fb9214075b,2aa6a3e3f4d86afa,2aa6a3e3f4d86afa,9590,200,GET,ts-travel-service
1650249290,ts-travel-service,4f668e69a32ac981,2aa6a3e3f4d86afa,2aa6a3e3f4d86afa,2444,200,GET,ts-travel-service
1650249290,ts-route-service,e4e43ccfc2908d0d,2dfdee564308858e,2aa6a3e3f4d86afa,2281,200,queryById,ts-travel-service
1650249290,ts-route-service,85bd708c4c5f3922,55c35ae8afa796f5,2aa6a3e3f4d86afa,2154,200,queryById,ts-travel-service
1650249290,ts-travel-service,a4e7058a62f1b2e1,2aa6a3e3f4d86afa,2aa6a3e3f4d86afa,3636,200,GET,ts-travel-service
1650249290,ts-ticketinfo-service,ea638adaa1ed2af1,869cc9fb9214075b,2aa6a3e3f4d86afa,9189,200,queryForStationId,ts-travel-service
1650249290,ts-basic-service,22dfaad859c494b0,a53d557949b1b6ef,2aa6a3e3f4d86afa,2846,200,GET,ts-basic-service
1650249290,ts-ticketinfo-service,f73ceeb4821d2268,ea638adaa1ed2af1,2aa6a3e3f4d86afa,6540,200,GET,ts-ticketinfo-service
1650249290,ts-assurance-service,fa8bbf2df1740d45,,fa8bbf2df1740d45,1424,200,getAllAssuranceType,no_parent
1650249351,ts-auth-service,9643af47e57defd8,d96e25ee875c709f,d96e25ee875c709f,4589,200,GET,ts-auth-service
1650249351,ts-auth-service,d96e25ee875c709f,,d96e25ee875c709f,113408,200,getToken,no_parent
1650249351,ts-verification-code-service,7e0212205e197ec3,9643af47e57defd8,d96e25ee875c709f,2718,200,verifyCode,ts-auth-service
1650249351,ts-travel-service,dded2af1e568294,,dded2af1e568294,43315,200,queryInfo,no_parent
1650249351,ts-travel-service,c2bd2f4ad77b2dc4,dded2af1e568294,dded2af1e568294,11369,200,GET,ts-travel-service
1650249351,ts-basic-service,2552816c24b17ec1,945ae6b35b81ca6,dded2af1e568294,3372,200,GET,ts-basic-service
1650249351,ts-route-service,27ed8fdfdef37bab,8d3e38e2b91ada8,dded2af1e568294,2182,200,queryById,ts-travel-service
1650249351,ts-security-service,8851f30e2dc376c2,e03004398ce855f9,39ddefb1fc9a3bf2,5164,200,GET,ts-security-service
1650249351,ts-security-service,a494e41bb60443fb,e03004398ce855f9,39ddefb1fc9a3bf2,4903,200,GET,ts-security-service
1650249351,ts-security-service,e03004398ce855f9,78ee4ab63fa474f,39ddefb1fc9a3bf2,14945,200,check,ts-preserve-service
1650249351,ts-contacts-service,acff088b543142e6,73307aef66a26a3,39ddefb1fc9a3bf2,2408,200,getContactsByContactsId,ts-preserve-service
1650249351,ts-preserve-service,39ddefb1fc9a3bf2,,39ddefb1fc9a3bf2,23105,200,preserve,no_parent
1650249351,ts-preserve-service,78ee4ab63fa474f,39ddefb1fc9a3bf2,39ddefb1fc9a3bf2,16614,200,GET,ts-preserve-service
1650249351,ts-preserve-service,73307aef66a26a3,39ddefb1fc9a3bf2,39ddefb1fc9a3bf2,3699,200,GET,ts-preserve-service
1650249351,ts-order-service,dca8d428748a7dab,8851f30e2dc376c2,39ddefb1fc9a3bf2,3819,200,securityInfoCheck,ts-security-service
1650249351,ts-order-other-service,9232b302a9f7b427,a494e41bb60443fb,39ddefb1fc9a3bf2,3541,200,securityInfoCheck,ts-security-service
1650249351,ts-travel-service,d39029b1e3eb3eb9,dded2af1e568294,dded2af1e568294,2360,200,GET,ts-travel-service
1650249351,ts-travel-service,a589db3b54bb7f23,dded2af1e568294,dded2af1e568294,2375,200,GET,ts-travel-service
1650249351,ts-travel-service,f249b810073a033a,dded2af1e568294,dded2af1e568294,3588,200,GET,ts-travel-service
1650249351,ts-route-service,a52457fad529aba6,a589db3b54bb7f23,dded2af1e568294,2101,200,queryById,ts-travel-service
1650249351,ts-route-service,4b36199efda3d2af,f249b810073a033a,dded2af1e568294,2322,200,queryById,ts-travel-service
1650249351,ts-route-service,afd9f9557783a1a6,d39029b1e3eb3eb9,dded2af1e568294,2118,200,queryById,ts-travel-service
1650249351,ts-station-service,1ce2dacdfe9811a7,2552816c24b17ec1,dded2af1e568294,2270,200,queryForStationId,ts-basic-service
1650249351,ts-travel-service,53b8fd14116f08ff,dded2af1e568294,dded2af1e568294,8153,200,GET,ts-travel-service
1650249351,ts-contacts-service,1f62d515c2538232,,1f62d515c2538232,3273,200,findContactsByAccountId,no_parent
1650249351,ts-basic-service,945ae6b35b81ca6,89fb680aef854069,dded2af1e568294,5996,200,queryForStationId,ts-ticketinfo-service
1650249351,ts-basic-service,9238915c62bfe0be,b666e424f06d652e,dded2af1e568294,5069,200,queryForStationId,ts-ticketinfo-service
1650249351,ts-ticketinfo-service,89fb680aef854069,e3fd9ec2a81b288b,dded2af1e568294,7291,200,GET,ts-ticketinfo-service
1650249351,ts-ticketinfo-service,e3fd9ec2a81b288b,c2bd2f4ad77b2dc4,dded2af1e568294,9851,200,queryForStationId,ts-travel-service
1650249351,ts-ticketinfo-service,d7595eac61c3763f,53b8fd14116f08ff,dded2af1e568294,7700,200,queryForStationId,ts-travel-service
1650249351,ts-ticketinfo-service,b666e424f06d652e,d7595eac61c3763f,dded2af1e568294,5758,200,GET,ts-ticketinfo-service
1650249351,ts-basic-service,54403e7d6d1830f3,9238915c62bfe0be,dded2af1e568294,3051,200,GET,ts-basic-service
1650249351,ts-station-service,a89fce8052201814,54403e7d6d1830f3,dded2af1e568294,2098,200,queryForStationId,ts-basic-service
1650249351,ts-travel-service,8d3e38e2b91ada8,dded2af1e568294,dded2af1e568294,2729,200,GET,ts-travel-service
1650249351,ts-travel-service,766428a12d857338,dded2af1e568294,dded2af1e568294,2898,200,GET,ts-travel-service
1650249351,ts-order-service,cfc244bbe66e63b,f4b6f497145fefdd,f4b6f497145fefdd,9174,200,POST,ts-order-service
1650249351,ts-order-service,f4b6f497145fefdd,,f4b6f497145fefdd,12311,200,queryOrdersForRefresh,no_parent
1650249351,ts-station-service,df79a877c4e3f24a,cfc244bbe66e63b,f4b6f497145fefdd,7792,200,queryForNameBatch,ts-order-service
1650249351,ts-route-service,508d5dfe4ab3a680,766428a12d857338,dded2af1e568294,2649,200,queryById,ts-travel-service
1650249351,ts-verification-code-service,51dfc4cc9888d817,,51dfc4cc9888d817,6200,200,imageCode,no_parent
1650249351,ts-assurance-service,348cacfa945ecfda,,348cacfa945ecfda,1596,200,getAllAssuranceType,no_parent
1650249412,ts-ticketinfo-service,e4fb148b544e0d1d,841d240e3b03878b,a04ea90494f52b2d,5671,200,GET,ts-ticketinfo-service
1650249412,ts-auth-service,dadf14a65040c96b,371adaad0bf4c364,371adaad0bf4c364,4786,200,GET,ts-auth-service
1650249412,ts-auth-service,371adaad0bf4c364,,371adaad0bf4c364,109713,200,getToken,no_parent
1650249412,ts-verification-code-service,d4596d85ee793bb7,dadf14a65040c96b,371adaad0bf4c364,2963,200,verifyCode,ts-auth-service
1650249412,ts-station-service,3fa219c2f4dc674c,4736eb7a94041037,a04ea90494f52b2d,2260,200,queryForStationId,ts-basic-service
1650249412,ts-travel-service,40b403b74f58654,a04ea90494f52b2d,a04ea90494f52b2d,11017,200,GET,ts-travel-service
1650249412,ts-travel-service,2eb07d96b6ea85c8,a04ea90494f52b2d,a04ea90494f52b2d,2255,200,GET,ts-travel-service
1650249412,ts-travel-service,c2b82cb2e6ee2979,a04ea90494f52b2d,a04ea90494f52b2d,2327,200,GET,ts-travel-service
1650249412,ts-travel-service,d3c0c10930ac9edb,a04ea90494f52b2d,a04ea90494f52b2d,3926,200,GET,ts-travel-service
1650249412,ts-travel-service,38f4297e974ba583,a04ea90494f52b2d,a04ea90494f52b2d,2649,200,GET,ts-travel-service
1650249412,ts-route-service,baafd5b09a876cd5,d3c0c10930ac9edb,a04ea90494f52b2d,2638,200,queryById,ts-travel-service
1650249412,ts-route-service,fa756d4cdf934b5e,2eb07d96b6ea85c8,a04ea90494f52b2d,2064,200,queryById,ts-travel-service
1650249412,ts-basic-service,12190d2cdb5f189c,891efd094792784c,a04ea90494f52b2d,2948,200,GET,ts-basic-service
1650249412,ts-ticketinfo-service,3426c4629de859,afbaea998ce1e9c9,a04ea90494f52b2d,7079,200,GET,ts-ticketinfo-service
1650249412,ts-ticketinfo-service,afbaea998ce1e9c9,40b403b74f58654,a04ea90494f52b2d,9426,200,queryForStationId,ts-travel-service
1650249412,ts-preserve-service,c4f364219a3af677,9084d4a2c529a074,9084d4a2c529a074,16447,200,GET,ts-preserve-service
1650249412,ts-preserve-service,9084d4a2c529a074,,9084d4a2c529a074,22953,200,preserve,no_parent
1650249412,ts-preserve-service,34d9789bf2a89d25,9084d4a2c529a074,9084d4a2c529a074,3641,200,GET,ts-preserve-service
1650249412,ts-order-service,1352b97ee1ea524b,1f7f863821577ca5,9084d4a2c529a074,3349,200,securityInfoCheck,ts-security-service
1650249412,ts-travel-service,95d202f27cdb409a,a04ea90494f52b2d,a04ea90494f52b2d,8190,200,GET,ts-travel-service
1650249412,ts-travel-service,a04ea90494f52b2d,,a04ea90494f52b2d,43506,200,queryInfo,no_parent
1650249412,ts-contacts-service,7966991223512a02,34d9789bf2a89d25,9084d4a2c529a074,2339,200,getContactsByContactsId,ts-preserve-service
1650249412,ts-security-service,1f7f863821577ca5,d6ba423a12471b2d,9084d4a2c529a074,4804,200,GET,ts-security-service
1650249412,ts-order-service,5ed24ba7337802ac,,5ed24ba7337802ac,12581,200,queryOrdersForRefresh,no_parent
1650249412,ts-station-service,658bf8c7542f3902,12190d2cdb5f189c,a04ea90494f52b2d,2102,200,queryForStationId,ts-basic-service
1650249412,ts-basic-service,4736eb7a94041037,d9fe2d1922fe5043,a04ea90494f52b2d,3477,200,GET,ts-basic-service
1650249412,ts-basic-service,d9fe2d1922fe5043,3426c4629de859,a04ea90494f52b2d,5976,200,queryForStationId,ts-ticketinfo-service
1650249412,ts-order-other-service,de81896170f5b324,c4a1ecd036905464,9084d4a2c529a074,3830,200,securityInfoCheck,ts-security-service
1650249412,ts-travel-service,9cca65d7e4596e05,a04ea90494f52b2d,a04ea90494f52b2d,2752,200,GET,ts-travel-service
1650249412,ts-route-service,26e4eea538952edf,9cca65d7e4596e05,a04ea90494f52b2d,2496,200,queryById,ts-travel-service
1650249412,ts-route-service,39f4455f2307ff7f,38f4297e974ba583,a04ea90494f52b2d,2126,200,queryById,ts-travel-service
1650249412,ts-route-service,f5973acf85d617c9,c2b82cb2e6ee2979,a04ea90494f52b2d,2120,200,queryById,ts-travel-service
1650249412,ts-security-service,c4a1ecd036905464,d6ba423a12471b2d,9084d4a2c529a074,5201,200,GET,ts-security-service
1650249412,ts-contacts-service,e93d18153a8132ef,,e93d18153a8132ef,3346,200,findContactsByAccountId,no_parent
1650249412,ts-security-service,d6ba423a12471b2d,c4f364219a3af677,9084d4a2c529a074,14853,200,check,ts-preserve-service
1650249412,ts-basic-service,891efd094792784c,e4fb148b544e0d1d,a04ea90494f52b2d,4901,200,queryForStationId,ts-ticketinfo-service
1650249412,ts-ticketinfo-service,841d240e3b03878b,95d202f27cdb409a,a04ea90494f52b2d,7690,200,queryForStationId,ts-travel-service
1650249412,ts-station-service,f71f0d2c92a90532,9e6e2a2bdc1dcced,5ed24ba7337802ac,7919,200,queryForNameBatch,ts-order-service
1650249412,ts-order-service,9e6e2a2bdc1dcced,5ed24ba7337802ac,5ed24ba7337802ac,9405,200,POST,ts-order-service
1650249412,ts-verification-code-service,995a704a737f2951,,995a704a737f2951,3211,200,imageCode,no_parent
1650249412,ts-assurance-service,3f938916b5bf356b,,3f938916b5bf356b,1615,200,getAllAssuranceType,no_parent
1650249472,ts-preserve-service,bf536bb328173ec8,afb842d86e300023,afb842d86e300023,16360,200,GET,ts-preserve-service
1650249472,ts-verification-code-service,f03ca6193fc5c564,,f03ca6193fc5c564,3106,200,imageCode,no_parent
1650249472,ts-verification-code-service,7c26a9659bddea36,676d51305e1ab050,26d7429d5ebca442,2382,200,verifyCode,ts-auth-service
1650249472,ts-auth-service,676d51305e1ab050,26d7429d5ebca442,26d7429d5ebca442,4220,200,GET,ts-auth-service
1650249472,ts-auth-service,26d7429d5ebca442,,26d7429d5ebca442,116814,200,getToken,no_parent
1650249472,ts-preserve-service,84493b8a1475fefb,afb842d86e300023,afb842d86e300023,3463,200,GET,ts-preserve-service
1650249472,ts-preserve-service,afb842d86e300023,,afb842d86e300023,22755,200,preserve,no_parent
1650249472,ts-order-service,72cb9c1e9ce8aacd,40f553ac39431d03,afb842d86e300023,3368,200,securityInfoCheck,ts-security-service
1650249472,ts-travel-service,b11611901c064e1d,9c7a3f3cabb1da1d,9c7a3f3cabb1da1d,11155,200,GET,ts-travel-service
1650249472,ts-travel-service,385b419485b277f5,9c7a3f3cabb1da1d,9c7a3f3cabb1da1d,8150,200,GET,ts-travel-service
1650249472,ts-travel-service,9c7a3f3cabb1da1d,,9c7a3f3cabb1da1d,43793,200,queryInfo,no_parent
1650249472,ts-travel-service,274d93932dceff03,9c7a3f3cabb1da1d,9c7a3f3cabb1da1d,2354,200,GET,ts-travel-service
1650249472,ts-basic-service,88993e34a794bfba,540a7de504f988c1,9c7a3f3cabb1da1d,2730,200,GET,ts-basic-service
1650249472,ts-order-other-service,abdcc718897312ea,93ec4b6e889c546a,afb842d86e300023,3495,200,securityInfoCheck,ts-security-service
1650249472,ts-ticketinfo-service,dd2a77ecb7f5c270,ac671633ec587059,9c7a3f3cabb1da1d,7018,200,GET,ts-ticketinfo-service
1650249472,ts-ticketinfo-service,79a7ebfedd197cb9,385b419485b277f5,9c7a3f3cabb1da1d,7594,200,queryForStationId,ts-travel-service
1650249472,ts-ticketinfo-service,859085d23707e83e,79a7ebfedd197cb9,9c7a3f3cabb1da1d,5467,200,GET,ts-ticketinfo-service
1650249472,ts-ticketinfo-service,ac671633ec587059,b11611901c064e1d,9c7a3f3cabb1da1d,9628,200,queryForStationId,ts-travel-service
1650249472,ts-security-service,40f553ac39431d03,b5e2967ec6ae6eaa,afb842d86e300023,4774,200,GET,ts-security-service
1650249472,ts-route-service,89e4d3671dc16ff8,3449266bbfc926c1,9c7a3f3cabb1da1d,2114,200,queryById,ts-travel-service
1650249472,ts-route-service,e771c67b9e4ad8e,847f75da9930360f,9c7a3f3cabb1da1d,2146,200,queryById,ts-travel-service
1650249472,ts-security-service,b5e2967ec6ae6eaa,bf536bb328173ec8,afb842d86e300023,14774,200,check,ts-preserve-service
1650249472,ts-basic-service,540a7de504f988c1,859085d23707e83e,9c7a3f3cabb1da1d,4708,200,queryForStationId,ts-ticketinfo-service
1650249472,ts-basic-service,3f4b1b0b9a47a44,a8e501c237a6dcf6,9c7a3f3cabb1da1d,3472,200,GET,ts-basic-service
1650249472,ts-security-service,93ec4b6e889c546a,b5e2967ec6ae6eaa,afb842d86e300023,4862,200,GET,ts-security-service
1650249472,ts-route-service,e56209e1307c717,274d93932dceff03,9c7a3f3cabb1da1d,2145,200,queryById,ts-travel-service
1650249472,ts-station-service,399349003dfce2db,3f4b1b0b9a47a44,9c7a3f3cabb1da1d,2255,200,queryForStationId,ts-basic-service
1650249472,ts-basic-service,a8e501c237a6dcf6,dd2a77ecb7f5c270,9c7a3f3cabb1da1d,5962,200,queryForStationId,ts-ticketinfo-service
1650249472,ts-travel-service,3449266bbfc926c1,9c7a3f3cabb1da1d,9c7a3f3cabb1da1d,2360,200,GET,ts-travel-service
1650249472,ts-contacts-service,13567692ee49e9db,84493b8a1475fefb,afb842d86e300023,2249,200,getContactsByContactsId,ts-preserve-service
1650249472,ts-route-service,f79f0daab427caf2,45489959fee6ced0,9c7a3f3cabb1da1d,2591,200,queryById,ts-travel-service
1650249472,ts-route-service,f1315ff20bed0d07,bf7ff7a5c733e1dc,9c7a3f3cabb1da1d,2616,200,queryById,ts-travel-service
1650249472,ts-travel-service,bf7ff7a5c733e1dc,9c7a3f3cabb1da1d,9c7a3f3cabb1da1d,3130,200,GET,ts-travel-service
1650249472,ts-station-service,7258202fedd12f7d,af269a281451f872,c5f16baeda7615de,7824,200,queryForNameBatch,ts-order-service
1650249472,ts-order-service,c5f16baeda7615de,,c5f16baeda7615de,12593,200,queryOrdersForRefresh,no_parent
1650249472,ts-travel-service,45489959fee6ced0,9c7a3f3cabb1da1d,9c7a3f3cabb1da1d,3966,200,GET,ts-travel-service
1650249472,ts-travel-service,847f75da9930360f,9c7a3f3cabb1da1d,9c7a3f3cabb1da1d,2362,200,GET,ts-travel-service
1650249472,ts-station-service,6ea17f133c79b113,88993e34a794bfba,9c7a3f3cabb1da1d,2099,200,queryForStationId,ts-basic-service
1650249472,ts-order-service,af269a281451f872,c5f16baeda7615de,c5f16baeda7615de,9255,200,POST,ts-order-service
1650249472,ts-contacts-service,6c35691097cc7ebc,,6c35691097cc7ebc,3017,200,findContactsByAccountId,no_parent
1650249472,ts-assurance-service,c31b6d430816618c,,c31b6d430816618c,1600,200,getAllAssuranceType,no_parent
1650249533,ts-preserve-service,57e9b08fe63cb302,6a06a3fb5d067c1,6a06a3fb5d067c1,18974,200,GET,ts-preserve-service
1650249533,ts-preserve-service,6a06a3fb5d067c1,,6a06a3fb5d067c1,25463,200,preserve,no_parent
1650249533,ts-security-service,ad2b05bc401d21ba,57e9b08fe63cb302,6a06a3fb5d067c1,17361,200,check,ts-preserve-service
1650249533,ts-security-service,4013f0d60a68856d,ad2b05bc401d21ba,6a06a3fb5d067c1,6446,200,GET,ts-security-service
1650249533,ts-contacts-service,b0c57c5865e49336,,b0c57c5865e49336,3046,200,findContactsByAccountId,no_parent
1650249534,ts-route-service,d56535472ec4b9e,1a0f0ef057ca23e5,5bfe1695d1ccd0f7,2153,200,queryById,ts-travel-service
1650249534,ts-order-service,70b3158aee7438a4,4013f0d60a68856d,6a06a3fb5d067c1,4681,200,securityInfoCheck,ts-security-service
1650249534,ts-order-other-service,460b4be6364152d9,d734ebc53de2b652,6a06a3fb5d067c1,4285,200,securityInfoCheck,ts-security-service
1650249534,ts-security-service,d734ebc53de2b652,ad2b05bc401d21ba,6a06a3fb5d067c1,5750,200,GET,ts-security-service
1650249534,ts-contacts-service,df3d56bab01795df,8f3db2038c5ad091,6a06a3fb5d067c1,2344,200,getContactsByContactsId,ts-preserve-service
1650249534,ts-travel-service,f2e105cdce6bb033,5bfe1695d1ccd0f7,5bfe1695d1ccd0f7,10607,200,GET,ts-travel-service
1650249534,ts-travel-service,1a0f0ef057ca23e5,5bfe1695d1ccd0f7,5bfe1695d1ccd0f7,2474,200,GET,ts-travel-service
1650249534,ts-travel-service,63497884acafbcee,5bfe1695d1ccd0f7,5bfe1695d1ccd0f7,10927,200,GET,ts-travel-service
1650249534,ts-travel-service,893fd6c8a1f8e19,5bfe1695d1ccd0f7,5bfe1695d1ccd0f7,2366,200,GET,ts-travel-service
1650249534,ts-travel-service,3a0779329d2f9515,5bfe1695d1ccd0f7,5bfe1695d1ccd0f7,8082,200,GET,ts-travel-service
1650249534,ts-travel-service,7aff6f5c6eb387f8,5bfe1695d1ccd0f7,5bfe1695d1ccd0f7,2312,200,GET,ts-travel-service
1650249534,ts-travel-service,5bfe1695d1ccd0f7,,5bfe1695d1ccd0f7,51360,200,queryInfo,no_parent
1650249534,ts-route-service,8825e52dead806a2,893fd6c8a1f8e19,5bfe1695d1ccd0f7,2205,200,queryById,ts-travel-service
1650249534,ts-route-service,a4bb580a606c4b04,7d43fbbf1677821b,5bfe1695d1ccd0f7,2711,200,queryById,ts-travel-service
1650249534,ts-route-service,831ccd816a630190,7aff6f5c6eb387f8,5bfe1695d1ccd0f7,2129,200,queryById,ts-travel-service
1650249534,ts-route-service,d1060cf56e9ae894,f2e105cdce6bb033,5bfe1695d1ccd0f7,2473,200,queryById,ts-travel-service
1650249534,ts-station-service,5b872766ac16c626,2d1f7a84aa8e8c09,5bfe1695d1ccd0f7,2282,200,queryForStationId,ts-basic-service
1650249534,ts-basic-service,b1d85db6ac2276a4,fb064a158d52a27,5bfe1695d1ccd0f7,2735,200,GET,ts-basic-service
1650249534,ts-station-service,991e15428adfe521,b1d85db6ac2276a4,5bfe1695d1ccd0f7,2072,200,queryForStationId,ts-basic-service
1650249534,ts-auth-service,1ad9ed5c4ecfc4b0,,1ad9ed5c4ecfc4b0,110789,200,getToken,no_parent
1650249534,ts-preserve-service,8f3db2038c5ad091,6a06a3fb5d067c1,6a06a3fb5d067c1,3466,200,GET,ts-preserve-service
1650249534,ts-assurance-service,cfb054bedc59faed,,cfb054bedc59faed,1690,200,getAllAssuranceType,no_parent
1650249534,ts-ticketinfo-service,499c3a3ab2c0af78,63497884acafbcee,5bfe1695d1ccd0f7,9321,200,queryForStationId,ts-travel-service
1650249534,ts-ticketinfo-service,f611a714d06e3126,3a0779329d2f9515,5bfe1695d1ccd0f7,7563,200,queryForStationId,ts-travel-service
1650249534,ts-ticketinfo-service,d0d42d9531aba06,f611a714d06e3126,5bfe1695d1ccd0f7,5595,200,GET,ts-ticketinfo-service
1650249534,ts-basic-service,fb064a158d52a27,d0d42d9531aba06,5bfe1695d1ccd0f7,4900,200,queryForStationId,ts-ticketinfo-service
1650249534,ts-travel-service,7d43fbbf1677821b,5bfe1695d1ccd0f7,5bfe1695d1ccd0f7,4195,200,GET,ts-travel-service
1650249534,ts-order-service,b3a0ffbaf1335ad7,3b29c6fe3e89953d,3b29c6fe3e89953d,8370,200,POST,ts-order-service
1650249534,ts-order-service,3b29c6fe3e89953d,,3b29c6fe3e89953d,11725,200,queryOrdersForRefresh,no_parent
1650249534,ts-station-service,3110a3e686a11170,b3a0ffbaf1335ad7,3b29c6fe3e89953d,6997,200,queryForNameBatch,ts-order-service
1650249534,ts-ticketinfo-service,9f93323ba9578bd4,499c3a3ab2c0af78,5bfe1695d1ccd0f7,7044,200,GET,ts-ticketinfo-service
1650249534,ts-basic-service,96e90c994577d5f3,9f93323ba9578bd4,5bfe1695d1ccd0f7,5894,200,queryForStationId,ts-ticketinfo-service
1650249534,ts-basic-service,2d1f7a84aa8e8c09,96e90c994577d5f3,5bfe1695d1ccd0f7,3389,200,GET,ts-basic-service
1650249534,ts-verification-code-service,697b66a2ff0db275,1896c1e469e00c03,1ad9ed5c4ecfc4b0,1220,200,verifyCode,ts-auth-service
1650249534,ts-auth-service,1896c1e469e00c03,1ad9ed5c4ecfc4b0,1ad9ed5c4ecfc4b0,3011,200,GET,ts-auth-service
1650249534,ts-verification-code-service,6cb4905c1437e246,,6cb4905c1437e246,2397,200,imageCode,no_parent
1650249594,ts-travel-service,81842d73c49afb43,dcb0cec4bfeaed96,dcb0cec4bfeaed96,2334,200,GET,ts-travel-service
1650249594,ts-travel-service,dcb0cec4bfeaed96,,dcb0cec4bfeaed96,44489,200,queryInfo,no_parent
1650249594,ts-route-service,edf1ee5aebbfb06d,81842d73c49afb43,dcb0cec4bfeaed96,2178,200,queryById,ts-travel-service
1650249594,ts-route-service,49bf578bda0c3ed2,c4ec9b10b810999b,dcb0cec4bfeaed96,2134,200,queryById,ts-travel-service
1650249594,ts-station-service,c0d4bdd444907474,15d915bca05eeb99,dcb0cec4bfeaed96,2276,200,queryForStationId,ts-basic-service
1650249594,ts-basic-service,1447c6c6d62494eb,856f348fa09eecb3,dcb0cec4bfeaed96,4711,200,queryForStationId,ts-ticketinfo-service
1650249594,ts-basic-service,15d915bca05eeb99,a23167a84f69edd6,dcb0cec4bfeaed96,3492,200,GET,ts-basic-service
1650249594,ts-route-service,3a1c64aaa9305141,76d7a13846319092,dcb0cec4bfeaed96,2168,200,queryById,ts-travel-service
1650249594,ts-route-service,9a80797ea1f4f433,375f2e0bc27a5540,dcb0cec4bfeaed96,2426,200,queryById,ts-travel-service
1650249594,ts-auth-service,858f5566c05275f,9bb70f9804c375a8,9bb70f9804c375a8,4072,200,GET,ts-auth-service
1650249594,ts-auth-service,9bb70f9804c375a8,,9bb70f9804c375a8,115629,200,getToken,no_parent
1650249594,ts-verification-code-service,f4c5ce501d35917,858f5566c05275f,9bb70f9804c375a8,2269,200,verifyCode,ts-auth-service
1650249594,ts-travel-service,375f2e0bc27a5540,dcb0cec4bfeaed96,dcb0cec4bfeaed96,2942,200,GET,ts-travel-service
1650249594,ts-travel-service,c4ec9b10b810999b,dcb0cec4bfeaed96,dcb0cec4bfeaed96,2335,200,GET,ts-travel-service
1650249594,ts-travel-service,76d7a13846319092,dcb0cec4bfeaed96,dcb0cec4bfeaed96,2335,200,GET,ts-travel-service
1650249594,ts-preserve-service,85113be7fcc8ca4a,c56b9c0c6cee8cae,c56b9c0c6cee8cae,3270,200,GET,ts-preserve-service
1650249594,ts-preserve-service,c56b9c0c6cee8cae,,c56b9c0c6cee8cae,29497,200,preserve,no_parent
1650249594,ts-order-service,a103ed8f2c9b655,bcebcb2e337b6296,c56b9c0c6cee8cae,3285,200,securityInfoCheck,ts-security-service
1650249594,ts-station-service,ef841deec8d8b6b5,10f7f76e39ec62cd,e94888515bce8e7a,8290,200,queryForNameBatch,ts-order-service
1650249594,ts-order-service,10f7f76e39ec62cd,e94888515bce8e7a,e94888515bce8e7a,9717,200,POST,ts-order-service
1650249594,ts-order-service,e94888515bce8e7a,,e94888515bce8e7a,13212,200,queryOrdersForRefresh,no_parent
1650249594,ts-security-service,b05620b45abb71f0,c95676089bd4bd39,c56b9c0c6cee8cae,21358,200,check,ts-preserve-service
1650249594,ts-contacts-service,1bd7a1be242a0cb4,85113be7fcc8ca4a,c56b9c0c6cee8cae,2293,200,getContactsByContactsId,ts-preserve-service
1650249594,ts-preserve-service,c95676089bd4bd39,c56b9c0c6cee8cae,c56b9c0c6cee8cae,23435,200,GET,ts-preserve-service
1650249594,ts-security-service,75f61bcd364f076,b05620b45abb71f0,c56b9c0c6cee8cae,4468,200,GET,ts-security-service
1650249594,ts-ticketinfo-service,1d7574756118b468,69da82f2327254f4,dcb0cec4bfeaed96,7035,200,GET,ts-ticketinfo-service
1650249594,ts-ticketinfo-service,856f348fa09eecb3,26fb2dfdfb1294dd,dcb0cec4bfeaed96,5429,200,GET,ts-ticketinfo-service
1650249594,ts-travel-service,19ec67d152f43d90,dcb0cec4bfeaed96,dcb0cec4bfeaed96,4029,200,GET,ts-travel-service
1650249594,ts-order-other-service,8bd674d079356b77,75f61bcd364f076,c56b9c0c6cee8cae,3426,200,securityInfoCheck,ts-security-service
1650249594,ts-security-service,bcebcb2e337b6296,b05620b45abb71f0,c56b9c0c6cee8cae,5197,200,GET,ts-security-service
1650249594,ts-ticketinfo-service,26fb2dfdfb1294dd,fd0fad361476249,dcb0cec4bfeaed96,7466,200,queryForStationId,ts-travel-service
1650249594,ts-station-service,e462604616106dad,e2222efae446434,dcb0cec4bfeaed96,2047,200,queryForStationId,ts-basic-service
1650249594,ts-ticketinfo-service,69da82f2327254f4,ebedd9ece2807d65,dcb0cec4bfeaed96,9564,200,queryForStationId,ts-travel-service
1650249594,ts-travel-service,ebedd9ece2807d65,dcb0cec4bfeaed96,dcb0cec4bfeaed96,11409,200,GET,ts-travel-service
1650249594,ts-travel-service,fd0fad361476249,dcb0cec4bfeaed96,dcb0cec4bfeaed96,8059,200,GET,ts-travel-service
1650249594,ts-route-service,3f29fad034722593,19ec67d152f43d90,dcb0cec4bfeaed96,2603,200,queryById,ts-travel-service
1650249594,ts-basic-service,e2222efae446434,1447c6c6d62494eb,dcb0cec4bfeaed96,2689,200,GET,ts-basic-service
1650249594,ts-basic-service,a23167a84f69edd6,1d7574756118b468,dcb0cec4bfeaed96,5982,200,queryForStationId,ts-ticketinfo-service
1650249594,ts-verification-code-service,ec027c26317d9490,,ec027c26317d9490,3148,200,imageCode,no_parent
1650249594,ts-contacts-service,fea2020673a8c873,,fea2020673a8c873,3041,200,findContactsByAccountId,no_parent
1650249594,ts-assurance-service,b2a44725ddee1f87,,b2a44725ddee1f87,1639,200,getAllAssuranceType,no_parent
1650249654,ts-auth-service,3abc217aa25df7c3,,3abc217aa25df7c3,109280,200,getToken,no_parent
1650249654,ts-route-service,590743bb4e44bcb8,1bd6c97d32d7a0de,522c9212cf342723,2649,200,queryById,ts-travel-service
1650249654,ts-route-service,244e59bdc1606f11,7e365269ec8d16a6,522c9212cf342723,2132,200,queryById,ts-travel-service
1650249654,ts-route-service,11009085b2cf2ff2,fc013a9a94ea8974,522c9212cf342723,2216,200,queryById,ts-travel-service
1650249654,ts-assurance-service,abcfcc59ad2e34ba,,abcfcc59ad2e34ba,1632,200,getAllAssuranceType,no_parent
1650249654,ts-route-service,af8203212a73075c,57730fc408ce181e,522c9212cf342723,2394,200,queryById,ts-travel-service
1650249654,ts-security-service,d6ea05c072dbe582,ae7f578d6bc25364,1ad1bc91544741a5,4852,200,GET,ts-security-service
1650249654,ts-security-service,81fdfd8a20bff083,ae7f578d6bc25364,1ad1bc91544741a5,4615,200,GET,ts-security-service
1650249654,ts-order-other-service,438c28940ec043a3,d6ea05c072dbe582,1ad1bc91544741a5,3573,200,securityInfoCheck,ts-security-service
1650249654,ts-travel-service,fc013a9a94ea8974,522c9212cf342723,522c9212cf342723,2643,200,GET,ts-travel-service
1650249654,ts-travel-service,db8afba7a4898dc3,522c9212cf342723,522c9212cf342723,2244,200,GET,ts-travel-service
1650249654,ts-ticketinfo-service,2fdb94740562ed14,aca5a6976071410f,522c9212cf342723,8034,200,queryForStationId,ts-travel-service
1650249654,ts-route-service,6b23f0aa15fd80b6,db8afba7a4898dc3,522c9212cf342723,2070,200,queryById,ts-travel-service
1650249654,ts-travel-service,58a1d1db449b8154,522c9212cf342723,522c9212cf342723,11036,200,GET,ts-travel-service
1650249654,ts-security-service,ae7f578d6bc25364,640f8dc3d5219aff,1ad1bc91544741a5,14448,200,check,ts-preserve-service
1650249654,ts-contacts-service,6ac51de423b44415,,6ac51de423b44415,3085,200,findContactsByAccountId,no_parent
1650249654,ts-station-service,ab398eeda3621421,6b6ff6166b3a47fe,522c9212cf342723,2068,200,queryForStationId,ts-basic-service
1650249654,ts-basic-service,c45a841a6c18fb4,7fd3d2191cb2a8b6,522c9212cf342723,5036,200,queryForStationId,ts-ticketinfo-service
1650249654,ts-basic-service,6b6ff6166b3a47fe,c45a841a6c18fb4,522c9212cf342723,2784,200,GET,ts-basic-service
1650249654,ts-basic-service,a9b9908c5afe2643,d3d82612e085bc50,522c9212cf342723,6045,200,queryForStationId,ts-ticketinfo-service
1650249654,ts-contacts-service,24e707ced0f47a54,e9d3bf7c122ab7d6,1ad1bc91544741a5,2448,200,getContactsByContactsId,ts-preserve-service
1650249654,ts-order-service,1a33d7f95e45c4c0,81fdfd8a20bff083,1ad1bc91544741a5,3302,200,securityInfoCheck,ts-security-service
1650249654,ts-preserve-service,1ad1bc91544741a5,,1ad1bc91544741a5,22482,200,preserve,no_parent
1650249654,ts-preserve-service,e9d3bf7c122ab7d6,1ad1bc91544741a5,1ad1bc91544741a5,3698,200,GET,ts-preserve-service
1650249654,ts-travel-service,522c9212cf342723,,522c9212cf342723,53416,200,queryInfo,no_parent
1650249654,ts-travel-service,1bd6c97d32d7a0de,522c9212cf342723,522c9212cf342723,4025,200,GET,ts-travel-service
1650249654,ts-travel-service,aca5a6976071410f,522c9212cf342723,522c9212cf342723,8621,200,GET,ts-travel-service
1650249654,ts-travel-service,57730fc408ce181e,522c9212cf342723,522c9212cf342723,2632,200,GET,ts-travel-service
1650249654,ts-travel-service,7e365269ec8d16a6,522c9212cf342723,522c9212cf342723,2309,200,GET,ts-travel-service
1650249654,ts-ticketinfo-service,bb7c8bc15db6a87a,58a1d1db449b8154,522c9212cf342723,9490,200,queryForStationId,ts-travel-service
1650249654,ts-ticketinfo-service,d3d82612e085bc50,bb7c8bc15db6a87a,522c9212cf342723,7196,200,GET,ts-ticketinfo-service
1650249654,ts-ticketinfo-service,7fd3d2191cb2a8b6,2fdb94740562ed14,522c9212cf342723,5709,200,GET,ts-ticketinfo-service
1650249654,ts-station-service,50e7e1b80b22e833,b95eae7279dff681,522c9212cf342723,2388,200,queryForStationId,ts-basic-service
1650249654,ts-preserve-service,640f8dc3d5219aff,1ad1bc91544741a5,1ad1bc91544741a5,15948,200,GET,ts-preserve-service
1650249654,ts-basic-service,b95eae7279dff681,a9b9908c5afe2643,522c9212cf342723,3574,200,GET,ts-basic-service
1650249654,ts-order-service,1b2a1c6b33a05c3b,,1b2a1c6b33a05c3b,12721,200,queryOrdersForRefresh,no_parent
1650249654,ts-station-service,4d0232f5e53eb554,2d808b3180bb38b4,1b2a1c6b33a05c3b,7928,200,queryForNameBatch,ts-order-service
1650249654,ts-verification-code-service,fbcc4526ba67b4bf,,fbcc4526ba67b4bf,3146,200,imageCode,no_parent
1650249654,ts-order-service,2d808b3180bb38b4,1b2a1c6b33a05c3b,1b2a1c6b33a05c3b,9290,200,POST,ts-order-service
1650249654,ts-auth-service,c9cb8243b9f1ccc8,3abc217aa25df7c3,3abc217aa25df7c3,3812,200,GET,ts-auth-service
1650249654,ts-verification-code-service,93838d67f067cf3b,c9cb8243b9f1ccc8,3abc217aa25df7c3,2005,200,verifyCode,ts-auth-service
1650249714,ts-order-other-service,ca89bc98908c2cf6,7c285c7bc804120d,abc0a92c916fd6ff,3724,200,securityInfoCheck,ts-security-service
1650249714,ts-security-service,e0ba1559f843a7bb,98951cc8c01f3ba4,abc0a92c916fd6ff,4738,200,GET,ts-security-service
1650249714,ts-verification-code-service,8b7a1a033dcd44dd,,8b7a1a033dcd44dd,3085,200,imageCode,no_parent
1650249714,ts-auth-service,8b7b2a382f331fb0,7e9237eec1acc617,7e9237eec1acc617,3789,200,GET,ts-auth-service
1650249714,ts-auth-service,7e9237eec1acc617,,7e9237eec1acc617,115706,200,getToken,no_parent
1650249714,ts-verification-code-service,4895ef382739c84a,8b7b2a382f331fb0,7e9237eec1acc617,2047,200,verifyCode,ts-auth-service
1650249714,ts-security-service,7c285c7bc804120d,98951cc8c01f3ba4,abc0a92c916fd6ff,5076,200,GET,ts-security-service
1650249714,ts-security-service,98951cc8c01f3ba4,aa68de24ec116a6e,abc0a92c916fd6ff,14647,200,check,ts-preserve-service
1650249714,ts-preserve-service,abc0a92c916fd6ff,,abc0a92c916fd6ff,22912,200,preserve,no_parent
1650249714,ts-order-service,b6085df305d68d38,e0ba1559f843a7bb,abc0a92c916fd6ff,3365,200,securityInfoCheck,ts-security-service
1650249714,ts-contacts-service,c9321624af4c1718,e5c85b95bb1a19de,abc0a92c916fd6ff,2402,200,getContactsByContactsId,ts-preserve-service
1650249714,ts-contacts-service,c39009b63a554b68,,c39009b63a554b68,3014,200,findContactsByAccountId,no_parent
1650249714,ts-preserve-service,e5c85b95bb1a19de,abc0a92c916fd6ff,abc0a92c916fd6ff,3663,200,GET,ts-preserve-service
1650249714,ts-preserve-service,aa68de24ec116a6e,abc0a92c916fd6ff,abc0a92c916fd6ff,16241,200,GET,ts-preserve-service
1650249714,ts-order-service,dc6dd749e1a73146,,dc6dd749e1a73146,12762,200,queryOrdersForRefresh,no_parent
1650249714,ts-order-service,5f703d71026b9529,dc6dd749e1a73146,dc6dd749e1a73146,9233,200,POST,ts-order-service
1650249714,ts-station-service,a7a53fb716d2880b,5f703d71026b9529,dc6dd749e1a73146,7798,200,queryForNameBatch,ts-order-service
1650249715,ts-ticketinfo-service,294095cb4fee296c,a4b5bca16aaec3b0,762dc98a4b419d80,6474,200,queryForStationId,ts-travel-service
1650249715,ts-ticketinfo-service,375143e99a6f592e,cc400216f2f54789,762dc98a4b419d80,5406,200,queryForStationId,ts-travel-service
1650249715,ts-travel-service,8ac0718d2aa790b6,762dc98a4b419d80,762dc98a4b419d80,1850,200,GET,ts-travel-service
1650249715,ts-travel-service,a4b5bca16aaec3b0,762dc98a4b419d80,762dc98a4b419d80,7997,200,GET,ts-travel-service
1650249715,ts-travel-service,34fb5dab83117f36,762dc98a4b419d80,762dc98a4b419d80,2192,200,GET,ts-travel-service
1650249715,ts-travel-service,762dc98a4b419d80,,762dc98a4b419d80,35346,200,queryInfo,no_parent
1650249715,ts-ticketinfo-service,a7341ba222af4c62,375143e99a6f592e,762dc98a4b419d80,4042,200,GET,ts-ticketinfo-service
1650249715,ts-travel-service,557bedb10da33318,762dc98a4b419d80,762dc98a4b419d80,3549,200,GET,ts-travel-service
1650249715,ts-basic-service,70cac6a95d1b7c39,4abe93a8d280ad56,762dc98a4b419d80,1677,200,GET,ts-basic-service
1650249715,ts-basic-service,880cf802f8bbb243,86f5be86b7701147,762dc98a4b419d80,4058,200,queryForStationId,ts-ticketinfo-service
1650249715,ts-basic-service,4abe93a8d280ad56,a7341ba222af4c62,762dc98a4b419d80,3395,200,queryForStationId,ts-ticketinfo-service
1650249715,ts-route-service,7e50db2c4e1091d7,8ac0718d2aa790b6,762dc98a4b419d80,1693,200,queryById,ts-travel-service
1650249715,ts-route-service,85bad752ad8854fb,f23e41d5bc2e3233,762dc98a4b419d80,2359,200,queryById,ts-travel-service
1650249715,ts-travel-service,9e62a93f4fca36ce,762dc98a4b419d80,762dc98a4b419d80,2069,200,GET,ts-travel-service
1650249715,ts-station-service,f1b7ce8becaad2c2,92ce334ca86a2278,762dc98a4b419d80,1592,200,queryForStationId,ts-basic-service
1650249715,ts-station-service,ca9d564fbe2f02a5,70cac6a95d1b7c39,762dc98a4b419d80,1115,200,queryForStationId,ts-basic-service
1650249715,ts-route-service,ef3a64cd8e99f2c5,34fb5dab83117f36,762dc98a4b419d80,1712,200,queryById,ts-travel-service
1650249715,ts-route-service,cdc38bf0bf56b485,557bedb10da33318,762dc98a4b419d80,2126,200,queryById,ts-travel-service
1650249715,ts-route-service,af45dc2f84f6a26a,9e62a93f4fca36ce,762dc98a4b419d80,1812,200,queryById,ts-travel-service
1650249715,ts-ticketinfo-service,86f5be86b7701147,294095cb4fee296c,762dc98a4b419d80,5141,200,GET,ts-ticketinfo-service
1650249715,ts-travel-service,cc400216f2f54789,762dc98a4b419d80,762dc98a4b419d80,5932,200,GET,ts-travel-service
1650249715,ts-travel-service,f23e41d5bc2e3233,762dc98a4b419d80,762dc98a4b419d80,2537,200,GET,ts-travel-service
1650249715,ts-basic-service,92ce334ca86a2278,880cf802f8bbb243,762dc98a4b419d80,2475,200,GET,ts-basic-service
1650249715,ts-assurance-service,8e3028fc2400bc9,,8e3028fc2400bc9,1370,200,getAllAssuranceType,no_parent
1650249775,ts-ticketinfo-service,3a3e101ff266ff5b,46d0993a24736112,8f6eea409be39ae,5750,200,GET,ts-ticketinfo-service
1650249775,ts-ticketinfo-service,46d0993a24736112,6e0c5b8d4d72fd9b,8f6eea409be39ae,7911,200,queryForStationId,ts-travel-service
1650249775,ts-travel-service,25fdf38057c961,8f6eea409be39ae,8f6eea409be39ae,3258,200,GET,ts-travel-service
1650249775,ts-verification-code-service,1f58acca192f1304,fa3121afc17e62b7,c355baffae83bbfc,12297,200,verifyCode,ts-auth-service
1650249775,ts-auth-service,c355baffae83bbfc,,c355baffae83bbfc,124666,200,getToken,no_parent
1650249775,ts-auth-service,fa3121afc17e62b7,c355baffae83bbfc,c355baffae83bbfc,3729,200,GET,ts-auth-service
1650249775,ts-basic-service,af49225eb1f33a0d,457835aa41021512,8f6eea409be39ae,3472,200,GET,ts-basic-service
1650249775,ts-travel-service,6e0c5b8d4d72fd9b,8f6eea409be39ae,8f6eea409be39ae,8422,200,GET,ts-travel-service
1650249775,ts-travel-service,b64ad0f9bc4fb1a,8f6eea409be39ae,8f6eea409be39ae,2397,200,GET,ts-travel-service
1650249775,ts-travel-service,7849679d6dc5defe,8f6eea409be39ae,8f6eea409be39ae,5687,200,GET,ts-travel-service
1650249775,ts-route-service,e5be7e6c759a19ce,b64ad0f9bc4fb1a,8f6eea409be39ae,2153,200,queryById,ts-travel-service
1650249775,ts-ticketinfo-service,40fc3ceb084d11e1,357d0e8e5ee33bfa,8f6eea409be39ae,9769,200,queryForStationId,ts-travel-service
1650249775,ts-basic-service,b599ed4955cd1fad,a33a71c28e8a2d50,8f6eea409be39ae,2805,200,GET,ts-basic-service
1650249775,ts-security-service,850eba6d808753da,3c2225bbb980da46,b4337b44df7d4c54,14010,200,check,ts-preserve-service
1650249775,ts-security-service,1d6e13a390f92576,850eba6d808753da,b4337b44df7d4c54,4824,200,GET,ts-security-service
1650249775,ts-contacts-service,b36a3a1d19c3d0c7,28b2bde783cba9,b4337b44df7d4c54,2507,200,getContactsByContactsId,ts-preserve-service
1650249775,ts-order-service,e21d05c069b64859,57125b1a5e936440,57125b1a5e936440,9534,200,POST,ts-order-service
1650249775,ts-station-service,1b65ab90f0ba993a,e21d05c069b64859,57125b1a5e936440,8013,200,queryForNameBatch,ts-order-service
1650249775,ts-preserve-service,b4337b44df7d4c54,,b4337b44df7d4c54,22224,200,preserve,no_parent
1650249775,ts-preserve-service,28b2bde783cba9,b4337b44df7d4c54,b4337b44df7d4c54,3889,200,GET,ts-preserve-service
1650249775,ts-security-service,e13bc6030cd28557,850eba6d808753da,b4337b44df7d4c54,4644,200,GET,ts-security-service
1650249775,ts-preserve-service,3c2225bbb980da46,b4337b44df7d4c54,b4337b44df7d4c54,15554,200,GET,ts-preserve-service
1650249775,ts-order-service,9b824696c24445d8,1d6e13a390f92576,b4337b44df7d4c54,3313,200,securityInfoCheck,ts-security-service
1650249775,ts-order-other-service,f6a12bafcae809ed,e13bc6030cd28557,b4337b44df7d4c54,3233,200,securityInfoCheck,ts-security-service
1650249775,ts-route-service,f7a14dfb536a14f0,790f2cd37fccdf81,8f6eea409be39ae,2164,200,queryById,ts-travel-service
1650249775,ts-station-service,825707179cf414cf,af49225eb1f33a0d,8f6eea409be39ae,2328,200,queryForStationId,ts-basic-service
1650249775,ts-station-service,a27e636fdfc714be,b599ed4955cd1fad,8f6eea409be39ae,2100,200,queryForStationId,ts-basic-service
1650249775,ts-travel-service,790f2cd37fccdf81,8f6eea409be39ae,8f6eea409be39ae,2342,200,GET,ts-travel-service
1650249775,ts-contacts-service,a03b8f9183a35522,,a03b8f9183a35522,2909,200,findContactsByAccountId,no_parent
1650249775,ts-ticketinfo-service,6a326149fc8bb56d,40fc3ceb084d11e1,8f6eea409be39ae,7420,200,GET,ts-ticketinfo-service
1650249775,ts-basic-service,457835aa41021512,6a326149fc8bb56d,8f6eea409be39ae,5918,200,queryForStationId,ts-ticketinfo-service
1650249775,ts-travel-service,12f3c65ef8361c66,8f6eea409be39ae,8f6eea409be39ae,2358,200,GET,ts-travel-service
1650249775,ts-travel-service,357d0e8e5ee33bfa,8f6eea409be39ae,8f6eea409be39ae,11304,200,GET,ts-travel-service
1650249775,ts-travel-service,8f6eea409be39ae,,8f6eea409be39ae,46380,200,queryInfo,no_parent
1650249775,ts-route-service,70e1bdd8143ba2c2,7849679d6dc5defe,8f6eea409be39ae,3616,200,queryById,ts-travel-service
1650249775,ts-route-service,2f1008a565d041f9,25fdf38057c961,8f6eea409be39ae,2714,200,queryById,ts-travel-service
1650249775,ts-route-service,3ae1962ef755da9c,12f3c65ef8361c66,8f6eea409be39ae,2169,200,queryById,ts-travel-service
1650249775,ts-basic-service,a33a71c28e8a2d50,3a3e101ff266ff5b,8f6eea409be39ae,4997,200,queryForStationId,ts-ticketinfo-service
1650249775,ts-order-service,57125b1a5e936440,,57125b1a5e936440,12625,200,queryOrdersForRefresh,no_parent
1650249775,ts-verification-code-service,e24cf42eccd65102,,e24cf42eccd65102,3263,200,imageCode,no_parent
1650249775,ts-assurance-service,c15b655befcaf762,,c15b655befcaf762,1654,200,getAllAssuranceType,no_parent
1650249835,ts-ticketinfo-service,de7be128d2deb11,31dea3a22532415d,6b0a99e246a44184,5417,200,GET,ts-ticketinfo-service
1650249835,ts-ticketinfo-service,3391c81ccd6300a5,91473b97e3fc3c3d,6b0a99e246a44184,9679,200,queryForStationId,ts-travel-service
1650249835,ts-ticketinfo-service,31dea3a22532415d,281d8a17db5ce3d2,6b0a99e246a44184,7413,200,queryForStationId,ts-travel-service
1650249835,ts-route-service,b17db91d7d511baf,3229f8477f69a2eb,6b0a99e246a44184,2161,200,queryById,ts-travel-service
1650249835,ts-route-service,700117876f911acb,ad655d432a641bbb,6b0a99e246a44184,2115,200,queryById,ts-travel-service
1650249835,ts-station-service,25b873d04a0a9458,3650efbaaa84920b,6b0a99e246a44184,2254,200,queryForStationId,ts-basic-service
1650249835,ts-basic-service,834dce74632a408e,f1dca07dd0d373,6b0a99e246a44184,6084,200,queryForStationId,ts-ticketinfo-service
1650249835,ts-basic-service,1c94b352ee7e43df,de7be128d2deb11,6b0a99e246a44184,4693,200,queryForStationId,ts-ticketinfo-service
1650249835,ts-basic-service,76372a9db4b0c7,1c94b352ee7e43df,6b0a99e246a44184,2742,200,GET,ts-basic-service
1650249835,ts-route-service,82463224b9e47066,ec0b9f4a836946ac,6b0a99e246a44184,2527,200,queryById,ts-travel-service
1650249835,ts-station-service,37c7d4c1355fd1c2,76372a9db4b0c7,6b0a99e246a44184,2091,200,queryForStationId,ts-basic-service
1650249835,ts-preserve-service,dcee0d939ba41220,,dcee0d939ba41220,22774,200,preserve,no_parent
1650249835,ts-order-other-service,9ab9714f057cca02,412a9f0e8ab5f262,dcee0d939ba41220,3439,200,securityInfoCheck,ts-security-service
1650249835,ts-travel-service,ad655d432a641bbb,6b0a99e246a44184,6b0a99e246a44184,2338,200,GET,ts-travel-service
1650249835,ts-travel-service,281d8a17db5ce3d2,6b0a99e246a44184,6b0a99e246a44184,8045,200,GET,ts-travel-service
1650249835,ts-travel-service,13842d094af174a,6b0a99e246a44184,6b0a99e246a44184,2327,200,GET,ts-travel-service
1650249835,ts-travel-service,ec0b9f4a836946ac,6b0a99e246a44184,6b0a99e246a44184,3087,200,GET,ts-travel-service
1650249835,ts-assurance-service,c67c3febb0c069d3,,c67c3febb0c069d3,1596,200,getAllAssuranceType,no_parent
1650249835,ts-security-service,412a9f0e8ab5f262,289cd9cf755bed3a,dcee0d939ba41220,4718,200,GET,ts-security-service
1650249835,ts-security-service,f6be217e729724a8,289cd9cf755bed3a,dcee0d939ba41220,4848,200,GET,ts-security-service
1650249835,ts-security-service,289cd9cf755bed3a,b01f3092d5464149,dcee0d939ba41220,14646,200,check,ts-preserve-service
1650249835,ts-contacts-service,694be8019877c2ce,e89c683d86214e87,dcee0d939ba41220,2285,200,getContactsByContactsId,ts-preserve-service
1650249835,ts-preserve-service,e89c683d86214e87,dcee0d939ba41220,dcee0d939ba41220,3605,200,GET,ts-preserve-service
1650249835,ts-preserve-service,b01f3092d5464149,dcee0d939ba41220,dcee0d939ba41220,16168,200,GET,ts-preserve-service
1650249835,ts-basic-service,3650efbaaa84920b,834dce74632a408e,6b0a99e246a44184,3462,200,GET,ts-basic-service
1650249835,ts-ticketinfo-service,f1dca07dd0d373,3391c81ccd6300a5,6b0a99e246a44184,7193,200,GET,ts-ticketinfo-service
1650249835,ts-travel-service,6b36d582728d3910,6b0a99e246a44184,6b0a99e246a44184,4052,200,GET,ts-travel-service
1650249835,ts-route-service,1f9cb41b1d81381b,6b36d582728d3910,6b0a99e246a44184,2657,200,queryById,ts-travel-service
1650249835,ts-route-service,627fd037533c9f2f,13842d094af174a,6b0a99e246a44184,2165,200,queryById,ts-travel-service
1650249835,ts-order-service,305e36c0f0613c1a,f6be217e729724a8,dcee0d939ba41220,3428,200,securityInfoCheck,ts-security-service
1650249835,ts-travel-service,91473b97e3fc3c3d,6b0a99e246a44184,6b0a99e246a44184,10841,200,GET,ts-travel-service
1650249835,ts-travel-service,3229f8477f69a2eb,6b0a99e246a44184,6b0a99e246a44184,2377,200,GET,ts-travel-service
1650249835,ts-travel-service,6b0a99e246a44184,,6b0a99e246a44184,42839,200,queryInfo,no_parent
1650249835,ts-order-service,4c276b61f9ee7346,6b597fa8bc7b1d97,6b597fa8bc7b1d97,9289,200,POST,ts-order-service
1650249835,ts-order-service,6b597fa8bc7b1d97,,6b597fa8bc7b1d97,12624,200,queryOrdersForRefresh,no_parent
1650249835,ts-station-service,8269b37434d6d3fc,4c276b61f9ee7346,6b597fa8bc7b1d97,7752,200,queryForNameBatch,ts-order-service
1650249835,ts-contacts-service,130d5475a6699ca2,,130d5475a6699ca2,3137,200,findContactsByAccountId,no_parent
1650249835,ts-verification-code-service,63f9a87297deefd6,efbdf164e7e10fff,25029e25d04756c1,2186,200,verifyCode,ts-auth-service
1650249835,ts-verification-code-service,54c13a36149281b1,,54c13a36149281b1,3050,200,imageCode,no_parent
1650249835,ts-auth-service,efbdf164e7e10fff,25029e25d04756c1,25029e25d04756c1,3929,200,GET,ts-auth-service
1650249835,ts-auth-service,25029e25d04756c1,,25029e25d04756c1,118798,200,getToken,no_parent
1650249895,ts-travel-service,350e397437bf59f3,f08c754261665e7e,f08c754261665e7e,2303,200,GET,ts-travel-service
1650249895,ts-travel-service,184b2b3417215864,f08c754261665e7e,f08c754261665e7e,3088,200,GET,ts-travel-service
1650249895,ts-travel-service,8499ab3d7c512a08,f08c754261665e7e,f08c754261665e7e,2329,200,GET,ts-travel-service
1650249895,ts-station-service,8958223144614dd3,8078d6d8dfd6ca8,f08c754261665e7e,2113,200,queryForStationId,ts-basic-service
1650249895,ts-route-service,418334e072a99071,350e397437bf59f3,f08c754261665e7e,2105,200,queryById,ts-travel-service
1650249895,ts-station-service,a22c45df0d832014,798c4027aa0aa62e,f08c754261665e7e,2356,200,queryForStationId,ts-basic-service
1650249895,ts-basic-service,37cc74de6cf1439c,881cdf7f0842007d,f08c754261665e7e,5918,200,queryForStationId,ts-ticketinfo-service
1650249895,ts-basic-service,798c4027aa0aa62e,37cc74de6cf1439c,f08c754261665e7e,3444,200,GET,ts-basic-service
1650249895,ts-basic-service,8078d6d8dfd6ca8,21b5be9396b94eba,f08c754261665e7e,2760,200,GET,ts-basic-service
1650249895,ts-verification-code-service,f51132a74d47dd9b,2e05f906dcde06b3,41be811d9872abb,2055,200,verifyCode,ts-auth-service
1650249895,ts-auth-service,41be811d9872abb,,41be811d9872abb,110458,200,getToken,no_parent
1650249895,ts-route-service,1bd67d334a23777f,184b2b3417215864,f08c754261665e7e,2555,200,queryById,ts-travel-service
1650249895,ts-route-service,ba1238db621d5333,fc0b5e1936e6254a,f08c754261665e7e,2168,200,queryById,ts-travel-service
1650249895,ts-route-service,5b31c4c9b22d6e8a,8499ab3d7c512a08,f08c754261665e7e,2126,200,queryById,ts-travel-service
1650249895,ts-ticketinfo-service,881cdf7f0842007d,3ac3dd14af7f8439,f08c754261665e7e,7082,200,GET,ts-ticketinfo-service
1650249895,ts-ticketinfo-service,3ac3dd14af7f8439,e355440c983a43e,f08c754261665e7e,9611,200,queryForStationId,ts-travel-service
1650249895,ts-ticketinfo-service,bde75328f444d5dd,2b0cb46cedde6609,f08c754261665e7e,5410,200,GET,ts-ticketinfo-service
1650249895,ts-travel-service,f08c754261665e7e,,f08c754261665e7e,43545,200,queryInfo,no_parent
1650249895,ts-travel-service,eb700b79a72c17c0,f08c754261665e7e,f08c754261665e7e,8072,200,GET,ts-travel-service
1650249895,ts-auth-service,2e05f906dcde06b3,41be811d9872abb,41be811d9872abb,3738,200,GET,ts-auth-service
1650249895,ts-route-service,4ba78c4bf292715c,2004ce6d907e17d4,f08c754261665e7e,2567,200,queryById,ts-travel-service
1650249895,ts-travel-service,2004ce6d907e17d4,f08c754261665e7e,f08c754261665e7e,3924,200,GET,ts-travel-service
1650249895,ts-travel-service,fc0b5e1936e6254a,f08c754261665e7e,f08c754261665e7e,2360,200,GET,ts-travel-service
1650249895,ts-travel-service,e355440c983a43e,f08c754261665e7e,f08c754261665e7e,11174,200,GET,ts-travel-service
1650249895,ts-ticketinfo-service,2b0cb46cedde6609,eb700b79a72c17c0,f08c754261665e7e,7387,200,queryForStationId,ts-travel-service
1650249895,ts-basic-service,21b5be9396b94eba,bde75328f444d5dd,f08c754261665e7e,4688,200,queryForStationId,ts-ticketinfo-service
1650249895,ts-security-service,df6dd008aae4d410,7fd2d0adfd0e3107,f2aa3522de3afc76,4773,200,GET,ts-security-service
1650249895,ts-security-service,7fd2d0adfd0e3107,a85d2029920fb78f,f2aa3522de3afc76,13553,200,check,ts-preserve-service
1650249895,ts-contacts-service,96c40c56f23f25b8,4fb4f3e4a97ee5f6,f2aa3522de3afc76,2171,200,getContactsByContactsId,ts-preserve-service
1650249895,ts-preserve-service,4fb4f3e4a97ee5f6,f2aa3522de3afc76,f2aa3522de3afc76,3495,200,GET,ts-preserve-service
1650249895,ts-preserve-service,f2aa3522de3afc76,,f2aa3522de3afc76,21731,200,preserve,no_parent
1650249895,ts-order-other-service,5392e9dc63288f79,5447d5451cb621fb,f2aa3522de3afc76,3502,200,securityInfoCheck,ts-security-service
1650249895,ts-order-service,7024a6e33065b1da,df6dd008aae4d410,f2aa3522de3afc76,3303,200,securityInfoCheck,ts-security-service
1650249895,ts-security-service,5447d5451cb621fb,7fd2d0adfd0e3107,f2aa3522de3afc76,4852,200,GET,ts-security-service
1650249895,ts-preserve-service,a85d2029920fb78f,f2aa3522de3afc76,f2aa3522de3afc76,15131,200,GET,ts-preserve-service
1650249895,ts-verification-code-service,e5c74e7305cd022,,e5c74e7305cd022,3047,200,imageCode,no_parent
1650249895,ts-order-service,1fca17d12f709540,b04cbea03d210e38,b04cbea03d210e38,9748,200,POST,ts-order-service
1650249895,ts-order-service,b04cbea03d210e38,,b04cbea03d210e38,13161,200,queryOrdersForRefresh,no_parent
1650249895,ts-station-service,b66865ac806e1357,1fca17d12f709540,b04cbea03d210e38,8004,200,queryForNameBatch,ts-order-service
1650249895,ts-assurance-service,6ecf0884f4fc74a5,,6ecf0884f4fc74a5,1596,200,getAllAssuranceType,no_parent
1650249895,ts-contacts-service,9960fabf2cc95884,,9960fabf2cc95884,2840,200,findContactsByAccountId,no_parent
