timestamp,service_name,span_id,parent_id,trace_id,duration,status_code,operation_name,parent_service_name
1650408861,ts-contacts-service,cbcb9dd0525a5c74,f7c60c6fa71310d,f20696008e0afb00,2706,200,getContactsByContactsId,ts-preserve-service
1650408861,ts-order-service,872f560f64132633,62e4b602a9a5fc43,f20696008e0afb00,3306,200,securityInfoCheck,ts-security-service
1650408861,ts-security-service,cb547996a903a01b,f507b6b06ba234b3,f20696008e0afb00,13378,200,check,ts-preserve-service
1650408861,ts-security-service,62e4b602a9a5fc43,cb547996a903a01b,f20696008e0afb00,4718,200,GET,ts-security-service
1650408861,ts-order-other-service,dbc759a7e6089a5b,24ecb483fd3429d2,f20696008e0afb00,3170,200,securityInfoCheck,ts-security-service
1650408861,ts-preserve-service,f20696008e0afb00,,f20696008e0afb00,22188,200,preserve,no_parent
1650408861,ts-preserve-service,f7c60c6fa71310d,f20696008e0afb00,f20696008e0afb00,3899,200,GET,ts-preserve-service
1650408861,ts-security-service,24ecb483fd3429d2,cb547996a903a01b,f20696008e0afb00,4204,200,GET,ts-security-service
1650408861,ts-preserve-service,f507b6b06ba234b3,f20696008e0afb00,f20696008e0afb00,15091,200,GET,ts-preserve-service
1650408921,ts-contacts-service,c9be97f130ee6233,e3c69681a3c6f32a,402b9b498187c14f,2243,200,getContactsByContactsId,ts-preserve-service
1650408921,ts-order-service,9ccc495efaf9b6f1,c4f0f3981ff1a8ef,402b9b498187c14f,3574,200,securityInfoCheck,ts-security-service
1650408921,ts-security-service,1b51751ff07161c6,e47df1499468e18d,402b9b498187c14f,14176,200,check,ts-preserve-service
1650408921,ts-order-other-service,180e9ef3899066ea,55095b1c94660712,402b9b498187c14f,3249,200,securityInfoCheck,ts-security-service
1650408921,ts-security-service,c4f0f3981ff1a8ef,1b51751ff07161c6,402b9b498187c14f,5026,200,GET,ts-security-service
1650408921,ts-security-service,55095b1c94660712,1b51751ff07161c6,402b9b498187c14f,4525,200,GET,ts-security-service
1650408921,ts-travel-service,fda3ee7ff3a6a60c,e63bbd78003e8e9e,e63bbd78003e8e9e,2329,200,GET,ts-travel-service
1650408921,ts-travel-service,e63bbd78003e8e9e,,e63bbd78003e8e9e,53384,200,queryInfo,no_parent
1650408921,ts-preserve-service,402b9b498187c14f,,402b9b498187c14f,22422,200,preserve,no_parent
1650408921,ts-travel-service,1ab0f30e41b77574,e63bbd78003e8e9e,e63bbd78003e8e9e,12738,200,GET,ts-travel-service
1650408921,ts-preserve-service,e3c69681a3c6f32a,402b9b498187c14f,402b9b498187c14f,3541,200,GET,ts-preserve-service
1650408921,ts-preserve-service,e47df1499468e18d,402b9b498187c14f,402b9b498187c14f,15856,200,GET,ts-preserve-service
1650408921,ts-route-service,e8650170ea0dd1bf,b10839cd36f537a8,e63bbd78003e8e9e,2636,200,queryById,ts-travel-service
1650408921,ts-route-service,d612d4e5f18a6a7a,8c789da59775f174,e63bbd78003e8e9e,2634,200,queryById,ts-travel-service
1650408921,ts-route-service,49b3cd3f5875c164,162cc852afbe76a6,e63bbd78003e8e9e,2219,200,queryById,ts-travel-service
1650408921,ts-station-service,74abb5ed23980246,7f3b09c9648ab3bb,e63bbd78003e8e9e,2728,200,queryForStationId,ts-basic-service
1650408921,ts-basic-service,7f3b09c9648ab3bb,14515c14aa65cc82,e63bbd78003e8e9e,3786,200,GET,ts-basic-service
1650408921,ts-basic-service,8bdb917e51661f48,f95043eb648f8d74,e63bbd78003e8e9e,3110,200,GET,ts-basic-service
1650408921,ts-basic-service,f95043eb648f8d74,9a97bbab7c38f882,e63bbd78003e8e9e,5298,200,queryForStationId,ts-ticketinfo-service
1650408921,ts-station-service,12be69ebffb4fd8c,8bdb917e51661f48,e63bbd78003e8e9e,2423,200,queryForStationId,ts-basic-service
1650408921,ts-basic-service,14515c14aa65cc82,20053baf8255a97d,e63bbd78003e8e9e,6203,200,queryForStationId,ts-ticketinfo-service
1650408921,ts-ticketinfo-service,5522ea3a24987fb1,2b157decc62b9cb6,e63bbd78003e8e9e,8311,200,queryForStationId,ts-travel-service
1650408921,ts-ticketinfo-service,af1cda57a116fa17,1ab0f30e41b77574,e63bbd78003e8e9e,10049,200,queryForStationId,ts-travel-service
1650408921,ts-ticketinfo-service,9a97bbab7c38f882,5522ea3a24987fb1,e63bbd78003e8e9e,5956,200,GET,ts-ticketinfo-service
1650408921,ts-travel-service,8c789da59775f174,e63bbd78003e8e9e,e63bbd78003e8e9e,3171,200,GET,ts-travel-service
1650408921,ts-travel-service,1f56abc60a47af35,e63bbd78003e8e9e,e63bbd78003e8e9e,2318,200,GET,ts-travel-service
1650408921,ts-travel-service,b10839cd36f537a8,e63bbd78003e8e9e,e63bbd78003e8e9e,3897,200,GET,ts-travel-service
1650408921,ts-travel-service,2b157decc62b9cb6,e63bbd78003e8e9e,e63bbd78003e8e9e,8742,200,GET,ts-travel-service
1650408921,ts-travel-service,162cc852afbe76a6,e63bbd78003e8e9e,e63bbd78003e8e9e,2342,200,GET,ts-travel-service
1650408921,ts-ticketinfo-service,20053baf8255a97d,af1cda57a116fa17,e63bbd78003e8e9e,7408,200,GET,ts-ticketinfo-service
1650408921,ts-route-service,fee90a4e71ac5c16,1f56abc60a47af35,e63bbd78003e8e9e,2177,200,queryById,ts-travel-service
1650408921,ts-route-service,3ff8b02132c85d59,fda3ee7ff3a6a60c,e63bbd78003e8e9e,2175,200,queryById,ts-travel-service
1650408981,ts-contacts-service,4d8d98a57b8eaae6,312770982f93ea27,a25900c2ee4e21c0,2374,200,getContactsByContactsId,ts-preserve-service
1650408981,ts-security-service,4790ffafea09fcb4,85806ffd098dde47,a25900c2ee4e21c0,4189,200,GET,ts-security-service
1650408981,ts-travel-service,a40b09ee685fdd71,85113622a350c5bc,85113622a350c5bc,4209,200,GET,ts-travel-service
1650408981,ts-security-service,3ab6dff9cba6da15,85806ffd098dde47,a25900c2ee4e21c0,4858,200,GET,ts-security-service
1650408981,ts-ticketinfo-service,311ea5e83a3ecd,3595b958308d88db,85113622a350c5bc,10206,200,queryForStationId,ts-travel-service
1650408981,ts-ticketinfo-service,e4534aff8549de2d,311ea5e83a3ecd,85113622a350c5bc,7360,200,GET,ts-ticketinfo-service
1650408981,ts-ticketinfo-service,1f9d4ee6179b3b18,17f51c659541fbfe,85113622a350c5bc,5298,200,GET,ts-ticketinfo-service
1650408981,ts-ticketinfo-service,17f51c659541fbfe,2a5583e5e60340a0,85113622a350c5bc,7688,200,queryForStationId,ts-travel-service
1650408981,ts-basic-service,bfa388dc6a185d4f,e4534aff8549de2d,85113622a350c5bc,6187,200,queryForStationId,ts-ticketinfo-service
1650408981,ts-security-service,85806ffd098dde47,4c90879547189981,a25900c2ee4e21c0,13269,200,check,ts-preserve-service
1650408981,ts-basic-service,63c557905c82c14d,97c34a0742730392,85113622a350c5bc,2569,200,GET,ts-basic-service
1650408981,ts-verification-code-service,11b543196a38a8b6,578c0da26261b44,1309c84e332a798,2039,200,verifyCode,ts-auth-service
1650408981,ts-basic-service,97c34a0742730392,1f9d4ee6179b3b18,85113622a350c5bc,4572,200,queryForStationId,ts-ticketinfo-service
1650408981,ts-route-service,1e6d2952e00cbd4e,53bae6441e4ae7a1,85113622a350c5bc,2108,200,queryById,ts-travel-service
1650408981,ts-route-service,4e2b50cb6ef5ffab,bb967a7830e90603,85113622a350c5bc,2120,200,queryById,ts-travel-service
1650408981,ts-travel-service,47472337e77b731f,85113622a350c5bc,85113622a350c5bc,2567,200,GET,ts-travel-service
1650408981,ts-travel-service,bb967a7830e90603,85113622a350c5bc,85113622a350c5bc,2263,200,GET,ts-travel-service
1650408981,ts-route-service,a49052d50735f873,a40b09ee685fdd71,85113622a350c5bc,2843,200,queryById,ts-travel-service
1650408981,ts-auth-service,578c0da26261b44,1309c84e332a798,1309c84e332a798,3628,200,GET,ts-auth-service
1650408981,ts-travel-service,2a5583e5e60340a0,85113622a350c5bc,85113622a350c5bc,8018,200,GET,ts-travel-service
1650408981,ts-order-service,e7872929e9fd8010,3ab6dff9cba6da15,a25900c2ee4e21c0,3750,200,securityInfoCheck,ts-security-service
1650408981,ts-travel-service,85113622a350c5bc,,85113622a350c5bc,45474,200,queryInfo,no_parent
1650408981,ts-route-service,3631d22996c60e8e,1703897635ca9ebb,85113622a350c5bc,2605,200,queryById,ts-travel-service
1650408981,ts-travel-service,53bae6441e4ae7a1,85113622a350c5bc,85113622a350c5bc,2262,200,GET,ts-travel-service
1650408981,ts-travel-service,1703897635ca9ebb,85113622a350c5bc,85113622a350c5bc,3180,200,GET,ts-travel-service
1650408981,ts-station-service,58dc0a9aa948abc,63c557905c82c14d,85113622a350c5bc,1750,200,queryForStationId,ts-basic-service
1650408981,ts-route-service,3ee0e4306367500c,47472337e77b731f,85113622a350c5bc,2183,200,queryById,ts-travel-service
1650408981,ts-order-other-service,c32dcc1806d30938,4790ffafea09fcb4,a25900c2ee4e21c0,3086,200,securityInfoCheck,ts-security-service
1650408981,ts-station-service,443179e256cf0c19,8a7d0b305772b859,85113622a350c5bc,2601,200,queryForStationId,ts-basic-service
1650408981,ts-basic-service,8a7d0b305772b859,bfa388dc6a185d4f,85113622a350c5bc,3682,200,GET,ts-basic-service
1650408981,ts-preserve-service,4c90879547189981,a25900c2ee4e21c0,a25900c2ee4e21c0,14886,200,GET,ts-preserve-service
1650408981,ts-preserve-service,312770982f93ea27,a25900c2ee4e21c0,a25900c2ee4e21c0,3596,200,GET,ts-preserve-service
1650408981,ts-preserve-service,a25900c2ee4e21c0,,a25900c2ee4e21c0,21502,200,preserve,no_parent
1650408981,ts-assurance-service,e9471e38b23a64dc,,e9471e38b23a64dc,1663,200,getAllAssuranceType,no_parent
1650408981,ts-travel-service,3595b958308d88db,85113622a350c5bc,85113622a350c5bc,11786,200,GET,ts-travel-service
1650408981,ts-auth-service,1309c84e332a798,,1309c84e332a798,112460,200,getToken,no_parent
1650409041,ts-security-service,a203203e7ef7a9a,7e810bc26566c85a,f3a7c83745c6f278,4552,200,GET,ts-security-service
1650409041,ts-security-service,7e810bc26566c85a,75fa62f696540f81,f3a7c83745c6f278,14028,200,check,ts-preserve-service
1650409041,ts-order-other-service,31b6488fdc8aadae,a203203e7ef7a9a,f3a7c83745c6f278,3226,200,securityInfoCheck,ts-security-service
1650409041,ts-security-service,df9d22984202c9fe,7e810bc26566c85a,f3a7c83745c6f278,4934,200,GET,ts-security-service
1650409041,ts-preserve-service,75fa62f696540f81,f3a7c83745c6f278,f3a7c83745c6f278,15614,200,GET,ts-preserve-service
1650409041,ts-preserve-service,f04a18ed86e231b7,f3a7c83745c6f278,f3a7c83745c6f278,3237,200,GET,ts-preserve-service
1650409041,ts-order-service,11bc8e36b05cf9a2,df9d22984202c9fe,f3a7c83745c6f278,3558,200,securityInfoCheck,ts-security-service
1650409041,ts-preserve-service,f3a7c83745c6f278,,f3a7c83745c6f278,21907,200,preserve,no_parent
1650409041,ts-contacts-service,ed0acdfaa91640ba,f04a18ed86e231b7,f3a7c83745c6f278,2104,200,getContactsByContactsId,ts-preserve-service
1650409042,ts-basic-service,6bea054c689d1681,d5bf1b68430e2f5c,e08e69a4da775930,6262,200,queryForStationId,ts-ticketinfo-service
1650409042,ts-assurance-service,ba7b0afa3d4d6d37,,ba7b0afa3d4d6d37,1631,200,getAllAssuranceType,no_parent
1650409042,ts-station-service,5367d1bb4b3fe187,be4bace2c5d2df8f,e08e69a4da775930,2620,200,queryForStationId,ts-basic-service
1650409042,ts-basic-service,be4bace2c5d2df8f,6bea054c689d1681,e08e69a4da775930,3825,200,GET,ts-basic-service
1650409042,ts-station-service,71d7e832cd91289e,bd88e8ca7b0a288b,e08e69a4da775930,2175,200,queryForStationId,ts-basic-service
1650409042,ts-travel-service,952fa2b68b34504,e08e69a4da775930,e08e69a4da775930,4026,200,GET,ts-travel-service
1650409042,ts-travel-service,95ebcfb06b9643d7,e08e69a4da775930,e08e69a4da775930,7752,200,GET,ts-travel-service
1650409042,ts-travel-service,c08a73373628c3a7,e08e69a4da775930,e08e69a4da775930,11620,200,GET,ts-travel-service
1650409042,ts-travel-service,e08e69a4da775930,,e08e69a4da775930,43268,200,queryInfo,no_parent
1650409042,ts-travel-service,120319c1fe758960,e08e69a4da775930,e08e69a4da775930,2305,200,GET,ts-travel-service
1650409042,ts-travel-service,fb77df65a7d35a25,e08e69a4da775930,e08e69a4da775930,2338,200,GET,ts-travel-service
1650409042,ts-travel-service,4c5dcd144b97114d,e08e69a4da775930,e08e69a4da775930,2292,200,GET,ts-travel-service
1650409042,ts-basic-service,4616154da273fb02,f8e70a3cb6350724,e08e69a4da775930,4874,200,queryForStationId,ts-ticketinfo-service
1650409042,ts-route-service,44c2223466548475,952fa2b68b34504,e08e69a4da775930,2648,200,queryById,ts-travel-service
1650409042,ts-basic-service,bd88e8ca7b0a288b,4616154da273fb02,e08e69a4da775930,2839,200,GET,ts-basic-service
1650409042,ts-route-service,64ddaeea8bbb5a17,4c5dcd144b97114d,e08e69a4da775930,2170,200,queryById,ts-travel-service
1650409042,ts-route-service,5b99aafe2d8013b3,fb77df65a7d35a25,e08e69a4da775930,2153,200,queryById,ts-travel-service
1650409042,ts-travel-service,30a514c0979dad0c,e08e69a4da775930,e08e69a4da775930,2753,200,GET,ts-travel-service
1650409042,ts-route-service,c487e438b8ea84f,120319c1fe758960,e08e69a4da775930,2156,200,queryById,ts-travel-service
1650409042,ts-auth-service,2e413cf026a21a34,711bf86296489aed,711bf86296489aed,3787,200,GET,ts-auth-service
1650409042,ts-ticketinfo-service,6a51ef3e0cf901b4,c08a73373628c3a7,e08e69a4da775930,9866,200,queryForStationId,ts-travel-service
1650409042,ts-ticketinfo-service,f8e70a3cb6350724,e42a98cc2e3ab8d1,e08e69a4da775930,5543,200,GET,ts-ticketinfo-service
1650409042,ts-auth-service,711bf86296489aed,,711bf86296489aed,105515,200,getToken,no_parent
1650409042,ts-verification-code-service,6d0be8e559c53131,2e413cf026a21a34,711bf86296489aed,2150,200,verifyCode,ts-auth-service
1650409042,ts-ticketinfo-service,e42a98cc2e3ab8d1,95ebcfb06b9643d7,e08e69a4da775930,7355,200,queryForStationId,ts-travel-service
1650409042,ts-ticketinfo-service,d5bf1b68430e2f5c,6a51ef3e0cf901b4,e08e69a4da775930,7378,200,GET,ts-ticketinfo-service
1650409042,ts-route-service,f67076487ac410d4,30a514c0979dad0c,e08e69a4da775930,2265,200,queryById,ts-travel-service
1650409102,ts-preserve-service,176ff05015d7b930,96f7ea59b17fb504,96f7ea59b17fb504,3724,200,GET,ts-preserve-service
1650409102,ts-preserve-service,12523c1cd2a8412d,96f7ea59b17fb504,96f7ea59b17fb504,15687,200,GET,ts-preserve-service
1650409102,ts-security-service,f9cb2fe5ede6838d,c6090aeca72dc30e,96f7ea59b17fb504,4959,200,GET,ts-security-service
1650409102,ts-order-service,ff04812814d2edb,f9cb2fe5ede6838d,96f7ea59b17fb504,3551,200,securityInfoCheck,ts-security-service
1650409102,ts-preserve-service,96f7ea59b17fb504,,96f7ea59b17fb504,22574,200,preserve,no_parent
1650409102,ts-order-other-service,894ff552c0b6efb1,fc566fd342d5510c,96f7ea59b17fb504,3117,200,securityInfoCheck,ts-security-service
1650409102,ts-ticketinfo-service,156c30ad76257fce,679708b96fce3239,dec5ff89f9cc69e8,7501,200,GET,ts-ticketinfo-service
1650409102,ts-route-service,6bd1861c70666525,db1c7a79784b9550,dec5ff89f9cc69e8,2136,200,queryById,ts-travel-service
1650409102,ts-travel-service,dec5ff89f9cc69e8,,dec5ff89f9cc69e8,47593,200,queryInfo,no_parent
1650409102,ts-travel-service,4f885b0c6afbbb89,dec5ff89f9cc69e8,dec5ff89f9cc69e8,4188,200,GET,ts-travel-service
1650409102,ts-travel-service,f70757c8fa85089c,dec5ff89f9cc69e8,dec5ff89f9cc69e8,2601,200,GET,ts-travel-service
1650409102,ts-route-service,efd754fa85410d02,f70757c8fa85089c,dec5ff89f9cc69e8,2179,200,queryById,ts-travel-service
1650409102,ts-route-service,f4c4c1d9a50c3e3a,ebbb5d3d9137612f,dec5ff89f9cc69e8,2138,200,queryById,ts-travel-service
1650409102,ts-travel-service,ebbb5d3d9137612f,dec5ff89f9cc69e8,dec5ff89f9cc69e8,2381,200,GET,ts-travel-service
1650409102,ts-travel-service,769ec9b42862062d,dec5ff89f9cc69e8,dec5ff89f9cc69e8,2310,200,GET,ts-travel-service
1650409102,ts-travel-service,fb741b9298e98756,dec5ff89f9cc69e8,dec5ff89f9cc69e8,8130,200,GET,ts-travel-service
1650409102,ts-ticketinfo-service,679708b96fce3239,a833e3985929bfd9,dec5ff89f9cc69e8,10189,200,queryForStationId,ts-travel-service
1650409102,ts-basic-service,aaab47b57a34c998,156c30ad76257fce,dec5ff89f9cc69e8,6365,200,queryForStationId,ts-ticketinfo-service
1650409102,ts-basic-service,9255d59643134765,b61403e7b2b5f4e3,dec5ff89f9cc69e8,3001,200,GET,ts-basic-service
1650409102,ts-route-service,beca033935871600,4f885b0c6afbbb89,dec5ff89f9cc69e8,2749,200,queryById,ts-travel-service
1650409102,ts-assurance-service,ffc74822cb574cbd,,ffc74822cb574cbd,1767,200,getAllAssuranceType,no_parent
1650409102,ts-basic-service,b61403e7b2b5f4e3,28b2c41f49a30c75,dec5ff89f9cc69e8,5255,200,queryForStationId,ts-ticketinfo-service
1650409102,ts-ticketinfo-service,9e7fc106cd0a9522,fb741b9298e98756,dec5ff89f9cc69e8,7901,200,queryForStationId,ts-travel-service
1650409102,ts-basic-service,f110512928d8e8a6,aaab47b57a34c998,dec5ff89f9cc69e8,3720,200,GET,ts-basic-service
1650409102,ts-ticketinfo-service,28b2c41f49a30c75,9e7fc106cd0a9522,dec5ff89f9cc69e8,5878,200,GET,ts-ticketinfo-service
1650409102,ts-travel-service,db1c7a79784b9550,dec5ff89f9cc69e8,dec5ff89f9cc69e8,2274,200,GET,ts-travel-service
1650409102,ts-route-service,de251a5c7df1918,769ec9b42862062d,dec5ff89f9cc69e8,2161,200,queryById,ts-travel-service
1650409102,ts-travel-service,a833e3985929bfd9,dec5ff89f9cc69e8,dec5ff89f9cc69e8,12188,200,GET,ts-travel-service
1650409102,ts-contacts-service,6d1422d53b68d35b,176ff05015d7b930,96f7ea59b17fb504,2447,200,getContactsByContactsId,ts-preserve-service
1650409102,ts-auth-service,8eeb21a92288c1b7,,8eeb21a92288c1b7,114573,200,getToken,no_parent
1650409102,ts-verification-code-service,37efb79ff276bb3e,757344ea52fb2480,8eeb21a92288c1b7,1680,200,verifyCode,ts-auth-service
1650409102,ts-auth-service,757344ea52fb2480,8eeb21a92288c1b7,8eeb21a92288c1b7,3506,200,GET,ts-auth-service
1650409102,ts-station-service,57b04c41c5ac2536,f110512928d8e8a6,dec5ff89f9cc69e8,2628,200,queryForStationId,ts-basic-service
1650409102,ts-security-service,c6090aeca72dc30e,12523c1cd2a8412d,96f7ea59b17fb504,14142,200,check,ts-preserve-service
1650409102,ts-security-service,fc566fd342d5510c,c6090aeca72dc30e,96f7ea59b17fb504,4534,200,GET,ts-security-service
1650409102,ts-station-service,b120abc913aabb92,9255d59643134765,dec5ff89f9cc69e8,2376,200,queryForStationId,ts-basic-service
1650409162,ts-security-service,8cae44d9929cc6c8,6d7cecc26251adf1,3e9de262c57101e6,13878,200,check,ts-preserve-service
1650409162,ts-contacts-service,490754348d9bebee,95febb3f76202c37,3e9de262c57101e6,2138,200,getContactsByContactsId,ts-preserve-service
1650409162,ts-order-service,db246f04d9ddd20c,c009a02f7740a2e4,3e9de262c57101e6,3528,200,securityInfoCheck,ts-security-service
1650409162,ts-order-other-service,6c1824457f0a684f,c479b592ca108245,3e9de262c57101e6,3112,200,securityInfoCheck,ts-security-service
1650409162,ts-security-service,c479b592ca108245,8cae44d9929cc6c8,3e9de262c57101e6,4452,200,GET,ts-security-service
1650409162,ts-security-service,c009a02f7740a2e4,8cae44d9929cc6c8,3e9de262c57101e6,4972,200,GET,ts-security-service
1650409162,ts-preserve-service,6d7cecc26251adf1,3e9de262c57101e6,3e9de262c57101e6,15540,200,GET,ts-preserve-service
1650409162,ts-preserve-service,95febb3f76202c37,3e9de262c57101e6,3e9de262c57101e6,3383,200,GET,ts-preserve-service
1650409162,ts-preserve-service,3e9de262c57101e6,,3e9de262c57101e6,21899,200,preserve,no_parent
1650409162,ts-ticketinfo-service,a3af8a1668dc0f4a,8b8325c518d85edc,b19ebea6a3b7e06e,7112,200,queryForStationId,ts-travel-service
1650409162,ts-station-service,241fdad4f1c97031,b9c6cade8799c4ef,b19ebea6a3b7e06e,2237,200,queryForStationId,ts-basic-service
1650409162,ts-station-service,f9dcea2fdc834930,214644d887537ec4,b19ebea6a3b7e06e,2847,200,queryForStationId,ts-basic-service
1650409162,ts-route-service,8219159527a621fe,b50a027b25f57adc,b19ebea6a3b7e06e,2098,200,queryById,ts-travel-service
1650409162,ts-route-service,b04f5e51c3028cbc,2a96f98f003ee2f3,b19ebea6a3b7e06e,1857,200,queryById,ts-travel-service
1650409162,ts-route-service,cdcd50f76eecd0c3,6bf942e514e4c6da,b19ebea6a3b7e06e,7686,200,queryById,ts-travel-service
1650409162,ts-route-service,a005f6b7d7f03317,490d70987952582c,b19ebea6a3b7e06e,2305,200,queryById,ts-travel-service
1650409162,ts-route-service,f84f4c9b07b083b,996b4ae3fd50f996,b19ebea6a3b7e06e,1771,200,queryById,ts-travel-service
1650409162,ts-ticketinfo-service,1340c351f10337fd,39470f7474a53c80,b19ebea6a3b7e06e,10039,200,queryForStationId,ts-travel-service
1650409162,ts-ticketinfo-service,a27e8c978e92e8ef,a3af8a1668dc0f4a,b19ebea6a3b7e06e,5387,200,GET,ts-ticketinfo-service
1650409162,ts-ticketinfo-service,f58b62875797de0f,1340c351f10337fd,b19ebea6a3b7e06e,7200,200,GET,ts-ticketinfo-service
1650409162,ts-travel-service,b50a027b25f57adc,b19ebea6a3b7e06e,b19ebea6a3b7e06e,3023,200,GET,ts-travel-service
1650409162,ts-travel-service,6bf942e514e4c6da,b19ebea6a3b7e06e,b19ebea6a3b7e06e,2185,200,GET,ts-travel-service
1650409162,ts-travel-service,490d70987952582c,b19ebea6a3b7e06e,b19ebea6a3b7e06e,2713,200,GET,ts-travel-service
1650409162,ts-travel-service,996b4ae3fd50f996,b19ebea6a3b7e06e,b19ebea6a3b7e06e,1961,200,GET,ts-travel-service
1650409162,ts-travel-service,b19ebea6a3b7e06e,,b19ebea6a3b7e06e,44703,200,queryInfo,no_parent
1650409162,ts-travel-service,2a96f98f003ee2f3,b19ebea6a3b7e06e,b19ebea6a3b7e06e,2004,200,GET,ts-travel-service
1650409162,ts-travel-service,8b8325c518d85edc,b19ebea6a3b7e06e,b19ebea6a3b7e06e,7436,200,GET,ts-travel-service
1650409162,ts-basic-service,214644d887537ec4,a44e91660b8fc1e8,b19ebea6a3b7e06e,3811,200,GET,ts-basic-service
1650409162,ts-basic-service,b9c6cade8799c4ef,9ce8ee522998d84c,b19ebea6a3b7e06e,2854,200,GET,ts-basic-service
1650409162,ts-basic-service,a44e91660b8fc1e8,f58b62875797de0f,b19ebea6a3b7e06e,5956,200,queryForStationId,ts-ticketinfo-service
1650409162,ts-basic-service,9ce8ee522998d84c,a27e8c978e92e8ef,b19ebea6a3b7e06e,4727,200,queryForStationId,ts-ticketinfo-service
1650409162,ts-travel-service,39470f7474a53c80,b19ebea6a3b7e06e,b19ebea6a3b7e06e,11381,200,GET,ts-travel-service
1650409162,ts-auth-service,42fa73787aef70d3,59bc19d60692d578,59bc19d60692d578,3512,200,GET,ts-auth-service
1650409162,ts-auth-service,59bc19d60692d578,,59bc19d60692d578,115457,200,getToken,no_parent
1650409162,ts-verification-code-service,bbfbebb831a0ba69,42fa73787aef70d3,59bc19d60692d578,1763,200,verifyCode,ts-auth-service
1650409162,ts-assurance-service,b428e9f0df68663d,,b428e9f0df68663d,1550,200,getAllAssuranceType,no_parent
1650409222,ts-station-service,11f2743ff0e96eb7,6df5a239b97dd67a,93b8e59193b13f40,2423,200,queryForStationId,ts-basic-service
1650409222,ts-basic-service,28025253416d5636,48152d98585bbe5d,93b8e59193b13f40,5496,200,queryForStationId,ts-ticketinfo-service
1650409222,ts-basic-service,1b465e663c24909,fe882931fc8d2e60,93b8e59193b13f40,2613,200,GET,ts-basic-service
1650409222,ts-travel-service,93b8e59193b13f40,,93b8e59193b13f40,52951,200,queryInfo,no_parent
1650409222,ts-ticketinfo-service,635d27cb4d8e526f,d57aa7f7066f28c6,93b8e59193b13f40,5295,200,GET,ts-ticketinfo-service
1650409222,ts-ticketinfo-service,48152d98585bbe5d,a7dd93c474639725,93b8e59193b13f40,6652,200,GET,ts-ticketinfo-service
1650409222,ts-ticketinfo-service,d57aa7f7066f28c6,8d6661f96e2dcab3,93b8e59193b13f40,7172,200,queryForStationId,ts-travel-service
1650409222,ts-ticketinfo-service,a7dd93c474639725,389b2e26737c2cc2,93b8e59193b13f40,18782,200,queryForStationId,ts-travel-service
1650409222,ts-basic-service,6df5a239b97dd67a,28025253416d5636,93b8e59193b13f40,3245,200,GET,ts-basic-service
1650409222,ts-travel-service,8d6661f96e2dcab3,93b8e59193b13f40,93b8e59193b13f40,7586,200,GET,ts-travel-service
1650409222,ts-travel-service,16dd329f24fc67d1,93b8e59193b13f40,93b8e59193b13f40,4384,200,GET,ts-travel-service
1650409222,ts-travel-service,389b2e26737c2cc2,93b8e59193b13f40,93b8e59193b13f40,20622,200,GET,ts-travel-service
1650409222,ts-route-service,d685b3b643775e2e,16dd329f24fc67d1,93b8e59193b13f40,2718,200,queryById,ts-travel-service
1650409222,ts-station-service,c4ec8401ad371385,1b465e663c24909,93b8e59193b13f40,1971,200,queryForStationId,ts-basic-service
1650409222,ts-basic-service,fe882931fc8d2e60,635d27cb4d8e526f,93b8e59193b13f40,4642,200,queryForStationId,ts-ticketinfo-service
1650409222,ts-auth-service,fb375f0215b35b91,b8711c81d7fed5c3,b8711c81d7fed5c3,3528,200,GET,ts-auth-service
1650409222,ts-auth-service,b8711c81d7fed5c3,,b8711c81d7fed5c3,104354,200,getToken,no_parent
1650409222,ts-order-other-service,98283f34b53edd47,3f2fd596d7c0538c,339f63eba5f7f377,3432,200,securityInfoCheck,ts-security-service
1650409222,ts-verification-code-service,a074f1ce2e392304,fb375f0215b35b91,b8711c81d7fed5c3,1707,200,verifyCode,ts-auth-service
1650409222,ts-preserve-service,fcf37973dfd69a7b,339f63eba5f7f377,339f63eba5f7f377,3519,200,GET,ts-preserve-service
1650409222,ts-preserve-service,a9bd9091ec612c84,339f63eba5f7f377,339f63eba5f7f377,16077,200,GET,ts-preserve-service
1650409222,ts-order-service,7c3d152fca65bee8,32e451c0a2c76e4c,339f63eba5f7f377,3482,200,securityInfoCheck,ts-security-service
1650409222,ts-contacts-service,cc04aae610a9f60,fcf37973dfd69a7b,339f63eba5f7f377,2267,200,getContactsByContactsId,ts-preserve-service
1650409222,ts-preserve-service,339f63eba5f7f377,,339f63eba5f7f377,22743,200,preserve,no_parent
1650409222,ts-security-service,32e451c0a2c76e4c,a2d0d64b1ca96ce8,339f63eba5f7f377,5010,200,GET,ts-security-service
1650409222,ts-security-service,a2d0d64b1ca96ce8,a9bd9091ec612c84,339f63eba5f7f377,14364,200,check,ts-preserve-service
1650409222,ts-security-service,3f2fd596d7c0538c,a2d0d64b1ca96ce8,339f63eba5f7f377,4752,200,GET,ts-security-service
1650409223,ts-route-service,c80f358ff555a606,9d95824b42712a21,93b8e59193b13f40,2148,200,queryById,ts-travel-service
1650409223,ts-route-service,934404c2c7f31eea,4891f06f7158d7e2,93b8e59193b13f40,1944,200,queryById,ts-travel-service
1650409223,ts-travel-service,4891f06f7158d7e2,93b8e59193b13f40,93b8e59193b13f40,2004,200,GET,ts-travel-service
1650409223,ts-travel-service,9d95824b42712a21,93b8e59193b13f40,93b8e59193b13f40,2229,200,GET,ts-travel-service
1650409223,ts-route-service,bb9131d7663ac51e,f6dbdca5867fd74e,93b8e59193b13f40,2790,200,queryById,ts-travel-service
1650409223,ts-travel-service,f6dbdca5867fd74e,93b8e59193b13f40,93b8e59193b13f40,2814,200,GET,ts-travel-service
1650409223,ts-travel-service,c9e541bfd1407205,93b8e59193b13f40,93b8e59193b13f40,3044,200,GET,ts-travel-service
1650409223,ts-route-service,992d442d2bcb9061,c9e541bfd1407205,93b8e59193b13f40,2615,200,queryById,ts-travel-service
1650409223,ts-assurance-service,2a9b99a2c5ff8c89,,2a9b99a2c5ff8c89,1128,200,getAllAssuranceType,no_parent
1650409283,ts-travel-service,ed714d87b6f90a60,401c392dca2689f5,401c392dca2689f5,10889,200,GET,ts-travel-service
1650409283,ts-travel-service,5574de346994a1ae,401c392dca2689f5,401c392dca2689f5,3041,200,GET,ts-travel-service
1650409283,ts-travel-service,ab19b41340d99e10,401c392dca2689f5,401c392dca2689f5,9119,200,GET,ts-travel-service
1650409283,ts-station-service,8e7e0019f513eb30,4de12f3632d1d16b,401c392dca2689f5,2070,200,queryForStationId,ts-basic-service
1650409283,ts-travel-service,693eae59917a65ab,401c392dca2689f5,401c392dca2689f5,2319,200,GET,ts-travel-service
1650409283,ts-basic-service,286bf10afb47f7e3,268f08935acf7de0,401c392dca2689f5,3487,200,GET,ts-basic-service
1650409283,ts-basic-service,4de12f3632d1d16b,e9d11af74db860e3,401c392dca2689f5,2744,200,GET,ts-basic-service
1650409283,ts-basic-service,268f08935acf7de0,b8ac5e6a51d7d12b,401c392dca2689f5,5970,200,queryForStationId,ts-ticketinfo-service
1650409283,ts-preserve-service,1862e63fb4398319,272f866ca8666a67,272f866ca8666a67,16106,200,GET,ts-preserve-service
1650409283,ts-preserve-service,272f866ca8666a67,,272f866ca8666a67,22991,200,preserve,no_parent
1650409283,ts-order-other-service,d27d70729e84dc32,710df687afefd4f0,272f866ca8666a67,3139,200,securityInfoCheck,ts-security-service
1650409283,ts-auth-service,d0b9dbbad4a22f63,9767a8a8fd9e2ed4,9767a8a8fd9e2ed4,3586,200,GET,ts-auth-service
1650409283,ts-verification-code-service,b564aef05435a475,d0b9dbbad4a22f63,9767a8a8fd9e2ed4,1750,200,verifyCode,ts-auth-service
1650409283,ts-auth-service,9767a8a8fd9e2ed4,,9767a8a8fd9e2ed4,114806,200,getToken,no_parent
1650409283,ts-order-service,3c5d4f0bbc11ce5,ddc7dd3e0f370348,272f866ca8666a67,3300,200,securityInfoCheck,ts-security-service
1650409283,ts-preserve-service,954d7331db9ff1a7,272f866ca8666a67,272f866ca8666a67,3804,200,GET,ts-preserve-service
1650409283,ts-security-service,710df687afefd4f0,d3a7c7ce1e15d3e1,272f866ca8666a67,4976,200,GET,ts-security-service
1650409283,ts-security-service,ddc7dd3e0f370348,d3a7c7ce1e15d3e1,272f866ca8666a67,4817,200,GET,ts-security-service
1650409283,ts-contacts-service,f6ceb4d5989ab9e5,954d7331db9ff1a7,272f866ca8666a67,2514,200,getContactsByContactsId,ts-preserve-service
1650409283,ts-travel-service,401c392dca2689f5,,401c392dca2689f5,45161,200,queryInfo,no_parent
1650409283,ts-route-service,c39d9d150f45dc05,693eae59917a65ab,401c392dca2689f5,2166,200,queryById,ts-travel-service
1650409283,ts-travel-service,9feb7b2e0bb8739e,401c392dca2689f5,401c392dca2689f5,2305,200,GET,ts-travel-service
1650409283,ts-ticketinfo-service,f18a1495d464a0d3,ed714d87b6f90a60,401c392dca2689f5,9725,200,queryForStationId,ts-travel-service
1650409283,ts-route-service,1b5bbe7ff02b2d0b,ad721a968489a81b,401c392dca2689f5,2208,200,queryById,ts-travel-service
1650409283,ts-travel-service,ad721a968489a81b,401c392dca2689f5,401c392dca2689f5,2330,200,GET,ts-travel-service
1650409283,ts-travel-service,95a0569a4f6bef9b,401c392dca2689f5,401c392dca2689f5,3982,200,GET,ts-travel-service
1650409283,ts-security-service,d3a7c7ce1e15d3e1,1862e63fb4398319,272f866ca8666a67,14357,200,check,ts-preserve-service
1650409283,ts-route-service,9132975d5e0999f,95a0569a4f6bef9b,401c392dca2689f5,2623,200,queryById,ts-travel-service
1650409283,ts-ticketinfo-service,b8ac5e6a51d7d12b,f18a1495d464a0d3,401c392dca2689f5,7130,200,GET,ts-ticketinfo-service
1650409283,ts-ticketinfo-service,9cc3a2fa331dc77d,63fb279b2be5746c,401c392dca2689f5,6390,200,GET,ts-ticketinfo-service
1650409283,ts-ticketinfo-service,63fb279b2be5746c,ab19b41340d99e10,401c392dca2689f5,8673,200,queryForStationId,ts-travel-service
1650409283,ts-station-service,4f5941ad75855bc6,286bf10afb47f7e3,401c392dca2689f5,2392,200,queryForStationId,ts-basic-service
1650409283,ts-basic-service,e9d11af74db860e3,9cc3a2fa331dc77d,401c392dca2689f5,4827,200,queryForStationId,ts-ticketinfo-service
1650409283,ts-route-service,9761178d31fac686,9feb7b2e0bb8739e,401c392dca2689f5,2175,200,queryById,ts-travel-service
1650409283,ts-route-service,2d52d1e93d0069ff,5574de346994a1ae,401c392dca2689f5,2557,200,queryById,ts-travel-service
1650409283,ts-assurance-service,78dfa6fafb58c90a,,78dfa6fafb58c90a,1610,200,getAllAssuranceType,no_parent
1650409343,ts-route-service,91837d5cf8899279,7e4f947f6dd3db10,761c77c3762150c2,2216,200,queryById,ts-travel-service
1650409343,ts-route-service,4d5fd93bcb54202d,50fe8a2e0030f56,761c77c3762150c2,2139,200,queryById,ts-travel-service
1650409343,ts-travel-service,bc29e65482aa4683,761c77c3762150c2,761c77c3762150c2,11585,200,GET,ts-travel-service
1650409343,ts-travel-service,d850fa4ef06621ac,761c77c3762150c2,761c77c3762150c2,2464,200,GET,ts-travel-service
1650409343,ts-travel-service,7c74daa04cd537d7,761c77c3762150c2,761c77c3762150c2,7695,200,GET,ts-travel-service
1650409343,ts-travel-service,ca3cab35d64441ca,761c77c3762150c2,761c77c3762150c2,4391,200,GET,ts-travel-service
1650409343,ts-travel-service,7e4f947f6dd3db10,761c77c3762150c2,761c77c3762150c2,2657,200,GET,ts-travel-service
1650409343,ts-travel-service,761c77c3762150c2,,761c77c3762150c2,44038,200,queryInfo,no_parent
1650409343,ts-travel-service,50fe8a2e0030f56,761c77c3762150c2,761c77c3762150c2,2306,200,GET,ts-travel-service
1650409343,ts-travel-service,b81fd70e0dfb7863,761c77c3762150c2,761c77c3762150c2,2319,200,GET,ts-travel-service
1650409343,ts-route-service,496f64eaa5717764,ca3cab35d64441ca,761c77c3762150c2,3121,200,queryById,ts-travel-service
1650409343,ts-route-service,e59049ab40285833,d850fa4ef06621ac,761c77c3762150c2,2329,200,queryById,ts-travel-service
1650409343,ts-route-service,14695fe95d86fc65,b81fd70e0dfb7863,761c77c3762150c2,2168,200,queryById,ts-travel-service
1650409343,ts-ticketinfo-service,4ad93e3670aae34c,8e5f3850949bc55e,761c77c3762150c2,7302,200,GET,ts-ticketinfo-service
1650409343,ts-preserve-service,e2407442578062e3,fa2641ef0eb456ee,fa2641ef0eb456ee,15521,200,GET,ts-preserve-service
1650409343,ts-preserve-service,b5e5b0a4db98b747,fa2641ef0eb456ee,fa2641ef0eb456ee,3738,200,GET,ts-preserve-service
1650409343,ts-order-service,8ac27bf727bc8b96,b10023c6e8a08716,fa2641ef0eb456ee,3476,200,securityInfoCheck,ts-security-service
1650409343,ts-preserve-service,fa2641ef0eb456ee,,fa2641ef0eb456ee,22461,200,preserve,no_parent
1650409343,ts-order-other-service,25cc506b93fd61a6,5d13e8af1173fa43,fa2641ef0eb456ee,3269,200,securityInfoCheck,ts-security-service
1650409343,ts-security-service,b10023c6e8a08716,bc135a571b5fdd78,fa2641ef0eb456ee,4704,200,GET,ts-security-service
1650409343,ts-security-service,5d13e8af1173fa43,bc135a571b5fdd78,fa2641ef0eb456ee,4716,200,GET,ts-security-service
1650409343,ts-security-service,bc135a571b5fdd78,e2407442578062e3,fa2641ef0eb456ee,13980,200,check,ts-preserve-service
1650409343,ts-ticketinfo-service,8e5f3850949bc55e,bc29e65482aa4683,761c77c3762150c2,10025,200,queryForStationId,ts-travel-service
1650409343,ts-ticketinfo-service,64a39b8fa0dc0e5d,231d1b9c9dce38de,761c77c3762150c2,5165,200,GET,ts-ticketinfo-service
1650409343,ts-ticketinfo-service,231d1b9c9dce38de,7c74daa04cd537d7,761c77c3762150c2,7238,200,queryForStationId,ts-travel-service
1650409343,ts-station-service,9d62929c95106b91,89b20d4d26fff666,761c77c3762150c2,2241,200,queryForStationId,ts-basic-service
1650409343,ts-basic-service,93901db6d323c757,4ad93e3670aae34c,761c77c3762150c2,5881,200,queryForStationId,ts-ticketinfo-service
1650409343,ts-basic-service,867002be4884c862,64a39b8fa0dc0e5d,761c77c3762150c2,4483,200,queryForStationId,ts-ticketinfo-service
1650409343,ts-basic-service,89b20d4d26fff666,93901db6d323c757,761c77c3762150c2,3305,200,GET,ts-basic-service
1650409343,ts-station-service,b9f7e4c8ff6a9758,10cf24759affdf35,761c77c3762150c2,1913,200,queryForStationId,ts-basic-service
1650409343,ts-contacts-service,5605cce911c902a9,b5e5b0a4db98b747,fa2641ef0eb456ee,2406,200,getContactsByContactsId,ts-preserve-service
1650409343,ts-basic-service,10cf24759affdf35,867002be4884c862,761c77c3762150c2,2685,200,GET,ts-basic-service
1650409343,ts-verification-code-service,6cfea886ea48841a,6507365a1fad747d,68af6c54e0e6471f,1698,200,verifyCode,ts-auth-service
1650409343,ts-auth-service,6507365a1fad747d,68af6c54e0e6471f,68af6c54e0e6471f,3496,200,GET,ts-auth-service
1650409343,ts-auth-service,68af6c54e0e6471f,,68af6c54e0e6471f,113745,200,getToken,no_parent
1650409343,ts-assurance-service,4c904f7730d2a569,,4c904f7730d2a569,1584,200,getAllAssuranceType,no_parent
1650409403,ts-basic-service,ea24217ee6e6d267,7ad9b19460c5079f,642ecdd6ccf33faf,5241,200,queryForStationId,ts-ticketinfo-service
1650409403,ts-basic-service,c8b35cbb3bfde87f,4b0e2dbf2bc5d092,642ecdd6ccf33faf,1982,200,GET,ts-basic-service
1650409403,ts-basic-service,4b0e2dbf2bc5d092,fe56f1a681d518bd,642ecdd6ccf33faf,3817,200,queryForStationId,ts-ticketinfo-service
1650409403,ts-travel-service,cbd4aa94b12c79c1,642ecdd6ccf33faf,642ecdd6ccf33faf,7445,200,GET,ts-travel-service
1650409403,ts-travel-service,71c34273213f7913,642ecdd6ccf33faf,642ecdd6ccf33faf,3957,200,GET,ts-travel-service
1650409403,ts-travel-service,eb4d417a6e701afd,642ecdd6ccf33faf,642ecdd6ccf33faf,2606,200,GET,ts-travel-service
1650409403,ts-route-service,a7fcf67cd741e656,71c34273213f7913,642ecdd6ccf33faf,2761,200,queryById,ts-travel-service
1650409403,ts-route-service,b6b5845d679ed159,a2da703d6850aad6,642ecdd6ccf33faf,2568,200,queryById,ts-travel-service
1650409403,ts-route-service,39bfe86bdaee551b,eb4d417a6e701afd,642ecdd6ccf33faf,2183,200,queryById,ts-travel-service
1650409403,ts-ticketinfo-service,8715f8647ced087e,cbd4aa94b12c79c1,642ecdd6ccf33faf,6922,200,queryForStationId,ts-travel-service
1650409403,ts-basic-service,f47e989b3cf192c6,ea24217ee6e6d267,642ecdd6ccf33faf,2924,200,GET,ts-basic-service
1650409403,ts-travel-service,642ecdd6ccf33faf,,642ecdd6ccf33faf,42083,200,queryInfo,no_parent
1650409403,ts-travel-service,a2da703d6850aad6,642ecdd6ccf33faf,642ecdd6ccf33faf,2734,200,GET,ts-travel-service
1650409403,ts-travel-service,31e0d091d15ffc07,642ecdd6ccf33faf,642ecdd6ccf33faf,2220,200,GET,ts-travel-service
1650409403,ts-route-service,691b6b50bdc557c6,3605efbc7479ac47,642ecdd6ccf33faf,2176,200,queryById,ts-travel-service
1650409403,ts-route-service,9d49bb154239e3de,31e0d091d15ffc07,642ecdd6ccf33faf,2088,200,queryById,ts-travel-service
1650409403,ts-travel-service,8e21ad7e422f89d5,642ecdd6ccf33faf,642ecdd6ccf33faf,10633,200,GET,ts-travel-service
1650409403,ts-travel-service,3605efbc7479ac47,642ecdd6ccf33faf,642ecdd6ccf33faf,2313,200,GET,ts-travel-service
1650409403,ts-contacts-service,4ba0b9ce60dafc42,7f2c5096f53f1960,5192d4cb691760a4,2572,200,getContactsByContactsId,ts-preserve-service
1650409403,ts-security-service,6c2ab5a0c882c374,2674c5b246c84ecf,5192d4cb691760a4,5059,200,GET,ts-security-service
1650409403,ts-preserve-service,7f2c5096f53f1960,5192d4cb691760a4,5192d4cb691760a4,3616,200,GET,ts-preserve-service
1650409403,ts-preserve-service,5192d4cb691760a4,,5192d4cb691760a4,29355,200,preserve,no_parent
1650409403,ts-order-other-service,7dc76d8199927ac6,e9fca7932fda6bd6,5192d4cb691760a4,9632,200,securityInfoCheck,ts-security-service
1650409403,ts-security-service,2674c5b246c84ecf,f772da1e6ff84ad6,5192d4cb691760a4,20566,200,check,ts-preserve-service
1650409403,ts-security-service,e9fca7932fda6bd6,2674c5b246c84ecf,5192d4cb691760a4,10955,200,GET,ts-security-service
1650409403,ts-preserve-service,f772da1e6ff84ad6,5192d4cb691760a4,5192d4cb691760a4,22571,200,GET,ts-preserve-service
1650409403,ts-order-service,d21b800126f94005,6c2ab5a0c882c374,5192d4cb691760a4,3771,200,securityInfoCheck,ts-security-service
1650409403,ts-ticketinfo-service,7ad9b19460c5079f,7963d893fd68dbc5,642ecdd6ccf33faf,6410,200,GET,ts-ticketinfo-service
1650409403,ts-auth-service,e40e1bafc8510d3a,fb3ddd574dce4597,fb3ddd574dce4597,3483,200,GET,ts-auth-service
1650409403,ts-ticketinfo-service,fe56f1a681d518bd,8715f8647ced087e,642ecdd6ccf33faf,4545,200,GET,ts-ticketinfo-service
1650409403,ts-ticketinfo-service,7963d893fd68dbc5,8e21ad7e422f89d5,642ecdd6ccf33faf,9040,200,queryForStationId,ts-travel-service
1650409403,ts-verification-code-service,ae6c392900a5e29e,e40e1bafc8510d3a,fb3ddd574dce4597,1750,200,verifyCode,ts-auth-service
1650409403,ts-auth-service,fb3ddd574dce4597,,fb3ddd574dce4597,105107,200,getToken,no_parent
1650409403,ts-station-service,fe6f765ab0ff375f,c8b35cbb3bfde87f,642ecdd6ccf33faf,1390,200,queryForStationId,ts-basic-service
1650409403,ts-station-service,4a5b42acfad1d29b,f47e989b3cf192c6,642ecdd6ccf33faf,1575,200,queryForStationId,ts-basic-service
1650409403,ts-assurance-service,5949d9c9c82d1083,,5949d9c9c82d1083,1805,200,getAllAssuranceType,no_parent
1650409463,ts-order-service,dc60c2bdf59730b0,4af36e3551ccfba7,b6184f5cabe03a27,3527,200,securityInfoCheck,ts-security-service
1650409463,ts-order-other-service,38043373729ac641,d51cfee3330eaa53,b6184f5cabe03a27,3160,200,securityInfoCheck,ts-security-service
1650409463,ts-preserve-service,ce41b1c4328947c2,b6184f5cabe03a27,b6184f5cabe03a27,3373,200,GET,ts-preserve-service
1650409463,ts-contacts-service,cd380cd1e629c184,ce41b1c4328947c2,b6184f5cabe03a27,2142,200,getContactsByContactsId,ts-preserve-service
1650409463,ts-preserve-service,c2493968b804c2ed,b6184f5cabe03a27,b6184f5cabe03a27,15379,200,GET,ts-preserve-service
1650409463,ts-security-service,d51cfee3330eaa53,8f68fd1df10456ee,b6184f5cabe03a27,4536,200,GET,ts-security-service
1650409463,ts-security-service,8f68fd1df10456ee,c2493968b804c2ed,b6184f5cabe03a27,13856,200,check,ts-preserve-service
1650409463,ts-preserve-service,b6184f5cabe03a27,,b6184f5cabe03a27,21810,200,preserve,no_parent
1650409463,ts-security-service,4af36e3551ccfba7,8f68fd1df10456ee,b6184f5cabe03a27,4939,200,GET,ts-security-service
1650409463,ts-auth-service,635b7c5a80908cc6,a399574fbd3a608f,a399574fbd3a608f,3570,200,GET,ts-auth-service
1650409463,ts-auth-service,a399574fbd3a608f,,a399574fbd3a608f,114539,200,getToken,no_parent
1650409463,ts-verification-code-service,eeff01fcb83695ca,635b7c5a80908cc6,a399574fbd3a608f,1741,200,verifyCode,ts-auth-service
1650409464,ts-route-service,76f5544c4b8a805d,25bcea22abefad0e,6b4c1d8f57a1fe95,2253,200,queryById,ts-travel-service
1650409464,ts-travel-service,25bcea22abefad0e,6b4c1d8f57a1fe95,6b4c1d8f57a1fe95,2323,200,GET,ts-travel-service
1650409464,ts-travel-service,7e668c4d5aa919ce,6b4c1d8f57a1fe95,6b4c1d8f57a1fe95,2226,200,GET,ts-travel-service
1650409464,ts-travel-service,6b4c1d8f57a1fe95,,6b4c1d8f57a1fe95,43822,200,queryInfo,no_parent
1650409464,ts-route-service,1c2d392e22d9a830,2051fd3faa36f370,6b4c1d8f57a1fe95,2737,200,queryById,ts-travel-service
1650409464,ts-route-service,17bb81cbfccc83a9,7e668c4d5aa919ce,6b4c1d8f57a1fe95,2066,200,queryById,ts-travel-service
1650409464,ts-route-service,ae7fda314a6eada0,a3903aa09c7f852a,6b4c1d8f57a1fe95,2562,200,queryById,ts-travel-service
1650409464,ts-route-service,d3c1056d24bd604e,12f62a3876450a68,6b4c1d8f57a1fe95,1916,200,queryById,ts-travel-service
1650409464,ts-station-service,1d4c2a6dd38f791c,1a61b98e4735f09a,6b4c1d8f57a1fe95,2701,200,queryForStationId,ts-basic-service
1650409464,ts-travel-service,a3903aa09c7f852a,6b4c1d8f57a1fe95,6b4c1d8f57a1fe95,2994,200,GET,ts-travel-service
1650409464,ts-travel-service,8dbc77b72d3e531e,6b4c1d8f57a1fe95,6b4c1d8f57a1fe95,11630,200,GET,ts-travel-service
1650409464,ts-travel-service,12f62a3876450a68,6b4c1d8f57a1fe95,6b4c1d8f57a1fe95,2032,200,GET,ts-travel-service
1650409464,ts-basic-service,1a61b98e4735f09a,6ec7e38274dafec8,6b4c1d8f57a1fe95,3729,200,GET,ts-basic-service
1650409464,ts-ticketinfo-service,1525a5826d035994,80092c9db2e0edfa,6b4c1d8f57a1fe95,7444,200,queryForStationId,ts-travel-service
1650409464,ts-ticketinfo-service,6667f81fd53c0212,8dbc77b72d3e531e,6b4c1d8f57a1fe95,9805,200,queryForStationId,ts-travel-service
1650409464,ts-ticketinfo-service,98dd1dcb84e178c6,6667f81fd53c0212,6b4c1d8f57a1fe95,7207,200,GET,ts-ticketinfo-service
1650409464,ts-basic-service,131b65c173ae8ce5,e10c65d2dd9dc435,6b4c1d8f57a1fe95,2614,200,GET,ts-basic-service
1650409464,ts-basic-service,e10c65d2dd9dc435,e910305ff82cc044,6b4c1d8f57a1fe95,4637,200,queryForStationId,ts-ticketinfo-service
1650409464,ts-station-service,c52a62d0ec1a5c4a,131b65c173ae8ce5,6b4c1d8f57a1fe95,1633,200,queryForStationId,ts-basic-service
1650409464,ts-ticketinfo-service,e910305ff82cc044,1525a5826d035994,6b4c1d8f57a1fe95,5420,200,GET,ts-ticketinfo-service
1650409464,ts-travel-service,80092c9db2e0edfa,6b4c1d8f57a1fe95,6b4c1d8f57a1fe95,7988,200,GET,ts-travel-service
1650409464,ts-travel-service,2051fd3faa36f370,6b4c1d8f57a1fe95,6b4c1d8f57a1fe95,4106,200,GET,ts-travel-service
1650409464,ts-basic-service,6ec7e38274dafec8,98dd1dcb84e178c6,6b4c1d8f57a1fe95,6048,200,queryForStationId,ts-ticketinfo-service
1650409464,ts-assurance-service,c25896e68ff5525a,,c25896e68ff5525a,1493,200,getAllAssuranceType,no_parent
1650409524,ts-route-service,7f86d370af96b63,877926ddcaeae6c8,faec1e545f832091,2145,200,queryById,ts-travel-service
1650409524,ts-route-service,269e9884b247fbb3,ca381882a3d50fb4,faec1e545f832091,2199,200,queryById,ts-travel-service
1650409524,ts-route-service,fc5ea42c4eb8dd63,59db3ef72a1b4045,faec1e545f832091,2177,200,queryById,ts-travel-service
1650409524,ts-ticketinfo-service,b1a47ebd703adcae,21d4cd8b2170f9f2,faec1e545f832091,6895,200,GET,ts-ticketinfo-service
1650409524,ts-ticketinfo-service,d9a55b8da0953371,e9749f16a49a5118,faec1e545f832091,5574,200,GET,ts-ticketinfo-service
1650409524,ts-ticketinfo-service,21d4cd8b2170f9f2,c0a5dc56cf81a685,faec1e545f832091,9523,200,queryForStationId,ts-travel-service
1650409524,ts-ticketinfo-service,e9749f16a49a5118,fed540e40ea2ca4c,faec1e545f832091,7891,200,queryForStationId,ts-travel-service
1650409524,ts-order-other-service,b1d003120971bd16,75abf21a10dab914,dda07d1cb466c3e6,3308,200,securityInfoCheck,ts-security-service
1650409524,ts-security-service,dc29136e795f109d,78cb7597562d75ab,dda07d1cb466c3e6,4975,200,GET,ts-security-service
1650409524,ts-preserve-service,daaa3a96c5edf55b,dda07d1cb466c3e6,dda07d1cb466c3e6,3676,200,GET,ts-preserve-service
1650409524,ts-contacts-service,8c5f2eaf0ea02081,daaa3a96c5edf55b,dda07d1cb466c3e6,2421,200,getContactsByContactsId,ts-preserve-service
1650409524,ts-order-service,42c6c0d2a0cb791e,dc29136e795f109d,dda07d1cb466c3e6,3520,200,securityInfoCheck,ts-security-service
1650409524,ts-preserve-service,dda07d1cb466c3e6,,dda07d1cb466c3e6,22515,200,preserve,no_parent
1650409524,ts-basic-service,c7064f2fd28abc4c,8dff7d82faadbae6,faec1e545f832091,3278,200,GET,ts-basic-service
1650409524,ts-preserve-service,2c9126a865a223a,dda07d1cb466c3e6,dda07d1cb466c3e6,15788,200,GET,ts-preserve-service
1650409524,ts-basic-service,e82bef64a664f2ca,d9a55b8da0953371,faec1e545f832091,4916,200,queryForStationId,ts-ticketinfo-service
1650409524,ts-security-service,78cb7597562d75ab,2c9126a865a223a,dda07d1cb466c3e6,14209,200,check,ts-preserve-service
1650409524,ts-basic-service,c39f07d36d7bafbb,e82bef64a664f2ca,faec1e545f832091,2750,200,GET,ts-basic-service
1650409524,ts-basic-service,8dff7d82faadbae6,b1a47ebd703adcae,faec1e545f832091,5768,200,queryForStationId,ts-ticketinfo-service
1650409524,ts-travel-service,ca381882a3d50fb4,faec1e545f832091,faec1e545f832091,2358,200,GET,ts-travel-service
1650409524,ts-route-service,d083e52df98782f9,5204cbdf4c1e94b3,faec1e545f832091,2602,200,queryById,ts-travel-service
1650409524,ts-auth-service,9a45df7b8a507d6a,,9a45df7b8a507d6a,106042,200,getToken,no_parent
1650409524,ts-auth-service,5b68518473da4996,9a45df7b8a507d6a,9a45df7b8a507d6a,3345,200,GET,ts-auth-service
1650409524,ts-verification-code-service,8767ff134974642a,5b68518473da4996,9a45df7b8a507d6a,1713,200,verifyCode,ts-auth-service
1650409524,ts-security-service,75abf21a10dab914,78cb7597562d75ab,dda07d1cb466c3e6,4709,200,GET,ts-security-service
1650409524,ts-travel-service,5204cbdf4c1e94b3,faec1e545f832091,faec1e545f832091,3886,200,GET,ts-travel-service
1650409524,ts-route-service,9f09b72427f206f4,5c0e5ac3c01f5547,faec1e545f832091,2705,200,queryById,ts-travel-service
1650409524,ts-travel-service,fed540e40ea2ca4c,faec1e545f832091,faec1e545f832091,8281,200,GET,ts-travel-service
1650409524,ts-travel-service,877926ddcaeae6c8,faec1e545f832091,faec1e545f832091,2304,200,GET,ts-travel-service
1650409524,ts-travel-service,5c0e5ac3c01f5547,faec1e545f832091,faec1e545f832091,3196,200,GET,ts-travel-service
1650409524,ts-assurance-service,85c725bff1067328,,85c725bff1067328,1581,200,getAllAssuranceType,no_parent
1650409524,ts-station-service,62351e823ce3c4a6,c7064f2fd28abc4c,faec1e545f832091,2179,200,queryForStationId,ts-basic-service
1650409524,ts-travel-service,59db3ef72a1b4045,faec1e545f832091,faec1e545f832091,2347,200,GET,ts-travel-service
1650409524,ts-travel-service,faec1e545f832091,,faec1e545f832091,43565,200,queryInfo,no_parent
1650409524,ts-travel-service,c0a5dc56cf81a685,faec1e545f832091,faec1e545f832091,11260,200,GET,ts-travel-service
1650409524,ts-station-service,17a5b0c4b9dcc979,c39f07d36d7bafbb,faec1e545f832091,2068,200,queryForStationId,ts-basic-service
1650409584,ts-route-service,3cd3519f63ec7455,2b576e8dc0fbd2fb,3c8e392d83d4dc5e,2198,200,queryById,ts-travel-service
1650409584,ts-travel-service,38b3c0b93e0b708b,3c8e392d83d4dc5e,3c8e392d83d4dc5e,13505,200,GET,ts-travel-service
1650409584,ts-travel-service,4393e685639bb547,3c8e392d83d4dc5e,3c8e392d83d4dc5e,2266,200,GET,ts-travel-service
1650409584,ts-travel-service,3c8e392d83d4dc5e,,3c8e392d83d4dc5e,46518,200,queryInfo,no_parent
1650409584,ts-travel-service,d0c6a253c95e563,3c8e392d83d4dc5e,3c8e392d83d4dc5e,2338,200,GET,ts-travel-service
1650409584,ts-station-service,29da3546e59981d0,e3cab20137d3b17c,3c8e392d83d4dc5e,2187,200,queryForStationId,ts-basic-service
1650409584,ts-basic-service,d055f350ccf433b5,91079857535d26f3,3c8e392d83d4dc5e,4723,200,queryForStationId,ts-ticketinfo-service
1650409584,ts-station-service,e775effae763f96e,671937bf6b0a2def,3c8e392d83d4dc5e,2055,200,queryForStationId,ts-basic-service
1650409584,ts-basic-service,8414c04b772f9a26,82628745b260b667,3c8e392d83d4dc5e,5751,200,queryForStationId,ts-ticketinfo-service
1650409584,ts-travel-service,6132dc149e78ae2e,3c8e392d83d4dc5e,3c8e392d83d4dc5e,8377,200,GET,ts-travel-service
1650409584,ts-basic-service,671937bf6b0a2def,d055f350ccf433b5,3c8e392d83d4dc5e,2706,200,GET,ts-basic-service
1650409584,ts-route-service,e70a34fbce4d63e0,1dfec049542b4f67,3c8e392d83d4dc5e,2653,200,queryById,ts-travel-service
1650409584,ts-auth-service,71850de8b6f25cd7,133b0705effc03bf,133b0705effc03bf,3623,200,GET,ts-auth-service
1650409584,ts-auth-service,133b0705effc03bf,,133b0705effc03bf,107013,200,getToken,no_parent
1650409584,ts-route-service,ef8aafdec2a3a057,1748001a58d25cf9,3c8e392d83d4dc5e,2574,200,queryById,ts-travel-service
1650409584,ts-route-service,4f0e2d8d537f6a0f,d0c6a253c95e563,3c8e392d83d4dc5e,2182,200,queryById,ts-travel-service
1650409584,ts-route-service,b0d65c25ab3ac726,4393e685639bb547,3c8e392d83d4dc5e,2130,200,queryById,ts-travel-service
1650409584,ts-ticketinfo-service,82628745b260b667,f3f68b1f3ae485c1,3c8e392d83d4dc5e,7211,200,GET,ts-ticketinfo-service
1650409584,ts-ticketinfo-service,60fc4ea0acf292a3,6132dc149e78ae2e,3c8e392d83d4dc5e,7786,200,queryForStationId,ts-travel-service
1650409584,ts-ticketinfo-service,f3f68b1f3ae485c1,38b3c0b93e0b708b,3c8e392d83d4dc5e,11627,200,queryForStationId,ts-travel-service
1650409584,ts-ticketinfo-service,91079857535d26f3,60fc4ea0acf292a3,3c8e392d83d4dc5e,5493,200,GET,ts-ticketinfo-service
1650409584,ts-basic-service,e3cab20137d3b17c,8414c04b772f9a26,3c8e392d83d4dc5e,3256,200,GET,ts-basic-service
1650409584,ts-travel-service,2b576e8dc0fbd2fb,3c8e392d83d4dc5e,3c8e392d83d4dc5e,2380,200,GET,ts-travel-service
1650409584,ts-travel-service,1dfec049542b4f67,3c8e392d83d4dc5e,3c8e392d83d4dc5e,4070,200,GET,ts-travel-service
1650409584,ts-travel-service,1748001a58d25cf9,3c8e392d83d4dc5e,3c8e392d83d4dc5e,3037,200,GET,ts-travel-service
1650409584,ts-security-service,d06d785c0be55223,ee63e4cb66ca0aa5,17ce5edb3d9c6963,13327,200,check,ts-preserve-service
1650409584,ts-security-service,2de414ec29fd8fb6,d06d785c0be55223,17ce5edb3d9c6963,4546,200,GET,ts-security-service
1650409584,ts-order-service,c14e2960cb528130,2de414ec29fd8fb6,17ce5edb3d9c6963,3212,200,securityInfoCheck,ts-security-service
1650409584,ts-verification-code-service,f3290d51a8dd6667,71850de8b6f25cd7,133b0705effc03bf,1934,200,verifyCode,ts-auth-service
1650409584,ts-preserve-service,17ce5edb3d9c6963,,17ce5edb3d9c6963,21618,200,preserve,no_parent
1650409584,ts-contacts-service,d586a446f638db4c,a95c3600518cff2,17ce5edb3d9c6963,2412,200,getContactsByContactsId,ts-preserve-service
1650409584,ts-preserve-service,ee63e4cb66ca0aa5,17ce5edb3d9c6963,17ce5edb3d9c6963,14855,200,GET,ts-preserve-service
1650409584,ts-preserve-service,a95c3600518cff2,17ce5edb3d9c6963,17ce5edb3d9c6963,3625,200,GET,ts-preserve-service
1650409584,ts-order-other-service,9c77cdd50e6833d6,b175aa0963fa5147,17ce5edb3d9c6963,3124,200,securityInfoCheck,ts-security-service
1650409584,ts-security-service,b175aa0963fa5147,d06d785c0be55223,17ce5edb3d9c6963,4380,200,GET,ts-security-service
1650409584,ts-assurance-service,da440e4b4089246f,,da440e4b4089246f,1683,200,getAllAssuranceType,no_parent
1650409644,ts-travel-service,cbaca89c389c3bc5,9f40fbd69ee374a6,9f40fbd69ee374a6,9425,200,GET,ts-travel-service
1650409644,ts-travel-service,17e00d8efd24131e,9f40fbd69ee374a6,9f40fbd69ee374a6,11065,200,GET,ts-travel-service
1650409644,ts-travel-service,a8f9d300680eacfd,9f40fbd69ee374a6,9f40fbd69ee374a6,2304,200,GET,ts-travel-service
1650409644,ts-assurance-service,e2efcd57a0690aa0,,e2efcd57a0690aa0,1599,200,getAllAssuranceType,no_parent
1650409644,ts-contacts-service,717ff78f9d7aa970,8b0e7e5b207372fb,b6852a0a54b552f2,2286,200,getContactsByContactsId,ts-preserve-service
1650409644,ts-security-service,b9479dcc01785f03,9b2fac538002a7b7,b6852a0a54b552f2,14133,200,check,ts-preserve-service
1650409644,ts-security-service,a213412a5febb9d0,b9479dcc01785f03,b6852a0a54b552f2,4748,200,GET,ts-security-service
1650409644,ts-order-other-service,572d528c0fe37412,9b1417667787e5b9,b6852a0a54b552f2,3375,200,securityInfoCheck,ts-security-service
1650409644,ts-preserve-service,b6852a0a54b552f2,,b6852a0a54b552f2,22330,200,preserve,no_parent
1650409644,ts-preserve-service,8b0e7e5b207372fb,b6852a0a54b552f2,b6852a0a54b552f2,3545,200,GET,ts-preserve-service
1650409644,ts-preserve-service,9b2fac538002a7b7,b6852a0a54b552f2,b6852a0a54b552f2,15678,200,GET,ts-preserve-service
1650409644,ts-order-service,3ffac8dd0065b790,a213412a5febb9d0,b6852a0a54b552f2,3331,200,securityInfoCheck,ts-security-service
1650409644,ts-security-service,9b1417667787e5b9,b9479dcc01785f03,b6852a0a54b552f2,4556,200,GET,ts-security-service
1650409644,ts-ticketinfo-service,3d3f3ef8088172cd,17e00d8efd24131e,9f40fbd69ee374a6,9534,200,queryForStationId,ts-travel-service
1650409644,ts-ticketinfo-service,b51e7f70d0a014f6,de70a457be50bacc,9f40fbd69ee374a6,7787,200,queryForStationId,ts-travel-service
1650409644,ts-route-service,21e1d18e44ea4806,a8f9d300680eacfd,9f40fbd69ee374a6,2146,200,queryById,ts-travel-service
1650409644,ts-ticketinfo-service,d7db2bfb8ce72087,3d3f3ef8088172cd,9f40fbd69ee374a6,7015,200,GET,ts-ticketinfo-service
1650409644,ts-basic-service,a9f743c57109beff,4b1a38c056c5c333,9f40fbd69ee374a6,4904,200,queryForStationId,ts-ticketinfo-service
1650409644,ts-basic-service,e83625ee6db091bd,a9f743c57109beff,9f40fbd69ee374a6,2941,200,GET,ts-basic-service
1650409644,ts-route-service,c5baf173e407f34,9625d586a461fc93,9f40fbd69ee374a6,2596,200,queryById,ts-travel-service
1650409644,ts-route-service,681034151dbd8880,7ea68bddb6d9680e,9f40fbd69ee374a6,2240,200,queryById,ts-travel-service
1650409644,ts-travel-service,de70a457be50bacc,9f40fbd69ee374a6,9f40fbd69ee374a6,8239,200,GET,ts-travel-service
1650409644,ts-travel-service,ef85fc37785a5c71,9f40fbd69ee374a6,9f40fbd69ee374a6,3618,200,GET,ts-travel-service
1650409644,ts-travel-service,9f40fbd69ee374a6,,9f40fbd69ee374a6,50794,200,queryInfo,no_parent
1650409644,ts-travel-service,9625d586a461fc93,9f40fbd69ee374a6,9f40fbd69ee374a6,3062,200,GET,ts-travel-service
1650409644,ts-travel-service,7ea68bddb6d9680e,9f40fbd69ee374a6,9f40fbd69ee374a6,2375,200,GET,ts-travel-service
1650409644,ts-station-service,970fb9202bb9f5e,a8657c5b700b6eee,9f40fbd69ee374a6,2223,200,queryForStationId,ts-basic-service
1650409644,ts-route-service,5d57f49b0662d4b,cbaca89c389c3bc5,9f40fbd69ee374a6,9265,200,queryById,ts-travel-service
1650409644,ts-route-service,61ab8aa608e73ba,ef85fc37785a5c71,9f40fbd69ee374a6,2271,200,queryById,ts-travel-service
1650409644,ts-ticketinfo-service,4b1a38c056c5c333,b51e7f70d0a014f6,9f40fbd69ee374a6,5558,200,GET,ts-ticketinfo-service
1650409644,ts-auth-service,170c6ba25378fcb4,,170c6ba25378fcb4,109360,200,getToken,no_parent
1650409644,ts-station-service,d067f031a980833a,e83625ee6db091bd,9f40fbd69ee374a6,1939,200,queryForStationId,ts-basic-service
1650409644,ts-basic-service,a8657c5b700b6eee,3ba7ecb6e6d7c2,9f40fbd69ee374a6,3377,200,GET,ts-basic-service
1650409644,ts-basic-service,3ba7ecb6e6d7c2,d7db2bfb8ce72087,9f40fbd69ee374a6,5670,200,queryForStationId,ts-ticketinfo-service
1650409644,ts-verification-code-service,930cf65b29dc1e4b,1795258e16be72e2,170c6ba25378fcb4,1696,200,verifyCode,ts-auth-service
1650409644,ts-auth-service,1795258e16be72e2,170c6ba25378fcb4,170c6ba25378fcb4,3595,200,GET,ts-auth-service
1650409705,ts-station-service,3f439d7cd397c7de,22ee9c75acf766a5,c6052f063dc4b786,2138,200,queryForStationId,ts-basic-service
1650409705,ts-security-service,ab43fbbd7cf523fb,3946e5ae8ce71fc,c047370a8b68f931,4074,200,GET,ts-security-service
1650409705,ts-security-service,dcc85967de325c5d,3946e5ae8ce71fc,c047370a8b68f931,4877,200,GET,ts-security-service
1650409705,ts-order-service,515ccc0aa2703094,dcc85967de325c5d,c047370a8b68f931,3495,200,securityInfoCheck,ts-security-service
1650409705,ts-travel-service,2878320215385629,c6052f063dc4b786,c6052f063dc4b786,2330,200,GET,ts-travel-service
1650409705,ts-travel-service,d604a04ef78a777d,c6052f063dc4b786,c6052f063dc4b786,2317,200,GET,ts-travel-service
1650409705,ts-travel-service,c46046d9b019893f,c6052f063dc4b786,c6052f063dc4b786,11532,200,GET,ts-travel-service
1650409705,ts-basic-service,22ee9c75acf766a5,d0397d77ac64db66,c6052f063dc4b786,3517,200,GET,ts-basic-service
1650409705,ts-route-service,7559b34f4e93c2b0,2878320215385629,c6052f063dc4b786,2170,200,queryById,ts-travel-service
1650409705,ts-ticketinfo-service,38f944db9cd40949,77b6bea69c0f3829,c6052f063dc4b786,7301,200,queryForStationId,ts-travel-service
1650409705,ts-route-service,e238d41d7ab93d59,dcd757621d7fc570,c6052f063dc4b786,2142,200,queryById,ts-travel-service
1650409705,ts-travel-service,2838faebe2f834e2,c6052f063dc4b786,c6052f063dc4b786,2822,200,GET,ts-travel-service
1650409705,ts-travel-service,c6052f063dc4b786,,c6052f063dc4b786,43778,200,queryInfo,no_parent
1650409705,ts-route-service,8053795c7eef4f83,d604a04ef78a777d,c6052f063dc4b786,2160,200,queryById,ts-travel-service
1650409705,ts-route-service,a7c236e096310ef6,2838faebe2f834e2,c6052f063dc4b786,2667,200,queryById,ts-travel-service
1650409705,ts-route-service,f3c02a19e7b7b7cd,55995fbc9935126,c6052f063dc4b786,2714,200,queryById,ts-travel-service
1650409705,ts-travel-service,55995fbc9935126,c6052f063dc4b786,c6052f063dc4b786,4111,200,GET,ts-travel-service
1650409705,ts-ticketinfo-service,de125c6673c02179,c46046d9b019893f,c6052f063dc4b786,9911,200,queryForStationId,ts-travel-service
1650409705,ts-ticketinfo-service,51fb6e1f284925b2,38f944db9cd40949,c6052f063dc4b786,5235,200,GET,ts-ticketinfo-service
1650409705,ts-travel-service,77b6bea69c0f3829,c6052f063dc4b786,c6052f063dc4b786,7828,200,GET,ts-travel-service
1650409705,ts-travel-service,dcd757621d7fc570,c6052f063dc4b786,c6052f063dc4b786,2590,200,GET,ts-travel-service
1650409705,ts-basic-service,871d39c73b0486b9,2cf8585865879f45,c6052f063dc4b786,2651,200,GET,ts-basic-service
1650409705,ts-basic-service,d0397d77ac64db66,7d2e5792878b2e0f,c6052f063dc4b786,5997,200,queryForStationId,ts-ticketinfo-service
1650409705,ts-basic-service,2cf8585865879f45,51fb6e1f284925b2,c6052f063dc4b786,4589,200,queryForStationId,ts-ticketinfo-service
1650409705,ts-station-service,e2259055f443c168,871d39c73b0486b9,c6052f063dc4b786,1919,200,queryForStationId,ts-basic-service
1650409705,ts-ticketinfo-service,7d2e5792878b2e0f,de125c6673c02179,c6052f063dc4b786,7097,200,GET,ts-ticketinfo-service
1650409705,ts-security-service,3946e5ae8ce71fc,a81ecdee9ecc34eb,c047370a8b68f931,13592,200,check,ts-preserve-service
1650409705,ts-preserve-service,ae7be3b8c05ee4c2,c047370a8b68f931,c047370a8b68f931,3871,200,GET,ts-preserve-service
1650409705,ts-preserve-service,c047370a8b68f931,,c047370a8b68f931,22228,200,preserve,no_parent
1650409705,ts-order-other-service,6b85ceb19faca333,ab43fbbd7cf523fb,c047370a8b68f931,2808,200,securityInfoCheck,ts-security-service
1650409705,ts-preserve-service,a81ecdee9ecc34eb,c047370a8b68f931,c047370a8b68f931,15183,200,GET,ts-preserve-service
1650409705,ts-contacts-service,12373f0f1ebb0a6,ae7be3b8c05ee4c2,c047370a8b68f931,2571,200,getContactsByContactsId,ts-preserve-service
1650409705,ts-assurance-service,f786d042a7724487,,f786d042a7724487,1990,200,getAllAssuranceType,no_parent
1650409705,ts-verification-code-service,a5735072b0370b,8281084ecb925c71,48c8c47816d62d34,1711,200,verifyCode,ts-auth-service
1650409705,ts-auth-service,48c8c47816d62d34,,48c8c47816d62d34,109369,200,getToken,no_parent
1650409705,ts-auth-service,8281084ecb925c71,48c8c47816d62d34,48c8c47816d62d34,3340,200,GET,ts-auth-service
1650409765,ts-basic-service,149991a9b087b397,fbfa8d5e46200e73,19502e50be25d9e7,4705,200,queryForStationId,ts-ticketinfo-service
1650409765,ts-contacts-service,ed20c5af84c5c8d6,d0956e405522fd06,4b24feaa3ca89e1c,2340,200,getContactsByContactsId,ts-preserve-service
1650409765,ts-ticketinfo-service,58e35adcc428a7f9,523914209fb38f3,19502e50be25d9e7,7667,200,queryForStationId,ts-travel-service
1650409765,ts-basic-service,21ebfaca14a84e0f,cad76f9fb6c2442,19502e50be25d9e7,5838,200,queryForStationId,ts-ticketinfo-service
1650409765,ts-basic-service,ed3bee6fcaa1b8d2,21ebfaca14a84e0f,19502e50be25d9e7,3350,200,GET,ts-basic-service
1650409765,ts-basic-service,9b93d6f89a6ac5d6,149991a9b087b397,19502e50be25d9e7,2735,200,GET,ts-basic-service
1650409765,ts-station-service,fa8fcecb12fa803b,ed3bee6fcaa1b8d2,19502e50be25d9e7,2311,200,queryForStationId,ts-basic-service
1650409765,ts-route-service,5f6f8e4b52e9f331,84364ecb1f52869a,19502e50be25d9e7,2677,200,queryById,ts-travel-service
1650409765,ts-route-service,7496d86c15eb8257,963f99d2c792b1b7,19502e50be25d9e7,2162,200,queryById,ts-travel-service
1650409765,ts-route-service,f33361400fd5302b,5b39c8640de30dbc,19502e50be25d9e7,2187,200,queryById,ts-travel-service
1650409765,ts-ticketinfo-service,513b89933026df1,3173bcace297d076,19502e50be25d9e7,9625,200,queryForStationId,ts-travel-service
1650409765,ts-ticketinfo-service,fbfa8d5e46200e73,58e35adcc428a7f9,19502e50be25d9e7,5426,200,GET,ts-ticketinfo-service
1650409765,ts-ticketinfo-service,cad76f9fb6c2442,513b89933026df1,19502e50be25d9e7,7002,200,GET,ts-ticketinfo-service
1650409765,ts-preserve-service,4b24feaa3ca89e1c,,4b24feaa3ca89e1c,30979,200,preserve,no_parent
1650409765,ts-preserve-service,98584c34637dcfe,4b24feaa3ca89e1c,4b24feaa3ca89e1c,24453,200,GET,ts-preserve-service
1650409765,ts-order-other-service,3efa02de3a1a85ff,ff332ebfbdfafd84,4b24feaa3ca89e1c,3104,200,securityInfoCheck,ts-security-service
1650409765,ts-security-service,b356e6e3423b6a3f,ac952ff6aa0bb7ad,4b24feaa3ca89e1c,4557,200,GET,ts-security-service
1650409765,ts-order-service,e3d946446d05a19,b356e6e3423b6a3f,4b24feaa3ca89e1c,3332,200,securityInfoCheck,ts-security-service
1650409765,ts-preserve-service,d0956e405522fd06,4b24feaa3ca89e1c,4b24feaa3ca89e1c,3626,200,GET,ts-preserve-service
1650409765,ts-travel-service,523914209fb38f3,19502e50be25d9e7,19502e50be25d9e7,8122,200,GET,ts-travel-service
1650409765,ts-travel-service,470d3a1dc19a3f76,19502e50be25d9e7,19502e50be25d9e7,2360,200,GET,ts-travel-service
1650409765,ts-travel-service,5b39c8640de30dbc,19502e50be25d9e7,19502e50be25d9e7,2349,200,GET,ts-travel-service
1650409765,ts-travel-service,963f99d2c792b1b7,19502e50be25d9e7,19502e50be25d9e7,2312,200,GET,ts-travel-service
1650409765,ts-travel-service,84364ecb1f52869a,19502e50be25d9e7,19502e50be25d9e7,3986,200,GET,ts-travel-service
1650409765,ts-travel-service,c5cae2296edf59f,19502e50be25d9e7,19502e50be25d9e7,2909,200,GET,ts-travel-service
1650409765,ts-travel-service,19502e50be25d9e7,,19502e50be25d9e7,43740,200,queryInfo,no_parent
1650409765,ts-route-service,bd4debeeff9e381a,c5cae2296edf59f,19502e50be25d9e7,2412,200,queryById,ts-travel-service
1650409765,ts-route-service,21b4c41c3c4e350e,470d3a1dc19a3f76,19502e50be25d9e7,2237,200,queryById,ts-travel-service
1650409765,ts-travel-service,3173bcace297d076,19502e50be25d9e7,19502e50be25d9e7,11226,200,GET,ts-travel-service
1650409765,ts-security-service,ff332ebfbdfafd84,ac952ff6aa0bb7ad,4b24feaa3ca89e1c,4157,200,GET,ts-security-service
1650409765,ts-security-service,ac952ff6aa0bb7ad,98584c34637dcfe,4b24feaa3ca89e1c,12902,200,check,ts-preserve-service
1650409765,ts-station-service,9ef5ec97a8a26717,9b93d6f89a6ac5d6,19502e50be25d9e7,2072,200,queryForStationId,ts-basic-service
1650409765,ts-assurance-service,7f3cfe9bec2b5482,,7f3cfe9bec2b5482,1607,200,getAllAssuranceType,no_parent
1650409765,ts-auth-service,7821e1b45993dc74,,7821e1b45993dc74,112200,200,getToken,no_parent
1650409765,ts-auth-service,ee86fe5bced5ad49,7821e1b45993dc74,7821e1b45993dc74,3462,200,GET,ts-auth-service
1650409765,ts-verification-code-service,6491f72e038ff72a,ee86fe5bced5ad49,7821e1b45993dc74,1798,200,verifyCode,ts-auth-service
1650409825,ts-preserve-service,9ba334dce589f1ef,78fcb549a5444038,78fcb549a5444038,15471,200,GET,ts-preserve-service
1650409825,ts-ticketinfo-service,3b9820b3c15895,cbe50d7a89f4ffd3,7fa39a26d3df6bd1,5678,200,GET,ts-ticketinfo-service
1650409825,ts-ticketinfo-service,b4a409e880e023b1,d59013b2318963d3,7fa39a26d3df6bd1,9441,200,queryForStationId,ts-travel-service
1650409825,ts-ticketinfo-service,ed400b536579588a,b4a409e880e023b1,7fa39a26d3df6bd1,6623,200,GET,ts-ticketinfo-service
1650409825,ts-security-service,97dba17f29e036fb,9ba334dce589f1ef,78fcb549a5444038,13901,200,check,ts-preserve-service
1650409825,ts-security-service,45eaca237dfa1386,97dba17f29e036fb,78fcb549a5444038,4548,200,GET,ts-security-service
1650409825,ts-preserve-service,78fcb549a5444038,,78fcb549a5444038,21993,200,preserve,no_parent
1650409825,ts-order-other-service,6577f4f46d493c99,45eaca237dfa1386,78fcb549a5444038,3281,200,securityInfoCheck,ts-security-service
1650409825,ts-contacts-service,2aefb9bac2f07a65,a2d9804864d25afa,78fcb549a5444038,2226,200,getContactsByContactsId,ts-preserve-service
1650409825,ts-order-service,4c7369cdb9d1d53e,e5af4c4e45ebd785,78fcb549a5444038,3418,200,securityInfoCheck,ts-security-service
1650409825,ts-preserve-service,a2d9804864d25afa,78fcb549a5444038,78fcb549a5444038,3534,200,GET,ts-preserve-service
1650409825,ts-route-service,5d1d9f07b1328afb,5db4e11dfe9532b4,7fa39a26d3df6bd1,2695,200,queryById,ts-travel-service
1650409825,ts-travel-service,55a485a8a238cd0,7fa39a26d3df6bd1,7fa39a26d3df6bd1,2314,200,GET,ts-travel-service
1650409825,ts-travel-service,7fa39a26d3df6bd1,,7fa39a26d3df6bd1,44138,200,queryInfo,no_parent
1650409825,ts-verification-code-service,3a45123b7abcaccf,cf416004ba37d70b,ee06f45111a65e5f,2006,200,verifyCode,ts-auth-service
1650409825,ts-ticketinfo-service,cbe50d7a89f4ffd3,e5ec5ad1bff0c682,7fa39a26d3df6bd1,8014,200,queryForStationId,ts-travel-service
1650409825,ts-route-service,f24f955305b8ab94,784a7b676ea6a656,7fa39a26d3df6bd1,2199,200,queryById,ts-travel-service
1650409825,ts-travel-service,baace40464d7ccb2,7fa39a26d3df6bd1,7fa39a26d3df6bd1,2324,200,GET,ts-travel-service
1650409825,ts-route-service,94bac394be96304f,5131e54be11052ad,7fa39a26d3df6bd1,2661,200,queryById,ts-travel-service
1650409825,ts-route-service,63b00f65c8f9f101,baace40464d7ccb2,7fa39a26d3df6bd1,2193,200,queryById,ts-travel-service
1650409825,ts-basic-service,f85a441b7935e90b,2265d56ddbd70511,7fa39a26d3df6bd1,2995,200,GET,ts-basic-service
1650409825,ts-travel-service,d59013b2318963d3,7fa39a26d3df6bd1,7fa39a26d3df6bd1,10958,200,GET,ts-travel-service
1650409825,ts-assurance-service,d5c52d6982265021,,d5c52d6982265021,1608,200,getAllAssuranceType,no_parent
1650409825,ts-route-service,f0b06d20ca0933d3,55a485a8a238cd0,7fa39a26d3df6bd1,2175,200,queryById,ts-travel-service
1650409825,ts-station-service,b4fb58bd8a5a6dbb,f85a441b7935e90b,7fa39a26d3df6bd1,1786,200,queryForStationId,ts-basic-service
1650409825,ts-basic-service,157d2114aa2f3bf8,c2a14302dc7c5072,7fa39a26d3df6bd1,2922,200,GET,ts-basic-service
1650409825,ts-travel-service,e5ec5ad1bff0c682,7fa39a26d3df6bd1,7fa39a26d3df6bd1,8439,200,GET,ts-travel-service
1650409825,ts-travel-service,5db4e11dfe9532b4,7fa39a26d3df6bd1,7fa39a26d3df6bd1,3147,200,GET,ts-travel-service
1650409825,ts-basic-service,c2a14302dc7c5072,3b9820b3c15895,7fa39a26d3df6bd1,4921,200,queryForStationId,ts-ticketinfo-service
1650409825,ts-basic-service,2265d56ddbd70511,ed400b536579588a,7fa39a26d3df6bd1,5417,200,queryForStationId,ts-ticketinfo-service
1650409825,ts-travel-service,5131e54be11052ad,7fa39a26d3df6bd1,7fa39a26d3df6bd1,4001,200,GET,ts-travel-service
1650409825,ts-travel-service,784a7b676ea6a656,7fa39a26d3df6bd1,7fa39a26d3df6bd1,2373,200,GET,ts-travel-service
1650409825,ts-security-service,e5af4c4e45ebd785,97dba17f29e036fb,78fcb549a5444038,4759,200,GET,ts-security-service
1650409825,ts-station-service,237edad5b5377264,157d2114aa2f3bf8,7fa39a26d3df6bd1,2238,200,queryForStationId,ts-basic-service
1650409825,ts-auth-service,cf416004ba37d70b,ee06f45111a65e5f,ee06f45111a65e5f,3656,200,GET,ts-auth-service
1650409825,ts-auth-service,ee06f45111a65e5f,,ee06f45111a65e5f,110693,200,getToken,no_parent
1650409885,ts-preserve-service,1d1e065409e1322e,2f2c595b628a5243,2f2c595b628a5243,3562,200,GET,ts-preserve-service
1650409885,ts-order-service,92d3396c66d5209,83601180ecfd96d4,2f2c595b628a5243,3477,200,securityInfoCheck,ts-security-service
1650409885,ts-order-other-service,6a0d1a6a8a0d41cb,a3406034ca5dd95d,2f2c595b628a5243,3191,200,securityInfoCheck,ts-security-service
1650409885,ts-preserve-service,2f2c595b628a5243,,2f2c595b628a5243,22290,200,preserve,no_parent
1650409885,ts-preserve-service,57533e7064d26266,2f2c595b628a5243,2f2c595b628a5243,15653,200,GET,ts-preserve-service
1650409885,ts-security-service,a3406034ca5dd95d,718b4535491b3c69,2f2c595b628a5243,4539,200,GET,ts-security-service
1650409885,ts-security-service,718b4535491b3c69,57533e7064d26266,2f2c595b628a5243,13935,200,check,ts-preserve-service
1650409885,ts-security-service,83601180ecfd96d4,718b4535491b3c69,2f2c595b628a5243,4940,200,GET,ts-security-service
1650409885,ts-contacts-service,d6e7cd61a19ce2ce,1d1e065409e1322e,2f2c595b628a5243,2281,200,getContactsByContactsId,ts-preserve-service
1650409885,ts-auth-service,c37b2fbbc7d56c20,58be9b2922e370d,58be9b2922e370d,4239,200,GET,ts-auth-service
1650409885,ts-verification-code-service,48700e4257c14907,c37b2fbbc7d56c20,58be9b2922e370d,1745,200,verifyCode,ts-auth-service
1650409885,ts-auth-service,58be9b2922e370d,,58be9b2922e370d,112345,200,getToken,no_parent
1650409886,ts-travel-service,2194395f5ae777f2,d69f0d480b317d70,d69f0d480b317d70,2248,200,GET,ts-travel-service
1650409886,ts-travel-service,6fa3db40ae9c6da6,d69f0d480b317d70,d69f0d480b317d70,2997,200,GET,ts-travel-service
1650409886,ts-travel-service,9cc373a01c8dd666,d69f0d480b317d70,d69f0d480b317d70,1888,200,GET,ts-travel-service
1650409886,ts-travel-service,d69f0d480b317d70,,d69f0d480b317d70,54809,200,queryInfo,no_parent
1650409886,ts-route-service,58dca583ca2e3c06,8763d166e3a19535,d69f0d480b317d70,2668,200,queryById,ts-travel-service
1650409886,ts-basic-service,3df13cd96cdcf405,4d27ca2f7906d4dc,d69f0d480b317d70,2985,200,GET,ts-basic-service
1650409886,ts-route-service,786a6eebd0624178,6fa3db40ae9c6da6,d69f0d480b317d70,2549,200,queryById,ts-travel-service
1650409886,ts-travel-service,8763d166e3a19535,d69f0d480b317d70,d69f0d480b317d70,3641,200,GET,ts-travel-service
1650409886,ts-travel-service,7e095e623f695eb7,d69f0d480b317d70,d69f0d480b317d70,2205,200,GET,ts-travel-service
1650409886,ts-travel-service,444c1c187d618e44,d69f0d480b317d70,d69f0d480b317d70,11868,200,GET,ts-travel-service
1650409886,ts-basic-service,390622ba322288e0,62538ee4f4c207fc,d69f0d480b317d70,6112,200,queryForStationId,ts-ticketinfo-service
1650409886,ts-basic-service,56a1c6a69e89764,390622ba322288e0,d69f0d480b317d70,3755,200,GET,ts-basic-service
1650409886,ts-ticketinfo-service,989867d41b618a74,8bc589cad1a9d775,d69f0d480b317d70,7961,200,queryForStationId,ts-travel-service
1650409886,ts-ticketinfo-service,62538ee4f4c207fc,a011bc20fc854b3,d69f0d480b317d70,7231,200,GET,ts-ticketinfo-service
1650409886,ts-route-service,474cad9f2d1c6204,2194395f5ae777f2,d69f0d480b317d70,1938,200,queryById,ts-travel-service
1650409886,ts-route-service,2f0c4cee816435d1,7e095e623f695eb7,d69f0d480b317d70,2022,200,queryById,ts-travel-service
1650409886,ts-route-service,7d19cd71f337d906,9cc373a01c8dd666,d69f0d480b317d70,1731,200,queryById,ts-travel-service
1650409886,ts-ticketinfo-service,a011bc20fc854b3,444c1c187d618e44,d69f0d480b317d70,9855,200,queryForStationId,ts-travel-service
1650409886,ts-station-service,67b856c53c49ba38,56a1c6a69e89764,d69f0d480b317d70,2680,200,queryForStationId,ts-basic-service
1650409886,ts-station-service,75c8b3ef476148fb,3df13cd96cdcf405,d69f0d480b317d70,2316,200,queryForStationId,ts-basic-service
1650409886,ts-basic-service,4d27ca2f7906d4dc,76795c10957089cb,d69f0d480b317d70,4966,200,queryForStationId,ts-ticketinfo-service
1650409886,ts-travel-service,8bc589cad1a9d775,d69f0d480b317d70,d69f0d480b317d70,8344,200,GET,ts-travel-service
1650409886,ts-assurance-service,ddcae4477ed02350,,ddcae4477ed02350,1531,200,getAllAssuranceType,no_parent
1650409886,ts-ticketinfo-service,76795c10957089cb,989867d41b618a74,d69f0d480b317d70,5659,200,GET,ts-ticketinfo-service
1650409946,ts-travel-service,9586a2d3b6c17649,acbc8a9f02631398,acbc8a9f02631398,11683,200,GET,ts-travel-service
1650409946,ts-station-service,7bdafa2a417b3309,62ac2969dd630097,acbc8a9f02631398,2230,200,queryForStationId,ts-basic-service
1650409946,ts-station-service,8f8d6c9d24b3285d,f5dc07a4adc32f9a,acbc8a9f02631398,2518,200,queryForStationId,ts-basic-service
1650409946,ts-order-other-service,895e5d4c10778bf8,b16bed9375724e2b,bb907dbf5ef0dc7b,3305,200,securityInfoCheck,ts-security-service
1650409946,ts-preserve-service,74954507d7d9983c,bb907dbf5ef0dc7b,bb907dbf5ef0dc7b,3529,200,GET,ts-preserve-service
1650409946,ts-preserve-service,c3d5cc3a53270b15,bb907dbf5ef0dc7b,bb907dbf5ef0dc7b,23206,200,GET,ts-preserve-service
1650409946,ts-preserve-service,bb907dbf5ef0dc7b,,bb907dbf5ef0dc7b,29728,200,preserve,no_parent
1650409946,ts-order-service,4b5a9b4552957ff8,870481f6af7ceca4,bb907dbf5ef0dc7b,3544,200,securityInfoCheck,ts-security-service
1650409946,ts-contacts-service,b0361361344e47c,74954507d7d9983c,bb907dbf5ef0dc7b,2315,200,getContactsByContactsId,ts-preserve-service
1650409946,ts-assurance-service,adeac2d0d3abdb89,,adeac2d0d3abdb89,1592,200,getAllAssuranceType,no_parent
1650409946,ts-basic-service,ac72b46266acd918,5abf2e26355ecd25,acbc8a9f02631398,6282,200,queryForStationId,ts-ticketinfo-service
1650409946,ts-security-service,4d59e53d9c3f2e88,c3d5cc3a53270b15,bb907dbf5ef0dc7b,21576,200,check,ts-preserve-service
1650409946,ts-basic-service,f5dc07a4adc32f9a,ac72b46266acd918,acbc8a9f02631398,3722,200,GET,ts-basic-service
1650409946,ts-basic-service,62ac2969dd630097,421f3d1fcd6bdfe9,acbc8a9f02631398,2900,200,GET,ts-basic-service
1650409946,ts-basic-service,421f3d1fcd6bdfe9,2361edb4717c34af,acbc8a9f02631398,4915,200,queryForStationId,ts-ticketinfo-service
1650409946,ts-travel-service,148d199f7e7ce7b3,acbc8a9f02631398,acbc8a9f02631398,8278,200,GET,ts-travel-service
1650409946,ts-travel-service,5503340094d1ef66,acbc8a9f02631398,acbc8a9f02631398,4004,200,GET,ts-travel-service
1650409946,ts-travel-service,4af5956c51a4a161,acbc8a9f02631398,acbc8a9f02631398,2995,200,GET,ts-travel-service
1650409946,ts-travel-service,cee90c57ba4c4ab,acbc8a9f02631398,acbc8a9f02631398,2338,200,GET,ts-travel-service
1650409946,ts-travel-service,1db2c0c81350f437,acbc8a9f02631398,acbc8a9f02631398,2352,200,GET,ts-travel-service
1650409946,ts-travel-service,acbc8a9f02631398,,acbc8a9f02631398,43976,200,queryInfo,no_parent
1650409946,ts-ticketinfo-service,d146ff47ff0c9366,148d199f7e7ce7b3,acbc8a9f02631398,7888,200,queryForStationId,ts-travel-service
1650409946,ts-ticketinfo-service,2361edb4717c34af,d146ff47ff0c9366,acbc8a9f02631398,5559,200,GET,ts-ticketinfo-service
1650409946,ts-travel-service,d945f3c596b7afca,acbc8a9f02631398,acbc8a9f02631398,2305,200,GET,ts-travel-service
1650409946,ts-route-service,5a892f3c7395eaad,5503340094d1ef66,acbc8a9f02631398,2565,200,queryById,ts-travel-service
1650409946,ts-route-service,250b32321947fe6f,d945f3c596b7afca,acbc8a9f02631398,2159,200,queryById,ts-travel-service
1650409946,ts-security-service,870481f6af7ceca4,4d59e53d9c3f2e88,bb907dbf5ef0dc7b,5597,200,GET,ts-security-service
1650409946,ts-security-service,b16bed9375724e2b,4d59e53d9c3f2e88,bb907dbf5ef0dc7b,11524,200,GET,ts-security-service
1650409946,ts-ticketinfo-service,5abf2e26355ecd25,b70fa4b192d7a65b,acbc8a9f02631398,7427,200,GET,ts-ticketinfo-service
1650409946,ts-route-service,45d1f35de4e6dd14,cee90c57ba4c4ab,acbc8a9f02631398,2175,200,queryById,ts-travel-service
1650409946,ts-route-service,bb7ec3f175a19ecc,1db2c0c81350f437,acbc8a9f02631398,2202,200,queryById,ts-travel-service
1650409946,ts-route-service,6c4a18c9999d3f4d,4af5956c51a4a161,acbc8a9f02631398,2556,200,queryById,ts-travel-service
1650409946,ts-ticketinfo-service,b70fa4b192d7a65b,9586a2d3b6c17649,acbc8a9f02631398,10285,200,queryForStationId,ts-travel-service
1650409946,ts-verification-code-service,cc386b3bc45426e0,c07eae9870aabbef,48fb93ae608fa67c,1737,200,verifyCode,ts-auth-service
1650409946,ts-auth-service,c07eae9870aabbef,48fb93ae608fa67c,48fb93ae608fa67c,3370,200,GET,ts-auth-service
1650409946,ts-auth-service,48fb93ae608fa67c,,48fb93ae608fa67c,102902,200,getToken,no_parent
1650410006,ts-station-service,c16fff3675867281,beb6f284d54eba5e,ec189b225ee6625,2739,200,queryForStationId,ts-basic-service
1650410006,ts-station-service,46391cc0c69e31f7,c16beaf7674ea446,ec189b225ee6625,2988,200,queryForStationId,ts-basic-service
1650410006,ts-auth-service,1fcd41271be20d15,93836173a6e77efd,93836173a6e77efd,3810,200,GET,ts-auth-service
1650410006,ts-verification-code-service,22c9e1d8cc731912,1fcd41271be20d15,93836173a6e77efd,1984,200,verifyCode,ts-auth-service
1650410006,ts-security-service,be0f3560118e44c5,fec0335eb92fe174,2df607789c260585,14931,200,check,ts-preserve-service
1650410006,ts-contacts-service,3a0b05b6fa02d021,bcb5736da4df3d4c,2df607789c260585,2240,200,getContactsByContactsId,ts-preserve-service
1650410006,ts-preserve-service,2df607789c260585,,2df607789c260585,23626,200,preserve,no_parent
1650410006,ts-preserve-service,bcb5736da4df3d4c,2df607789c260585,2df607789c260585,3985,200,GET,ts-preserve-service
1650410006,ts-order-other-service,386ab8e8d086b7b7,5a148d687cdb54da,2df607789c260585,3338,200,securityInfoCheck,ts-security-service
1650410006,ts-security-service,80d22cf29b13c7bb,be0f3560118e44c5,2df607789c260585,5255,200,GET,ts-security-service
1650410006,ts-security-service,5a148d687cdb54da,be0f3560118e44c5,2df607789c260585,4685,200,GET,ts-security-service
1650410006,ts-ticketinfo-service,ed37348f979ad456,37214fb621e13ea8,ec189b225ee6625,8384,200,GET,ts-ticketinfo-service
1650410006,ts-ticketinfo-service,dde7dd9f605a7c44,3c9d2cc304ab3eb0,ec189b225ee6625,6435,200,GET,ts-ticketinfo-service
1650410006,ts-ticketinfo-service,37214fb621e13ea8,9f5c76f72fcdb5fe,ec189b225ee6625,11394,200,queryForStationId,ts-travel-service
1650410006,ts-ticketinfo-service,3c9d2cc304ab3eb0,1cd644dd778783ce,ec189b225ee6625,9195,200,queryForStationId,ts-travel-service
1650410006,ts-travel-service,8b8802e8b4cf86ed,ec189b225ee6625,ec189b225ee6625,2599,200,GET,ts-travel-service
1650410006,ts-travel-service,1cd644dd778783ce,ec189b225ee6625,ec189b225ee6625,9670,200,GET,ts-travel-service
1650410006,ts-travel-service,a70d8ec07302fbe,ec189b225ee6625,ec189b225ee6625,2482,200,GET,ts-travel-service
1650410006,ts-route-service,275dbaed59947c47,c1cf4a8eaab18d06,ec189b225ee6625,2926,200,queryById,ts-travel-service
1650410006,ts-route-service,70777cc04e4a43ca,8b8802e8b4cf86ed,ec189b225ee6625,2429,200,queryById,ts-travel-service
1650410006,ts-route-service,4780c3b4152cd284,e17b10de87977c41,ec189b225ee6625,2284,200,queryById,ts-travel-service
1650410006,ts-travel-service,c1cf4a8eaab18d06,ec189b225ee6625,ec189b225ee6625,4445,200,GET,ts-travel-service
1650410006,ts-travel-service,e17b10de87977c41,ec189b225ee6625,ec189b225ee6625,2401,200,GET,ts-travel-service
1650410006,ts-travel-service,9b6c9097283ddfad,ec189b225ee6625,ec189b225ee6625,3345,200,GET,ts-travel-service
1650410006,ts-travel-service,ec189b225ee6625,,ec189b225ee6625,50541,200,queryInfo,no_parent
1650410006,ts-route-service,bdafebe084076397,9b6c9097283ddfad,ec189b225ee6625,2816,200,queryById,ts-travel-service
1650410006,ts-basic-service,c16beaf7674ea446,809cd2d0b6abbefb,ec189b225ee6625,4324,200,GET,ts-basic-service
1650410006,ts-basic-service,beb6f284d54eba5e,67bcde327ec2cf45,ec189b225ee6625,3322,200,GET,ts-basic-service
1650410006,ts-basic-service,809cd2d0b6abbefb,ed37348f979ad456,ec189b225ee6625,7144,200,queryForStationId,ts-ticketinfo-service
1650410006,ts-basic-service,67bcde327ec2cf45,dde7dd9f605a7c44,ec189b225ee6625,5824,200,queryForStationId,ts-ticketinfo-service
1650410006,ts-travel-service,9f5c76f72fcdb5fe,ec189b225ee6625,ec189b225ee6625,13193,200,GET,ts-travel-service
1650410006,ts-route-service,b26bfcb3cd9343c3,a70d8ec07302fbe,ec189b225ee6625,2320,200,queryById,ts-travel-service
1650410006,ts-order-service,86b3caa9a660fa1,80d22cf29b13c7bb,2df607789c260585,3763,200,securityInfoCheck,ts-security-service
1650410006,ts-preserve-service,fec0335eb92fe174,2df607789c260585,2df607789c260585,16578,200,GET,ts-preserve-service
1650410006,ts-assurance-service,fedd6ba439f6a5b9,,fedd6ba439f6a5b9,1706,200,getAllAssuranceType,no_parent
1650410006,ts-auth-service,93836173a6e77efd,,93836173a6e77efd,116566,200,getToken,no_parent
1650410066,ts-verification-code-service,73a437cff83d3c59,c163a80780c322a6,74f3b8df74283122,1778,200,verifyCode,ts-auth-service
1650410066,ts-auth-service,c163a80780c322a6,74f3b8df74283122,74f3b8df74283122,3611,200,GET,ts-auth-service
1650410066,ts-auth-service,74f3b8df74283122,,74f3b8df74283122,122804,200,getToken,no_parent
1650410066,ts-travel-service,76455a77a0688e9a,,76455a77a0688e9a,51704,200,queryInfo,no_parent
1650410066,ts-travel-service,e893b17a3670c758,76455a77a0688e9a,76455a77a0688e9a,2467,200,GET,ts-travel-service
1650410066,ts-route-service,824d15b1e2ce4228,5d3bbdf74f41c2ce,76455a77a0688e9a,2173,200,queryById,ts-travel-service
1650410066,ts-ticketinfo-service,aa473694f32410ba,13e42d2c6a77dff,76455a77a0688e9a,12157,200,GET,ts-ticketinfo-service
1650410066,ts-ticketinfo-service,af865ecfb3e3bf92,3e009e400a928d95,76455a77a0688e9a,9766,200,queryForStationId,ts-travel-service
1650410066,ts-ticketinfo-service,7b54ad67fade7fed,af865ecfb3e3bf92,76455a77a0688e9a,7186,200,GET,ts-ticketinfo-service
1650410066,ts-ticketinfo-service,13e42d2c6a77dff,3bee37c2df56941c,76455a77a0688e9a,14893,200,queryForStationId,ts-travel-service
1650410066,ts-basic-service,3a7be96efa1ead2c,7b54ad67fade7fed,76455a77a0688e9a,6124,200,queryForStationId,ts-ticketinfo-service
1650410066,ts-route-service,28bb7a761aa3e3c0,e893b17a3670c758,76455a77a0688e9a,1974,200,queryById,ts-travel-service
1650410066,ts-route-service,ba053e6378cb5937,b45c518aa7c344fd,76455a77a0688e9a,2632,200,queryById,ts-travel-service
1650410066,ts-station-service,3b8be0ac192f37d7,a1d84dbbea9941eb,76455a77a0688e9a,2467,200,queryForStationId,ts-basic-service
1650410066,ts-station-service,9d0cbf199585b861,2863dc569168b6e7,76455a77a0688e9a,2603,200,queryForStationId,ts-basic-service
1650410066,ts-basic-service,2863dc569168b6e7,3a7be96efa1ead2c,76455a77a0688e9a,3636,200,GET,ts-basic-service
1650410066,ts-basic-service,bbaa4c13e78b995f,aa473694f32410ba,76455a77a0688e9a,5682,200,queryForStationId,ts-ticketinfo-service
1650410066,ts-basic-service,a1d84dbbea9941eb,bbaa4c13e78b995f,76455a77a0688e9a,3394,200,GET,ts-basic-service
1650410066,ts-preserve-service,868ead2f81686ed3,26ccd857a981c945,26ccd857a981c945,4144,200,GET,ts-preserve-service
1650410066,ts-preserve-service,26ccd857a981c945,,26ccd857a981c945,23147,200,preserve,no_parent
1650410066,ts-contacts-service,fac5a0f99bb45ec3,868ead2f81686ed3,26ccd857a981c945,2586,200,getContactsByContactsId,ts-preserve-service
1650410066,ts-order-other-service,4595fc4649bdb8a8,20f783a31d159222,26ccd857a981c945,3317,200,securityInfoCheck,ts-security-service
1650410066,ts-preserve-service,71da8aa0f1068beb,26ccd857a981c945,26ccd857a981c945,15762,200,GET,ts-preserve-service
1650410066,ts-order-service,c8f3441ae3bc0658,919fcd626d815394,26ccd857a981c945,3593,200,securityInfoCheck,ts-security-service
1650410066,ts-travel-service,5d3bbdf74f41c2ce,76455a77a0688e9a,76455a77a0688e9a,2388,200,GET,ts-travel-service
1650410066,ts-travel-service,214e537619754b31,76455a77a0688e9a,76455a77a0688e9a,4376,200,GET,ts-travel-service
1650410066,ts-travel-service,cd2b385637702cc2,76455a77a0688e9a,76455a77a0688e9a,2124,200,GET,ts-travel-service
1650410066,ts-travel-service,b45c518aa7c344fd,76455a77a0688e9a,76455a77a0688e9a,2767,200,GET,ts-travel-service
1650410066,ts-security-service,919fcd626d815394,d5e98aa5deb0e775,26ccd857a981c945,5159,200,GET,ts-security-service
1650410066,ts-security-service,d5e98aa5deb0e775,71da8aa0f1068beb,26ccd857a981c945,14450,200,check,ts-preserve-service
1650410066,ts-security-service,20f783a31d159222,d5e98aa5deb0e775,26ccd857a981c945,4753,200,GET,ts-security-service
1650410066,ts-route-service,2f1a08821a0132bf,cd2b385637702cc2,76455a77a0688e9a,1915,200,queryById,ts-travel-service
1650410066,ts-route-service,801471212765a9d2,214e537619754b31,76455a77a0688e9a,2934,200,queryById,ts-travel-service
1650410066,ts-travel-service,3e009e400a928d95,76455a77a0688e9a,76455a77a0688e9a,11372,200,GET,ts-travel-service
1650410066,ts-travel-service,3bee37c2df56941c,76455a77a0688e9a,76455a77a0688e9a,15257,200,GET,ts-travel-service
1650410067,ts-assurance-service,b8af749120724fd5,,b8af749120724fd5,1320,200,getAllAssuranceType,no_parent
1650410127,ts-contacts-service,e441a81abaef5194,f500ce4ded17852c,a5dafd57162846b,2455,200,getContactsByContactsId,ts-preserve-service
1650410127,ts-preserve-service,f284ab641f82d5c6,a5dafd57162846b,a5dafd57162846b,15528,200,GET,ts-preserve-service
1650410127,ts-order-service,a478c89fe6985c8,5c6cd017feaf58d5,a5dafd57162846b,3528,200,securityInfoCheck,ts-security-service
1650410127,ts-security-service,5c6cd017feaf58d5,7debfabf30b7d4ad,a5dafd57162846b,4931,200,GET,ts-security-service
1650410127,ts-security-service,41e30e68128085c7,7debfabf30b7d4ad,a5dafd57162846b,4525,200,GET,ts-security-service
1650410127,ts-route-service,38c6788a15beab04,6fbbf0457ce78073,aba3966e80169f78,2524,200,queryById,ts-travel-service
1650410127,ts-route-service,e22e427f8876174c,32f16712c3c18471,aba3966e80169f78,2170,200,queryById,ts-travel-service
1650410127,ts-route-service,9d27314e02203135,5818bc4001c70e26,aba3966e80169f78,2697,200,queryById,ts-travel-service
1650410127,ts-travel-service,32f16712c3c18471,aba3966e80169f78,aba3966e80169f78,2298,200,GET,ts-travel-service
1650410127,ts-travel-service,aba3966e80169f78,,aba3966e80169f78,43946,200,queryInfo,no_parent
1650410127,ts-travel-service,a5ddeae6407344,aba3966e80169f78,aba3966e80169f78,8521,200,GET,ts-travel-service
1650410127,ts-travel-service,6fbbf0457ce78073,aba3966e80169f78,aba3966e80169f78,2696,200,GET,ts-travel-service
1650410127,ts-travel-service,c534709288d07e3c,aba3966e80169f78,aba3966e80169f78,2626,200,GET,ts-travel-service
1650410127,ts-station-service,f4dec6f2d689c9be,3567b80cede45128,aba3966e80169f78,2467,200,queryForStationId,ts-basic-service
1650410127,ts-travel-service,5818bc4001c70e26,aba3966e80169f78,aba3966e80169f78,3962,200,GET,ts-travel-service
1650410127,ts-travel-service,988debfc1f3a8bf9,aba3966e80169f78,aba3966e80169f78,11286,200,GET,ts-travel-service
1650410127,ts-station-service,f4f789fad33d427,ec97beb9790b30bc,aba3966e80169f78,2196,200,queryForStationId,ts-basic-service
1650410127,ts-ticketinfo-service,fa1d5bbeb0c59a2,a5ddeae6407344,aba3966e80169f78,8019,200,queryForStationId,ts-travel-service
1650410127,ts-ticketinfo-service,e4c12886059562c,fa1d5bbeb0c59a2,aba3966e80169f78,5678,200,GET,ts-ticketinfo-service
1650410127,ts-ticketinfo-service,d7520393f159a40d,988debfc1f3a8bf9,aba3966e80169f78,9886,200,queryForStationId,ts-travel-service
1650410127,ts-ticketinfo-service,b2bd0049a4fffa1,d7520393f159a40d,aba3966e80169f78,7167,200,GET,ts-ticketinfo-service
1650410127,ts-travel-service,847abc67480d879c,aba3966e80169f78,aba3966e80169f78,2273,200,GET,ts-travel-service
1650410127,ts-basic-service,3567b80cede45128,70fc596b71c56c21,aba3966e80169f78,3553,200,GET,ts-basic-service
1650410127,ts-route-service,89cbe39e9dc5bdd1,847abc67480d879c,aba3966e80169f78,2113,200,queryById,ts-travel-service
1650410127,ts-route-service,c76276fce46c5ae3,c534709288d07e3c,aba3966e80169f78,2168,200,queryById,ts-travel-service
1650410127,ts-security-service,7debfabf30b7d4ad,f284ab641f82d5c6,a5dafd57162846b,14031,200,check,ts-preserve-service
1650410127,ts-preserve-service,f500ce4ded17852c,a5dafd57162846b,a5dafd57162846b,3754,200,GET,ts-preserve-service
1650410127,ts-order-other-service,455ab6988f45a85f,41e30e68128085c7,a5dafd57162846b,3268,200,securityInfoCheck,ts-security-service
1650410127,ts-basic-service,8796333122684b78,e4c12886059562c,aba3966e80169f78,4992,200,queryForStationId,ts-ticketinfo-service
1650410127,ts-preserve-service,a5dafd57162846b,,a5dafd57162846b,22190,200,preserve,no_parent
1650410127,ts-auth-service,21f1ae652c3b4631,72e21155dc71354b,72e21155dc71354b,3484,200,GET,ts-auth-service
1650410127,ts-auth-service,72e21155dc71354b,,72e21155dc71354b,107270,200,getToken,no_parent
1650410127,ts-verification-code-service,686b2bff5a8364d1,21f1ae652c3b4631,72e21155dc71354b,1747,200,verifyCode,ts-auth-service
1650410127,ts-basic-service,ec97beb9790b30bc,8796333122684b78,aba3966e80169f78,2852,200,GET,ts-basic-service
1650410127,ts-basic-service,70fc596b71c56c21,b2bd0049a4fffa1,aba3966e80169f78,5962,200,queryForStationId,ts-ticketinfo-service
1650410127,ts-assurance-service,f9d851ef013fa348,,f9d851ef013fa348,1636,200,getAllAssuranceType,no_parent
1650410187,ts-verification-code-service,1dbea9f383221566,2193bcdd2dd741aa,c1b9df9708f24003,1788,200,verifyCode,ts-auth-service
1650410187,ts-auth-service,c1b9df9708f24003,,c1b9df9708f24003,110489,200,getToken,no_parent
1650410187,ts-station-service,9c850cdc1eb1dc8,c69806430e945844,f6eb8f76556d4701,2250,200,queryForStationId,ts-basic-service
1650410187,ts-station-service,ddd05453981d681a,abc0aa97513d50e4,f6eb8f76556d4701,2400,200,queryForStationId,ts-basic-service
1650410187,ts-travel-service,740c884cc461b65a,f6eb8f76556d4701,f6eb8f76556d4701,2355,200,GET,ts-travel-service
1650410187,ts-travel-service,536cec9220a128e6,f6eb8f76556d4701,f6eb8f76556d4701,2314,200,GET,ts-travel-service
1650410187,ts-route-service,a775ba6a64525b7e,585682c638c1ff72,f6eb8f76556d4701,2701,200,queryById,ts-travel-service
1650410187,ts-travel-service,585682c638c1ff72,f6eb8f76556d4701,f6eb8f76556d4701,10704,200,GET,ts-travel-service
1650410187,ts-travel-service,82c328dc9b056675,f6eb8f76556d4701,f6eb8f76556d4701,8672,200,GET,ts-travel-service
1650410187,ts-travel-service,f6eb8f76556d4701,,f6eb8f76556d4701,51623,200,queryInfo,no_parent
1650410187,ts-travel-service,536da5a6db90b210,f6eb8f76556d4701,f6eb8f76556d4701,3045,200,GET,ts-travel-service
1650410187,ts-travel-service,45785bfc30e4a19b,f6eb8f76556d4701,f6eb8f76556d4701,2475,200,GET,ts-travel-service
1650410187,ts-route-service,3a0f2bb651d2b2d6,536cec9220a128e6,f6eb8f76556d4701,2164,200,queryById,ts-travel-service
1650410187,ts-route-service,1b11a1e0e036c967,45785bfc30e4a19b,f6eb8f76556d4701,2148,200,queryById,ts-travel-service
1650410187,ts-order-service,72c4d371b4f1fd8b,3fd5a3cd2fc32b8d,fb01e03830c73c25,3523,200,securityInfoCheck,ts-security-service
1650410187,ts-travel-service,e4d003c894eb4ff7,f6eb8f76556d4701,f6eb8f76556d4701,11478,200,GET,ts-travel-service
1650410187,ts-route-service,6865c7147c130f33,536da5a6db90b210,f6eb8f76556d4701,2555,200,queryById,ts-travel-service
1650410187,ts-basic-service,1115ccd845360c3,d0d5f346803b0574,f6eb8f76556d4701,5087,200,queryForStationId,ts-ticketinfo-service
1650410187,ts-security-service,6f00148add7d23f3,cde12ff01e8c7ad,fb01e03830c73c25,4615,200,GET,ts-security-service
1650410187,ts-security-service,3fd5a3cd2fc32b8d,cde12ff01e8c7ad,fb01e03830c73c25,4894,200,GET,ts-security-service
1650410187,ts-contacts-service,dc4347b5a8880639,c28699ee99906a81,fb01e03830c73c25,2213,200,getContactsByContactsId,ts-preserve-service
1650410187,ts-security-service,cde12ff01e8c7ad,828c443443063566,fb01e03830c73c25,14158,200,check,ts-preserve-service
1650410187,ts-route-service,a7ac80de0bf230fd,740c884cc461b65a,f6eb8f76556d4701,2197,200,queryById,ts-travel-service
1650410187,ts-ticketinfo-service,d017f58a2c0da60,e4d003c894eb4ff7,f6eb8f76556d4701,9978,200,queryForStationId,ts-travel-service
1650410187,ts-ticketinfo-service,d0d5f346803b0574,914237327feaf49f,f6eb8f76556d4701,5827,200,GET,ts-ticketinfo-service
1650410187,ts-ticketinfo-service,e18cf92a804f1423,d017f58a2c0da60,f6eb8f76556d4701,7274,200,GET,ts-ticketinfo-service
1650410187,ts-basic-service,716fb441eb5e7616,e18cf92a804f1423,f6eb8f76556d4701,6035,200,queryForStationId,ts-ticketinfo-service
1650410187,ts-basic-service,c69806430e945844,1115ccd845360c3,f6eb8f76556d4701,2940,200,GET,ts-basic-service
1650410187,ts-ticketinfo-service,914237327feaf49f,82c328dc9b056675,f6eb8f76556d4701,8242,200,queryForStationId,ts-travel-service
1650410187,ts-basic-service,abc0aa97513d50e4,716fb441eb5e7616,f6eb8f76556d4701,3564,200,GET,ts-basic-service
1650410187,ts-preserve-service,828c443443063566,fb01e03830c73c25,fb01e03830c73c25,15711,200,GET,ts-preserve-service
1650410187,ts-preserve-service,c28699ee99906a81,fb01e03830c73c25,fb01e03830c73c25,3378,200,GET,ts-preserve-service
1650410187,ts-preserve-service,fb01e03830c73c25,,fb01e03830c73c25,22036,200,preserve,no_parent
1650410187,ts-order-other-service,53e31e9f14b0c9a0,6f00148add7d23f3,fb01e03830c73c25,3218,200,securityInfoCheck,ts-security-service
1650410187,ts-auth-service,2193bcdd2dd741aa,c1b9df9708f24003,c1b9df9708f24003,3496,200,GET,ts-auth-service
1650410187,ts-assurance-service,9cfb892da2f112fc,,9cfb892da2f112fc,1667,200,getAllAssuranceType,no_parent
1650410247,ts-route-service,6540fd861d2dffa4,e68f9bba0a4038bb,96c720a9b7d11cb3,2477,200,queryById,ts-travel-service
1650410247,ts-contacts-service,25fb99f7fe78164e,5b6310ba1876ed74,12303749050db76a,2291,200,getContactsByContactsId,ts-preserve-service
1650410247,ts-security-service,94156a66af051aa0,543c5e31b5a2eefa,12303749050db76a,4652,200,GET,ts-security-service
1650410247,ts-travel-service,8f70bf907ba07438,96c720a9b7d11cb3,96c720a9b7d11cb3,2303,200,GET,ts-travel-service
1650410247,ts-travel-service,96c720a9b7d11cb3,,96c720a9b7d11cb3,44254,200,queryInfo,no_parent
1650410247,ts-station-service,2d7cfefd6c34640,74c3ae1a855b366a,96c720a9b7d11cb3,2460,200,queryForStationId,ts-basic-service
1650410247,ts-preserve-service,12303749050db76a,,12303749050db76a,21667,200,preserve,no_parent
1650410247,ts-security-service,cb0b2b3458062a1d,543c5e31b5a2eefa,12303749050db76a,4541,200,GET,ts-security-service
1650410247,ts-security-service,543c5e31b5a2eefa,95441191bbe2068c,12303749050db76a,13815,200,check,ts-preserve-service
1650410247,ts-order-other-service,4da019e670d98709,cb0b2b3458062a1d,12303749050db76a,3308,200,securityInfoCheck,ts-security-service
1650410247,ts-basic-service,f9b93c0f4962f59d,faa0ea46b2a649c9,96c720a9b7d11cb3,5325,200,queryForStationId,ts-ticketinfo-service
1650410247,ts-basic-service,74c3ae1a855b366a,f9b93c0f4962f59d,96c720a9b7d11cb3,3222,200,GET,ts-basic-service
1650410247,ts-basic-service,16fc4c4736a4fba3,42c5d6544081be72,96c720a9b7d11cb3,6171,200,queryForStationId,ts-ticketinfo-service
1650410247,ts-basic-service,32e59a52b7ad27fd,16fc4c4736a4fba3,96c720a9b7d11cb3,3594,200,GET,ts-basic-service
1650410247,ts-ticketinfo-service,faa0ea46b2a649c9,7ba0fc16e66ecbc,96c720a9b7d11cb3,6106,200,GET,ts-ticketinfo-service
1650410247,ts-ticketinfo-service,7ba0fc16e66ecbc,244320b6f1b8d546,96c720a9b7d11cb3,8579,200,queryForStationId,ts-travel-service
1650410247,ts-ticketinfo-service,9381546fdffdc5c8,4767ae3e72e6b2db,96c720a9b7d11cb3,10238,200,queryForStationId,ts-travel-service
1650410247,ts-ticketinfo-service,42c5d6544081be72,9381546fdffdc5c8,96c720a9b7d11cb3,7431,200,GET,ts-ticketinfo-service
1650410247,ts-route-service,3721f4e10ff884cb,8f70bf907ba07438,96c720a9b7d11cb3,2184,200,queryById,ts-travel-service
1650410247,ts-route-service,ba07728f8779e6d6,b23dd5d6db550501,96c720a9b7d11cb3,2213,200,queryById,ts-travel-service
1650410247,ts-route-service,b0e13ecdcbe00f05,6656c367dab6a65b,96c720a9b7d11cb3,2052,200,queryById,ts-travel-service
1650410247,ts-route-service,491ababb92570f4d,27314c844c961939,96c720a9b7d11cb3,2707,200,queryById,ts-travel-service
1650410247,ts-order-service,210eb3b37b787a7b,94156a66af051aa0,12303749050db76a,3326,200,securityInfoCheck,ts-security-service
1650410247,ts-preserve-service,5b6310ba1876ed74,12303749050db76a,12303749050db76a,3476,200,GET,ts-preserve-service
1650410247,ts-preserve-service,95441191bbe2068c,12303749050db76a,12303749050db76a,15323,200,GET,ts-preserve-service
1650410247,ts-auth-service,f695b1e80e887ca8,,f695b1e80e887ca8,105972,200,getToken,no_parent
1650410247,ts-travel-service,e68f9bba0a4038bb,96c720a9b7d11cb3,96c720a9b7d11cb3,2908,200,GET,ts-travel-service
1650410247,ts-travel-service,4767ae3e72e6b2db,96c720a9b7d11cb3,96c720a9b7d11cb3,11734,200,GET,ts-travel-service
1650410247,ts-travel-service,6656c367dab6a65b,96c720a9b7d11cb3,96c720a9b7d11cb3,2159,200,GET,ts-travel-service
1650410247,ts-auth-service,5a3aa54421ceee6,f695b1e80e887ca8,f695b1e80e887ca8,3880,200,GET,ts-auth-service
1650410247,ts-verification-code-service,a788d8eb7e64f0c8,5a3aa54421ceee6,f695b1e80e887ca8,2221,200,verifyCode,ts-auth-service
1650410247,ts-travel-service,27314c844c961939,96c720a9b7d11cb3,96c720a9b7d11cb3,3863,200,GET,ts-travel-service
1650410247,ts-travel-service,b23dd5d6db550501,96c720a9b7d11cb3,96c720a9b7d11cb3,2212,200,GET,ts-travel-service
1650410247,ts-travel-service,244320b6f1b8d546,96c720a9b7d11cb3,96c720a9b7d11cb3,9006,200,GET,ts-travel-service
1650410247,ts-assurance-service,d68ed47e768e6f1f,,d68ed47e768e6f1f,1641,200,getAllAssuranceType,no_parent
1650410247,ts-station-service,885e7c99ff522be9,32e59a52b7ad27fd,96c720a9b7d11cb3,2518,200,queryForStationId,ts-basic-service
1650410307,ts-order-service,fca4d97cf8d8ddec,8250a868515cebb0,b1ea10125850684d,3477,200,securityInfoCheck,ts-security-service
1650410307,ts-security-service,93bfb6fe3c46f231,d0840e2d1d830054,b1ea10125850684d,4664,200,GET,ts-security-service
1650410307,ts-security-service,8250a868515cebb0,d0840e2d1d830054,b1ea10125850684d,4901,200,GET,ts-security-service
1650410307,ts-security-service,d0840e2d1d830054,98c6e5f8c571fe7e,b1ea10125850684d,13934,200,check,ts-preserve-service
1650410307,ts-preserve-service,b1ea10125850684d,,b1ea10125850684d,21806,200,preserve,no_parent
1650410307,ts-preserve-service,98c6e5f8c571fe7e,b1ea10125850684d,b1ea10125850684d,15485,200,GET,ts-preserve-service
1650410307,ts-contacts-service,a3df019202f4ad92,5bfb76f95a53d549,b1ea10125850684d,2282,200,getContactsByContactsId,ts-preserve-service
1650410307,ts-preserve-service,5bfb76f95a53d549,b1ea10125850684d,b1ea10125850684d,3496,200,GET,ts-preserve-service
1650410307,ts-order-other-service,a98af82b8b0600e4,93bfb6fe3c46f231,b1ea10125850684d,3207,200,securityInfoCheck,ts-security-service
1650410307,ts-verification-code-service,6cd68ab2a193a429,b576c92239080ac4,1b589dcaa25c962,1802,200,verifyCode,ts-auth-service
1650410307,ts-auth-service,b576c92239080ac4,1b589dcaa25c962,1b589dcaa25c962,3417,200,GET,ts-auth-service
1650410307,ts-auth-service,1b589dcaa25c962,,1b589dcaa25c962,106157,200,getToken,no_parent
1650410308,ts-ticketinfo-service,45b2a74ead5027bf,259395b8d3327ad5,2b2deb093460a691,9949,200,queryForStationId,ts-travel-service
1650410308,ts-station-service,a270e4a4f252de34,796304b8749a2f39,2b2deb093460a691,2299,200,queryForStationId,ts-basic-service
1650410308,ts-travel-service,46087b43b45e8f91,2b2deb093460a691,2b2deb093460a691,2335,200,GET,ts-travel-service
1650410308,ts-ticketinfo-service,4373864a0049257f,344747a20fcfb348,2b2deb093460a691,8332,200,queryForStationId,ts-travel-service
1650410308,ts-basic-service,7e3eb6d38b7ebebc,d0c2b54fb97bb2c7,2b2deb093460a691,3831,200,GET,ts-basic-service
1650410308,ts-basic-service,d0c2b54fb97bb2c7,d2c0c8bb558bde1c,2b2deb093460a691,6093,200,queryForStationId,ts-ticketinfo-service
1650410308,ts-travel-service,344747a20fcfb348,2b2deb093460a691,2b2deb093460a691,8850,200,GET,ts-travel-service
1650410308,ts-travel-service,259395b8d3327ad5,2b2deb093460a691,2b2deb093460a691,11386,200,GET,ts-travel-service
1650410308,ts-travel-service,81445ff7b59ad4ce,2b2deb093460a691,2b2deb093460a691,2712,200,GET,ts-travel-service
1650410308,ts-basic-service,66a77ef6408e9a59,41d1dba113feb31f,2b2deb093460a691,5136,200,queryForStationId,ts-ticketinfo-service
1650410308,ts-ticketinfo-service,41d1dba113feb31f,4373864a0049257f,2b2deb093460a691,5853,200,GET,ts-ticketinfo-service
1650410308,ts-travel-service,e7a0a695262dda03,2b2deb093460a691,2b2deb093460a691,4310,200,GET,ts-travel-service
1650410308,ts-travel-service,2b2deb093460a691,,2b2deb093460a691,44931,200,queryInfo,no_parent
1650410308,ts-route-service,2f70ae3e36a3f6a9,85d481b47ff89867,2b2deb093460a691,2157,200,queryById,ts-travel-service
1650410308,ts-route-service,6ca37ddd1c4c4587,e7a0a695262dda03,2b2deb093460a691,2939,200,queryById,ts-travel-service
1650410308,ts-route-service,65e567ff29b01648,46087b43b45e8f91,2b2deb093460a691,2233,200,queryById,ts-travel-service
1650410308,ts-station-service,d4e1cf6b926ed2fc,7e3eb6d38b7ebebc,2b2deb093460a691,2854,200,queryForStationId,ts-basic-service
1650410308,ts-basic-service,796304b8749a2f39,66a77ef6408e9a59,2b2deb093460a691,2974,200,GET,ts-basic-service
1650410308,ts-travel-service,ab47c7c62d1ca3ec,2b2deb093460a691,2b2deb093460a691,2343,200,GET,ts-travel-service
1650410308,ts-travel-service,85d481b47ff89867,2b2deb093460a691,2b2deb093460a691,2640,200,GET,ts-travel-service
1650410308,ts-route-service,e6fac867f63c7101,81445ff7b59ad4ce,2b2deb093460a691,2499,200,queryById,ts-travel-service
1650410308,ts-ticketinfo-service,d2c0c8bb558bde1c,45b2a74ead5027bf,2b2deb093460a691,7164,200,GET,ts-ticketinfo-service
1650410308,ts-assurance-service,ff12f968d52a6b1c,,ff12f968d52a6b1c,1614,200,getAllAssuranceType,no_parent
1650410308,ts-route-service,1dae0cdf60dc6bc4,ab47c7c62d1ca3ec,2b2deb093460a691,2158,200,queryById,ts-travel-service
1650410369,ts-ticketinfo-service,3f26bf79f9e9c999,bdc0dfeee644c866,d9b405d0b4e618e7,5472,200,GET,ts-ticketinfo-service
1650410369,ts-ticketinfo-service,be7a9407d722ba5f,868e912c038cbbbb,d9b405d0b4e618e7,9906,200,queryForStationId,ts-travel-service
1650410369,ts-ticketinfo-service,bdc0dfeee644c866,e63914ff15055efd,d9b405d0b4e618e7,7702,200,queryForStationId,ts-travel-service
1650410369,ts-auth-service,ba6478019cf0cc70,3d73b0058f792972,3d73b0058f792972,3434,200,GET,ts-auth-service
1650410369,ts-travel-service,9f4c9dc5ef726542,d9b405d0b4e618e7,d9b405d0b4e618e7,2268,200,GET,ts-travel-service
1650410369,ts-travel-service,d9b405d0b4e618e7,,d9b405d0b4e618e7,44969,200,queryInfo,no_parent
1650410369,ts-route-service,fff3aebd7ef5d68b,44f69a5f91924c1c,d9b405d0b4e618e7,2227,200,queryById,ts-travel-service
1650410369,ts-travel-service,9db3ad3af8529646,d9b405d0b4e618e7,d9b405d0b4e618e7,2653,200,GET,ts-travel-service
1650410369,ts-travel-service,89cbb14f4a94f4ee,d9b405d0b4e618e7,d9b405d0b4e618e7,4298,200,GET,ts-travel-service
1650410369,ts-travel-service,fa500c73c4b61073,d9b405d0b4e618e7,d9b405d0b4e618e7,2244,200,GET,ts-travel-service
1650410369,ts-travel-service,e63914ff15055efd,d9b405d0b4e618e7,d9b405d0b4e618e7,8275,200,GET,ts-travel-service
1650410369,ts-travel-service,44f69a5f91924c1c,d9b405d0b4e618e7,d9b405d0b4e618e7,2637,200,GET,ts-travel-service
1650410369,ts-station-service,153ffa410c70ae26,69798b7c0a63173a,d9b405d0b4e618e7,2098,200,queryForStationId,ts-basic-service
1650410369,ts-travel-service,868e912c038cbbbb,d9b405d0b4e618e7,d9b405d0b4e618e7,11404,200,GET,ts-travel-service
1650410369,ts-basic-service,54c1abf2711509d5,7256eeb1fa840070,d9b405d0b4e618e7,3626,200,GET,ts-basic-service
1650410369,ts-basic-service,69798b7c0a63173a,1cf8e0c6e59a0ed6,d9b405d0b4e618e7,2807,200,GET,ts-basic-service
1650410369,ts-route-service,92a133f93eb7daa7,9db3ad3af8529646,d9b405d0b4e618e7,2559,200,queryById,ts-travel-service
1650410369,ts-route-service,db246f21f79d6203,89cbb14f4a94f4ee,d9b405d0b4e618e7,2989,200,queryById,ts-travel-service
1650410369,ts-route-service,160c3a603682a487,fa500c73c4b61073,d9b405d0b4e618e7,2143,200,queryById,ts-travel-service
1650410369,ts-route-service,3bc76b63e43c0fe4,9f4c9dc5ef726542,d9b405d0b4e618e7,2148,200,queryById,ts-travel-service
1650410369,ts-ticketinfo-service,5f1633372edc3e28,be7a9407d722ba5f,d9b405d0b4e618e7,7126,200,GET,ts-ticketinfo-service
1650410369,ts-basic-service,1cf8e0c6e59a0ed6,3f26bf79f9e9c999,d9b405d0b4e618e7,4743,200,queryForStationId,ts-ticketinfo-service
1650410369,ts-basic-service,7256eeb1fa840070,5f1633372edc3e28,d9b405d0b4e618e7,6012,200,queryForStationId,ts-ticketinfo-service
1650410369,ts-station-service,b18426a3217e8c0a,54c1abf2711509d5,d9b405d0b4e618e7,2468,200,queryForStationId,ts-basic-service
1650410369,ts-preserve-service,c14b680b413930e0,7ee2fb14eca83c25,7ee2fb14eca83c25,15743,200,GET,ts-preserve-service
1650410369,ts-preserve-service,4588982f0bc9e82d,7ee2fb14eca83c25,7ee2fb14eca83c25,3459,200,GET,ts-preserve-service
1650410369,ts-preserve-service,7ee2fb14eca83c25,,7ee2fb14eca83c25,22121,200,preserve,no_parent
1650410369,ts-order-other-service,7b4fb90308ea4eb1,d8ad504382e6c824,7ee2fb14eca83c25,3121,200,securityInfoCheck,ts-security-service
1650410369,ts-security-service,ea13089cfd920942,4c75ae48e63870b4,7ee2fb14eca83c25,4973,200,GET,ts-security-service
1650410369,ts-security-service,d8ad504382e6c824,4c75ae48e63870b4,7ee2fb14eca83c25,4494,200,GET,ts-security-service
1650410369,ts-security-service,4c75ae48e63870b4,c14b680b413930e0,7ee2fb14eca83c25,14066,200,check,ts-preserve-service
1650410369,ts-order-service,42fe6d336e846387,ea13089cfd920942,7ee2fb14eca83c25,3552,200,securityInfoCheck,ts-security-service
1650410369,ts-contacts-service,3a38889969fcb215,4588982f0bc9e82d,7ee2fb14eca83c25,2286,200,getContactsByContactsId,ts-preserve-service
1650410369,ts-assurance-service,6329dc5c02408a24,,6329dc5c02408a24,1592,200,getAllAssuranceType,no_parent
1650410369,ts-verification-code-service,2ebec57b83880f2,ba6478019cf0cc70,3d73b0058f792972,1703,200,verifyCode,ts-auth-service
1650410369,ts-auth-service,3d73b0058f792972,,3d73b0058f792972,117682,200,getToken,no_parent
1650410429,ts-travel-service,842e14acc52770ac,919baa01f11c0e25,919baa01f11c0e25,2609,200,GET,ts-travel-service
1650410429,ts-auth-service,16c26e67fd1b0aef,,16c26e67fd1b0aef,114400,200,getToken,no_parent
1650410429,ts-auth-service,730c259a06208656,16c26e67fd1b0aef,16c26e67fd1b0aef,3431,200,GET,ts-auth-service
1650410429,ts-verification-code-service,68aac7d0f2b72f92,730c259a06208656,16c26e67fd1b0aef,1780,200,verifyCode,ts-auth-service
1650410429,ts-station-service,b18201ebad03aa09,30d5e4dbd3694d0e,919baa01f11c0e25,2478,200,queryForStationId,ts-basic-service
1650410429,ts-ticketinfo-service,ff0dc0e2402494a8,bdc5e744cdd42a88,919baa01f11c0e25,7238,200,GET,ts-ticketinfo-service
1650410429,ts-travel-service,a0543d5e90b16665,919baa01f11c0e25,919baa01f11c0e25,4044,200,GET,ts-travel-service
1650410429,ts-travel-service,b4e3fa1b0e2ed29,919baa01f11c0e25,919baa01f11c0e25,2243,200,GET,ts-travel-service
1650410429,ts-travel-service,8fb7ad16db7d7836,919baa01f11c0e25,919baa01f11c0e25,8810,200,GET,ts-travel-service
1650410429,ts-travel-service,efa199012183b606,919baa01f11c0e25,919baa01f11c0e25,11559,200,GET,ts-travel-service
1650410429,ts-travel-service,9bd5467c177c7604,919baa01f11c0e25,919baa01f11c0e25,2283,200,GET,ts-travel-service
1650410429,ts-travel-service,919baa01f11c0e25,,919baa01f11c0e25,44781,200,queryInfo,no_parent
1650410429,ts-travel-service,167234c0e09804bb,919baa01f11c0e25,919baa01f11c0e25,2723,200,GET,ts-travel-service
1650410429,ts-ticketinfo-service,bdc5e744cdd42a88,efa199012183b606,919baa01f11c0e25,10098,200,queryForStationId,ts-travel-service
1650410429,ts-ticketinfo-service,35ff8d4e5382561c,8fb7ad16db7d7836,919baa01f11c0e25,8178,200,queryForStationId,ts-travel-service
1650410429,ts-ticketinfo-service,1b7dbec3f39c2434,35ff8d4e5382561c,919baa01f11c0e25,5865,200,GET,ts-ticketinfo-service
1650410429,ts-route-service,e55fe9f78b61f87b,b4e3fa1b0e2ed29,919baa01f11c0e25,2095,200,queryById,ts-travel-service
1650410429,ts-route-service,f4e5e7717dd543c,842e14acc52770ac,919baa01f11c0e25,2192,200,queryById,ts-travel-service
1650410429,ts-route-service,e9423c49955477e4,167234c0e09804bb,919baa01f11c0e25,2538,200,queryById,ts-travel-service
1650410429,ts-route-service,eac2f53adb75c285,9bd5467c177c7604,919baa01f11c0e25,2102,200,queryById,ts-travel-service
1650410429,ts-basic-service,30d5e4dbd3694d0e,151c06f81f009f24,919baa01f11c0e25,3705,200,GET,ts-basic-service
1650410429,ts-basic-service,151c06f81f009f24,ff0dc0e2402494a8,919baa01f11c0e25,6034,200,queryForStationId,ts-ticketinfo-service
1650410429,ts-basic-service,9341af7416c09d6,7344e2c2f549b8de,919baa01f11c0e25,2797,200,GET,ts-basic-service
1650410429,ts-basic-service,7344e2c2f549b8de,1b7dbec3f39c2434,919baa01f11c0e25,4884,200,queryForStationId,ts-ticketinfo-service
1650410429,ts-station-service,111ec0e592b02605,9341af7416c09d6,919baa01f11c0e25,2179,200,queryForStationId,ts-basic-service
1650410429,ts-contacts-service,2a7c575570bf276,3fb142f7a72038e8,c5ce13ac21d4fbe7,2524,200,getContactsByContactsId,ts-preserve-service
1650410429,ts-security-service,de10ca96c091dd19,139c6d2c03c469b8,c5ce13ac21d4fbe7,4555,200,GET,ts-security-service
1650410429,ts-security-service,197d1050bc14c704,139c6d2c03c469b8,c5ce13ac21d4fbe7,4398,200,GET,ts-security-service
1650410429,ts-route-service,9639602d7730dbd0,a0543d5e90b16665,919baa01f11c0e25,2738,200,queryById,ts-travel-service
1650410429,ts-security-service,139c6d2c03c469b8,172e6ebe7824f0f5,c5ce13ac21d4fbe7,13467,200,check,ts-preserve-service
1650410429,ts-order-service,5473c65bb77e6bdb,de10ca96c091dd19,c5ce13ac21d4fbe7,3264,200,securityInfoCheck,ts-security-service
1650410429,ts-preserve-service,172e6ebe7824f0f5,c5ce13ac21d4fbe7,c5ce13ac21d4fbe7,14957,200,GET,ts-preserve-service
1650410429,ts-preserve-service,3fb142f7a72038e8,c5ce13ac21d4fbe7,c5ce13ac21d4fbe7,3682,200,GET,ts-preserve-service
1650410429,ts-preserve-service,c5ce13ac21d4fbe7,,c5ce13ac21d4fbe7,21547,200,preserve,no_parent
1650410429,ts-order-other-service,92ae34662358d2c5,197d1050bc14c704,c5ce13ac21d4fbe7,3233,200,securityInfoCheck,ts-security-service
1650410429,ts-assurance-service,8e8710e8cde633b7,,8e8710e8cde633b7,1594,200,getAllAssuranceType,no_parent
1650410489,ts-ticketinfo-service,bf9ef5d3959ccaea,9288e74699589a7d,63d3810a94eeb77f,5361,200,GET,ts-ticketinfo-service
1650410489,ts-basic-service,ad8e97e9f07cdc45,518bbc77f8a80770,63d3810a94eeb77f,5963,200,queryForStationId,ts-ticketinfo-service
1650410489,ts-basic-service,931dd1cd7b5ae8c7,8976fabd97d27904,63d3810a94eeb77f,2788,200,GET,ts-basic-service
1650410489,ts-basic-service,8976fabd97d27904,bf9ef5d3959ccaea,63d3810a94eeb77f,4747,200,queryForStationId,ts-ticketinfo-service
1650410489,ts-basic-service,d05f5887c4edc8aa,ad8e97e9f07cdc45,63d3810a94eeb77f,3474,200,GET,ts-basic-service
1650410489,ts-station-service,9af25bc59c58a69d,d05f5887c4edc8aa,63d3810a94eeb77f,2422,200,queryForStationId,ts-basic-service
1650410489,ts-route-service,e7cf6ddf60c574c5,3aed807e9b625934,63d3810a94eeb77f,2625,200,queryById,ts-travel-service
1650410489,ts-travel-service,f7e5e9b8e105ac24,63d3810a94eeb77f,63d3810a94eeb77f,2313,200,GET,ts-travel-service
1650410489,ts-travel-service,a1eceb5f87813e54,63d3810a94eeb77f,63d3810a94eeb77f,2317,200,GET,ts-travel-service
1650410489,ts-travel-service,41b6f0a4b9353478,63d3810a94eeb77f,63d3810a94eeb77f,3014,200,GET,ts-travel-service
1650410489,ts-travel-service,3aed807e9b625934,63d3810a94eeb77f,63d3810a94eeb77f,4279,200,GET,ts-travel-service
1650410489,ts-route-service,8d67900db058a3e4,41b6f0a4b9353478,63d3810a94eeb77f,2559,200,queryById,ts-travel-service
1650410489,ts-ticketinfo-service,518bbc77f8a80770,902c507fcf52504e,63d3810a94eeb77f,7335,200,GET,ts-ticketinfo-service
1650410489,ts-station-service,a86cfe00756d03de,931dd1cd7b5ae8c7,63d3810a94eeb77f,2094,200,queryForStationId,ts-basic-service
1650410489,ts-ticketinfo-service,9288e74699589a7d,4f2160d14656198,63d3810a94eeb77f,7475,200,queryForStationId,ts-travel-service
1650410489,ts-preserve-service,39d45c222f9bfb33,fc8644ed5476d090,fc8644ed5476d090,3417,200,GET,ts-preserve-service
1650410489,ts-order-other-service,8106f1e926c71213,fb693fd6785149e,fc8644ed5476d090,3113,200,securityInfoCheck,ts-security-service
1650410489,ts-travel-service,4f2160d14656198,63d3810a94eeb77f,63d3810a94eeb77f,8035,200,GET,ts-travel-service
1650410489,ts-preserve-service,739d6e6c9d5b513e,fc8644ed5476d090,fc8644ed5476d090,15609,200,GET,ts-preserve-service
1650410489,ts-travel-service,87283ed8a6f98ee4,63d3810a94eeb77f,63d3810a94eeb77f,11618,200,GET,ts-travel-service
1650410489,ts-ticketinfo-service,902c507fcf52504e,87283ed8a6f98ee4,63d3810a94eeb77f,10155,200,queryForStationId,ts-travel-service
1650410489,ts-preserve-service,fc8644ed5476d090,,fc8644ed5476d090,21885,200,preserve,no_parent
1650410489,ts-security-service,fb693fd6785149e,fd1854fa128b12bf,fc8644ed5476d090,4528,200,GET,ts-security-service
1650410489,ts-contacts-service,2c1ccaa3eed08bb7,39d45c222f9bfb33,fc8644ed5476d090,2144,200,getContactsByContactsId,ts-preserve-service
1650410489,ts-assurance-service,eb1a366884ad5bd1,,eb1a366884ad5bd1,1603,200,getAllAssuranceType,no_parent
1650410489,ts-security-service,fd1854fa128b12bf,739d6e6c9d5b513e,fc8644ed5476d090,13975,200,check,ts-preserve-service
1650410489,ts-order-service,e40922f4bbfcd479,1155b66475eecb20,fc8644ed5476d090,3483,200,securityInfoCheck,ts-security-service
1650410489,ts-route-service,820edb196838fd5b,a1eceb5f87813e54,63d3810a94eeb77f,2176,200,queryById,ts-travel-service
1650410489,ts-route-service,17f08bde4e448069,bb0dbab2873d8034,63d3810a94eeb77f,2200,200,queryById,ts-travel-service
1650410489,ts-security-service,1155b66475eecb20,fd1854fa128b12bf,fc8644ed5476d090,4903,200,GET,ts-security-service
1650410489,ts-travel-service,bb0dbab2873d8034,63d3810a94eeb77f,63d3810a94eeb77f,2347,200,GET,ts-travel-service
1650410489,ts-route-service,f0bbd2faaa2a54e8,f7e5e9b8e105ac24,63d3810a94eeb77f,2158,200,queryById,ts-travel-service
1650410489,ts-verification-code-service,780de826500082ea,7a51378da32cc2bd,b4ae79bba1ea719,1722,200,verifyCode,ts-auth-service
1650410489,ts-travel-service,63d3810a94eeb77f,,63d3810a94eeb77f,44557,200,queryInfo,no_parent
1650410489,ts-auth-service,7a51378da32cc2bd,b4ae79bba1ea719,b4ae79bba1ea719,3551,200,GET,ts-auth-service
1650410489,ts-auth-service,b4ae79bba1ea719,,b4ae79bba1ea719,110667,200,getToken,no_parent
1650410550,ts-basic-service,bdff34aab8b251a0,6d24f9b3c88846d,b9e197405a6f03a3,3731,200,GET,ts-basic-service
1650410550,ts-order-other-service,2cf603b0c95f0f75,eec80858a9137587,b35b254eaaa3cb23,3253,200,securityInfoCheck,ts-security-service
1650410550,ts-verification-code-service,bdbd73f445ce2551,4e59de03a3badea,dd383adcebe2490b,1890,200,verifyCode,ts-auth-service
1650410550,ts-route-service,e6750ca28264dd86,57cf9e2ccf8ffa3d,b9e197405a6f03a3,2651,200,queryById,ts-travel-service
1650410550,ts-route-service,360092cb7cd97816,dee9b57d069355d1,b9e197405a6f03a3,1771,200,queryById,ts-travel-service
1650410550,ts-travel-service,28f07e2121701195,b9e197405a6f03a3,b9e197405a6f03a3,2957,200,GET,ts-travel-service
1650410550,ts-preserve-service,6e6644396c688e9,b35b254eaaa3cb23,b35b254eaaa3cb23,14521,200,GET,ts-preserve-service
1650410550,ts-preserve-service,672fcf8a767790f5,b35b254eaaa3cb23,b35b254eaaa3cb23,3402,200,GET,ts-preserve-service
1650410550,ts-preserve-service,b35b254eaaa3cb23,,b35b254eaaa3cb23,20330,200,preserve,no_parent
1650410550,ts-security-service,eec80858a9137587,c947203213a956c0,b35b254eaaa3cb23,4768,200,GET,ts-security-service
1650410550,ts-security-service,cdd8762d98467449,c947203213a956c0,b35b254eaaa3cb23,4601,200,GET,ts-security-service
1650410550,ts-contacts-service,9694735ada67efa5,672fcf8a767790f5,b35b254eaaa3cb23,2161,200,getContactsByContactsId,ts-preserve-service
1650410550,ts-order-service,8e68d1f1f82d2e40,cdd8762d98467449,b35b254eaaa3cb23,3141,200,securityInfoCheck,ts-security-service
1650410550,ts-security-service,c947203213a956c0,6e6644396c688e9,b35b254eaaa3cb23,13011,200,check,ts-preserve-service
1650410550,ts-basic-service,7c9d3100eb8f9633,1917ec8345de1280,b9e197405a6f03a3,5030,200,queryForStationId,ts-ticketinfo-service
1650410550,ts-route-service,8065d3536bd0d2df,ce4b490219dd3324,b9e197405a6f03a3,2201,200,queryById,ts-travel-service
1650410550,ts-assurance-service,8d6a09430c30fd09,,8d6a09430c30fd09,1594,200,getAllAssuranceType,no_parent
1650410550,ts-route-service,73070c1b87acecd1,28f07e2121701195,b9e197405a6f03a3,2513,200,queryById,ts-travel-service
1650410550,ts-ticketinfo-service,641c10b33a91761f,8d9d945f1fb42064,b9e197405a6f03a3,8143,200,queryForStationId,ts-travel-service
1650410550,ts-ticketinfo-service,a074d575179d4a0b,52beea099a394712,b9e197405a6f03a3,10246,200,queryForStationId,ts-travel-service
1650410550,ts-route-service,69a6e1a9e8e5c059,95258bc53212ebe4,b9e197405a6f03a3,2175,200,queryById,ts-travel-service
1650410550,ts-ticketinfo-service,d30c4088d0781a4b,a074d575179d4a0b,b9e197405a6f03a3,7502,200,GET,ts-ticketinfo-service
1650410550,ts-ticketinfo-service,1917ec8345de1280,641c10b33a91761f,b9e197405a6f03a3,5698,200,GET,ts-ticketinfo-service
1650410550,ts-travel-service,dee9b57d069355d1,b9e197405a6f03a3,b9e197405a6f03a3,1877,200,GET,ts-travel-service
1650410550,ts-travel-service,52beea099a394712,b9e197405a6f03a3,b9e197405a6f03a3,11398,200,GET,ts-travel-service
1650410550,ts-travel-service,57cf9e2ccf8ffa3d,b9e197405a6f03a3,b9e197405a6f03a3,3907,200,GET,ts-travel-service
1650410550,ts-travel-service,8d9d945f1fb42064,b9e197405a6f03a3,b9e197405a6f03a3,8537,200,GET,ts-travel-service
1650410550,ts-station-service,9227ae75ca640db9,461be5ff6b156c71,b9e197405a6f03a3,2247,200,queryForStationId,ts-basic-service
1650410550,ts-station-service,bb6b43b3af650a42,bdff34aab8b251a0,b9e197405a6f03a3,2595,200,queryForStationId,ts-basic-service
1650410550,ts-basic-service,461be5ff6b156c71,7c9d3100eb8f9633,b9e197405a6f03a3,2946,200,GET,ts-basic-service
1650410550,ts-auth-service,dd383adcebe2490b,,dd383adcebe2490b,111925,200,getToken,no_parent
1650410550,ts-auth-service,4e59de03a3badea,dd383adcebe2490b,dd383adcebe2490b,3663,200,GET,ts-auth-service
1650410550,ts-travel-service,95258bc53212ebe4,b9e197405a6f03a3,b9e197405a6f03a3,2315,200,GET,ts-travel-service
1650410550,ts-travel-service,ce4b490219dd3324,b9e197405a6f03a3,b9e197405a6f03a3,2334,200,GET,ts-travel-service
1650410550,ts-travel-service,b9e197405a6f03a3,,b9e197405a6f03a3,43149,200,queryInfo,no_parent
1650410550,ts-basic-service,6d24f9b3c88846d,d30c4088d0781a4b,b9e197405a6f03a3,6302,200,queryForStationId,ts-ticketinfo-service
1650410610,ts-auth-service,1e2ac691ab36c338,eecd5dc3e83c78e5,eecd5dc3e83c78e5,3455,200,GET,ts-auth-service
1650410610,ts-verification-code-service,2bc8a62a5cb6121f,1e2ac691ab36c338,eecd5dc3e83c78e5,1760,200,verifyCode,ts-auth-service
1650410610,ts-assurance-service,89896028c81ac2d9,,89896028c81ac2d9,1600,200,getAllAssuranceType,no_parent
1650410610,ts-route-service,479a390fab15c9f,a2d8ee7680c93308,c301168b97e6e04,2938,200,queryById,ts-travel-service
1650410610,ts-travel-service,c301168b97e6e04,,c301168b97e6e04,42635,200,queryInfo,no_parent
1650410610,ts-travel-service,d6d34bfa7ef7017b,c301168b97e6e04,c301168b97e6e04,2660,200,GET,ts-travel-service
1650410610,ts-travel-service,80c5bb38fb2be8b1,c301168b97e6e04,c301168b97e6e04,2273,200,GET,ts-travel-service
1650410610,ts-ticketinfo-service,fe7c64b3b04a5de1,ecea1f791e2a8fd9,c301168b97e6e04,9834,200,queryForStationId,ts-travel-service
1650410610,ts-ticketinfo-service,ceed75ed7f58d080,617c480fe7ebc3e0,c301168b97e6e04,6995,200,queryForStationId,ts-travel-service
1650410610,ts-basic-service,83ecb539e729854,22ccd9cc4f0292c2,c301168b97e6e04,2722,200,GET,ts-basic-service
1650410610,ts-basic-service,22ccd9cc4f0292c2,51496fa47088c16b,c301168b97e6e04,4081,200,queryForStationId,ts-ticketinfo-service
1650410610,ts-route-service,388dd15fc2891329,6821b88bd05cca13,c301168b97e6e04,2229,200,queryById,ts-travel-service
1650410610,ts-route-service,51c8b4c670057748,d6d34bfa7ef7017b,c301168b97e6e04,2511,200,queryById,ts-travel-service
1650410610,ts-route-service,6df504c0ffadf739,fa9ba6c7800ea51e,c301168b97e6e04,2150,200,queryById,ts-travel-service
1650410610,ts-route-service,a5b8e017f1e3ea17,80c5bb38fb2be8b1,c301168b97e6e04,2131,200,queryById,ts-travel-service
1650410610,ts-basic-service,a39997b756b6ecc6,72b89f43acce7bf7,c301168b97e6e04,6003,200,queryForStationId,ts-ticketinfo-service
1650410610,ts-station-service,49054f9dc7a2cadf,92cd5a9231205b5b,c301168b97e6e04,2478,200,queryForStationId,ts-basic-service
1650410610,ts-station-service,1d8d05e0a835786f,83ecb539e729854,c301168b97e6e04,2114,200,queryForStationId,ts-basic-service
1650410610,ts-travel-service,a2d8ee7680c93308,c301168b97e6e04,c301168b97e6e04,4247,200,GET,ts-travel-service
1650410610,ts-security-service,bf6d6fc3218ac9ab,f0b197bd1a0540d0,86bebbe678f9444,4517,200,GET,ts-security-service
1650410610,ts-security-service,f0b197bd1a0540d0,7e281498ca20b59c,86bebbe678f9444,13608,200,check,ts-preserve-service
1650410610,ts-contacts-service,eaa2045edb9c6940,47421209bba273,86bebbe678f9444,1866,200,getContactsByContactsId,ts-preserve-service
1650410610,ts-order-service,b00e234873173f4b,7ddfbab931d0083a,86bebbe678f9444,3556,200,securityInfoCheck,ts-security-service
1650410610,ts-ticketinfo-service,72b89f43acce7bf7,fe7c64b3b04a5de1,c301168b97e6e04,7054,200,GET,ts-ticketinfo-service
1650410610,ts-ticketinfo-service,51496fa47088c16b,ceed75ed7f58d080,c301168b97e6e04,4727,200,GET,ts-ticketinfo-service
1650410610,ts-travel-service,ecea1f791e2a8fd9,c301168b97e6e04,c301168b97e6e04,11285,200,GET,ts-travel-service
1650410610,ts-travel-service,617c480fe7ebc3e0,c301168b97e6e04,c301168b97e6e04,7462,200,GET,ts-travel-service
1650410610,ts-travel-service,6821b88bd05cca13,c301168b97e6e04,c301168b97e6e04,2600,200,GET,ts-travel-service
1650410610,ts-travel-service,fa9ba6c7800ea51e,c301168b97e6e04,c301168b97e6e04,2261,200,GET,ts-travel-service
1650410610,ts-basic-service,92cd5a9231205b5b,a39997b756b6ecc6,c301168b97e6e04,3532,200,GET,ts-basic-service
1650410610,ts-preserve-service,86bebbe678f9444,,86bebbe678f9444,21000,200,preserve,no_parent
1650410610,ts-order-other-service,e1639e33b8d32f49,bf6d6fc3218ac9ab,86bebbe678f9444,3103,200,securityInfoCheck,ts-security-service
1650410610,ts-security-service,7ddfbab931d0083a,f0b197bd1a0540d0,86bebbe678f9444,4634,200,GET,ts-security-service
1650410610,ts-preserve-service,7e281498ca20b59c,86bebbe678f9444,86bebbe678f9444,15165,200,GET,ts-preserve-service
1650410610,ts-preserve-service,47421209bba273,86bebbe678f9444,86bebbe678f9444,3157,200,GET,ts-preserve-service
1650410610,ts-auth-service,eecd5dc3e83c78e5,,eecd5dc3e83c78e5,108887,200,getToken,no_parent
1650410670,ts-ticketinfo-service,2ae97d83de460c6d,5924f4b5a5935c5f,1cf2c07a0c0cf9f5,6118,200,GET,ts-ticketinfo-service
1650410670,ts-ticketinfo-service,5924f4b5a5935c5f,88a2e60d1e212ef3,1cf2c07a0c0cf9f5,8414,200,queryForStationId,ts-travel-service
1650410670,ts-ticketinfo-service,f7bf334dab63813e,423678850c5a4552,1cf2c07a0c0cf9f5,9681,200,queryForStationId,ts-travel-service
1650410670,ts-security-service,5fcecf80ea49e21c,9cbfc8b346e884cc,58027b99d10f2a94,3409,200,GET,ts-security-service
1650410670,ts-security-service,fdd444dca6479854,9cbfc8b346e884cc,58027b99d10f2a94,4708,200,GET,ts-security-service
1650410670,ts-security-service,9cbfc8b346e884cc,8f33ef1d4605911d,58027b99d10f2a94,12577,200,check,ts-preserve-service
1650410670,ts-assurance-service,17759a86e542d8b9,,17759a86e542d8b9,1592,200,getAllAssuranceType,no_parent
1650410670,ts-preserve-service,619b8f317cdfa58a,58027b99d10f2a94,58027b99d10f2a94,3513,200,GET,ts-preserve-service
1650410670,ts-travel-service,b48bfcdab249720c,1cf2c07a0c0cf9f5,1cf2c07a0c0cf9f5,4265,200,GET,ts-travel-service
1650410670,ts-order-other-service,7d825383808e4918,5fcecf80ea49e21c,58027b99d10f2a94,2136,200,securityInfoCheck,ts-security-service
1650410670,ts-preserve-service,8f33ef1d4605911d,58027b99d10f2a94,58027b99d10f2a94,14624,200,GET,ts-preserve-service
1650410670,ts-preserve-service,58027b99d10f2a94,,58027b99d10f2a94,21103,200,preserve,no_parent
1650410670,ts-travel-service,423678850c5a4552,1cf2c07a0c0cf9f5,1cf2c07a0c0cf9f5,11280,200,GET,ts-travel-service
1650410670,ts-verification-code-service,52c9ffaca715f501,ffd9e17b6351de74,160db94980176b06,1680,200,verifyCode,ts-auth-service
1650410670,ts-auth-service,ffd9e17b6351de74,160db94980176b06,160db94980176b06,3426,200,GET,ts-auth-service
1650410670,ts-travel-service,1cf2c07a0c0cf9f5,,1cf2c07a0c0cf9f5,49600,200,queryInfo,no_parent
1650410670,ts-route-service,de43a6d824daa86f,c0411cd813eaf6c4,1cf2c07a0c0cf9f5,2214,200,queryById,ts-travel-service
1650410670,ts-route-service,face5ac82958da80,b48bfcdab249720c,1cf2c07a0c0cf9f5,8949,200,queryById,ts-travel-service
1650410670,ts-travel-service,1f74b86b928a9cb6,1cf2c07a0c0cf9f5,1cf2c07a0c0cf9f5,2186,200,GET,ts-travel-service
1650410670,ts-auth-service,160db94980176b06,,160db94980176b06,109935,200,getToken,no_parent
1650410670,ts-travel-service,bdfc7450b06d4798,1cf2c07a0c0cf9f5,1cf2c07a0c0cf9f5,2665,200,GET,ts-travel-service
1650410670,ts-order-service,4d04569d3b77723c,fdd444dca6479854,58027b99d10f2a94,3388,200,securityInfoCheck,ts-security-service
1650410670,ts-contacts-service,a950875950dc63ef,619b8f317cdfa58a,58027b99d10f2a94,2568,200,getContactsByContactsId,ts-preserve-service
1650410670,ts-station-service,8250644997b9d1da,e87de955120f43e1,1cf2c07a0c0cf9f5,2231,200,queryForStationId,ts-basic-service
1650410670,ts-basic-service,3a3e8816d7118f3d,c1ab0bea9b36a5b4,1cf2c07a0c0cf9f5,3523,200,GET,ts-basic-service
1650410670,ts-basic-service,f5f0cdcfa396e8cb,2ae97d83de460c6d,1cf2c07a0c0cf9f5,5333,200,queryForStationId,ts-ticketinfo-service
1650410670,ts-travel-service,a4ae73fdcfb931c9,1cf2c07a0c0cf9f5,1cf2c07a0c0cf9f5,2298,200,GET,ts-travel-service
1650410670,ts-basic-service,c1ab0bea9b36a5b4,e3c5e54e9b509159,1cf2c07a0c0cf9f5,5762,200,queryForStationId,ts-ticketinfo-service
1650410670,ts-station-service,933e13b18acf0646,3a3e8816d7118f3d,1cf2c07a0c0cf9f5,2504,200,queryForStationId,ts-basic-service
1650410670,ts-route-service,1420b8c8c35c9c02,bdfc7450b06d4798,1cf2c07a0c0cf9f5,2513,200,queryById,ts-travel-service
1650410670,ts-ticketinfo-service,e3c5e54e9b509159,f7bf334dab63813e,1cf2c07a0c0cf9f5,7023,200,GET,ts-ticketinfo-service
1650410670,ts-basic-service,e87de955120f43e1,f5f0cdcfa396e8cb,1cf2c07a0c0cf9f5,3138,200,GET,ts-basic-service
1650410670,ts-route-service,b35b43cfdd4b745b,1f74b86b928a9cb6,1cf2c07a0c0cf9f5,2022,200,queryById,ts-travel-service
1650410670,ts-route-service,f82cb775cdb494dd,a4ae73fdcfb931c9,1cf2c07a0c0cf9f5,1896,200,queryById,ts-travel-service
1650410670,ts-travel-service,c0411cd813eaf6c4,1cf2c07a0c0cf9f5,1cf2c07a0c0cf9f5,2328,200,GET,ts-travel-service
1650410670,ts-travel-service,88a2e60d1e212ef3,1cf2c07a0c0cf9f5,1cf2c07a0c0cf9f5,8852,200,GET,ts-travel-service
1650410730,ts-preserve-service,f8ca672442f74e7f,19e1dd41e475bec9,19e1dd41e475bec9,16058,200,GET,ts-preserve-service
1650410730,ts-verification-code-service,d542fef4b685f7c7,501fce07937050ef,990d9f06065a08ca,1946,200,verifyCode,ts-auth-service
1650410730,ts-order-service,7525f0c9fe36d2f1,f4e68322da15c12f,19e1dd41e475bec9,3557,200,securityInfoCheck,ts-security-service
1650410730,ts-security-service,4eca31e79b9339b1,f8ca672442f74e7f,19e1dd41e475bec9,14375,200,check,ts-preserve-service
1650410730,ts-security-service,b2d9bb30df11bff6,4eca31e79b9339b1,19e1dd41e475bec9,4641,200,GET,ts-security-service
1650410730,ts-contacts-service,3aa0367b0a53146c,67de41d83dc0f172,19e1dd41e475bec9,2169,200,getContactsByContactsId,ts-preserve-service
1650410730,ts-order-other-service,b237846feaa7d67e,b2d9bb30df11bff6,19e1dd41e475bec9,3325,200,securityInfoCheck,ts-security-service
1650410730,ts-preserve-service,67de41d83dc0f172,19e1dd41e475bec9,19e1dd41e475bec9,3469,200,GET,ts-preserve-service
1650410730,ts-security-service,f4e68322da15c12f,4eca31e79b9339b1,19e1dd41e475bec9,5045,200,GET,ts-security-service
1650410730,ts-auth-service,501fce07937050ef,990d9f06065a08ca,990d9f06065a08ca,3717,200,GET,ts-auth-service
1650410730,ts-auth-service,990d9f06065a08ca,,990d9f06065a08ca,110459,200,getToken,no_parent
1650410730,ts-preserve-service,19e1dd41e475bec9,,19e1dd41e475bec9,22629,200,preserve,no_parent
1650410731,ts-ticketinfo-service,559878e48b85106f,c6cd52a0213a0153,89eb273b37d1c55d,5794,200,GET,ts-ticketinfo-service
1650410731,ts-ticketinfo-service,cf57bb376a36d7a0,1a0653d6d741ee74,89eb273b37d1c55d,6576,200,GET,ts-ticketinfo-service
1650410731,ts-route-service,d5fcdf399703d9be,a2d71f0aabc41065,89eb273b37d1c55d,1615,200,queryById,ts-travel-service
1650410731,ts-travel-service,41ad57cccf5c490c,89eb273b37d1c55d,89eb273b37d1c55d,10577,200,GET,ts-travel-service
1650410731,ts-ticketinfo-service,c6cd52a0213a0153,837083dd5acaa79d,89eb273b37d1c55d,31079,200,queryForStationId,ts-travel-service
1650410731,ts-route-service,3845ef5a2a21ffc8,7a16aa227e558214,89eb273b37d1c55d,2151,200,queryById,ts-travel-service
1650410731,ts-travel-service,7a16aa227e558214,89eb273b37d1c55d,89eb273b37d1c55d,2309,200,GET,ts-travel-service
1650410731,ts-travel-service,f9e951affb56d648,89eb273b37d1c55d,89eb273b37d1c55d,1955,200,GET,ts-travel-service
1650410731,ts-travel-service,89eb273b37d1c55d,,89eb273b37d1c55d,60762,200,queryInfo,no_parent
1650410731,ts-route-service,f212836a83d2b78,8fef9afca93be2c3,89eb273b37d1c55d,1391,200,queryById,ts-travel-service
1650410731,ts-assurance-service,1bc1dcda4433b7f8,,1bc1dcda4433b7f8,1326,200,getAllAssuranceType,no_parent
1650410731,ts-travel-service,837083dd5acaa79d,89eb273b37d1c55d,89eb273b37d1c55d,31625,200,GET,ts-travel-service
1650410731,ts-basic-service,4af09c7143bc93be,cf57bb376a36d7a0,89eb273b37d1c55d,5205,200,queryForStationId,ts-ticketinfo-service
1650410731,ts-route-service,e235e9e2525e369,9d51150c9743c6e,89eb273b37d1c55d,1610,200,queryById,ts-travel-service
1650410731,ts-travel-service,9d51150c9743c6e,89eb273b37d1c55d,89eb273b37d1c55d,2480,200,GET,ts-travel-service
1650410731,ts-travel-service,a2d71f0aabc41065,89eb273b37d1c55d,89eb273b37d1c55d,1833,200,GET,ts-travel-service
1650410731,ts-travel-service,8fef9afca93be2c3,89eb273b37d1c55d,89eb273b37d1c55d,1445,200,GET,ts-travel-service
1650410731,ts-ticketinfo-service,1a0653d6d741ee74,41ad57cccf5c490c,89eb273b37d1c55d,8955,200,queryForStationId,ts-travel-service
1650410731,ts-route-service,b12e0e4e95c268c5,f9e951affb56d648,89eb273b37d1c55d,1641,200,queryById,ts-travel-service
1650410731,ts-basic-service,935c49d98ca13ded,47aadc1b77b0f2e4,89eb273b37d1c55d,2896,200,GET,ts-basic-service
1650410731,ts-station-service,9a21ce49a39f5055,935c49d98ca13ded,89eb273b37d1c55d,2188,200,queryForStationId,ts-basic-service
1650410731,ts-station-service,8f36a84a3b7514f0,7574eef7550264ad,89eb273b37d1c55d,2370,200,queryForStationId,ts-basic-service
1650410731,ts-basic-service,47aadc1b77b0f2e4,559878e48b85106f,89eb273b37d1c55d,5025,200,queryForStationId,ts-ticketinfo-service
1650410731,ts-basic-service,7574eef7550264ad,4af09c7143bc93be,89eb273b37d1c55d,3396,200,GET,ts-basic-service
1650410791,ts-contacts-service,a2bec171d5779bf8,d04ddeab9070486d,ec6014c1fd42a054,2285,200,getContactsByContactsId,ts-preserve-service
1650410791,ts-order-service,5fbef8996e25662c,273ce89268870a,ec6014c1fd42a054,3248,200,securityInfoCheck,ts-security-service
1650410791,ts-preserve-service,d04ddeab9070486d,ec6014c1fd42a054,ec6014c1fd42a054,3484,200,GET,ts-preserve-service
1650410791,ts-preserve-service,ec6014c1fd42a054,,ec6014c1fd42a054,21543,200,preserve,no_parent
1650410791,ts-auth-service,89e6e8e75571c493,2dd837b2ce4055ea,2dd837b2ce4055ea,3384,200,GET,ts-auth-service
1650410791,ts-route-service,80e1a2a85c076b78,2a14dea42db78392,7b8c6e74d5902088,2594,200,queryById,ts-travel-service
1650410791,ts-route-service,a70519694c47ec66,c05cbabc3954e473,7b8c6e74d5902088,2201,200,queryById,ts-travel-service
1650410791,ts-assurance-service,af2f38e1b08d9979,,af2f38e1b08d9979,1606,200,getAllAssuranceType,no_parent
1650410791,ts-travel-service,7b8c6e74d5902088,,7b8c6e74d5902088,50701,200,queryInfo,no_parent
1650410791,ts-route-service,62273b2f7612469c,60a90d48c3e62e60,7b8c6e74d5902088,2252,200,queryById,ts-travel-service
1650410791,ts-route-service,1ca5152b0974da19,de81339be6ba7cb8,7b8c6e74d5902088,2209,200,queryById,ts-travel-service
1650410791,ts-route-service,8d21c061f39a9d4b,c818cec5bdc7b34b,7b8c6e74d5902088,2665,200,queryById,ts-travel-service
1650410791,ts-travel-service,c05cbabc3954e473,7b8c6e74d5902088,7b8c6e74d5902088,2313,200,GET,ts-travel-service
1650410791,ts-travel-service,60a90d48c3e62e60,7b8c6e74d5902088,7b8c6e74d5902088,2390,200,GET,ts-travel-service
1650410791,ts-ticketinfo-service,7fe7f618825248d1,4e39ec506b364665,7b8c6e74d5902088,5946,200,GET,ts-ticketinfo-service
1650410791,ts-travel-service,c818cec5bdc7b34b,7b8c6e74d5902088,7b8c6e74d5902088,3993,200,GET,ts-travel-service
1650410791,ts-ticketinfo-service,4e39ec506b364665,752d264368c0feb4,7b8c6e74d5902088,8216,200,queryForStationId,ts-travel-service
1650410791,ts-travel-service,2a14dea42db78392,7b8c6e74d5902088,7b8c6e74d5902088,2995,200,GET,ts-travel-service
1650410791,ts-ticketinfo-service,d23379c9eef6d05b,bc776a1925496fdf,7b8c6e74d5902088,14467,200,GET,ts-ticketinfo-service
1650410791,ts-basic-service,c045fe3280229229,3eb8e49cd6e13dd7,7b8c6e74d5902088,10665,200,GET,ts-basic-service
1650410791,ts-basic-service,841b0ffcb3830686,7fe7f618825248d1,7b8c6e74d5902088,5195,200,queryForStationId,ts-ticketinfo-service
1650410791,ts-ticketinfo-service,bc776a1925496fdf,f196ff1651eace5c,7b8c6e74d5902088,17182,200,queryForStationId,ts-travel-service
1650410791,ts-basic-service,3eb8e49cd6e13dd7,d23379c9eef6d05b,7b8c6e74d5902088,13303,200,queryForStationId,ts-ticketinfo-service
1650410791,ts-basic-service,163ac07e020e960b,841b0ffcb3830686,7b8c6e74d5902088,3183,200,GET,ts-basic-service
1650410791,ts-travel-service,de81339be6ba7cb8,7b8c6e74d5902088,7b8c6e74d5902088,2351,200,GET,ts-travel-service
1650410791,ts-travel-service,f196ff1651eace5c,7b8c6e74d5902088,7b8c6e74d5902088,18741,200,GET,ts-travel-service
1650410791,ts-station-service,b77717b8833db041,163ac07e020e960b,7b8c6e74d5902088,2215,200,queryForStationId,ts-basic-service
1650410791,ts-station-service,ec393956a04b1aa2,c045fe3280229229,7b8c6e74d5902088,9581,200,queryForStationId,ts-basic-service
1650410791,ts-travel-service,752d264368c0feb4,7b8c6e74d5902088,7b8c6e74d5902088,8624,200,GET,ts-travel-service
1650410791,ts-security-service,273ce89268870a,9f88a60c3bb6c961,ec6014c1fd42a054,4709,200,GET,ts-security-service
1650410791,ts-security-service,9f88a60c3bb6c961,b6cbe16deace4302,ec6014c1fd42a054,13677,200,check,ts-preserve-service
1650410791,ts-security-service,6fe2f15b90ac2b4f,9f88a60c3bb6c961,ec6014c1fd42a054,4444,200,GET,ts-security-service
1650410791,ts-order-other-service,e047d29c18cef9c4,6fe2f15b90ac2b4f,ec6014c1fd42a054,3141,200,securityInfoCheck,ts-security-service
1650410791,ts-preserve-service,b6cbe16deace4302,ec6014c1fd42a054,ec6014c1fd42a054,15298,200,GET,ts-preserve-service
1650410791,ts-auth-service,2dd837b2ce4055ea,,2dd837b2ce4055ea,112955,200,getToken,no_parent
1650410791,ts-verification-code-service,fda5944e49126ff9,89e6e8e75571c493,2dd837b2ce4055ea,1719,200,verifyCode,ts-auth-service
1650410851,ts-ticketinfo-service,b5006cc1a3009419,452522bea017f3b6,3537b1fee2168dc5,7235,200,GET,ts-ticketinfo-service
1650410851,ts-basic-service,776a9480c9325134,f28bc8f8ad43cb20,3537b1fee2168dc5,4636,200,queryForStationId,ts-ticketinfo-service
1650410851,ts-ticketinfo-service,1791bfe3b9777101,8c842ce35faacf16,3537b1fee2168dc5,7472,200,queryForStationId,ts-travel-service
1650410851,ts-basic-service,836aa2d49aea94c3,776a9480c9325134,3537b1fee2168dc5,2697,200,GET,ts-basic-service
1650410851,ts-security-service,755374e0b6585e5c,78162dd10d1e84c7,e9fcf9b94bacf2c5,4872,200,GET,ts-security-service
1650410851,ts-travel-service,3ef8c149d63003cb,3537b1fee2168dc5,3537b1fee2168dc5,2250,200,GET,ts-travel-service
1650410851,ts-route-service,e364276ac66e01ed,ea265b7177c4ac13,3537b1fee2168dc5,2615,200,queryById,ts-travel-service
1650410851,ts-route-service,bb7b8faab962ed35,c423aa61971af61e,3537b1fee2168dc5,2353,200,queryById,ts-travel-service
1650410851,ts-route-service,4f21a61b01d00cee,e6ab6b2c6caafa07,3537b1fee2168dc5,2184,200,queryById,ts-travel-service
1650410851,ts-basic-service,b95a373fc4095383,b5006cc1a3009419,3537b1fee2168dc5,5992,200,queryForStationId,ts-ticketinfo-service
1650410851,ts-basic-service,da66bb6939a89918,b95a373fc4095383,3537b1fee2168dc5,3749,200,GET,ts-basic-service
1650410851,ts-ticketinfo-service,f28bc8f8ad43cb20,1791bfe3b9777101,3537b1fee2168dc5,5310,200,GET,ts-ticketinfo-service
1650410851,ts-route-service,961428ca7beae555,3ef8c149d63003cb,3537b1fee2168dc5,2134,200,queryById,ts-travel-service
1650410851,ts-ticketinfo-service,452522bea017f3b6,937b7b99ce035746,3537b1fee2168dc5,9722,200,queryForStationId,ts-travel-service
1650410851,ts-travel-service,4a03e90385cffc43,3537b1fee2168dc5,3537b1fee2168dc5,2291,200,GET,ts-travel-service
1650410851,ts-travel-service,3537b1fee2168dc5,,3537b1fee2168dc5,41923,200,queryInfo,no_parent
1650410851,ts-route-service,ed5168f0e0bb729a,4a03e90385cffc43,3537b1fee2168dc5,2136,200,queryById,ts-travel-service
1650410851,ts-travel-service,937b7b99ce035746,3537b1fee2168dc5,3537b1fee2168dc5,11241,200,GET,ts-travel-service
1650410851,ts-travel-service,ea265b7177c4ac13,3537b1fee2168dc5,3537b1fee2168dc5,3058,200,GET,ts-travel-service
1650410851,ts-travel-service,8c842ce35faacf16,3537b1fee2168dc5,3537b1fee2168dc5,8000,200,GET,ts-travel-service
1650410851,ts-travel-service,c423aa61971af61e,3537b1fee2168dc5,3537b1fee2168dc5,3714,200,GET,ts-travel-service
1650410851,ts-travel-service,e6ab6b2c6caafa07,3537b1fee2168dc5,3537b1fee2168dc5,2339,200,GET,ts-travel-service
1650410851,ts-order-other-service,f158b37ff6c05348,d472b68e6e5a7af6,e9fcf9b94bacf2c5,6586,200,securityInfoCheck,ts-security-service
1650410851,ts-assurance-service,4f5c09070fba64,,4f5c09070fba64,1586,200,getAllAssuranceType,no_parent
1650410851,ts-station-service,b8ffc9ef1d1adfe,836aa2d49aea94c3,3537b1fee2168dc5,2006,200,queryForStationId,ts-basic-service
1650410851,ts-security-service,d472b68e6e5a7af6,78162dd10d1e84c7,e9fcf9b94bacf2c5,8341,200,GET,ts-security-service
1650410851,ts-contacts-service,b9dc0c100282517,edca6feb187e9973,e9fcf9b94bacf2c5,2270,200,getContactsByContactsId,ts-preserve-service
1650410851,ts-security-service,78162dd10d1e84c7,1d847ecf3342f40b,e9fcf9b94bacf2c5,17770,200,check,ts-preserve-service
1650410851,ts-station-service,7a62721c5d0c8146,da66bb6939a89918,3537b1fee2168dc5,2348,200,queryForStationId,ts-basic-service
1650410851,ts-preserve-service,1d847ecf3342f40b,e9fcf9b94bacf2c5,e9fcf9b94bacf2c5,19223,200,GET,ts-preserve-service
1650410851,ts-preserve-service,e9fcf9b94bacf2c5,,e9fcf9b94bacf2c5,25147,200,preserve,no_parent
1650410851,ts-order-service,b2acdb73040d1681,755374e0b6585e5c,e9fcf9b94bacf2c5,3535,200,securityInfoCheck,ts-security-service
1650410851,ts-preserve-service,edca6feb187e9973,e9fcf9b94bacf2c5,e9fcf9b94bacf2c5,3423,200,GET,ts-preserve-service
1650410851,ts-auth-service,82a4736104d267d7,322cc82e96c595b,322cc82e96c595b,3354,200,GET,ts-auth-service
1650410851,ts-auth-service,322cc82e96c595b,,322cc82e96c595b,110331,200,getToken,no_parent
1650410851,ts-verification-code-service,58ea9cd982d12eef,82a4736104d267d7,322cc82e96c595b,1723,200,verifyCode,ts-auth-service
1650410911,ts-preserve-service,393b8a34b4d441f0,7aa52b645972dce,7aa52b645972dce,3727,200,GET,ts-preserve-service
1650410911,ts-preserve-service,7aa52b645972dce,,7aa52b645972dce,22650,200,preserve,no_parent
1650410911,ts-auth-service,5376716137bf4110,,5376716137bf4110,112563,200,getToken,no_parent
1650410911,ts-ticketinfo-service,796493de0a30afb8,9666ad61f35f1eea,9577f21ac69c2cd9,12909,200,queryForStationId,ts-travel-service
1650410911,ts-verification-code-service,78f3bec0fe5c37b9,bf5c0735e82e5a26,5376716137bf4110,1727,200,verifyCode,ts-auth-service
1650410911,ts-auth-service,bf5c0735e82e5a26,5376716137bf4110,5376716137bf4110,5967,200,GET,ts-auth-service
1650410911,ts-travel-service,9577f21ac69c2cd9,,9577f21ac69c2cd9,43515,200,queryInfo,no_parent
1650410911,ts-order-other-service,81b965da6cb00192,67b02507e7472b00,7aa52b645972dce,3657,200,securityInfoCheck,ts-security-service
1650410911,ts-order-service,7890c29f100a0772,92a44b801defd0d2,7aa52b645972dce,3466,200,securityInfoCheck,ts-security-service
1650410911,ts-preserve-service,7c449eab7b80e2da,7aa52b645972dce,7aa52b645972dce,15942,200,GET,ts-preserve-service
1650410911,ts-security-service,92a44b801defd0d2,cafac0e4ccae5804,7aa52b645972dce,4812,200,GET,ts-security-service
1650410911,ts-security-service,67b02507e7472b00,cafac0e4ccae5804,7aa52b645972dce,4940,200,GET,ts-security-service
1650410911,ts-security-service,cafac0e4ccae5804,7c449eab7b80e2da,7aa52b645972dce,14255,200,check,ts-preserve-service
1650410911,ts-contacts-service,1d30333bd8433b14,393b8a34b4d441f0,7aa52b645972dce,2470,200,getContactsByContactsId,ts-preserve-service
1650410911,ts-ticketinfo-service,560c9337e0d5d2e2,796493de0a30afb8,9577f21ac69c2cd9,9707,200,GET,ts-ticketinfo-service
1650410911,ts-travel-service,9666ad61f35f1eea,9577f21ac69c2cd9,9577f21ac69c2cd9,14369,200,GET,ts-travel-service
1650410912,ts-ticketinfo-service,4f2a6c9058ad695d,fe11fc8e89a3a73f,9577f21ac69c2cd9,4878,200,GET,ts-ticketinfo-service
1650410912,ts-station-service,39f66d853583ef1f,db6dc5e756c72131,9577f21ac69c2cd9,1840,200,queryForStationId,ts-basic-service
1650410912,ts-basic-service,db6dc5e756c72131,94c91f54be4ef60d,9577f21ac69c2cd9,2471,200,GET,ts-basic-service
1650410912,ts-basic-service,bb3da416318e19f6,560c9337e0d5d2e2,9577f21ac69c2cd9,8226,200,queryForStationId,ts-ticketinfo-service
1650410912,ts-ticketinfo-service,fe11fc8e89a3a73f,9c1f5e8dc52fad06,9577f21ac69c2cd9,6670,200,queryForStationId,ts-travel-service
1650410912,ts-basic-service,8b386bcffea0092,bb3da416318e19f6,9577f21ac69c2cd9,4804,200,GET,ts-basic-service
1650410912,ts-travel-service,1c0a4188bfa39784,9577f21ac69c2cd9,9577f21ac69c2cd9,2380,200,GET,ts-travel-service
1650410912,ts-assurance-service,f8b5cdbaef43edc6,,f8b5cdbaef43edc6,1608,200,getAllAssuranceType,no_parent
1650410912,ts-basic-service,94c91f54be4ef60d,4f2a6c9058ad695d,9577f21ac69c2cd9,4257,200,queryForStationId,ts-ticketinfo-service
1650410912,ts-station-service,1f71eabe5d61abbd,8b386bcffea0092,9577f21ac69c2cd9,3571,200,queryForStationId,ts-basic-service
1650410912,ts-travel-service,9c1f5e8dc52fad06,9577f21ac69c2cd9,9577f21ac69c2cd9,7099,200,GET,ts-travel-service
1650410912,ts-travel-service,c6508b395403edad,9577f21ac69c2cd9,9577f21ac69c2cd9,4199,200,GET,ts-travel-service
1650410912,ts-travel-service,93c857ac991f7eba,9577f21ac69c2cd9,9577f21ac69c2cd9,2097,200,GET,ts-travel-service
1650410912,ts-travel-service,206582049675bccc,9577f21ac69c2cd9,9577f21ac69c2cd9,2262,200,GET,ts-travel-service
1650410912,ts-route-service,b7489de83af98253,206582049675bccc,9577f21ac69c2cd9,2037,200,queryById,ts-travel-service
1650410912,ts-route-service,e2b2f84d1c88b140,40ee37ec22ab9362,9577f21ac69c2cd9,1808,200,queryById,ts-travel-service
1650410912,ts-route-service,491b4be122caf59b,c6508b395403edad,9577f21ac69c2cd9,3106,200,queryById,ts-travel-service
1650410912,ts-travel-service,40ee37ec22ab9362,9577f21ac69c2cd9,9577f21ac69c2cd9,1857,200,GET,ts-travel-service
1650410912,ts-route-service,956c877f37dbf49c,93c857ac991f7eba,9577f21ac69c2cd9,1982,200,queryById,ts-travel-service
1650410912,ts-route-service,428c93ec26db5046,1c0a4188bfa39784,9577f21ac69c2cd9,2005,200,queryById,ts-travel-service
1650410972,ts-route-service,f72ad4286f0f54c0,a72c66269dfb8271,1ebf34be792d09a1,2199,200,queryById,ts-travel-service
1650410972,ts-route-service,465e785f67dbca26,d4073a2c22571d04,1ebf34be792d09a1,2495,200,queryById,ts-travel-service
1650410972,ts-ticketinfo-service,4ab51c91b2b717b0,68bfad94b9d2d9df,1ebf34be792d09a1,7864,200,queryForStationId,ts-travel-service
1650410972,ts-verification-code-service,f4095fe577cdf363,1edd6bebc74c2ae7,c05ab0cbf78abfdf,1742,200,verifyCode,ts-auth-service
1650410972,ts-auth-service,1edd6bebc74c2ae7,c05ab0cbf78abfdf,c05ab0cbf78abfdf,3479,200,GET,ts-auth-service
1650410972,ts-auth-service,c05ab0cbf78abfdf,,c05ab0cbf78abfdf,107505,200,getToken,no_parent
1650410972,ts-security-service,3dfc02e413474ac5,ca698b2d86940e3e,904ba645636e8ee5,4978,200,GET,ts-security-service
1650410972,ts-travel-service,1ebf34be792d09a1,,1ebf34be792d09a1,43046,200,queryInfo,no_parent
1650410972,ts-travel-service,bfac77e742987eb6,1ebf34be792d09a1,1ebf34be792d09a1,2341,200,GET,ts-travel-service
1650410972,ts-route-service,b390bcf82020f79d,a8e8f13cc84eeb55,1ebf34be792d09a1,2131,200,queryById,ts-travel-service
1650410972,ts-route-service,f16ab66c750ee89a,23d0e1614cf8c999,1ebf34be792d09a1,2859,200,queryById,ts-travel-service
1650410972,ts-route-service,915459e3839dd321,bfac77e742987eb6,1ebf34be792d09a1,2227,200,queryById,ts-travel-service
1650410972,ts-order-service,dd0cd1d1460826f2,3dfc02e413474ac5,904ba645636e8ee5,3546,200,securityInfoCheck,ts-security-service
1650410972,ts-preserve-service,f89c44315ac39e86,904ba645636e8ee5,904ba645636e8ee5,16084,200,GET,ts-preserve-service
1650410972,ts-preserve-service,36c1d508cb08f25e,904ba645636e8ee5,904ba645636e8ee5,3316,200,GET,ts-preserve-service
1650410972,ts-preserve-service,904ba645636e8ee5,,904ba645636e8ee5,22259,200,preserve,no_parent
1650410972,ts-order-other-service,85f1aba7cdb6219f,f1c447e69f8f24,904ba645636e8ee5,3537,200,securityInfoCheck,ts-security-service
1650410972,ts-security-service,f1c447e69f8f24,ca698b2d86940e3e,904ba645636e8ee5,4844,200,GET,ts-security-service
1650410972,ts-security-service,ca698b2d86940e3e,f89c44315ac39e86,904ba645636e8ee5,14442,200,check,ts-preserve-service
1650410972,ts-travel-service,a72c66269dfb8271,1ebf34be792d09a1,1ebf34be792d09a1,2280,200,GET,ts-travel-service
1650410972,ts-station-service,caf21dfba06b28d7,5feb1a6db080d633,1ebf34be792d09a1,2437,200,queryForStationId,ts-basic-service
1650410972,ts-travel-service,88ddd331f84d1973,1ebf34be792d09a1,1ebf34be792d09a1,11307,200,GET,ts-travel-service
1650410972,ts-travel-service,23d0e1614cf8c999,1ebf34be792d09a1,1ebf34be792d09a1,4174,200,GET,ts-travel-service
1650410972,ts-travel-service,a8e8f13cc84eeb55,1ebf34be792d09a1,1ebf34be792d09a1,2562,200,GET,ts-travel-service
1650410972,ts-travel-service,68bfad94b9d2d9df,1ebf34be792d09a1,1ebf34be792d09a1,8427,200,GET,ts-travel-service
1650410972,ts-travel-service,d4073a2c22571d04,1ebf34be792d09a1,1ebf34be792d09a1,2630,200,GET,ts-travel-service
1650410972,ts-assurance-service,4de15babcad7f223,,4de15babcad7f223,1619,200,getAllAssuranceType,no_parent
1650410972,ts-basic-service,6d534c4d98e47859,2e40dc63d8c754af,1ebf34be792d09a1,4932,200,queryForStationId,ts-ticketinfo-service
1650410972,ts-station-service,9cece04a88b5535c,12b5640ad599f6fa,1ebf34be792d09a1,2093,200,queryForStationId,ts-basic-service
1650410972,ts-basic-service,5feb1a6db080d633,abaf6ac815599f05,1ebf34be792d09a1,3519,200,GET,ts-basic-service
1650410972,ts-basic-service,abaf6ac815599f05,9bd017970bde1b2,1ebf34be792d09a1,5998,200,queryForStationId,ts-ticketinfo-service
1650410972,ts-basic-service,12b5640ad599f6fa,6d534c4d98e47859,1ebf34be792d09a1,2754,200,GET,ts-basic-service
1650410972,ts-ticketinfo-service,9bd017970bde1b2,9a736e4e76db1f12,1ebf34be792d09a1,7194,200,GET,ts-ticketinfo-service
1650410972,ts-ticketinfo-service,9a736e4e76db1f12,88ddd331f84d1973,1ebf34be792d09a1,9822,200,queryForStationId,ts-travel-service
1650410972,ts-ticketinfo-service,2e40dc63d8c754af,4ab51c91b2b717b0,1ebf34be792d09a1,5691,200,GET,ts-ticketinfo-service
1650410972,ts-contacts-service,1320e6005b8d6a9d,36c1d508cb08f25e,904ba645636e8ee5,2075,200,getContactsByContactsId,ts-preserve-service
1650411032,ts-order-service,2e317418bda9a31c,9a92c3b6fc9d02a6,319f0c8941455fc5,3276,200,securityInfoCheck,ts-security-service
1650411032,ts-preserve-service,2c2e51f0c9436a1e,319f0c8941455fc5,319f0c8941455fc5,15921,200,GET,ts-preserve-service
1650411032,ts-station-service,e6e1d39057813209,4f8880ef3f1aa77,94931043fc1e06ec,2660,200,queryForStationId,ts-basic-service
1650411032,ts-travel-service,d911e0ecbb6a85d3,94931043fc1e06ec,94931043fc1e06ec,3989,200,GET,ts-travel-service
1650411032,ts-travel-service,add0c7c6ac8f5dc3,94931043fc1e06ec,94931043fc1e06ec,11984,200,GET,ts-travel-service
1650411032,ts-travel-service,3d08d1259ac3ed82,94931043fc1e06ec,94931043fc1e06ec,2297,200,GET,ts-travel-service
1650411032,ts-route-service,b56dbdff4b03b11c,d911e0ecbb6a85d3,94931043fc1e06ec,2688,200,queryById,ts-travel-service
1650411032,ts-route-service,21d12fd41546633d,3d08d1259ac3ed82,94931043fc1e06ec,2191,200,queryById,ts-travel-service
1650411032,ts-basic-service,4f8880ef3f1aa77,aa897a2baf9e5be3,94931043fc1e06ec,3753,200,GET,ts-basic-service
1650411032,ts-basic-service,e1db7e2ba3d31d97,cfdc4a99482f4fe9,94931043fc1e06ec,3000,200,GET,ts-basic-service
1650411032,ts-basic-service,aa897a2baf9e5be3,6cbcd53956b9d487,94931043fc1e06ec,6385,200,queryForStationId,ts-ticketinfo-service
1650411032,ts-basic-service,cfdc4a99482f4fe9,5c3a436a19abdd7b,94931043fc1e06ec,5017,200,queryForStationId,ts-ticketinfo-service
1650411032,ts-station-service,83c43539ac3ae805,e1db7e2ba3d31d97,94931043fc1e06ec,2300,200,queryForStationId,ts-basic-service
1650411032,ts-route-service,da20aa57e367ea3,6fb4f9d3a3ebbc57,94931043fc1e06ec,2140,200,queryById,ts-travel-service
1650411032,ts-ticketinfo-service,3d7015630ff739df,add0c7c6ac8f5dc3,94931043fc1e06ec,10289,200,queryForStationId,ts-travel-service
1650411032,ts-ticketinfo-service,6cbcd53956b9d487,3d7015630ff739df,94931043fc1e06ec,7548,200,GET,ts-ticketinfo-service
1650411032,ts-ticketinfo-service,5c3a436a19abdd7b,299e322eaa260d6e,94931043fc1e06ec,5796,200,GET,ts-ticketinfo-service
1650411032,ts-ticketinfo-service,299e322eaa260d6e,b4e16c9efc6d55a2,94931043fc1e06ec,8078,200,queryForStationId,ts-travel-service
1650411032,ts-security-service,ada38a42c585bbdd,eb22bd773e87e0fd,319f0c8941455fc5,5118,200,GET,ts-security-service
1650411032,ts-order-other-service,515dae6e8853ec7d,ada38a42c585bbdd,319f0c8941455fc5,3685,200,securityInfoCheck,ts-security-service
1650411032,ts-security-service,9a92c3b6fc9d02a6,eb22bd773e87e0fd,319f0c8941455fc5,4628,200,GET,ts-security-service
1650411032,ts-travel-service,b4e16c9efc6d55a2,94931043fc1e06ec,94931043fc1e06ec,8509,200,GET,ts-travel-service
1650411032,ts-travel-service,b8d36639555c5bef,94931043fc1e06ec,94931043fc1e06ec,2670,200,GET,ts-travel-service
1650411032,ts-travel-service,6fb4f9d3a3ebbc57,94931043fc1e06ec,94931043fc1e06ec,2316,200,GET,ts-travel-service
1650411032,ts-travel-service,94931043fc1e06ec,,94931043fc1e06ec,43864,200,queryInfo,no_parent
1650411032,ts-travel-service,1e90fec6e014753f,94931043fc1e06ec,94931043fc1e06ec,2603,200,GET,ts-travel-service
1650411032,ts-route-service,b7d36b855a0e6b31,1e90fec6e014753f,94931043fc1e06ec,2184,200,queryById,ts-travel-service
1650411032,ts-route-service,84bd360d20193081,b8d36639555c5bef,94931043fc1e06ec,2525,200,queryById,ts-travel-service
1650411032,ts-contacts-service,2de00016071c36de,7518f2e244a95d8,319f0c8941455fc5,2510,200,getContactsByContactsId,ts-preserve-service
1650411032,ts-preserve-service,7518f2e244a95d8,319f0c8941455fc5,319f0c8941455fc5,3833,200,GET,ts-preserve-service
1650411032,ts-preserve-service,319f0c8941455fc5,,319f0c8941455fc5,22580,200,preserve,no_parent
1650411032,ts-security-service,eb22bd773e87e0fd,2c2e51f0c9436a1e,319f0c8941455fc5,14334,200,check,ts-preserve-service
1650411032,ts-auth-service,c59024e40eb441ff,882003f4dba679fb,882003f4dba679fb,2758,200,GET,ts-auth-service
1650411032,ts-verification-code-service,f4a4998410e1615b,c59024e40eb441ff,882003f4dba679fb,928,200,verifyCode,ts-auth-service
1650411032,ts-auth-service,882003f4dba679fb,,882003f4dba679fb,106709,200,getToken,no_parent
1650411032,ts-assurance-service,b6ada92eec12d463,,b6ada92eec12d463,1598,200,getAllAssuranceType,no_parent
1650411092,ts-ticketinfo-service,2ba0c4a4383e5fd9,f8c450c271503974,f525a85afd47fd7e,7571,200,queryForStationId,ts-travel-service
1650411092,ts-travel-service,ecc05deda2c8420b,f525a85afd47fd7e,f525a85afd47fd7e,2259,200,GET,ts-travel-service
1650411092,ts-travel-service,557c2b9a8b834c4b,f525a85afd47fd7e,f525a85afd47fd7e,11100,200,GET,ts-travel-service
1650411092,ts-travel-service,4477dd020766e78e,f525a85afd47fd7e,f525a85afd47fd7e,2310,200,GET,ts-travel-service
1650411092,ts-basic-service,c02bc855f8d88dfb,307a2d143aac550d,f525a85afd47fd7e,4712,200,queryForStationId,ts-ticketinfo-service
1650411092,ts-station-service,1f6b31c07e9b29ce,c63175bc95a91bdd,f525a85afd47fd7e,2240,200,queryForStationId,ts-basic-service
1650411092,ts-station-service,83d46ba1362fc0d3,d56348df0450c2fa,f525a85afd47fd7e,2091,200,queryForStationId,ts-basic-service
1650411092,ts-route-service,c088b671fd31a6aa,643a8a279ad1e9a0,f525a85afd47fd7e,2656,200,queryById,ts-travel-service
1650411092,ts-travel-service,bb72f88c88b934ca,f525a85afd47fd7e,f525a85afd47fd7e,2310,200,GET,ts-travel-service
1650411092,ts-travel-service,f525a85afd47fd7e,,f525a85afd47fd7e,42518,200,queryInfo,no_parent
1650411092,ts-route-service,41cfeaffedd660f0,ef7f9c86a67ce564,f525a85afd47fd7e,2568,200,queryById,ts-travel-service
1650411092,ts-route-service,644d2f023d86880f,bb72f88c88b934ca,f525a85afd47fd7e,2198,200,queryById,ts-travel-service
1650411092,ts-ticketinfo-service,5a99c819e66a528b,2ff6812f3ee81633,f525a85afd47fd7e,7004,200,GET,ts-ticketinfo-service
1650411092,ts-ticketinfo-service,2ff6812f3ee81633,557c2b9a8b834c4b,f525a85afd47fd7e,9596,200,queryForStationId,ts-travel-service
1650411092,ts-ticketinfo-service,307a2d143aac550d,2ba0c4a4383e5fd9,f525a85afd47fd7e,5440,200,GET,ts-ticketinfo-service
1650411092,ts-route-service,b6eebb6687a83a1c,4477dd020766e78e,f525a85afd47fd7e,2127,200,queryById,ts-travel-service
1650411092,ts-travel-service,f8c450c271503974,f525a85afd47fd7e,f525a85afd47fd7e,8076,200,GET,ts-travel-service
1650411092,ts-travel-service,643a8a279ad1e9a0,f525a85afd47fd7e,f525a85afd47fd7e,3975,200,GET,ts-travel-service
1650411092,ts-route-service,4584d507d33fcc1e,ecc05deda2c8420b,f525a85afd47fd7e,2152,200,queryById,ts-travel-service
1650411092,ts-auth-service,382adb7c52ddffea,8f2e7109aaf4ba7d,8f2e7109aaf4ba7d,4380,200,GET,ts-auth-service
1650411092,ts-assurance-service,a4bbcf84ba704bf0,,a4bbcf84ba704bf0,1590,200,getAllAssuranceType,no_parent
1650411092,ts-order-service,107dfdf26eb2d3d5,8c14db1bf2392136,7966c095616f5c42,3352,200,securityInfoCheck,ts-security-service
1650411092,ts-verification-code-service,ea4ad4eeb52a4e66,382adb7c52ddffea,8f2e7109aaf4ba7d,1935,200,verifyCode,ts-auth-service
1650411092,ts-basic-service,f19641b6f47980e1,5a99c819e66a528b,f525a85afd47fd7e,5902,200,queryForStationId,ts-ticketinfo-service
1650411092,ts-basic-service,c63175bc95a91bdd,f19641b6f47980e1,f525a85afd47fd7e,3369,200,GET,ts-basic-service
1650411092,ts-travel-service,ef7f9c86a67ce564,f525a85afd47fd7e,f525a85afd47fd7e,3003,200,GET,ts-travel-service
1650411092,ts-preserve-service,7966c095616f5c42,,7966c095616f5c42,21988,200,preserve,no_parent
1650411092,ts-preserve-service,4033ad32e65e3eea,7966c095616f5c42,7966c095616f5c42,3451,200,GET,ts-preserve-service
1650411092,ts-preserve-service,3c2ba6b9f0f60fbc,7966c095616f5c42,7966c095616f5c42,15605,200,GET,ts-preserve-service
1650411092,ts-security-service,8c14db1bf2392136,1dd12efd81b12f13,7966c095616f5c42,4665,200,GET,ts-security-service
1650411092,ts-order-other-service,cb9dcaf45c5e5454,f2421d902c42c519,7966c095616f5c42,3674,200,securityInfoCheck,ts-security-service
1650411092,ts-contacts-service,37262276675784ed,4033ad32e65e3eea,7966c095616f5c42,2208,200,getContactsByContactsId,ts-preserve-service
1650411092,ts-security-service,1dd12efd81b12f13,3c2ba6b9f0f60fbc,7966c095616f5c42,14061,200,check,ts-preserve-service
1650411092,ts-security-service,f2421d902c42c519,1dd12efd81b12f13,7966c095616f5c42,4906,200,GET,ts-security-service
1650411092,ts-basic-service,d56348df0450c2fa,c02bc855f8d88dfb,f525a85afd47fd7e,2773,200,GET,ts-basic-service
1650411092,ts-auth-service,8f2e7109aaf4ba7d,,8f2e7109aaf4ba7d,111840,200,getToken,no_parent
1650411152,ts-preserve-service,217a48de10bcc2d1,d86755d6c83136ca,d86755d6c83136ca,15681,200,GET,ts-preserve-service
1650411152,ts-order-other-service,c83d1e8a83046e8,895ab95585f5cc27,d86755d6c83136ca,3712,200,securityInfoCheck,ts-security-service
1650411152,ts-auth-service,e58dd1435f9645e4,,e58dd1435f9645e4,112646,200,getToken,no_parent
1650411152,ts-preserve-service,d86755d6c83136ca,,d86755d6c83136ca,22083,200,preserve,no_parent
1650411152,ts-security-service,8ecee44c32c86b8f,217a48de10bcc2d1,d86755d6c83136ca,14112,200,check,ts-preserve-service
1650411152,ts-preserve-service,5c6dacde2514bd3d,d86755d6c83136ca,d86755d6c83136ca,3506,200,GET,ts-preserve-service
1650411152,ts-order-service,251b537e518236d5,7a80c9392028eec3,d86755d6c83136ca,3225,200,securityInfoCheck,ts-security-service
1650411152,ts-contacts-service,57dcab011cd6a13,5c6dacde2514bd3d,d86755d6c83136ca,2236,200,getContactsByContactsId,ts-preserve-service
1650411152,ts-security-service,7a80c9392028eec3,8ecee44c32c86b8f,d86755d6c83136ca,4588,200,GET,ts-security-service
1650411152,ts-security-service,895ab95585f5cc27,8ecee44c32c86b8f,d86755d6c83136ca,4943,200,GET,ts-security-service
1650411152,ts-auth-service,1eb39e9be9ebd03f,e58dd1435f9645e4,e58dd1435f9645e4,3470,200,GET,ts-auth-service
1650411152,ts-verification-code-service,3f722a55a3316133,1eb39e9be9ebd03f,e58dd1435f9645e4,1671,200,verifyCode,ts-auth-service
1650411153,ts-ticketinfo-service,41e6c66fd6587d0c,35dd59b257c3767,472d8ecbc4b9bb30,7543,200,queryForStationId,ts-travel-service
1650411153,ts-route-service,a8c835757a94f8be,6f46441be50ee85b,472d8ecbc4b9bb30,8794,200,queryById,ts-travel-service
1650411153,ts-travel-service,6f46441be50ee85b,472d8ecbc4b9bb30,472d8ecbc4b9bb30,9220,200,GET,ts-travel-service
1650411153,ts-travel-service,472d8ecbc4b9bb30,,472d8ecbc4b9bb30,48443,200,queryInfo,no_parent
1650411153,ts-travel-service,49f6018226ca2316,472d8ecbc4b9bb30,472d8ecbc4b9bb30,2229,200,GET,ts-travel-service
1650411153,ts-travel-service,e1ca9f1df31f7519,472d8ecbc4b9bb30,472d8ecbc4b9bb30,2305,200,GET,ts-travel-service
1650411153,ts-basic-service,9c32b5dcef89104f,c38c798bb914b59b,472d8ecbc4b9bb30,3789,200,GET,ts-basic-service
1650411153,ts-ticketinfo-service,28f25c2ef60ab26d,41e6c66fd6587d0c,472d8ecbc4b9bb30,5632,200,GET,ts-ticketinfo-service
1650411153,ts-route-service,3c9b7c138df5deec,55ba2f2fce6d5c02,472d8ecbc4b9bb30,2298,200,queryById,ts-travel-service
1650411153,ts-travel-service,35dd59b257c3767,472d8ecbc4b9bb30,472d8ecbc4b9bb30,8031,200,GET,ts-travel-service
1650411153,ts-route-service,e5766f52f804150d,3bccb5571c1ce84d,472d8ecbc4b9bb30,2304,200,queryById,ts-travel-service
1650411153,ts-route-service,5b3e04701ee52b63,e1ca9f1df31f7519,472d8ecbc4b9bb30,2142,200,queryById,ts-travel-service
1650411153,ts-travel-service,55ba2f2fce6d5c02,472d8ecbc4b9bb30,472d8ecbc4b9bb30,2406,200,GET,ts-travel-service
1650411153,ts-ticketinfo-service,6a605b0a35f3c022,66df9264546ae022,472d8ecbc4b9bb30,9891,200,queryForStationId,ts-travel-service
1650411153,ts-ticketinfo-service,c6a9c910f4596095,6a605b0a35f3c022,472d8ecbc4b9bb30,7349,200,GET,ts-ticketinfo-service
1650411153,ts-travel-service,3bccb5571c1ce84d,472d8ecbc4b9bb30,472d8ecbc4b9bb30,3368,200,GET,ts-travel-service
1650411153,ts-route-service,7fb8bcc5e25d99e,49f6018226ca2316,472d8ecbc4b9bb30,2121,200,queryById,ts-travel-service
1650411153,ts-travel-service,66df9264546ae022,472d8ecbc4b9bb30,472d8ecbc4b9bb30,11638,200,GET,ts-travel-service
1650411153,ts-basic-service,a833800e7ed93033,28f25c2ef60ab26d,472d8ecbc4b9bb30,4927,200,queryForStationId,ts-ticketinfo-service
1650411153,ts-basic-service,c38c798bb914b59b,c6a9c910f4596095,472d8ecbc4b9bb30,6278,200,queryForStationId,ts-ticketinfo-service
1650411153,ts-basic-service,b72bfa4815527aec,a833800e7ed93033,472d8ecbc4b9bb30,2959,200,GET,ts-basic-service
1650411153,ts-station-service,1182889fbc1ac4ce,9c32b5dcef89104f,472d8ecbc4b9bb30,2667,200,queryForStationId,ts-basic-service
1650411153,ts-station-service,fda5775e6ad93af0,b72bfa4815527aec,472d8ecbc4b9bb30,2313,200,queryForStationId,ts-basic-service
1650411153,ts-assurance-service,8b6efe4f214e641d,,8b6efe4f214e641d,1569,200,getAllAssuranceType,no_parent
1650411213,ts-ticketinfo-service,503f8fb7288118e3,b788be7d04fe5b8c,a68e88f67292f843,5433,200,GET,ts-ticketinfo-service
1650411213,ts-travel-service,a68e88f67292f843,,a68e88f67292f843,41977,200,queryInfo,no_parent
1650411213,ts-travel-service,fea85cf88d87b084,a68e88f67292f843,a68e88f67292f843,10751,200,GET,ts-travel-service
1650411213,ts-station-service,38b23bbb4e10b0cd,ce16967281ce30bc,a68e88f67292f843,2149,200,queryForStationId,ts-basic-service
1650411213,ts-station-service,af31c6fc4d3c8bc,b59e890eb13be1f1,a68e88f67292f843,2080,200,queryForStationId,ts-basic-service
1650411213,ts-basic-service,b59e890eb13be1f1,bfad4df6a1f78566,a68e88f67292f843,2749,200,GET,ts-basic-service
1650411213,ts-travel-service,a4be8b75726c6328,a68e88f67292f843,a68e88f67292f843,2655,200,GET,ts-travel-service
1650411213,ts-travel-service,669d836270d1be7f,a68e88f67292f843,a68e88f67292f843,2552,200,GET,ts-travel-service
1650411213,ts-travel-service,162176b944bc1cf1,a68e88f67292f843,a68e88f67292f843,7698,200,GET,ts-travel-service
1650411213,ts-ticketinfo-service,c84346aec7513b19,b8bf755a03a4be79,a68e88f67292f843,6685,200,GET,ts-ticketinfo-service
1650411213,ts-ticketinfo-service,b788be7d04fe5b8c,162176b944bc1cf1,a68e88f67292f843,7309,200,queryForStationId,ts-travel-service
1650411213,ts-basic-service,8335f2dc682546dd,c84346aec7513b19,a68e88f67292f843,5582,200,queryForStationId,ts-ticketinfo-service
1650411213,ts-route-service,59b99ccb66303897,370cdec8485ca25,a68e88f67292f843,2939,200,queryById,ts-travel-service
1650411213,ts-route-service,254a1e2e04b2a031,a4be8b75726c6328,a68e88f67292f843,2514,200,queryById,ts-travel-service
1650411213,ts-route-service,de0c752af295f42,669d836270d1be7f,a68e88f67292f843,2137,200,queryById,ts-travel-service
1650411213,ts-travel-service,4b1fff8496ac9c42,a68e88f67292f843,a68e88f67292f843,2671,200,GET,ts-travel-service
1650411213,ts-ticketinfo-service,b8bf755a03a4be79,fea85cf88d87b084,a68e88f67292f843,9107,200,queryForStationId,ts-travel-service
1650411213,ts-route-service,b1851a1aa2e907e3,9b4fbd2082d90acb,a68e88f67292f843,2214,200,queryById,ts-travel-service
1650411213,ts-route-service,c2cab36387f16f18,4b1fff8496ac9c42,a68e88f67292f843,2556,200,queryById,ts-travel-service
1650411213,ts-travel-service,9b4fbd2082d90acb,a68e88f67292f843,a68e88f67292f843,2289,200,GET,ts-travel-service
1650411213,ts-travel-service,370cdec8485ca25,a68e88f67292f843,a68e88f67292f843,4214,200,GET,ts-travel-service
1650411213,ts-order-other-service,e91a657a96e1f124,87735cec23dbf269,4d58e9b974bdc479,3518,200,securityInfoCheck,ts-security-service
1650411213,ts-security-service,1533135a77d2be6a,7ec500bd8062231d,4d58e9b974bdc479,14068,200,check,ts-preserve-service
1650411213,ts-security-service,87735cec23dbf269,1533135a77d2be6a,4d58e9b974bdc479,4496,200,GET,ts-security-service
1650411213,ts-preserve-service,7ec500bd8062231d,4d58e9b974bdc479,4d58e9b974bdc479,15676,200,GET,ts-preserve-service
1650411213,ts-order-service,4205d4508a889e3e,fb6ce4bd0fe50635,4d58e9b974bdc479,3385,200,securityInfoCheck,ts-security-service
1650411213,ts-preserve-service,8ca8fc88c6b309a,4d58e9b974bdc479,4d58e9b974bdc479,3419,200,GET,ts-preserve-service
1650411213,ts-preserve-service,4d58e9b974bdc479,,4d58e9b974bdc479,22224,200,preserve,no_parent
1650411213,ts-security-service,fb6ce4bd0fe50635,1533135a77d2be6a,4d58e9b974bdc479,5140,200,GET,ts-security-service
1650411213,ts-basic-service,bfad4df6a1f78566,503f8fb7288118e3,a68e88f67292f843,4766,200,queryForStationId,ts-ticketinfo-service
1650411213,ts-contacts-service,7326486b09e66f29,8ca8fc88c6b309a,4d58e9b974bdc479,2068,200,getContactsByContactsId,ts-preserve-service
1650411213,ts-basic-service,ce16967281ce30bc,8335f2dc682546dd,a68e88f67292f843,3191,200,GET,ts-basic-service
1650411213,ts-verification-code-service,d73388b8ea12c22,d62f625d2e45e48f,682a4a819a0c26b6,1739,200,verifyCode,ts-auth-service
1650411213,ts-auth-service,d62f625d2e45e48f,682a4a819a0c26b6,682a4a819a0c26b6,3477,200,GET,ts-auth-service
1650411213,ts-auth-service,682a4a819a0c26b6,,682a4a819a0c26b6,114436,200,getToken,no_parent
1650411213,ts-assurance-service,17f59403bd14332a,,17f59403bd14332a,1612,200,getAllAssuranceType,no_parent
1650411273,ts-assurance-service,75f992df4d2ea6f4,,75f992df4d2ea6f4,1608,200,getAllAssuranceType,no_parent
1650411273,ts-ticketinfo-service,de8aab9902cab144,374280084dc7c41b,4e7fcecf2a00d406,9792,200,queryForStationId,ts-travel-service
1650411273,ts-auth-service,51d1c8a6c981bf93,c3506cf5f3b84fe7,c3506cf5f3b84fe7,3359,200,GET,ts-auth-service
1650411273,ts-route-service,486a49d91f0a936b,85b96a81ad694c9e,4e7fcecf2a00d406,2962,200,queryById,ts-travel-service
1650411273,ts-contacts-service,7800b4588cfceaca,772560e8498a129c,5065ca60dd4e0d8f,2286,200,getContactsByContactsId,ts-preserve-service
1650411273,ts-basic-service,da2374286f6bf307,4d21dd92ad3a8d04,4e7fcecf2a00d406,6242,200,queryForStationId,ts-ticketinfo-service
1650411273,ts-basic-service,106fca2d3f1027d6,28f18f210fc35a40,4e7fcecf2a00d406,4801,200,queryForStationId,ts-ticketinfo-service
1650411273,ts-basic-service,333ae731f9ef5a2f,da2374286f6bf307,4e7fcecf2a00d406,3684,200,GET,ts-basic-service
1650411273,ts-station-service,f2a477ceb4b37866,333ae731f9ef5a2f,4e7fcecf2a00d406,2550,200,queryForStationId,ts-basic-service
1650411273,ts-station-service,2418ca16f734a9f2,27180060c124fa7e,4e7fcecf2a00d406,2165,200,queryForStationId,ts-basic-service
1650411273,ts-route-service,ad94f5ed553bef0,7ba738cc9aafd585,4e7fcecf2a00d406,2510,200,queryById,ts-travel-service
1650411273,ts-travel-service,f155b2f1e10e13be,4e7fcecf2a00d406,4e7fcecf2a00d406,2234,200,GET,ts-travel-service
1650411273,ts-travel-service,7ba738cc9aafd585,4e7fcecf2a00d406,4e7fcecf2a00d406,2634,200,GET,ts-travel-service
1650411273,ts-route-service,a5e7fa1de0e926da,b2118f076602e03c,4e7fcecf2a00d406,2199,200,queryById,ts-travel-service
1650411273,ts-travel-service,edaa4b3024e682fb,4e7fcecf2a00d406,4e7fcecf2a00d406,7952,200,GET,ts-travel-service
1650411273,ts-basic-service,27180060c124fa7e,106fca2d3f1027d6,4e7fcecf2a00d406,2881,200,GET,ts-basic-service
1650411273,ts-route-service,ad349615fee9fae9,f3f9b7f134747f84,4e7fcecf2a00d406,2180,200,queryById,ts-travel-service
1650411273,ts-route-service,73423bc1af224b8e,f155b2f1e10e13be,4e7fcecf2a00d406,2148,200,queryById,ts-travel-service
1650411273,ts-ticketinfo-service,28f18f210fc35a40,58f368a2bbfd02a2,4e7fcecf2a00d406,5525,200,GET,ts-ticketinfo-service
1650411273,ts-travel-service,374280084dc7c41b,4e7fcecf2a00d406,4e7fcecf2a00d406,11355,200,GET,ts-travel-service
1650411273,ts-ticketinfo-service,58f368a2bbfd02a2,edaa4b3024e682fb,4e7fcecf2a00d406,7508,200,queryForStationId,ts-travel-service
1650411273,ts-preserve-service,772560e8498a129c,5065ca60dd4e0d8f,5065ca60dd4e0d8f,4150,200,GET,ts-preserve-service
1650411273,ts-preserve-service,5065ca60dd4e0d8f,,5065ca60dd4e0d8f,22349,200,preserve,no_parent
1650411273,ts-order-other-service,b588a3b0b9513bbc,63aa80742acaa9b7,5065ca60dd4e0d8f,3539,200,securityInfoCheck,ts-security-service
1650411273,ts-security-service,63aa80742acaa9b7,1f21be4ac63dbc61,5065ca60dd4e0d8f,4886,200,GET,ts-security-service
1650411273,ts-security-service,1f21be4ac63dbc61,8523f842b4df0231,5065ca60dd4e0d8f,13553,200,check,ts-preserve-service
1650411273,ts-order-service,7749a1c9e12643da,91963929d41bc434,5065ca60dd4e0d8f,2805,200,securityInfoCheck,ts-security-service
1650411273,ts-preserve-service,8523f842b4df0231,5065ca60dd4e0d8f,5065ca60dd4e0d8f,15422,200,GET,ts-preserve-service
1650411273,ts-travel-service,b2118f076602e03c,4e7fcecf2a00d406,4e7fcecf2a00d406,2315,200,GET,ts-travel-service
1650411273,ts-travel-service,85b96a81ad694c9e,4e7fcecf2a00d406,4e7fcecf2a00d406,4248,200,GET,ts-travel-service
1650411273,ts-travel-service,4e7fcecf2a00d406,,4e7fcecf2a00d406,43454,200,queryInfo,no_parent
1650411273,ts-travel-service,f3f9b7f134747f84,4e7fcecf2a00d406,4e7fcecf2a00d406,2581,200,GET,ts-travel-service
1650411273,ts-ticketinfo-service,4d21dd92ad3a8d04,de8aab9902cab144,4e7fcecf2a00d406,7362,200,GET,ts-ticketinfo-service
1650411273,ts-security-service,91963929d41bc434,1f21be4ac63dbc61,5065ca60dd4e0d8f,4179,200,GET,ts-security-service
1650411273,ts-verification-code-service,d40209dcf168046c,51d1c8a6c981bf93,c3506cf5f3b84fe7,1674,200,verifyCode,ts-auth-service
1650411273,ts-auth-service,c3506cf5f3b84fe7,,c3506cf5f3b84fe7,103800,200,getToken,no_parent
1650411333,ts-travel-service,348e2d5573f719dc,b1d07fd7a9be150f,b1d07fd7a9be150f,4076,200,GET,ts-travel-service
1650411333,ts-station-service,245944731fa3b9c5,be3b78f89e1f1287,b1d07fd7a9be150f,2253,200,queryForStationId,ts-basic-service
1650411333,ts-travel-service,f1934b159ada7338,b1d07fd7a9be150f,b1d07fd7a9be150f,2165,200,GET,ts-travel-service
1650411333,ts-travel-service,b1d07fd7a9be150f,,b1d07fd7a9be150f,49063,200,queryInfo,no_parent
1650411333,ts-travel-service,a2b252b718a79fc0,b1d07fd7a9be150f,b1d07fd7a9be150f,9275,200,GET,ts-travel-service
1650411333,ts-route-service,597f758f52712d38,348e2d5573f719dc,b1d07fd7a9be150f,2987,200,queryById,ts-travel-service
1650411333,ts-route-service,f7e92c067ae41958,a065eebd431ab8f4,b1d07fd7a9be150f,2649,200,queryById,ts-travel-service
1650411333,ts-ticketinfo-service,faf44f22fc30eb10,56b2b6287703f4ca,b1d07fd7a9be150f,6972,200,GET,ts-ticketinfo-service
1650411333,ts-route-service,5d8ad11387a6ad85,f1934b159ada7338,b1d07fd7a9be150f,2104,200,queryById,ts-travel-service
1650411333,ts-travel-service,e88f9e6e9fe3cc37,b1d07fd7a9be150f,b1d07fd7a9be150f,10774,200,GET,ts-travel-service
1650411333,ts-travel-service,a065eebd431ab8f4,b1d07fd7a9be150f,b1d07fd7a9be150f,3103,200,GET,ts-travel-service
1650411333,ts-travel-service,ccac3a95ac8d63ce,b1d07fd7a9be150f,b1d07fd7a9be150f,8393,200,GET,ts-travel-service
1650411333,ts-station-service,155db43032d11173,4ca0b967ea2275a4,b1d07fd7a9be150f,2062,200,queryForStationId,ts-basic-service
1650411333,ts-route-service,5969d68ef9e720f4,a2b252b718a79fc0,b1d07fd7a9be150f,2237,200,queryById,ts-travel-service
1650411333,ts-preserve-service,18b9cb113dac2ffc,a0f03ce2cbe6edbb,a0f03ce2cbe6edbb,15482,200,GET,ts-preserve-service
1650411333,ts-assurance-service,a134a6b829b6f6f6,,a134a6b829b6f6f6,1646,200,getAllAssuranceType,no_parent
1650411333,ts-basic-service,948cce6465af1602,4d21b683dadd07d0,b1d07fd7a9be150f,4991,200,queryForStationId,ts-ticketinfo-service
1650411333,ts-basic-service,4ca0b967ea2275a4,948cce6465af1602,b1d07fd7a9be150f,2820,200,GET,ts-basic-service
1650411333,ts-basic-service,be3b78f89e1f1287,c7960e93965c456e,b1d07fd7a9be150f,3309,200,GET,ts-basic-service
1650411333,ts-contacts-service,e0847d6b7c8b18b,6a05231af7073602,a0f03ce2cbe6edbb,2495,200,getContactsByContactsId,ts-preserve-service
1650411333,ts-security-service,dc0d904c7c45e12c,71d6a2b89338ea5b,a0f03ce2cbe6edbb,4910,200,GET,ts-security-service
1650411333,ts-preserve-service,a0f03ce2cbe6edbb,,a0f03ce2cbe6edbb,21890,200,preserve,no_parent
1650411333,ts-preserve-service,6a05231af7073602,a0f03ce2cbe6edbb,a0f03ce2cbe6edbb,3824,200,GET,ts-preserve-service
1650411333,ts-security-service,71cf7c432f368430,71d6a2b89338ea5b,a0f03ce2cbe6edbb,4988,200,GET,ts-security-service
1650411333,ts-basic-service,c7960e93965c456e,faf44f22fc30eb10,b1d07fd7a9be150f,5744,200,queryForStationId,ts-ticketinfo-service
1650411333,ts-ticketinfo-service,4d21b683dadd07d0,2e19566f596001ab,b1d07fd7a9be150f,5743,200,GET,ts-ticketinfo-service
1650411333,ts-security-service,71d6a2b89338ea5b,18b9cb113dac2ffc,a0f03ce2cbe6edbb,14516,200,check,ts-preserve-service
1650411333,ts-order-other-service,7d08f92368b602dc,71cf7c432f368430,a0f03ce2cbe6edbb,3679,200,securityInfoCheck,ts-security-service
1650411333,ts-travel-service,a0f0e6582614db1c,b1d07fd7a9be150f,b1d07fd7a9be150f,2264,200,GET,ts-travel-service
1650411333,ts-route-service,19d85f1adb8519cc,a0f0e6582614db1c,b1d07fd7a9be150f,2136,200,queryById,ts-travel-service
1650411333,ts-ticketinfo-service,56b2b6287703f4ca,e88f9e6e9fe3cc37,b1d07fd7a9be150f,9289,200,queryForStationId,ts-travel-service
1650411333,ts-ticketinfo-service,2e19566f596001ab,ccac3a95ac8d63ce,b1d07fd7a9be150f,7899,200,queryForStationId,ts-travel-service
1650411333,ts-order-service,896096c4e9cffdbe,dc0d904c7c45e12c,a0f03ce2cbe6edbb,3516,200,securityInfoCheck,ts-security-service
1650411333,ts-verification-code-service,f8f0fd7d866ee5f6,a06c2c2e9af892b,eb519ee49c8c2616,1742,200,verifyCode,ts-auth-service
1650411333,ts-auth-service,a06c2c2e9af892b,eb519ee49c8c2616,eb519ee49c8c2616,3385,200,GET,ts-auth-service
1650411333,ts-auth-service,eb519ee49c8c2616,,eb519ee49c8c2616,107778,200,getToken,no_parent
1650411393,ts-preserve-service,5a4a51d43db8bbcc,314ecdfb6c4ab26a,314ecdfb6c4ab26a,3316,200,GET,ts-preserve-service
1650411393,ts-security-service,707ed227c5a9e563,9d9fbdc6e0b458a3,314ecdfb6c4ab26a,4878,200,GET,ts-security-service
1650411393,ts-security-service,7009ac21586cc354,9d9fbdc6e0b458a3,314ecdfb6c4ab26a,4964,200,GET,ts-security-service
1650411393,ts-preserve-service,e6e80f5aac48cef4,314ecdfb6c4ab26a,314ecdfb6c4ab26a,16090,200,GET,ts-preserve-service
1650411393,ts-order-service,c2d1e6de24040002,7009ac21586cc354,314ecdfb6c4ab26a,3527,200,securityInfoCheck,ts-security-service
1650411393,ts-order-other-service,1c680a9715e11694,707ed227c5a9e563,314ecdfb6c4ab26a,3496,200,securityInfoCheck,ts-security-service
1650411393,ts-preserve-service,314ecdfb6c4ab26a,,314ecdfb6c4ab26a,22353,200,preserve,no_parent
1650411393,ts-contacts-service,442db23aa3517089,5a4a51d43db8bbcc,314ecdfb6c4ab26a,2117,200,getContactsByContactsId,ts-preserve-service
1650411393,ts-security-service,9d9fbdc6e0b458a3,e6e80f5aac48cef4,314ecdfb6c4ab26a,14458,200,check,ts-preserve-service
1650411393,ts-auth-service,f5484c4ea7f4f904,,f5484c4ea7f4f904,111353,200,getToken,no_parent
1650411394,ts-auth-service,41f3a34554217928,f5484c4ea7f4f904,f5484c4ea7f4f904,3687,200,GET,ts-auth-service
1650411394,ts-verification-code-service,5665fa5a061a1aea,41f3a34554217928,f5484c4ea7f4f904,1823,200,verifyCode,ts-auth-service
1650411394,ts-route-service,cd732224e4613146,95b9f04e405e3dd9,9b43ec4e1632e77e,2058,200,queryById,ts-travel-service
1650411394,ts-route-service,3e57d66a63b20f19,53eb404d8fcb08e9,9b43ec4e1632e77e,2005,200,queryById,ts-travel-service
1650411394,ts-route-service,3cea3af4da8ce23d,ccb5fcc4fb2934c7,9b43ec4e1632e77e,2171,200,queryById,ts-travel-service
1650411394,ts-ticketinfo-service,b865bd56ee771701,cfb3934f40e5567d,9b43ec4e1632e77e,6863,200,GET,ts-ticketinfo-service
1650411394,ts-travel-service,6e6ccf3f7c19230f,9b43ec4e1632e77e,9b43ec4e1632e77e,10755,200,GET,ts-travel-service
1650411394,ts-travel-service,9b43ec4e1632e77e,,9b43ec4e1632e77e,42509,200,queryInfo,no_parent
1650411394,ts-ticketinfo-service,68015a1d4b48fc2a,31c769a44f113ef2,9b43ec4e1632e77e,7868,200,queryForStationId,ts-travel-service
1650411394,ts-travel-service,bf99e4ad206e8d71,9b43ec4e1632e77e,9b43ec4e1632e77e,3138,200,GET,ts-travel-service
1650411394,ts-travel-service,31c769a44f113ef2,9b43ec4e1632e77e,9b43ec4e1632e77e,8323,200,GET,ts-travel-service
1650411394,ts-travel-service,68db2ba4844e2457,9b43ec4e1632e77e,9b43ec4e1632e77e,3987,200,GET,ts-travel-service
1650411394,ts-travel-service,ccb5fcc4fb2934c7,9b43ec4e1632e77e,9b43ec4e1632e77e,2445,200,GET,ts-travel-service
1650411394,ts-travel-service,53eb404d8fcb08e9,9b43ec4e1632e77e,9b43ec4e1632e77e,2182,200,GET,ts-travel-service
1650411394,ts-travel-service,95b9f04e405e3dd9,9b43ec4e1632e77e,9b43ec4e1632e77e,2189,200,GET,ts-travel-service
1650411394,ts-ticketinfo-service,cfb3934f40e5567d,6e6ccf3f7c19230f,9b43ec4e1632e77e,9310,200,queryForStationId,ts-travel-service
1650411394,ts-ticketinfo-service,91bd3d2bfcc3d266,68015a1d4b48fc2a,9b43ec4e1632e77e,5865,200,GET,ts-ticketinfo-service
1650411394,ts-basic-service,b9dccc2304b25d2e,528c7b13e5c59e3d,9b43ec4e1632e77e,3286,200,GET,ts-basic-service
1650411394,ts-basic-service,528c7b13e5c59e3d,b865bd56ee771701,9b43ec4e1632e77e,5752,200,queryForStationId,ts-ticketinfo-service
1650411394,ts-basic-service,517ecc2679c42512,91bd3d2bfcc3d266,9b43ec4e1632e77e,5149,200,queryForStationId,ts-ticketinfo-service
1650411394,ts-basic-service,be6e8fa2a11378e6,517ecc2679c42512,9b43ec4e1632e77e,3108,200,GET,ts-basic-service
1650411394,ts-station-service,6a27bd8c710ddfd7,b9dccc2304b25d2e,9b43ec4e1632e77e,2059,200,queryForStationId,ts-basic-service
1650411394,ts-route-service,b42835fefea1cd27,68db2ba4844e2457,9b43ec4e1632e77e,2621,200,queryById,ts-travel-service
1650411394,ts-route-service,df86f54d84d2785a,bf99e4ad206e8d71,9b43ec4e1632e77e,2604,200,queryById,ts-travel-service
1650411394,ts-station-service,21989f49525174bf,be6e8fa2a11378e6,9b43ec4e1632e77e,2419,200,queryForStationId,ts-basic-service
1650411394,ts-assurance-service,51ceaaa77c6fb9b4,,51ceaaa77c6fb9b4,1680,200,getAllAssuranceType,no_parent
1650411454,ts-route-service,1d212fd596d9d686,1a991f8c72fc591a,d086d57e60006797,2649,200,queryById,ts-travel-service
1650411454,ts-route-service,6ce951d9a2f273a8,283950710a9c2200,d086d57e60006797,1726,200,queryById,ts-travel-service
1650411454,ts-ticketinfo-service,d314a6d74894ed77,940c7c5d79a4bf88,d086d57e60006797,13852,200,GET,ts-ticketinfo-service
1650411454,ts-ticketinfo-service,940c7c5d79a4bf88,49b055ae632b97f8,d086d57e60006797,16199,200,queryForStationId,ts-travel-service
1650411454,ts-travel-service,dfc3c4e1beb2a46f,d086d57e60006797,d086d57e60006797,3835,200,GET,ts-travel-service
1650411454,ts-route-service,9ff718d55a7f071,5cae73edc2cd3bd1,d086d57e60006797,2195,200,queryById,ts-travel-service
1650411454,ts-station-service,975a1f0ff6b477f7,bbf1a3839be785d5,d086d57e60006797,2144,200,queryForStationId,ts-basic-service
1650411454,ts-basic-service,f372f3fdc8f28b0b,d314a6d74894ed77,d086d57e60006797,12578,200,queryForStationId,ts-ticketinfo-service
1650411454,ts-basic-service,af6afa7947eebbc6,f372f3fdc8f28b0b,d086d57e60006797,3373,200,GET,ts-basic-service
1650411454,ts-route-service,1c1ec2f6f986bf7d,35b416e9ed87741f,d086d57e60006797,2160,200,queryById,ts-travel-service
1650411454,ts-route-service,d574fd454ad5840c,dfc3c4e1beb2a46f,d086d57e60006797,2669,200,queryById,ts-travel-service
1650411454,ts-ticketinfo-service,b4532c0af7496e3e,7fab6be25b53a37b,d086d57e60006797,5485,200,GET,ts-ticketinfo-service
1650411454,ts-basic-service,d2458260aaf0c806,b4532c0af7496e3e,d086d57e60006797,4952,200,queryForStationId,ts-ticketinfo-service
1650411454,ts-station-service,8029eef1ebab4ea4,af6afa7947eebbc6,d086d57e60006797,2222,200,queryForStationId,ts-basic-service
1650411454,ts-basic-service,bbf1a3839be785d5,d2458260aaf0c806,d086d57e60006797,2794,200,GET,ts-basic-service
1650411454,ts-verification-code-service,bfc5d68bf74f484,612f3b168e4da2f9,302506687120f464,2000,200,verifyCode,ts-auth-service
1650411454,ts-security-service,2a028fab74486237,93cd8fb50fb5a28b,bcf5e2c0f4f4ccae,21436,200,check,ts-preserve-service
1650411454,ts-preserve-service,38b9eb314e7f0ed4,bcf5e2c0f4f4ccae,bcf5e2c0f4f4ccae,3595,200,GET,ts-preserve-service
1650411454,ts-contacts-service,7429d59445614a53,38b9eb314e7f0ed4,bcf5e2c0f4f4ccae,2276,200,getContactsByContactsId,ts-preserve-service
1650411454,ts-assurance-service,539de0e45cf5f5a1,,539de0e45cf5f5a1,1618,200,getAllAssuranceType,no_parent
1650411454,ts-security-service,488c7958739286a6,2a028fab74486237,bcf5e2c0f4f4ccae,4886,200,GET,ts-security-service
1650411454,ts-preserve-service,bcf5e2c0f4f4ccae,,bcf5e2c0f4f4ccae,29629,200,preserve,no_parent
1650411454,ts-preserve-service,93cd8fb50fb5a28b,bcf5e2c0f4f4ccae,bcf5e2c0f4f4ccae,23083,200,GET,ts-preserve-service
1650411454,ts-travel-service,3fb7307b06350b,d086d57e60006797,d086d57e60006797,8153,200,GET,ts-travel-service
1650411454,ts-travel-service,35b416e9ed87741f,d086d57e60006797,d086d57e60006797,2310,200,GET,ts-travel-service
1650411454,ts-travel-service,5cae73edc2cd3bd1,d086d57e60006797,d086d57e60006797,2324,200,GET,ts-travel-service
1650411454,ts-order-other-service,5bae8f9e3d7c984b,ef975d917d9476a0,bcf5e2c0f4f4ccae,3708,200,securityInfoCheck,ts-security-service
1650411454,ts-travel-service,1a991f8c72fc591a,d086d57e60006797,d086d57e60006797,3032,200,GET,ts-travel-service
1650411454,ts-travel-service,283950710a9c2200,d086d57e60006797,d086d57e60006797,1929,200,GET,ts-travel-service
1650411454,ts-order-service,f01aacb5e0352d14,488c7958739286a6,bcf5e2c0f4f4ccae,3523,200,securityInfoCheck,ts-security-service
1650411454,ts-security-service,ef975d917d9476a0,2a028fab74486237,bcf5e2c0f4f4ccae,5093,200,GET,ts-security-service
1650411454,ts-ticketinfo-service,7fab6be25b53a37b,3fb7307b06350b,d086d57e60006797,7631,200,queryForStationId,ts-travel-service
1650411454,ts-travel-service,d086d57e60006797,,d086d57e60006797,48313,200,queryInfo,no_parent
1650411454,ts-travel-service,49b055ae632b97f8,d086d57e60006797,d086d57e60006797,17531,200,GET,ts-travel-service
1650411454,ts-auth-service,302506687120f464,,302506687120f464,110650,200,getToken,no_parent
1650411454,ts-auth-service,612f3b168e4da2f9,302506687120f464,302506687120f464,3688,200,GET,ts-auth-service
1650411514,ts-station-service,673392e9592d47eb,727886188bc2d559,c49af5be5422a3b7,2220,200,queryForStationId,ts-basic-service
1650411514,ts-preserve-service,7ae6634a098f0dfd,eff714d07d624272,eff714d07d624272,3343,200,GET,ts-preserve-service
1650411514,ts-assurance-service,eacd12f1a0140c6a,,eacd12f1a0140c6a,1605,200,getAllAssuranceType,no_parent
1650411514,ts-verification-code-service,c988f2f509371163,ee1f1e9d9241bd2f,472b290ca766462,1694,200,verifyCode,ts-auth-service
1650411514,ts-security-service,e2ed12ec9d273993,fee8aa1515ad271d,eff714d07d624272,4096,200,GET,ts-security-service
1650411514,ts-travel-service,2ac432c78cfd548d,c49af5be5422a3b7,c49af5be5422a3b7,4237,200,GET,ts-travel-service
1650411514,ts-travel-service,d8f581c1390ebb5f,c49af5be5422a3b7,c49af5be5422a3b7,11021,200,GET,ts-travel-service
1650411514,ts-ticketinfo-service,1e9144c5a3db743e,736710e80d430e31,c49af5be5422a3b7,5486,200,GET,ts-ticketinfo-service
1650411514,ts-ticketinfo-service,736710e80d430e31,78f52d9514e7f686,c49af5be5422a3b7,7518,200,queryForStationId,ts-travel-service
1650411514,ts-ticketinfo-service,db1eb7581910c070,d8f581c1390ebb5f,c49af5be5422a3b7,9484,200,queryForStationId,ts-travel-service
1650411514,ts-route-service,db40f5ce840bdda4,72a9b859782125c2,c49af5be5422a3b7,2554,200,queryById,ts-travel-service
1650411514,ts-route-service,43f571879f5d4a50,7e2d5228e6c839f0,c49af5be5422a3b7,2143,200,queryById,ts-travel-service
1650411514,ts-route-service,32f4c8833a444235,2ac432c78cfd548d,c49af5be5422a3b7,2959,200,queryById,ts-travel-service
1650411514,ts-route-service,fb8fb1cc3c820a62,d9d2881e87848660,c49af5be5422a3b7,2274,200,queryById,ts-travel-service
1650411514,ts-ticketinfo-service,63012f435612adfd,db1eb7581910c070,c49af5be5422a3b7,7182,200,GET,ts-ticketinfo-service
1650411514,ts-route-service,8256b9e5e2851d9c,bd248074502d268,c49af5be5422a3b7,2147,200,queryById,ts-travel-service
1650411514,ts-station-service,aefd4fe677aa588b,eed114d2daa72290,c49af5be5422a3b7,2558,200,queryForStationId,ts-basic-service
1650411514,ts-basic-service,727886188bc2d559,3d5a3a23167ad0e8,c49af5be5422a3b7,2841,200,GET,ts-basic-service
1650411514,ts-basic-service,ce74806980723768,63012f435612adfd,c49af5be5422a3b7,6025,200,queryForStationId,ts-ticketinfo-service
1650411514,ts-security-service,2431162d043076e7,fee8aa1515ad271d,eff714d07d624272,4506,200,GET,ts-security-service
1650411514,ts-preserve-service,eff714d07d624272,,eff714d07d624272,19712,200,preserve,no_parent
1650411514,ts-contacts-service,9eec419aaede833e,7ae6634a098f0dfd,eff714d07d624272,2142,200,getContactsByContactsId,ts-preserve-service
1650411514,ts-order-other-service,efab93ae0d72e0ba,e2ed12ec9d273993,eff714d07d624272,2644,200,securityInfoCheck,ts-security-service
1650411514,ts-security-service,fee8aa1515ad271d,3fac7219d8fdb441,eff714d07d624272,12325,200,check,ts-preserve-service
1650411514,ts-travel-service,bd248074502d268,c49af5be5422a3b7,c49af5be5422a3b7,2196,200,GET,ts-travel-service
1650411514,ts-basic-service,eed114d2daa72290,ce74806980723768,c49af5be5422a3b7,3631,200,GET,ts-basic-service
1650411514,ts-basic-service,3d5a3a23167ad0e8,1e9144c5a3db743e,c49af5be5422a3b7,4839,200,queryForStationId,ts-ticketinfo-service
1650411514,ts-preserve-service,3fac7219d8fdb441,eff714d07d624272,eff714d07d624272,13825,200,GET,ts-preserve-service
1650411514,ts-travel-service,72a9b859782125c2,c49af5be5422a3b7,c49af5be5422a3b7,2718,200,GET,ts-travel-service
1650411514,ts-travel-service,d9d2881e87848660,c49af5be5422a3b7,c49af5be5422a3b7,2316,200,GET,ts-travel-service
1650411514,ts-travel-service,78f52d9514e7f686,c49af5be5422a3b7,c49af5be5422a3b7,7873,200,GET,ts-travel-service
1650411514,ts-order-service,d585e05b7c8e2ae0,2431162d043076e7,eff714d07d624272,3327,200,securityInfoCheck,ts-security-service
1650411514,ts-auth-service,ee1f1e9d9241bd2f,472b290ca766462,472b290ca766462,3399,200,GET,ts-auth-service
1650411514,ts-auth-service,472b290ca766462,,472b290ca766462,106893,200,getToken,no_parent
1650411514,ts-travel-service,7e2d5228e6c839f0,c49af5be5422a3b7,c49af5be5422a3b7,2407,200,GET,ts-travel-service
1650411514,ts-travel-service,c49af5be5422a3b7,,c49af5be5422a3b7,42105,200,queryInfo,no_parent
1650411574,ts-security-service,31b79c99babc53b,629fd114e2b7caf7,ff28867fd6904159,14003,200,check,ts-preserve-service
1650411574,ts-contacts-service,fc234d1c470c8f18,87acd23ff132eca8,ff28867fd6904159,2123,200,getContactsByContactsId,ts-preserve-service
1650411574,ts-order-service,6a4464f979a4725d,6167f8b2b5f21ea5,ff28867fd6904159,3383,200,securityInfoCheck,ts-security-service
1650411574,ts-preserve-service,ff28867fd6904159,,ff28867fd6904159,22555,200,preserve,no_parent
1650411574,ts-order-other-service,d77ec317d4d954dc,da045f7943428bbb,ff28867fd6904159,3535,200,securityInfoCheck,ts-security-service
1650411574,ts-travel-service,c022388891a12b97,f81ba2234997b201,f81ba2234997b201,8414,200,GET,ts-travel-service
1650411574,ts-travel-service,e330b3c740697f2f,f81ba2234997b201,f81ba2234997b201,4916,200,GET,ts-travel-service
1650411574,ts-preserve-service,87acd23ff132eca8,ff28867fd6904159,ff28867fd6904159,4216,200,GET,ts-preserve-service
1650411574,ts-preserve-service,629fd114e2b7caf7,ff28867fd6904159,ff28867fd6904159,15488,200,GET,ts-preserve-service
1650411574,ts-basic-service,d9aa7055d4a65b11,fa3a5bdcc57e986c,f81ba2234997b201,2801,200,GET,ts-basic-service
1650411574,ts-basic-service,fa3a5bdcc57e986c,99b1b9c20e496941,f81ba2234997b201,4994,200,queryForStationId,ts-ticketinfo-service
1650411574,ts-station-service,46bd142dd0a824b1,621b3823fbbb5688,f81ba2234997b201,2371,200,queryForStationId,ts-basic-service
1650411574,ts-route-service,582e4ed3169c268d,e330b3c740697f2f,f81ba2234997b201,3680,200,queryById,ts-travel-service
1650411574,ts-ticketinfo-service,e1b149a12ba90382,728acc6d9a1b4782,f81ba2234997b201,9452,200,queryForStationId,ts-travel-service
1650411574,ts-ticketinfo-service,d96bb8b9cef46c9a,c022388891a12b97,f81ba2234997b201,8051,200,queryForStationId,ts-travel-service
1650411574,ts-ticketinfo-service,99b1b9c20e496941,d96bb8b9cef46c9a,f81ba2234997b201,6146,200,GET,ts-ticketinfo-service
1650411574,ts-ticketinfo-service,e2ccad01509ef6f4,e1b149a12ba90382,f81ba2234997b201,7150,200,GET,ts-ticketinfo-service
1650411574,ts-travel-service,f81ba2234997b201,,f81ba2234997b201,40534,200,queryInfo,no_parent
1650411574,ts-travel-service,728acc6d9a1b4782,f81ba2234997b201,f81ba2234997b201,11069,200,GET,ts-travel-service
1650411574,ts-basic-service,53e5a1ee0fa89c90,e2ccad01509ef6f4,f81ba2234997b201,6004,200,queryForStationId,ts-ticketinfo-service
1650411574,ts-basic-service,621b3823fbbb5688,53e5a1ee0fa89c90,f81ba2234997b201,3370,200,GET,ts-basic-service
1650411574,ts-station-service,62e522d55591a5cf,d9aa7055d4a65b11,f81ba2234997b201,2063,200,queryForStationId,ts-basic-service
1650411574,ts-security-service,da045f7943428bbb,31b79c99babc53b,ff28867fd6904159,4758,200,GET,ts-security-service
1650411574,ts-security-service,6167f8b2b5f21ea5,31b79c99babc53b,ff28867fd6904159,4721,200,GET,ts-security-service
1650411574,ts-verification-code-service,30ca198455664c4,cb1e724c5a7b7067,d8b8e8489620aee2,2235,200,verifyCode,ts-auth-service
1650411574,ts-auth-service,cb1e724c5a7b7067,d8b8e8489620aee2,d8b8e8489620aee2,4010,200,GET,ts-auth-service
1650411574,ts-auth-service,d8b8e8489620aee2,,d8b8e8489620aee2,118052,200,getToken,no_parent
1650411575,ts-assurance-service,d38cd61d65a01a52,,d38cd61d65a01a52,1158,200,getAllAssuranceType,no_parent
1650411575,ts-route-service,4f452fe59d3f79a8,716487b4f2c8924a,f81ba2234997b201,1811,200,queryById,ts-travel-service
1650411575,ts-travel-service,998d5d1b87e64d2a,f81ba2234997b201,f81ba2234997b201,1918,200,GET,ts-travel-service
1650411575,ts-travel-service,6adb2fed818cf36e,f81ba2234997b201,f81ba2234997b201,1604,200,GET,ts-travel-service
1650411575,ts-travel-service,716487b4f2c8924a,f81ba2234997b201,f81ba2234997b201,1806,200,GET,ts-travel-service
1650411575,ts-route-service,cdde4755442920b3,998d5d1b87e64d2a,f81ba2234997b201,1877,200,queryById,ts-travel-service
1650411575,ts-route-service,c665b3f3abfa6a3c,239bdbff94415a06,f81ba2234997b201,1554,200,queryById,ts-travel-service
1650411575,ts-travel-service,239bdbff94415a06,f81ba2234997b201,f81ba2234997b201,1905,200,GET,ts-travel-service
1650411575,ts-route-service,ff6779f6fc121fd4,6adb2fed818cf36e,f81ba2234997b201,1573,200,queryById,ts-travel-service
1650411635,ts-station-service,aa53e38a3c9bd865,c6ba9e3c150438d6,5f0d3e5b972402e2,2326,200,queryForStationId,ts-basic-service
1650411635,ts-station-service,dcd4c62aa7dc986e,84424205e6a73ae9,5f0d3e5b972402e2,2543,200,queryForStationId,ts-basic-service
1650411635,ts-travel-service,fe670a49f5b0e71f,5f0d3e5b972402e2,5f0d3e5b972402e2,2398,200,GET,ts-travel-service
1650411635,ts-travel-service,b89fff73ec8de18b,5f0d3e5b972402e2,5f0d3e5b972402e2,2252,200,GET,ts-travel-service
1650411635,ts-travel-service,4b544a3d3bee1671,5f0d3e5b972402e2,5f0d3e5b972402e2,7886,200,GET,ts-travel-service
1650411635,ts-travel-service,5f0d3e5b972402e2,,5f0d3e5b972402e2,49354,200,queryInfo,no_parent
1650411635,ts-preserve-service,29d533873f448dc6,,29d533873f448dc6,22255,200,preserve,no_parent
1650411635,ts-order-other-service,fe86088672539f,aa4f9c05cb5ee2fe,29d533873f448dc6,3565,200,securityInfoCheck,ts-security-service
1650411635,ts-basic-service,84424205e6a73ae9,dd0a1e6835becd64,5f0d3e5b972402e2,3751,200,GET,ts-basic-service
1650411635,ts-basic-service,dd0a1e6835becd64,a2bd7518cc4a9b82,5f0d3e5b972402e2,6354,200,queryForStationId,ts-ticketinfo-service
1650411635,ts-basic-service,7dd10ecef5145348,1371107b92a5c25d,5f0d3e5b972402e2,5064,200,queryForStationId,ts-ticketinfo-service
1650411635,ts-verification-code-service,b7c42d7e872a5df4,9398c6085a61afcb,f2db23c6c2b1dd4e,1704,200,verifyCode,ts-auth-service
1650411635,ts-auth-service,9398c6085a61afcb,f2db23c6c2b1dd4e,f2db23c6c2b1dd4e,3392,200,GET,ts-auth-service
1650411635,ts-auth-service,f2db23c6c2b1dd4e,,f2db23c6c2b1dd4e,112773,200,getToken,no_parent
1650411635,ts-travel-service,b6de6e3f1fcc6bd4,5f0d3e5b972402e2,5f0d3e5b972402e2,11626,200,GET,ts-travel-service
1650411635,ts-travel-service,20e95124c18b80b1,5f0d3e5b972402e2,5f0d3e5b972402e2,8181,200,GET,ts-travel-service
1650411635,ts-security-service,c9eac2600c837f80,e86eb7417dad4132,29d533873f448dc6,14289,200,check,ts-preserve-service
1650411635,ts-assurance-service,65a82713bcbd37bf,,65a82713bcbd37bf,1576,200,getAllAssuranceType,no_parent
1650411635,ts-ticketinfo-service,6a4483e3fa847175,b6de6e3f1fcc6bd4,5f0d3e5b972402e2,10172,200,queryForStationId,ts-travel-service
1650411635,ts-ticketinfo-service,30d0be75de80d363,20e95124c18b80b1,5f0d3e5b972402e2,7776,200,queryForStationId,ts-travel-service
1650411635,ts-ticketinfo-service,1371107b92a5c25d,30d0be75de80d363,5f0d3e5b972402e2,5751,200,GET,ts-ticketinfo-service
1650411635,ts-ticketinfo-service,a2bd7518cc4a9b82,6a4483e3fa847175,5f0d3e5b972402e2,7693,200,GET,ts-ticketinfo-service
1650411635,ts-basic-service,c6ba9e3c150438d6,7dd10ecef5145348,5f0d3e5b972402e2,3040,200,GET,ts-basic-service
1650411635,ts-security-service,aa4f9c05cb5ee2fe,c9eac2600c837f80,29d533873f448dc6,4915,200,GET,ts-security-service
1650411635,ts-security-service,1ee705fd9b0d4cac,c9eac2600c837f80,29d533873f448dc6,4766,200,GET,ts-security-service
1650411635,ts-preserve-service,d26bc6876696413a,29d533873f448dc6,29d533873f448dc6,3879,200,GET,ts-preserve-service
1650411635,ts-route-service,6e9bb7688b985a4d,a30b36686bd8d7ff,5f0d3e5b972402e2,2484,200,queryById,ts-travel-service
1650411635,ts-route-service,2b25e1c64ae6f9da,4b544a3d3bee1671,5f0d3e5b972402e2,7855,200,queryById,ts-travel-service
1650411635,ts-route-service,fe0f0b9d553a7512,fe670a49f5b0e71f,5f0d3e5b972402e2,2262,200,queryById,ts-travel-service
1650411635,ts-route-service,4283678ede04a44,b89fff73ec8de18b,5f0d3e5b972402e2,2119,200,queryById,ts-travel-service
1650411635,ts-travel-service,3c91666da4c64f57,5f0d3e5b972402e2,5f0d3e5b972402e2,4155,200,GET,ts-travel-service
1650411635,ts-travel-service,a30b36686bd8d7ff,5f0d3e5b972402e2,5f0d3e5b972402e2,2970,200,GET,ts-travel-service
1650411635,ts-order-service,d55e54efa329d83f,1ee705fd9b0d4cac,29d533873f448dc6,3277,200,securityInfoCheck,ts-security-service
1650411635,ts-contacts-service,e0fa6d2bc90f951a,d26bc6876696413a,29d533873f448dc6,2509,200,getContactsByContactsId,ts-preserve-service
1650411635,ts-preserve-service,e86eb7417dad4132,29d533873f448dc6,29d533873f448dc6,15935,200,GET,ts-preserve-service
1650411635,ts-route-service,b6100331a0b04c5e,3c91666da4c64f57,5f0d3e5b972402e2,2831,200,queryById,ts-travel-service
1650411695,ts-travel-service,18f473d73415e765,6176cd0e372857fa,6176cd0e372857fa,3560,200,GET,ts-travel-service
1650411695,ts-travel-service,6176cd0e372857fa,,6176cd0e372857fa,40960,200,queryInfo,no_parent
1650411695,ts-travel-service,419e543cb4b9078,6176cd0e372857fa,6176cd0e372857fa,2287,200,GET,ts-travel-service
1650411695,ts-travel-service,d14d0c92950ffe1d,6176cd0e372857fa,6176cd0e372857fa,2305,200,GET,ts-travel-service
1650411695,ts-travel-service,37e054d92a1c2f,6176cd0e372857fa,6176cd0e372857fa,8312,200,GET,ts-travel-service
1650411695,ts-ticketinfo-service,361de1adf9176c20,37e054d92a1c2f,6176cd0e372857fa,7694,200,queryForStationId,ts-travel-service
1650411695,ts-ticketinfo-service,de8ad57eb6137dea,1fd47eb601ed2cee,6176cd0e372857fa,7094,200,GET,ts-ticketinfo-service
1650411695,ts-route-service,bed3fa75351bf575,d14d0c92950ffe1d,6176cd0e372857fa,2166,200,queryById,ts-travel-service
1650411695,ts-verification-code-service,eb96ef228d7d14d4,a6375497dea832b1,cbb94342a6d049ee,1500,200,verifyCode,ts-auth-service
1650411695,ts-basic-service,ba5c5db5f2b1a476,de8ad57eb6137dea,6176cd0e372857fa,5945,200,queryForStationId,ts-ticketinfo-service
1650411695,ts-route-service,52eb09368711f0e6,511b9eca00d1e279,6176cd0e372857fa,2143,200,queryById,ts-travel-service
1650411695,ts-travel-service,9871f1e42a667dfb,6176cd0e372857fa,6176cd0e372857fa,2069,200,GET,ts-travel-service
1650411695,ts-basic-service,e326f575a141f4f8,c1fed22ed35c96fc,6176cd0e372857fa,4797,200,queryForStationId,ts-ticketinfo-service
1650411695,ts-ticketinfo-service,1fd47eb601ed2cee,9131af6a8895d6d4,6176cd0e372857fa,9431,200,queryForStationId,ts-travel-service
1650411695,ts-ticketinfo-service,c1fed22ed35c96fc,361de1adf9176c20,6176cd0e372857fa,5578,200,GET,ts-ticketinfo-service
1650411695,ts-travel-service,511b9eca00d1e279,6176cd0e372857fa,6176cd0e372857fa,2246,200,GET,ts-travel-service
1650411695,ts-assurance-service,ecb6bc6d55c07139,,ecb6bc6d55c07139,1748,200,getAllAssuranceType,no_parent
1650411695,ts-auth-service,a6375497dea832b1,cbb94342a6d049ee,cbb94342a6d049ee,3181,200,GET,ts-auth-service
1650411695,ts-auth-service,cbb94342a6d049ee,,cbb94342a6d049ee,115121,200,getToken,no_parent
1650411695,ts-order-other-service,13766308ea0c55be,2eb6ee7ef1aa2027,22b71f7dfddd9a3c,3684,200,securityInfoCheck,ts-security-service
1650411695,ts-contacts-service,5ef38e8efb9a41b1,fbe4430979cfc5ac,22b71f7dfddd9a3c,2215,200,getContactsByContactsId,ts-preserve-service
1650411695,ts-route-service,28362151384cd63,9871f1e42a667dfb,6176cd0e372857fa,1619,200,queryById,ts-travel-service
1650411695,ts-order-service,cc2e28a3d6e6b883,798b2cc9702f6e1d,22b71f7dfddd9a3c,3506,200,securityInfoCheck,ts-security-service
1650411695,ts-preserve-service,22b71f7dfddd9a3c,,22b71f7dfddd9a3c,22657,200,preserve,no_parent
1650411695,ts-preserve-service,72b468e517ee3c91,22b71f7dfddd9a3c,22b71f7dfddd9a3c,15986,200,GET,ts-preserve-service
1650411695,ts-station-service,ebd8db29b544a6d,1f2b694bab40fe33,6176cd0e372857fa,2249,200,queryForStationId,ts-basic-service
1650411695,ts-basic-service,1f2b694bab40fe33,ba5c5db5f2b1a476,6176cd0e372857fa,3452,200,GET,ts-basic-service
1650411695,ts-preserve-service,fbe4430979cfc5ac,22b71f7dfddd9a3c,22b71f7dfddd9a3c,3550,200,GET,ts-preserve-service
1650411695,ts-basic-service,118f4e8b9a99ba96,e326f575a141f4f8,6176cd0e372857fa,2617,200,GET,ts-basic-service
1650411695,ts-station-service,b0c7104050327cb6,118f4e8b9a99ba96,6176cd0e372857fa,1884,200,queryForStationId,ts-basic-service
1650411695,ts-travel-service,9131af6a8895d6d4,6176cd0e372857fa,6176cd0e372857fa,10991,200,GET,ts-travel-service
1650411695,ts-route-service,64707aa530bb7ff7,18f473d73415e765,6176cd0e372857fa,2232,200,queryById,ts-travel-service
1650411695,ts-route-service,2e53470361d9efb1,419e543cb4b9078,6176cd0e372857fa,2149,200,queryById,ts-travel-service
1650411695,ts-security-service,2eb6ee7ef1aa2027,756e08a3e78e5bbf,22b71f7dfddd9a3c,5070,200,GET,ts-security-service
1650411695,ts-security-service,756e08a3e78e5bbf,72b468e517ee3c91,22b71f7dfddd9a3c,14372,200,check,ts-preserve-service
1650411695,ts-security-service,798b2cc9702f6e1d,756e08a3e78e5bbf,22b71f7dfddd9a3c,4825,200,GET,ts-security-service
1650411755,ts-station-service,eae06a5dc3596b8a,ac2bc8be154a8946,f1085a4b7a1132b,2540,200,queryForStationId,ts-basic-service
1650411755,ts-station-service,5c236cddc3fb95d0,d277f92ffaef1c7c,f1085a4b7a1132b,9023,200,queryForStationId,ts-basic-service
1650411755,ts-travel-service,b6f1b0bcc580e3d,f1085a4b7a1132b,f1085a4b7a1132b,2898,200,GET,ts-travel-service
1650411755,ts-auth-service,b605035766d838d1,766dca79898200ab,766dca79898200ab,3701,200,GET,ts-auth-service
1650411755,ts-auth-service,766dca79898200ab,,766dca79898200ab,104312,200,getToken,no_parent
1650411755,ts-ticketinfo-service,4909e0094f61659a,313f6e732abc0dde,f1085a4b7a1132b,12480,200,GET,ts-ticketinfo-service
1650411755,ts-route-service,97c4ca92126e0218,b6f1b0bcc580e3d,f1085a4b7a1132b,2816,200,queryById,ts-travel-service
1650411755,ts-ticketinfo-service,e29e3a9d08d69c7d,2842343e8de6ed0e,f1085a4b7a1132b,7372,200,GET,ts-ticketinfo-service
1650411755,ts-travel-service,da794f5af18524d6,f1085a4b7a1132b,f1085a4b7a1132b,2741,200,GET,ts-travel-service
1650411755,ts-route-service,6b86a137593d0b39,74e3bfdb8acd6fcf,f1085a4b7a1132b,7524,200,queryById,ts-travel-service
1650411755,ts-travel-service,1739c867a79ccab9,f1085a4b7a1132b,f1085a4b7a1132b,11291,200,GET,ts-travel-service
1650411755,ts-order-service,65a7db4982e32b69,82aae4185ef1a4b7,4f90992bf8753655,3520,200,securityInfoCheck,ts-security-service
1650411755,ts-ticketinfo-service,313f6e732abc0dde,d56f771f2e42a418,f1085a4b7a1132b,14532,200,queryForStationId,ts-travel-service
1650411755,ts-travel-service,40014852cf753a0f,f1085a4b7a1132b,f1085a4b7a1132b,4158,200,GET,ts-travel-service
1650411755,ts-preserve-service,4f90992bf8753655,,4f90992bf8753655,22902,200,preserve,no_parent
1650411755,ts-preserve-service,3565c59eaa7c0a4e,4f90992bf8753655,4f90992bf8753655,16239,200,GET,ts-preserve-service
1650411755,ts-travel-service,e500918f86493098,f1085a4b7a1132b,f1085a4b7a1132b,3391,200,GET,ts-travel-service
1650411755,ts-order-other-service,48116a6af162fdd6,4986a8740d854d30,4f90992bf8753655,3695,200,securityInfoCheck,ts-security-service
1650411755,ts-travel-service,74e3bfdb8acd6fcf,f1085a4b7a1132b,f1085a4b7a1132b,7201,200,GET,ts-travel-service
1650411755,ts-travel-service,f1085a4b7a1132b,,f1085a4b7a1132b,56616,200,queryInfo,no_parent
1650411755,ts-security-service,4986a8740d854d30,c2d6bf4539af7ea6,4f90992bf8753655,5008,200,GET,ts-security-service
1650411755,ts-security-service,c2d6bf4539af7ea6,3565c59eaa7c0a4e,4f90992bf8753655,14669,200,check,ts-preserve-service
1650411755,ts-route-service,4b442b916760ae22,e500918f86493098,f1085a4b7a1132b,3127,200,queryById,ts-travel-service
1650411755,ts-basic-service,ac2bc8be154a8946,e94b93b2f897fda8,f1085a4b7a1132b,3674,200,GET,ts-basic-service
1650411755,ts-security-service,82aae4185ef1a4b7,c2d6bf4539af7ea6,4f90992bf8753655,4926,200,GET,ts-security-service
1650411755,ts-travel-service,d56f771f2e42a418,f1085a4b7a1132b,f1085a4b7a1132b,14943,200,GET,ts-travel-service
1650411755,ts-contacts-service,a34ef6300f348ba1,47400d70cc0249e,4f90992bf8753655,2298,200,getContactsByContactsId,ts-preserve-service
1650411755,ts-basic-service,cc42103339dae35b,4909e0094f61659a,f1085a4b7a1132b,11789,200,queryForStationId,ts-ticketinfo-service
1650411755,ts-basic-service,d277f92ffaef1c7c,cc42103339dae35b,f1085a4b7a1132b,9751,200,GET,ts-basic-service
1650411755,ts-basic-service,e94b93b2f897fda8,e29e3a9d08d69c7d,f1085a4b7a1132b,6197,200,queryForStationId,ts-ticketinfo-service
1650411755,ts-route-service,1f97f0143de6bc38,da794f5af18524d6,f1085a4b7a1132b,2395,200,queryById,ts-travel-service
1650411755,ts-route-service,182ead934fbd46f5,40014852cf753a0f,f1085a4b7a1132b,2327,200,queryById,ts-travel-service
1650411755,ts-ticketinfo-service,2842343e8de6ed0e,1739c867a79ccab9,f1085a4b7a1132b,9803,200,queryForStationId,ts-travel-service
1650411755,ts-preserve-service,47400d70cc0249e,4f90992bf8753655,4f90992bf8753655,3557,200,GET,ts-preserve-service
1650411755,ts-verification-code-service,2639f557b4dd4b4b,b605035766d838d1,766dca79898200ab,1988,200,verifyCode,ts-auth-service
1650411755,ts-assurance-service,8f191f8dc32dbb52,,8f191f8dc32dbb52,1606,200,getAllAssuranceType,no_parent
1650411815,ts-security-service,d7966d737ca78e7e,d4fbeda3de85d2d1,1147c574cac5fdb1,5525,200,GET,ts-security-service
1650411815,ts-order-other-service,35c3a14d71238fda,d7966d737ca78e7e,1147c574cac5fdb1,3615,200,securityInfoCheck,ts-security-service
1650411815,ts-order-service,ea45a74d3cbef4a5,85edd9712060e95b,1147c574cac5fdb1,10564,200,securityInfoCheck,ts-security-service
1650411815,ts-security-service,d4fbeda3de85d2d1,5f3d3fbc52990a1,1147c574cac5fdb1,21875,200,check,ts-preserve-service
1650411815,ts-preserve-service,1147c574cac5fdb1,,1147c574cac5fdb1,29869,200,preserve,no_parent
1650411815,ts-preserve-service,5f3d3fbc52990a1,1147c574cac5fdb1,1147c574cac5fdb1,23496,200,GET,ts-preserve-service
1650411815,ts-preserve-service,7b996af4770f6602,1147c574cac5fdb1,1147c574cac5fdb1,3361,200,GET,ts-preserve-service
1650411815,ts-contacts-service,e645faeab271402f,7b996af4770f6602,1147c574cac5fdb1,2127,200,getContactsByContactsId,ts-preserve-service
1650411815,ts-security-service,85edd9712060e95b,d4fbeda3de85d2d1,1147c574cac5fdb1,11958,200,GET,ts-security-service
1650411815,ts-auth-service,8895fd2b811cbdd4,,8895fd2b811cbdd4,111589,200,getToken,no_parent
1650411815,ts-auth-service,4b1488519eb1afef,8895fd2b811cbdd4,8895fd2b811cbdd4,3557,200,GET,ts-auth-service
1650411815,ts-verification-code-service,5ac398c68bed2f7,4b1488519eb1afef,8895fd2b811cbdd4,1829,200,verifyCode,ts-auth-service
1650411816,ts-assurance-service,69dbec8330ca3c72,,69dbec8330ca3c72,1609,200,getAllAssuranceType,no_parent
1650411816,ts-travel-service,bf7717497e45456c,93f1f06961540ab6,93f1f06961540ab6,1873,200,GET,ts-travel-service
1650411816,ts-travel-service,835de3438a2495d6,93f1f06961540ab6,93f1f06961540ab6,2651,200,GET,ts-travel-service
1650411816,ts-travel-service,1149471579498c4e,93f1f06961540ab6,93f1f06961540ab6,3059,200,GET,ts-travel-service
1650411816,ts-travel-service,3e6c00653f2de112,93f1f06961540ab6,93f1f06961540ab6,10904,200,GET,ts-travel-service
1650411816,ts-station-service,7427de6f0c423ef3,755c40d0f326d3e0,93f1f06961540ab6,2074,200,queryForStationId,ts-basic-service
1650411816,ts-station-service,1411e685eb9b8262,6d932802f6b41735,93f1f06961540ab6,2446,200,queryForStationId,ts-basic-service
1650411816,ts-basic-service,755c40d0f326d3e0,54917236fe847770,93f1f06961540ab6,2781,200,GET,ts-basic-service
1650411816,ts-basic-service,6d932802f6b41735,d00be32335dfd433,93f1f06961540ab6,3611,200,GET,ts-basic-service
1650411816,ts-basic-service,54917236fe847770,98adca852da601bd,93f1f06961540ab6,4884,200,queryForStationId,ts-ticketinfo-service
1650411816,ts-basic-service,d00be32335dfd433,2a5e4d84fa293b76,93f1f06961540ab6,6114,200,queryForStationId,ts-ticketinfo-service
1650411816,ts-travel-service,4a52270bd2a8d84f,93f1f06961540ab6,93f1f06961540ab6,4679,200,GET,ts-travel-service
1650411816,ts-travel-service,d2a3112f09ade1ff,93f1f06961540ab6,93f1f06961540ab6,3160,200,GET,ts-travel-service
1650411816,ts-travel-service,edc9c1795866ab4b,93f1f06961540ab6,93f1f06961540ab6,8281,200,GET,ts-travel-service
1650411816,ts-route-service,2e2af61ff9f373ca,4a52270bd2a8d84f,93f1f06961540ab6,3125,200,queryById,ts-travel-service
1650411816,ts-ticketinfo-service,98adca852da601bd,bc36de767cf9e922,93f1f06961540ab6,5643,200,GET,ts-ticketinfo-service
1650411816,ts-ticketinfo-service,45c60e2119db1396,3e6c00653f2de112,93f1f06961540ab6,9629,200,queryForStationId,ts-travel-service
1650411816,ts-travel-service,93f1f06961540ab6,,93f1f06961540ab6,44440,200,queryInfo,no_parent
1650411816,ts-ticketinfo-service,bc36de767cf9e922,edc9c1795866ab4b,93f1f06961540ab6,7771,200,queryForStationId,ts-travel-service
1650411816,ts-route-service,3edba3c9c14b1097,1149471579498c4e,93f1f06961540ab6,2937,200,queryById,ts-travel-service
1650411816,ts-route-service,1f0a2fc976310f9,bf7717497e45456c,93f1f06961540ab6,1584,200,queryById,ts-travel-service
1650411816,ts-route-service,26907853ffea9238,d2a3112f09ade1ff,93f1f06961540ab6,2576,200,queryById,ts-travel-service
1650411816,ts-ticketinfo-service,2a5e4d84fa293b76,45c60e2119db1396,93f1f06961540ab6,7320,200,GET,ts-ticketinfo-service
1650411816,ts-route-service,68aa55a160f852f,835de3438a2495d6,93f1f06961540ab6,2551,200,queryById,ts-travel-service
1650411876,ts-ticketinfo-service,4b21faa7376455af,7351b2798b7ca147,a2757ff22beb718,7211,200,GET,ts-ticketinfo-service
1650411876,ts-security-service,5f4ab97099d3bc53,fad5bba282d83e5c,60d37955de3b2e47,14098,200,check,ts-preserve-service
1650411876,ts-security-service,3c13af3800917413,5f4ab97099d3bc53,60d37955de3b2e47,4589,200,GET,ts-security-service
1650411876,ts-ticketinfo-service,c9f19dccdf1c293,85a9707807edb0a4,a2757ff22beb718,7892,200,queryForStationId,ts-travel-service
1650411876,ts-ticketinfo-service,7351b2798b7ca147,31d4e9d3e241eaa7,a2757ff22beb718,9093,200,queryForStationId,ts-travel-service
1650411876,ts-ticketinfo-service,b32431818b6a87e8,c9f19dccdf1c293,a2757ff22beb718,5838,200,GET,ts-ticketinfo-service
1650411876,ts-station-service,45f5dd093d615cf4,c8b41cb288515c6c,a2757ff22beb718,2595,200,queryForStationId,ts-basic-service
1650411876,ts-order-service,da5d99790326901b,3c13af3800917413,60d37955de3b2e47,3522,200,securityInfoCheck,ts-security-service
1650411876,ts-contacts-service,81716b60c813f59,b724f6565e5baa35,60d37955de3b2e47,2511,200,getContactsByContactsId,ts-preserve-service
1650411876,ts-basic-service,c8b41cb288515c6c,8a837ffb52e97cc7,a2757ff22beb718,3696,200,GET,ts-basic-service
1650411876,ts-basic-service,8a837ffb52e97cc7,4b21faa7376455af,a2757ff22beb718,6246,200,queryForStationId,ts-ticketinfo-service
1650411876,ts-basic-service,8ad2740a125a94fb,b32431818b6a87e8,a2757ff22beb718,5141,200,queryForStationId,ts-ticketinfo-service
1650411876,ts-basic-service,1c35f46137d6ecb4,8ad2740a125a94fb,a2757ff22beb718,3037,200,GET,ts-basic-service
1650411876,ts-preserve-service,fad5bba282d83e5c,60d37955de3b2e47,60d37955de3b2e47,15595,200,GET,ts-preserve-service
1650411876,ts-preserve-service,60d37955de3b2e47,,60d37955de3b2e47,22525,200,preserve,no_parent
1650411876,ts-preserve-service,b724f6565e5baa35,60d37955de3b2e47,60d37955de3b2e47,3648,200,GET,ts-preserve-service
1650411876,ts-security-service,3fefbaf4d92f4960,5f4ab97099d3bc53,60d37955de3b2e47,4868,200,GET,ts-security-service
1650411876,ts-travel-service,31d4e9d3e241eaa7,a2757ff22beb718,a2757ff22beb718,10470,200,GET,ts-travel-service
1650411876,ts-order-other-service,5c5954048481a475,3fefbaf4d92f4960,60d37955de3b2e47,3526,200,securityInfoCheck,ts-security-service
1650411876,ts-route-service,c210f0eb7e229f10,e9220bed9e4b5970,a2757ff22beb718,1978,200,queryById,ts-travel-service
1650411876,ts-route-service,6a64b63ec0baa020,f9dcd12a0fde1a62,a2757ff22beb718,2013,200,queryById,ts-travel-service
1650411876,ts-travel-service,f9dcd12a0fde1a62,a2757ff22beb718,a2757ff22beb718,2486,200,GET,ts-travel-service
1650411876,ts-travel-service,85a9707807edb0a4,a2757ff22beb718,a2757ff22beb718,8339,200,GET,ts-travel-service
1650411876,ts-station-service,5d591c150e5d786d,1c35f46137d6ecb4,a2757ff22beb718,2207,200,queryForStationId,ts-basic-service
1650411876,ts-travel-service,e9220bed9e4b5970,a2757ff22beb718,a2757ff22beb718,2101,200,GET,ts-travel-service
1650411876,ts-route-service,cc13bd92e6765025,79129150722ea116,a2757ff22beb718,1973,200,queryById,ts-travel-service
1650411876,ts-route-service,3e1f9c5d4e53880,be1d6590bc4e1e3f,a2757ff22beb718,2013,200,queryById,ts-travel-service
1650411876,ts-travel-service,a2757ff22beb718,,a2757ff22beb718,40572,200,queryInfo,no_parent
1650411876,ts-travel-service,79129150722ea116,a2757ff22beb718,a2757ff22beb718,2098,200,GET,ts-travel-service
1650411876,ts-travel-service,2d4d07b51fec8c6,a2757ff22beb718,a2757ff22beb718,3742,200,GET,ts-travel-service
1650411876,ts-travel-service,be1d6590bc4e1e3f,a2757ff22beb718,a2757ff22beb718,2142,200,GET,ts-travel-service
1650411876,ts-route-service,f0711090f596cb9,2d4d07b51fec8c6,a2757ff22beb718,2433,200,queryById,ts-travel-service
1650411876,ts-assurance-service,2aaa57b048529682,,2aaa57b048529682,1363,200,getAllAssuranceType,no_parent
1650411876,ts-auth-service,c88dd1c4be4cbcf7,,c88dd1c4be4cbcf7,107171,200,getToken,no_parent
1650411876,ts-auth-service,20392cd42b5f6eba,c88dd1c4be4cbcf7,c88dd1c4be4cbcf7,3492,200,GET,ts-auth-service
1650411876,ts-verification-code-service,f0d7e1223747ab8d,20392cd42b5f6eba,c88dd1c4be4cbcf7,1728,200,verifyCode,ts-auth-service
1650411936,ts-ticketinfo-service,af1c0701f960dd7c,23116d8ce120b272,1513edabb44478b7,6968,200,GET,ts-ticketinfo-service
1650411936,ts-ticketinfo-service,4023ab45bef0d055,b91a4625776bbb8b,1513edabb44478b7,5719,200,GET,ts-ticketinfo-service
1650411936,ts-ticketinfo-service,b91a4625776bbb8b,c48fbc915f3fbaf8,1513edabb44478b7,7688,200,queryForStationId,ts-travel-service
1650411936,ts-travel-service,5561f7d942fd8c78,1513edabb44478b7,1513edabb44478b7,2576,200,GET,ts-travel-service
1650411936,ts-travel-service,1a17f3e9dd460068,1513edabb44478b7,1513edabb44478b7,2945,200,GET,ts-travel-service
1650411936,ts-travel-service,5ac87650fef530fd,1513edabb44478b7,1513edabb44478b7,2607,200,GET,ts-travel-service
1650411936,ts-route-service,456f7db900cdcc64,5ac87650fef530fd,1513edabb44478b7,2526,200,queryById,ts-travel-service
1650411936,ts-route-service,3acff734feb5cfc9,cecbab3497c24799,1513edabb44478b7,1736,200,queryById,ts-travel-service
1650411936,ts-verification-code-service,f033585a0428d9b1,65a3edd7ad083f70,b9b7692556f03747,1829,200,verifyCode,ts-auth-service
1650411936,ts-auth-service,b9b7692556f03747,,b9b7692556f03747,108864,200,getToken,no_parent
1650411936,ts-auth-service,65a3edd7ad083f70,b9b7692556f03747,b9b7692556f03747,3473,200,GET,ts-auth-service
1650411936,ts-ticketinfo-service,23116d8ce120b272,37efbc0474890cb8,1513edabb44478b7,9277,200,queryForStationId,ts-travel-service
1650411936,ts-travel-service,1513edabb44478b7,,1513edabb44478b7,43218,200,queryInfo,no_parent
1650411936,ts-route-service,dbfb2aee5e86c8e3,2e6cd3ed62ba7a9b,1513edabb44478b7,3005,200,queryById,ts-travel-service
1650411936,ts-route-service,99036df6eb06f260,1a17f3e9dd460068,1513edabb44478b7,2530,200,queryById,ts-travel-service
1650411936,ts-route-service,cd7a51c91c7e4ad6,5561f7d942fd8c78,1513edabb44478b7,2374,200,queryById,ts-travel-service
1650411936,ts-basic-service,beeef6cee955ada1,4023ab45bef0d055,1513edabb44478b7,4973,200,queryForStationId,ts-ticketinfo-service
1650411936,ts-basic-service,c210bbfd0a8be4df,af1c0701f960dd7c,1513edabb44478b7,5778,200,queryForStationId,ts-ticketinfo-service
1650411936,ts-basic-service,42a95e3d4257b7d9,beeef6cee955ada1,1513edabb44478b7,2822,200,GET,ts-basic-service
1650411936,ts-station-service,a6ae1e081a4a0162,fc33b05eedce3062,1513edabb44478b7,2199,200,queryForStationId,ts-basic-service
1650411936,ts-station-service,f09c1662b95c27b6,42a95e3d4257b7d9,1513edabb44478b7,1843,200,queryForStationId,ts-basic-service
1650411936,ts-contacts-service,af8d94d6d11ebf6,37c70d069a64e411,6d4ff38bc02c4c05,2481,200,getContactsByContactsId,ts-preserve-service
1650411936,ts-contacts-service,6874fc69ca31c864,,6874fc69ca31c864,3010,200,findContactsByAccountId,no_parent
1650411936,ts-preserve-service,27f98610e94d1bc2,6d4ff38bc02c4c05,6d4ff38bc02c4c05,15787,200,GET,ts-preserve-service
1650411936,ts-order-other-service,22e608f35f98d054,4dc9d8e95eaf8122,6d4ff38bc02c4c05,3476,200,securityInfoCheck,ts-security-service
1650411936,ts-security-service,1a2fe2f90e1e342a,808d9375c1fce774,6d4ff38bc02c4c05,4575,200,GET,ts-security-service
1650411936,ts-order-service,3f36c85269773edf,1a2fe2f90e1e342a,6d4ff38bc02c4c05,3271,200,securityInfoCheck,ts-security-service
1650411936,ts-preserve-service,37c70d069a64e411,6d4ff38bc02c4c05,6d4ff38bc02c4c05,3436,200,GET,ts-preserve-service
1650411936,ts-preserve-service,6d4ff38bc02c4c05,,6d4ff38bc02c4c05,22275,200,preserve,no_parent
1650411936,ts-basic-service,fc33b05eedce3062,c210bbfd0a8be4df,1513edabb44478b7,3333,200,GET,ts-basic-service
1650411936,ts-security-service,4dc9d8e95eaf8122,808d9375c1fce774,6d4ff38bc02c4c05,4637,200,GET,ts-security-service
1650411936,ts-security-service,808d9375c1fce774,27f98610e94d1bc2,6d4ff38bc02c4c05,13752,200,check,ts-preserve-service
1650411936,ts-station-service,745535be6602b01d,9d9bf6091f727fce,386b040905017c13,8057,200,queryForNameBatch,ts-order-service
1650411936,ts-order-service,386b040905017c13,,386b040905017c13,13067,200,queryOrdersForRefresh,no_parent
1650411936,ts-order-service,9d9bf6091f727fce,386b040905017c13,386b040905017c13,9589,200,POST,ts-order-service
1650411936,ts-travel-service,2e6cd3ed62ba7a9b,1513edabb44478b7,1513edabb44478b7,4333,200,GET,ts-travel-service
1650411936,ts-travel-service,c48fbc915f3fbaf8,1513edabb44478b7,1513edabb44478b7,8166,200,GET,ts-travel-service
1650411936,ts-travel-service,37efbc0474890cb8,1513edabb44478b7,1513edabb44478b7,10866,200,GET,ts-travel-service
1650411936,ts-travel-service,cecbab3497c24799,1513edabb44478b7,1513edabb44478b7,1942,200,GET,ts-travel-service
1650411936,ts-assurance-service,76da5a22b9757873,,76da5a22b9757873,1584,200,getAllAssuranceType,no_parent
1650411996,ts-preserve-service,bcf92297771c6da6,,bcf92297771c6da6,21851,200,preserve,no_parent
1650411996,ts-order-other-service,a72d92a9d38909e7,4fedf8cbcf48488d,bcf92297771c6da6,3451,200,securityInfoCheck,ts-security-service
1650411996,ts-security-service,96cf364c76bf481,87c67b29cc280d3c,bcf92297771c6da6,4667,200,GET,ts-security-service
1650411996,ts-security-service,4fedf8cbcf48488d,87c67b29cc280d3c,bcf92297771c6da6,4738,200,GET,ts-security-service
1650411996,ts-security-service,87c67b29cc280d3c,ed0f5146a0e929c8,bcf92297771c6da6,14040,200,check,ts-preserve-service
1650411996,ts-verification-code-service,94a7f888bd8b60d3,aeff94c4e90e7640,6c370dd23b6d8583,2466,200,verifyCode,ts-auth-service
1650411996,ts-ticketinfo-service,37eededd41e09894,a08c6c3dca3feacd,4144fcaaf402dc0d,10339,200,queryForStationId,ts-travel-service
1650411996,ts-basic-service,fe1220aed27560b1,85d0ef38bc456be1,4144fcaaf402dc0d,4169,200,GET,ts-basic-service
1650411996,ts-basic-service,85d0ef38bc456be1,ef2dda1511a057db,4144fcaaf402dc0d,6760,200,queryForStationId,ts-ticketinfo-service
1650411996,ts-basic-service,fc170658edb17e0,d5154a37d9bae636,4144fcaaf402dc0d,2773,200,GET,ts-basic-service
1650411996,ts-route-service,cb6051b573324b7e,edef2176edceec6a,4144fcaaf402dc0d,1872,200,queryById,ts-travel-service
1650411996,ts-route-service,d7d6265de91c81dc,fd47b80a481ec5eb,4144fcaaf402dc0d,2242,200,queryById,ts-travel-service
1650411996,ts-route-service,3ad34089b74026ad,a4f38f7a9e3a36eb,4144fcaaf402dc0d,2922,200,queryById,ts-travel-service
1650411996,ts-route-service,60c09195b621b80,ddf06fe46cfd88f,4144fcaaf402dc0d,2330,200,queryById,ts-travel-service
1650411996,ts-basic-service,d5154a37d9bae636,38330f1cf24f0dc1,4144fcaaf402dc0d,4796,200,queryForStationId,ts-ticketinfo-service
1650411996,ts-station-service,d06fe8f99eb249be,fe1220aed27560b1,4144fcaaf402dc0d,2613,200,queryForStationId,ts-basic-service
1650411996,ts-station-service,1bada6c0afb5a79a,fc170658edb17e0,4144fcaaf402dc0d,2106,200,queryForStationId,ts-basic-service
1650411996,ts-route-service,5da2eb80e8b9a146,35824428e1022638,4144fcaaf402dc0d,1888,200,queryById,ts-travel-service
1650411996,ts-ticketinfo-service,ef2dda1511a057db,37eededd41e09894,4144fcaaf402dc0d,7887,200,GET,ts-ticketinfo-service
1650411996,ts-ticketinfo-service,38330f1cf24f0dc1,32035b2f163d001e,4144fcaaf402dc0d,5470,200,GET,ts-ticketinfo-service
1650411996,ts-assurance-service,945e03d8c679c8aa,,945e03d8c679c8aa,1919,200,getAllAssuranceType,no_parent
1650411996,ts-travel-service,a08c6c3dca3feacd,4144fcaaf402dc0d,4144fcaaf402dc0d,11763,200,GET,ts-travel-service
1650411996,ts-travel-service,a4f38f7a9e3a36eb,4144fcaaf402dc0d,4144fcaaf402dc0d,4101,200,GET,ts-travel-service
1650411996,ts-preserve-service,ed0f5146a0e929c8,bcf92297771c6da6,bcf92297771c6da6,15586,200,GET,ts-preserve-service
1650411996,ts-preserve-service,30ae9aca7e6084f0,bcf92297771c6da6,bcf92297771c6da6,3316,200,GET,ts-preserve-service
1650411996,ts-travel-service,fd47b80a481ec5eb,4144fcaaf402dc0d,4144fcaaf402dc0d,2358,200,GET,ts-travel-service
1650411996,ts-travel-service,a18bc864a3e0954,4144fcaaf402dc0d,4144fcaaf402dc0d,7935,200,GET,ts-travel-service
1650411996,ts-travel-service,ddf06fe46cfd88f,4144fcaaf402dc0d,4144fcaaf402dc0d,2811,200,GET,ts-travel-service
1650411996,ts-travel-service,4144fcaaf402dc0d,,4144fcaaf402dc0d,42528,200,queryInfo,no_parent
1650411996,ts-travel-service,edef2176edceec6a,4144fcaaf402dc0d,4144fcaaf402dc0d,2028,200,GET,ts-travel-service
1650411996,ts-ticketinfo-service,32035b2f163d001e,a18bc864a3e0954,4144fcaaf402dc0d,7518,200,queryForStationId,ts-travel-service
1650411996,ts-travel-service,35824428e1022638,4144fcaaf402dc0d,4144fcaaf402dc0d,2083,200,GET,ts-travel-service
1650411996,ts-station-service,5cf23a85b3ab77dd,e9cb6398bd7a5b4b,3609392f7a05812a,7831,200,queryForNameBatch,ts-order-service
1650411996,ts-order-service,e9cb6398bd7a5b4b,3609392f7a05812a,3609392f7a05812a,9247,200,POST,ts-order-service
1650411996,ts-order-service,3609392f7a05812a,,3609392f7a05812a,12375,200,queryOrdersForRefresh,no_parent
1650411996,ts-contacts-service,b401d171dcafce20,30ae9aca7e6084f0,bcf92297771c6da6,2092,200,getContactsByContactsId,ts-preserve-service
1650411996,ts-order-service,879461b0bb369519,96cf364c76bf481,bcf92297771c6da6,3396,200,securityInfoCheck,ts-security-service
1650411996,ts-contacts-service,c4bc9217a6ad6c38,,c4bc9217a6ad6c38,3041,200,findContactsByAccountId,no_parent
1650411996,ts-verification-code-service,3ab5a08efbe0cf40,,3ab5a08efbe0cf40,6804,200,imageCode,no_parent
1650411996,ts-auth-service,6c370dd23b6d8583,,6c370dd23b6d8583,107112,200,getToken,no_parent
1650411996,ts-auth-service,aeff94c4e90e7640,6c370dd23b6d8583,6c370dd23b6d8583,4280,200,GET,ts-auth-service
1650412057,ts-security-service,9d3617b0ff6f6c0e,5a70b2b9fd72b186,aed2f229f788f248,3733,200,GET,ts-security-service
1650412057,ts-order-service,1d84f3f3b20f888,144656f515c6c97c,aed2f229f788f248,3373,200,securityInfoCheck,ts-security-service
1650412057,ts-preserve-service,fcb1344a0d868739,aed2f229f788f248,aed2f229f788f248,12972,200,GET,ts-preserve-service
1650412057,ts-preserve-service,a2acbc8fdbba3bf1,aed2f229f788f248,aed2f229f788f248,3109,200,GET,ts-preserve-service
1650412057,ts-verification-code-service,12f008bdb1a701e9,d1b6c000bab1d04b,e04c6c96342e111,1683,200,verifyCode,ts-auth-service
1650412057,ts-auth-service,d1b6c000bab1d04b,e04c6c96342e111,e04c6c96342e111,3407,200,GET,ts-auth-service
1650412057,ts-auth-service,e04c6c96342e111,,e04c6c96342e111,106975,200,getToken,no_parent
1650412057,ts-station-service,30a96e8aadb437d3,efd961f1c258df99,c847924c53d222e9,2006,200,queryForStationId,ts-basic-service
1650412057,ts-basic-service,efd961f1c258df99,a26ef53bae0566ca,c847924c53d222e9,2715,200,GET,ts-basic-service
1650412057,ts-travel-service,9d1a937bfc1e71c1,c847924c53d222e9,c847924c53d222e9,2543,200,GET,ts-travel-service
1650412057,ts-ticketinfo-service,e37c4d578d11ae84,8ae2696d0e9e214b,c847924c53d222e9,6933,200,GET,ts-ticketinfo-service
1650412057,ts-ticketinfo-service,367cae7b7931ac3e,5f5c42a157a504bb,c847924c53d222e9,7728,200,queryForStationId,ts-travel-service
1650412057,ts-verification-code-service,fb5efd84e4105379,,fb5efd84e4105379,2687,200,imageCode,no_parent
1650412057,ts-travel-service,a9ca9954ca20cf1,c847924c53d222e9,c847924c53d222e9,2570,200,GET,ts-travel-service
1650412057,ts-travel-service,c2cc225876c76d62,c847924c53d222e9,c847924c53d222e9,4290,200,GET,ts-travel-service
1650412057,ts-station-service,b38c27d6da54634e,88ea2c87929dee1a,c847924c53d222e9,2205,200,queryForStationId,ts-basic-service
1650412057,ts-basic-service,a26ef53bae0566ca,a88acc41d85f7f11,c847924c53d222e9,4812,200,queryForStationId,ts-ticketinfo-service
1650412057,ts-route-service,7e1992068d199fb9,c8027e81aa1ec2bd,c847924c53d222e9,2517,200,queryById,ts-travel-service
1650412057,ts-route-service,303c1d59588a5791,9d1a937bfc1e71c1,c847924c53d222e9,2513,200,queryById,ts-travel-service
1650412057,ts-travel-service,c8027e81aa1ec2bd,c847924c53d222e9,c847924c53d222e9,2609,200,GET,ts-travel-service
1650412057,ts-travel-service,c847924c53d222e9,,c847924c53d222e9,42998,200,queryInfo,no_parent
1650412057,ts-basic-service,88ea2c87929dee1a,5ce0704d908117fd,c847924c53d222e9,3285,200,GET,ts-basic-service
1650412057,ts-route-service,13d200405d17593c,a9ca9954ca20cf1,c847924c53d222e9,2486,200,queryById,ts-travel-service
1650412057,ts-ticketinfo-service,8ae2696d0e9e214b,7179d5ec51094569,c847924c53d222e9,9191,200,queryForStationId,ts-travel-service
1650412057,ts-order-other-service,2d00059257227066,9d3617b0ff6f6c0e,aed2f229f788f248,2784,200,securityInfoCheck,ts-security-service
1650412057,ts-station-service,db95d1f23f363ff9,872d344c4cc652da,2bf2b1e799467b2a,7289,200,queryForNameBatch,ts-order-service
1650412057,ts-security-service,5a70b2b9fd72b186,fcb1344a0d868739,aed2f229f788f248,11624,200,check,ts-preserve-service
1650412057,ts-travel-service,7179d5ec51094569,c847924c53d222e9,c847924c53d222e9,10794,200,GET,ts-travel-service
1650412057,ts-travel-service,43465439bb34539f,c847924c53d222e9,c847924c53d222e9,2938,200,GET,ts-travel-service
1650412057,ts-travel-service,5f5c42a157a504bb,c847924c53d222e9,c847924c53d222e9,8212,200,GET,ts-travel-service
1650412057,ts-basic-service,5ce0704d908117fd,e37c4d578d11ae84,c847924c53d222e9,5722,200,queryForStationId,ts-ticketinfo-service
1650412057,ts-ticketinfo-service,a88acc41d85f7f11,367cae7b7931ac3e,c847924c53d222e9,5587,200,GET,ts-ticketinfo-service
1650412057,ts-route-service,fd6a405a19b91fb2,43465439bb34539f,c847924c53d222e9,2556,200,queryById,ts-travel-service
1650412057,ts-route-service,966a315dc3bc0900,c2cc225876c76d62,c847924c53d222e9,3054,200,queryById,ts-travel-service
1650412057,ts-preserve-service,aed2f229f788f248,,aed2f229f788f248,18384,200,preserve,no_parent
1650412057,ts-security-service,144656f515c6c97c,5a70b2b9fd72b186,aed2f229f788f248,4299,200,GET,ts-security-service
1650412057,ts-contacts-service,223ace619282dec4,a2acbc8fdbba3bf1,aed2f229f788f248,1813,200,getContactsByContactsId,ts-preserve-service
1650412057,ts-contacts-service,eeecf0d1b7ef9eab,,eeecf0d1b7ef9eab,9467,200,findContactsByAccountId,no_parent
1650412057,ts-order-service,872d344c4cc652da,2bf2b1e799467b2a,2bf2b1e799467b2a,8495,200,POST,ts-order-service
1650412057,ts-order-service,2bf2b1e799467b2a,,2bf2b1e799467b2a,11361,200,queryOrdersForRefresh,no_parent
1650412057,ts-assurance-service,7faac4c9245ac78b,,7faac4c9245ac78b,1574,200,getAllAssuranceType,no_parent
1650412117,ts-basic-service,2fb60dfa598c5ec1,85960dec369890fa,28d6a51ed8607d4c,3692,200,GET,ts-basic-service
1650412117,ts-basic-service,eeb1c7e827886eca,88e4a1fa409dbd1,28d6a51ed8607d4c,5139,200,queryForStationId,ts-ticketinfo-service
1650412117,ts-station-service,d1d017d01a7b6360,c7a21ac2adaae7a6,e183f24199713674,7244,200,queryForNameBatch,ts-order-service
1650412117,ts-order-service,c7a21ac2adaae7a6,e183f24199713674,e183f24199713674,8686,200,POST,ts-order-service
1650412117,ts-station-service,c03ce92f347a6e01,2fb60dfa598c5ec1,28d6a51ed8607d4c,2555,200,queryForStationId,ts-basic-service
1650412117,ts-station-service,b665f2bbbfb8e80,a59656fd3753f089,28d6a51ed8607d4c,2260,200,queryForStationId,ts-basic-service
1650412117,ts-travel-service,3829b087201bf153,28d6a51ed8607d4c,28d6a51ed8607d4c,4266,200,GET,ts-travel-service
1650412117,ts-travel-service,20c9027cd0b36266,28d6a51ed8607d4c,28d6a51ed8607d4c,2960,200,GET,ts-travel-service
1650412117,ts-route-service,b84823a20fd1d7e0,3829b087201bf153,28d6a51ed8607d4c,2967,200,queryById,ts-travel-service
1650412117,ts-order-service,e183f24199713674,,e183f24199713674,11929,200,queryOrdersForRefresh,no_parent
1650412117,ts-assurance-service,945f00692ae22434,,945f00692ae22434,1588,200,getAllAssuranceType,no_parent
1650412117,ts-route-service,2fdb0e7ef2706024,83612bce0312416e,28d6a51ed8607d4c,12129,200,queryById,ts-travel-service
1650412117,ts-route-service,3504ce77678f414c,20c9027cd0b36266,28d6a51ed8607d4c,2609,200,queryById,ts-travel-service
1650412117,ts-route-service,c3b45978c9038540,81f8b129d8030f37,28d6a51ed8607d4c,2440,200,queryById,ts-travel-service
1650412117,ts-auth-service,5e0bf6fa9a03b21c,5746f22c48a5473f,5746f22c48a5473f,4236,200,GET,ts-auth-service
1650412117,ts-auth-service,5746f22c48a5473f,,5746f22c48a5473f,110168,200,getToken,no_parent
1650412117,ts-verification-code-service,253494aac8e83db1,5e0bf6fa9a03b21c,5746f22c48a5473f,1721,200,verifyCode,ts-auth-service
1650412117,ts-contacts-service,1d8218d172b4498e,3b88b36d83c33198,6acc53dd320251fb,2071,200,getContactsByContactsId,ts-preserve-service
1650412117,ts-order-service,2451de2343cef40c,2997e71bbd1f8b43,6acc53dd320251fb,3522,200,securityInfoCheck,ts-security-service
1650412117,ts-travel-service,87c0bcc142ce63e2,28d6a51ed8607d4c,28d6a51ed8607d4c,2591,200,GET,ts-travel-service
1650412117,ts-preserve-service,ef48a2e15a6ac9e2,6acc53dd320251fb,6acc53dd320251fb,15827,200,GET,ts-preserve-service
1650412117,ts-security-service,6261226a99afe069,bb1f6ab11d1d7f63,6acc53dd320251fb,4989,200,GET,ts-security-service
1650412117,ts-order-other-service,8a7c72e42aaca9f1,6261226a99afe069,6acc53dd320251fb,3613,200,securityInfoCheck,ts-security-service
1650412117,ts-security-service,2997e71bbd1f8b43,bb1f6ab11d1d7f63,6acc53dd320251fb,4880,200,GET,ts-security-service
1650412117,ts-contacts-service,f1da6f6c8425dd42,,f1da6f6c8425dd42,3051,200,findContactsByAccountId,no_parent
1650412117,ts-preserve-service,3b88b36d83c33198,6acc53dd320251fb,6acc53dd320251fb,3245,200,GET,ts-preserve-service
1650412117,ts-security-service,bb1f6ab11d1d7f63,ef48a2e15a6ac9e2,6acc53dd320251fb,14323,200,check,ts-preserve-service
1650412117,ts-preserve-service,6acc53dd320251fb,,6acc53dd320251fb,28133,200,preserve,no_parent
1650412117,ts-ticketinfo-service,bbfc30fdc3c99e39,b926acdda2f5d352,28d6a51ed8607d4c,7370,200,GET,ts-ticketinfo-service
1650412117,ts-ticketinfo-service,b926acdda2f5d352,eac05da9280bffaa,28d6a51ed8607d4c,9750,200,queryForStationId,ts-travel-service
1650412117,ts-travel-service,eac05da9280bffaa,28d6a51ed8607d4c,28d6a51ed8607d4c,11356,200,GET,ts-travel-service
1650412117,ts-route-service,b0693cbdf2a0e499,87c0bcc142ce63e2,28d6a51ed8607d4c,2523,200,queryById,ts-travel-service
1650412117,ts-ticketinfo-service,20978e3e808d1d87,f254a152de9f2708,28d6a51ed8607d4c,7891,200,queryForStationId,ts-travel-service
1650412117,ts-travel-service,28d6a51ed8607d4c,,28d6a51ed8607d4c,54004,200,queryInfo,no_parent
1650412117,ts-travel-service,83612bce0312416e,28d6a51ed8607d4c,28d6a51ed8607d4c,12184,200,GET,ts-travel-service
1650412117,ts-ticketinfo-service,88e4a1fa409dbd1,20978e3e808d1d87,28d6a51ed8607d4c,5790,200,GET,ts-ticketinfo-service
1650412117,ts-basic-service,a59656fd3753f089,eeb1c7e827886eca,28d6a51ed8607d4c,2960,200,GET,ts-basic-service
1650412117,ts-travel-service,f254a152de9f2708,28d6a51ed8607d4c,28d6a51ed8607d4c,8344,200,GET,ts-travel-service
1650412117,ts-travel-service,81f8b129d8030f37,28d6a51ed8607d4c,28d6a51ed8607d4c,2520,200,GET,ts-travel-service
1650412117,ts-basic-service,85960dec369890fa,bbfc30fdc3c99e39,28d6a51ed8607d4c,6306,200,queryForStationId,ts-ticketinfo-service
1650412117,ts-verification-code-service,9121a2da2781347f,,9121a2da2781347f,2740,200,imageCode,no_parent
1650412177,ts-travel-service,8b1759cdcdb2842d,947ac33bd97b4b2b,947ac33bd97b4b2b,1842,200,GET,ts-travel-service
1650412177,ts-travel-service,bae02c4753528572,947ac33bd97b4b2b,947ac33bd97b4b2b,2420,200,GET,ts-travel-service
1650412177,ts-route-service,d90aa3eddf7b2249,38334140d5d3060e,947ac33bd97b4b2b,2926,200,queryById,ts-travel-service
1650412177,ts-route-service,fe41ddc697b14adc,889a1f05c199a05a,947ac33bd97b4b2b,2435,200,queryById,ts-travel-service
1650412177,ts-route-service,62a30e5ea7bfa235,223ac387f58219f9,947ac33bd97b4b2b,2533,200,queryById,ts-travel-service
1650412177,ts-route-service,17ac93aec6e9fe3a,bae02c4753528572,947ac33bd97b4b2b,2219,200,queryById,ts-travel-service
1650412177,ts-route-service,98012def32a75748,8b1759cdcdb2842d,947ac33bd97b4b2b,1690,200,queryById,ts-travel-service
1650412177,ts-security-service,a3dca052f7a4f974,3607dcf00d9c34a2,47e555841bb66959,4985,200,GET,ts-security-service
1650412177,ts-security-service,3607dcf00d9c34a2,b09ad22940040aea,47e555841bb66959,14336,200,check,ts-preserve-service
1650412177,ts-security-service,87af3d9966ca8f25,3607dcf00d9c34a2,47e555841bb66959,4783,200,GET,ts-security-service
1650412177,ts-auth-service,241e40e1227d6579,,241e40e1227d6579,116965,200,getToken,no_parent
1650412177,ts-preserve-service,47e555841bb66959,,47e555841bb66959,22360,200,preserve,no_parent
1650412177,ts-preserve-service,b09ad22940040aea,47e555841bb66959,47e555841bb66959,15906,200,GET,ts-preserve-service
1650412177,ts-preserve-service,87569d99a6928ab0,47e555841bb66959,47e555841bb66959,3455,200,GET,ts-preserve-service
1650412177,ts-basic-service,83b6cc0f7d9ced59,e8a1936cdd5926db,947ac33bd97b4b2b,3274,200,GET,ts-basic-service
1650412177,ts-basic-service,e8a1936cdd5926db,8ed197d2b7263661,947ac33bd97b4b2b,5785,200,queryForStationId,ts-ticketinfo-service
1650412177,ts-basic-service,7f6972da9a846253,92fed48109de6f67,947ac33bd97b4b2b,2563,200,GET,ts-basic-service
1650412177,ts-verification-code-service,efea040a480c4c93,5d54d24d1a2dbc1c,241e40e1227d6579,1923,200,verifyCode,ts-auth-service
1650412177,ts-auth-service,5d54d24d1a2dbc1c,241e40e1227d6579,241e40e1227d6579,3715,200,GET,ts-auth-service
1650412177,ts-order-other-service,cd02e36d7b8efcd3,87af3d9966ca8f25,47e555841bb66959,3566,200,securityInfoCheck,ts-security-service
1650412177,ts-travel-service,889a1f05c199a05a,947ac33bd97b4b2b,947ac33bd97b4b2b,2811,200,GET,ts-travel-service
1650412177,ts-travel-service,38334140d5d3060e,947ac33bd97b4b2b,947ac33bd97b4b2b,4225,200,GET,ts-travel-service
1650412177,ts-travel-service,a716d2656b04bde4,947ac33bd97b4b2b,947ac33bd97b4b2b,8113,200,GET,ts-travel-service
1650412177,ts-ticketinfo-service,e69669c07d23fa09,a716d2656b04bde4,947ac33bd97b4b2b,7677,200,queryForStationId,ts-travel-service
1650412177,ts-ticketinfo-service,79fdf8c1653cca0f,e69669c07d23fa09,947ac33bd97b4b2b,5390,200,GET,ts-ticketinfo-service
1650412177,ts-ticketinfo-service,e19f829ba5aaa751,166c86909032fa26,947ac33bd97b4b2b,9228,200,queryForStationId,ts-travel-service
1650412177,ts-ticketinfo-service,8ed197d2b7263661,e19f829ba5aaa751,947ac33bd97b4b2b,6913,200,GET,ts-ticketinfo-service
1650412177,ts-travel-service,947ac33bd97b4b2b,,947ac33bd97b4b2b,42714,200,queryInfo,no_parent
1650412177,ts-basic-service,92fed48109de6f67,79fdf8c1653cca0f,947ac33bd97b4b2b,4712,200,queryForStationId,ts-ticketinfo-service
1650412177,ts-station-service,9593fef91e60477e,7f6972da9a846253,947ac33bd97b4b2b,1881,200,queryForStationId,ts-basic-service
1650412177,ts-station-service,ddb749a6cd825471,83b6cc0f7d9ced59,947ac33bd97b4b2b,2224,200,queryForStationId,ts-basic-service
1650412177,ts-contacts-service,b21a6e519ed8d723,87569d99a6928ab0,47e555841bb66959,2181,200,getContactsByContactsId,ts-preserve-service
1650412177,ts-travel-service,166c86909032fa26,947ac33bd97b4b2b,947ac33bd97b4b2b,10812,200,GET,ts-travel-service
1650412177,ts-order-service,c1cd88d127e9f3dd,922917c29fc4c887,922917c29fc4c887,9215,200,POST,ts-order-service
1650412177,ts-station-service,f49ce601d60283be,c1cd88d127e9f3dd,922917c29fc4c887,7725,200,queryForNameBatch,ts-order-service
1650412177,ts-order-service,922917c29fc4c887,,922917c29fc4c887,12698,200,queryOrdersForRefresh,no_parent
1650412177,ts-order-service,b94dd21a1c493f9a,a3dca052f7a4f974,47e555841bb66959,3606,200,securityInfoCheck,ts-security-service
1650412177,ts-contacts-service,6006e614d4914573,,6006e614d4914573,3100,200,findContactsByAccountId,no_parent
1650412177,ts-travel-service,223ac387f58219f9,947ac33bd97b4b2b,947ac33bd97b4b2b,2628,200,GET,ts-travel-service
1650412177,ts-verification-code-service,c7c9b52f0e3122db,,c7c9b52f0e3122db,2666,200,imageCode,no_parent
1650412177,ts-assurance-service,952fb6abdb79bce3,,952fb6abdb79bce3,1545,200,getAllAssuranceType,no_parent
1650412237,ts-order-other-service,e8dfb08d8616c6f1,c6eac80322e79c41,8eebf623640b260c,3520,200,securityInfoCheck,ts-security-service
1650412237,ts-auth-service,b23d6610cd94f318,93a3e4fcf163db1d,93a3e4fcf163db1d,3633,200,GET,ts-auth-service
1650412237,ts-verification-code-service,2a3dd58d99d6869e,b23d6610cd94f318,93a3e4fcf163db1d,1727,200,verifyCode,ts-auth-service
1650412237,ts-station-service,e0b5c156c410056c,c37f93fd8ec89bb5,2ef18bc3b3bf27c5,7916,200,queryForNameBatch,ts-order-service
1650412237,ts-auth-service,93a3e4fcf163db1d,,93a3e4fcf163db1d,114418,200,getToken,no_parent
1650412237,ts-verification-code-service,530229ecf8c196f2,,530229ecf8c196f2,2700,200,imageCode,no_parent
1650412237,ts-order-service,c37f93fd8ec89bb5,2ef18bc3b3bf27c5,2ef18bc3b3bf27c5,9379,200,POST,ts-order-service
1650412237,ts-order-service,2ef18bc3b3bf27c5,,2ef18bc3b3bf27c5,12385,200,queryOrdersForRefresh,no_parent
1650412237,ts-security-service,c6eac80322e79c41,70f2ec453570b6bd,8eebf623640b260c,4803,200,GET,ts-security-service
1650412237,ts-security-service,bff1ad471db41413,70f2ec453570b6bd,8eebf623640b260c,4858,200,GET,ts-security-service
1650412237,ts-security-service,70f2ec453570b6bd,dc1363a43a5a2d5e,8eebf623640b260c,14283,200,check,ts-preserve-service
1650412237,ts-contacts-service,ab45cca2fda3b909,2a569ac66ce1d67e,8eebf623640b260c,2377,200,getContactsByContactsId,ts-preserve-service
1650412237,ts-order-service,c1317c2669e229e3,bff1ad471db41413,8eebf623640b260c,3526,200,securityInfoCheck,ts-security-service
1650412237,ts-preserve-service,8eebf623640b260c,,8eebf623640b260c,22651,200,preserve,no_parent
1650412237,ts-preserve-service,2a569ac66ce1d67e,8eebf623640b260c,8eebf623640b260c,3737,200,GET,ts-preserve-service
1650412237,ts-preserve-service,dc1363a43a5a2d5e,8eebf623640b260c,8eebf623640b260c,15961,200,GET,ts-preserve-service
1650412237,ts-contacts-service,3bb01fc97f7ab96b,,3bb01fc97f7ab96b,3217,200,findContactsByAccountId,no_parent
1650412238,ts-travel-service,3d5d99ef24c9584e,57cd20ad141497b2,57cd20ad141497b2,11273,200,GET,ts-travel-service
1650412238,ts-travel-service,67a7419182047d1c,57cd20ad141497b2,57cd20ad141497b2,7657,200,GET,ts-travel-service
1650412238,ts-travel-service,bc853c7dccf29e6e,57cd20ad141497b2,57cd20ad141497b2,2297,200,GET,ts-travel-service
1650412238,ts-assurance-service,40c0dc4fb6a7de0d,,40c0dc4fb6a7de0d,1639,200,getAllAssuranceType,no_parent
1650412238,ts-ticketinfo-service,d3c750033893678c,67a7419182047d1c,57cd20ad141497b2,7071,200,queryForStationId,ts-travel-service
1650412238,ts-ticketinfo-service,afbfbbe8ac065bba,3d5d99ef24c9584e,57cd20ad141497b2,9637,200,queryForStationId,ts-travel-service
1650412238,ts-ticketinfo-service,a88309583f3f39db,d3c750033893678c,57cd20ad141497b2,5061,200,GET,ts-ticketinfo-service
1650412238,ts-basic-service,e4443aeb90b0f8db,6076d16b8dfc93a7,57cd20ad141497b2,5929,200,queryForStationId,ts-ticketinfo-service
1650412238,ts-basic-service,b474268a7c57759d,d27634f4bcf80f75,57cd20ad141497b2,2437,200,GET,ts-basic-service
1650412238,ts-basic-service,9481229de84394e2,e4443aeb90b0f8db,57cd20ad141497b2,3401,200,GET,ts-basic-service
1650412238,ts-basic-service,d27634f4bcf80f75,a88309583f3f39db,57cd20ad141497b2,4360,200,queryForStationId,ts-ticketinfo-service
1650412238,ts-station-service,e48075aede6f21f1,9481229de84394e2,57cd20ad141497b2,2237,200,queryForStationId,ts-basic-service
1650412238,ts-travel-service,97837b6b08eefbdd,57cd20ad141497b2,57cd20ad141497b2,1826,200,GET,ts-travel-service
1650412238,ts-route-service,22872950bb7f1c32,717ee2e9aedecf77,57cd20ad141497b2,2438,200,queryById,ts-travel-service
1650412238,ts-route-service,3287a18211cce616,bc853c7dccf29e6e,57cd20ad141497b2,2179,200,queryById,ts-travel-service
1650412238,ts-station-service,dbaa7b4c822a9f2b,b474268a7c57759d,57cd20ad141497b2,1721,200,queryForStationId,ts-basic-service
1650412238,ts-route-service,7abb00fc3ffd2285,97837b6b08eefbdd,57cd20ad141497b2,1612,200,queryById,ts-travel-service
1650412238,ts-route-service,42a1af218f269db4,253464015ce0c56,57cd20ad141497b2,2297,200,queryById,ts-travel-service
1650412238,ts-ticketinfo-service,6076d16b8dfc93a7,afbfbbe8ac065bba,57cd20ad141497b2,7005,200,GET,ts-ticketinfo-service
1650412238,ts-travel-service,717ee2e9aedecf77,57cd20ad141497b2,57cd20ad141497b2,2835,200,GET,ts-travel-service
1650412238,ts-route-service,33edddf408444084,fa1b0664edb255b,57cd20ad141497b2,2842,200,queryById,ts-travel-service
1650412238,ts-travel-service,253464015ce0c56,57cd20ad141497b2,57cd20ad141497b2,2427,200,GET,ts-travel-service
1650412238,ts-travel-service,fa1b0664edb255b,57cd20ad141497b2,57cd20ad141497b2,4150,200,GET,ts-travel-service
1650412238,ts-travel-service,57cd20ad141497b2,,57cd20ad141497b2,41651,200,queryInfo,no_parent
1650412298,ts-verification-code-service,7050816b2b814e1,50fe7ad00e1326aa,b0ee384322a8a714,1736,200,verifyCode,ts-auth-service
1650412298,ts-verification-code-service,cc6238543d2e2b56,,cc6238543d2e2b56,2769,200,imageCode,no_parent
1650412298,ts-basic-service,214af4c36e8193e3,8e94c176d00f55e6,d47b470b6cbd8ea7,4933,200,queryForStationId,ts-ticketinfo-service
1650412298,ts-basic-service,943c0efa904ae8e3,60047bbb107ca7a8,d47b470b6cbd8ea7,5839,200,queryForStationId,ts-ticketinfo-service
1650412298,ts-travel-service,4bb8e1c5a6a9682b,d47b470b6cbd8ea7,d47b470b6cbd8ea7,2077,200,GET,ts-travel-service
1650412298,ts-travel-service,f5ae8cbf56e1a5c5,d47b470b6cbd8ea7,d47b470b6cbd8ea7,2042,200,GET,ts-travel-service
1650412298,ts-travel-service,c9006607e0ab660d,d47b470b6cbd8ea7,d47b470b6cbd8ea7,3968,200,GET,ts-travel-service
1650412298,ts-travel-service,152da2a256829ac5,d47b470b6cbd8ea7,d47b470b6cbd8ea7,2606,200,GET,ts-travel-service
1650412298,ts-travel-service,9c15b9643557955c,d47b470b6cbd8ea7,d47b470b6cbd8ea7,8173,200,GET,ts-travel-service
1650412298,ts-station-service,8535a0b18299853d,947e1ddf6d00a6b7,d47b470b6cbd8ea7,2086,200,queryForStationId,ts-basic-service
1650412298,ts-auth-service,50fe7ad00e1326aa,b0ee384322a8a714,b0ee384322a8a714,4187,200,GET,ts-auth-service
1650412298,ts-auth-service,b0ee384322a8a714,,b0ee384322a8a714,117286,200,getToken,no_parent
1650412298,ts-contacts-service,4f78546dac3e9601,81ba6de725138aa7,c3cc4b9e6d2169d3,2077,200,getContactsByContactsId,ts-preserve-service
1650412298,ts-order-service,7ce3c4828ce3cc22,4ca68114fac77dee,c3cc4b9e6d2169d3,3525,200,securityInfoCheck,ts-security-service
1650412298,ts-preserve-service,81ba6de725138aa7,c3cc4b9e6d2169d3,c3cc4b9e6d2169d3,3325,200,GET,ts-preserve-service
1650412298,ts-preserve-service,c3cc4b9e6d2169d3,,c3cc4b9e6d2169d3,22220,200,preserve,no_parent
1650412298,ts-preserve-service,3fed0ce8f73bdee6,c3cc4b9e6d2169d3,c3cc4b9e6d2169d3,15952,200,GET,ts-preserve-service
1650412298,ts-order-other-service,676187012920987d,cb38aa9a2ba77e45,c3cc4b9e6d2169d3,3532,200,securityInfoCheck,ts-security-service
1650412298,ts-travel-service,b765c957398ba942,d47b470b6cbd8ea7,d47b470b6cbd8ea7,10779,200,GET,ts-travel-service
1650412298,ts-ticketinfo-service,8e94c176d00f55e6,6a5e9b4e76dd4748,d47b470b6cbd8ea7,5657,200,GET,ts-ticketinfo-service
1650412298,ts-ticketinfo-service,6a5e9b4e76dd4748,9c15b9643557955c,d47b470b6cbd8ea7,7779,200,queryForStationId,ts-travel-service
1650412298,ts-route-service,869b49e9b811050c,4bb8e1c5a6a9682b,d47b470b6cbd8ea7,1987,200,queryById,ts-travel-service
1650412298,ts-route-service,6e9f9d900abd46c8,f5ae8cbf56e1a5c5,d47b470b6cbd8ea7,1907,200,queryById,ts-travel-service
1650412298,ts-route-service,f18d4e4bfb0a5637,152da2a256829ac5,d47b470b6cbd8ea7,2104,200,queryById,ts-travel-service
1650412298,ts-route-service,bdd467c53a0eec12,deaf192631d2913c,d47b470b6cbd8ea7,2206,200,queryById,ts-travel-service
1650412298,ts-basic-service,947e1ddf6d00a6b7,214af4c36e8193e3,d47b470b6cbd8ea7,2754,200,GET,ts-basic-service
1650412298,ts-station-service,9b80c20433027d1d,4058ac8f4181b029,d47b470b6cbd8ea7,2221,200,queryForStationId,ts-basic-service
1650412298,ts-ticketinfo-service,a8042144d2509b68,b765c957398ba942,d47b470b6cbd8ea7,15805,200,queryForStationId,ts-travel-service
1650412298,ts-ticketinfo-service,60047bbb107ca7a8,a8042144d2509b68,d47b470b6cbd8ea7,7006,200,GET,ts-ticketinfo-service
1650412298,ts-basic-service,4058ac8f4181b029,943c0efa904ae8e3,d47b470b6cbd8ea7,3396,200,GET,ts-basic-service
1650412298,ts-security-service,4ca68114fac77dee,8e93a66bdc9f1520,c3cc4b9e6d2169d3,4884,200,GET,ts-security-service
1650412298,ts-station-service,5be1043dc6b42e46,35c0c549504f97d1,2cc206e52a41ca24,7776,200,queryForNameBatch,ts-order-service
1650412298,ts-order-service,35c0c549504f97d1,2cc206e52a41ca24,2cc206e52a41ca24,9242,200,POST,ts-order-service
1650412298,ts-order-service,2cc206e52a41ca24,,2cc206e52a41ca24,12150,200,queryOrdersForRefresh,no_parent
1650412298,ts-security-service,cb38aa9a2ba77e45,8e93a66bdc9f1520,c3cc4b9e6d2169d3,4888,200,GET,ts-security-service
1650412298,ts-route-service,7d6ba14172b29b9,c9006607e0ab660d,d47b470b6cbd8ea7,2740,200,queryById,ts-travel-service
1650412298,ts-travel-service,deaf192631d2913c,d47b470b6cbd8ea7,d47b470b6cbd8ea7,2319,200,GET,ts-travel-service
1650412298,ts-travel-service,d47b470b6cbd8ea7,,d47b470b6cbd8ea7,47125,200,queryInfo,no_parent
1650412298,ts-security-service,8e93a66bdc9f1520,3fed0ce8f73bdee6,c3cc4b9e6d2169d3,14443,200,check,ts-preserve-service
1650412298,ts-contacts-service,a5a8fda82556eb66,,a5a8fda82556eb66,2983,200,findContactsByAccountId,no_parent
1650412298,ts-assurance-service,54d84f05ba0ef5e5,,54d84f05ba0ef5e5,1717,200,getAllAssuranceType,no_parent
1650412358,ts-basic-service,d0b57560ebfaed31,76baad2958aa993e,9baad30b414a67ca,4871,200,queryForStationId,ts-ticketinfo-service
1650412358,ts-station-service,479b2036fc17f608,944fe30048094d15,9baad30b414a67ca,2558,200,queryForStationId,ts-basic-service
1650412358,ts-station-service,94e26145b5706428,77a85e525a489ca0,9baad30b414a67ca,2103,200,queryForStationId,ts-basic-service
1650412358,ts-auth-service,da370bf9f6bedcd3,5505430654d8ce6e,5505430654d8ce6e,3336,200,GET,ts-auth-service
1650412358,ts-verification-code-service,1c29f59a227bbeba,da370bf9f6bedcd3,5505430654d8ce6e,1745,200,verifyCode,ts-auth-service
1650412358,ts-station-service,5a03588521859414,1c25145b21b56c9b,262cbe5e5ae56b00,7811,200,queryForNameBatch,ts-order-service
1650412358,ts-order-service,1c25145b21b56c9b,262cbe5e5ae56b00,262cbe5e5ae56b00,9291,200,POST,ts-order-service
1650412358,ts-order-service,262cbe5e5ae56b00,,262cbe5e5ae56b00,12284,200,queryOrdersForRefresh,no_parent
1650412358,ts-basic-service,685b48eba145256,c11ca350f2ed8609,9baad30b414a67ca,5983,200,queryForStationId,ts-ticketinfo-service
1650412358,ts-basic-service,944fe30048094d15,685b48eba145256,9baad30b414a67ca,3602,200,GET,ts-basic-service
1650412358,ts-basic-service,77a85e525a489ca0,d0b57560ebfaed31,9baad30b414a67ca,2843,200,GET,ts-basic-service
1650412358,ts-auth-service,5505430654d8ce6e,,5505430654d8ce6e,111984,200,getToken,no_parent
1650412358,ts-assurance-service,6418d5e4c412bc47,,6418d5e4c412bc47,1577,200,getAllAssuranceType,no_parent
1650412358,ts-route-service,eda210086ff7ee27,15971614d7db32c,9baad30b414a67ca,2732,200,queryById,ts-travel-service
1650412358,ts-travel-service,b9e1ec8429b35765,9baad30b414a67ca,9baad30b414a67ca,10838,200,GET,ts-travel-service
1650412358,ts-travel-service,eb27d0d56af47cae,9baad30b414a67ca,9baad30b414a67ca,8032,200,GET,ts-travel-service
1650412358,ts-preserve-service,830e6968173b0c53,,830e6968173b0c53,22179,200,preserve,no_parent
1650412358,ts-route-service,a74741366c4e763b,ebd9152085fe4e9c,9baad30b414a67ca,2156,200,queryById,ts-travel-service
1650412358,ts-security-service,bb539ef1602d58b2,7310c22788d04cd6,830e6968173b0c53,4756,200,GET,ts-security-service
1650412358,ts-security-service,480df64b6c70464b,7310c22788d04cd6,830e6968173b0c53,4941,200,GET,ts-security-service
1650412358,ts-security-service,7310c22788d04cd6,6c33e69293103b07,830e6968173b0c53,14066,200,check,ts-preserve-service
1650412358,ts-route-service,af11655ff504d5f7,58d1d0ed7495cab7,9baad30b414a67ca,2154,200,queryById,ts-travel-service
1650412358,ts-route-service,18b2735196c921ff,6d66eaa9f4882322,9baad30b414a67ca,2159,200,queryById,ts-travel-service
1650412358,ts-route-service,1b765765215c6cbb,ea791cf29b72dd3a,9baad30b414a67ca,1417,200,queryById,ts-travel-service
1650412358,ts-verification-code-service,13a41857f2685042,,13a41857f2685042,2868,200,imageCode,no_parent
1650412358,ts-order-other-service,48b44a2707eebd4,480df64b6c70464b,830e6968173b0c53,3691,200,securityInfoCheck,ts-security-service
1650412358,ts-order-service,97063b5dd1330721,bb539ef1602d58b2,830e6968173b0c53,3412,200,securityInfoCheck,ts-security-service
1650412358,ts-preserve-service,6c33e69293103b07,830e6968173b0c53,830e6968173b0c53,15676,200,GET,ts-preserve-service
1650412358,ts-preserve-service,aea87a567c9c2b8b,830e6968173b0c53,830e6968173b0c53,3679,200,GET,ts-preserve-service
1650412358,ts-contacts-service,c618d268c9ef48ea,aea87a567c9c2b8b,830e6968173b0c53,2428,200,getContactsByContactsId,ts-preserve-service
1650412358,ts-ticketinfo-service,b7fbafebcc5198a9,eb27d0d56af47cae,9baad30b414a67ca,7667,200,queryForStationId,ts-travel-service
1650412358,ts-ticketinfo-service,76baad2958aa993e,b7fbafebcc5198a9,9baad30b414a67ca,5580,200,GET,ts-ticketinfo-service
1650412358,ts-ticketinfo-service,c11ca350f2ed8609,2454395184eef865,9baad30b414a67ca,7071,200,GET,ts-ticketinfo-service
1650412358,ts-ticketinfo-service,2454395184eef865,b9e1ec8429b35765,9baad30b414a67ca,9314,200,queryForStationId,ts-travel-service
1650412358,ts-contacts-service,4b93279e2f95bc4b,,4b93279e2f95bc4b,2993,200,findContactsByAccountId,no_parent
1650412358,ts-travel-service,15971614d7db32c,9baad30b414a67ca,9baad30b414a67ca,3963,200,GET,ts-travel-service
1650412358,ts-travel-service,6d66eaa9f4882322,9baad30b414a67ca,9baad30b414a67ca,2296,200,GET,ts-travel-service
1650412358,ts-travel-service,9baad30b414a67ca,,9baad30b414a67ca,40901,200,queryInfo,no_parent
1650412358,ts-travel-service,ebd9152085fe4e9c,9baad30b414a67ca,9baad30b414a67ca,2585,200,GET,ts-travel-service
1650412358,ts-travel-service,58d1d0ed7495cab7,9baad30b414a67ca,9baad30b414a67ca,2253,200,GET,ts-travel-service
1650412358,ts-travel-service,ea791cf29b72dd3a,9baad30b414a67ca,9baad30b414a67ca,1634,200,GET,ts-travel-service
1650412418,ts-station-service,ed8508108beadd32,a4b92721f880e78a,b3e3fc895d9f3fea,2287,200,queryForStationId,ts-basic-service
1650412418,ts-station-service,13d7ca5b0aea5631,6e357ff6a1baf83e,b3e3fc895d9f3fea,2062,200,queryForStationId,ts-basic-service
1650412418,ts-order-service,947cd43a8eeaff18,61a919ca3e9125df,61a919ca3e9125df,9270,200,POST,ts-order-service
1650412418,ts-auth-service,7fea3401c714e4a,7476534eb84a3585,7476534eb84a3585,3475,200,GET,ts-auth-service
1650412418,ts-travel-service,f2cc1b7106be4539,b3e3fc895d9f3fea,b3e3fc895d9f3fea,2239,200,GET,ts-travel-service
1650412418,ts-travel-service,94eef7545b7689f4,b3e3fc895d9f3fea,b3e3fc895d9f3fea,7921,200,GET,ts-travel-service
1650412418,ts-travel-service,a44650e1ba2a1d56,b3e3fc895d9f3fea,b3e3fc895d9f3fea,1766,200,GET,ts-travel-service
1650412418,ts-route-service,4f04471693e63b6,f993c1b797100536,b3e3fc895d9f3fea,2627,200,queryById,ts-travel-service
1650412418,ts-ticketinfo-service,91a3de350f6981bd,4792ad60bb195e0a,b3e3fc895d9f3fea,7053,200,GET,ts-ticketinfo-service
1650412418,ts-ticketinfo-service,4792ad60bb195e0a,f948b0be39a0f6c9,b3e3fc895d9f3fea,9328,200,queryForStationId,ts-travel-service
1650412418,ts-ticketinfo-service,472b19b3ca9e8e7b,680a87bb68ddc178,b3e3fc895d9f3fea,5622,200,GET,ts-ticketinfo-service
1650412418,ts-ticketinfo-service,680a87bb68ddc178,94eef7545b7689f4,b3e3fc895d9f3fea,7505,200,queryForStationId,ts-travel-service
1650412418,ts-basic-service,a4b92721f880e78a,8c0c6dfd8b693e39,b3e3fc895d9f3fea,3441,200,GET,ts-basic-service
1650412418,ts-basic-service,8c0c6dfd8b693e39,91a3de350f6981bd,b3e3fc895d9f3fea,5934,200,queryForStationId,ts-ticketinfo-service
1650412418,ts-basic-service,6e357ff6a1baf83e,22fc3742bdb1b2b6,b3e3fc895d9f3fea,2825,200,GET,ts-basic-service
1650412418,ts-basic-service,22fc3742bdb1b2b6,472b19b3ca9e8e7b,b3e3fc895d9f3fea,4915,200,queryForStationId,ts-ticketinfo-service
1650412418,ts-travel-service,b3e3fc895d9f3fea,,b3e3fc895d9f3fea,40460,200,queryInfo,no_parent
1650412418,ts-route-service,e25d5cf52cc4c515,fb844603d61dd7d3,b3e3fc895d9f3fea,2015,200,queryById,ts-travel-service
1650412418,ts-route-service,3775e49b210981b9,851ccd70c0fa208d,b3e3fc895d9f3fea,2201,200,queryById,ts-travel-service
1650412418,ts-route-service,e1ed3e67d32a6892,f2cc1b7106be4539,b3e3fc895d9f3fea,2000,200,queryById,ts-travel-service
1650412418,ts-route-service,50898d462b8de801,a44650e1ba2a1d56,b3e3fc895d9f3fea,1533,200,queryById,ts-travel-service
1650412418,ts-travel-service,f993c1b797100536,b3e3fc895d9f3fea,b3e3fc895d9f3fea,3627,200,GET,ts-travel-service
1650412418,ts-travel-service,fb844603d61dd7d3,b3e3fc895d9f3fea,b3e3fc895d9f3fea,2483,200,GET,ts-travel-service
1650412418,ts-travel-service,851ccd70c0fa208d,b3e3fc895d9f3fea,b3e3fc895d9f3fea,2337,200,GET,ts-travel-service
1650412418,ts-security-service,f86972f4599fc493,3857941a5a837d01,7a289f40f3edddaa,14626,200,check,ts-preserve-service
1650412418,ts-preserve-service,7a289f40f3edddaa,,7a289f40f3edddaa,22302,200,preserve,no_parent
1650412418,ts-order-other-service,7ca1fc6a7aa0459b,989a941df08bf09c,7a289f40f3edddaa,3519,200,securityInfoCheck,ts-security-service
1650412418,ts-security-service,989a941df08bf09c,f86972f4599fc493,7a289f40f3edddaa,4973,200,GET,ts-security-service
1650412418,ts-security-service,b17ce6af5574a72,f86972f4599fc493,7a289f40f3edddaa,4973,200,GET,ts-security-service
1650412418,ts-contacts-service,7673d84afff78c59,6395bfde4c68932c,7a289f40f3edddaa,2096,200,getContactsByContactsId,ts-preserve-service
1650412418,ts-preserve-service,3857941a5a837d01,7a289f40f3edddaa,7a289f40f3edddaa,16098,200,GET,ts-preserve-service
1650412418,ts-order-service,2f78338e0f3b9a4f,b17ce6af5574a72,7a289f40f3edddaa,3569,200,securityInfoCheck,ts-security-service
1650412418,ts-preserve-service,6395bfde4c68932c,7a289f40f3edddaa,7a289f40f3edddaa,3346,200,GET,ts-preserve-service
1650412418,ts-travel-service,f948b0be39a0f6c9,b3e3fc895d9f3fea,b3e3fc895d9f3fea,11381,200,GET,ts-travel-service
1650412418,ts-contacts-service,638ea9c58d323885,,638ea9c58d323885,3196,200,findContactsByAccountId,no_parent
1650412418,ts-order-service,61a919ca3e9125df,,61a919ca3e9125df,12266,200,queryOrdersForRefresh,no_parent
1650412418,ts-station-service,cd22344321e13014,947cd43a8eeaff18,61a919ca3e9125df,7723,200,queryForNameBatch,ts-order-service
1650412418,ts-auth-service,7476534eb84a3585,,7476534eb84a3585,115759,200,getToken,no_parent
1650412418,ts-assurance-service,16a522cdfd498063,,16a522cdfd498063,1634,200,getAllAssuranceType,no_parent
1650412418,ts-verification-code-service,ac96a1de89eb93d7,7fea3401c714e4a,7476534eb84a3585,1676,200,verifyCode,ts-auth-service
1650412418,ts-verification-code-service,8efb4fd3ffa3abcc,,8efb4fd3ffa3abcc,2993,200,imageCode,no_parent
1650412479,ts-assurance-service,f12bfa65b1338231,,f12bfa65b1338231,1325,200,getAllAssuranceType,no_parent
1650412479,ts-verification-code-service,dc39c7a57274b74a,,dc39c7a57274b74a,2677,200,imageCode,no_parent
1650412479,ts-auth-service,79ea9795e8b4acc0,399ed27a36c71b5b,399ed27a36c71b5b,3481,200,GET,ts-auth-service
1650412479,ts-auth-service,399ed27a36c71b5b,,399ed27a36c71b5b,114425,200,getToken,no_parent
1650412479,ts-travel-service,a26c8844f8d21261,7c2ab082f190e9bc,7c2ab082f190e9bc,11513,200,GET,ts-travel-service
1650412479,ts-travel-service,a9955e2a9cd53bd6,7c2ab082f190e9bc,7c2ab082f190e9bc,1866,200,GET,ts-travel-service
1650412479,ts-travel-service,7c2ab082f190e9bc,,7c2ab082f190e9bc,41606,200,queryInfo,no_parent
1650412479,ts-route-service,13bcda9c6aae771a,62cf685531c65545,7c2ab082f190e9bc,2259,200,queryById,ts-travel-service
1650412479,ts-route-service,248079e9f3416061,982710eea93adee5,7c2ab082f190e9bc,2729,200,queryById,ts-travel-service
1650412479,ts-verification-code-service,d54d7d52f238ac77,79ea9795e8b4acc0,399ed27a36c71b5b,1686,200,verifyCode,ts-auth-service
1650412479,ts-contacts-service,3fb96ee894a239e5,b4348ba2428e620e,d2dab78af86aa287,1807,200,getContactsByContactsId,ts-preserve-service
1650412479,ts-order-service,9553f016a952bcb5,c63da06c8385a810,d2dab78af86aa287,2624,200,securityInfoCheck,ts-security-service
1650412479,ts-preserve-service,21a4b5763fd0f4bf,d2dab78af86aa287,d2dab78af86aa287,13261,200,GET,ts-preserve-service
1650412479,ts-preserve-service,b4348ba2428e620e,d2dab78af86aa287,d2dab78af86aa287,2909,200,GET,ts-preserve-service
1650412479,ts-travel-service,2ab59073979725f7,7c2ab082f190e9bc,7c2ab082f190e9bc,1831,200,GET,ts-travel-service
1650412479,ts-order-service,259b09daf660ed1e,,259b09daf660ed1e,12191,200,queryOrdersForRefresh,no_parent
1650412479,ts-ticketinfo-service,422d3245009ac6d,7608dc4edae579d0,7c2ab082f190e9bc,7711,200,queryForStationId,ts-travel-service
1650412479,ts-travel-service,7608dc4edae579d0,7c2ab082f190e9bc,7c2ab082f190e9bc,8163,200,GET,ts-travel-service
1650412479,ts-travel-service,982710eea93adee5,7c2ab082f190e9bc,7c2ab082f190e9bc,3926,200,GET,ts-travel-service
1650412479,ts-travel-service,a658dc9c768649d3,7c2ab082f190e9bc,7c2ab082f190e9bc,2216,200,GET,ts-travel-service
1650412479,ts-security-service,c582a0fff0f1812e,21a4b5763fd0f4bf,d2dab78af86aa287,11760,200,check,ts-preserve-service
1650412479,ts-security-service,f5583df0e559a6b7,c582a0fff0f1812e,d2dab78af86aa287,3681,200,GET,ts-security-service
1650412479,ts-station-service,f984f4b0296c7266,12df9b8ac606b1c4,259b09daf660ed1e,7556,200,queryForNameBatch,ts-order-service
1650412479,ts-order-service,12df9b8ac606b1c4,259b09daf660ed1e,259b09daf660ed1e,9069,200,POST,ts-order-service
1650412479,ts-basic-service,6d52acd0f0e04b01,18dc3d492822bd7d,7c2ab082f190e9bc,2972,200,GET,ts-basic-service
1650412479,ts-travel-service,62cf685531c65545,7c2ab082f190e9bc,7c2ab082f190e9bc,2616,200,GET,ts-travel-service
1650412479,ts-ticketinfo-service,29aab94e1de99b4c,422d3245009ac6d,7c2ab082f190e9bc,5626,200,GET,ts-ticketinfo-service
1650412479,ts-ticketinfo-service,93c30cb4685c9ada,1443768e751a8df1,7c2ab082f190e9bc,7387,200,GET,ts-ticketinfo-service
1650412479,ts-ticketinfo-service,1443768e751a8df1,a26c8844f8d21261,7c2ab082f190e9bc,9759,200,queryForStationId,ts-travel-service
1650412479,ts-basic-service,1e8aa644a2d5453f,93c30cb4685c9ada,7c2ab082f190e9bc,6328,200,queryForStationId,ts-ticketinfo-service
1650412479,ts-basic-service,18dc3d492822bd7d,29aab94e1de99b4c,7c2ab082f190e9bc,4796,200,queryForStationId,ts-ticketinfo-service
1650412479,ts-preserve-service,d2dab78af86aa287,,d2dab78af86aa287,18589,200,preserve,no_parent
1650412479,ts-security-service,c63da06c8385a810,c582a0fff0f1812e,d2dab78af86aa287,4413,200,GET,ts-security-service
1650412479,ts-contacts-service,f84cac5d5409753d,,f84cac5d5409753d,2920,200,findContactsByAccountId,no_parent
1650412479,ts-basic-service,f76fe61e7d508089,1e8aa644a2d5453f,7c2ab082f190e9bc,3753,200,GET,ts-basic-service
1650412479,ts-station-service,e1be63636898875f,f76fe61e7d508089,7c2ab082f190e9bc,2538,200,queryForStationId,ts-basic-service
1650412479,ts-route-service,a42f49d34921584,a658dc9c768649d3,7c2ab082f190e9bc,2058,200,queryById,ts-travel-service
1650412479,ts-route-service,fa2d516d86f6b0d2,a9955e2a9cd53bd6,7c2ab082f190e9bc,1693,200,queryById,ts-travel-service
1650412479,ts-route-service,49648f90aa6ab806,2ab59073979725f7,7c2ab082f190e9bc,1691,200,queryById,ts-travel-service
1650412479,ts-station-service,c476f32624981c69,6d52acd0f0e04b01,7c2ab082f190e9bc,2118,200,queryForStationId,ts-basic-service
1650412479,ts-order-other-service,a41b524e7a5e7e19,f5583df0e559a6b7,d2dab78af86aa287,2693,200,securityInfoCheck,ts-security-service
1650412539,ts-verification-code-service,bff30ff6766c003e,,bff30ff6766c003e,3188,200,imageCode,no_parent
1650412539,ts-verification-code-service,d064b109a5b74ac2,6b6b0b44b26a7922,405d299c60d60677,1811,200,verifyCode,ts-auth-service
1650412539,ts-auth-service,6b6b0b44b26a7922,405d299c60d60677,405d299c60d60677,3636,200,GET,ts-auth-service
1650412539,ts-auth-service,405d299c60d60677,,405d299c60d60677,116184,200,getToken,no_parent
1650412539,ts-travel-service,94e3d9bf54290671,afa9f257c08d295f,afa9f257c08d295f,7419,200,GET,ts-travel-service
1650412539,ts-travel-service,dc5dc5875e5050b4,afa9f257c08d295f,afa9f257c08d295f,10735,200,GET,ts-travel-service
1650412539,ts-travel-service,6461b532131bb2d8,afa9f257c08d295f,afa9f257c08d295f,1706,200,GET,ts-travel-service
1650412539,ts-travel-service,5509939e51869cb7,afa9f257c08d295f,afa9f257c08d295f,4033,200,GET,ts-travel-service
1650412539,ts-basic-service,f16e43e58ac4e581,2eab7a54a1797612,afa9f257c08d295f,4081,200,queryForStationId,ts-ticketinfo-service
1650412539,ts-travel-service,da58dca74a59cb82,afa9f257c08d295f,afa9f257c08d295f,1778,200,GET,ts-travel-service
1650412539,ts-route-service,a32286d7b2f9be53,6461b532131bb2d8,afa9f257c08d295f,1580,200,queryById,ts-travel-service
1650412539,ts-ticketinfo-service,a0f7aa98ce4af9f5,dda702b56496b9e7,afa9f257c08d295f,6916,200,GET,ts-ticketinfo-service
1650412539,ts-security-service,341e915bd56c35dc,7249591617153c0b,a1138d98882178aa,10388,200,GET,ts-security-service
1650412539,ts-route-service,63fde0a192030f9e,5509939e51869cb7,afa9f257c08d295f,2850,200,queryById,ts-travel-service
1650412539,ts-security-service,737b96365da6f229,7249591617153c0b,a1138d98882178aa,4794,200,GET,ts-security-service
1650412539,ts-security-service,7249591617153c0b,a582b12b5b0d9f78,a1138d98882178aa,19868,200,check,ts-preserve-service
1650412539,ts-route-service,7c1c2233e1b61053,da58dca74a59cb82,afa9f257c08d295f,1592,200,queryById,ts-travel-service
1650412539,ts-order-other-service,32fbab7ce5f2e9fa,737b96365da6f229,a1138d98882178aa,3537,200,securityInfoCheck,ts-security-service
1650412539,ts-contacts-service,dac1d478a145a47a,ea44908ca4907cf,a1138d98882178aa,2512,200,getContactsByContactsId,ts-preserve-service
1650412539,ts-order-service,6cfeead901fcf246,341e915bd56c35dc,a1138d98882178aa,9014,200,securityInfoCheck,ts-security-service
1650412539,ts-preserve-service,a582b12b5b0d9f78,a1138d98882178aa,a1138d98882178aa,21478,200,GET,ts-preserve-service
1650412539,ts-preserve-service,ea44908ca4907cf,a1138d98882178aa,a1138d98882178aa,4405,200,GET,ts-preserve-service
1650412539,ts-preserve-service,a1138d98882178aa,,a1138d98882178aa,28919,200,preserve,no_parent
1650412539,ts-station-service,f65741e08d57bbb,51feff4c3eabecfb,640d1dcfb81fef3a,7782,200,queryForNameBatch,ts-order-service
1650412539,ts-route-service,3c5d761de9ee5d42,a4156f3a9d5abd4f,afa9f257c08d295f,2294,200,queryById,ts-travel-service
1650412539,ts-route-service,7c053e2cfacc2320,cb3f74ab72f92dc3,afa9f257c08d295f,2310,200,queryById,ts-travel-service
1650412539,ts-travel-service,afa9f257c08d295f,,afa9f257c08d295f,39847,200,queryInfo,no_parent
1650412539,ts-ticketinfo-service,2eab7a54a1797612,4eb1e23921a4e9cc,afa9f257c08d295f,4745,200,GET,ts-ticketinfo-service
1650412539,ts-ticketinfo-service,dda702b56496b9e7,dc5dc5875e5050b4,afa9f257c08d295f,9133,200,queryForStationId,ts-travel-service
1650412539,ts-travel-service,a4156f3a9d5abd4f,afa9f257c08d295f,afa9f257c08d295f,2566,200,GET,ts-travel-service
1650412539,ts-travel-service,cb3f74ab72f92dc3,afa9f257c08d295f,afa9f257c08d295f,2298,200,GET,ts-travel-service
1650412539,ts-order-service,51feff4c3eabecfb,640d1dcfb81fef3a,640d1dcfb81fef3a,9682,200,POST,ts-order-service
1650412539,ts-order-service,640d1dcfb81fef3a,,640d1dcfb81fef3a,12926,200,queryOrdersForRefresh,no_parent
1650412539,ts-basic-service,594264f55885d2d2,f16e43e58ac4e581,afa9f257c08d295f,2333,200,GET,ts-basic-service
1650412539,ts-basic-service,45b92acb5040c61c,7786e36dfc9f51f3,afa9f257c08d295f,3320,200,GET,ts-basic-service
1650412539,ts-ticketinfo-service,4eb1e23921a4e9cc,94e3d9bf54290671,afa9f257c08d295f,6897,200,queryForStationId,ts-travel-service
1650412539,ts-basic-service,7786e36dfc9f51f3,a0f7aa98ce4af9f5,afa9f257c08d295f,5781,200,queryForStationId,ts-ticketinfo-service
1650412539,ts-contacts-service,f89d17f1b962a14b,,f89d17f1b962a14b,2828,200,findContactsByAccountId,no_parent
1650412539,ts-station-service,105b1923e9524ac7,45b92acb5040c61c,afa9f257c08d295f,2215,200,queryForStationId,ts-basic-service
1650412539,ts-station-service,dcac2214267453f4,594264f55885d2d2,afa9f257c08d295f,1579,200,queryForStationId,ts-basic-service
1650412539,ts-assurance-service,483920df936b5eda,,483920df936b5eda,1598,200,getAllAssuranceType,no_parent
1650412599,ts-security-service,cd2965ba6a35c4df,557ec91579190039,e247445481f51e07,4803,200,GET,ts-security-service
1650412599,ts-verification-code-service,e780d2299594ecb1,,e780d2299594ecb1,2680,200,imageCode,no_parent
1650412599,ts-basic-service,7ce4479bd197a5a7,24dce3e62807e3fd,936428e947f96e43,6283,200,queryForStationId,ts-ticketinfo-service
1650412599,ts-ticketinfo-service,d0e9d90140360dd7,37362471ac5446ab,936428e947f96e43,8999,200,queryForStationId,ts-travel-service
1650412599,ts-verification-code-service,a33216b90a7c12a0,8b1cc7a395b37ed0,a0326854595f8a8d,2313,200,verifyCode,ts-auth-service
1650412599,ts-auth-service,8b1cc7a395b37ed0,a0326854595f8a8d,a0326854595f8a8d,4079,200,GET,ts-auth-service
1650412599,ts-auth-service,a0326854595f8a8d,,a0326854595f8a8d,108111,200,getToken,no_parent
1650412599,ts-ticketinfo-service,5a7ebfe02071e9a9,7cb0be79cbbcf81a,936428e947f96e43,7647,200,queryForStationId,ts-travel-service
1650412599,ts-assurance-service,4950968f88ba7de,,4950968f88ba7de,1765,200,getAllAssuranceType,no_parent
1650412599,ts-ticketinfo-service,625fdaeecd043815,5a7ebfe02071e9a9,936428e947f96e43,5695,200,GET,ts-ticketinfo-service
1650412599,ts-travel-service,8f8625d38aba5cc2,936428e947f96e43,936428e947f96e43,3956,200,GET,ts-travel-service
1650412599,ts-travel-service,83fa43c3b52ed77f,936428e947f96e43,936428e947f96e43,8865,200,GET,ts-travel-service
1650412599,ts-ticketinfo-service,24dce3e62807e3fd,d0e9d90140360dd7,936428e947f96e43,7184,200,GET,ts-ticketinfo-service
1650412599,ts-route-service,7c1b4c3df1a25b1b,4c8657a0c9b8a96e,936428e947f96e43,2151,200,queryById,ts-travel-service
1650412599,ts-security-service,557ec91579190039,689aad8a0b65906b,e247445481f51e07,14381,200,check,ts-preserve-service
1650412599,ts-contacts-service,269195a83419738c,16106ecc5b3b62e8,e247445481f51e07,2306,200,getContactsByContactsId,ts-preserve-service
1650412599,ts-preserve-service,e247445481f51e07,,e247445481f51e07,22082,200,preserve,no_parent
1650412599,ts-station-service,4926b2e6849cb1b7,dcf0c11239c4359b,936428e947f96e43,2652,200,queryForStationId,ts-basic-service
1650412599,ts-route-service,729fd25344f1cc76,89a29ed63e211e32,936428e947f96e43,1865,200,queryById,ts-travel-service
1650412599,ts-route-service,92c96b1c086091de,8f8625d38aba5cc2,936428e947f96e43,2644,200,queryById,ts-travel-service
1650412599,ts-basic-service,d18b15ab7f769a64,b6fa6556faf74a53,936428e947f96e43,2815,200,GET,ts-basic-service
1650412599,ts-basic-service,dcf0c11239c4359b,7ce4479bd197a5a7,936428e947f96e43,3723,200,GET,ts-basic-service
1650412599,ts-station-service,b75ad220018978bf,d18b15ab7f769a64,936428e947f96e43,2060,200,queryForStationId,ts-basic-service
1650412599,ts-security-service,eb07935280b2b9a2,557ec91579190039,e247445481f51e07,5020,200,GET,ts-security-service
1650412599,ts-preserve-service,689aad8a0b65906b,e247445481f51e07,e247445481f51e07,15631,200,GET,ts-preserve-service
1650412599,ts-preserve-service,16106ecc5b3b62e8,e247445481f51e07,e247445481f51e07,3589,200,GET,ts-preserve-service
1650412599,ts-order-other-service,9a61f96d7cdc30f1,cd2965ba6a35c4df,e247445481f51e07,3514,200,securityInfoCheck,ts-security-service
1650412599,ts-order-service,1491e0ebe3a21274,,1491e0ebe3a21274,12520,200,queryOrdersForRefresh,no_parent
1650412599,ts-order-service,5f9531c81efa0f33,eb07935280b2b9a2,e247445481f51e07,3596,200,securityInfoCheck,ts-security-service
1650412599,ts-route-service,ebf21609a0c76e92,9185af16a1c7f271,936428e947f96e43,1879,200,queryById,ts-travel-service
1650412599,ts-route-service,2851e56bd2594dc5,83fa43c3b52ed77f,936428e947f96e43,8838,200,queryById,ts-travel-service
1650412599,ts-travel-service,37362471ac5446ab,936428e947f96e43,936428e947f96e43,10480,200,GET,ts-travel-service
1650412599,ts-travel-service,936428e947f96e43,,936428e947f96e43,47597,200,queryInfo,no_parent
1650412599,ts-station-service,85ca2aec6fcfd8a5,84942a2e147fe60b,1491e0ebe3a21274,7688,200,queryForNameBatch,ts-order-service
1650412599,ts-order-service,84942a2e147fe60b,1491e0ebe3a21274,1491e0ebe3a21274,9161,200,POST,ts-order-service
1650412599,ts-basic-service,b6fa6556faf74a53,625fdaeecd043815,936428e947f96e43,4988,200,queryForStationId,ts-ticketinfo-service
1650412599,ts-travel-service,4c8657a0c9b8a96e,936428e947f96e43,936428e947f96e43,2764,200,GET,ts-travel-service
1650412599,ts-contacts-service,e0f1b3821a84c197,,e0f1b3821a84c197,2994,200,findContactsByAccountId,no_parent
1650412599,ts-travel-service,89a29ed63e211e32,936428e947f96e43,936428e947f96e43,2240,200,GET,ts-travel-service
1650412599,ts-travel-service,7cb0be79cbbcf81a,936428e947f96e43,936428e947f96e43,8119,200,GET,ts-travel-service
1650412599,ts-travel-service,9185af16a1c7f271,936428e947f96e43,936428e947f96e43,2038,200,GET,ts-travel-service
1650412659,ts-preserve-service,7be6208d59bda6eb,dd31304bb8036333,dd31304bb8036333,3697,200,GET,ts-preserve-service
1650412659,ts-security-service,c59855c8f742eaef,77cbb652e0f4037d,dd31304bb8036333,14660,200,check,ts-preserve-service
1650412659,ts-contacts-service,627eec3a601407ac,7be6208d59bda6eb,dd31304bb8036333,2441,200,getContactsByContactsId,ts-preserve-service
1650412659,ts-auth-service,f0f382a8f8d586f2,,f0f382a8f8d586f2,116555,200,getToken,no_parent
1650412659,ts-security-service,9848e1f6f60c721d,c59855c8f742eaef,dd31304bb8036333,4917,200,GET,ts-security-service
1650412659,ts-auth-service,9da8001a3b040447,f0f382a8f8d586f2,f0f382a8f8d586f2,3507,200,GET,ts-auth-service
1650412659,ts-verification-code-service,81abc6674428cde6,9da8001a3b040447,f0f382a8f8d586f2,1698,200,verifyCode,ts-auth-service
1650412659,ts-verification-code-service,743899220aef5a60,,743899220aef5a60,10217,200,imageCode,no_parent
1650412659,ts-order-other-service,9a3c9afffc5cad83,757f96401d764307,dd31304bb8036333,3718,200,securityInfoCheck,ts-security-service
1650412659,ts-preserve-service,77cbb652e0f4037d,dd31304bb8036333,dd31304bb8036333,16206,200,GET,ts-preserve-service
1650412659,ts-security-service,757f96401d764307,c59855c8f742eaef,dd31304bb8036333,5050,200,GET,ts-security-service
1650412659,ts-preserve-service,dd31304bb8036333,,dd31304bb8036333,22651,200,preserve,no_parent
1650412659,ts-order-service,edbcecdd08d0ee34,9848e1f6f60c721d,dd31304bb8036333,3502,200,securityInfoCheck,ts-security-service
1650412659,ts-contacts-service,3d11ab966074c12d,,3d11ab966074c12d,2960,200,findContactsByAccountId,no_parent
1650412659,ts-station-service,46c4f818cd5364ae,d7dd426cd39247fd,d120b37fcfd0d01b,8171,200,queryForNameBatch,ts-order-service
1650412659,ts-order-service,d7dd426cd39247fd,d120b37fcfd0d01b,d120b37fcfd0d01b,9837,200,POST,ts-order-service
1650412659,ts-order-service,d120b37fcfd0d01b,,d120b37fcfd0d01b,13861,200,queryOrdersForRefresh,no_parent
1650412660,ts-basic-service,ea3940759c65cf3c,2ead559a6746396c,3430b0961b0de932,5881,200,queryForStationId,ts-ticketinfo-service
1650412660,ts-route-service,656c3813a64e2b00,bce469b49977ebd6,3430b0961b0de932,2112,200,queryById,ts-travel-service
1650412660,ts-route-service,ab575c45b24ac92f,634ac09f7d658d21,3430b0961b0de932,1823,200,queryById,ts-travel-service
1650412660,ts-travel-service,1f93123f7998afac,3430b0961b0de932,3430b0961b0de932,2256,200,GET,ts-travel-service
1650412660,ts-travel-service,1f58ac5a71da08dd,3430b0961b0de932,3430b0961b0de932,3509,200,GET,ts-travel-service
1650412660,ts-travel-service,bce469b49977ebd6,3430b0961b0de932,3430b0961b0de932,2529,200,GET,ts-travel-service
1650412660,ts-station-service,8e6375864683dbac,fca6b0f1712c0449,3430b0961b0de932,1857,200,queryForStationId,ts-basic-service
1650412660,ts-travel-service,36e7ce7c7354eb48,3430b0961b0de932,3430b0961b0de932,2253,200,GET,ts-travel-service
1650412660,ts-station-service,110653ac5357d7ed,b50fb87a1d301bc4,3430b0961b0de932,2353,200,queryForStationId,ts-basic-service
1650412660,ts-travel-service,5a85378d5b49a38b,3430b0961b0de932,3430b0961b0de932,11140,200,GET,ts-travel-service
1650412660,ts-travel-service,3430b0961b0de932,,3430b0961b0de932,39131,200,queryInfo,no_parent
1650412660,ts-route-service,dcda933625e35b29,36e7ce7c7354eb48,3430b0961b0de932,2134,200,queryById,ts-travel-service
1650412660,ts-basic-service,32d688b71a68e7e9,59e9ad309fc6826f,3430b0961b0de932,4487,200,queryForStationId,ts-ticketinfo-service
1650412660,ts-route-service,26bc8b24e18dc803,1f93123f7998afac,3430b0961b0de932,2139,200,queryById,ts-travel-service
1650412660,ts-route-service,35cf6f981f7a845,1f58ac5a71da08dd,3430b0961b0de932,2311,200,queryById,ts-travel-service
1650412660,ts-basic-service,fca6b0f1712c0449,32d688b71a68e7e9,3430b0961b0de932,2588,200,GET,ts-basic-service
1650412660,ts-ticketinfo-service,1da74e04cae4110f,58121c8f8f0ac73d,3430b0961b0de932,7099,200,queryForStationId,ts-travel-service
1650412660,ts-basic-service,b50fb87a1d301bc4,ea3940759c65cf3c,3430b0961b0de932,3560,200,GET,ts-basic-service
1650412660,ts-ticketinfo-service,5ca1bd6d8fa6422c,5a85378d5b49a38b,3430b0961b0de932,9459,200,queryForStationId,ts-travel-service
1650412660,ts-ticketinfo-service,2ead559a6746396c,5ca1bd6d8fa6422c,3430b0961b0de932,7052,200,GET,ts-ticketinfo-service
1650412660,ts-ticketinfo-service,59e9ad309fc6826f,1da74e04cae4110f,3430b0961b0de932,5158,200,GET,ts-ticketinfo-service
1650412660,ts-travel-service,58121c8f8f0ac73d,3430b0961b0de932,3430b0961b0de932,7517,200,GET,ts-travel-service
1650412660,ts-travel-service,634ac09f7d658d21,3430b0961b0de932,3430b0961b0de932,1946,200,GET,ts-travel-service
1650412660,ts-assurance-service,b5ddff0761b97535,,b5ddff0761b97535,11649,200,getAllAssuranceType,no_parent
1650412720,ts-verification-code-service,373243205788d49,af8283a98a87361c,f831aa5398b5ae5b,1705,200,verifyCode,ts-auth-service
1650412720,ts-basic-service,fa1356b602b29a54,e863be4ecd9b54d1,d14735a626d4006b,3551,200,GET,ts-basic-service
1650412720,ts-auth-service,af8283a98a87361c,f831aa5398b5ae5b,f831aa5398b5ae5b,3393,200,GET,ts-auth-service
1650412720,ts-verification-code-service,ab3ffe58a5dd476a,,ab3ffe58a5dd476a,2678,200,imageCode,no_parent
1650412720,ts-basic-service,e863be4ecd9b54d1,fddc7faa81d8b429,d14735a626d4006b,6185,200,queryForStationId,ts-ticketinfo-service
1650412720,ts-station-service,ecd2d29d9d7f323c,fa1356b602b29a54,d14735a626d4006b,2432,200,queryForStationId,ts-basic-service
1650412720,ts-station-service,ca3dfacacfd3c446,7d57daa2647be9,d14735a626d4006b,2086,200,queryForStationId,ts-basic-service
1650412720,ts-travel-service,914e8d142b5abbce,d14735a626d4006b,d14735a626d4006b,3961,200,GET,ts-travel-service
1650412720,ts-route-service,c53c63aad7ce00d9,b735d149a259eacb,d14735a626d4006b,2473,200,queryById,ts-travel-service
1650412720,ts-ticketinfo-service,fddc7faa81d8b429,18fe31f00ba1d2e8,d14735a626d4006b,7336,200,GET,ts-ticketinfo-service
1650412720,ts-ticketinfo-service,a6eecd50eb3025ce,c71f58f7c4224429,d14735a626d4006b,5777,200,GET,ts-ticketinfo-service
1650412720,ts-auth-service,f831aa5398b5ae5b,,f831aa5398b5ae5b,109742,200,getToken,no_parent
1650412720,ts-preserve-service,c23b6cc21381a3fc,af78e7b014a251c4,af78e7b014a251c4,16288,200,GET,ts-preserve-service
1650412720,ts-preserve-service,86cc8efe1a24b35a,af78e7b014a251c4,af78e7b014a251c4,3409,200,GET,ts-preserve-service
1650412720,ts-preserve-service,af78e7b014a251c4,,af78e7b014a251c4,22643,200,preserve,no_parent
1650412720,ts-security-service,5e4abee4686f7e82,ea6e954b37a7d7c5,af78e7b014a251c4,5115,200,GET,ts-security-service
1650412720,ts-contacts-service,afa9cbafb170a71d,86cc8efe1a24b35a,af78e7b014a251c4,2088,200,getContactsByContactsId,ts-preserve-service
1650412720,ts-order-service,2b8957d3a4c8cf5e,5e4abee4686f7e82,af78e7b014a251c4,3666,200,securityInfoCheck,ts-security-service
1650412720,ts-travel-service,1212dc16241fab24,d14735a626d4006b,d14735a626d4006b,2370,200,GET,ts-travel-service
1650412720,ts-order-other-service,a2078e7830aadc02,575bc4b59477ebe3,af78e7b014a251c4,3536,200,securityInfoCheck,ts-security-service
1650412720,ts-security-service,575bc4b59477ebe3,ea6e954b37a7d7c5,af78e7b014a251c4,4932,200,GET,ts-security-service
1650412720,ts-security-service,ea6e954b37a7d7c5,c23b6cc21381a3fc,af78e7b014a251c4,14700,200,check,ts-preserve-service
1650412720,ts-basic-service,cb31b079dac28b06,a6eecd50eb3025ce,d14735a626d4006b,4671,200,queryForStationId,ts-ticketinfo-service
1650412720,ts-travel-service,b735d149a259eacb,d14735a626d4006b,d14735a626d4006b,2624,200,GET,ts-travel-service
1650412720,ts-travel-service,5563aa793b6f8fee,d14735a626d4006b,d14735a626d4006b,2538,200,GET,ts-travel-service
1650412720,ts-travel-service,361cc293ebb19ac6,d14735a626d4006b,d14735a626d4006b,2297,200,GET,ts-travel-service
1650412720,ts-route-service,13f1f27152ca23bf,5563aa793b6f8fee,d14735a626d4006b,2140,200,queryById,ts-travel-service
1650412720,ts-travel-service,b5d07b9342ac7ca7,d14735a626d4006b,d14735a626d4006b,11309,200,GET,ts-travel-service
1650412720,ts-route-service,40647e63d1c2a25,1212dc16241fab24,d14735a626d4006b,2232,200,queryById,ts-travel-service
1650412720,ts-route-service,fc7c25c340d8d133,361cc293ebb19ac6,d14735a626d4006b,2166,200,queryById,ts-travel-service
1650412720,ts-travel-service,c17fa50f34f150a3,d14735a626d4006b,d14735a626d4006b,8313,200,GET,ts-travel-service
1650412720,ts-route-service,70c4bdf2c2eea56a,914e8d142b5abbce,d14735a626d4006b,2640,200,queryById,ts-travel-service
1650412720,ts-ticketinfo-service,c71f58f7c4224429,c17fa50f34f150a3,d14735a626d4006b,7821,200,queryForStationId,ts-travel-service
1650412720,ts-ticketinfo-service,18fe31f00ba1d2e8,b5d07b9342ac7ca7,d14735a626d4006b,9869,200,queryForStationId,ts-travel-service
1650412720,ts-basic-service,7d57daa2647be9,cb31b079dac28b06,d14735a626d4006b,2685,200,GET,ts-basic-service
1650412720,ts-travel-service,d14735a626d4006b,,d14735a626d4006b,42893,200,queryInfo,no_parent
1650412720,ts-order-service,cc0cf2211428b38e,88fb5eaf5d142220,88fb5eaf5d142220,9966,200,POST,ts-order-service
1650412720,ts-order-service,88fb5eaf5d142220,,88fb5eaf5d142220,13002,200,queryOrdersForRefresh,no_parent
1650412720,ts-station-service,7f0a4dfdd23a44d8,cc0cf2211428b38e,88fb5eaf5d142220,8424,200,queryForNameBatch,ts-order-service
1650412720,ts-contacts-service,49d7a03d426818c8,,49d7a03d426818c8,3053,200,findContactsByAccountId,no_parent
1650412720,ts-assurance-service,e1332a1762763e54,,e1332a1762763e54,1615,200,getAllAssuranceType,no_parent
1650412780,ts-basic-service,2c4d5a9200ade3dc,104629aa8fef013e,d4b9890a330ccbe0,4799,200,queryForStationId,ts-ticketinfo-service
1650412780,ts-station-service,8eaebdfb8055aeb9,317fe0d7b7f441c4,d4b9890a330ccbe0,2208,200,queryForStationId,ts-basic-service
1650412780,ts-station-service,6e60c14d73382591,72ecf3e8380aca49,d4b9890a330ccbe0,2027,200,queryForStationId,ts-basic-service
1650412780,ts-travel-service,8d48f1caa588cfdb,d4b9890a330ccbe0,d4b9890a330ccbe0,2222,200,GET,ts-travel-service
1650412780,ts-security-service,a37a471ec4d72961,70f23efae92be0d5,104daf68d6444f7a,14115,200,check,ts-preserve-service
1650412780,ts-assurance-service,126b1054f350bcbe,,126b1054f350bcbe,1579,200,getAllAssuranceType,no_parent
1650412780,ts-security-service,c370e14ff3a93341,a37a471ec4d72961,104daf68d6444f7a,4749,200,GET,ts-security-service
1650412780,ts-basic-service,9a29d815f8bca72d,7e09fee867037755,d4b9890a330ccbe0,5795,200,queryForStationId,ts-ticketinfo-service
1650412780,ts-basic-service,317fe0d7b7f441c4,9a29d815f8bca72d,d4b9890a330ccbe0,3370,200,GET,ts-basic-service
1650412780,ts-basic-service,72ecf3e8380aca49,2c4d5a9200ade3dc,d4b9890a330ccbe0,2747,200,GET,ts-basic-service
1650412780,ts-contacts-service,2b5e0fe6aaba286c,c344885263dd63e7,104daf68d6444f7a,2474,200,getContactsByContactsId,ts-preserve-service
1650412780,ts-order-service,26bed19a330de839,770b16c964cc4583,104daf68d6444f7a,3541,200,securityInfoCheck,ts-security-service
1650412780,ts-ticketinfo-service,4764e2124f30c214,d52517f17bef88c1,d4b9890a330ccbe0,7240,200,queryForStationId,ts-travel-service
1650412780,ts-preserve-service,104daf68d6444f7a,,104daf68d6444f7a,22369,200,preserve,no_parent
1650412780,ts-order-other-service,1ce5cd75768f9554,c370e14ff3a93341,104daf68d6444f7a,3490,200,securityInfoCheck,ts-security-service
1650412780,ts-security-service,770b16c964cc4583,a37a471ec4d72961,104daf68d6444f7a,4799,200,GET,ts-security-service
1650412780,ts-ticketinfo-service,7e09fee867037755,6984cd319088200a,d4b9890a330ccbe0,7168,200,GET,ts-ticketinfo-service
1650412780,ts-travel-service,c9efd7d2c52b1dc4,d4b9890a330ccbe0,d4b9890a330ccbe0,11165,200,GET,ts-travel-service
1650412780,ts-travel-service,f369ca993b9153fe,d4b9890a330ccbe0,d4b9890a330ccbe0,2157,200,GET,ts-travel-service
1650412780,ts-travel-service,d52517f17bef88c1,d4b9890a330ccbe0,d4b9890a330ccbe0,7680,200,GET,ts-travel-service
1650412780,ts-travel-service,d4b9890a330ccbe0,,d4b9890a330ccbe0,41237,200,queryInfo,no_parent
1650412780,ts-route-service,1a90bc9b49dc4740,f369ca993b9153fe,d4b9890a330ccbe0,2091,200,queryById,ts-travel-service
1650412780,ts-route-service,7723af7c8df46d63,8d48f1caa588cfdb,d4b9890a330ccbe0,2115,200,queryById,ts-travel-service
1650412780,ts-route-service,591c5701d7b911f,67ec58300c628a4b,d4b9890a330ccbe0,2169,200,queryById,ts-travel-service
1650412780,ts-route-service,c74becda0bbd140f,b63af50db0a0ea0e,d4b9890a330ccbe0,2669,200,queryById,ts-travel-service
1650412780,ts-ticketinfo-service,6984cd319088200a,c9efd7d2c52b1dc4,d4b9890a330ccbe0,9569,200,queryForStationId,ts-travel-service
1650412780,ts-ticketinfo-service,104629aa8fef013e,4764e2124f30c214,d4b9890a330ccbe0,5386,200,GET,ts-ticketinfo-service
1650412780,ts-travel-service,67ec58300c628a4b,d4b9890a330ccbe0,d4b9890a330ccbe0,2261,200,GET,ts-travel-service
1650412780,ts-travel-service,2b61fa51fe5a3c6c,d4b9890a330ccbe0,d4b9890a330ccbe0,2555,200,GET,ts-travel-service
1650412780,ts-contacts-service,15d8b5e48c06cdb5,,15d8b5e48c06cdb5,2805,200,findContactsByAccountId,no_parent
1650412780,ts-station-service,264448fd9df1b4e0,c4528510b8803e89,c8ae6184505b100,8091,200,queryForNameBatch,ts-order-service
1650412780,ts-order-service,c8ae6184505b100,,c8ae6184505b100,12581,200,queryOrdersForRefresh,no_parent
1650412780,ts-preserve-service,70f23efae92be0d5,104daf68d6444f7a,104daf68d6444f7a,15721,200,GET,ts-preserve-service
1650412780,ts-preserve-service,c344885263dd63e7,104daf68d6444f7a,104daf68d6444f7a,3760,200,GET,ts-preserve-service
1650412780,ts-travel-service,b63af50db0a0ea0e,d4b9890a330ccbe0,d4b9890a330ccbe0,4022,200,GET,ts-travel-service
1650412780,ts-route-service,21310486362323f3,2b61fa51fe5a3c6c,d4b9890a330ccbe0,2157,200,queryById,ts-travel-service
1650412780,ts-order-service,c4528510b8803e89,c8ae6184505b100,c8ae6184505b100,9608,200,POST,ts-order-service
1650412780,ts-auth-service,fe1d0cf4a57087fe,30d316daffc5ad6e,30d316daffc5ad6e,3112,200,GET,ts-auth-service
1650412780,ts-verification-code-service,2c7e9edbf8eb6f5a,fe1d0cf4a57087fe,30d316daffc5ad6e,1363,200,verifyCode,ts-auth-service
1650412780,ts-auth-service,30d316daffc5ad6e,,30d316daffc5ad6e,116981,200,getToken,no_parent
1650412780,ts-verification-code-service,4aff986cb00bf168,,4aff986cb00bf168,2677,200,imageCode,no_parent
1650480718,ts-auth-service,763595249fdaabde,ae5267c67f1e571a,ae5267c67f1e571a,6850,200,GET,ts-auth-service
1650480718,ts-verification-code-service,15a15ca63bc55cfd,763595249fdaabde,ae5267c67f1e571a,2680,200,verifyCode,ts-auth-service
1650480718,ts-auth-service,ae5267c67f1e571a,,ae5267c67f1e571a,121988,200,getToken,no_parent
1650480718,ts-verification-code-service,b99b90e4237bfc01,,b99b90e4237bfc01,6044,200,imageCode,no_parent
1650480718,ts-assurance-service,d1bd8ae1fc4730cb,,d1bd8ae1fc4730cb,4923,200,getAllAssuranceType,no_parent
1650480718,ts-basic-service,39430c7648ab1c24,54dbbd29be430fd7,ced8ae617bf57628,4007,200,GET,ts-basic-service
1650480718,ts-basic-service,54dbbd29be430fd7,28c236d0685a06c3,ced8ae617bf57628,6123,200,queryForStationId,ts-ticketinfo-service
1650480718,ts-travel-service,5bb166dada3a2a6b,ced8ae617bf57628,ced8ae617bf57628,12627,200,GET,ts-travel-service
1650480718,ts-travel-service,bdb09c974e66eb3d,ced8ae617bf57628,ced8ae617bf57628,2229,200,GET,ts-travel-service
1650480718,ts-travel-service,8cc5687878549b0b,ced8ae617bf57628,ced8ae617bf57628,11714,200,GET,ts-travel-service
1650480718,ts-route-service,647fd34f04ca9b40,5bb166dada3a2a6b,ced8ae617bf57628,10072,200,queryById,ts-travel-service
1650480718,ts-route-service,c557ed403ed090f0,dbd9a352445edeaa,ced8ae617bf57628,2667,200,queryById,ts-travel-service
1650480718,ts-ticketinfo-service,93414f3cff47eaf0,1434a66e57805b52,ced8ae617bf57628,30242,200,queryForStationId,ts-travel-service
1650480718,ts-ticketinfo-service,28c236d0685a06c3,5a2ab66d9337c03a,ced8ae617bf57628,7848,200,GET,ts-ticketinfo-service
1650480718,ts-ticketinfo-service,5a2ab66d9337c03a,8cc5687878549b0b,ced8ae617bf57628,10381,200,queryForStationId,ts-travel-service
1650480718,ts-ticketinfo-service,2e92fcf74d403325,93414f3cff47eaf0,ced8ae617bf57628,22765,200,GET,ts-ticketinfo-service
1650480718,ts-basic-service,50ac3420649da5de,ac94c14fa52c3eb0,ced8ae617bf57628,11158,200,GET,ts-basic-service
1650480718,ts-travel-service,1434a66e57805b52,ced8ae617bf57628,ced8ae617bf57628,33275,200,GET,ts-travel-service
1650480718,ts-route-service,a9468754b05cea1c,58d2a33c4d56e445,ced8ae617bf57628,2585,200,queryById,ts-travel-service
1650480718,ts-basic-service,ac94c14fa52c3eb0,2e92fcf74d403325,ced8ae617bf57628,18712,200,queryForStationId,ts-ticketinfo-service
1650480718,ts-travel-service,9ee51216190bed4b,ced8ae617bf57628,ced8ae617bf57628,2708,200,GET,ts-travel-service
1650480718,ts-travel-service,dbd9a352445edeaa,ced8ae617bf57628,ced8ae617bf57628,3587,200,GET,ts-travel-service
1650480718,ts-travel-service,58d2a33c4d56e445,ced8ae617bf57628,ced8ae617bf57628,2677,200,GET,ts-travel-service
1650480718,ts-travel-service,ced8ae617bf57628,,ced8ae617bf57628,89022,200,queryInfo,no_parent
1650480718,ts-route-service,5f715f5fcbda6de4,9ee51216190bed4b,ced8ae617bf57628,2607,200,queryById,ts-travel-service
1650480718,ts-route-service,e9d7e5d110414ce2,bdb09c974e66eb3d,ced8ae617bf57628,2047,200,queryById,ts-travel-service
1650480718,ts-station-service,fa241140453ce2aa,50ac3420649da5de,ced8ae617bf57628,8097,200,queryForStationId,ts-basic-service
1650480718,ts-station-service,ee82fd07f3466ea4,39430c7648ab1c24,ced8ae617bf57628,2888,200,queryForStationId,ts-basic-service
1650480778,ts-auth-service,148ac2c0e5822649,47432be61f7d9b9f,47432be61f7d9b9f,4086,200,GET,ts-auth-service
1650480778,ts-auth-service,47432be61f7d9b9f,,47432be61f7d9b9f,113998,200,getToken,no_parent
1650480778,ts-travel-service,efe440fa8e1dad12,26b2cb55a83e5ebb,26b2cb55a83e5ebb,4358,200,GET,ts-travel-service
1650480778,ts-order-service,81e9fdc7413172e8,427ac83d63e96f1d,75d4a876aa514bd1,10351,200,securityInfoCheck,ts-security-service
1650480778,ts-preserve-service,94734fc270f8a48a,75d4a876aa514bd1,75d4a876aa514bd1,50170,200,GET,ts-preserve-service
1650480778,ts-preserve-service,681cde0d603f0d04,75d4a876aa514bd1,75d4a876aa514bd1,4396,200,GET,ts-preserve-service
1650480778,ts-preserve-service,75d4a876aa514bd1,,75d4a876aa514bd1,62915,200,preserve,no_parent
1650480778,ts-order-other-service,34f7d084e07e80f3,34d60602bc5ad25c,75d4a876aa514bd1,7297,200,securityInfoCheck,ts-security-service
1650480778,ts-order-service,cb956dfd31ae1d95,86082c254939bce9,86082c254939bce9,10993,200,POST,ts-order-service
1650480778,ts-order-service,86082c254939bce9,,86082c254939bce9,14885,200,queryOrdersForRefresh,no_parent
1650480778,ts-basic-service,b3754f09174919e1,f50439c7691ed841,26b2cb55a83e5ebb,4133,200,GET,ts-basic-service
1650480778,ts-verification-code-service,d33cc0daec4fef46,148ac2c0e5822649,47432be61f7d9b9f,2099,200,verifyCode,ts-auth-service
1650480778,ts-security-service,427ac83d63e96f1d,e6b80a63e859d3c1,75d4a876aa514bd1,13736,200,GET,ts-security-service
1650480778,ts-security-service,e6b80a63e859d3c1,94734fc270f8a48a,75d4a876aa514bd1,45173,200,check,ts-preserve-service
1650480778,ts-security-service,34d60602bc5ad25c,e6b80a63e859d3c1,75d4a876aa514bd1,9655,200,GET,ts-security-service
1650480778,ts-contacts-service,1c31a116b92b90a6,681cde0d603f0d04,75d4a876aa514bd1,2990,200,getContactsByContactsId,ts-preserve-service
1650480778,ts-station-service,2b30cd82f5914c25,cb956dfd31ae1d95,86082c254939bce9,8573,200,queryForNameBatch,ts-order-service
1650480778,ts-route-service,d86fd2661d05d8d2,8d3cb47d8b0e2d26,26b2cb55a83e5ebb,2149,200,queryById,ts-travel-service
1650480778,ts-route-service,b21d4a617f2644fe,3cd982a02d84c1e6,26b2cb55a83e5ebb,2095,200,queryById,ts-travel-service
1650480778,ts-route-service,bf6faa3dc77d9ff2,da5b20181959a27f,26b2cb55a83e5ebb,2498,200,queryById,ts-travel-service
1650480778,ts-route-service,5c8815016f11eb84,efe440fa8e1dad12,26b2cb55a83e5ebb,2942,200,queryById,ts-travel-service
1650480778,ts-ticketinfo-service,ff88ece08eccb5f2,6807a9d2b7cbc5a5,26b2cb55a83e5ebb,8102,200,GET,ts-ticketinfo-service
1650480778,ts-travel-service,cdbd9899e065552d,26b2cb55a83e5ebb,26b2cb55a83e5ebb,8790,200,GET,ts-travel-service
1650480778,ts-travel-service,3cd982a02d84c1e6,26b2cb55a83e5ebb,26b2cb55a83e5ebb,2230,200,GET,ts-travel-service
1650480778,ts-travel-service,a56845e94fe9bfad,26b2cb55a83e5ebb,26b2cb55a83e5ebb,12427,200,GET,ts-travel-service
1650480778,ts-travel-service,49350b27b32adc1a,26b2cb55a83e5ebb,26b2cb55a83e5ebb,2271,200,GET,ts-travel-service
1650480778,ts-travel-service,8d3cb47d8b0e2d26,26b2cb55a83e5ebb,26b2cb55a83e5ebb,2620,200,GET,ts-travel-service
1650480778,ts-travel-service,da5b20181959a27f,26b2cb55a83e5ebb,26b2cb55a83e5ebb,2579,200,GET,ts-travel-service
1650480778,ts-travel-service,26b2cb55a83e5ebb,,26b2cb55a83e5ebb,46335,200,queryInfo,no_parent
1650480778,ts-route-service,cc9553c55f54b955,49350b27b32adc1a,26b2cb55a83e5ebb,2050,200,queryById,ts-travel-service
1650480778,ts-contacts-service,4006a7fd0908b2f2,,4006a7fd0908b2f2,9600,200,findContactsByAccountId,no_parent
1650480778,ts-ticketinfo-service,4549c2bb428e60df,cdbd9899e065552d,26b2cb55a83e5ebb,8267,200,queryForStationId,ts-travel-service
1650480778,ts-ticketinfo-service,6807a9d2b7cbc5a5,a56845e94fe9bfad,26b2cb55a83e5ebb,10826,200,queryForStationId,ts-travel-service
1650480778,ts-basic-service,f50439c7691ed841,ff88ece08eccb5f2,26b2cb55a83e5ebb,6932,200,queryForStationId,ts-ticketinfo-service
1650480778,ts-basic-service,9f167fe62e8a115,ac66df4e083703e4,26b2cb55a83e5ebb,3094,200,GET,ts-basic-service
1650480778,ts-basic-service,ac66df4e083703e4,e3bce6c6b62b4870,26b2cb55a83e5ebb,5307,200,queryForStationId,ts-ticketinfo-service
1650480778,ts-station-service,9c5eaa9936893d37,9f167fe62e8a115,26b2cb55a83e5ebb,2414,200,queryForStationId,ts-basic-service
1650480778,ts-station-service,688ab9a7b6773c45,b3754f09174919e1,26b2cb55a83e5ebb,2846,200,queryForStationId,ts-basic-service
1650480778,ts-ticketinfo-service,e3bce6c6b62b4870,4549c2bb428e60df,26b2cb55a83e5ebb,5943,200,GET,ts-ticketinfo-service
1650480778,ts-assurance-service,e7be43bb1a05b71b,,e7be43bb1a05b71b,1875,200,getAllAssuranceType,no_parent
1650480778,ts-verification-code-service,32ea2d5d1bd0f1ee,,32ea2d5d1bd0f1ee,4092,200,imageCode,no_parent
1650480838,ts-auth-service,351a8c7236fafd16,,351a8c7236fafd16,105367,200,getToken,no_parent
1650480838,ts-verification-code-service,a0c40373f2f8efb1,b59aac4cffe6003,351a8c7236fafd16,2022,200,verifyCode,ts-auth-service
1650480838,ts-auth-service,b59aac4cffe6003,351a8c7236fafd16,351a8c7236fafd16,3829,200,GET,ts-auth-service
1650480838,ts-route-service,e2e6ae109aad78d2,b0e693fff0a9d2dd,e8a09dc9f2d1dd09,2600,200,queryById,ts-travel-service
1650480838,ts-ticketinfo-service,a1604bcd30947fa8,438a5aef81e50101,e8a09dc9f2d1dd09,8472,200,GET,ts-ticketinfo-service
1650480838,ts-route-service,ba91a09c36a0775,7418b2f72a147df9,e8a09dc9f2d1dd09,2433,200,queryById,ts-travel-service
1650480838,ts-route-service,a60d1be2bf76ec95,bd63be293978c214,e8a09dc9f2d1dd09,3100,200,queryById,ts-travel-service
1650480838,ts-route-service,a58a91d09f3fd749,1f6a77649f38bf03,e8a09dc9f2d1dd09,2517,200,queryById,ts-travel-service
1650480838,ts-route-service,84f21a98828d3a97,fe691426dc69ba43,e8a09dc9f2d1dd09,2565,200,queryById,ts-travel-service
1650480838,ts-contacts-service,503e4daf01a3038,1b256ac93fce749c,f8945a2ad095a92b,2519,200,getContactsByContactsId,ts-preserve-service
1650480838,ts-order-service,b2fbae406d8e00ac,3b5a5f5aa048fd99,f8945a2ad095a92b,4174,200,securityInfoCheck,ts-security-service
1650480838,ts-preserve-service,e1357150e13df74b,f8945a2ad095a92b,f8945a2ad095a92b,17318,200,GET,ts-preserve-service
1650480838,ts-travel-service,627557955ff136fe,e8a09dc9f2d1dd09,e8a09dc9f2d1dd09,12823,200,GET,ts-travel-service
1650480838,ts-order-service,7bb7580fb5f41b1a,c3323fdefe75f617,c3323fdefe75f617,10249,200,POST,ts-order-service
1650480838,ts-order-service,c3323fdefe75f617,,c3323fdefe75f617,13908,200,queryOrdersForRefresh,no_parent
1650480838,ts-station-service,327b9d14110917cf,7bb7580fb5f41b1a,c3323fdefe75f617,8771,200,queryForNameBatch,ts-order-service
1650480838,ts-travel-service,b0e693fff0a9d2dd,e8a09dc9f2d1dd09,e8a09dc9f2d1dd09,3044,200,GET,ts-travel-service
1650480838,ts-travel-service,7418b2f72a147df9,e8a09dc9f2d1dd09,e8a09dc9f2d1dd09,2499,200,GET,ts-travel-service
1650480838,ts-travel-service,bd63be293978c214,e8a09dc9f2d1dd09,e8a09dc9f2d1dd09,4540,200,GET,ts-travel-service
1650480838,ts-order-other-service,bdad2df4a83c4587,6631cd87d78c298e,f8945a2ad095a92b,3559,200,securityInfoCheck,ts-security-service
1650480838,ts-security-service,3b5a5f5aa048fd99,53fb83b140eaad47,f8945a2ad095a92b,5545,200,GET,ts-security-service
1650480838,ts-preserve-service,1b256ac93fce749c,f8945a2ad095a92b,f8945a2ad095a92b,3928,200,GET,ts-preserve-service
1650480838,ts-preserve-service,f8945a2ad095a92b,,f8945a2ad095a92b,24741,200,preserve,no_parent
1650480838,ts-security-service,6631cd87d78c298e,53fb83b140eaad47,f8945a2ad095a92b,4924,200,GET,ts-security-service
1650480838,ts-security-service,53fb83b140eaad47,e1357150e13df74b,f8945a2ad095a92b,15897,200,check,ts-preserve-service
1650480838,ts-basic-service,223926179463c7b9,a1604bcd30947fa8,e8a09dc9f2d1dd09,7211,200,queryForStationId,ts-ticketinfo-service
1650480838,ts-travel-service,fe691426dc69ba43,e8a09dc9f2d1dd09,e8a09dc9f2d1dd09,2648,200,GET,ts-travel-service
1650480838,ts-travel-service,dc2980bd7f992af8,e8a09dc9f2d1dd09,e8a09dc9f2d1dd09,9213,200,GET,ts-travel-service
1650480838,ts-basic-service,d63d4a70bc22e70f,2fcee125ad3323f7,e8a09dc9f2d1dd09,3080,200,GET,ts-basic-service
1650480838,ts-station-service,98046b7d9c6bf55,9696c973dcc0dd59,e8a09dc9f2d1dd09,2964,200,queryForStationId,ts-basic-service
1650480838,ts-ticketinfo-service,abaa77ea8d85b5a7,66679f9f2c502782,e8a09dc9f2d1dd09,6372,200,GET,ts-ticketinfo-service
1650480838,ts-travel-service,e8a09dc9f2d1dd09,,e8a09dc9f2d1dd09,47614,200,queryInfo,no_parent
1650480838,ts-travel-service,1f6a77649f38bf03,e8a09dc9f2d1dd09,e8a09dc9f2d1dd09,2606,200,GET,ts-travel-service
1650480838,ts-basic-service,2fcee125ad3323f7,abaa77ea8d85b5a7,e8a09dc9f2d1dd09,5513,200,queryForStationId,ts-ticketinfo-service
1650480838,ts-station-service,30823110f9141754,d63d4a70bc22e70f,e8a09dc9f2d1dd09,2407,200,queryForStationId,ts-basic-service
1650480838,ts-ticketinfo-service,66679f9f2c502782,dc2980bd7f992af8,e8a09dc9f2d1dd09,8660,200,queryForStationId,ts-travel-service
1650480838,ts-basic-service,9696c973dcc0dd59,223926179463c7b9,e8a09dc9f2d1dd09,4236,200,GET,ts-basic-service
1650480838,ts-ticketinfo-service,438a5aef81e50101,627557955ff136fe,e8a09dc9f2d1dd09,11247,200,queryForStationId,ts-travel-service
1650480838,ts-verification-code-service,3764a3cc8414afeb,,3764a3cc8414afeb,3283,200,imageCode,no_parent
1650480838,ts-contacts-service,8edc48301a4f8664,,8edc48301a4f8664,3329,200,findContactsByAccountId,no_parent
1650480838,ts-assurance-service,97948192c54d80b5,,97948192c54d80b5,1973,200,getAllAssuranceType,no_parent
1650480898,ts-preserve-service,21181cb9adcc85d,,21181cb9adcc85d,25619,200,preserve,no_parent
1650480898,ts-preserve-service,c396d5a4c589c9f,21181cb9adcc85d,21181cb9adcc85d,17857,200,GET,ts-preserve-service
1650480898,ts-security-service,62ebb3414a9266b5,c396d5a4c589c9f,21181cb9adcc85d,16426,200,check,ts-preserve-service
1650480898,ts-contacts-service,1b2596260189ee31,,1b2596260189ee31,3676,200,findContactsByAccountId,no_parent
1650480899,ts-order-service,65dce957d9a2cf61,f3f0bcb93f273fb5,21181cb9adcc85d,4065,200,securityInfoCheck,ts-security-service
1650480899,ts-contacts-service,e2a830d4933dbf2b,10079e0c436726b2,21181cb9adcc85d,2896,200,getContactsByContactsId,ts-preserve-service
1650480899,ts-verification-code-service,371f316ab04a15be,602525540dab9ec5,a46145d21bb92c6d,2086,200,verifyCode,ts-auth-service
1650480899,ts-auth-service,a46145d21bb92c6d,,a46145d21bb92c6d,111560,200,getToken,no_parent
1650480899,ts-station-service,292d3577728bfc16,9686af8bf9a816fe,b2947b3c016c0dd1,2830,200,queryForStationId,ts-basic-service
1650480899,ts-station-service,280184b3dea18d11,433c5420a140fd78,b2947b3c016c0dd1,2403,200,queryForStationId,ts-basic-service
1650480899,ts-travel-service,13cc84a215b464d8,b2947b3c016c0dd1,b2947b3c016c0dd1,9037,200,GET,ts-travel-service
1650480899,ts-preserve-service,10079e0c436726b2,21181cb9adcc85d,21181cb9adcc85d,3885,200,GET,ts-preserve-service
1650480899,ts-order-other-service,a6303100e288b3ec,a53d7fe8ed498d2e,21181cb9adcc85d,3970,200,securityInfoCheck,ts-security-service
1650480899,ts-security-service,a53d7fe8ed498d2e,62ebb3414a9266b5,21181cb9adcc85d,5438,200,GET,ts-security-service
1650480899,ts-security-service,f3f0bcb93f273fb5,62ebb3414a9266b5,21181cb9adcc85d,5529,200,GET,ts-security-service
1650480899,ts-ticketinfo-service,70fb4d8ebbe4f779,6bb1982744afc726,b2947b3c016c0dd1,6292,200,GET,ts-ticketinfo-service
1650480899,ts-travel-service,524ae7f28da1b0ae,b2947b3c016c0dd1,b2947b3c016c0dd1,12336,200,GET,ts-travel-service
1650480899,ts-travel-service,87ce2d07776e47f7,b2947b3c016c0dd1,b2947b3c016c0dd1,2595,200,GET,ts-travel-service
1650480899,ts-station-service,d57f63008098b2a1,332076f08b6ea63,99f5eda44c01837d,7390,200,queryForNameBatch,ts-order-service
1650480899,ts-order-service,332076f08b6ea63,99f5eda44c01837d,99f5eda44c01837d,8864,200,POST,ts-order-service
1650480899,ts-order-service,99f5eda44c01837d,,99f5eda44c01837d,12490,200,queryOrdersForRefresh,no_parent
1650480899,ts-basic-service,ab27a1d5fbc5e730,dabc90c0fd5d12af,b2947b3c016c0dd1,6858,200,queryForStationId,ts-ticketinfo-service
1650480899,ts-basic-service,b56abd8a0ae6ffe8,70fb4d8ebbe4f779,b2947b3c016c0dd1,5473,200,queryForStationId,ts-ticketinfo-service
1650480899,ts-basic-service,9686af8bf9a816fe,ab27a1d5fbc5e730,b2947b3c016c0dd1,3977,200,GET,ts-basic-service
1650480899,ts-travel-service,5c80ac55cbc94237,b2947b3c016c0dd1,b2947b3c016c0dd1,2692,200,GET,ts-travel-service
1650480899,ts-route-service,db02884547848917,5c80ac55cbc94237,b2947b3c016c0dd1,2239,200,queryById,ts-travel-service
1650480899,ts-route-service,2a29d8a0b89c9553,87ce2d07776e47f7,b2947b3c016c0dd1,2504,200,queryById,ts-travel-service
1650480899,ts-route-service,5cca0700c3212edb,f334313f8fc8f896,b2947b3c016c0dd1,2519,200,queryById,ts-travel-service
1650480899,ts-route-service,daa8fc1bf0382e9,4980048378b2345e,b2947b3c016c0dd1,2475,200,queryById,ts-travel-service
1650480899,ts-ticketinfo-service,dabc90c0fd5d12af,8f5be76047027e5a,b2947b3c016c0dd1,8035,200,GET,ts-ticketinfo-service
1650480899,ts-ticketinfo-service,8f5be76047027e5a,524ae7f28da1b0ae,b2947b3c016c0dd1,10735,200,queryForStationId,ts-travel-service
1650480899,ts-route-service,11001e7f239464bb,a6cb5397ea143e1a,b2947b3c016c0dd1,2744,200,queryById,ts-travel-service
1650480899,ts-ticketinfo-service,6bb1982744afc726,13cc84a215b464d8,b2947b3c016c0dd1,8612,200,queryForStationId,ts-travel-service
1650480899,ts-basic-service,433c5420a140fd78,b56abd8a0ae6ffe8,b2947b3c016c0dd1,3042,200,GET,ts-basic-service
1650480899,ts-travel-service,f334313f8fc8f896,b2947b3c016c0dd1,b2947b3c016c0dd1,2611,200,GET,ts-travel-service
1650480899,ts-travel-service,b2947b3c016c0dd1,,b2947b3c016c0dd1,47407,200,queryInfo,no_parent
1650480899,ts-travel-service,a6cb5397ea143e1a,b2947b3c016c0dd1,b2947b3c016c0dd1,5233,200,GET,ts-travel-service
1650480899,ts-travel-service,4980048378b2345e,b2947b3c016c0dd1,b2947b3c016c0dd1,2566,200,GET,ts-travel-service
1650480899,ts-verification-code-service,edcc5f24a2eaf37a,,edcc5f24a2eaf37a,2474,200,imageCode,no_parent
1650480899,ts-auth-service,602525540dab9ec5,a46145d21bb92c6d,a46145d21bb92c6d,3841,200,GET,ts-auth-service
1650480899,ts-assurance-service,a9b30ff9b793bb34,,a9b30ff9b793bb34,1896,200,getAllAssuranceType,no_parent
1650480959,ts-security-service,f9c5ab9d8d7c2349,9a5ec07e2edbaf27,34213402f2891a7b,4936,200,GET,ts-security-service
1650480959,ts-verification-code-service,195a750c55420522,c922409f3f09850,ed37ea00484416d4,2749,200,verifyCode,ts-auth-service
1650480959,ts-auth-service,c922409f3f09850,ed37ea00484416d4,ed37ea00484416d4,4539,200,GET,ts-auth-service
1650480959,ts-auth-service,ed37ea00484416d4,,ed37ea00484416d4,111854,200,getToken,no_parent
1650480959,ts-assurance-service,e009eb9341f1c0a0,,e009eb9341f1c0a0,1912,200,getAllAssuranceType,no_parent
1650480959,ts-security-service,9a5ec07e2edbaf27,59f8e85e30dc4cef,34213402f2891a7b,18218,200,check,ts-preserve-service
1650480959,ts-contacts-service,eb76673525ac05db,5609fc58cc1100f1,34213402f2891a7b,1659,200,getContactsByContactsId,ts-preserve-service
1650480959,ts-security-service,d7b5c3d2f4b075ec,9a5ec07e2edbaf27,34213402f2891a7b,8068,200,GET,ts-security-service
1650480959,ts-preserve-service,5609fc58cc1100f1,34213402f2891a7b,34213402f2891a7b,2786,200,GET,ts-preserve-service
1650480959,ts-preserve-service,34213402f2891a7b,,34213402f2891a7b,25943,200,preserve,no_parent
1650480959,ts-preserve-service,59f8e85e30dc4cef,34213402f2891a7b,34213402f2891a7b,19852,200,GET,ts-preserve-service
1650480959,ts-order-other-service,b7f2447033a97634,f9c5ab9d8d7c2349,34213402f2891a7b,3709,200,securityInfoCheck,ts-security-service
1650480959,ts-route-service,209631ce6c692843,740ee0fadada421f,d5d3f6a6a47cf470,1895,200,queryById,ts-travel-service
1650480959,ts-ticketinfo-service,d331d077ecbb447f,e9d11ea92cb6bfa5,d5d3f6a6a47cf470,6950,200,GET,ts-ticketinfo-service
1650480959,ts-ticketinfo-service,e9d11ea92cb6bfa5,83a81ceb3c1d40b0,d5d3f6a6a47cf470,21446,200,queryForStationId,ts-travel-service
1650480959,ts-ticketinfo-service,48e868a592ac4bfc,824822da788e546f,d5d3f6a6a47cf470,7118,200,GET,ts-ticketinfo-service
1650480959,ts-travel-service,11a5b115aa46db3,d5d3f6a6a47cf470,d5d3f6a6a47cf470,2515,200,GET,ts-travel-service
1650480959,ts-contacts-service,d62ea325a40edf26,,d62ea325a40edf26,3391,200,findContactsByAccountId,no_parent
1650480959,ts-route-service,f3b8a54b4b5e3df5,d13df9f4e3bd0eb3,d5d3f6a6a47cf470,5839,200,queryById,ts-travel-service
1650480959,ts-route-service,dfdb781da6289446,1d63e8896c30baff,d5d3f6a6a47cf470,2387,200,queryById,ts-travel-service
1650480959,ts-ticketinfo-service,824822da788e546f,2ead3f8e321c38d9,d5d3f6a6a47cf470,8812,200,queryForStationId,ts-travel-service
1650480959,ts-order-service,8182347a45fdbef7,d7b5c3d2f4b075ec,34213402f2891a7b,6365,200,securityInfoCheck,ts-security-service
1650480959,ts-route-service,c366f3a2ab946f56,8eb11bc6ca6f926,d5d3f6a6a47cf470,2208,200,queryById,ts-travel-service
1650480959,ts-travel-service,83a81ceb3c1d40b0,d5d3f6a6a47cf470,d5d3f6a6a47cf470,22774,200,GET,ts-travel-service
1650480959,ts-travel-service,2ead3f8e321c38d9,d5d3f6a6a47cf470,d5d3f6a6a47cf470,9130,200,GET,ts-travel-service
1650480959,ts-basic-service,73b052846a47b60d,d331d077ecbb447f,d5d3f6a6a47cf470,5939,200,queryForStationId,ts-ticketinfo-service
1650480959,ts-basic-service,40a69e2c694547dd,96d62c6adab40f58,d5d3f6a6a47cf470,4128,200,GET,ts-basic-service
1650480959,ts-basic-service,9c9dbab4b3c2b896,73b052846a47b60d,d5d3f6a6a47cf470,3097,200,GET,ts-basic-service
1650480959,ts-travel-service,1d63e8896c30baff,d5d3f6a6a47cf470,d5d3f6a6a47cf470,2951,200,GET,ts-travel-service
1650480959,ts-travel-service,d13df9f4e3bd0eb3,d5d3f6a6a47cf470,d5d3f6a6a47cf470,7517,200,GET,ts-travel-service
1650480959,ts-travel-service,740ee0fadada421f,d5d3f6a6a47cf470,d5d3f6a6a47cf470,2074,200,GET,ts-travel-service
1650480959,ts-travel-service,d5d3f6a6a47cf470,,d5d3f6a6a47cf470,60072,200,queryInfo,no_parent
1650480959,ts-route-service,adb8897fc0fecf4f,11a5b115aa46db3,d5d3f6a6a47cf470,2375,200,queryById,ts-travel-service
1650480959,ts-order-service,b5adbddea2a233f2,,b5adbddea2a233f2,13774,200,queryOrdersForRefresh,no_parent
1650480959,ts-order-service,3f714f6cae506bb9,b5adbddea2a233f2,b5adbddea2a233f2,10393,200,POST,ts-order-service
1650480959,ts-travel-service,8eb11bc6ca6f926,d5d3f6a6a47cf470,d5d3f6a6a47cf470,2401,200,GET,ts-travel-service
1650480959,ts-station-service,bf05c83681d34bf2,3f714f6cae506bb9,b5adbddea2a233f2,8766,200,queryForNameBatch,ts-order-service
1650480959,ts-basic-service,96d62c6adab40f58,48e868a592ac4bfc,d5d3f6a6a47cf470,6412,200,queryForStationId,ts-ticketinfo-service
1650480959,ts-station-service,8f2af9745b65147c,9c9dbab4b3c2b896,d5d3f6a6a47cf470,1921,200,queryForStationId,ts-basic-service
1650480959,ts-station-service,e7cb6411df7c4993,40a69e2c694547dd,d5d3f6a6a47cf470,2381,200,queryForStationId,ts-basic-service
1650480959,ts-verification-code-service,596c170add43aaa3,,596c170add43aaa3,6188,200,imageCode,no_parent
1650481019,ts-verification-code-service,1fca1629085b1a4f,,1fca1629085b1a4f,2088,200,imageCode,no_parent
1650481019,ts-preserve-service,330284c0a5ae5746,58088822fda0ab68,58088822fda0ab68,17944,200,GET,ts-preserve-service
1650481019,ts-preserve-service,838af4c58767cdba,58088822fda0ab68,58088822fda0ab68,18654,200,GET,ts-preserve-service
1650481019,ts-preserve-service,58088822fda0ab68,,58088822fda0ab68,39797,200,preserve,no_parent
1650481019,ts-ticketinfo-service,e2ed7dbf13c78111,54ed13df89489d7a,59a38718d7c4f2d8,6142,200,GET,ts-ticketinfo-service
1650481019,ts-ticketinfo-service,54ed13df89489d7a,656ae318f67bfc09,59a38718d7c4f2d8,8443,200,queryForStationId,ts-travel-service
1650481019,ts-basic-service,d5b49d7f0b1cc00e,cdb16efd3467115f,59a38718d7c4f2d8,7162,200,queryForStationId,ts-ticketinfo-service
1650481019,ts-basic-service,11567b1c7652e093,f5e17e3897266460,59a38718d7c4f2d8,3045,200,GET,ts-basic-service
1650481019,ts-order-service,80f88d34285c96ee,eb017da94297d3c0,eb017da94297d3c0,15378,200,POST,ts-order-service
1650481019,ts-station-service,d16139b361aef3a2,80f88d34285c96ee,eb017da94297d3c0,14102,200,queryForNameBatch,ts-order-service
1650481019,ts-travel-service,56d5e2e07a36d83f,59a38718d7c4f2d8,59a38718d7c4f2d8,2944,200,GET,ts-travel-service
1650481019,ts-travel-service,9720e0c49c6e369,59a38718d7c4f2d8,59a38718d7c4f2d8,2662,200,GET,ts-travel-service
1650481019,ts-travel-service,59a38718d7c4f2d8,,59a38718d7c4f2d8,47021,200,queryInfo,no_parent
1650481019,ts-route-service,cd16384ae1f3c588,3df3df4ee40859a,59a38718d7c4f2d8,2516,200,queryById,ts-travel-service
1650481019,ts-route-service,141682b61eac0c5,8c79c00c9dd2ab38,59a38718d7c4f2d8,2412,200,queryById,ts-travel-service
1650481019,ts-route-service,68c50847e09f8160,9720e0c49c6e369,59a38718d7c4f2d8,2583,200,queryById,ts-travel-service
1650481019,ts-basic-service,9da7dd24b6ba7d29,d5b49d7f0b1cc00e,59a38718d7c4f2d8,4321,200,GET,ts-basic-service
1650481019,ts-station-service,2b0b9fe416ff68e5,9da7dd24b6ba7d29,59a38718d7c4f2d8,2664,200,queryForStationId,ts-basic-service
1650481019,ts-order-service,dd1b885494fb0865,29cb5f757a2f8a36,58088822fda0ab68,3608,200,securityInfoCheck,ts-security-service
1650481019,ts-order-other-service,22263bb6ce277e16,c576b77b17c409ce,58088822fda0ab68,3547,200,securityInfoCheck,ts-security-service
1650481019,ts-travel-service,8c79c00c9dd2ab38,59a38718d7c4f2d8,59a38718d7c4f2d8,2575,200,GET,ts-travel-service
1650481019,ts-basic-service,f5e17e3897266460,e2ed7dbf13c78111,59a38718d7c4f2d8,5407,200,queryForStationId,ts-ticketinfo-service
1650481019,ts-ticketinfo-service,cdb16efd3467115f,86f29661e40aa540,59a38718d7c4f2d8,8322,200,GET,ts-ticketinfo-service
1650481019,ts-station-service,ef5f002c16f49775,11567b1c7652e093,59a38718d7c4f2d8,2389,200,queryForStationId,ts-basic-service
1650481019,ts-travel-service,8fbc007eb6aba6d1,59a38718d7c4f2d8,59a38718d7c4f2d8,4441,200,GET,ts-travel-service
1650481019,ts-travel-service,656ae318f67bfc09,59a38718d7c4f2d8,59a38718d7c4f2d8,8914,200,GET,ts-travel-service
1650481019,ts-travel-service,493d5be8901640ba,59a38718d7c4f2d8,59a38718d7c4f2d8,12606,200,GET,ts-travel-service
1650481019,ts-route-service,3c1075c64593de80,8fbc007eb6aba6d1,59a38718d7c4f2d8,3092,200,queryById,ts-travel-service
1650481019,ts-travel-service,3df3df4ee40859a,59a38718d7c4f2d8,59a38718d7c4f2d8,2612,200,GET,ts-travel-service
1650481019,ts-security-service,29cb5f757a2f8a36,e1e25efdae4599f4,58088822fda0ab68,5144,200,GET,ts-security-service
1650481019,ts-ticketinfo-service,86f29661e40aa540,493d5be8901640ba,59a38718d7c4f2d8,10988,200,queryForStationId,ts-travel-service
1650481019,ts-order-service,eb017da94297d3c0,,eb017da94297d3c0,18448,200,queryOrdersForRefresh,no_parent
1650481019,ts-route-service,f94cb985018d3575,56d5e2e07a36d83f,59a38718d7c4f2d8,2565,200,queryById,ts-travel-service
1650481019,ts-security-service,c576b77b17c409ce,e1e25efdae4599f4,58088822fda0ab68,6022,200,GET,ts-security-service
1650481019,ts-contacts-service,dd70205780b6bbfc,838af4c58767cdba,58088822fda0ab68,12174,200,getContactsByContactsId,ts-preserve-service
1650481019,ts-security-service,e1e25efdae4599f4,330284c0a5ae5746,58088822fda0ab68,16578,200,check,ts-preserve-service
1650481019,ts-assurance-service,fad1a7144c2190cc,,fad1a7144c2190cc,1260,200,getAllAssuranceType,no_parent
1650481019,ts-verification-code-service,de91eb3cacdaa311,215715e91ca033a8,3c288716dfaa0528,1993,200,verifyCode,ts-auth-service
1650481019,ts-auth-service,3c288716dfaa0528,,3c288716dfaa0528,111703,200,getToken,no_parent
1650481019,ts-auth-service,215715e91ca033a8,3c288716dfaa0528,3c288716dfaa0528,3622,200,GET,ts-auth-service
1650481019,ts-contacts-service,489eb662916f17a4,,489eb662916f17a4,3271,200,findContactsByAccountId,no_parent
1650481079,ts-security-service,9da9d866f4bf3dd2,87b7dc08f131297f,f7c15a6e8c1af297,4856,200,GET,ts-security-service
1650481079,ts-order-other-service,3c28d81df4c6e26b,49e83314a6dfbe14,f7c15a6e8c1af297,3623,200,securityInfoCheck,ts-security-service
1650481079,ts-security-service,49e83314a6dfbe14,87b7dc08f131297f,f7c15a6e8c1af297,5061,200,GET,ts-security-service
1650481079,ts-order-service,a83e6198249efa35,3bd70a0b0c87d595,3bd70a0b0c87d595,10424,200,POST,ts-order-service
1650481079,ts-preserve-service,f7c15a6e8c1af297,,f7c15a6e8c1af297,23178,200,preserve,no_parent
1650481079,ts-security-service,87b7dc08f131297f,488ca132ec498cfe,f7c15a6e8c1af297,15115,200,check,ts-preserve-service
1650481079,ts-order-service,f001a5bc2b4a48fb,9da9d866f4bf3dd2,f7c15a6e8c1af297,3742,200,securityInfoCheck,ts-security-service
1650481079,ts-contacts-service,3358ab8acb2c8ec,b04f3338e6093590,f7c15a6e8c1af297,2179,200,getContactsByContactsId,ts-preserve-service
1650481079,ts-preserve-service,b04f3338e6093590,f7c15a6e8c1af297,f7c15a6e8c1af297,3441,200,GET,ts-preserve-service
1650481079,ts-preserve-service,488ca132ec498cfe,f7c15a6e8c1af297,f7c15a6e8c1af297,16678,200,GET,ts-preserve-service
1650481079,ts-order-service,3bd70a0b0c87d595,,3bd70a0b0c87d595,13865,200,queryOrdersForRefresh,no_parent
1650481079,ts-contacts-service,fd0ad2f76702f210,,fd0ad2f76702f210,3328,200,findContactsByAccountId,no_parent
1650481079,ts-station-service,75855c24fa0ffa8,a83e6198249efa35,3bd70a0b0c87d595,8930,200,queryForNameBatch,ts-order-service
1650481079,ts-verification-code-service,b716c417fed8c222,,b716c417fed8c222,3029,200,imageCode,no_parent
1650481079,ts-verification-code-service,1fe799e7bca2b612,874f362deaa49f71,7cdcdbe95beadf81,2037,200,verifyCode,ts-auth-service
1650481079,ts-auth-service,874f362deaa49f71,7cdcdbe95beadf81,7cdcdbe95beadf81,3753,200,GET,ts-auth-service
1650481079,ts-auth-service,7cdcdbe95beadf81,,7cdcdbe95beadf81,117849,200,getToken,no_parent
1650481080,ts-ticketinfo-service,1fcf030115c067fb,c491401ea69b8af3,8fdcd876d71967ad,8652,200,GET,ts-ticketinfo-service
1650481080,ts-basic-service,594912f2bc309d3f,1fcf030115c067fb,8fdcd876d71967ad,7355,200,queryForStationId,ts-ticketinfo-service
1650481080,ts-travel-service,22d8b7ff9063c62d,8fdcd876d71967ad,8fdcd876d71967ad,1746,200,GET,ts-travel-service
1650481080,ts-travel-service,d3bc8ed6e5ce2fe4,8fdcd876d71967ad,8fdcd876d71967ad,8912,200,GET,ts-travel-service
1650481080,ts-ticketinfo-service,b85e5f5d76c0954e,66e4ed9ed934428d,8fdcd876d71967ad,6208,200,GET,ts-ticketinfo-service
1650481080,ts-ticketinfo-service,c491401ea69b8af3,52147aca2fd998cf,8fdcd876d71967ad,11454,200,queryForStationId,ts-travel-service
1650481080,ts-ticketinfo-service,66e4ed9ed934428d,d3bc8ed6e5ce2fe4,8fdcd876d71967ad,8522,200,queryForStationId,ts-travel-service
1650481080,ts-route-service,49b30bd650ba32bf,c0df2d8085f0cc27,8fdcd876d71967ad,1794,200,queryById,ts-travel-service
1650481080,ts-travel-service,94b4d093b9cc09fe,8fdcd876d71967ad,8fdcd876d71967ad,14792,200,GET,ts-travel-service
1650481080,ts-assurance-service,40d2f372dc449b36,,40d2f372dc449b36,1885,200,getAllAssuranceType,no_parent
1650481080,ts-travel-service,e196fc476e6d35ad,8fdcd876d71967ad,8fdcd876d71967ad,2504,200,GET,ts-travel-service
1650481080,ts-travel-service,837d9a04b8cc43b1,8fdcd876d71967ad,8fdcd876d71967ad,2521,200,GET,ts-travel-service
1650481080,ts-travel-service,c0df2d8085f0cc27,8fdcd876d71967ad,8fdcd876d71967ad,2187,200,GET,ts-travel-service
1650481080,ts-basic-service,b4b27b96e2c6768e,45198e73535fb956,8fdcd876d71967ad,2987,200,GET,ts-basic-service
1650481080,ts-basic-service,45198e73535fb956,b85e5f5d76c0954e,8fdcd876d71967ad,5352,200,queryForStationId,ts-ticketinfo-service
1650481080,ts-station-service,a7444040ba908f32,8984e87df0e85ec9,8fdcd876d71967ad,3154,200,queryForStationId,ts-basic-service
1650481080,ts-route-service,976ed21277099ff5,94b4d093b9cc09fe,8fdcd876d71967ad,13322,200,queryById,ts-travel-service
1650481080,ts-route-service,7b7d86cb8bdcb96e,22d8b7ff9063c62d,8fdcd876d71967ad,1594,200,queryById,ts-travel-service
1650481080,ts-route-service,303c4fa4abce724c,e196fc476e6d35ad,8fdcd876d71967ad,2375,200,queryById,ts-travel-service
1650481080,ts-basic-service,8984e87df0e85ec9,594912f2bc309d3f,8fdcd876d71967ad,4419,200,GET,ts-basic-service
1650481080,ts-station-service,b6d1ca404b83f638,b4b27b96e2c6768e,8fdcd876d71967ad,2316,200,queryForStationId,ts-basic-service
1650481080,ts-travel-service,52147aca2fd998cf,8fdcd876d71967ad,8fdcd876d71967ad,13103,200,GET,ts-travel-service
1650481080,ts-route-service,e5de2b12790d7b46,837d9a04b8cc43b1,8fdcd876d71967ad,2468,200,queryById,ts-travel-service
1650481080,ts-travel-service,8fdcd876d71967ad,,8fdcd876d71967ad,56526,200,queryInfo,no_parent
1650481140,ts-travel-service,7d1ddb5a5a460aa6,77a35c7490c8110c,77a35c7490c8110c,4393,200,GET,ts-travel-service
1650481140,ts-travel-service,c08503bfc8a91531,77a35c7490c8110c,77a35c7490c8110c,12370,200,GET,ts-travel-service
1650481140,ts-basic-service,2b86ba3c011abf9e,c3eb28fe904560bc,77a35c7490c8110c,6157,200,queryForStationId,ts-ticketinfo-service
1650481140,ts-basic-service,285f64cce8edd279,16e4d50476c9054c,77a35c7490c8110c,2427,200,GET,ts-basic-service
1650481140,ts-basic-service,16e4d50476c9054c,d449340e7ba0626,77a35c7490c8110c,4692,200,queryForStationId,ts-ticketinfo-service
1650481140,ts-station-service,e6b735fc6a1ff080,e38b909571edc75a,77a35c7490c8110c,2177,200,queryForStationId,ts-basic-service
1650481140,ts-station-service,cd87ae0d6a6054e7,285f64cce8edd279,77a35c7490c8110c,1680,200,queryForStationId,ts-basic-service
1650481140,ts-travel-service,482abed1c14df3a8,77a35c7490c8110c,77a35c7490c8110c,2993,200,GET,ts-travel-service
1650481140,ts-ticketinfo-service,568de737df2626e0,2657d5fa36d7b10d,77a35c7490c8110c,7776,200,queryForStationId,ts-travel-service
1650481140,ts-route-service,d318cbf0126020da,482abed1c14df3a8,77a35c7490c8110c,2536,200,queryById,ts-travel-service
1650481140,ts-route-service,f4a99ad86e0c89de,52dd35b6219f3940,77a35c7490c8110c,2539,200,queryById,ts-travel-service
1650481140,ts-route-service,f4bf1f7a5fd2577,a2df26a02d5d3031,77a35c7490c8110c,2381,200,queryById,ts-travel-service
1650481140,ts-ticketinfo-service,c3eb28fe904560bc,c8da6eb14c8b4361,77a35c7490c8110c,7216,200,GET,ts-ticketinfo-service
1650481140,ts-ticketinfo-service,c8da6eb14c8b4361,c08503bfc8a91531,77a35c7490c8110c,9900,200,queryForStationId,ts-travel-service
1650481140,ts-ticketinfo-service,d449340e7ba0626,568de737df2626e0,77a35c7490c8110c,5485,200,GET,ts-ticketinfo-service
1650481140,ts-basic-service,e38b909571edc75a,2b86ba3c011abf9e,77a35c7490c8110c,3352,200,GET,ts-basic-service
1650481140,ts-route-service,91e02b2467826c61,d051755f4c8ba4be,77a35c7490c8110c,2536,200,queryById,ts-travel-service
1650481140,ts-order-service,4128c686d38ca1f5,2d0b3a780a20a7ac,1b14025d547a88f7,3973,200,securityInfoCheck,ts-security-service
1650481140,ts-preserve-service,31b9777c7e0d946f,1b14025d547a88f7,1b14025d547a88f7,18691,200,GET,ts-preserve-service
1650481140,ts-preserve-service,dd696e97c987d52c,1b14025d547a88f7,1b14025d547a88f7,3292,200,GET,ts-preserve-service
1650481140,ts-travel-service,2657d5fa36d7b10d,77a35c7490c8110c,77a35c7490c8110c,8124,200,GET,ts-travel-service
1650481140,ts-travel-service,52dd35b6219f3940,77a35c7490c8110c,77a35c7490c8110c,2575,200,GET,ts-travel-service
1650481140,ts-travel-service,77a35c7490c8110c,,77a35c7490c8110c,51413,200,queryInfo,no_parent
1650481140,ts-route-service,f9bddfd465d7745d,7d1ddb5a5a460aa6,77a35c7490c8110c,3053,200,queryById,ts-travel-service
1650481140,ts-verification-code-service,eacc6bc864e52086,4905c73264a61e02,5c9d5f4ce1fc942e,1976,200,verifyCode,ts-auth-service
1650481140,ts-order-service,9e15b891347d9ef3,9e75542394ae2575,9e75542394ae2575,9489,200,POST,ts-order-service
1650481140,ts-order-service,9e75542394ae2575,,9e75542394ae2575,13033,200,queryOrdersForRefresh,no_parent
1650481140,ts-station-service,c74858fe2aa76da5,9e15b891347d9ef3,9e75542394ae2575,7985,200,queryForNameBatch,ts-order-service
1650481140,ts-security-service,f83f4fae18c8dffe,31b9777c7e0d946f,1b14025d547a88f7,15325,200,check,ts-preserve-service
1650481140,ts-contacts-service,38c05a840612c459,dd696e97c987d52c,1b14025d547a88f7,2493,200,getContactsByContactsId,ts-preserve-service
1650481140,ts-preserve-service,1b14025d547a88f7,,1b14025d547a88f7,25127,200,preserve,no_parent
1650481140,ts-order-other-service,4f73f6cef18e9a32,b0a85cd32a2bc63c,1b14025d547a88f7,3421,200,securityInfoCheck,ts-security-service
1650481140,ts-security-service,2d0b3a780a20a7ac,f83f4fae18c8dffe,1b14025d547a88f7,5391,200,GET,ts-security-service
1650481140,ts-security-service,b0a85cd32a2bc63c,f83f4fae18c8dffe,1b14025d547a88f7,4729,200,GET,ts-security-service
1650481140,ts-travel-service,d051755f4c8ba4be,77a35c7490c8110c,77a35c7490c8110c,2607,200,GET,ts-travel-service
1650481140,ts-travel-service,a2df26a02d5d3031,77a35c7490c8110c,77a35c7490c8110c,2441,200,GET,ts-travel-service
1650481140,ts-contacts-service,7633facaf407b78,,7633facaf407b78,3446,200,findContactsByAccountId,no_parent
1650481140,ts-assurance-service,434771e26b3de509,,434771e26b3de509,1878,200,getAllAssuranceType,no_parent
1650481140,ts-auth-service,4905c73264a61e02,5c9d5f4ce1fc942e,5c9d5f4ce1fc942e,3769,200,GET,ts-auth-service
1650481140,ts-auth-service,5c9d5f4ce1fc942e,,5c9d5f4ce1fc942e,116509,200,getToken,no_parent
1650481140,ts-verification-code-service,5ea4d3c80b5afebe,,5ea4d3c80b5afebe,3274,200,imageCode,no_parent
1650481200,ts-security-service,ef2f94b36c221e1c,1bd0b0919a7b9a7b,2a8f91cb4d866d9d,4804,200,GET,ts-security-service
1650481200,ts-station-service,8e7b40af44e0f8ad,bc614246ccea8e8f,89cff8aa6d6be222,2089,200,queryForStationId,ts-basic-service
1650481200,ts-station-service,a8c33c5b78b3c14d,5f6d24e4a6b936c3,89cff8aa6d6be222,2370,200,queryForStationId,ts-basic-service
1650481200,ts-preserve-service,2a8f91cb4d866d9d,,2a8f91cb4d866d9d,37968,200,preserve,no_parent
1650481200,ts-ticketinfo-service,634bd1e056355eb8,7cf63efbeea23b7d,89cff8aa6d6be222,8249,200,queryForStationId,ts-travel-service
1650481200,ts-ticketinfo-service,842f37c132df5d8e,fff9db77e5c27499,89cff8aa6d6be222,10285,200,queryForStationId,ts-travel-service
1650481200,ts-basic-service,bc614246ccea8e8f,eb92d6353a4caa7b,89cff8aa6d6be222,2807,200,GET,ts-basic-service
1650481200,ts-basic-service,5f6d24e4a6b936c3,5936df11e2a435b4,89cff8aa6d6be222,3546,200,GET,ts-basic-service
1650481200,ts-travel-service,35584146b04e65fc,89cff8aa6d6be222,89cff8aa6d6be222,2095,200,GET,ts-travel-service
1650481200,ts-route-service,33070fc1a6057891,83efe9ab94846b7e,89cff8aa6d6be222,2554,200,queryById,ts-travel-service
1650481200,ts-route-service,1160aa7c060f0e73,35584146b04e65fc,89cff8aa6d6be222,1952,200,queryById,ts-travel-service
1650481200,ts-travel-service,83efe9ab94846b7e,89cff8aa6d6be222,89cff8aa6d6be222,2636,200,GET,ts-travel-service
1650481200,ts-travel-service,7cf63efbeea23b7d,89cff8aa6d6be222,89cff8aa6d6be222,8647,200,GET,ts-travel-service
1650481200,ts-security-service,e3039af2304396f7,1bd0b0919a7b9a7b,2a8f91cb4d866d9d,5304,200,GET,ts-security-service
1650481200,ts-ticketinfo-service,b314ea54703ae43c,634bd1e056355eb8,89cff8aa6d6be222,5898,200,GET,ts-ticketinfo-service
1650481200,ts-security-service,1bd0b0919a7b9a7b,1e0b94e9798c7dcd,2a8f91cb4d866d9d,15145,200,check,ts-preserve-service
1650481200,ts-route-service,85016b348414c7a,43dc56470f667fc5,89cff8aa6d6be222,2951,200,queryById,ts-travel-service
1650481200,ts-auth-service,8b233e8df07080ed,3afa52858f63b5e9,3afa52858f63b5e9,4246,200,GET,ts-auth-service
1650481200,ts-basic-service,eb92d6353a4caa7b,b314ea54703ae43c,89cff8aa6d6be222,5115,200,queryForStationId,ts-ticketinfo-service
1650481200,ts-verification-code-service,f7f806b63f526f7f,8b233e8df07080ed,3afa52858f63b5e9,2465,200,verifyCode,ts-auth-service
1650481200,ts-travel-service,1dc19b97e69e3905,89cff8aa6d6be222,89cff8aa6d6be222,2866,200,GET,ts-travel-service
1650481200,ts-travel-service,f48710d009ee1cf3,89cff8aa6d6be222,89cff8aa6d6be222,2178,200,GET,ts-travel-service
1650481200,ts-travel-service,43dc56470f667fc5,89cff8aa6d6be222,89cff8aa6d6be222,4277,200,GET,ts-travel-service
1650481200,ts-travel-service,89cff8aa6d6be222,,89cff8aa6d6be222,44173,200,queryInfo,no_parent
1650481200,ts-basic-service,5936df11e2a435b4,f7d28eb4836380bc,89cff8aa6d6be222,6371,200,queryForStationId,ts-ticketinfo-service
1650481200,ts-contacts-service,5f5138cc5789c825,599b1da45324d143,2a8f91cb4d866d9d,1581,200,getContactsByContactsId,ts-preserve-service
1650481200,ts-order-service,403fed87db73ad34,e3039af2304396f7,2a8f91cb4d866d9d,3894,200,securityInfoCheck,ts-security-service
1650481200,ts-preserve-service,1e0b94e9798c7dcd,2a8f91cb4d866d9d,2a8f91cb4d866d9d,18436,200,GET,ts-preserve-service
1650481200,ts-route-service,d61b2f4756e7e98,f48710d009ee1cf3,89cff8aa6d6be222,2060,200,queryById,ts-travel-service
1650481200,ts-order-service,f38a3e3d2bbfc474,8f28a41919796f7f,8f28a41919796f7f,9289,200,POST,ts-order-service
1650481200,ts-order-service,8f28a41919796f7f,,8f28a41919796f7f,12278,200,queryOrdersForRefresh,no_parent
1650481200,ts-travel-service,fff9db77e5c27499,89cff8aa6d6be222,89cff8aa6d6be222,11818,200,GET,ts-travel-service
1650481200,ts-preserve-service,599b1da45324d143,2a8f91cb4d866d9d,2a8f91cb4d866d9d,2977,200,GET,ts-preserve-service
1650481200,ts-route-service,6f31134afada470a,1dc19b97e69e3905,89cff8aa6d6be222,2475,200,queryById,ts-travel-service
1650481200,ts-ticketinfo-service,f7d28eb4836380bc,842f37c132df5d8e,89cff8aa6d6be222,7551,200,GET,ts-ticketinfo-service
1650481200,ts-assurance-service,dd653213bcae3f68,,dd653213bcae3f68,1839,200,getAllAssuranceType,no_parent
1650481200,ts-order-other-service,3138df8f8731c271,ef2f94b36c221e1c,2a8f91cb4d866d9d,3530,200,securityInfoCheck,ts-security-service
1650481200,ts-station-service,f825f32673211b0b,f38a3e3d2bbfc474,8f28a41919796f7f,7911,200,queryForNameBatch,ts-order-service
1650481200,ts-contacts-service,e155b07ab7b66586,,e155b07ab7b66586,3276,200,findContactsByAccountId,no_parent
1650481200,ts-auth-service,3afa52858f63b5e9,,3afa52858f63b5e9,109609,200,getToken,no_parent
1650481200,ts-verification-code-service,45d5e4a0300a21d2,,45d5e4a0300a21d2,5915,200,imageCode,no_parent
1650481260,ts-travel-service,4b019a801ad84863,b4e06bc211180e61,b4e06bc211180e61,2590,200,GET,ts-travel-service
1650481260,ts-travel-service,70454016c771d889,b4e06bc211180e61,b4e06bc211180e61,7908,200,GET,ts-travel-service
1650481260,ts-route-service,4190e3587b6d49da,5674aac18297363e,b4e06bc211180e61,2196,200,queryById,ts-travel-service
1650481260,ts-route-service,cec92fd987496a7e,2e6d8e47ca13cdf9,b4e06bc211180e61,2492,200,queryById,ts-travel-service
1650481260,ts-travel-service,761d21e2d76040d4,b4e06bc211180e61,b4e06bc211180e61,12147,200,GET,ts-travel-service
1650481260,ts-basic-service,5c304229069af8da,2a9b9c1343fd756,b4e06bc211180e61,2736,200,GET,ts-basic-service
1650481260,ts-basic-service,2a9b9c1343fd756,57d6d39c9f4d3909,b4e06bc211180e61,5066,200,queryForStationId,ts-ticketinfo-service
1650481260,ts-travel-service,6e7cdcb10db688c2,b4e06bc211180e61,b4e06bc211180e61,3996,200,GET,ts-travel-service
1650481260,ts-travel-service,20de6ccb68877e29,b4e06bc211180e61,b4e06bc211180e61,2455,200,GET,ts-travel-service
1650481260,ts-travel-service,2e6d8e47ca13cdf9,b4e06bc211180e61,b4e06bc211180e61,2580,200,GET,ts-travel-service
1650481260,ts-travel-service,b4e06bc211180e61,,b4e06bc211180e61,44879,200,queryInfo,no_parent
1650481260,ts-route-service,3aaa6384b4ba9ef3,4b019a801ad84863,b4e06bc211180e61,2496,200,queryById,ts-travel-service
1650481260,ts-basic-service,a002511c9496ebc8,1e1cef9e4be237d0,b4e06bc211180e61,3609,200,GET,ts-basic-service
1650481260,ts-ticketinfo-service,56d7c531acd1dcd0,70454016c771d889,b4e06bc211180e61,7569,200,queryForStationId,ts-travel-service
1650481260,ts-travel-service,5674aac18297363e,b4e06bc211180e61,b4e06bc211180e61,2638,200,GET,ts-travel-service
1650481260,ts-basic-service,1e1cef9e4be237d0,43b5b4c9fe25cc75,b4e06bc211180e61,6473,200,queryForStationId,ts-ticketinfo-service
1650481260,ts-station-service,79bd30043cfbf2a0,a002511c9496ebc8,b4e06bc211180e61,2448,200,queryForStationId,ts-basic-service
1650481260,ts-station-service,4801cd1fb31c4d3c,5c304229069af8da,b4e06bc211180e61,2091,200,queryForStationId,ts-basic-service
1650481260,ts-verification-code-service,c9094121b67e4436,,c9094121b67e4436,3058,200,imageCode,no_parent
1650481260,ts-verification-code-service,9677ec4bfded4759,a4b568f384cb51a9,e4d036b4f6a8a0e5,2180,200,verifyCode,ts-auth-service
1650481260,ts-auth-service,a4b568f384cb51a9,e4d036b4f6a8a0e5,e4d036b4f6a8a0e5,3843,200,GET,ts-auth-service
1650481260,ts-auth-service,e4d036b4f6a8a0e5,,e4d036b4f6a8a0e5,106345,200,getToken,no_parent
1650481260,ts-route-service,8c984708cc2bd4a8,20de6ccb68877e29,b4e06bc211180e61,2261,200,queryById,ts-travel-service
1650481260,ts-ticketinfo-service,242e1d49280d07f4,761d21e2d76040d4,b4e06bc211180e61,10447,200,queryForStationId,ts-travel-service
1650481260,ts-ticketinfo-service,57d6d39c9f4d3909,56d7c531acd1dcd0,b4e06bc211180e61,5721,200,GET,ts-ticketinfo-service
1650481260,ts-route-service,24f10ea2e65a2c1b,6e7cdcb10db688c2,b4e06bc211180e61,2733,200,queryById,ts-travel-service
1650481260,ts-contacts-service,db91fc7aa6a1b07,,db91fc7aa6a1b07,3420,200,findContactsByAccountId,no_parent
1650481260,ts-contacts-service,ee8867a4df2c29bf,2f0e58b5202aef75,b33d569357f60d0a,2270,200,getContactsByContactsId,ts-preserve-service
1650481260,ts-order-service,f95a4ccbd9f8c142,753f40cf7ec43c6d,b33d569357f60d0a,3778,200,securityInfoCheck,ts-security-service
1650481260,ts-preserve-service,2fc0447de05a6a5e,b33d569357f60d0a,b33d569357f60d0a,16904,200,GET,ts-preserve-service
1650481260,ts-preserve-service,2f0e58b5202aef75,b33d569357f60d0a,b33d569357f60d0a,3351,200,GET,ts-preserve-service
1650481260,ts-preserve-service,b33d569357f60d0a,,b33d569357f60d0a,23511,200,preserve,no_parent
1650481260,ts-order-other-service,ca0c2d4005ec38f4,e39e39414b111ff4,b33d569357f60d0a,3712,200,securityInfoCheck,ts-security-service
1650481260,ts-security-service,753f40cf7ec43c6d,c21df2256367519a,b33d569357f60d0a,5252,200,GET,ts-security-service
1650481260,ts-security-service,e39e39414b111ff4,c21df2256367519a,b33d569357f60d0a,4946,200,GET,ts-security-service
1650481260,ts-security-service,c21df2256367519a,2fc0447de05a6a5e,b33d569357f60d0a,15283,200,check,ts-preserve-service
1650481260,ts-ticketinfo-service,43b5b4c9fe25cc75,242e1d49280d07f4,b4e06bc211180e61,7695,200,GET,ts-ticketinfo-service
1650481260,ts-station-service,ce75b3666086b6e6,87c8b1cd6b14617,54e064c84e29b645,8316,200,queryForNameBatch,ts-order-service
1650481260,ts-order-service,54e064c84e29b645,,54e064c84e29b645,13374,200,queryOrdersForRefresh,no_parent
1650481260,ts-order-service,87c8b1cd6b14617,54e064c84e29b645,54e064c84e29b645,9896,200,POST,ts-order-service
1650481260,ts-assurance-service,c89bd5521068b58a,,c89bd5521068b58a,1884,200,getAllAssuranceType,no_parent
1650481321,ts-verification-code-service,94453230a478cb02,,94453230a478cb02,3243,200,imageCode,no_parent
1650481321,ts-verification-code-service,c594085b1bc34b50,7d31310cf61c4178,15d435022eb9e039,2205,200,verifyCode,ts-auth-service
1650481321,ts-station-service,759164774de88f50,23b59632418bc506,d22efaa77408b755,2609,200,queryForStationId,ts-basic-service
1650481321,ts-route-service,307cc5819f034145,669ad43756e6e7dd,d22efaa77408b755,2537,200,queryById,ts-travel-service
1650481321,ts-route-service,fb89d9c69ff0d60a,e768cd3a549621e6,d22efaa77408b755,2043,200,queryById,ts-travel-service
1650481321,ts-auth-service,7d31310cf61c4178,15d435022eb9e039,15d435022eb9e039,3926,200,GET,ts-auth-service
1650481321,ts-auth-service,15d435022eb9e039,,15d435022eb9e039,108074,200,getToken,no_parent
1650481321,ts-travel-service,e768cd3a549621e6,d22efaa77408b755,d22efaa77408b755,2208,200,GET,ts-travel-service
1650481321,ts-travel-service,d22efaa77408b755,,d22efaa77408b755,55574,200,queryInfo,no_parent
1650481321,ts-travel-service,9009f5792f27a532,d22efaa77408b755,d22efaa77408b755,2583,200,GET,ts-travel-service
1650481321,ts-travel-service,8e97f4ae66534691,d22efaa77408b755,d22efaa77408b755,22906,200,GET,ts-travel-service
1650481321,ts-travel-service,ba0c97137c4a0483,d22efaa77408b755,d22efaa77408b755,3991,200,GET,ts-travel-service
1650481321,ts-travel-service,6ee7e4119644d43b,d22efaa77408b755,d22efaa77408b755,7660,200,GET,ts-travel-service
1650481321,ts-basic-service,4809ec4e67868c87,e3b804ff6f92757e,d22efaa77408b755,2494,200,GET,ts-basic-service
1650481321,ts-basic-service,33bca67593f4efbb,c360f1b115e71950,d22efaa77408b755,17579,200,queryForStationId,ts-ticketinfo-service
1650481321,ts-travel-service,ee4324bfff657753,d22efaa77408b755,d22efaa77408b755,2335,200,GET,ts-travel-service
1650481321,ts-basic-service,e3b804ff6f92757e,4b873fd9f80e7734,d22efaa77408b755,4592,200,queryForStationId,ts-ticketinfo-service
1650481321,ts-route-service,ef9fb85f51ce9cbe,ee4324bfff657753,d22efaa77408b755,2285,200,queryById,ts-travel-service
1650481321,ts-route-service,ace9865219a05331,9009f5792f27a532,d22efaa77408b755,2488,200,queryById,ts-travel-service
1650481321,ts-ticketinfo-service,cf751b1df75def00,8e97f4ae66534691,d22efaa77408b755,21415,200,queryForStationId,ts-travel-service
1650481321,ts-ticketinfo-service,4b873fd9f80e7734,8af37707b18d85d2,d22efaa77408b755,5163,200,GET,ts-ticketinfo-service
1650481321,ts-ticketinfo-service,8af37707b18d85d2,6ee7e4119644d43b,d22efaa77408b755,7324,200,queryForStationId,ts-travel-service
1650481321,ts-ticketinfo-service,c360f1b115e71950,cf751b1df75def00,d22efaa77408b755,18920,200,GET,ts-ticketinfo-service
1650481321,ts-basic-service,23b59632418bc506,33bca67593f4efbb,d22efaa77408b755,15243,200,GET,ts-basic-service
1650481321,ts-preserve-service,8872374a6f9802d2,,8872374a6f9802d2,23942,200,preserve,no_parent
1650481321,ts-order-other-service,9b26a9087f337564,2bc8777866733509,8872374a6f9802d2,3708,200,securityInfoCheck,ts-security-service
1650481321,ts-security-service,2bc8777866733509,46db8a8d14212adb,8872374a6f9802d2,5048,200,GET,ts-security-service
1650481321,ts-security-service,4e1de7d1072e6d40,46db8a8d14212adb,8872374a6f9802d2,5375,200,GET,ts-security-service
1650481321,ts-security-service,46db8a8d14212adb,11a349275a9eaa92,8872374a6f9802d2,15379,200,check,ts-preserve-service
1650481321,ts-contacts-service,56c5dc24259731d6,cc4f34f78206e428,8872374a6f9802d2,2710,200,getContactsByContactsId,ts-preserve-service
1650481321,ts-order-service,ebbc00b74d43effe,4e1de7d1072e6d40,8872374a6f9802d2,3938,200,securityInfoCheck,ts-security-service
1650481321,ts-preserve-service,11a349275a9eaa92,8872374a6f9802d2,8872374a6f9802d2,16965,200,GET,ts-preserve-service
1650481321,ts-station-service,a7501c81d7d71c62,4809ec4e67868c87,d22efaa77408b755,1815,200,queryForStationId,ts-basic-service
1650481321,ts-travel-service,669ad43756e6e7dd,d22efaa77408b755,d22efaa77408b755,3029,200,GET,ts-travel-service
1650481321,ts-route-service,a09dc2a34917196c,ba0c97137c4a0483,d22efaa77408b755,2796,200,queryById,ts-travel-service
1650481321,ts-preserve-service,cc4f34f78206e428,8872374a6f9802d2,8872374a6f9802d2,3875,200,GET,ts-preserve-service
1650481321,ts-order-service,c0ffdb1edeb52872,,c0ffdb1edeb52872,13133,200,queryOrdersForRefresh,no_parent
1650481321,ts-order-service,e9a420a95386e218,c0ffdb1edeb52872,c0ffdb1edeb52872,9439,200,POST,ts-order-service
1650481321,ts-station-service,1e9f616c8f77c1c4,e9a420a95386e218,c0ffdb1edeb52872,7824,200,queryForNameBatch,ts-order-service
1650481321,ts-assurance-service,a39ff1dd11ff0c9e,,a39ff1dd11ff0c9e,1574,200,getAllAssuranceType,no_parent
1650481321,ts-contacts-service,6ba6466d704638b4,,6ba6466d704638b4,3480,200,findContactsByAccountId,no_parent
1650481381,ts-contacts-service,962616e990053db4,,962616e990053db4,3372,200,findContactsByAccountId,no_parent
1650481381,ts-order-other-service,378f51dd898f26fb,92fda8b8954978dd,80c9139d53fe5e13,3655,200,securityInfoCheck,ts-security-service
1650481381,ts-travel-service,5ce1d2bec4e40383,554d50bc19e19609,554d50bc19e19609,2944,200,GET,ts-travel-service
1650481381,ts-security-service,88d2995a31d83d5b,799aa3bc9fec7fa7,80c9139d53fe5e13,5152,200,GET,ts-security-service
1650481381,ts-travel-service,f50ba09c4489498e,554d50bc19e19609,554d50bc19e19609,2548,200,GET,ts-travel-service
1650481381,ts-travel-service,929580521a080f38,554d50bc19e19609,554d50bc19e19609,4294,200,GET,ts-travel-service
1650481381,ts-order-service,5ba2297ad80ecbb0,88d2995a31d83d5b,80c9139d53fe5e13,3736,200,securityInfoCheck,ts-security-service
1650481381,ts-preserve-service,d4b7969a5d88d956,80c9139d53fe5e13,80c9139d53fe5e13,16661,200,GET,ts-preserve-service
1650481381,ts-preserve-service,ae11707a4659b35d,80c9139d53fe5e13,80c9139d53fe5e13,3835,200,GET,ts-preserve-service
1650481381,ts-preserve-service,80c9139d53fe5e13,,80c9139d53fe5e13,23695,200,preserve,no_parent
1650481381,ts-ticketinfo-service,b0912be4eba58ee8,bcc1ca7a7dd0a5be,554d50bc19e19609,7914,200,queryForStationId,ts-travel-service
1650481381,ts-ticketinfo-service,dfe4f49720de7010,3a1261d01c329ad,554d50bc19e19609,7500,200,GET,ts-ticketinfo-service
1650481381,ts-basic-service,92faea966b462553,ae91cf17555f2252,554d50bc19e19609,3510,200,GET,ts-basic-service
1650481381,ts-basic-service,ae91cf17555f2252,dfe4f49720de7010,554d50bc19e19609,6297,200,queryForStationId,ts-ticketinfo-service
1650481381,ts-basic-service,66287fc1ce9a3ef9,d8825506954f5a8b,554d50bc19e19609,2431,200,GET,ts-basic-service
1650481381,ts-basic-service,d8825506954f5a8b,d42695521b3fc63,554d50bc19e19609,4781,200,queryForStationId,ts-ticketinfo-service
1650481381,ts-station-service,ce033aa3fdf93db2,92faea966b462553,554d50bc19e19609,2363,200,queryForStationId,ts-basic-service
1650481381,ts-verification-code-service,892371ece5657470,,892371ece5657470,3139,200,imageCode,no_parent
1650481381,ts-security-service,92fda8b8954978dd,799aa3bc9fec7fa7,80c9139d53fe5e13,4965,200,GET,ts-security-service
1650481381,ts-security-service,799aa3bc9fec7fa7,d4b7969a5d88d956,80c9139d53fe5e13,15041,200,check,ts-preserve-service
1650481381,ts-contacts-service,e4cfb1af31e7dbc6,ae11707a4659b35d,80c9139d53fe5e13,2656,200,getContactsByContactsId,ts-preserve-service
1650481381,ts-travel-service,507d75aefecc0100,554d50bc19e19609,554d50bc19e19609,11658,200,GET,ts-travel-service
1650481381,ts-travel-service,a4b698d3e1ed158b,554d50bc19e19609,554d50bc19e19609,2125,200,GET,ts-travel-service
1650481381,ts-station-service,200035fad1be6344,66287fc1ce9a3ef9,554d50bc19e19609,1739,200,queryForStationId,ts-basic-service
1650481381,ts-travel-service,554d50bc19e19609,,554d50bc19e19609,44628,200,queryInfo,no_parent
1650481381,ts-travel-service,35c27976e71004bd,554d50bc19e19609,554d50bc19e19609,2523,200,GET,ts-travel-service
1650481381,ts-route-service,79e79410192cd9b1,35c27976e71004bd,554d50bc19e19609,2461,200,queryById,ts-travel-service
1650481381,ts-route-service,e2561eff97a9ddac,f50ba09c4489498e,554d50bc19e19609,2513,200,queryById,ts-travel-service
1650481381,ts-route-service,bcdb57a0030159ef,a4b698d3e1ed158b,554d50bc19e19609,2032,200,queryById,ts-travel-service
1650481381,ts-order-service,2c33c47a33f85099,cb506557c739fd5b,cb506557c739fd5b,9536,200,POST,ts-order-service
1650481381,ts-order-service,cb506557c739fd5b,,cb506557c739fd5b,13230,200,queryOrdersForRefresh,no_parent
1650481381,ts-station-service,a2f1bdb70f582cc0,2c33c47a33f85099,cb506557c739fd5b,8131,200,queryForNameBatch,ts-order-service
1650481381,ts-ticketinfo-service,d42695521b3fc63,b0912be4eba58ee8,554d50bc19e19609,5623,200,GET,ts-ticketinfo-service
1650481381,ts-route-service,8b2f7039f1d15354,5ce1d2bec4e40383,554d50bc19e19609,2472,200,queryById,ts-travel-service
1650481381,ts-travel-service,bcc1ca7a7dd0a5be,554d50bc19e19609,554d50bc19e19609,8353,200,GET,ts-travel-service
1650481381,ts-ticketinfo-service,3a1261d01c329ad,507d75aefecc0100,554d50bc19e19609,10276,200,queryForStationId,ts-travel-service
1650481381,ts-route-service,8c431296ca8a9bbe,929580521a080f38,554d50bc19e19609,3033,200,queryById,ts-travel-service
1650481381,ts-assurance-service,f46fd39513d9a092,,f46fd39513d9a092,1836,200,getAllAssuranceType,no_parent
1650481381,ts-verification-code-service,f62586b07f7112b6,db9e267c28540cf8,de799838d7d1c387,2039,200,verifyCode,ts-auth-service
1650481381,ts-auth-service,db9e267c28540cf8,de799838d7d1c387,de799838d7d1c387,4487,200,GET,ts-auth-service
1650481381,ts-auth-service,de799838d7d1c387,,de799838d7d1c387,109724,200,getToken,no_parent
1650481441,ts-preserve-service,6cd2e1cb7f5b8b2f,7fefdfd910d4a37b,7fefdfd910d4a37b,17429,200,GET,ts-preserve-service
1650481441,ts-verification-code-service,583d40af21c1b546,,583d40af21c1b546,3089,200,imageCode,no_parent
1650481441,ts-security-service,49fd8ee51fcb7b76,1fd5ce2d249ebb7b,7fefdfd910d4a37b,5696,200,GET,ts-security-service
1650481441,ts-contacts-service,6b837386a3876cbe,,6b837386a3876cbe,3309,200,findContactsByAccountId,no_parent
1650481441,ts-security-service,1fd5ce2d249ebb7b,6cd2e1cb7f5b8b2f,7fefdfd910d4a37b,15856,200,check,ts-preserve-service
1650481441,ts-preserve-service,6a5cd88175454a45,7fefdfd910d4a37b,7fefdfd910d4a37b,3980,200,GET,ts-preserve-service
1650481441,ts-order-service,5e1bfeafd3ebd883,49fd8ee51fcb7b76,7fefdfd910d4a37b,4266,200,securityInfoCheck,ts-security-service
1650481441,ts-contacts-service,ffc1fdf782317a85,6a5cd88175454a45,7fefdfd910d4a37b,2574,200,getContactsByContactsId,ts-preserve-service
1650481441,ts-order-other-service,f417bb68e5d2a738,7844e690c1fc54c4,7fefdfd910d4a37b,3657,200,securityInfoCheck,ts-security-service
1650481441,ts-preserve-service,7fefdfd910d4a37b,,7fefdfd910d4a37b,24550,200,preserve,no_parent
1650481441,ts-security-service,7844e690c1fc54c4,1fd5ce2d249ebb7b,7fefdfd910d4a37b,5103,200,GET,ts-security-service
1650481441,ts-ticketinfo-service,4ba2080bfbd4cbee,497f7d353585d394,bbbcf28a128005af,9938,200,queryForStationId,ts-travel-service
1650481441,ts-ticketinfo-service,b2255762a190c9b,4ba2080bfbd4cbee,bbbcf28a128005af,7254,200,GET,ts-ticketinfo-service
1650481441,ts-route-service,8e6313817f1ff268,c806d187897dcd9a,bbbcf28a128005af,1893,200,queryById,ts-travel-service
1650481441,ts-verification-code-service,f58f87411398bbf4,a7e2e961241ba091,79c562236e46d0cc,2128,200,verifyCode,ts-auth-service
1650481441,ts-basic-service,9ed1af90f5c2c89,40ab4725e64b2179,bbbcf28a128005af,4700,200,queryForStationId,ts-ticketinfo-service
1650481441,ts-ticketinfo-service,40ab4725e64b2179,d50fd2dc5e2e4132,bbbcf28a128005af,5417,200,GET,ts-ticketinfo-service
1650481441,ts-ticketinfo-service,d50fd2dc5e2e4132,f71802485e6acca7,bbbcf28a128005af,7829,200,queryForStationId,ts-travel-service
1650481441,ts-basic-service,c81f7d19b5634386,b2255762a190c9b,bbbcf28a128005af,6127,200,queryForStationId,ts-ticketinfo-service
1650481441,ts-basic-service,bb18baca3ca663fb,9ed1af90f5c2c89,bbbcf28a128005af,2350,200,GET,ts-basic-service
1650481441,ts-auth-service,a7e2e961241ba091,79c562236e46d0cc,79c562236e46d0cc,3683,200,GET,ts-auth-service
1650481441,ts-station-service,3f354f0f87df9edd,c9796228a972a4ba,8c33616303b4f6fb,7839,200,queryForNameBatch,ts-order-service
1650481441,ts-basic-service,62fd85b6d17b0cc9,c81f7d19b5634386,bbbcf28a128005af,3374,200,GET,ts-basic-service
1650481441,ts-station-service,f1407d33606a9fab,62fd85b6d17b0cc9,bbbcf28a128005af,2261,200,queryForStationId,ts-basic-service
1650481441,ts-route-service,55ae3cc3f7e7fe5c,2cd70a81c8d1e56e,bbbcf28a128005af,2151,200,queryById,ts-travel-service
1650481441,ts-station-service,e745b935414b4ddc,bb18baca3ca663fb,bbbcf28a128005af,1597,200,queryForStationId,ts-basic-service
1650481441,ts-travel-service,bc8a393c52656397,bbbcf28a128005af,bbbcf28a128005af,2291,200,GET,ts-travel-service
1650481441,ts-travel-service,497f7d353585d394,bbbcf28a128005af,bbbcf28a128005af,11418,200,GET,ts-travel-service
1650481441,ts-route-service,5fb8e82914a8fe5c,bc8a393c52656397,bbbcf28a128005af,2163,200,queryById,ts-travel-service
1650481441,ts-route-service,2f0209ed85d136a6,d6a2f78c9f11c856,bbbcf28a128005af,2325,200,queryById,ts-travel-service
1650481441,ts-route-service,9e3dcd759084b590,c81c27a65575fb64,bbbcf28a128005af,2237,200,queryById,ts-travel-service
1650481441,ts-travel-service,bbbcf28a128005af,,bbbcf28a128005af,42613,200,queryInfo,no_parent
1650481441,ts-travel-service,c81c27a65575fb64,bbbcf28a128005af,bbbcf28a128005af,2578,200,GET,ts-travel-service
1650481441,ts-travel-service,d6a2f78c9f11c856,bbbcf28a128005af,bbbcf28a128005af,3468,200,GET,ts-travel-service
1650481441,ts-order-service,c9796228a972a4ba,8c33616303b4f6fb,8c33616303b4f6fb,9262,200,POST,ts-order-service
1650481441,ts-order-service,8c33616303b4f6fb,,8c33616303b4f6fb,12833,200,queryOrdersForRefresh,no_parent
1650481441,ts-travel-service,c806d187897dcd9a,bbbcf28a128005af,bbbcf28a128005af,2016,200,GET,ts-travel-service
1650481441,ts-travel-service,2cd70a81c8d1e56e,bbbcf28a128005af,bbbcf28a128005af,2256,200,GET,ts-travel-service
1650481441,ts-travel-service,f71802485e6acca7,bbbcf28a128005af,bbbcf28a128005af,8074,200,GET,ts-travel-service
1650481441,ts-auth-service,79c562236e46d0cc,,79c562236e46d0cc,104753,200,getToken,no_parent
1650481441,ts-assurance-service,c1c5282217290dc2,,c1c5282217290dc2,1834,200,getAllAssuranceType,no_parent
1650481501,ts-contacts-service,c1846a599ae9871,,c1846a599ae9871,3228,200,findContactsByAccountId,no_parent
1650481501,ts-security-service,7e49ccdcb5851356,383b57dd990b02f,3381334208255261,5144,200,GET,ts-security-service
1650481501,ts-security-service,383b57dd990b02f,f8049d777c309f17,3381334208255261,15754,200,check,ts-preserve-service
1650481501,ts-contacts-service,e1078fadc2c86fbe,4c87321f0b43dc9e,3381334208255261,2489,200,getContactsByContactsId,ts-preserve-service
1650481501,ts-preserve-service,4c87321f0b43dc9e,3381334208255261,3381334208255261,3871,200,GET,ts-preserve-service
1650481501,ts-preserve-service,f8049d777c309f17,3381334208255261,3381334208255261,17328,200,GET,ts-preserve-service
1650481501,ts-security-service,83cc1829427c9596,383b57dd990b02f,3381334208255261,5435,200,GET,ts-security-service
1650481501,ts-order-other-service,a68df10bfcc6c109,7e49ccdcb5851356,3381334208255261,3751,200,securityInfoCheck,ts-security-service
1650481501,ts-order-service,988900d3e6412a09,83cc1829427c9596,3381334208255261,4120,200,securityInfoCheck,ts-security-service
1650481501,ts-order-service,774f5a0542c9c97d,,774f5a0542c9c97d,22540,200,queryOrdersForRefresh,no_parent
1650481501,ts-preserve-service,3381334208255261,,3381334208255261,24255,200,preserve,no_parent
1650481502,ts-auth-service,3610d8e3f817f0ee,,3610d8e3f817f0ee,106624,200,getToken,no_parent
1650481502,ts-verification-code-service,b5b2ed121779470c,,b5b2ed121779470c,2903,200,imageCode,no_parent
1650481502,ts-verification-code-service,15afa9fdbc86fefc,5d9fb6d87498983f,3610d8e3f817f0ee,1059,200,verifyCode,ts-auth-service
1650481502,ts-auth-service,5d9fb6d87498983f,3610d8e3f817f0ee,3610d8e3f817f0ee,2580,200,GET,ts-auth-service
1650481502,ts-travel-service,f9fbe238112bd602,c04e26e61cfcabf4,c04e26e61cfcabf4,2401,200,GET,ts-travel-service
1650481502,ts-travel-service,adc23a073c30b790,c04e26e61cfcabf4,c04e26e61cfcabf4,4207,200,GET,ts-travel-service
1650481502,ts-travel-service,1b996ca840236577,c04e26e61cfcabf4,c04e26e61cfcabf4,2673,200,GET,ts-travel-service
1650481502,ts-travel-service,a49c768dd458db4c,c04e26e61cfcabf4,c04e26e61cfcabf4,2348,200,GET,ts-travel-service
1650481502,ts-route-service,6e4b6bb96bad6748,f9fbe238112bd602,c04e26e61cfcabf4,2264,200,queryById,ts-travel-service
1650481502,ts-basic-service,f86cd0a935874586,7a963d4e8a4e5688,c04e26e61cfcabf4,3492,200,GET,ts-basic-service
1650481502,ts-basic-service,7a963d4e8a4e5688,4d595dcfaabc5223,c04e26e61cfcabf4,5551,200,queryForStationId,ts-ticketinfo-service
1650481502,ts-route-service,9b43382bac82ca8d,1b996ca840236577,c04e26e61cfcabf4,2244,200,queryById,ts-travel-service
1650481502,ts-station-service,85b5397d312a8b0e,f86cd0a935874586,c04e26e61cfcabf4,2493,200,queryForStationId,ts-basic-service
1650481502,ts-station-service,e3eade33339db66d,10e2807444ad9c48,c04e26e61cfcabf4,2070,200,queryForStationId,ts-basic-service
1650481502,ts-travel-service,9c681533cf9a478f,c04e26e61cfcabf4,c04e26e61cfcabf4,10931,200,GET,ts-travel-service
1650481502,ts-travel-service,7d94810e23301200,c04e26e61cfcabf4,c04e26e61cfcabf4,2361,200,GET,ts-travel-service
1650481502,ts-travel-service,a319367f961ff198,c04e26e61cfcabf4,c04e26e61cfcabf4,8596,200,GET,ts-travel-service
1650481502,ts-ticketinfo-service,4d595dcfaabc5223,e3f4c694ea6ed356,c04e26e61cfcabf4,6642,200,GET,ts-ticketinfo-service
1650481502,ts-ticketinfo-service,e89facf413118c5b,be48315c65aa2de4,c04e26e61cfcabf4,5971,200,GET,ts-ticketinfo-service
1650481502,ts-ticketinfo-service,be48315c65aa2de4,a319367f961ff198,c04e26e61cfcabf4,8303,200,queryForStationId,ts-travel-service
1650481502,ts-ticketinfo-service,e3f4c694ea6ed356,9c681533cf9a478f,c04e26e61cfcabf4,9361,200,queryForStationId,ts-travel-service
1650481502,ts-route-service,8568a62403fe97ed,7d94810e23301200,c04e26e61cfcabf4,2218,200,queryById,ts-travel-service
1650481502,ts-route-service,510cd8b7534f467f,a49c768dd458db4c,c04e26e61cfcabf4,2215,200,queryById,ts-travel-service
1650481502,ts-route-service,7cb3bcad7cf9b6b8,adc23a073c30b790,c04e26e61cfcabf4,2811,200,queryById,ts-travel-service
1650481502,ts-basic-service,10e2807444ad9c48,972f27bda5411a17,c04e26e61cfcabf4,2851,200,GET,ts-basic-service
1650481502,ts-basic-service,972f27bda5411a17,e89facf413118c5b,c04e26e61cfcabf4,5166,200,queryForStationId,ts-ticketinfo-service
1650481502,ts-travel-service,c04e26e61cfcabf4,,c04e26e61cfcabf4,44137,200,queryInfo,no_parent
1650481502,ts-station-service,df250ea4812c1ee2,4c0af75ccd7cfb2e,774f5a0542c9c97d,6461,200,queryForNameBatch,ts-order-service
1650481502,ts-order-service,4c0af75ccd7cfb2e,774f5a0542c9c97d,774f5a0542c9c97d,7754,200,POST,ts-order-service
1650481502,ts-assurance-service,33c95baba7b34c01,,33c95baba7b34c01,1871,200,getAllAssuranceType,no_parent
1650481562,ts-verification-code-service,f32c196be06cd01d,,f32c196be06cd01d,3630,200,imageCode,no_parent
1650481562,ts-security-service,b8bbe3d7b637503f,bcdb62ced34c2b5c,1469b8ce1106c60a,5219,200,GET,ts-security-service
1650481562,ts-preserve-service,844d3917e4314ce8,1469b8ce1106c60a,1469b8ce1106c60a,3857,200,GET,ts-preserve-service
1650481562,ts-order-service,eed29e65d04c5163,b8bbe3d7b637503f,1469b8ce1106c60a,3752,200,securityInfoCheck,ts-security-service
1650481562,ts-contacts-service,dde8e382d3d5ca4a,,dde8e382d3d5ca4a,3356,200,findContactsByAccountId,no_parent
1650481562,ts-assurance-service,b30ceba5dd0b4f47,,b30ceba5dd0b4f47,1844,200,getAllAssuranceType,no_parent
1650481562,ts-auth-service,c2158797c6b69e60,6747d50be2587af5,6747d50be2587af5,3642,200,GET,ts-auth-service
1650481562,ts-station-service,97e5c8f127964fac,62698217d6cf0207,491d1592a638e2a4,2364,200,queryForStationId,ts-basic-service
1650481562,ts-station-service,56e5f5497bf63102,46be6f5687e4d6cd,491d1592a638e2a4,2029,200,queryForStationId,ts-basic-service
1650481562,ts-verification-code-service,25b9e8bc4aacf203,c2158797c6b69e60,6747d50be2587af5,2030,200,verifyCode,ts-auth-service
1650481562,ts-auth-service,6747d50be2587af5,,6747d50be2587af5,117579,200,getToken,no_parent
1650481562,ts-security-service,a1ba4256885b73da,bcdb62ced34c2b5c,1469b8ce1106c60a,8306,200,GET,ts-security-service
1650481562,ts-contacts-service,74fc39820e602dad,844d3917e4314ce8,1469b8ce1106c60a,2607,200,getContactsByContactsId,ts-preserve-service
1650481562,ts-order-other-service,cf059dc4b84f3e11,a1ba4256885b73da,1469b8ce1106c60a,6519,200,securityInfoCheck,ts-security-service
1650481562,ts-security-service,bcdb62ced34c2b5c,a2e6deb998be7928,1469b8ce1106c60a,18630,200,check,ts-preserve-service
1650481562,ts-travel-service,2f3031d39e10f3c6,491d1592a638e2a4,491d1592a638e2a4,7735,200,GET,ts-travel-service
1650481562,ts-preserve-service,1469b8ce1106c60a,,1469b8ce1106c60a,27228,200,preserve,no_parent
1650481562,ts-preserve-service,a2e6deb998be7928,1469b8ce1106c60a,1469b8ce1106c60a,20172,200,GET,ts-preserve-service
1650481562,ts-travel-service,491d1592a638e2a4,,491d1592a638e2a4,51938,200,queryInfo,no_parent
1650481562,ts-travel-service,14674b2b10873907,491d1592a638e2a4,491d1592a638e2a4,3656,200,GET,ts-travel-service
1650481562,ts-route-service,8b9cb98b0479dc27,bb16f6b7270f9e1b,491d1592a638e2a4,2026,200,queryById,ts-travel-service
1650481562,ts-route-service,22c44254be0cd802,c3bd82cac4576b2f,491d1592a638e2a4,2139,200,queryById,ts-travel-service
1650481562,ts-basic-service,e2a69c7979f089f7,ac2e8d8ed83ca021,491d1592a638e2a4,4337,200,queryForStationId,ts-ticketinfo-service
1650481562,ts-basic-service,46be6f5687e4d6cd,e2a69c7979f089f7,491d1592a638e2a4,2701,200,GET,ts-basic-service
1650481562,ts-travel-service,3c0036286003f43c,491d1592a638e2a4,491d1592a638e2a4,12072,200,GET,ts-travel-service
1650481562,ts-travel-service,bb16f6b7270f9e1b,491d1592a638e2a4,491d1592a638e2a4,2090,200,GET,ts-travel-service
1650481562,ts-travel-service,ff77c0757a8efd5,491d1592a638e2a4,491d1592a638e2a4,1755,200,GET,ts-travel-service
1650481562,ts-route-service,703229a1b8e9f7e4,14674b2b10873907,491d1592a638e2a4,13962,200,queryById,ts-travel-service
1650481562,ts-route-service,a09832e8feecc805,ff77c0757a8efd5,491d1592a638e2a4,1477,200,queryById,ts-travel-service
1650481562,ts-route-service,84ac82e1270da5f7,238f0b1891f109e4,491d1592a638e2a4,2155,200,queryById,ts-travel-service
1650481562,ts-travel-service,c3bd82cac4576b2f,491d1592a638e2a4,491d1592a638e2a4,2261,200,GET,ts-travel-service
1650481562,ts-travel-service,238f0b1891f109e4,491d1592a638e2a4,491d1592a638e2a4,2238,200,GET,ts-travel-service
1650481562,ts-order-service,53324f734f9fc3f7,5151b2657bc56631,5151b2657bc56631,9738,200,POST,ts-order-service
1650481562,ts-order-service,5151b2657bc56631,,5151b2657bc56631,13456,200,queryOrdersForRefresh,no_parent
1650481562,ts-station-service,3bcaec729ac8c201,53324f734f9fc3f7,5151b2657bc56631,8251,200,queryForNameBatch,ts-order-service
1650481562,ts-ticketinfo-service,4e7851e3dcf02f0b,3c0036286003f43c,491d1592a638e2a4,10029,200,queryForStationId,ts-travel-service
1650481562,ts-ticketinfo-service,ac2e8d8ed83ca021,9fead16e621232b6,491d1592a638e2a4,5086,200,GET,ts-ticketinfo-service
1650481562,ts-ticketinfo-service,723118beb2f39de6,4e7851e3dcf02f0b,491d1592a638e2a4,7323,200,GET,ts-ticketinfo-service
1650481562,ts-ticketinfo-service,9fead16e621232b6,2f3031d39e10f3c6,491d1592a638e2a4,7357,200,queryForStationId,ts-travel-service
1650481562,ts-basic-service,62698217d6cf0207,7dc7aea1e6930eba,491d1592a638e2a4,3515,200,GET,ts-basic-service
1650481562,ts-basic-service,7dc7aea1e6930eba,723118beb2f39de6,491d1592a638e2a4,6231,200,queryForStationId,ts-ticketinfo-service
1650481622,ts-ticketinfo-service,a159cabf4b469565,67b1492136800ad6,48969eeb689f2ba6,6141,200,GET,ts-ticketinfo-service
1650481622,ts-basic-service,bea7ad1eb8d7617d,98a8fb88cba23c41,48969eeb689f2ba6,3572,200,GET,ts-basic-service
1650481622,ts-travel-service,679891f45f26f8d7,48969eeb689f2ba6,48969eeb689f2ba6,2339,200,GET,ts-travel-service
1650481622,ts-route-service,80f615e843f8c60,60e32ec7ce000cdf,48969eeb689f2ba6,2232,200,queryById,ts-travel-service
1650481622,ts-route-service,da6d79a8228fccca,d2d1afc2a177c582,48969eeb689f2ba6,2137,200,queryById,ts-travel-service
1650481622,ts-route-service,666086701bda7da4,679891f45f26f8d7,48969eeb689f2ba6,2182,200,queryById,ts-travel-service
1650481622,ts-travel-service,d2d1afc2a177c582,48969eeb689f2ba6,48969eeb689f2ba6,2288,200,GET,ts-travel-service
1650481622,ts-travel-service,a00f67e116c313f3,48969eeb689f2ba6,48969eeb689f2ba6,3975,200,GET,ts-travel-service
1650481622,ts-travel-service,48969eeb689f2ba6,,48969eeb689f2ba6,44128,200,queryInfo,no_parent
1650481622,ts-travel-service,2c53468bcff8cba7,48969eeb689f2ba6,48969eeb689f2ba6,8874,200,GET,ts-travel-service
1650481622,ts-travel-service,60e32ec7ce000cdf,48969eeb689f2ba6,48969eeb689f2ba6,2659,200,GET,ts-travel-service
1650481622,ts-ticketinfo-service,9b376746afa8e331,21762eaec9d0f813,48969eeb689f2ba6,10174,200,queryForStationId,ts-travel-service
1650481622,ts-ticketinfo-service,67b1492136800ad6,2c53468bcff8cba7,48969eeb689f2ba6,8473,200,queryForStationId,ts-travel-service
1650481622,ts-basic-service,98a8fb88cba23c41,938c5a0cb5b70cb5,48969eeb689f2ba6,6268,200,queryForStationId,ts-ticketinfo-service
1650481622,ts-basic-service,7535dc0a59181190,6a19ae73dade4b2f,48969eeb689f2ba6,2975,200,GET,ts-basic-service
1650481622,ts-order-service,4884e1a8b7a142b6,3b60e0ebbf36a6cf,9c95f3bc1b15584b,4284,200,securityInfoCheck,ts-security-service
1650481622,ts-basic-service,6a19ae73dade4b2f,a159cabf4b469565,48969eeb689f2ba6,5301,200,queryForStationId,ts-ticketinfo-service
1650481622,ts-route-service,7c77642c2a1173,a00f67e116c313f3,48969eeb689f2ba6,2650,200,queryById,ts-travel-service
1650481622,ts-station-service,6a890d337dc434ee,bea7ad1eb8d7617d,48969eeb689f2ba6,2345,200,queryForStationId,ts-basic-service
1650481622,ts-station-service,cea57e2c0d445e83,7535dc0a59181190,48969eeb689f2ba6,2112,200,queryForStationId,ts-basic-service
1650481622,ts-contacts-service,5973a33e6b8fd53,9e2a22efe88e741a,9c95f3bc1b15584b,2445,200,getContactsByContactsId,ts-preserve-service
1650481622,ts-travel-service,1f03a9cbc73a9bb4,48969eeb689f2ba6,48969eeb689f2ba6,2280,200,GET,ts-travel-service
1650481622,ts-travel-service,21762eaec9d0f813,48969eeb689f2ba6,48969eeb689f2ba6,11508,200,GET,ts-travel-service
1650481622,ts-preserve-service,9c95f3bc1b15584b,,9c95f3bc1b15584b,24526,200,preserve,no_parent
1650481622,ts-route-service,f2429d3f09e54614,1f03a9cbc73a9bb4,48969eeb689f2ba6,2136,200,queryById,ts-travel-service
1650481622,ts-preserve-service,9e2a22efe88e741a,9c95f3bc1b15584b,9c95f3bc1b15584b,3710,200,GET,ts-preserve-service
1650481622,ts-order-other-service,44bb7d26a841d6c0,235dbf75216bc18d,9c95f3bc1b15584b,3681,200,securityInfoCheck,ts-security-service
1650481622,ts-preserve-service,d9d461801f7ed560,9c95f3bc1b15584b,9c95f3bc1b15584b,17649,200,GET,ts-preserve-service
1650481622,ts-security-service,3b60e0ebbf36a6cf,88573a3fec728a62,9c95f3bc1b15584b,5582,200,GET,ts-security-service
1650481622,ts-order-service,f63352b22e52c193,,f63352b22e52c193,13804,200,queryOrdersForRefresh,no_parent
1650481622,ts-order-service,899918293c4b6b30,f63352b22e52c193,f63352b22e52c193,9760,200,POST,ts-order-service
1650481622,ts-security-service,88573a3fec728a62,d9d461801f7ed560,9c95f3bc1b15584b,16048,200,check,ts-preserve-service
1650481622,ts-security-service,235dbf75216bc18d,88573a3fec728a62,9c95f3bc1b15584b,5235,200,GET,ts-security-service
1650481622,ts-ticketinfo-service,938c5a0cb5b70cb5,9b376746afa8e331,48969eeb689f2ba6,7413,200,GET,ts-ticketinfo-service
1650481622,ts-station-service,90b19422b3b8371d,899918293c4b6b30,f63352b22e52c193,8231,200,queryForNameBatch,ts-order-service
1650481622,ts-contacts-service,b0a9cbd160c438d3,,b0a9cbd160c438d3,3351,200,findContactsByAccountId,no_parent
1650481622,ts-verification-code-service,69c4479ce03e5b4f,,69c4479ce03e5b4f,3126,200,imageCode,no_parent
1650481622,ts-auth-service,a151bc7c605b6e3f,fafa1942c464e25,fafa1942c464e25,3578,200,GET,ts-auth-service
1650481622,ts-auth-service,fafa1942c464e25,,fafa1942c464e25,114310,200,getToken,no_parent
1650481622,ts-verification-code-service,33457cf82e5bfe46,a151bc7c605b6e3f,fafa1942c464e25,1974,200,verifyCode,ts-auth-service
1650481622,ts-assurance-service,768c1f4fdaa4c023,,768c1f4fdaa4c023,1512,200,getAllAssuranceType,no_parent
1650481682,ts-preserve-service,194f68ed1af30f5e,,194f68ed1af30f5e,24427,200,preserve,no_parent
1650481682,ts-order-service,39648d7b009cdcd3,7e47862fe0a4685e,194f68ed1af30f5e,4025,200,securityInfoCheck,ts-security-service
1650481682,ts-preserve-service,a251d4cd1cef9ade,194f68ed1af30f5e,194f68ed1af30f5e,17335,200,GET,ts-preserve-service
1650481682,ts-security-service,a51e4b7b8286371,a251d4cd1cef9ade,194f68ed1af30f5e,15713,200,check,ts-preserve-service
1650481682,ts-order-other-service,f8dbf4c9ed92184d,ab68e51e48f672fa,194f68ed1af30f5e,3703,200,securityInfoCheck,ts-security-service
1650481682,ts-order-service,8f4c37de71ad365f,4470a6d05b5ccd02,4470a6d05b5ccd02,9437,200,POST,ts-order-service
1650481682,ts-auth-service,e947df4a0884daf0,,e947df4a0884daf0,113610,200,getToken,no_parent
1650481682,ts-auth-service,1f413992b21297c0,e947df4a0884daf0,e947df4a0884daf0,3681,200,GET,ts-auth-service
1650481682,ts-security-service,ab68e51e48f672fa,a51e4b7b8286371,194f68ed1af30f5e,4741,200,GET,ts-security-service
1650481682,ts-verification-code-service,2a3ff5bc453adee7,1f413992b21297c0,e947df4a0884daf0,1953,200,verifyCode,ts-auth-service
1650481682,ts-preserve-service,8079e8cf7e8face6,194f68ed1af30f5e,194f68ed1af30f5e,3868,200,GET,ts-preserve-service
1650481682,ts-order-service,4470a6d05b5ccd02,,4470a6d05b5ccd02,12618,200,queryOrdersForRefresh,no_parent
1650481682,ts-contacts-service,9d5370aa0c8149b7,8079e8cf7e8face6,194f68ed1af30f5e,2599,200,getContactsByContactsId,ts-preserve-service
1650481682,ts-security-service,7e47862fe0a4685e,a51e4b7b8286371,194f68ed1af30f5e,5692,200,GET,ts-security-service
1650481682,ts-contacts-service,1f41cc26eb2b242c,,1f41cc26eb2b242c,3390,200,findContactsByAccountId,no_parent
1650481682,ts-station-service,d38dd9e364890de9,8f4c37de71ad365f,4470a6d05b5ccd02,6932,200,queryForNameBatch,ts-order-service
1650481682,ts-verification-code-service,8fc7000231b29897,,8fc7000231b29897,2963,200,imageCode,no_parent
1650481683,ts-travel-service,916f6b2b2b5d52b0,c4aa0a397b36512d,c4aa0a397b36512d,2537,200,GET,ts-travel-service
1650481683,ts-basic-service,3866c3178b938ab,b1c068bf4b8dbed1,c4aa0a397b36512d,5478,200,queryForStationId,ts-ticketinfo-service
1650481683,ts-ticketinfo-service,7639326b80abfaff,35ea4f8c90c5705e,c4aa0a397b36512d,7593,200,GET,ts-ticketinfo-service
1650481683,ts-ticketinfo-service,35ea4f8c90c5705e,f8cdbbbf828a2098,c4aa0a397b36512d,10113,200,queryForStationId,ts-travel-service
1650481683,ts-basic-service,77044388e19985a6,3866c3178b938ab,c4aa0a397b36512d,2818,200,GET,ts-basic-service
1650481683,ts-basic-service,2fdf4ac6e98d6149,7639326b80abfaff,c4aa0a397b36512d,6518,200,queryForStationId,ts-ticketinfo-service
1650481683,ts-travel-service,adbeaf91f1d12321,c4aa0a397b36512d,c4aa0a397b36512d,3969,200,GET,ts-travel-service
1650481683,ts-route-service,e9121165356530c8,aa2360a97e8da7a4,c4aa0a397b36512d,2169,200,queryById,ts-travel-service
1650481683,ts-route-service,fffa6e3a0335408f,916f6b2b2b5d52b0,c4aa0a397b36512d,2095,200,queryById,ts-travel-service
1650481683,ts-route-service,eee7b6e0c3e44081,2c6a6b719d438519,c4aa0a397b36512d,2253,200,queryById,ts-travel-service
1650481683,ts-station-service,e40bc2cebb4d5805,f626140e3713ee87,c4aa0a397b36512d,2488,200,queryForStationId,ts-basic-service
1650481683,ts-travel-service,aa2360a97e8da7a4,c4aa0a397b36512d,c4aa0a397b36512d,2322,200,GET,ts-travel-service
1650481683,ts-ticketinfo-service,b1c068bf4b8dbed1,8bab83512cfcde13,c4aa0a397b36512d,6253,200,GET,ts-ticketinfo-service
1650481683,ts-basic-service,f626140e3713ee87,2fdf4ac6e98d6149,c4aa0a397b36512d,3722,200,GET,ts-basic-service
1650481683,ts-travel-service,c4aa0a397b36512d,,c4aa0a397b36512d,44923,200,queryInfo,no_parent
1650481683,ts-route-service,37da231f8960a82e,1ea025b7c955ff80,c4aa0a397b36512d,2170,200,queryById,ts-travel-service
1650481683,ts-station-service,53e2ce6dac8d9dbf,77044388e19985a6,c4aa0a397b36512d,2047,200,queryForStationId,ts-basic-service
1650481683,ts-travel-service,f8cdbbbf828a2098,c4aa0a397b36512d,c4aa0a397b36512d,11576,200,GET,ts-travel-service
1650481683,ts-travel-service,f0881ac5b07400b6,c4aa0a397b36512d,c4aa0a397b36512d,8983,200,GET,ts-travel-service
1650481683,ts-travel-service,1ea025b7c955ff80,c4aa0a397b36512d,c4aa0a397b36512d,2314,200,GET,ts-travel-service
1650481683,ts-travel-service,2c6a6b719d438519,c4aa0a397b36512d,c4aa0a397b36512d,3107,200,GET,ts-travel-service
1650481683,ts-ticketinfo-service,8bab83512cfcde13,f0881ac5b07400b6,c4aa0a397b36512d,8628,200,queryForStationId,ts-travel-service
1650481683,ts-route-service,b78f52ead1d189c0,adbeaf91f1d12321,c4aa0a397b36512d,2662,200,queryById,ts-travel-service
1650481683,ts-assurance-service,a84842a5df3cc905,,a84842a5df3cc905,1829,200,getAllAssuranceType,no_parent
1650481743,ts-auth-service,85dd38a720ddb185,,85dd38a720ddb185,115842,200,getToken,no_parent
1650481743,ts-travel-service,d385d6734517410,e05f716fb7f2194a,e05f716fb7f2194a,9509,200,GET,ts-travel-service
1650481743,ts-route-service,c597b13d115becfc,378d7bd5b1b7e955,e05f716fb7f2194a,2827,200,queryById,ts-travel-service
1650481743,ts-travel-service,7bd93e8219757d41,e05f716fb7f2194a,e05f716fb7f2194a,11608,200,GET,ts-travel-service
1650481743,ts-ticketinfo-service,4f8cdf4fac940b3f,d385d6734517410,e05f716fb7f2194a,9156,200,queryForStationId,ts-travel-service
1650481743,ts-travel-service,8d72d7ace11a3f76,e05f716fb7f2194a,e05f716fb7f2194a,2658,200,GET,ts-travel-service
1650481743,ts-travel-service,c51b29edf41e6fb6,e05f716fb7f2194a,e05f716fb7f2194a,2322,200,GET,ts-travel-service
1650481743,ts-order-service,d61d85982f23b7d9,3c7c92644f00c5b,3c7c92644f00c5b,9991,200,POST,ts-order-service
1650481743,ts-station-service,8167366639251031,a05e495691f5377,e05f716fb7f2194a,2313,200,queryForStationId,ts-basic-service
1650481743,ts-route-service,557a60d36ee5ef8a,8d72d7ace11a3f76,e05f716fb7f2194a,2216,200,queryById,ts-travel-service
1650481743,ts-station-service,84be1b5622055268,f7ac9c3886994ea9,e05f716fb7f2194a,2077,200,queryForStationId,ts-basic-service
1650481743,ts-preserve-service,f96d8fc665448053,,f96d8fc665448053,24125,200,preserve,no_parent
1650481743,ts-preserve-service,7d0aafb0201698de,f96d8fc665448053,f96d8fc665448053,16320,200,GET,ts-preserve-service
1650481743,ts-travel-service,378d7bd5b1b7e955,e05f716fb7f2194a,e05f716fb7f2194a,4110,200,GET,ts-travel-service
1650481743,ts-travel-service,e05f716fb7f2194a,,e05f716fb7f2194a,44280,200,queryInfo,no_parent
1650481743,ts-travel-service,9435e65b7be3369c,e05f716fb7f2194a,e05f716fb7f2194a,2267,200,GET,ts-travel-service
1650481743,ts-travel-service,f9ddf3ffe339d824,e05f716fb7f2194a,e05f716fb7f2194a,2287,200,GET,ts-travel-service
1650481743,ts-ticketinfo-service,217cb92d49610803,bfc666ab2ec8c45e,e05f716fb7f2194a,7360,200,GET,ts-ticketinfo-service
1650481743,ts-basic-service,a05e495691f5377,1c6bacd9637fb837,e05f716fb7f2194a,3426,200,GET,ts-basic-service
1650481743,ts-order-service,d4eff308b0110e82,68011b35adc22262,f96d8fc665448053,3461,200,securityInfoCheck,ts-security-service
1650481743,ts-verification-code-service,ceaed0fbd69ab88e,8f6ac122cf5c5621,85dd38a720ddb185,2154,200,verifyCode,ts-auth-service
1650481743,ts-basic-service,1c6bacd9637fb837,217cb92d49610803,e05f716fb7f2194a,6236,200,queryForStationId,ts-ticketinfo-service
1650481743,ts-basic-service,f7ac9c3886994ea9,2523f08202cedea8,e05f716fb7f2194a,2766,200,GET,ts-basic-service
1650481743,ts-assurance-service,f6bc2ce8af78f3f3,,f6bc2ce8af78f3f3,1886,200,getAllAssuranceType,no_parent
1650481743,ts-auth-service,8f6ac122cf5c5621,85dd38a720ddb185,85dd38a720ddb185,3847,200,GET,ts-auth-service
1650481743,ts-preserve-service,9c42220cd9e58040,f96d8fc665448053,f96d8fc665448053,4713,200,GET,ts-preserve-service
1650481743,ts-basic-service,2523f08202cedea8,39c73c5fd5b925d0,e05f716fb7f2194a,5096,200,queryForStationId,ts-ticketinfo-service
1650481743,ts-security-service,50a6602dd6a91f75,7d0aafb0201698de,f96d8fc665448053,14696,200,check,ts-preserve-service
1650481743,ts-ticketinfo-service,39c73c5fd5b925d0,4f8cdf4fac940b3f,e05f716fb7f2194a,6756,200,GET,ts-ticketinfo-service
1650481743,ts-contacts-service,75d182847b772d79,9c42220cd9e58040,f96d8fc665448053,2568,200,getContactsByContactsId,ts-preserve-service
1650481743,ts-security-service,68011b35adc22262,50a6602dd6a91f75,f96d8fc665448053,5045,200,GET,ts-security-service
1650481743,ts-security-service,34c962767aa0191f,50a6602dd6a91f75,f96d8fc665448053,4941,200,GET,ts-security-service
1650481743,ts-ticketinfo-service,bfc666ab2ec8c45e,7bd93e8219757d41,e05f716fb7f2194a,10084,200,queryForStationId,ts-travel-service
1650481743,ts-station-service,296df6ae761da02a,d61d85982f23b7d9,3c7c92644f00c5b,8493,200,queryForNameBatch,ts-order-service
1650481743,ts-route-service,40187570cb4055d5,c51b29edf41e6fb6,e05f716fb7f2194a,2149,200,queryById,ts-travel-service
1650481743,ts-route-service,41e67457cbaf877a,9435e65b7be3369c,e05f716fb7f2194a,2124,200,queryById,ts-travel-service
1650481743,ts-order-other-service,d56accd9480764e8,34c962767aa0191f,f96d8fc665448053,3656,200,securityInfoCheck,ts-security-service
1650481743,ts-order-service,3c7c92644f00c5b,,3c7c92644f00c5b,13260,200,queryOrdersForRefresh,no_parent
1650481743,ts-route-service,e562681661a050d5,f9ddf3ffe339d824,e05f716fb7f2194a,2124,200,queryById,ts-travel-service
1650481743,ts-contacts-service,1f27fc83f3456d78,,1f27fc83f3456d78,3423,200,findContactsByAccountId,no_parent
1650481743,ts-verification-code-service,1883627beb313aac,,1883627beb313aac,2966,200,imageCode,no_parent
1650481803,ts-auth-service,430307b94ebb7753,35bf2d87dea6f369,35bf2d87dea6f369,14615,200,GET,ts-auth-service
1650481803,ts-verification-code-service,62bab9c8303fb191,,62bab9c8303fb191,2667,200,imageCode,no_parent
1650481803,ts-verification-code-service,38f9de56b137efc3,430307b94ebb7753,35bf2d87dea6f369,14968,200,verifyCode,ts-auth-service
1650481803,ts-travel-service,dedcfdd3006bdc9,54e27868a1188247,54e27868a1188247,3928,200,GET,ts-travel-service
1650481803,ts-travel-service,def10c9633bd967b,54e27868a1188247,54e27868a1188247,2004,200,GET,ts-travel-service
1650481803,ts-travel-service,54e27868a1188247,,54e27868a1188247,42746,200,queryInfo,no_parent
1650481803,ts-route-service,ed6268233da6a001,83f2f1c8d6b4f1a6,54e27868a1188247,1787,200,queryById,ts-travel-service
1650481803,ts-route-service,bf91a78bbba9108d,dc1d239fc840cb4e,54e27868a1188247,1681,200,queryById,ts-travel-service
1650481803,ts-route-service,5e85ab5e3aca6056,ea52ef6ceef39192,54e27868a1188247,2177,200,queryById,ts-travel-service
1650481803,ts-basic-service,3df9ebcaf327198f,756beeec5f31f605,54e27868a1188247,3625,200,GET,ts-basic-service
1650481803,ts-travel-service,dc1d239fc840cb4e,54e27868a1188247,54e27868a1188247,1844,200,GET,ts-travel-service
1650481803,ts-travel-service,1437fc54cc77fa21,54e27868a1188247,54e27868a1188247,8584,200,GET,ts-travel-service
1650481803,ts-travel-service,83f2f1c8d6b4f1a6,54e27868a1188247,54e27868a1188247,1819,200,GET,ts-travel-service
1650481803,ts-route-service,9c29d14f91d9f521,dedcfdd3006bdc9,54e27868a1188247,2647,200,queryById,ts-travel-service
1650481803,ts-route-service,b46c9c450801f870,def10c9633bd967b,54e27868a1188247,1855,200,queryById,ts-travel-service
1650481803,ts-order-other-service,962107916932114a,960af6a584aebd68,7c990d1987daa0d7,3553,200,securityInfoCheck,ts-security-service
1650481803,ts-security-service,fa14e873637e5e70,13daf2890f164faf,7c990d1987daa0d7,5004,200,GET,ts-security-service
1650481803,ts-security-service,960af6a584aebd68,13daf2890f164faf,7c990d1987daa0d7,4971,200,GET,ts-security-service
1650481803,ts-security-service,13daf2890f164faf,c77b4d83ccd19464,7c990d1987daa0d7,14563,200,check,ts-preserve-service
1650481803,ts-contacts-service,df8cbfcb4224afa0,9c6abc7fdb6212f0,7c990d1987daa0d7,1783,200,getContactsByContactsId,ts-preserve-service
1650481803,ts-station-service,2e2f0a892a55dc33,fe07b1e93d20a534,4cdef619b803fed1,8070,200,queryForNameBatch,ts-order-service
1650481803,ts-preserve-service,7c990d1987daa0d7,,7c990d1987daa0d7,22047,200,preserve,no_parent
1650481803,ts-preserve-service,9c6abc7fdb6212f0,7c990d1987daa0d7,7c990d1987daa0d7,3226,200,GET,ts-preserve-service
1650481803,ts-preserve-service,c77b4d83ccd19464,7c990d1987daa0d7,7c990d1987daa0d7,15829,200,GET,ts-preserve-service
1650481803,ts-order-service,c9c1777a106b7b78,fa14e873637e5e70,7c990d1987daa0d7,3504,200,securityInfoCheck,ts-security-service
1650481803,ts-order-service,fe07b1e93d20a534,4cdef619b803fed1,4cdef619b803fed1,9508,200,POST,ts-order-service
1650481803,ts-order-service,4cdef619b803fed1,,4cdef619b803fed1,11984,200,queryOrdersForRefresh,no_parent
1650481803,ts-ticketinfo-service,ae63919f92aae573,1437fc54cc77fa21,54e27868a1188247,8206,200,queryForStationId,ts-travel-service
1650481803,ts-ticketinfo-service,62827fadafa18bb8,ae63919f92aae573,54e27868a1188247,5844,200,GET,ts-ticketinfo-service
1650481803,ts-basic-service,756beeec5f31f605,73f1b20bfe9f458d,54e27868a1188247,6408,200,queryForStationId,ts-ticketinfo-service
1650481803,ts-basic-service,c2687e028616e105,ddb971d40a8164aa,54e27868a1188247,2749,200,GET,ts-basic-service
1650481803,ts-basic-service,ddb971d40a8164aa,62827fadafa18bb8,54e27868a1188247,5138,200,queryForStationId,ts-ticketinfo-service
1650481803,ts-ticketinfo-service,73f1b20bfe9f458d,2d2db040aa511a4d,54e27868a1188247,7906,200,GET,ts-ticketinfo-service
1650481803,ts-ticketinfo-service,2d2db040aa511a4d,dc70f2dfac461d04,54e27868a1188247,10616,200,queryForStationId,ts-travel-service
1650481803,ts-station-service,583aaee4df961703,c2687e028616e105,54e27868a1188247,2088,200,queryForStationId,ts-basic-service
1650481803,ts-station-service,4db7fbed15fce9cf,3df9ebcaf327198f,54e27868a1188247,2397,200,queryForStationId,ts-basic-service
1650481803,ts-travel-service,dc70f2dfac461d04,54e27868a1188247,54e27868a1188247,12273,200,GET,ts-travel-service
1650481803,ts-travel-service,ea52ef6ceef39192,54e27868a1188247,54e27868a1188247,2619,200,GET,ts-travel-service
1650481803,ts-contacts-service,404a492bef0bac42,,404a492bef0bac42,3488,200,findContactsByAccountId,no_parent
1650481803,ts-assurance-service,84e5b7f59f4a4b08,,84e5b7f59f4a4b08,1862,200,getAllAssuranceType,no_parent
1650481803,ts-auth-service,35bf2d87dea6f369,,35bf2d87dea6f369,127114,200,getToken,no_parent
1650481863,ts-route-service,42fa63332f9bea89,f01e7b7bb49d4544,a8e7fe963c8f3c6a,2190,200,queryById,ts-travel-service
1650481863,ts-route-service,2d6d61964cfd3c92,410bcae6f442a15b,a8e7fe963c8f3c6a,2125,200,queryById,ts-travel-service
1650481863,ts-ticketinfo-service,8b0a2a0094290038,5ca317aacee40b79,a8e7fe963c8f3c6a,7644,200,queryForStationId,ts-travel-service
1650481863,ts-travel-service,f01e7b7bb49d4544,a8e7fe963c8f3c6a,a8e7fe963c8f3c6a,2288,200,GET,ts-travel-service
1650481863,ts-travel-service,a8e7fe963c8f3c6a,,a8e7fe963c8f3c6a,42669,200,queryInfo,no_parent
1650481863,ts-route-service,f7a4b017983be915,b1904ed6d14b14fd,a8e7fe963c8f3c6a,2222,200,queryById,ts-travel-service
1650481863,ts-ticketinfo-service,fc17a422a5eabe2d,8b0a2a0094290038,a8e7fe963c8f3c6a,5815,200,GET,ts-ticketinfo-service
1650481863,ts-ticketinfo-service,7b8bfe591bc1b443,e596462def3c8141,a8e7fe963c8f3c6a,7050,200,GET,ts-ticketinfo-service
1650481863,ts-verification-code-service,f2200f76821a6110,83ff43656b485aca,613e819f53480ac9,1861,200,verifyCode,ts-auth-service
1650481863,ts-auth-service,83ff43656b485aca,613e819f53480ac9,613e819f53480ac9,3531,200,GET,ts-auth-service
1650481863,ts-auth-service,613e819f53480ac9,,613e819f53480ac9,109968,200,getToken,no_parent
1650481863,ts-travel-service,87c8217ff7c29102,a8e7fe963c8f3c6a,a8e7fe963c8f3c6a,11280,200,GET,ts-travel-service
1650481863,ts-travel-service,410bcae6f442a15b,a8e7fe963c8f3c6a,a8e7fe963c8f3c6a,2283,200,GET,ts-travel-service
1650481863,ts-travel-service,2d2fa5a472a85e75,a8e7fe963c8f3c6a,a8e7fe963c8f3c6a,3896,200,GET,ts-travel-service
1650481863,ts-travel-service,b1904ed6d14b14fd,a8e7fe963c8f3c6a,a8e7fe963c8f3c6a,2264,200,GET,ts-travel-service
1650481863,ts-travel-service,5ca317aacee40b79,a8e7fe963c8f3c6a,a8e7fe963c8f3c6a,8150,200,GET,ts-travel-service
1650481863,ts-route-service,18b92e66c8985183,2d2fa5a472a85e75,a8e7fe963c8f3c6a,2621,200,queryById,ts-travel-service
1650481863,ts-route-service,bdb203a8324661d3,63980dc81b0f89df,a8e7fe963c8f3c6a,2007,200,queryById,ts-travel-service
1650481863,ts-ticketinfo-service,e596462def3c8141,87c8217ff7c29102,a8e7fe963c8f3c6a,9749,200,queryForStationId,ts-travel-service
1650481863,ts-basic-service,fc3dcbc36442b221,b7334f981e896099,a8e7fe963c8f3c6a,2716,200,GET,ts-basic-service
1650481863,ts-basic-service,b7334f981e896099,fc17a422a5eabe2d,a8e7fe963c8f3c6a,5130,200,queryForStationId,ts-ticketinfo-service
1650481863,ts-station-service,868e8f2c74043a3c,79e1406563c3c4a7,a8e7fe963c8f3c6a,2137,200,queryForStationId,ts-basic-service
1650481863,ts-station-service,9270cec49b2154f,fc3dcbc36442b221,a8e7fe963c8f3c6a,2062,200,queryForStationId,ts-basic-service
1650481863,ts-basic-service,1722a3a9a2dd258b,7b8bfe591bc1b443,a8e7fe963c8f3c6a,5866,200,queryForStationId,ts-ticketinfo-service
1650481863,ts-basic-service,79e1406563c3c4a7,1722a3a9a2dd258b,a8e7fe963c8f3c6a,3227,200,GET,ts-basic-service
1650481863,ts-travel-service,63980dc81b0f89df,a8e7fe963c8f3c6a,a8e7fe963c8f3c6a,2450,200,GET,ts-travel-service
1650481863,ts-order-service,73e7bcb9a936dd73,84e8d72245bb61e6,4354f4f836a0dd32,3305,200,securityInfoCheck,ts-security-service
1650481863,ts-preserve-service,1fdff3651b44070,4354f4f836a0dd32,4354f4f836a0dd32,23485,200,GET,ts-preserve-service
1650481863,ts-preserve-service,a25b28420bbde2c8,4354f4f836a0dd32,4354f4f836a0dd32,3927,200,GET,ts-preserve-service
1650481863,ts-preserve-service,4354f4f836a0dd32,,4354f4f836a0dd32,30540,200,preserve,no_parent
1650481863,ts-order-other-service,94c919065b29f104,5d6d6dd44b05d292,4354f4f836a0dd32,3573,200,securityInfoCheck,ts-security-service
1650481863,ts-security-service,84e8d72245bb61e6,d8b25ba2cf9ccea9,4354f4f836a0dd32,4706,200,GET,ts-security-service
1650481863,ts-security-service,5d6d6dd44b05d292,d8b25ba2cf9ccea9,4354f4f836a0dd32,4903,200,GET,ts-security-service
1650481863,ts-contacts-service,10320616398dd3dc,a25b28420bbde2c8,4354f4f836a0dd32,2688,200,getContactsByContactsId,ts-preserve-service
1650481863,ts-station-service,7beaa25746325a26,d45536daeeb5c243,3336fbba89615f66,7997,200,queryForNameBatch,ts-order-service
1650481863,ts-order-service,d45536daeeb5c243,3336fbba89615f66,3336fbba89615f66,9459,200,POST,ts-order-service
1650481863,ts-order-service,3336fbba89615f66,,3336fbba89615f66,12679,200,queryOrdersForRefresh,no_parent
1650481863,ts-security-service,d8b25ba2cf9ccea9,1fdff3651b44070,4354f4f836a0dd32,21840,200,check,ts-preserve-service
1650481863,ts-assurance-service,57332aea554b79d9,,57332aea554b79d9,1868,200,getAllAssuranceType,no_parent
1650481863,ts-contacts-service,2a411885d79de89c,,2a411885d79de89c,3363,200,findContactsByAccountId,no_parent
1650481863,ts-verification-code-service,c251c43beb155862,,c251c43beb155862,1682,200,imageCode,no_parent
1650481924,ts-verification-code-service,d532a79d73a9d10a,,d532a79d73a9d10a,3119,200,imageCode,no_parent
1650481924,ts-auth-service,d33d8f4abaa07332,,d33d8f4abaa07332,109980,200,getToken,no_parent
1650481924,ts-auth-service,6c05a93b8a108ac9,d33d8f4abaa07332,d33d8f4abaa07332,3554,200,GET,ts-auth-service
1650481924,ts-verification-code-service,538f4295764423a7,6c05a93b8a108ac9,d33d8f4abaa07332,2058,200,verifyCode,ts-auth-service
1650481924,ts-travel-service,a90807173a363580,851446aa144d8449,851446aa144d8449,4133,200,GET,ts-travel-service
1650481924,ts-travel-service,73f6c195b8d7c14f,851446aa144d8449,851446aa144d8449,2219,200,GET,ts-travel-service
1650481924,ts-travel-service,851446aa144d8449,,851446aa144d8449,43321,200,queryInfo,no_parent
1650481924,ts-travel-service,c29451987817e565,851446aa144d8449,851446aa144d8449,2271,200,GET,ts-travel-service
1650481924,ts-travel-service,d79e62fdfa8fd121,851446aa144d8449,851446aa144d8449,2600,200,GET,ts-travel-service
1650481924,ts-route-service,801f9a93563ddb7b,c29451987817e565,851446aa144d8449,2094,200,queryById,ts-travel-service
1650481924,ts-route-service,dd643c9634b09a29,73f6c195b8d7c14f,851446aa144d8449,2142,200,queryById,ts-travel-service
1650481924,ts-travel-service,413f7e44b284cef8,851446aa144d8449,851446aa144d8449,2186,200,GET,ts-travel-service
1650481924,ts-ticketinfo-service,21964128d9230817,14f1ab045ec7acac,851446aa144d8449,5880,200,GET,ts-ticketinfo-service
1650481924,ts-route-service,a34f1f5054fad3b3,a90807173a363580,851446aa144d8449,2767,200,queryById,ts-travel-service
1650481924,ts-travel-service,8b62a182ea6b48c2,851446aa144d8449,851446aa144d8449,8635,200,GET,ts-travel-service
1650481924,ts-route-service,f0b2e229282081f9,d79e62fdfa8fd121,851446aa144d8449,2143,200,queryById,ts-travel-service
1650481924,ts-ticketinfo-service,14f1ab045ec7acac,8b62a182ea6b48c2,851446aa144d8449,8225,200,queryForStationId,ts-travel-service
1650481924,ts-station-service,3290e9f351574929,f4dc87aa130d8f7b,851446aa144d8449,2058,200,queryForStationId,ts-basic-service
1650481924,ts-ticketinfo-service,2a28edb5f79a3475,3fa24921e1ce4f10,851446aa144d8449,10133,200,queryForStationId,ts-travel-service
1650481924,ts-route-service,6a121008734c935,413f7e44b284cef8,851446aa144d8449,2018,200,queryById,ts-travel-service
1650481924,ts-basic-service,f4dc87aa130d8f7b,1b3241b378843d30,851446aa144d8449,2720,200,GET,ts-basic-service
1650481924,ts-basic-service,d5ca787888accef3,9d6e6570eb3903ca,851446aa144d8449,6186,200,queryForStationId,ts-ticketinfo-service
1650481924,ts-basic-service,1b3241b378843d30,21964128d9230817,851446aa144d8449,5115,200,queryForStationId,ts-ticketinfo-service
1650481924,ts-basic-service,b861b302d142ab49,d5ca787888accef3,851446aa144d8449,3373,200,GET,ts-basic-service
1650481924,ts-station-service,a20e5a457470ac93,b861b302d142ab49,851446aa144d8449,2244,200,queryForStationId,ts-basic-service
1650481924,ts-ticketinfo-service,9d6e6570eb3903ca,2a28edb5f79a3475,851446aa144d8449,7386,200,GET,ts-ticketinfo-service
1650481924,ts-contacts-service,f03da4c9c7271ee4,,f03da4c9c7271ee4,2417,200,findContactsByAccountId,no_parent
1650481924,ts-contacts-service,3b30052de72f158c,f06834d39d7ccfcf,26190979f8754aca,2307,200,getContactsByContactsId,ts-preserve-service
1650481924,ts-order-service,ff0341d7f1adc8e,4a49ba1b5765875,26190979f8754aca,3358,200,securityInfoCheck,ts-security-service
1650481924,ts-preserve-service,f06834d39d7ccfcf,26190979f8754aca,26190979f8754aca,3562,200,GET,ts-preserve-service
1650481924,ts-security-service,4a49ba1b5765875,efb2053ec2c19b97,26190979f8754aca,4726,200,GET,ts-security-service
1650481924,ts-preserve-service,5ed1a59ab159797c,26190979f8754aca,26190979f8754aca,14476,200,GET,ts-preserve-service
1650481924,ts-order-other-service,bba1e21b756c9ad3,e5155f179af8ccde,26190979f8754aca,2890,200,securityInfoCheck,ts-security-service
1650481924,ts-preserve-service,26190979f8754aca,,26190979f8754aca,20996,200,preserve,no_parent
1650481924,ts-travel-service,3fa24921e1ce4f10,851446aa144d8449,851446aa144d8449,11664,200,GET,ts-travel-service
1650481924,ts-security-service,e5155f179af8ccde,efb2053ec2c19b97,26190979f8754aca,4262,200,GET,ts-security-service
1650481924,ts-order-service,8e433655636911e0,76309111f3cf8f2a,76309111f3cf8f2a,9821,200,POST,ts-order-service
1650481924,ts-order-service,76309111f3cf8f2a,,76309111f3cf8f2a,12869,200,queryOrdersForRefresh,no_parent
1650481924,ts-station-service,e0b4803912ac8d72,8e433655636911e0,76309111f3cf8f2a,8206,200,queryForNameBatch,ts-order-service
1650481924,ts-security-service,efb2053ec2c19b97,5ed1a59ab159797c,26190979f8754aca,12951,200,check,ts-preserve-service
1650481924,ts-assurance-service,ca5df278dfc54b2b,,ca5df278dfc54b2b,1897,200,getAllAssuranceType,no_parent
1650481984,ts-travel-service,395319c15d817158,56b950e0d4a0c550,56b950e0d4a0c550,2285,200,GET,ts-travel-service
1650481984,ts-travel-service,588d5ee18386053a,56b950e0d4a0c550,56b950e0d4a0c550,4095,200,GET,ts-travel-service
1650481984,ts-travel-service,6bccf2eb3baa2ef7,56b950e0d4a0c550,56b950e0d4a0c550,10034,200,GET,ts-travel-service
1650481984,ts-travel-service,bc4e612c34908f04,56b950e0d4a0c550,56b950e0d4a0c550,2314,200,GET,ts-travel-service
1650481984,ts-travel-service,37e35b5bbe6ce8d1,56b950e0d4a0c550,56b950e0d4a0c550,2219,200,GET,ts-travel-service
1650481984,ts-travel-service,56b950e0d4a0c550,,56b950e0d4a0c550,42135,200,queryInfo,no_parent
1650481984,ts-route-service,2f6cfd1c8c485712,bc4e612c34908f04,56b950e0d4a0c550,2130,200,queryById,ts-travel-service
1650481984,ts-travel-service,ab8dcab38f1a0b65,56b950e0d4a0c550,56b950e0d4a0c550,2592,200,GET,ts-travel-service
1650481984,ts-travel-service,9d87377d0d1ead9c,56b950e0d4a0c550,56b950e0d4a0c550,8120,200,GET,ts-travel-service
1650481984,ts-basic-service,9a4c54d0942d0227,18bdf6fe90be9efa,56b950e0d4a0c550,4930,200,queryForStationId,ts-ticketinfo-service
1650481984,ts-basic-service,8682e2da1e487895,9a4c54d0942d0227,56b950e0d4a0c550,2756,200,GET,ts-basic-service
1650481984,ts-route-service,cd99c39b1fc5923b,ab8dcab38f1a0b65,56b950e0d4a0c550,2158,200,queryById,ts-travel-service
1650481984,ts-route-service,7839888c92203e5f,395319c15d817158,56b950e0d4a0c550,2150,200,queryById,ts-travel-service
1650481984,ts-ticketinfo-service,18bdf6fe90be9efa,f13aa73f663b779d,56b950e0d4a0c550,5671,200,GET,ts-ticketinfo-service
1650481984,ts-ticketinfo-service,41aa14fc10ae7982,6bccf2eb3baa2ef7,56b950e0d4a0c550,8485,200,queryForStationId,ts-travel-service
1650481984,ts-ticketinfo-service,f13aa73f663b779d,9d87377d0d1ead9c,56b950e0d4a0c550,7663,200,queryForStationId,ts-travel-service
1650481984,ts-ticketinfo-service,907d8844fdaa83e8,41aa14fc10ae7982,56b950e0d4a0c550,6131,200,GET,ts-ticketinfo-service
1650481984,ts-basic-service,7c817f666d34baa5,96e3f1feb0098db2,56b950e0d4a0c550,3187,200,GET,ts-basic-service
1650481984,ts-basic-service,96e3f1feb0098db2,907d8844fdaa83e8,56b950e0d4a0c550,5095,200,queryForStationId,ts-ticketinfo-service
1650481984,ts-route-service,a88fce7ad25bfe9,37e35b5bbe6ce8d1,56b950e0d4a0c550,2146,200,queryById,ts-travel-service
1650481984,ts-security-service,3eea253dda70a11b,22f88603e0ad3d5,b2603bebe51b5528,4946,200,GET,ts-security-service
1650481984,ts-order-service,e2470f17f1ac4362,4611410f82fa3044,b2603bebe51b5528,3428,200,securityInfoCheck,ts-security-service
1650481984,ts-preserve-service,2b9452acd82bf332,b2603bebe51b5528,b2603bebe51b5528,16122,200,GET,ts-preserve-service
1650481984,ts-preserve-service,632c7fbd91c6b9b1,b2603bebe51b5528,b2603bebe51b5528,3854,200,GET,ts-preserve-service
1650481984,ts-preserve-service,b2603bebe51b5528,,b2603bebe51b5528,23156,200,preserve,no_parent
1650481984,ts-security-service,22f88603e0ad3d5,2b9452acd82bf332,b2603bebe51b5528,14423,200,check,ts-preserve-service
1650481984,ts-order-service,94d6df8115299531,,94d6df8115299531,19485,200,queryOrdersForRefresh,no_parent
1650481984,ts-order-other-service,950b79b3a7494dc9,3eea253dda70a11b,b2603bebe51b5528,3683,200,securityInfoCheck,ts-security-service
1650481984,ts-assurance-service,c093c6bab4bd54d,,c093c6bab4bd54d,1841,200,getAllAssuranceType,no_parent
1650481984,ts-contacts-service,9b2b733c1342ffdd,632c7fbd91c6b9b1,b2603bebe51b5528,2610,200,getContactsByContactsId,ts-preserve-service
1650481984,ts-order-service,17a0bd1edbf0a321,94d6df8115299531,94d6df8115299531,16362,200,POST,ts-order-service
1650481984,ts-station-service,7d8d283af2c3f5cd,17a0bd1edbf0a321,94d6df8115299531,14872,200,queryForNameBatch,ts-order-service
1650481984,ts-security-service,4611410f82fa3044,22f88603e0ad3d5,b2603bebe51b5528,4813,200,GET,ts-security-service
1650481984,ts-station-service,663b4f38791d1ab2,8682e2da1e487895,56b950e0d4a0c550,2166,200,queryForStationId,ts-basic-service
1650481984,ts-route-service,a3e0c2c3aa052c75,588d5ee18386053a,56b950e0d4a0c550,2741,200,queryById,ts-travel-service
1650481984,ts-station-service,3cbb0280f6156ca2,7c817f666d34baa5,56b950e0d4a0c550,2264,200,queryForStationId,ts-basic-service
1650481984,ts-contacts-service,4cbaa9a638be56e1,,4cbaa9a638be56e1,3369,200,findContactsByAccountId,no_parent
1650481984,ts-verification-code-service,641efd3b28c6b915,588f67dbf13b58d6,dab8e0012777cf9f,1923,200,verifyCode,ts-auth-service
1650481984,ts-auth-service,588f67dbf13b58d6,dab8e0012777cf9f,dab8e0012777cf9f,3675,200,GET,ts-auth-service
1650481984,ts-auth-service,dab8e0012777cf9f,,dab8e0012777cf9f,110416,200,getToken,no_parent
1650481984,ts-verification-code-service,466e49a8129caee0,,466e49a8129caee0,3017,200,imageCode,no_parent
1650482044,ts-travel-service,3683279a07c4dc6b,95d11119cf827824,95d11119cf827824,7885,200,GET,ts-travel-service
1650482044,ts-auth-service,5c1f2fc40dfc2087,97d6434c1d4618a1,97d6434c1d4618a1,3800,200,GET,ts-auth-service
1650482044,ts-travel-service,c05d8d4a331e835d,95d11119cf827824,95d11119cf827824,12975,200,GET,ts-travel-service
1650482044,ts-basic-service,6131a6393edab68c,f13bff7f12abc9aa,95d11119cf827824,3380,200,GET,ts-basic-service
1650482044,ts-basic-service,f13bff7f12abc9aa,dcc7e98d0445dd26,95d11119cf827824,5847,200,queryForStationId,ts-ticketinfo-service
1650482044,ts-verification-code-service,19ad8c269b945174,5c1f2fc40dfc2087,97d6434c1d4618a1,2143,200,verifyCode,ts-auth-service
1650482044,ts-auth-service,97d6434c1d4618a1,,97d6434c1d4618a1,108635,200,getToken,no_parent
1650482044,ts-ticketinfo-service,8d9139d2cc0435be,3b153bc1111586ec,95d11119cf827824,9349,200,queryForStationId,ts-travel-service
1650482044,ts-ticketinfo-service,a8492c4c5fe5d065,210ebd4a8e03469d,95d11119cf827824,5520,200,GET,ts-ticketinfo-service
1650482044,ts-station-service,53408f54ff836bd3,f172a2ec6ff87e43,95d11119cf827824,2083,200,queryForStationId,ts-basic-service
1650482044,ts-ticketinfo-service,210ebd4a8e03469d,3683279a07c4dc6b,95d11119cf827824,7459,200,queryForStationId,ts-travel-service
1650482044,ts-ticketinfo-service,dcc7e98d0445dd26,8d9139d2cc0435be,95d11119cf827824,7043,200,GET,ts-ticketinfo-service
1650482044,ts-travel-service,3b153bc1111586ec,95d11119cf827824,95d11119cf827824,10872,200,GET,ts-travel-service
1650482044,ts-route-service,8edd3e272294c8cb,c05d8d4a331e835d,95d11119cf827824,2001,200,queryById,ts-travel-service
1650482044,ts-basic-service,f172a2ec6ff87e43,a6f26e096c738b28,95d11119cf827824,2659,200,GET,ts-basic-service
1650482044,ts-travel-service,b752c52a6d23037e,95d11119cf827824,95d11119cf827824,1480,200,GET,ts-travel-service
1650482044,ts-travel-service,7c97a75493208904,95d11119cf827824,95d11119cf827824,2329,200,GET,ts-travel-service
1650482044,ts-route-service,af914142b7174f21,b752c52a6d23037e,95d11119cf827824,1347,200,queryById,ts-travel-service
1650482044,ts-travel-service,95d11119cf827824,,95d11119cf827824,60586,200,queryInfo,no_parent
1650482044,ts-travel-service,f2cf8745d78b1d17,95d11119cf827824,95d11119cf827824,2262,200,GET,ts-travel-service
1650482044,ts-travel-service,639611418441378f,95d11119cf827824,95d11119cf827824,13649,200,GET,ts-travel-service
1650482044,ts-preserve-service,b935a2f1b0eb6e10,75eb9d2f91b7538e,75eb9d2f91b7538e,15955,200,GET,ts-preserve-service
1650482044,ts-preserve-service,89f848cfea83b9b0,75eb9d2f91b7538e,75eb9d2f91b7538e,3477,200,GET,ts-preserve-service
1650482044,ts-basic-service,a6f26e096c738b28,a8492c4c5fe5d065,95d11119cf827824,4773,200,queryForStationId,ts-ticketinfo-service
1650482044,ts-route-service,89ba27cb6b64d020,f2cf8745d78b1d17,95d11119cf827824,2161,200,queryById,ts-travel-service
1650482044,ts-assurance-service,d292beab8d39e507,,d292beab8d39e507,1861,200,getAllAssuranceType,no_parent
1650482044,ts-route-service,d59903b6b6613af8,7c97a75493208904,95d11119cf827824,2188,200,queryById,ts-travel-service
1650482044,ts-order-service,7555c9758a3cae70,4ce0c3a350d8d57e,75eb9d2f91b7538e,3302,200,securityInfoCheck,ts-security-service
1650482044,ts-contacts-service,a60e02874e52c32b,89f848cfea83b9b0,75eb9d2f91b7538e,2090,200,getContactsByContactsId,ts-preserve-service
1650482044,ts-route-service,2e9f1b1843bd483d,639611418441378f,95d11119cf827824,13240,200,queryById,ts-travel-service
1650482044,ts-station-service,70bb8065dd0e5669,6131a6393edab68c,95d11119cf827824,2294,200,queryForStationId,ts-basic-service
1650482044,ts-station-service,fba17e1127055cc8,a75d7dbd44123b11,464e41b9afc40836,7967,200,queryForNameBatch,ts-order-service
1650482044,ts-preserve-service,75eb9d2f91b7538e,,75eb9d2f91b7538e,22426,200,preserve,no_parent
1650482044,ts-security-service,c2d32db8c5e6c8dc,b935a2f1b0eb6e10,75eb9d2f91b7538e,14232,200,check,ts-preserve-service
1650482044,ts-order-other-service,196a61e4216b9bbc,12e6b3227ec35b8b,75eb9d2f91b7538e,3597,200,securityInfoCheck,ts-security-service
1650482044,ts-order-service,a75d7dbd44123b11,464e41b9afc40836,464e41b9afc40836,9337,200,POST,ts-order-service
1650482044,ts-security-service,4ce0c3a350d8d57e,c2d32db8c5e6c8dc,75eb9d2f91b7538e,4726,200,GET,ts-security-service
1650482044,ts-security-service,12e6b3227ec35b8b,c2d32db8c5e6c8dc,75eb9d2f91b7538e,4933,200,GET,ts-security-service
1650482044,ts-order-service,464e41b9afc40836,,464e41b9afc40836,12582,200,queryOrdersForRefresh,no_parent
1650482044,ts-verification-code-service,2635b3174080569a,,2635b3174080569a,2978,200,imageCode,no_parent
1650482044,ts-contacts-service,514685a7bdb31c25,,514685a7bdb31c25,3245,200,findContactsByAccountId,no_parent
1650482104,ts-verification-code-service,b5049be151e581b1,,b5049be151e581b1,2560,200,imageCode,no_parent
1650482104,ts-security-service,653a1c17ffa77b49,f2fb5ed33e5e90d4,811efd9d9b9684d7,4707,200,GET,ts-security-service
1650482104,ts-preserve-service,eecdefe794a5219,811efd9d9b9684d7,811efd9d9b9684d7,3834,200,GET,ts-preserve-service
1650482104,ts-preserve-service,811efd9d9b9684d7,,811efd9d9b9684d7,22884,200,preserve,no_parent
1650482104,ts-order-other-service,758dc98430c6c645,c775a19fc99d95b5,811efd9d9b9684d7,3809,200,securityInfoCheck,ts-security-service
1650482104,ts-security-service,c775a19fc99d95b5,f2fb5ed33e5e90d4,811efd9d9b9684d7,5044,200,GET,ts-security-service
1650482104,ts-preserve-service,df130b3a3e0cbf53,811efd9d9b9684d7,811efd9d9b9684d7,15932,200,GET,ts-preserve-service
1650482104,ts-contacts-service,b226fd8de0a136a4,eecdefe794a5219,811efd9d9b9684d7,2618,200,getContactsByContactsId,ts-preserve-service
1650482104,ts-security-service,f2fb5ed33e5e90d4,df130b3a3e0cbf53,811efd9d9b9684d7,14250,200,check,ts-preserve-service
1650482104,ts-verification-code-service,ce44f4b53cb0f7b2,b0fb3b53cf909b7b,f339a486901dcf17,2009,200,verifyCode,ts-auth-service
1650482104,ts-auth-service,f339a486901dcf17,,f339a486901dcf17,112774,200,getToken,no_parent
1650482104,ts-auth-service,b0fb3b53cf909b7b,f339a486901dcf17,f339a486901dcf17,3741,200,GET,ts-auth-service
1650482104,ts-station-service,415be60d209a9c77,5a2744f5b3609726,1acfd52c622bc9fe,8241,200,queryForNameBatch,ts-order-service
1650482104,ts-order-service,2636422a830f1404,653a1c17ffa77b49,811efd9d9b9684d7,3301,200,securityInfoCheck,ts-security-service
1650482104,ts-order-service,1acfd52c622bc9fe,,1acfd52c622bc9fe,12899,200,queryOrdersForRefresh,no_parent
1650482104,ts-order-service,5a2744f5b3609726,1acfd52c622bc9fe,1acfd52c622bc9fe,9690,200,POST,ts-order-service
1650482104,ts-contacts-service,322ac36a9770b67c,,322ac36a9770b67c,3519,200,findContactsByAccountId,no_parent
1650482105,ts-travel-service,86efd4c7b884e362,d1f25667c95fef63,d1f25667c95fef63,2266,200,GET,ts-travel-service
1650482105,ts-route-service,8b3a5bec982a2291,9558d985784a3114,d1f25667c95fef63,2145,200,queryById,ts-travel-service
1650482105,ts-route-service,b83c91c54d402cf9,4d713465c709a390,d1f25667c95fef63,2129,200,queryById,ts-travel-service
1650482105,ts-route-service,2b8328e5925a5011,86efd4c7b884e362,d1f25667c95fef63,2146,200,queryById,ts-travel-service
1650482105,ts-route-service,82af28344dd90d79,65679da0bf9e7759,d1f25667c95fef63,2029,200,queryById,ts-travel-service
1650482105,ts-basic-service,50e301746062f994,65ff72c081ecf2af,d1f25667c95fef63,4835,200,queryForStationId,ts-ticketinfo-service
1650482105,ts-station-service,2439d1c5a5e7270e,8a1e1e04dd21693d,d1f25667c95fef63,2481,200,queryForStationId,ts-basic-service
1650482105,ts-station-service,ac994f0545513cfe,92cc40fae49df96,d1f25667c95fef63,2103,200,queryForStationId,ts-basic-service
1650482105,ts-route-service,a5d3bb898fdf0a3d,ccb74b469d4f6994,d1f25667c95fef63,2812,200,queryById,ts-travel-service
1650482105,ts-travel-service,65679da0bf9e7759,d1f25667c95fef63,d1f25667c95fef63,2441,200,GET,ts-travel-service
1650482105,ts-travel-service,4d713465c709a390,d1f25667c95fef63,d1f25667c95fef63,2191,200,GET,ts-travel-service
1650482105,ts-travel-service,d1f25667c95fef63,,d1f25667c95fef63,40898,200,queryInfo,no_parent
1650482105,ts-travel-service,ccb74b469d4f6994,d1f25667c95fef63,d1f25667c95fef63,4047,200,GET,ts-travel-service
1650482105,ts-basic-service,2fa1d0e68d068d26,7d7cd7f079165420,d1f25667c95fef63,5530,200,queryForStationId,ts-ticketinfo-service
1650482105,ts-travel-service,c030def4923aafb3,d1f25667c95fef63,d1f25667c95fef63,8079,200,GET,ts-travel-service
1650482105,ts-travel-service,144b342bd19df907,d1f25667c95fef63,d1f25667c95fef63,10593,200,GET,ts-travel-service
1650482105,ts-ticketinfo-service,65ff72c081ecf2af,b4fd19dafc744acc,d1f25667c95fef63,5608,200,GET,ts-ticketinfo-service
1650482105,ts-basic-service,8a1e1e04dd21693d,2fa1d0e68d068d26,d1f25667c95fef63,3533,200,GET,ts-basic-service
1650482105,ts-travel-service,9558d985784a3114,d1f25667c95fef63,d1f25667c95fef63,2244,200,GET,ts-travel-service
1650482105,ts-ticketinfo-service,7d7cd7f079165420,b2ce64ade3d4f1e6,d1f25667c95fef63,6716,200,GET,ts-ticketinfo-service
1650482105,ts-ticketinfo-service,b2ce64ade3d4f1e6,144b342bd19df907,d1f25667c95fef63,9085,200,queryForStationId,ts-travel-service
1650482105,ts-ticketinfo-service,b4fd19dafc744acc,c030def4923aafb3,d1f25667c95fef63,7614,200,queryForStationId,ts-travel-service
1650482105,ts-basic-service,92cc40fae49df96,50e301746062f994,d1f25667c95fef63,3054,200,GET,ts-basic-service
1650482105,ts-assurance-service,1d52fc95c355722c,,1d52fc95c355722c,1874,200,getAllAssuranceType,no_parent
1650482165,ts-travel-service,596d45ab68aedc9e,6435ac3dd3a19dda,6435ac3dd3a19dda,2381,200,GET,ts-travel-service
1650482165,ts-route-service,ec1a188a4f2c1cab,596d45ab68aedc9e,6435ac3dd3a19dda,2269,200,queryById,ts-travel-service
1650482165,ts-travel-service,6435ac3dd3a19dda,,6435ac3dd3a19dda,41347,200,queryInfo,no_parent
1650482165,ts-travel-service,f6cbd040239c2b71,6435ac3dd3a19dda,6435ac3dd3a19dda,2282,200,GET,ts-travel-service
1650482165,ts-route-service,d2668b3e6a648d2e,1480dfc0605f203b,6435ac3dd3a19dda,2274,200,queryById,ts-travel-service
1650482165,ts-route-service,fd9219bc60d300e9,ce4dc89aa736a28b,6435ac3dd3a19dda,2122,200,queryById,ts-travel-service
1650482165,ts-station-service,b55d4de57b61a9ba,231a347044e2ad48,6435ac3dd3a19dda,2259,200,queryForStationId,ts-basic-service
1650482165,ts-station-service,651df7aa1cb77082,f01e2bd78a1b39fb,6435ac3dd3a19dda,2053,200,queryForStationId,ts-basic-service
1650482165,ts-travel-service,906f743df2b9d213,6435ac3dd3a19dda,6435ac3dd3a19dda,7908,200,GET,ts-travel-service
1650482165,ts-travel-service,1480dfc0605f203b,6435ac3dd3a19dda,6435ac3dd3a19dda,2371,200,GET,ts-travel-service
1650482165,ts-basic-service,9c1c786d5ba6a7f9,35e8b9c0821b97b7,6435ac3dd3a19dda,4890,200,queryForStationId,ts-ticketinfo-service
1650482165,ts-travel-service,3dbe6495e3aaa4a5,6435ac3dd3a19dda,6435ac3dd3a19dda,4406,200,GET,ts-travel-service
1650482165,ts-travel-service,ce4dc89aa736a28b,6435ac3dd3a19dda,6435ac3dd3a19dda,2527,200,GET,ts-travel-service
1650482165,ts-auth-service,898d61109b38a3d5,,898d61109b38a3d5,109669,200,getToken,no_parent
1650482165,ts-travel-service,d93950998bc80fc3,6435ac3dd3a19dda,6435ac3dd3a19dda,10580,200,GET,ts-travel-service
1650482165,ts-ticketinfo-service,35e8b9c0821b97b7,b698ac72db8de965,6435ac3dd3a19dda,5396,200,GET,ts-ticketinfo-service
1650482165,ts-route-service,4b777870837de03d,3dbe6495e3aaa4a5,6435ac3dd3a19dda,2720,200,queryById,ts-travel-service
1650482165,ts-route-service,cbe505e2a7ef5a2f,f6cbd040239c2b71,6435ac3dd3a19dda,2151,200,queryById,ts-travel-service
1650482165,ts-ticketinfo-service,bd3e157569032734,ddeb57d685586be3,6435ac3dd3a19dda,7296,200,GET,ts-ticketinfo-service
1650482165,ts-order-service,f62c5652b3daafcd,73752e5d6da65704,ff4325ea7b573c34,3436,200,securityInfoCheck,ts-security-service
1650482165,ts-preserve-service,cb3ea15d6aeb1439,ff4325ea7b573c34,ff4325ea7b573c34,16111,200,GET,ts-preserve-service
1650482165,ts-basic-service,c514ded1200198e,bd3e157569032734,6435ac3dd3a19dda,6247,200,queryForStationId,ts-ticketinfo-service
1650482165,ts-basic-service,f01e2bd78a1b39fb,9c1c786d5ba6a7f9,6435ac3dd3a19dda,2642,200,GET,ts-basic-service
1650482165,ts-security-service,a960a72268f0955c,4c5568960c9f51e0,ff4325ea7b573c34,4815,200,GET,ts-security-service
1650482165,ts-security-service,4c5568960c9f51e0,cb3ea15d6aeb1439,ff4325ea7b573c34,14491,200,check,ts-preserve-service
1650482165,ts-contacts-service,601d6662be480b7f,d912116fdc5f6ef1,ff4325ea7b573c34,2636,200,getContactsByContactsId,ts-preserve-service
1650482165,ts-station-service,9c6a98034f16a33f,d5e1c66a4b01bbed,11e9b03db064df9f,7866,200,queryForNameBatch,ts-order-service
1650482165,ts-ticketinfo-service,ddeb57d685586be3,d93950998bc80fc3,6435ac3dd3a19dda,9062,200,queryForStationId,ts-travel-service
1650482165,ts-preserve-service,ff4325ea7b573c34,,ff4325ea7b573c34,23098,200,preserve,no_parent
1650482165,ts-preserve-service,d912116fdc5f6ef1,ff4325ea7b573c34,ff4325ea7b573c34,3856,200,GET,ts-preserve-service
1650482165,ts-order-other-service,e728da66c3701f06,a960a72268f0955c,ff4325ea7b573c34,3592,200,securityInfoCheck,ts-security-service
1650482165,ts-ticketinfo-service,b698ac72db8de965,906f743df2b9d213,6435ac3dd3a19dda,7445,200,queryForStationId,ts-travel-service
1650482165,ts-basic-service,231a347044e2ad48,c514ded1200198e,6435ac3dd3a19dda,3766,200,GET,ts-basic-service
1650482165,ts-security-service,73752e5d6da65704,4c5568960c9f51e0,ff4325ea7b573c34,4961,200,GET,ts-security-service
1650482165,ts-auth-service,89af268a891b7435,898d61109b38a3d5,898d61109b38a3d5,3645,200,GET,ts-auth-service
1650482165,ts-verification-code-service,52eab88437337f47,89af268a891b7435,898d61109b38a3d5,1956,200,verifyCode,ts-auth-service
1650482165,ts-order-service,d5e1c66a4b01bbed,11e9b03db064df9f,11e9b03db064df9f,9408,200,POST,ts-order-service
1650482165,ts-order-service,11e9b03db064df9f,,11e9b03db064df9f,12670,200,queryOrdersForRefresh,no_parent
1650482165,ts-contacts-service,392d556b63191907,,392d556b63191907,3394,200,findContactsByAccountId,no_parent
1650482165,ts-verification-code-service,6bdd1e64e4b30d11,,6bdd1e64e4b30d11,2967,200,imageCode,no_parent
1650482165,ts-assurance-service,134a4d29bb1791c2,,134a4d29bb1791c2,1858,200,getAllAssuranceType,no_parent
1650482225,ts-basic-service,4098d93282374936,5bb05878a50168bf,86657bf657b7df56,3515,200,GET,ts-basic-service
1650482225,ts-station-service,c4648dce324681f0,4098d93282374936,86657bf657b7df56,2504,200,queryForStationId,ts-basic-service
1650482225,ts-station-service,c4519ce91fa203bf,c3dde2d97a332637,86657bf657b7df56,1975,200,queryForStationId,ts-basic-service
1650482225,ts-ticketinfo-service,fd5b4524d5cc0f9c,ecca150fdbb92670,86657bf657b7df56,9384,200,queryForStationId,ts-travel-service
1650482225,ts-ticketinfo-service,b9ff114fc788ff88,4172006eba8c48b3,86657bf657b7df56,5449,200,GET,ts-ticketinfo-service
1650482225,ts-travel-service,9616398f8e18611,86657bf657b7df56,86657bf657b7df56,1998,200,GET,ts-travel-service
1650482225,ts-travel-service,ecca150fdbb92670,86657bf657b7df56,86657bf657b7df56,10620,200,GET,ts-travel-service
1650482225,ts-preserve-service,20d38208e7cf530b,340b9d2d53484c84,340b9d2d53484c84,16154,200,GET,ts-preserve-service
1650482225,ts-preserve-service,e86272378fd22fbe,340b9d2d53484c84,340b9d2d53484c84,3758,200,GET,ts-preserve-service
1650482225,ts-preserve-service,340b9d2d53484c84,,340b9d2d53484c84,22998,200,preserve,no_parent
1650482225,ts-travel-service,86657bf657b7df56,,86657bf657b7df56,42618,200,queryInfo,no_parent
1650482225,ts-route-service,3e00340755cb1061,aec101abac2a6fba,86657bf657b7df56,2421,200,queryById,ts-travel-service
1650482225,ts-ticketinfo-service,ed2b4c9dd67eb3f9,fd5b4524d5cc0f9c,86657bf657b7df56,7053,200,GET,ts-ticketinfo-service
1650482225,ts-ticketinfo-service,4172006eba8c48b3,3a49474273d48ca2,86657bf657b7df56,7466,200,queryForStationId,ts-travel-service
1650482225,ts-basic-service,586b68ed6f5d7a34,b9ff114fc788ff88,86657bf657b7df56,4797,200,queryForStationId,ts-ticketinfo-service
1650482225,ts-travel-service,74646c99dc07868c,86657bf657b7df56,86657bf657b7df56,1975,200,GET,ts-travel-service
1650482225,ts-travel-service,c552b0118071c119,86657bf657b7df56,86657bf657b7df56,2056,200,GET,ts-travel-service
1650482225,ts-route-service,2a392264d00261a2,c552b0118071c119,86657bf657b7df56,2006,200,queryById,ts-travel-service
1650482225,ts-route-service,d06f6456e2a64706,976bf34bee4a4e28,86657bf657b7df56,1916,200,queryById,ts-travel-service
1650482225,ts-route-service,d6d4817218417a9a,9616398f8e18611,86657bf657b7df56,1929,200,queryById,ts-travel-service
1650482225,ts-station-service,4b006228ccfb765d,192c949f0b22484f,24a253d240c98558,7856,200,queryForNameBatch,ts-order-service
1650482225,ts-travel-service,976bf34bee4a4e28,86657bf657b7df56,86657bf657b7df56,2363,200,GET,ts-travel-service
1650482225,ts-route-service,8b1db62c33699c72,74646c99dc07868c,86657bf657b7df56,1942,200,queryById,ts-travel-service
1650482225,ts-basic-service,c3dde2d97a332637,586b68ed6f5d7a34,86657bf657b7df56,2748,200,GET,ts-basic-service
1650482225,ts-basic-service,5bb05878a50168bf,ed2b4c9dd67eb3f9,86657bf657b7df56,5906,200,queryForStationId,ts-ticketinfo-service
1650482225,ts-travel-service,3a49474273d48ca2,86657bf657b7df56,86657bf657b7df56,7934,200,GET,ts-travel-service
1650482225,ts-travel-service,aec101abac2a6fba,86657bf657b7df56,86657bf657b7df56,3701,200,GET,ts-travel-service
1650482225,ts-order-service,af41f0b0a509df62,39e2c5ba81f0871e,340b9d2d53484c84,3432,200,securityInfoCheck,ts-security-service
1650482225,ts-contacts-service,373b5a4e606d496a,,373b5a4e606d496a,3431,200,findContactsByAccountId,no_parent
1650482225,ts-order-other-service,acf937c0a2060221,cb54c9754e017d9f,340b9d2d53484c84,3661,200,securityInfoCheck,ts-security-service
1650482225,ts-security-service,cb54c9754e017d9f,59d64605c9a35414,340b9d2d53484c84,5044,200,GET,ts-security-service
1650482225,ts-security-service,59d64605c9a35414,20d38208e7cf530b,340b9d2d53484c84,14505,200,check,ts-preserve-service
1650482225,ts-security-service,39e2c5ba81f0871e,59d64605c9a35414,340b9d2d53484c84,4912,200,GET,ts-security-service
1650482225,ts-contacts-service,ebe81b1c08ae3864,e86272378fd22fbe,340b9d2d53484c84,2542,200,getContactsByContactsId,ts-preserve-service
1650482225,ts-verification-code-service,ee9d83c3a7bf1d7b,1d4af209bbcea2a4,d1223524e16657db,3491,200,verifyCode,ts-auth-service
1650482225,ts-auth-service,1d4af209bbcea2a4,d1223524e16657db,d1223524e16657db,6481,200,GET,ts-auth-service
1650482225,ts-auth-service,d1223524e16657db,,d1223524e16657db,110792,200,getToken,no_parent
1650482225,ts-order-service,192c949f0b22484f,24a253d240c98558,24a253d240c98558,16731,200,POST,ts-order-service
1650482225,ts-order-service,24a253d240c98558,,24a253d240c98558,20022,200,queryOrdersForRefresh,no_parent
1650482225,ts-assurance-service,3df3ee6811bf136f,,3df3ee6811bf136f,1792,200,getAllAssuranceType,no_parent
1650482225,ts-verification-code-service,2606d66aecea6045,,2606d66aecea6045,3164,200,imageCode,no_parent
1650482285,ts-station-service,4787d925eb398007,31b7cf8b2115c945,91a48e91e84e0d82,2061,200,queryForStationId,ts-basic-service
1650482285,ts-station-service,c3625c1c2e496e3b,8a4b0895cfd2aabd,91a48e91e84e0d82,2226,200,queryForStationId,ts-basic-service
1650482285,ts-ticketinfo-service,eef827a405cd2984,fa2ad8738e24b96a,91a48e91e84e0d82,5759,200,GET,ts-ticketinfo-service
1650482285,ts-auth-service,1f520b10f8b5638,dec01b670675792a,dec01b670675792a,5299,200,GET,ts-auth-service
1650482285,ts-auth-service,dec01b670675792a,,dec01b670675792a,117617,200,getToken,no_parent
1650482285,ts-ticketinfo-service,68ae5f59c96d87c1,a9e97a8dd57b5dfe,91a48e91e84e0d82,12184,200,queryForStationId,ts-travel-service
1650482285,ts-ticketinfo-service,9296840c1bb6d4fa,68ae5f59c96d87c1,91a48e91e84e0d82,7631,200,GET,ts-ticketinfo-service
1650482285,ts-travel-service,a9e97a8dd57b5dfe,91a48e91e84e0d82,91a48e91e84e0d82,14210,200,GET,ts-travel-service
1650482285,ts-travel-service,b1201d23d5d0381b,91a48e91e84e0d82,91a48e91e84e0d82,8842,200,GET,ts-travel-service
1650482285,ts-basic-service,31b7cf8b2115c945,4fb4553c9d963138,91a48e91e84e0d82,2707,200,GET,ts-basic-service
1650482285,ts-travel-service,91a48e91e84e0d82,,91a48e91e84e0d82,46987,200,queryInfo,no_parent
1650482285,ts-order-service,78a761c8c3430bd,41e50e3983c4848e,c1df460969ae3995,3487,200,securityInfoCheck,ts-security-service
1650482285,ts-preserve-service,c529c82ca8177e2e,c1df460969ae3995,c1df460969ae3995,3812,200,GET,ts-preserve-service
1650482285,ts-preserve-service,c1df460969ae3995,,c1df460969ae3995,23185,200,preserve,no_parent
1650482285,ts-order-other-service,92a718126616b9e2,583deb4e45020d31,c1df460969ae3995,3690,200,securityInfoCheck,ts-security-service
1650482285,ts-security-service,583deb4e45020d31,4964fc127a1fc09a,c1df460969ae3995,5235,200,GET,ts-security-service
1650482285,ts-security-service,41e50e3983c4848e,4964fc127a1fc09a,c1df460969ae3995,4759,200,GET,ts-security-service
1650482285,ts-contacts-service,46795f15c0c02618,c529c82ca8177e2e,c1df460969ae3995,2699,200,getContactsByContactsId,ts-preserve-service
1650482285,ts-ticketinfo-service,fa2ad8738e24b96a,b1201d23d5d0381b,91a48e91e84e0d82,8195,200,queryForStationId,ts-travel-service
1650482285,ts-basic-service,743ce73424e7ef6d,9296840c1bb6d4fa,91a48e91e84e0d82,5806,200,queryForStationId,ts-ticketinfo-service
1650482285,ts-security-service,4964fc127a1fc09a,7ea8757e1ec02169,c1df460969ae3995,14640,200,check,ts-preserve-service
1650482285,ts-preserve-service,7ea8757e1ec02169,c1df460969ae3995,c1df460969ae3995,16259,200,GET,ts-preserve-service
1650482285,ts-station-service,4f8c8058eff0cc0a,6020403c38ed1d6a,ad0003a252b4fcaa,7933,200,queryForNameBatch,ts-order-service
1650482285,ts-basic-service,8a4b0895cfd2aabd,743ce73424e7ef6d,91a48e91e84e0d82,3322,200,GET,ts-basic-service
1650482285,ts-basic-service,4fb4553c9d963138,eef827a405cd2984,91a48e91e84e0d82,4851,200,queryForStationId,ts-ticketinfo-service
1650482285,ts-contacts-service,922ea2b47694f94f,,922ea2b47694f94f,3570,200,findContactsByAccountId,no_parent
1650482285,ts-order-service,6020403c38ed1d6a,ad0003a252b4fcaa,ad0003a252b4fcaa,9473,200,POST,ts-order-service
1650482285,ts-order-service,ad0003a252b4fcaa,,ad0003a252b4fcaa,12741,200,queryOrdersForRefresh,no_parent
1650482285,ts-verification-code-service,4532f38d64d0f701,1f520b10f8b5638,dec01b670675792a,2000,200,verifyCode,ts-auth-service
1650482285,ts-verification-code-service,6f565f65191c1dde,,6f565f65191c1dde,2980,200,imageCode,no_parent
1650482286,ts-travel-service,250e74398509291d,91a48e91e84e0d82,91a48e91e84e0d82,3156,200,GET,ts-travel-service
1650482286,ts-travel-service,668895e8fc3b5295,91a48e91e84e0d82,91a48e91e84e0d82,1511,200,GET,ts-travel-service
1650482286,ts-route-service,b8c268a505d80579,668895e8fc3b5295,91a48e91e84e0d82,1309,200,queryById,ts-travel-service
1650482286,ts-assurance-service,6bc5e9bfa704c685,,6bc5e9bfa704c685,1201,200,getAllAssuranceType,no_parent
1650482286,ts-route-service,920ec0a2124d7d03,d6c3ebaabe3cb1a4,91a48e91e84e0d82,3308,200,queryById,ts-travel-service
1650482286,ts-travel-service,d6c3ebaabe3cb1a4,91a48e91e84e0d82,91a48e91e84e0d82,4818,200,GET,ts-travel-service
1650482286,ts-travel-service,114311fb5b0855f4,91a48e91e84e0d82,91a48e91e84e0d82,1766,200,GET,ts-travel-service
1650482286,ts-travel-service,eae5402d52d092aa,91a48e91e84e0d82,91a48e91e84e0d82,1483,200,GET,ts-travel-service
1650482286,ts-route-service,b2690cfd9b9a341a,eae5402d52d092aa,91a48e91e84e0d82,1213,200,queryById,ts-travel-service
1650482286,ts-route-service,9fc2e47006db3eb7,114311fb5b0855f4,91a48e91e84e0d82,1512,200,queryById,ts-travel-service
1650482286,ts-route-service,27b5b809104fc6e2,250e74398509291d,91a48e91e84e0d82,2652,200,queryById,ts-travel-service
1650482346,ts-contacts-service,bc4811ea1fc4a2f7,14ab013cb351d7a5,76ebc0a8dafc6d76,2556,200,getContactsByContactsId,ts-preserve-service
1650482346,ts-verification-code-service,c38f6b9574c91134,b6b39ab71fa6a93a,da12d788fda2303a,2023,200,verifyCode,ts-auth-service
1650482346,ts-ticketinfo-service,8301981ae90457c,5837bafee88bb687,2b6e89f7f9676220,5624,200,GET,ts-ticketinfo-service
1650482346,ts-assurance-service,91dc03eede9d64a0,,91dc03eede9d64a0,1838,200,getAllAssuranceType,no_parent
1650482346,ts-route-service,2cc8388e242151d5,c5353aa87bcf4051,2b6e89f7f9676220,2577,200,queryById,ts-travel-service
1650482346,ts-ticketinfo-service,b0da6699ca23f251,12386d4965b66486,2b6e89f7f9676220,13261,200,queryForStationId,ts-travel-service
1650482346,ts-travel-service,c3bfb770253a346e,2b6e89f7f9676220,2b6e89f7f9676220,3007,200,GET,ts-travel-service
1650482346,ts-travel-service,c5353aa87bcf4051,2b6e89f7f9676220,2b6e89f7f9676220,4016,200,GET,ts-travel-service
1650482346,ts-travel-service,f312faf6f3c79896,2b6e89f7f9676220,2b6e89f7f9676220,8350,200,GET,ts-travel-service
1650482346,ts-ticketinfo-service,5837bafee88bb687,f312faf6f3c79896,2b6e89f7f9676220,7913,200,queryForStationId,ts-travel-service
1650482346,ts-route-service,6e023eaecafb2288,64099d0884877889,2b6e89f7f9676220,1976,200,queryById,ts-travel-service
1650482346,ts-travel-service,ea99578878a839a4,2b6e89f7f9676220,2b6e89f7f9676220,2067,200,GET,ts-travel-service
1650482346,ts-travel-service,9c5ab5d41b65f4d4,2b6e89f7f9676220,2b6e89f7f9676220,2233,200,GET,ts-travel-service
1650482346,ts-travel-service,12386d4965b66486,2b6e89f7f9676220,2b6e89f7f9676220,14660,200,GET,ts-travel-service
1650482346,ts-travel-service,2b6e89f7f9676220,,2b6e89f7f9676220,46395,200,queryInfo,no_parent
1650482346,ts-security-service,dd84d0e2911d0000,d8cbbbb18ad2d2aa,76ebc0a8dafc6d76,13967,200,check,ts-preserve-service
1650482346,ts-auth-service,b6b39ab71fa6a93a,da12d788fda2303a,da12d788fda2303a,3620,200,GET,ts-auth-service
1650482346,ts-route-service,c8dd555b661fc03c,c3bfb770253a346e,2b6e89f7f9676220,2521,200,queryById,ts-travel-service
1650482346,ts-route-service,3bf5880d8d084288,ea99578878a839a4,2b6e89f7f9676220,1903,200,queryById,ts-travel-service
1650482346,ts-station-service,ff4089141b959fde,2c0a32aaefe445cb,2b6e89f7f9676220,2354,200,queryForStationId,ts-basic-service
1650482346,ts-security-service,162f3354b6774788,dd84d0e2911d0000,76ebc0a8dafc6d76,4520,200,GET,ts-security-service
1650482346,ts-basic-service,2c0a32aaefe445cb,c2ef7904d2ad8543,2b6e89f7f9676220,4323,200,GET,ts-basic-service
1650482346,ts-route-service,3f4dfe7fbdd75361,9c5ab5d41b65f4d4,2b6e89f7f9676220,2083,200,queryById,ts-travel-service
1650482346,ts-basic-service,c2ef7904d2ad8543,b5c0156ab57cefe6,2b6e89f7f9676220,8727,200,queryForStationId,ts-ticketinfo-service
1650482346,ts-ticketinfo-service,b5c0156ab57cefe6,b0da6699ca23f251,2b6e89f7f9676220,10347,200,GET,ts-ticketinfo-service
1650482346,ts-basic-service,256cf54cf44313bb,8301981ae90457c,2b6e89f7f9676220,4736,200,queryForStationId,ts-ticketinfo-service
1650482346,ts-station-service,6d4ef7b8ad196d9,f60600345571cd3a,2b6e89f7f9676220,2120,200,queryForStationId,ts-basic-service
1650482346,ts-order-service,e548976d24d37203,94635be195bb1641,94635be195bb1641,8345,200,POST,ts-order-service
1650482346,ts-order-service,94635be195bb1641,,94635be195bb1641,11613,200,queryOrdersForRefresh,no_parent
1650482346,ts-contacts-service,58c696f34328195e,,58c696f34328195e,3365,200,findContactsByAccountId,no_parent
1650482346,ts-preserve-service,d8cbbbb18ad2d2aa,76ebc0a8dafc6d76,76ebc0a8dafc6d76,15622,200,GET,ts-preserve-service
1650482346,ts-preserve-service,14ab013cb351d7a5,76ebc0a8dafc6d76,76ebc0a8dafc6d76,3804,200,GET,ts-preserve-service
1650482346,ts-preserve-service,76ebc0a8dafc6d76,,76ebc0a8dafc6d76,22622,200,preserve,no_parent
1650482346,ts-order-service,f34d7f8ce617e83c,1137c92dd13736da,76ebc0a8dafc6d76,3731,200,securityInfoCheck,ts-security-service
1650482346,ts-security-service,1137c92dd13736da,dd84d0e2911d0000,76ebc0a8dafc6d76,4780,200,GET,ts-security-service
1650482346,ts-travel-service,64099d0884877889,2b6e89f7f9676220,2b6e89f7f9676220,2172,200,GET,ts-travel-service
1650482346,ts-order-other-service,d078f6131291525a,162f3354b6774788,76ebc0a8dafc6d76,3282,200,securityInfoCheck,ts-security-service
1650482346,ts-auth-service,da12d788fda2303a,,da12d788fda2303a,115270,200,getToken,no_parent
1650482346,ts-basic-service,f60600345571cd3a,256cf54cf44313bb,2b6e89f7f9676220,2808,200,GET,ts-basic-service
1650482346,ts-station-service,6e17ecd86c79776,e548976d24d37203,94635be195bb1641,6982,200,queryForNameBatch,ts-order-service
1650482346,ts-verification-code-service,bad29be17906a2b3,,bad29be17906a2b3,2968,200,imageCode,no_parent
1650482406,ts-travel-service,d8e4a724c8baf462,d792098410c36a8f,d792098410c36a8f,8445,200,GET,ts-travel-service
1650482406,ts-basic-service,d8460acc728462b6,b548b97f50ca616d,d792098410c36a8f,5994,200,queryForStationId,ts-ticketinfo-service
1650482406,ts-basic-service,e6572de626b38d38,d8460acc728462b6,d792098410c36a8f,3498,200,GET,ts-basic-service
1650482406,ts-auth-service,62f3580f8c46c480,3d5bbca416ba3ab9,3d5bbca416ba3ab9,5089,200,GET,ts-auth-service
1650482406,ts-auth-service,3d5bbca416ba3ab9,,3d5bbca416ba3ab9,118557,200,getToken,no_parent
1650482406,ts-route-service,84a902367b0df4b6,3cea89ff64fdd36b,d792098410c36a8f,1979,200,queryById,ts-travel-service
1650482406,ts-station-service,c5785db3b6915f1f,e6572de626b38d38,d792098410c36a8f,2316,200,queryForStationId,ts-basic-service
1650482406,ts-basic-service,374961481831c8fd,7b15694444e6fb10,d792098410c36a8f,4812,200,queryForStationId,ts-ticketinfo-service
1650482406,ts-order-service,70a60febe2d81255,bb5dd45fa8f267fd,87700e9b36886069,3512,200,securityInfoCheck,ts-security-service
1650482406,ts-preserve-service,e412a6b321068928,87700e9b36886069,87700e9b36886069,3500,200,GET,ts-preserve-service
1650482406,ts-order-other-service,10b30bfd87b91558,9ec1f9b64e5183a8,87700e9b36886069,3823,200,securityInfoCheck,ts-security-service
1650482406,ts-security-service,a878b9ad9e79d9f,a216e8bc598d2249,87700e9b36886069,14835,200,check,ts-preserve-service
1650482406,ts-security-service,bb5dd45fa8f267fd,a878b9ad9e79d9f,87700e9b36886069,4913,200,GET,ts-security-service
1650482406,ts-security-service,9ec1f9b64e5183a8,a878b9ad9e79d9f,87700e9b36886069,5163,200,GET,ts-security-service
1650482406,ts-order-service,b3fec55ebe3b3ea2,46e8c2391539755a,46e8c2391539755a,10008,200,POST,ts-order-service
1650482406,ts-order-service,46e8c2391539755a,,46e8c2391539755a,13534,200,queryOrdersForRefresh,no_parent
1650482406,ts-preserve-service,87700e9b36886069,,87700e9b36886069,23653,200,preserve,no_parent
1650482406,ts-preserve-service,a216e8bc598d2249,87700e9b36886069,87700e9b36886069,16910,200,GET,ts-preserve-service
1650482406,ts-contacts-service,701aec8f2843fab,e412a6b321068928,87700e9b36886069,2427,200,getContactsByContactsId,ts-preserve-service
1650482406,ts-travel-service,6d116281e4a4e418,d792098410c36a8f,d792098410c36a8f,4046,200,GET,ts-travel-service
1650482406,ts-travel-service,768cd70465808631,d792098410c36a8f,d792098410c36a8f,2332,200,GET,ts-travel-service
1650482406,ts-travel-service,3be27fb00029898b,d792098410c36a8f,d792098410c36a8f,3135,200,GET,ts-travel-service
1650482406,ts-travel-service,3cea89ff64fdd36b,d792098410c36a8f,d792098410c36a8f,2116,200,GET,ts-travel-service
1650482406,ts-travel-service,d792098410c36a8f,,d792098410c36a8f,44819,200,queryInfo,no_parent
1650482406,ts-route-service,a1f64b251e266515,210d07e6c97f7a8a,d792098410c36a8f,2201,200,queryById,ts-travel-service
1650482406,ts-ticketinfo-service,4f896f1eac952ca8,d8e4a724c8baf462,d792098410c36a8f,8068,200,queryForStationId,ts-travel-service
1650482406,ts-basic-service,e318ee43be83c903,374961481831c8fd,d792098410c36a8f,2795,200,GET,ts-basic-service
1650482406,ts-travel-service,210d07e6c97f7a8a,d792098410c36a8f,d792098410c36a8f,2390,200,GET,ts-travel-service
1650482406,ts-route-service,d8819bee8894b8da,6d116281e4a4e418,d792098410c36a8f,2717,200,queryById,ts-travel-service
1650482406,ts-route-service,f9baeecb2b277d41,3be27fb00029898b,d792098410c36a8f,2647,200,queryById,ts-travel-service
1650482406,ts-ticketinfo-service,b548b97f50ca616d,3c271e4455513361,d792098410c36a8f,7171,200,GET,ts-ticketinfo-service
1650482406,ts-travel-service,d57388797145e73,d792098410c36a8f,d792098410c36a8f,11594,200,GET,ts-travel-service
1650482406,ts-station-service,df941884476410d2,e318ee43be83c903,d792098410c36a8f,2100,200,queryForStationId,ts-basic-service
1650482406,ts-route-service,e2ddb943b4f9cc5e,768cd70465808631,d792098410c36a8f,2187,200,queryById,ts-travel-service
1650482406,ts-ticketinfo-service,3c271e4455513361,d57388797145e73,d792098410c36a8f,9898,200,queryForStationId,ts-travel-service
1650482406,ts-ticketinfo-service,7b15694444e6fb10,4f896f1eac952ca8,d792098410c36a8f,5577,200,GET,ts-ticketinfo-service
1650482406,ts-station-service,231a9245850812bc,b3fec55ebe3b3ea2,46e8c2391539755a,8194,200,queryForNameBatch,ts-order-service
1650482406,ts-verification-code-service,1ef0a69b0d0328b4,62f3580f8c46c480,3d5bbca416ba3ab9,2083,200,verifyCode,ts-auth-service
1650482406,ts-contacts-service,389181c5262a1164,,389181c5262a1164,3395,200,findContactsByAccountId,no_parent
1650482406,ts-verification-code-service,d74ee488a6d87871,,d74ee488a6d87871,2635,200,imageCode,no_parent
1650482406,ts-assurance-service,7bb0394337e7127,,7bb0394337e7127,1874,200,getAllAssuranceType,no_parent
1650482467,ts-order-service,6ad355bef9fc2327,c4685b162a73d06,2aac4412b36a08e0,3472,200,securityInfoCheck,ts-security-service
1650482467,ts-preserve-service,cfd1af903956ccc,2aac4412b36a08e0,2aac4412b36a08e0,16110,200,GET,ts-preserve-service
1650482467,ts-preserve-service,702d6a1fe5c25450,2aac4412b36a08e0,2aac4412b36a08e0,3702,200,GET,ts-preserve-service
1650482467,ts-order-other-service,6a9d83d061486ca8,b16c6347b238f574,2aac4412b36a08e0,3745,200,securityInfoCheck,ts-security-service
1650482467,ts-travel-service,6f85cda25e171819,791712157bb7e03f,791712157bb7e03f,2338,200,GET,ts-travel-service
1650482467,ts-security-service,61900c69400e60b0,cfd1af903956ccc,2aac4412b36a08e0,14484,200,check,ts-preserve-service
1650482467,ts-contacts-service,4ce430e0b97628d3,702d6a1fe5c25450,2aac4412b36a08e0,2432,200,getContactsByContactsId,ts-preserve-service
1650482467,ts-travel-service,83d15c275c6a4823,791712157bb7e03f,791712157bb7e03f,20119,200,GET,ts-travel-service
1650482467,ts-travel-service,791712157bb7e03f,,791712157bb7e03f,58862,200,queryInfo,no_parent
1650482467,ts-route-service,88600341d6c232a5,44b4c89a0847bb9d,791712157bb7e03f,2561,200,queryById,ts-travel-service
1650482467,ts-route-service,ad2708757c16930e,6f85cda25e171819,791712157bb7e03f,2180,200,queryById,ts-travel-service
1650482467,ts-ticketinfo-service,7eb3d038f90fc7e2,be3ce660e8ef9d24,791712157bb7e03f,12945,200,queryForStationId,ts-travel-service
1650482467,ts-security-service,b16c6347b238f574,61900c69400e60b0,2aac4412b36a08e0,4957,200,GET,ts-security-service
1650482467,ts-order-service,3f01cb7121e97c8e,,3f01cb7121e97c8e,13029,200,queryOrdersForRefresh,no_parent
1650482467,ts-station-service,3134e75f50bdbed,a5d01e859d35d0a5,3f01cb7121e97c8e,7968,200,queryForNameBatch,ts-order-service
1650482467,ts-security-service,c4685b162a73d06,61900c69400e60b0,2aac4412b36a08e0,4923,200,GET,ts-security-service
1650482467,ts-ticketinfo-service,6e3190b0952265fb,83d15c275c6a4823,791712157bb7e03f,19316,200,queryForStationId,ts-travel-service
1650482467,ts-basic-service,c0b2d4bdf453b883,2dc22cac1a93dcb2,791712157bb7e03f,3522,200,GET,ts-basic-service
1650482467,ts-preserve-service,2aac4412b36a08e0,,2aac4412b36a08e0,22960,200,preserve,no_parent
1650482467,ts-assurance-service,de8c4ce5093b3f48,,de8c4ce5093b3f48,1832,200,getAllAssuranceType,no_parent
1650482467,ts-basic-service,ff6caef0a955541d,65648690a64db2db,791712157bb7e03f,2663,200,GET,ts-basic-service
1650482467,ts-travel-service,579cdf97b72854d1,791712157bb7e03f,791712157bb7e03f,2712,200,GET,ts-travel-service
1650482467,ts-travel-service,97e14d9625226d89,791712157bb7e03f,791712157bb7e03f,2334,200,GET,ts-travel-service
1650482467,ts-travel-service,be3ce660e8ef9d24,791712157bb7e03f,791712157bb7e03f,15290,200,GET,ts-travel-service
1650482467,ts-route-service,8496fd5339fd171a,d67897711411ac62,791712157bb7e03f,2067,200,queryById,ts-travel-service
1650482467,ts-travel-service,44b4c89a0847bb9d,791712157bb7e03f,791712157bb7e03f,3985,200,GET,ts-travel-service
1650482467,ts-route-service,136f4ea25ac9aab3,97e14d9625226d89,791712157bb7e03f,2146,200,queryById,ts-travel-service
1650482467,ts-station-service,68edd6122ca3f999,ff6caef0a955541d,791712157bb7e03f,1879,200,queryForStationId,ts-basic-service
1650482467,ts-travel-service,d67897711411ac62,791712157bb7e03f,791712157bb7e03f,2440,200,GET,ts-travel-service
1650482467,ts-basic-service,65648690a64db2db,e17e384e98fb8985,791712157bb7e03f,4852,200,queryForStationId,ts-ticketinfo-service
1650482467,ts-route-service,b5c078cb3e812e0d,579cdf97b72854d1,791712157bb7e03f,2562,200,queryById,ts-travel-service
1650482467,ts-ticketinfo-service,e17e384e98fb8985,6e3190b0952265fb,791712157bb7e03f,5555,200,GET,ts-ticketinfo-service
1650482467,ts-ticketinfo-service,2a11295bf34d80aa,7eb3d038f90fc7e2,791712157bb7e03f,8088,200,GET,ts-ticketinfo-service
1650482467,ts-auth-service,a1d7c5827be11c33,6c3f4bd277d6743e,6c3f4bd277d6743e,5658,200,GET,ts-auth-service
1650482467,ts-verification-code-service,90c52647fcadd5a9,a1d7c5827be11c33,6c3f4bd277d6743e,1986,200,verifyCode,ts-auth-service
1650482467,ts-station-service,131d4d49e2a28138,c0b2d4bdf453b883,791712157bb7e03f,2366,200,queryForStationId,ts-basic-service
1650482467,ts-order-service,a5d01e859d35d0a5,3f01cb7121e97c8e,3f01cb7121e97c8e,9622,200,POST,ts-order-service
1650482467,ts-auth-service,6c3f4bd277d6743e,,6c3f4bd277d6743e,118457,200,getToken,no_parent
1650482467,ts-basic-service,2dc22cac1a93dcb2,2a11295bf34d80aa,791712157bb7e03f,6012,200,queryForStationId,ts-ticketinfo-service
1650482467,ts-contacts-service,1d7e5fd2670e0d9c,,1d7e5fd2670e0d9c,3086,200,findContactsByAccountId,no_parent
1650482467,ts-verification-code-service,7055af716ca1d0d1,,7055af716ca1d0d1,2962,200,imageCode,no_parent
1650482529,ts-verification-code-service,e037a4ecd55d3756,,e037a4ecd55d3756,3136,200,imageCode,no_parent
1650482529,ts-travel-service,de41768586f65c8d,,de41768586f65c8d,51431,200,queryInfo,no_parent
1650482529,ts-travel-service,1cddf54dd85d9597,de41768586f65c8d,de41768586f65c8d,8217,200,GET,ts-travel-service
1650482529,ts-travel-service,cad99a8f24bbe83b,de41768586f65c8d,de41768586f65c8d,10101,200,GET,ts-travel-service
1650482529,ts-travel-service,75fbea4afbf240cd,de41768586f65c8d,de41768586f65c8d,11109,200,GET,ts-travel-service
1650482529,ts-travel-service,bef3d9e5de158d22,de41768586f65c8d,de41768586f65c8d,2660,200,GET,ts-travel-service
1650482529,ts-travel-service,ab100084ced5c751,de41768586f65c8d,de41768586f65c8d,2353,200,GET,ts-travel-service
1650482529,ts-travel-service,f86883c814ec42a1,de41768586f65c8d,de41768586f65c8d,2582,200,GET,ts-travel-service
1650482529,ts-station-service,61de0b253ff06783,883f34b5068d11aa,de41768586f65c8d,2250,200,queryForStationId,ts-basic-service
1650482529,ts-security-service,e2a5f8cde9295d80,293f664aac0b1a67,eeecb603d66dfe4a,5050,200,GET,ts-security-service
1650482529,ts-security-service,293f664aac0b1a67,3dfdf67e3483aed2,eeecb603d66dfe4a,14367,200,check,ts-preserve-service
1650482529,ts-auth-service,d63194e304085068,b51ddaee2fcbc0d0,b51ddaee2fcbc0d0,3839,200,GET,ts-auth-service
1650482529,ts-station-service,236c69bf546238f3,a42707a0c6f53009,de41768586f65c8d,2045,200,queryForStationId,ts-basic-service
1650482529,ts-preserve-service,75de0c9dbfa29129,eeecb603d66dfe4a,eeecb603d66dfe4a,3391,200,GET,ts-preserve-service
1650482529,ts-preserve-service,eeecb603d66dfe4a,,eeecb603d66dfe4a,22495,200,preserve,no_parent
1650482529,ts-order-other-service,f799edb28d7fa646,e2a5f8cde9295d80,eeecb603d66dfe4a,3760,200,securityInfoCheck,ts-security-service
1650482529,ts-security-service,a745741f18c70e0,293f664aac0b1a67,eeecb603d66dfe4a,5008,200,GET,ts-security-service
1650482529,ts-contacts-service,18c4d664f0db8ee9,,18c4d664f0db8ee9,3024,200,findContactsByAccountId,no_parent
1650482529,ts-verification-code-service,c45e5b01985131a2,d63194e304085068,b51ddaee2fcbc0d0,2051,200,verifyCode,ts-auth-service
1650482529,ts-preserve-service,3dfdf67e3483aed2,eeecb603d66dfe4a,eeecb603d66dfe4a,16052,200,GET,ts-preserve-service
1650482529,ts-ticketinfo-service,d3cf674bb9d9e8b0,75fbea4afbf240cd,de41768586f65c8d,9566,200,queryForStationId,ts-travel-service
1650482529,ts-ticketinfo-service,aa1f13fd720198e3,1cddf54dd85d9597,de41768586f65c8d,7793,200,queryForStationId,ts-travel-service
1650482529,ts-ticketinfo-service,4a966c0896a45c1a,aa1f13fd720198e3,de41768586f65c8d,5474,200,GET,ts-ticketinfo-service
1650482529,ts-basic-service,883f34b5068d11aa,49c55acd59637331,de41768586f65c8d,3251,200,GET,ts-basic-service
1650482529,ts-basic-service,a42707a0c6f53009,6a7261c3ec356d86,de41768586f65c8d,2674,200,GET,ts-basic-service
1650482529,ts-ticketinfo-service,4401f0226a85ae51,d3cf674bb9d9e8b0,de41768586f65c8d,6806,200,GET,ts-ticketinfo-service
1650482529,ts-order-service,35ce89e64e09ab52,a745741f18c70e0,eeecb603d66dfe4a,3551,200,securityInfoCheck,ts-security-service
1650482529,ts-contacts-service,e2fe04ca826438de,75de0c9dbfa29129,eeecb603d66dfe4a,2187,200,getContactsByContactsId,ts-preserve-service
1650482529,ts-basic-service,6a7261c3ec356d86,4a966c0896a45c1a,de41768586f65c8d,4734,200,queryForStationId,ts-ticketinfo-service
1650482529,ts-basic-service,49c55acd59637331,4401f0226a85ae51,de41768586f65c8d,5696,200,queryForStationId,ts-ticketinfo-service
1650482529,ts-route-service,b80026b3eefca6ca,f86883c814ec42a1,de41768586f65c8d,2158,200,queryById,ts-travel-service
1650482529,ts-route-service,204f863dda2cb5f2,ab100084ced5c751,de41768586f65c8d,2176,200,queryById,ts-travel-service
1650482529,ts-route-service,e8a8c607d7a07c41,82fed0b3d2f65e85,de41768586f65c8d,2649,200,queryById,ts-travel-service
1650482529,ts-route-service,39f219f7ebe33039,bef3d9e5de158d22,de41768586f65c8d,2553,200,queryById,ts-travel-service
1650482529,ts-order-service,d89dd1687cc11a29,643a748053e4beea,643a748053e4beea,9284,200,POST,ts-order-service
1650482529,ts-order-service,643a748053e4beea,,643a748053e4beea,12259,200,queryOrdersForRefresh,no_parent
1650482529,ts-station-service,5291785c8a42aff7,d89dd1687cc11a29,643a748053e4beea,7790,200,queryForNameBatch,ts-order-service
1650482529,ts-travel-service,82fed0b3d2f65e85,de41768586f65c8d,de41768586f65c8d,3962,200,GET,ts-travel-service
1650482529,ts-route-service,299646ca551144cf,cad99a8f24bbe83b,de41768586f65c8d,9946,200,queryById,ts-travel-service
1650482529,ts-assurance-service,2862e932b8f3e73f,,2862e932b8f3e73f,1948,200,getAllAssuranceType,no_parent
1650482529,ts-auth-service,b51ddaee2fcbc0d0,,b51ddaee2fcbc0d0,116061,200,getToken,no_parent
1650482590,ts-auth-service,9b729638dc0e1f75,78fcf82db162b590,78fcf82db162b590,5965,200,GET,ts-auth-service
1650482590,ts-basic-service,f0c34fca55402b7,13aef194f0a25c2c,9f6905f5338f516d,5858,200,queryForStationId,ts-ticketinfo-service
1650482590,ts-basic-service,1e649e31adb3fc56,b34dec70d5ca565b,9f6905f5338f516d,2726,200,GET,ts-basic-service
1650482590,ts-verification-code-service,ea22abc95d684bd1,,ea22abc95d684bd1,2969,200,imageCode,no_parent
1650482590,ts-verification-code-service,c6e0e3723b07d228,9b729638dc0e1f75,78fcf82db162b590,1954,200,verifyCode,ts-auth-service
1650482590,ts-auth-service,78fcf82db162b590,,78fcf82db162b590,117991,200,getToken,no_parent
1650482590,ts-travel-service,9f6905f5338f516d,,9f6905f5338f516d,44216,200,queryInfo,no_parent
1650482590,ts-route-service,8ef8c12da3227d0f,46969018615d66f,9f6905f5338f516d,2705,200,queryById,ts-travel-service
1650482590,ts-route-service,2f98cb8c6bc916,ed187c005bb97c52,9f6905f5338f516d,2167,200,queryById,ts-travel-service
1650482590,ts-order-service,66dfe548a06eecae,76967d6ffc136b7,76967d6ffc136b7,9202,200,POST,ts-order-service
1650482590,ts-travel-service,ed187c005bb97c52,9f6905f5338f516d,9f6905f5338f516d,2334,200,GET,ts-travel-service
1650482590,ts-travel-service,29c36ac61e87dca7,9f6905f5338f516d,9f6905f5338f516d,8289,200,GET,ts-travel-service
1650482590,ts-travel-service,76ba1aadcec3845,9f6905f5338f516d,9f6905f5338f516d,2379,200,GET,ts-travel-service
1650482590,ts-travel-service,64ada8f9c4682ede,9f6905f5338f516d,9f6905f5338f516d,2401,200,GET,ts-travel-service
1650482590,ts-order-service,76967d6ffc136b7,,76967d6ffc136b7,12612,200,queryOrdersForRefresh,no_parent
1650482590,ts-station-service,ea8196f10faba18f,66dfe548a06eecae,76967d6ffc136b7,7743,200,queryForNameBatch,ts-order-service
1650482590,ts-travel-service,46969018615d66f,9f6905f5338f516d,9f6905f5338f516d,4009,200,GET,ts-travel-service
1650482590,ts-ticketinfo-service,13aef194f0a25c2c,5c18343c1935299a,9f6905f5338f516d,6911,200,GET,ts-ticketinfo-service
1650482590,ts-basic-service,b34dec70d5ca565b,462d4bb75dc6f5cf,9f6905f5338f516d,4824,200,queryForStationId,ts-ticketinfo-service
1650482590,ts-route-service,c817994861e3d426,64ada8f9c4682ede,9f6905f5338f516d,2236,200,queryById,ts-travel-service
1650482590,ts-ticketinfo-service,d223ba977b933c4d,29c36ac61e87dca7,9f6905f5338f516d,7847,200,queryForStationId,ts-travel-service
1650482590,ts-contacts-service,b0319d4787f9627b,c8c219ba00a91c83,28f41404ab3f0951,2477,200,getContactsByContactsId,ts-preserve-service
1650482590,ts-ticketinfo-service,5c18343c1935299a,dca30515f2f840f3,9f6905f5338f516d,9642,200,queryForStationId,ts-travel-service
1650482590,ts-travel-service,dca30515f2f840f3,9f6905f5338f516d,9f6905f5338f516d,11330,200,GET,ts-travel-service
1650482590,ts-ticketinfo-service,462d4bb75dc6f5cf,d223ba977b933c4d,9f6905f5338f516d,5565,200,GET,ts-ticketinfo-service
1650482590,ts-basic-service,8d5ff9bb91c9d733,f0c34fca55402b7,9f6905f5338f516d,3388,200,GET,ts-basic-service
1650482590,ts-security-service,417d424cff54bbc8,b94b748269b485a7,28f41404ab3f0951,5005,200,GET,ts-security-service
1650482590,ts-order-service,9b93aaf11308407a,6ec26694ee382cfc,28f41404ab3f0951,3544,200,securityInfoCheck,ts-security-service
1650482590,ts-preserve-service,c8c219ba00a91c83,28f41404ab3f0951,28f41404ab3f0951,3643,200,GET,ts-preserve-service
1650482590,ts-preserve-service,28f41404ab3f0951,,28f41404ab3f0951,23145,200,preserve,no_parent
1650482590,ts-station-service,128baf4eca11fb67,1e649e31adb3fc56,9f6905f5338f516d,2058,200,queryForStationId,ts-basic-service
1650482590,ts-security-service,6ec26694ee382cfc,b94b748269b485a7,28f41404ab3f0951,5071,200,GET,ts-security-service
1650482590,ts-security-service,b94b748269b485a7,f872a28eb10a88ac,28f41404ab3f0951,14733,200,check,ts-preserve-service
1650482590,ts-travel-service,d7d0f2c6e7203a4d,9f6905f5338f516d,9f6905f5338f516d,3032,200,GET,ts-travel-service
1650482590,ts-route-service,1a353bd82216c601,76ba1aadcec3845,9f6905f5338f516d,2192,200,queryById,ts-travel-service
1650482590,ts-preserve-service,f872a28eb10a88ac,28f41404ab3f0951,28f41404ab3f0951,16389,200,GET,ts-preserve-service
1650482590,ts-order-other-service,35faf8977f9cd52c,417d424cff54bbc8,28f41404ab3f0951,3672,200,securityInfoCheck,ts-security-service
1650482590,ts-assurance-service,308ae2338de7f983,,308ae2338de7f983,1854,200,getAllAssuranceType,no_parent
1650482590,ts-route-service,7da6c729bf6f69d7,d7d0f2c6e7203a4d,9f6905f5338f516d,2572,200,queryById,ts-travel-service
1650482590,ts-station-service,db07f8121bad6a9c,8d5ff9bb91c9d733,9f6905f5338f516d,2315,200,queryForStationId,ts-basic-service
1650482590,ts-contacts-service,3f8a10f4935ad075,,3f8a10f4935ad075,3224,200,findContactsByAccountId,no_parent
1650482651,ts-route-service,307edcdc4c2ee562,36da5423eb32c68b,6528fe7496861827,1922,200,queryById,ts-travel-service
1650482651,ts-ticketinfo-service,cc398cca7a7fdebc,502ec46f4595cce2,6528fe7496861827,7196,200,GET,ts-ticketinfo-service
1650482651,ts-ticketinfo-service,b1bc565f4355bfe0,a2cf935de80cdc8c,6528fe7496861827,8100,200,queryForStationId,ts-travel-service
1650482651,ts-verification-code-service,595503421e3aacfe,,595503421e3aacfe,2987,200,imageCode,no_parent
1650482651,ts-ticketinfo-service,4bd97241b868e91b,b1bc565f4355bfe0,6528fe7496861827,5873,200,GET,ts-ticketinfo-service
1650482651,ts-basic-service,6883f30967d52590,60e75fa65eec1bba,6528fe7496861827,2787,200,GET,ts-basic-service
1650482651,ts-basic-service,5a164ac1eaeb8e6a,d8bd250bd8f8876d,6528fe7496861827,3431,200,GET,ts-basic-service
1650482651,ts-basic-service,d8bd250bd8f8876d,cc398cca7a7fdebc,6528fe7496861827,5901,200,queryForStationId,ts-ticketinfo-service
1650482651,ts-route-service,7078c6be704a5acc,e87cc05c9b1d6852,6528fe7496861827,2084,200,queryById,ts-travel-service
1650482651,ts-basic-service,60e75fa65eec1bba,4bd97241b868e91b,6528fe7496861827,5133,200,queryForStationId,ts-ticketinfo-service
1650482651,ts-security-service,18e9abcc9bda2c8c,f9390526869ccb92,255c46f7b50ab162,4987,200,GET,ts-security-service
1650482651,ts-security-service,f9390526869ccb92,ead8a1ca696ca9a1,255c46f7b50ab162,14531,200,check,ts-preserve-service
1650482651,ts-security-service,8dcfbd9b5b9ecffc,f9390526869ccb92,255c46f7b50ab162,4926,200,GET,ts-security-service
1650482651,ts-contacts-service,66660112265bafb4,8a8eadaa638dc6dc,255c46f7b50ab162,2331,200,getContactsByContactsId,ts-preserve-service
1650482651,ts-order-service,2c11c5d4e7792ffd,18e9abcc9bda2c8c,255c46f7b50ab162,3529,200,securityInfoCheck,ts-security-service
1650482651,ts-preserve-service,ead8a1ca696ca9a1,255c46f7b50ab162,255c46f7b50ab162,16210,200,GET,ts-preserve-service
1650482651,ts-order-other-service,4649d1f8efd6ac8e,8dcfbd9b5b9ecffc,255c46f7b50ab162,3653,200,securityInfoCheck,ts-security-service
1650482651,ts-verification-code-service,cacc6667a34377a1,deea3cdd4f2afae1,f378884e7e163cd0,2109,200,verifyCode,ts-auth-service
1650482651,ts-preserve-service,8a8eadaa638dc6dc,255c46f7b50ab162,255c46f7b50ab162,3411,200,GET,ts-preserve-service
1650482651,ts-auth-service,f378884e7e163cd0,,f378884e7e163cd0,112425,200,getToken,no_parent
1650482651,ts-auth-service,deea3cdd4f2afae1,f378884e7e163cd0,f378884e7e163cd0,3957,200,GET,ts-auth-service
1650482651,ts-travel-service,e87cc05c9b1d6852,6528fe7496861827,6528fe7496861827,2321,200,GET,ts-travel-service
1650482651,ts-travel-service,f952e5ee80b95aad,6528fe7496861827,6528fe7496861827,1894,200,GET,ts-travel-service
1650482651,ts-travel-service,36da5423eb32c68b,6528fe7496861827,6528fe7496861827,2109,200,GET,ts-travel-service
1650482651,ts-ticketinfo-service,502ec46f4595cce2,f3533d3edbcded1a,6528fe7496861827,9863,200,queryForStationId,ts-travel-service
1650482651,ts-route-service,7a8b18973bf58e7,a2bcba71bc77fc80,6528fe7496861827,2486,200,queryById,ts-travel-service
1650482651,ts-route-service,c99f232fcb32abe5,f952e5ee80b95aad,6528fe7496861827,1719,200,queryById,ts-travel-service
1650482651,ts-route-service,854d1c0a0131e681,64bf18a40289436b,6528fe7496861827,2778,200,queryById,ts-travel-service
1650482651,ts-travel-service,a2bcba71bc77fc80,6528fe7496861827,6528fe7496861827,2990,200,GET,ts-travel-service
1650482651,ts-station-service,b3bab2cde700f8bd,6883f30967d52590,6528fe7496861827,2073,200,queryForStationId,ts-basic-service
1650482651,ts-travel-service,6528fe7496861827,,6528fe7496861827,43795,200,queryInfo,no_parent
1650482651,ts-contacts-service,a969e3856ac3bbf7,,a969e3856ac3bbf7,3340,200,findContactsByAccountId,no_parent
1650482651,ts-station-service,46393783de2c2059,5a164ac1eaeb8e6a,6528fe7496861827,2250,200,queryForStationId,ts-basic-service
1650482651,ts-travel-service,a2cf935de80cdc8c,6528fe7496861827,6528fe7496861827,8542,200,GET,ts-travel-service
1650482651,ts-travel-service,f3533d3edbcded1a,6528fe7496861827,6528fe7496861827,11476,200,GET,ts-travel-service
1650482651,ts-order-service,250b6ab61d5768ce,a4ffa86c37e33e7d,a4ffa86c37e33e7d,9143,200,POST,ts-order-service
1650482651,ts-assurance-service,3e38b24955af621,,3e38b24955af621,1627,200,getAllAssuranceType,no_parent
1650482651,ts-station-service,b3db847e423e52e3,250b6ab61d5768ce,a4ffa86c37e33e7d,7694,200,queryForNameBatch,ts-order-service
1650482651,ts-order-service,a4ffa86c37e33e7d,,a4ffa86c37e33e7d,12180,200,queryOrdersForRefresh,no_parent
1650482651,ts-preserve-service,255c46f7b50ab162,,255c46f7b50ab162,22811,200,preserve,no_parent
1650482651,ts-travel-service,64bf18a40289436b,6528fe7496861827,6528fe7496861827,4133,200,GET,ts-travel-service
1650482712,ts-contacts-service,2d75f242db57576e,,2d75f242db57576e,3290,200,findContactsByAccountId,no_parent
1650482712,ts-order-other-service,20e828ae05229b42,e0f396e4f027de88,9570404fc8d4ac4b,14810,200,securityInfoCheck,ts-security-service
1650482712,ts-preserve-service,9570404fc8d4ac4b,,9570404fc8d4ac4b,32700,200,preserve,no_parent
1650482712,ts-preserve-service,1cba5b4dee4d59d6,9570404fc8d4ac4b,9570404fc8d4ac4b,3047,200,GET,ts-preserve-service
1650482712,ts-preserve-service,f21904a2c63aac77,9570404fc8d4ac4b,9570404fc8d4ac4b,26623,200,GET,ts-preserve-service
1650482712,ts-order-service,23610def9191b501,3bfd032eaaa196f,9570404fc8d4ac4b,3056,200,securityInfoCheck,ts-security-service
1650482712,ts-contacts-service,fb9a150961fdb735,1cba5b4dee4d59d6,9570404fc8d4ac4b,2109,200,getContactsByContactsId,ts-preserve-service
1650482712,ts-security-service,3bfd032eaaa196f,8a78f60501e92e9d,9570404fc8d4ac4b,4521,200,GET,ts-security-service
1650482712,ts-security-service,e0f396e4f027de88,8a78f60501e92e9d,9570404fc8d4ac4b,16102,200,GET,ts-security-service
1650482712,ts-security-service,8a78f60501e92e9d,f21904a2c63aac77,9570404fc8d4ac4b,24982,200,check,ts-preserve-service
1650482712,ts-station-service,a4cef9e280a1a2ad,bdef5f9a451a18e1,11e8cbfbdf13396e,8255,200,queryForNameBatch,ts-order-service
1650482712,ts-order-service,bdef5f9a451a18e1,11e8cbfbdf13396e,11e8cbfbdf13396e,9571,200,POST,ts-order-service
1650482712,ts-order-service,11e8cbfbdf13396e,,11e8cbfbdf13396e,13151,200,queryOrdersForRefresh,no_parent
1650482713,ts-basic-service,f0cf45b004ead404,a54c4f1003c809c2,129340f7d684fdc2,2615,200,GET,ts-basic-service
1650482713,ts-basic-service,a54c4f1003c809c2,2cf987a17d159369,129340f7d684fdc2,4508,200,queryForStationId,ts-ticketinfo-service
1650482713,ts-station-service,3090ae444c66c5f4,f0cf45b004ead404,129340f7d684fdc2,1968,200,queryForStationId,ts-basic-service
1650482713,ts-station-service,16df946a2f245614,582c59ce86147bd2,129340f7d684fdc2,2400,200,queryForStationId,ts-basic-service
1650482713,ts-travel-service,13c72cd08b115abe,129340f7d684fdc2,129340f7d684fdc2,2941,200,GET,ts-travel-service
1650482713,ts-travel-service,4ca42c22b78664cd,129340f7d684fdc2,129340f7d684fdc2,2277,200,GET,ts-travel-service
1650482713,ts-travel-service,24c74c1707ee08a5,129340f7d684fdc2,129340f7d684fdc2,2355,200,GET,ts-travel-service
1650482713,ts-travel-service,129340f7d684fdc2,,129340f7d684fdc2,50601,200,queryInfo,no_parent
1650482713,ts-travel-service,81ec70118498d112,129340f7d684fdc2,129340f7d684fdc2,11454,200,GET,ts-travel-service
1650482713,ts-route-service,719c8c5ece5eb1dd,24c74c1707ee08a5,129340f7d684fdc2,2214,200,queryById,ts-travel-service
1650482713,ts-route-service,77956ac26133a010,6965b5678df6e357,129340f7d684fdc2,2621,200,queryById,ts-travel-service
1650482713,ts-ticketinfo-service,7227ace8e2146547,81ec70118498d112,129340f7d684fdc2,9988,200,queryForStationId,ts-travel-service
1650482713,ts-route-service,b0ea86c80fe54cf4,b7546726effb66e8,129340f7d684fdc2,2217,200,queryById,ts-travel-service
1650482713,ts-basic-service,d768e06e7622,2c1fe08e3389becb,129340f7d684fdc2,6104,200,queryForStationId,ts-ticketinfo-service
1650482713,ts-travel-service,6965b5678df6e357,129340f7d684fdc2,129340f7d684fdc2,3970,200,GET,ts-travel-service
1650482713,ts-travel-service,b7546726effb66e8,129340f7d684fdc2,129340f7d684fdc2,2359,200,GET,ts-travel-service
1650482713,ts-travel-service,895d1b711f1115b1,129340f7d684fdc2,129340f7d684fdc2,15799,200,GET,ts-travel-service
1650482713,ts-verification-code-service,da6a88aa142ad35e,,da6a88aa142ad35e,2869,200,imageCode,no_parent
1650482713,ts-verification-code-service,b5696d2bd52702dc,8f5e199925002b27,56c01cec9e3f155,2203,200,verifyCode,ts-auth-service
1650482713,ts-auth-service,8f5e199925002b27,56c01cec9e3f155,56c01cec9e3f155,3859,200,GET,ts-auth-service
1650482713,ts-auth-service,56c01cec9e3f155,,56c01cec9e3f155,108034,200,getToken,no_parent
1650482713,ts-route-service,c9b5d38cc013789a,4ca42c22b78664cd,129340f7d684fdc2,2199,200,queryById,ts-travel-service
1650482713,ts-route-service,b74f35ca1fbe8c8d,13c72cd08b115abe,129340f7d684fdc2,2494,200,queryById,ts-travel-service
1650482713,ts-ticketinfo-service,2cf987a17d159369,b04f6ab167d7d199,129340f7d684fdc2,13308,200,GET,ts-ticketinfo-service
1650482713,ts-ticketinfo-service,2c1fe08e3389becb,7227ace8e2146547,129340f7d684fdc2,7200,200,GET,ts-ticketinfo-service
1650482713,ts-ticketinfo-service,b04f6ab167d7d199,895d1b711f1115b1,129340f7d684fdc2,15381,200,queryForStationId,ts-travel-service
1650482713,ts-basic-service,582c59ce86147bd2,d768e06e7622,129340f7d684fdc2,3579,200,GET,ts-basic-service
1650482713,ts-assurance-service,31833140f0a7d119,,31833140f0a7d119,1601,200,getAllAssuranceType,no_parent
1650482773,ts-auth-service,29c7e5bc8dfeddc5,a63f2b3889d704b8,a63f2b3889d704b8,4048,200,GET,ts-auth-service
1650482773,ts-travel-service,f9910feb4f9a45a5,4210380908ffdd64,4210380908ffdd64,3999,200,GET,ts-travel-service
1650482773,ts-verification-code-service,b54c37f5051066ea,29c7e5bc8dfeddc5,a63f2b3889d704b8,2283,200,verifyCode,ts-auth-service
1650482773,ts-auth-service,a63f2b3889d704b8,,a63f2b3889d704b8,109884,200,getToken,no_parent
1650482773,ts-security-service,f54031003ef95eb,60ec8410fde25521,fea5fe9f197fabb8,4971,200,GET,ts-security-service
1650482773,ts-travel-service,de4bd56ea291a049,4210380908ffdd64,4210380908ffdd64,2320,200,GET,ts-travel-service
1650482773,ts-travel-service,1e20a156247540e9,4210380908ffdd64,4210380908ffdd64,11243,200,GET,ts-travel-service
1650482773,ts-travel-service,c7d661d6fae0113,4210380908ffdd64,4210380908ffdd64,2755,200,GET,ts-travel-service
1650482773,ts-travel-service,dce285cda7dbc86f,4210380908ffdd64,4210380908ffdd64,2401,200,GET,ts-travel-service
1650482773,ts-travel-service,4210380908ffdd64,,4210380908ffdd64,44521,200,queryInfo,no_parent
1650482773,ts-route-service,ff16b85e1ca2e19,50507f6615426fb7,4210380908ffdd64,2182,200,queryById,ts-travel-service
1650482773,ts-station-service,dfe0841350bb9831,b6b5fe3c30637743,4210380908ffdd64,2267,200,queryForStationId,ts-basic-service
1650482773,ts-station-service,ae3422c8b57370c4,269088d78f1a4df6,4210380908ffdd64,2059,200,queryForStationId,ts-basic-service
1650482773,ts-travel-service,50507f6615426fb7,4210380908ffdd64,4210380908ffdd64,2685,200,GET,ts-travel-service
1650482773,ts-basic-service,269088d78f1a4df6,89a428674be32e0f,4210380908ffdd64,2707,200,GET,ts-basic-service
1650482773,ts-basic-service,6a9d692a0afa7160,9c02035596cdcb35,4210380908ffdd64,5795,200,queryForStationId,ts-ticketinfo-service
1650482773,ts-basic-service,89a428674be32e0f,d2ecdc67e5d53d9e,4210380908ffdd64,4856,200,queryForStationId,ts-ticketinfo-service
1650482773,ts-basic-service,b6b5fe3c30637743,6a9d692a0afa7160,4210380908ffdd64,3393,200,GET,ts-basic-service
1650482773,ts-route-service,cce61b9bf19b07a3,dce285cda7dbc86f,4210380908ffdd64,2226,200,queryById,ts-travel-service
1650482773,ts-route-service,77ab7a7a7b40d660,c7d661d6fae0113,4210380908ffdd64,2556,200,queryById,ts-travel-service
1650482773,ts-ticketinfo-service,d7bfee8da16219b,1e20a156247540e9,4210380908ffdd64,9549,200,queryForStationId,ts-travel-service
1650482773,ts-ticketinfo-service,162a727efeb6e133,ce5096195b905e8a,4210380908ffdd64,7807,200,queryForStationId,ts-travel-service
1650482773,ts-ticketinfo-service,9c02035596cdcb35,d7bfee8da16219b,4210380908ffdd64,6922,200,GET,ts-ticketinfo-service
1650482773,ts-travel-service,ce5096195b905e8a,4210380908ffdd64,4210380908ffdd64,8217,200,GET,ts-travel-service
1650482773,ts-route-service,b44dc0dcbd4b8582,f9910feb4f9a45a5,4210380908ffdd64,2740,200,queryById,ts-travel-service
1650482773,ts-route-service,8e2eb88e1483a8a0,de4bd56ea291a049,4210380908ffdd64,2175,200,queryById,ts-travel-service
1650482773,ts-contacts-service,af3bc90a42e25340,,af3bc90a42e25340,3124,200,findContactsByAccountId,no_parent
1650482773,ts-order-service,2d5aa4faae406c82,131d8c629eef1cd7,fea5fe9f197fabb8,3336,200,securityInfoCheck,ts-security-service
1650482773,ts-preserve-service,aae13058d0e590c9,fea5fe9f197fabb8,fea5fe9f197fabb8,15651,200,GET,ts-preserve-service
1650482773,ts-preserve-service,fea5fe9f197fabb8,,fea5fe9f197fabb8,27970,200,preserve,no_parent
1650482773,ts-security-service,131d8c629eef1cd7,60ec8410fde25521,fea5fe9f197fabb8,4624,200,GET,ts-security-service
1650482773,ts-security-service,60ec8410fde25521,aae13058d0e590c9,fea5fe9f197fabb8,14150,200,check,ts-preserve-service
1650482773,ts-contacts-service,88c35ff653ce472,f7107c9763ab3c5c,fea5fe9f197fabb8,7709,200,getContactsByContactsId,ts-preserve-service
1650482773,ts-preserve-service,f7107c9763ab3c5c,fea5fe9f197fabb8,fea5fe9f197fabb8,9116,200,GET,ts-preserve-service
1650482773,ts-order-other-service,b0b2d3db595695b8,f54031003ef95eb,fea5fe9f197fabb8,3575,200,securityInfoCheck,ts-security-service
1650482773,ts-ticketinfo-service,d2ecdc67e5d53d9e,162a727efeb6e133,4210380908ffdd64,5507,200,GET,ts-ticketinfo-service
1650482773,ts-order-service,9459cd668e57ad5b,74f3f6c06aeec195,74f3f6c06aeec195,9281,200,POST,ts-order-service
1650482773,ts-order-service,74f3f6c06aeec195,,74f3f6c06aeec195,12725,200,queryOrdersForRefresh,no_parent
1650482773,ts-station-service,499c319efbe76ee0,9459cd668e57ad5b,74f3f6c06aeec195,7827,200,queryForNameBatch,ts-order-service
1650482773,ts-assurance-service,a544f54b66943e0,,a544f54b66943e0,1622,200,getAllAssuranceType,no_parent
1650482773,ts-verification-code-service,9ceae056a5806255,,9ceae056a5806255,2920,200,imageCode,no_parent
1650482833,ts-contacts-service,ec948813dedfcda3,,ec948813dedfcda3,3233,200,findContactsByAccountId,no_parent
1650482833,ts-preserve-service,6452eecc0e0bd712,981bf6b42fb300d1,981bf6b42fb300d1,15717,200,GET,ts-preserve-service
1650482833,ts-travel-service,1c2c43d21431b5a7,70a9cb530039cea2,70a9cb530039cea2,2631,200,GET,ts-travel-service
1650482833,ts-travel-service,58e49e9d2fd86c86,70a9cb530039cea2,70a9cb530039cea2,2286,200,GET,ts-travel-service
1650482833,ts-ticketinfo-service,c819dcb1c4c4f77c,61865b9c00e2a6be,70a9cb530039cea2,7925,200,queryForStationId,ts-travel-service
1650482833,ts-ticketinfo-service,bf81c5b62d39a32c,e27d1834e1fc3558,70a9cb530039cea2,9546,200,queryForStationId,ts-travel-service
1650482833,ts-basic-service,665c254296e8a3cd,de971ae6e2fa583a,70a9cb530039cea2,3402,200,GET,ts-basic-service
1650482833,ts-basic-service,de971ae6e2fa583a,4e376f04f900bcb6,70a9cb530039cea2,5789,200,queryForStationId,ts-ticketinfo-service
1650482833,ts-travel-service,db0f31787e6db84e,70a9cb530039cea2,70a9cb530039cea2,2484,200,GET,ts-travel-service
1650482833,ts-travel-service,3d461225ae60b81c,70a9cb530039cea2,70a9cb530039cea2,3670,200,GET,ts-travel-service
1650482833,ts-route-service,93904584c97920dd,58e49e9d2fd86c86,70a9cb530039cea2,2121,200,queryById,ts-travel-service
1650482833,ts-route-service,8e5104c2705dd3bb,1c2c43d21431b5a7,70a9cb530039cea2,2175,200,queryById,ts-travel-service
1650482833,ts-ticketinfo-service,4e376f04f900bcb6,bf81c5b62d39a32c,70a9cb530039cea2,6958,200,GET,ts-ticketinfo-service
1650482833,ts-ticketinfo-service,7f13819089511b04,c819dcb1c4c4f77c,70a9cb530039cea2,5689,200,GET,ts-ticketinfo-service
1650482833,ts-security-service,9919117f9c8956ad,835560aa387a0700,981bf6b42fb300d1,4846,200,GET,ts-security-service
1650482833,ts-security-service,835560aa387a0700,6452eecc0e0bd712,981bf6b42fb300d1,14215,200,check,ts-preserve-service
1650482833,ts-security-service,8beccb0b3c19847,835560aa387a0700,981bf6b42fb300d1,4795,200,GET,ts-security-service
1650482833,ts-contacts-service,72134ebbfc042fc1,cc1fad7fd50aad64,981bf6b42fb300d1,2271,200,getContactsByContactsId,ts-preserve-service
1650482833,ts-preserve-service,cc1fad7fd50aad64,981bf6b42fb300d1,981bf6b42fb300d1,3538,200,GET,ts-preserve-service
1650482833,ts-preserve-service,981bf6b42fb300d1,,981bf6b42fb300d1,22321,200,preserve,no_parent
1650482833,ts-order-other-service,e85616c2de847f9d,9919117f9c8956ad,981bf6b42fb300d1,3560,200,securityInfoCheck,ts-security-service
1650482833,ts-travel-service,70a9cb530039cea2,,70a9cb530039cea2,43389,200,queryInfo,no_parent
1650482833,ts-route-service,887d31287cd73052,3d461225ae60b81c,70a9cb530039cea2,2678,200,queryById,ts-travel-service
1650482833,ts-order-service,718d39a6cacae93a,a1773f3706dc84e6,a1773f3706dc84e6,9209,200,POST,ts-order-service
1650482833,ts-order-service,a1773f3706dc84e6,,a1773f3706dc84e6,12331,200,queryOrdersForRefresh,no_parent
1650482833,ts-route-service,77fe00b2bc2e7d8c,db0f31787e6db84e,70a9cb530039cea2,2329,200,queryById,ts-travel-service
1650482833,ts-route-service,c0868f6db5042d4,fd31736b00d1f908,70a9cb530039cea2,2190,200,queryById,ts-travel-service
1650482833,ts-basic-service,1ca3f09a2f0e5a8,62f48963fb1026f0,70a9cb530039cea2,2835,200,GET,ts-basic-service
1650482833,ts-basic-service,62f48963fb1026f0,7f13819089511b04,70a9cb530039cea2,4970,200,queryForStationId,ts-ticketinfo-service
1650482833,ts-station-service,78460d3ddedd6cd8,665c254296e8a3cd,70a9cb530039cea2,2258,200,queryForStationId,ts-basic-service
1650482833,ts-station-service,f3125c6c825d092d,1ca3f09a2f0e5a8,70a9cb530039cea2,2050,200,queryForStationId,ts-basic-service
1650482833,ts-travel-service,61865b9c00e2a6be,70a9cb530039cea2,70a9cb530039cea2,8342,200,GET,ts-travel-service
1650482833,ts-assurance-service,14f7b8ba834a15f2,,14f7b8ba834a15f2,1588,200,getAllAssuranceType,no_parent
1650482833,ts-travel-service,e27d1834e1fc3558,70a9cb530039cea2,70a9cb530039cea2,11583,200,GET,ts-travel-service
1650482833,ts-travel-service,fd31736b00d1f908,70a9cb530039cea2,70a9cb530039cea2,2334,200,GET,ts-travel-service
1650482833,ts-auth-service,f1482e8705f1a758,,f1482e8705f1a758,127024,200,getToken,no_parent
1650482833,ts-verification-code-service,71d6d05ec3d19a93,78ded63de2877544,f1482e8705f1a758,2055,200,verifyCode,ts-auth-service
1650482833,ts-auth-service,78ded63de2877544,f1482e8705f1a758,f1482e8705f1a758,3552,200,GET,ts-auth-service
1650482833,ts-station-service,bcb0fd2ed686c2bc,718d39a6cacae93a,a1773f3706dc84e6,7741,200,queryForNameBatch,ts-order-service
1650482833,ts-order-service,d4fc17b0aaf92b8f,8beccb0b3c19847,981bf6b42fb300d1,3478,200,securityInfoCheck,ts-security-service
1650482833,ts-verification-code-service,e2dccd01327c8e19,,e2dccd01327c8e19,6379,200,imageCode,no_parent
1650482893,ts-verification-code-service,3e6503df1ffbd33b,36fae906271d9280,2e522acdcb3ba733,2367,200,verifyCode,ts-auth-service
1650482893,ts-auth-service,36fae906271d9280,2e522acdcb3ba733,2e522acdcb3ba733,4160,200,GET,ts-auth-service
1650482893,ts-auth-service,2e522acdcb3ba733,,2e522acdcb3ba733,108583,200,getToken,no_parent
1650482893,ts-security-service,929d2f1e956a2016,534fa0c82cc10,d07a3adaaba65fa0,4718,200,GET,ts-security-service
1650482893,ts-security-service,a5aa546485b5d146,534fa0c82cc10,d07a3adaaba65fa0,4897,200,GET,ts-security-service
1650482893,ts-security-service,534fa0c82cc10,26aeaecae844a5fc,d07a3adaaba65fa0,14169,200,check,ts-preserve-service
1650482893,ts-order-other-service,90c4cadcd7f46313,a5aa546485b5d146,d07a3adaaba65fa0,3562,200,securityInfoCheck,ts-security-service
1650482893,ts-preserve-service,26aeaecae844a5fc,d07a3adaaba65fa0,d07a3adaaba65fa0,15752,200,GET,ts-preserve-service
1650482893,ts-order-service,c4c8e9cf0c3aae0c,929d2f1e956a2016,d07a3adaaba65fa0,3351,200,securityInfoCheck,ts-security-service
1650482893,ts-contacts-service,45b138102d8f652f,40628d57d5bcc653,d07a3adaaba65fa0,2324,200,getContactsByContactsId,ts-preserve-service
1650482893,ts-ticketinfo-service,fcde2c9363795f0f,2c2d6706e939fd23,4b3b126fa07d09ae,11755,200,queryForStationId,ts-travel-service
1650482893,ts-ticketinfo-service,7f06f79bcf0c55a9,fcde2c9363795f0f,4b3b126fa07d09ae,7268,200,GET,ts-ticketinfo-service
1650482893,ts-contacts-service,7801cd081f9d0406,,7801cd081f9d0406,3095,200,findContactsByAccountId,no_parent
1650482893,ts-basic-service,e5decbccd8dfa08c,7f06f79bcf0c55a9,4b3b126fa07d09ae,5889,200,queryForStationId,ts-ticketinfo-service
1650482893,ts-station-service,c04bc5b0bd2fc7d7,361565ad7988a615,4b3b126fa07d09ae,2305,200,queryForStationId,ts-basic-service
1650482893,ts-travel-service,4b3b126fa07d09ae,,4b3b126fa07d09ae,43682,200,queryInfo,no_parent
1650482893,ts-preserve-service,40628d57d5bcc653,d07a3adaaba65fa0,d07a3adaaba65fa0,3833,200,GET,ts-preserve-service
1650482893,ts-preserve-service,d07a3adaaba65fa0,,d07a3adaaba65fa0,22734,200,preserve,no_parent
1650482893,ts-basic-service,361565ad7988a615,e5decbccd8dfa08c,4b3b126fa07d09ae,3450,200,GET,ts-basic-service
1650482893,ts-verification-code-service,4d8316102255f0b,,4d8316102255f0b,3095,200,imageCode,no_parent
1650482893,ts-travel-service,2c2d6706e939fd23,4b3b126fa07d09ae,4b3b126fa07d09ae,13672,200,GET,ts-travel-service
1650482893,ts-order-service,340468396fc8fb6a,67f3996e385b46ed,67f3996e385b46ed,9684,200,POST,ts-order-service
1650482893,ts-station-service,4e141f80d72d5959,340468396fc8fb6a,67f3996e385b46ed,7843,200,queryForNameBatch,ts-order-service
1650482893,ts-order-service,67f3996e385b46ed,,67f3996e385b46ed,12930,200,queryOrdersForRefresh,no_parent
1650482894,ts-route-service,b93515d59bf7df7a,2adcbc43710b3997,4b3b126fa07d09ae,1739,200,queryById,ts-travel-service
1650482894,ts-ticketinfo-service,84322c6687b968d0,70477401519876b2,4b3b126fa07d09ae,6626,200,GET,ts-ticketinfo-service
1650482894,ts-ticketinfo-service,70477401519876b2,f0047dc6755b4d26,4b3b126fa07d09ae,9163,200,queryForStationId,ts-travel-service
1650482894,ts-travel-service,5bd47c6e21f7e9ff,4b3b126fa07d09ae,4b3b126fa07d09ae,1259,200,GET,ts-travel-service
1650482894,ts-travel-service,6d1f4975706b09a4,4b3b126fa07d09ae,4b3b126fa07d09ae,1540,200,GET,ts-travel-service
1650482894,ts-travel-service,42b7c3cce51fe6f6,4b3b126fa07d09ae,4b3b126fa07d09ae,1312,200,GET,ts-travel-service
1650482894,ts-travel-service,f0047dc6755b4d26,4b3b126fa07d09ae,4b3b126fa07d09ae,9665,200,GET,ts-travel-service
1650482894,ts-travel-service,b4fc210ea120113c,4b3b126fa07d09ae,4b3b126fa07d09ae,3536,200,GET,ts-travel-service
1650482894,ts-route-service,683043b78da9da6,b4fc210ea120113c,4b3b126fa07d09ae,2279,200,queryById,ts-travel-service
1650482894,ts-travel-service,2adcbc43710b3997,4b3b126fa07d09ae,4b3b126fa07d09ae,2312,200,GET,ts-travel-service
1650482894,ts-basic-service,226f44668ee60f7c,a45af55c7224534d,4b3b126fa07d09ae,2945,200,GET,ts-basic-service
1650482894,ts-basic-service,a45af55c7224534d,84322c6687b968d0,4b3b126fa07d09ae,5034,200,queryForStationId,ts-ticketinfo-service
1650482894,ts-route-service,ea15a44735a13aab,5bd47c6e21f7e9ff,4b3b126fa07d09ae,1186,200,queryById,ts-travel-service
1650482894,ts-station-service,286ea67277f98357,226f44668ee60f7c,4b3b126fa07d09ae,2292,200,queryForStationId,ts-basic-service
1650482894,ts-route-service,4b6d07465e0adff6,6d1f4975706b09a4,4b3b126fa07d09ae,1265,200,queryById,ts-travel-service
1650482894,ts-route-service,f5cc941e422534b3,42b7c3cce51fe6f6,4b3b126fa07d09ae,1143,200,queryById,ts-travel-service
1650482894,ts-assurance-service,9f63f3936abf3583,,9f63f3936abf3583,1180,200,getAllAssuranceType,no_parent
1650482954,ts-travel-service,877766295bcdc0bb,9890a2196d178f3a,9890a2196d178f3a,8422,200,GET,ts-travel-service
1650482954,ts-travel-service,9404b783798b83a6,9890a2196d178f3a,9890a2196d178f3a,2531,200,GET,ts-travel-service
1650482954,ts-travel-service,8fd6dacd302b6b5c,9890a2196d178f3a,9890a2196d178f3a,11836,200,GET,ts-travel-service
1650482954,ts-travel-service,4f9a84348d9b18,9890a2196d178f3a,9890a2196d178f3a,4060,200,GET,ts-travel-service
1650482954,ts-route-service,fcc7911117b7bfc4,9404b783798b83a6,9890a2196d178f3a,2161,200,queryById,ts-travel-service
1650482954,ts-route-service,1570531966a1b216,ca034689b279ac54,9890a2196d178f3a,2097,200,queryById,ts-travel-service
1650482954,ts-route-service,cfe1efe6389a06b0,84e2da1da325dab4,9890a2196d178f3a,2087,200,queryById,ts-travel-service
1650482954,ts-route-service,12672b58a944ba82,4f9a84348d9b18,9890a2196d178f3a,2638,200,queryById,ts-travel-service
1650482954,ts-security-service,2366f3173740390a,a19787044bf47d19,aad21a353bb2951,4667,200,GET,ts-security-service
1650482954,ts-security-service,373881a6aa7c6efa,a19787044bf47d19,aad21a353bb2951,9227,200,GET,ts-security-service
1650482954,ts-order-other-service,e6a31b26ec12489f,2366f3173740390a,aad21a353bb2951,3576,200,securityInfoCheck,ts-security-service
1650482954,ts-route-service,2aaa17d37d7f5ba9,8c0f6d1f06d1f6ae,9890a2196d178f3a,2132,200,queryById,ts-travel-service
1650482954,ts-preserve-service,ccea65617a36cb03,aad21a353bb2951,aad21a353bb2951,3425,200,GET,ts-preserve-service
1650482954,ts-preserve-service,e0faf7bbddb046da,aad21a353bb2951,aad21a353bb2951,20292,200,GET,ts-preserve-service
1650482954,ts-preserve-service,aad21a353bb2951,,aad21a353bb2951,26928,200,preserve,no_parent
1650482954,ts-travel-service,84e2da1da325dab4,9890a2196d178f3a,9890a2196d178f3a,2246,200,GET,ts-travel-service
1650482954,ts-travel-service,9890a2196d178f3a,,9890a2196d178f3a,44074,200,queryInfo,no_parent
1650482954,ts-travel-service,8c0f6d1f06d1f6ae,9890a2196d178f3a,9890a2196d178f3a,2260,200,GET,ts-travel-service
1650482954,ts-travel-service,ca034689b279ac54,9890a2196d178f3a,9890a2196d178f3a,2224,200,GET,ts-travel-service
1650482954,ts-station-service,c0634536c6e8236d,dc4dc13c1980a6b8,9890a2196d178f3a,2073,200,queryForStationId,ts-basic-service
1650482954,ts-station-service,aecd2f0c6b78bee4,daef4dd5f6615326,9890a2196d178f3a,2334,200,queryForStationId,ts-basic-service
1650482954,ts-basic-service,5c0820286b93d08d,cdaaaa64491c474e,9890a2196d178f3a,5019,200,queryForStationId,ts-ticketinfo-service
1650482954,ts-verification-code-service,c634323b6f2f62c,aa9da0a6fe48475f,b78576134c5b9b34,2158,200,verifyCode,ts-auth-service
1650482954,ts-auth-service,aa9da0a6fe48475f,b78576134c5b9b34,b78576134c5b9b34,3929,200,GET,ts-auth-service
1650482954,ts-auth-service,b78576134c5b9b34,,b78576134c5b9b34,112152,200,getToken,no_parent
1650482954,ts-basic-service,daef4dd5f6615326,8875d021e4d28b0f,9890a2196d178f3a,3442,200,GET,ts-basic-service
1650482954,ts-verification-code-service,1aa1fe9676edad47,,1aa1fe9676edad47,3157,200,imageCode,no_parent
1650482954,ts-ticketinfo-service,cdaaaa64491c474e,1cc8a0941eb84d2,9890a2196d178f3a,5658,200,GET,ts-ticketinfo-service
1650482954,ts-ticketinfo-service,44661c35ee11d80b,8fd6dacd302b6b5c,9890a2196d178f3a,10368,200,queryForStationId,ts-travel-service
1650482954,ts-ticketinfo-service,660c58129ac0e3fd,44661c35ee11d80b,9890a2196d178f3a,7679,200,GET,ts-ticketinfo-service
1650482954,ts-basic-service,8875d021e4d28b0f,660c58129ac0e3fd,9890a2196d178f3a,6044,200,queryForStationId,ts-ticketinfo-service
1650482954,ts-order-service,f05c5e078a9db949,,f05c5e078a9db949,28357,200,queryOrdersForRefresh,no_parent
1650482954,ts-basic-service,dc4dc13c1980a6b8,5c0820286b93d08d,9890a2196d178f3a,2716,200,GET,ts-basic-service
1650482954,ts-ticketinfo-service,1cc8a0941eb84d2,877766295bcdc0bb,9890a2196d178f3a,8112,200,queryForStationId,ts-travel-service
1650482954,ts-order-service,1a28b8b38677f2ef,f05c5e078a9db949,f05c5e078a9db949,16732,200,POST,ts-order-service
1650482954,ts-security-service,a19787044bf47d19,e0faf7bbddb046da,aad21a353bb2951,18679,200,check,ts-preserve-service
1650482954,ts-assurance-service,634fa28a77c1bfca,,634fa28a77c1bfca,1620,200,getAllAssuranceType,no_parent
1650482954,ts-station-service,c15a7a909206926,1a28b8b38677f2ef,f05c5e078a9db949,14410,200,queryForNameBatch,ts-order-service
1650482954,ts-order-service,65f39c9c1acd5b35,373881a6aa7c6efa,aad21a353bb2951,7171,200,securityInfoCheck,ts-security-service
1650482954,ts-contacts-service,b5dea3534e07bdb6,ccea65617a36cb03,aad21a353bb2951,2014,200,getContactsByContactsId,ts-preserve-service
1650482954,ts-contacts-service,c26cb91ff7b98f68,,c26cb91ff7b98f68,3030,200,findContactsByAccountId,no_parent
1650483014,ts-auth-service,b87160b90e8974ab,,b87160b90e8974ab,115275,200,getToken,no_parent
1650483014,ts-auth-service,84129457f89ce4b5,b87160b90e8974ab,b87160b90e8974ab,3953,200,GET,ts-auth-service
1650483014,ts-verification-code-service,a67f0b40603f4579,84129457f89ce4b5,b87160b90e8974ab,2276,200,verifyCode,ts-auth-service
1650483014,ts-basic-service,f0aa75d8be41c9a6,eb37ef1b273fc449,fbce5faf91354363,5954,200,queryForStationId,ts-ticketinfo-service
1650483014,ts-order-service,a51bb0dc8572106f,c93cd2f2ed657299,e63e45dfd0370028,3496,200,securityInfoCheck,ts-security-service
1650483014,ts-preserve-service,8c04119cd1f22433,e63e45dfd0370028,e63e45dfd0370028,16254,200,GET,ts-preserve-service
1650483014,ts-order-other-service,bcc009c3101468f3,825ef95905c8a3f9,e63e45dfd0370028,3697,200,securityInfoCheck,ts-security-service
1650483014,ts-security-service,c93cd2f2ed657299,11c8d62a8d6a8d5a,e63e45dfd0370028,4895,200,GET,ts-security-service
1650483014,ts-order-service,f2f56e97a09892a,,f2f56e97a09892a,12573,200,queryOrdersForRefresh,no_parent
1650483014,ts-order-service,c918f7aa8b42d8e9,f2f56e97a09892a,f2f56e97a09892a,9417,200,POST,ts-order-service
1650483014,ts-ticketinfo-service,1aa11fa779e83c7d,eca4950a1b8ba208,fbce5faf91354363,7895,200,queryForStationId,ts-travel-service
1650483014,ts-ticketinfo-service,9424e5181b981b27,1aa11fa779e83c7d,fbce5faf91354363,5593,200,GET,ts-ticketinfo-service
1650483014,ts-security-service,11c8d62a8d6a8d5a,8c04119cd1f22433,e63e45dfd0370028,14644,200,check,ts-preserve-service
1650483014,ts-security-service,825ef95905c8a3f9,11c8d62a8d6a8d5a,e63e45dfd0370028,5140,200,GET,ts-security-service
1650483014,ts-preserve-service,4c34cc218c64aa4e,e63e45dfd0370028,e63e45dfd0370028,4289,200,GET,ts-preserve-service
1650483014,ts-ticketinfo-service,986776a5b5e7f842,190a30c9721cd6e0,fbce5faf91354363,9840,200,queryForStationId,ts-travel-service
1650483014,ts-station-service,bdcfd99bd017b6b3,c918f7aa8b42d8e9,f2f56e97a09892a,7964,200,queryForNameBatch,ts-order-service
1650483014,ts-travel-service,bc8f7a962715f614,fbce5faf91354363,fbce5faf91354363,3991,200,GET,ts-travel-service
1650483014,ts-travel-service,190a30c9721cd6e0,fbce5faf91354363,fbce5faf91354363,11790,200,GET,ts-travel-service
1650483014,ts-travel-service,8d5c084f4a7e75f5,fbce5faf91354363,fbce5faf91354363,2491,200,GET,ts-travel-service
1650483014,ts-verification-code-service,aaaab2cc3464cf48,,aaaab2cc3464cf48,3172,200,imageCode,no_parent
1650483014,ts-preserve-service,e63e45dfd0370028,,e63e45dfd0370028,23752,200,preserve,no_parent
1650483014,ts-travel-service,5af2b9ab462787d9,fbce5faf91354363,fbce5faf91354363,2245,200,GET,ts-travel-service
1650483014,ts-travel-service,fbce5faf91354363,,fbce5faf91354363,53475,200,queryInfo,no_parent
1650483014,ts-contacts-service,cd23afbcb833d232,,cd23afbcb833d232,3066,200,findContactsByAccountId,no_parent
1650483014,ts-travel-service,3e01607b0d6251bb,fbce5faf91354363,fbce5faf91354363,2287,200,GET,ts-travel-service
1650483014,ts-route-service,8b95ae3736184db0,8d5c084f4a7e75f5,fbce5faf91354363,2065,200,queryById,ts-travel-service
1650483014,ts-ticketinfo-service,eb37ef1b273fc449,986776a5b5e7f842,fbce5faf91354363,7204,200,GET,ts-ticketinfo-service
1650483014,ts-route-service,b554975ca0827155,bc8f7a962715f614,fbce5faf91354363,2644,200,queryById,ts-travel-service
1650483014,ts-travel-service,a84b0f1cf4488434,fbce5faf91354363,fbce5faf91354363,10454,200,GET,ts-travel-service
1650483014,ts-route-service,3e53453a307fa1c9,3e01607b0d6251bb,fbce5faf91354363,2138,200,queryById,ts-travel-service
1650483014,ts-route-service,dfc51895072f77c8,a84b0f1cf4488434,fbce5faf91354363,10336,200,queryById,ts-travel-service
1650483014,ts-route-service,a6ec10974ad86388,5af2b9ab462787d9,fbce5faf91354363,2124,200,queryById,ts-travel-service
1650483014,ts-contacts-service,813c566b742f8c6f,4c34cc218c64aa4e,e63e45dfd0370028,2343,200,getContactsByContactsId,ts-preserve-service
1650483014,ts-travel-service,eca4950a1b8ba208,fbce5faf91354363,fbce5faf91354363,8478,200,GET,ts-travel-service
1650483014,ts-assurance-service,6ddc5d90e0325b7b,,6ddc5d90e0325b7b,1602,200,getAllAssuranceType,no_parent
1650483014,ts-basic-service,987d55fc5d9e9ae9,f0aa75d8be41c9a6,fbce5faf91354363,3480,200,GET,ts-basic-service
1650483014,ts-basic-service,4bc957857f654969,a1937f7f8958c663,fbce5faf91354363,2814,200,GET,ts-basic-service
1650483014,ts-basic-service,a1937f7f8958c663,9424e5181b981b27,fbce5faf91354363,4822,200,queryForStationId,ts-ticketinfo-service
1650483014,ts-station-service,48eba7a3ffde8103,987d55fc5d9e9ae9,fbce5faf91354363,2322,200,queryForStationId,ts-basic-service
1650483014,ts-station-service,c4d38ad6e013012f,4bc957857f654969,fbce5faf91354363,2096,200,queryForStationId,ts-basic-service
1650483074,ts-ticketinfo-service,b750b9b8f9a7ef5d,61d3be8efdf635b1,cffcd41bc4abab97,7935,200,queryForStationId,ts-travel-service
1650483074,ts-order-service,1054b617a2ca21ba,d1b998b393a200a,aa805c65726a4100,3434,200,securityInfoCheck,ts-security-service
1650483074,ts-preserve-service,1be8adea69bb7bf6,aa805c65726a4100,aa805c65726a4100,3944,200,GET,ts-preserve-service
1650483074,ts-route-service,e7df19b8a794a6c7,83441529eb84b720,cffcd41bc4abab97,2648,200,queryById,ts-travel-service
1650483074,ts-route-service,fad4edb42791e534,beb19f54ad843aa4,cffcd41bc4abab97,2100,200,queryById,ts-travel-service
1650483074,ts-route-service,2d51d78de3ca73a,da02a662b791cc6d,cffcd41bc4abab97,2531,200,queryById,ts-travel-service
1650483074,ts-route-service,39578b9f32f54289,202f7edfe3151356,cffcd41bc4abab97,2158,200,queryById,ts-travel-service
1650483074,ts-route-service,9fe407e5cb9bae7c,104155824921d424,cffcd41bc4abab97,2149,200,queryById,ts-travel-service
1650483074,ts-basic-service,107433444fa74645,ac8e49958099df9f,cffcd41bc4abab97,4763,200,queryForStationId,ts-ticketinfo-service
1650483074,ts-station-service,21407e71723f57b2,da23ff3723d52052,cffcd41bc4abab97,2277,200,queryForStationId,ts-basic-service
1650483074,ts-station-service,ab70f4ee39780718,be1c162816ffcd0f,cffcd41bc4abab97,2015,200,queryForStationId,ts-basic-service
1650483074,ts-security-service,3908aefbc0ac2c51,5eeb79bfa0673dc5,aa805c65726a4100,14010,200,check,ts-preserve-service
1650483074,ts-preserve-service,aa805c65726a4100,,aa805c65726a4100,22276,200,preserve,no_parent
1650483074,ts-preserve-service,5eeb79bfa0673dc5,aa805c65726a4100,aa805c65726a4100,15151,200,GET,ts-preserve-service
1650483074,ts-basic-service,be1c162816ffcd0f,107433444fa74645,cffcd41bc4abab97,2692,200,GET,ts-basic-service
1650483074,ts-contacts-service,6623614fc86db83e,1be8adea69bb7bf6,aa805c65726a4100,2523,200,getContactsByContactsId,ts-preserve-service
1650483074,ts-order-other-service,445fb888cf03eb75,f83973e8c26bfbd6,aa805c65726a4100,3605,200,securityInfoCheck,ts-security-service
1650483074,ts-basic-service,da23ff3723d52052,636eb723f3012f0a,cffcd41bc4abab97,3408,200,GET,ts-basic-service
1650483074,ts-basic-service,636eb723f3012f0a,3d6859e88e77a98c,cffcd41bc4abab97,6092,200,queryForStationId,ts-ticketinfo-service
1650483074,ts-travel-service,da02a662b791cc6d,cffcd41bc4abab97,cffcd41bc4abab97,2709,200,GET,ts-travel-service
1650483074,ts-travel-service,61d3be8efdf635b1,cffcd41bc4abab97,cffcd41bc4abab97,8303,200,GET,ts-travel-service
1650483074,ts-travel-service,58d3641f1c93f547,cffcd41bc4abab97,cffcd41bc4abab97,12265,200,GET,ts-travel-service
1650483074,ts-travel-service,104155824921d424,cffcd41bc4abab97,cffcd41bc4abab97,2310,200,GET,ts-travel-service
1650483074,ts-station-service,b09e138415a7e552,d45d50cfcdb3a8e,f03977b3939fb1e0,7808,200,queryForNameBatch,ts-order-service
1650483074,ts-travel-service,beb19f54ad843aa4,cffcd41bc4abab97,cffcd41bc4abab97,2286,200,GET,ts-travel-service
1650483074,ts-ticketinfo-service,ac8e49958099df9f,b750b9b8f9a7ef5d,cffcd41bc4abab97,5473,200,GET,ts-ticketinfo-service
1650483074,ts-travel-service,cffcd41bc4abab97,,cffcd41bc4abab97,51482,200,queryInfo,no_parent
1650483074,ts-ticketinfo-service,b2f4c3d1e5297cca,58d3641f1c93f547,cffcd41bc4abab97,10065,200,queryForStationId,ts-travel-service
1650483074,ts-ticketinfo-service,3d6859e88e77a98c,b2f4c3d1e5297cca,cffcd41bc4abab97,7241,200,GET,ts-ticketinfo-service
1650483074,ts-travel-service,83441529eb84b720,cffcd41bc4abab97,cffcd41bc4abab97,4118,200,GET,ts-travel-service
1650483074,ts-travel-service,202f7edfe3151356,cffcd41bc4abab97,cffcd41bc4abab97,2594,200,GET,ts-travel-service
1650483074,ts-security-service,f83973e8c26bfbd6,3908aefbc0ac2c51,aa805c65726a4100,4740,200,GET,ts-security-service
1650483074,ts-order-service,f03977b3939fb1e0,,f03977b3939fb1e0,12457,200,queryOrdersForRefresh,no_parent
1650483074,ts-security-service,d1b998b393a200a,3908aefbc0ac2c51,aa805c65726a4100,4801,200,GET,ts-security-service
1650483074,ts-order-service,d45d50cfcdb3a8e,f03977b3939fb1e0,f03977b3939fb1e0,9315,200,POST,ts-order-service
1650483074,ts-contacts-service,e49ab6fab00e4a92,,e49ab6fab00e4a92,3137,200,findContactsByAccountId,no_parent
1650483074,ts-assurance-service,31be1bfdb3c20423,,31be1bfdb3c20423,1573,200,getAllAssuranceType,no_parent
1650483074,ts-verification-code-service,e2a6d641472c466d,,e2a6d641472c466d,2985,200,imageCode,no_parent
1650483074,ts-verification-code-service,56c663ceb22caade,1c7e9116c6657b16,20e5cc2e273fefdb,1998,200,verifyCode,ts-auth-service
1650483074,ts-auth-service,1c7e9116c6657b16,20e5cc2e273fefdb,20e5cc2e273fefdb,3617,200,GET,ts-auth-service
1650483074,ts-auth-service,20e5cc2e273fefdb,,20e5cc2e273fefdb,112882,200,getToken,no_parent
1650483135,ts-contacts-service,d6005019ee8410ac,800de449afd62efc,5eec92766c18b73a,2286,200,getContactsByContactsId,ts-preserve-service
1650483135,ts-order-other-service,3e088957ccb9b639,65904563c99678d9,5eec92766c18b73a,3534,200,securityInfoCheck,ts-security-service
1650483135,ts-security-service,65904563c99678d9,68242bf40e8492a4,5eec92766c18b73a,4784,200,GET,ts-security-service
1650483135,ts-preserve-service,5eec92766c18b73a,,5eec92766c18b73a,25448,200,preserve,no_parent
1650483135,ts-preserve-service,800de449afd62efc,5eec92766c18b73a,5eec92766c18b73a,3356,200,GET,ts-preserve-service
1650483135,ts-preserve-service,d79041ccf749854b,5eec92766c18b73a,5eec92766c18b73a,16755,200,GET,ts-preserve-service
1650483135,ts-order-service,4507ecb8eab8b973,f0ccc2930ddb8e37,5eec92766c18b73a,3397,200,securityInfoCheck,ts-security-service
1650483135,ts-security-service,f0ccc2930ddb8e37,68242bf40e8492a4,5eec92766c18b73a,4822,200,GET,ts-security-service
1650483135,ts-order-service,1984b7eff3b7b358,,1984b7eff3b7b358,12171,200,queryOrdersForRefresh,no_parent
1650483135,ts-contacts-service,64c556d9fbe5ec6d,,64c556d9fbe5ec6d,2981,200,findContactsByAccountId,no_parent
1650483135,ts-security-service,68242bf40e8492a4,d79041ccf749854b,5eec92766c18b73a,14510,200,check,ts-preserve-service
1650483136,ts-station-service,cab23c0bc6905428,4763a24535abd559,1984b7eff3b7b358,7284,200,queryForNameBatch,ts-order-service
1650483136,ts-order-service,4763a24535abd559,1984b7eff3b7b358,1984b7eff3b7b358,8697,200,POST,ts-order-service
1650483136,ts-travel-service,2f23e256999cf098,5cae30c94c932b6a,5cae30c94c932b6a,4328,200,GET,ts-travel-service
1650483136,ts-ticketinfo-service,ce7027bd835053f8,12fba47a321fd7f5,5cae30c94c932b6a,8552,200,queryForStationId,ts-travel-service
1650483136,ts-basic-service,3aa214074ba1fece,84161adfa3180dd,5cae30c94c932b6a,6631,200,queryForStationId,ts-ticketinfo-service
1650483136,ts-basic-service,e590679c77bb52bf,3aa214074ba1fece,5cae30c94c932b6a,4000,200,GET,ts-basic-service
1650483136,ts-station-service,e33566b2f426d283,e13c09bb6a73424,5cae30c94c932b6a,2139,200,queryForStationId,ts-basic-service
1650483136,ts-station-service,64884de3e9cbf397,e590679c77bb52bf,5cae30c94c932b6a,2710,200,queryForStationId,ts-basic-service
1650483136,ts-route-service,b70981e09d686763,788441ae3ae33d80,5cae30c94c932b6a,2339,200,queryById,ts-travel-service
1650483136,ts-route-service,3ea81a8f7595a69,2f23e256999cf098,5cae30c94c932b6a,2877,200,queryById,ts-travel-service
1650483136,ts-travel-service,5dbf9a985f40f984,5cae30c94c932b6a,5cae30c94c932b6a,2426,200,GET,ts-travel-service
1650483136,ts-ticketinfo-service,c59f7533e037e930,ce7027bd835053f8,5cae30c94c932b6a,6096,200,GET,ts-ticketinfo-service
1650483136,ts-basic-service,4f68fec93c0c4908,c59f7533e037e930,5cae30c94c932b6a,5106,200,queryForStationId,ts-ticketinfo-service
1650483136,ts-basic-service,e13c09bb6a73424,4f68fec93c0c4908,5cae30c94c932b6a,2758,200,GET,ts-basic-service
1650483136,ts-travel-service,267a4b86c53bfe57,5cae30c94c932b6a,5cae30c94c932b6a,2632,200,GET,ts-travel-service
1650483136,ts-travel-service,788441ae3ae33d80,5cae30c94c932b6a,5cae30c94c932b6a,2435,200,GET,ts-travel-service
1650483136,ts-travel-service,12fba47a321fd7f5,5cae30c94c932b6a,5cae30c94c932b6a,9321,200,GET,ts-travel-service
1650483136,ts-travel-service,6e93ae98132e7d33,5cae30c94c932b6a,5cae30c94c932b6a,2482,200,GET,ts-travel-service
1650483136,ts-travel-service,5cae30c94c932b6a,,5cae30c94c932b6a,52302,200,queryInfo,no_parent
1650483136,ts-route-service,bbb1a243d062547e,6e93ae98132e7d33,5cae30c94c932b6a,2316,200,queryById,ts-travel-service
1650483136,ts-travel-service,29800aa64dce1407,5cae30c94c932b6a,5cae30c94c932b6a,16222,200,GET,ts-travel-service
1650483136,ts-ticketinfo-service,84161adfa3180dd,a50ee2abef1d7037,5cae30c94c932b6a,8947,200,GET,ts-ticketinfo-service
1650483136,ts-route-service,4d2b9fc014d58212,267a4b86c53bfe57,5cae30c94c932b6a,2190,200,queryById,ts-travel-service
1650483136,ts-route-service,d58bb6ed81648108,5dbf9a985f40f984,5cae30c94c932b6a,2555,200,queryById,ts-travel-service
1650483136,ts-ticketinfo-service,a50ee2abef1d7037,29800aa64dce1407,5cae30c94c932b6a,13669,200,queryForStationId,ts-travel-service
1650483136,ts-auth-service,de09a84a9c50d28f,ee4c52be843fc307,ee4c52be843fc307,2508,200,GET,ts-auth-service
1650483136,ts-assurance-service,9aca49a06611de3b,,9aca49a06611de3b,1937,200,getAllAssuranceType,no_parent
1650483136,ts-verification-code-service,11a0ac9db5871049,,11a0ac9db5871049,2553,200,imageCode,no_parent
1650483136,ts-auth-service,ee4c52be843fc307,,ee4c52be843fc307,106619,200,getToken,no_parent
1650483136,ts-verification-code-service,7f41e1d7b9db7aee,de09a84a9c50d28f,ee4c52be843fc307,1093,200,verifyCode,ts-auth-service
1650483197,ts-verification-code-service,75c9b1d587c0375d,6192dfc7bb909604,4c71a8351d5fba0a,2037,200,verifyCode,ts-auth-service
1650483197,ts-auth-service,4c71a8351d5fba0a,,4c71a8351d5fba0a,116716,200,getToken,no_parent
1650483197,ts-basic-service,5831da87ac501462,74d28348e7f0e6f9,b766178518e51de9,3037,200,GET,ts-basic-service
1650483197,ts-basic-service,d8915a64c34e52ce,21e0f59110645981,b766178518e51de9,3908,200,GET,ts-basic-service
1650483197,ts-basic-service,21e0f59110645981,126a8a070eea5b61,b766178518e51de9,6558,200,queryForStationId,ts-ticketinfo-service
1650483197,ts-route-service,9f5ae8b41f934703,7a382c4d3b063b5,b766178518e51de9,2562,200,queryById,ts-travel-service
1650483197,ts-route-service,de21dabfa783dc35,8e326bcf6f5a5767,b766178518e51de9,2902,200,queryById,ts-travel-service
1650483197,ts-ticketinfo-service,f69111e9248552b5,7f396fd39532ec31,b766178518e51de9,6149,200,GET,ts-ticketinfo-service
1650483197,ts-basic-service,74d28348e7f0e6f9,f69111e9248552b5,b766178518e51de9,5356,200,queryForStationId,ts-ticketinfo-service
1650483197,ts-travel-service,63f93676a0c6fd14,b766178518e51de9,b766178518e51de9,12891,200,GET,ts-travel-service
1650483197,ts-travel-service,5713f6d7f8282391,b766178518e51de9,b766178518e51de9,2374,200,GET,ts-travel-service
1650483197,ts-security-service,cef27acc4b1a349b,bac7cedfc75ae08,7691f5e3163a00e3,12963,200,check,ts-preserve-service
1650483197,ts-station-service,7395fee1e4573265,d8915a64c34e52ce,b766178518e51de9,2705,200,queryForStationId,ts-basic-service
1650483197,ts-station-service,4d402683ef24efa2,5831da87ac501462,b766178518e51de9,2333,200,queryForStationId,ts-basic-service
1650483197,ts-travel-service,d08e78c207ebada8,b766178518e51de9,b766178518e51de9,2469,200,GET,ts-travel-service
1650483197,ts-travel-service,b766178518e51de9,,b766178518e51de9,48361,200,queryInfo,no_parent
1650483197,ts-route-service,c3e4e414034de04e,d08e78c207ebada8,b766178518e51de9,2308,200,queryById,ts-travel-service
1650483197,ts-route-service,a3d7017c2269e709,8a2bddf3600a707a,b766178518e51de9,2338,200,queryById,ts-travel-service
1650483197,ts-order-service,c8af37a3f5d2b476,,c8af37a3f5d2b476,13149,200,queryOrdersForRefresh,no_parent
1650483197,ts-station-service,d79d21c729538cd9,481c85fbdb5da2ee,c8af37a3f5d2b476,8384,200,queryForNameBatch,ts-order-service
1650483197,ts-travel-service,7a382c4d3b063b5,b766178518e51de9,b766178518e51de9,3044,200,GET,ts-travel-service
1650483197,ts-travel-service,8a2bddf3600a707a,b766178518e51de9,b766178518e51de9,2468,200,GET,ts-travel-service
1650483197,ts-order-service,481c85fbdb5da2ee,c8af37a3f5d2b476,c8af37a3f5d2b476,9881,200,POST,ts-order-service
1650483197,ts-ticketinfo-service,7f396fd39532ec31,dcdea58f255f7b4a,b766178518e51de9,8768,200,queryForStationId,ts-travel-service
1650483197,ts-ticketinfo-service,126a8a070eea5b61,86fd6ceff923f6ec,b766178518e51de9,7451,200,GET,ts-ticketinfo-service
1650483197,ts-ticketinfo-service,86fd6ceff923f6ec,63f93676a0c6fd14,b766178518e51de9,11213,200,queryForStationId,ts-travel-service
1650483197,ts-travel-service,dcdea58f255f7b4a,b766178518e51de9,b766178518e51de9,9475,200,GET,ts-travel-service
1650483197,ts-travel-service,8e326bcf6f5a5767,b766178518e51de9,b766178518e51de9,4303,200,GET,ts-travel-service
1650483197,ts-route-service,b2acc26b34305520,5713f6d7f8282391,b766178518e51de9,2232,200,queryById,ts-travel-service
1650483197,ts-security-service,21837f3926e6fd04,cef27acc4b1a349b,7691f5e3163a00e3,4814,200,GET,ts-security-service
1650483197,ts-contacts-service,3e26046d9d3f9989,4ab7cacd07b616a0,7691f5e3163a00e3,2231,200,getContactsByContactsId,ts-preserve-service
1650483197,ts-verification-code-service,8e9a23286254dba1,,8e9a23286254dba1,3043,200,imageCode,no_parent
1650483197,ts-auth-service,6192dfc7bb909604,4c71a8351d5fba0a,4c71a8351d5fba0a,3785,200,GET,ts-auth-service
1650483197,ts-preserve-service,4ab7cacd07b616a0,7691f5e3163a00e3,7691f5e3163a00e3,3308,200,GET,ts-preserve-service
1650483197,ts-preserve-service,7691f5e3163a00e3,,7691f5e3163a00e3,21062,200,preserve,no_parent
1650483197,ts-order-other-service,6d1863df64fc63c5,22c20383e7e3e89e,7691f5e3163a00e3,3523,200,securityInfoCheck,ts-security-service
1650483197,ts-security-service,22c20383e7e3e89e,cef27acc4b1a349b,7691f5e3163a00e3,4537,200,GET,ts-security-service
1650483197,ts-order-service,a7ef027da166344b,21837f3926e6fd04,7691f5e3163a00e3,3664,200,securityInfoCheck,ts-security-service
1650483197,ts-preserve-service,bac7cedfc75ae08,7691f5e3163a00e3,7691f5e3163a00e3,14607,200,GET,ts-preserve-service
1650483197,ts-assurance-service,a53c954be151a7d0,,a53c954be151a7d0,1686,200,getAllAssuranceType,no_parent
1650483197,ts-contacts-service,8cc2bad7da488a0c,,8cc2bad7da488a0c,3664,200,findContactsByAccountId,no_parent
1650483257,ts-basic-service,252e72b81d3964fd,fa7636f21777481e,3b0dbd90e8feec91,3756,200,GET,ts-basic-service
1650483257,ts-station-service,f9c419bd5b8adae7,2c3bbf8e5b128c96,3b0dbd90e8feec91,2337,200,queryForStationId,ts-basic-service
1650483257,ts-station-service,9b040499cb776862,252e72b81d3964fd,3b0dbd90e8feec91,2672,200,queryForStationId,ts-basic-service
1650483257,ts-travel-service,82c3d09fa9838b50,3b0dbd90e8feec91,3b0dbd90e8feec91,2832,200,GET,ts-travel-service
1650483257,ts-route-service,c6284eadfcb3a5ec,6d5ba6f477eb10cf,3b0dbd90e8feec91,2238,200,queryById,ts-travel-service
1650483257,ts-ticketinfo-service,4d148b3564d249fa,ae781ac8c4255113,3b0dbd90e8feec91,8358,200,GET,ts-ticketinfo-service
1650483257,ts-basic-service,fa7636f21777481e,4d148b3564d249fa,3b0dbd90e8feec91,7018,200,queryForStationId,ts-ticketinfo-service
1650483257,ts-travel-service,6d5ba6f477eb10cf,3b0dbd90e8feec91,3b0dbd90e8feec91,2406,200,GET,ts-travel-service
1650483257,ts-travel-service,1f96afeb6264e03a,3b0dbd90e8feec91,3b0dbd90e8feec91,1948,200,GET,ts-travel-service
1650483257,ts-travel-service,bbeab8e5b237de8c,3b0dbd90e8feec91,3b0dbd90e8feec91,2656,200,GET,ts-travel-service
1650483257,ts-travel-service,3b0dbd90e8feec91,,3b0dbd90e8feec91,47649,200,queryInfo,no_parent
1650483257,ts-basic-service,2c3bbf8e5b128c96,f73f41e62c025a7f,3b0dbd90e8feec91,3451,200,GET,ts-basic-service
1650483257,ts-route-service,5797ae99b9694a01,bbeab8e5b237de8c,3b0dbd90e8feec91,2496,200,queryById,ts-travel-service
1650483257,ts-route-service,5f753b6f6996ecdd,1f96afeb6264e03a,3b0dbd90e8feec91,1774,200,queryById,ts-travel-service
1650483257,ts-security-service,27c9e17524ac8214,e99e59ebc431bc81,aa1b9ca9790c0b79,4636,200,GET,ts-security-service
1650483257,ts-preserve-service,5072c376530908d3,aa1b9ca9790c0b79,aa1b9ca9790c0b79,15484,200,GET,ts-preserve-service
1650483257,ts-security-service,6b8f0aec84fd540d,e99e59ebc431bc81,aa1b9ca9790c0b79,4701,200,GET,ts-security-service
1650483257,ts-order-other-service,3f3a03b6a50345a3,6b8f0aec84fd540d,aa1b9ca9790c0b79,3528,200,securityInfoCheck,ts-security-service
1650483257,ts-basic-service,f73f41e62c025a7f,5d1ad714599af7bc,3b0dbd90e8feec91,5932,200,queryForStationId,ts-ticketinfo-service
1650483257,ts-order-service,bc8b8dd9e63e7756,27c9e17524ac8214,aa1b9ca9790c0b79,3350,200,securityInfoCheck,ts-security-service
1650483257,ts-security-service,e99e59ebc431bc81,5072c376530908d3,aa1b9ca9790c0b79,13925,200,check,ts-preserve-service
1650483257,ts-contacts-service,311c778ccbfa1e8f,39454935334cf73e,aa1b9ca9790c0b79,2364,200,getContactsByContactsId,ts-preserve-service
1650483257,ts-preserve-service,39454935334cf73e,aa1b9ca9790c0b79,aa1b9ca9790c0b79,3568,200,GET,ts-preserve-service
1650483257,ts-preserve-service,aa1b9ca9790c0b79,,aa1b9ca9790c0b79,22220,200,preserve,no_parent
1650483257,ts-contacts-service,8b0e2564ace331ab,,8b0e2564ace331ab,3382,200,findContactsByAccountId,no_parent
1650483257,ts-travel-service,39e801e465957b6a,3b0dbd90e8feec91,3b0dbd90e8feec91,10211,200,GET,ts-travel-service
1650483257,ts-assurance-service,637493317722ea14,,637493317722ea14,1509,200,getAllAssuranceType,no_parent
1650483257,ts-route-service,f4cff3076b80c2f4,323b6783e71f616e,3b0dbd90e8feec91,2870,200,queryById,ts-travel-service
1650483257,ts-ticketinfo-service,ae781ac8c4255113,fb758d4219a080bc,3b0dbd90e8feec91,10601,200,queryForStationId,ts-travel-service
1650483257,ts-ticketinfo-service,62aca8157ec0943,39e801e465957b6a,3b0dbd90e8feec91,9680,200,queryForStationId,ts-travel-service
1650483257,ts-travel-service,323b6783e71f616e,3b0dbd90e8feec91,3b0dbd90e8feec91,4231,200,GET,ts-travel-service
1650483257,ts-travel-service,fb758d4219a080bc,3b0dbd90e8feec91,3b0dbd90e8feec91,12051,200,GET,ts-travel-service
1650483257,ts-route-service,7493098c40479313,82c3d09fa9838b50,3b0dbd90e8feec91,2332,200,queryById,ts-travel-service
1650483257,ts-station-service,4538246d2cfcf112,93f65e5cfb29cb69,73cc28540af83160,7602,200,queryForNameBatch,ts-order-service
1650483257,ts-order-service,93f65e5cfb29cb69,73cc28540af83160,73cc28540af83160,9106,200,POST,ts-order-service
1650483257,ts-ticketinfo-service,5d1ad714599af7bc,62aca8157ec0943,3b0dbd90e8feec91,6686,200,GET,ts-ticketinfo-service
1650483257,ts-verification-code-service,e28c390be05d1b20,,e28c390be05d1b20,3103,200,imageCode,no_parent
1650483257,ts-verification-code-service,718f92f830836a48,5148a6dc95c983a,56b572ed36566e7f,2175,200,verifyCode,ts-auth-service
1650483257,ts-auth-service,56b572ed36566e7f,,56b572ed36566e7f,108384,200,getToken,no_parent
1650483257,ts-auth-service,5148a6dc95c983a,56b572ed36566e7f,56b572ed36566e7f,4061,200,GET,ts-auth-service
1650483257,ts-order-service,73cc28540af83160,,73cc28540af83160,12617,200,queryOrdersForRefresh,no_parent
1650483317,ts-security-service,4a46177f5f1ef88d,f20b0d455574ed2c,b7e89a20c004735e,4144,200,GET,ts-security-service
1650483317,ts-verification-code-service,4e486942274339b7,8af9430c649bf47e,daf3d87ddda1fb81,2058,200,verifyCode,ts-auth-service
1650483317,ts-order-other-service,15bf5e788205d0fa,4a46177f5f1ef88d,b7e89a20c004735e,2835,200,securityInfoCheck,ts-security-service
1650483317,ts-security-service,25c6f13b00ebb57d,f20b0d455574ed2c,b7e89a20c004735e,5213,200,GET,ts-security-service
1650483317,ts-order-service,d08f2bd313d96e11,25c6f13b00ebb57d,b7e89a20c004735e,3688,200,securityInfoCheck,ts-security-service
1650483317,ts-preserve-service,b7e89a20c004735e,,b7e89a20c004735e,22457,200,preserve,no_parent
1650483317,ts-preserve-service,b72f50e8dfde3d89,b7e89a20c004735e,b7e89a20c004735e,3744,200,GET,ts-preserve-service
1650483317,ts-preserve-service,1d07d47bb77e102a,b7e89a20c004735e,b7e89a20c004735e,15458,200,GET,ts-preserve-service
1650483317,ts-contacts-service,cd1da29fb6843e8f,,cd1da29fb6843e8f,3456,200,findContactsByAccountId,no_parent
1650483317,ts-security-service,f20b0d455574ed2c,1d07d47bb77e102a,b7e89a20c004735e,13867,200,check,ts-preserve-service
1650483317,ts-contacts-service,200d33d0507da7fb,b72f50e8dfde3d89,b7e89a20c004735e,2556,200,getContactsByContactsId,ts-preserve-service
1650483317,ts-order-service,3f21f1b8164b9f6e,f4f162db7c72acda,f4f162db7c72acda,9425,200,POST,ts-order-service
1650483317,ts-order-service,f4f162db7c72acda,,f4f162db7c72acda,12638,200,queryOrdersForRefresh,no_parent
1650483317,ts-station-service,5d43104a8e67daf2,3f21f1b8164b9f6e,f4f162db7c72acda,7975,200,queryForNameBatch,ts-order-service
1650483317,ts-auth-service,daf3d87ddda1fb81,,daf3d87ddda1fb81,114313,200,getToken,no_parent
1650483317,ts-auth-service,8af9430c649bf47e,daf3d87ddda1fb81,daf3d87ddda1fb81,3636,200,GET,ts-auth-service
1650483317,ts-verification-code-service,a957832cf120510d,,a957832cf120510d,3002,200,imageCode,no_parent
1650483318,ts-travel-service,7ddffe554423053d,,7ddffe554423053d,41553,200,queryInfo,no_parent
1650483318,ts-route-service,c5a1010ad24066c6,cc3f16ebf5a423f1,7ddffe554423053d,2146,200,queryById,ts-travel-service
1650483318,ts-ticketinfo-service,c2d26aa00a26415,a53cabccc9de83a0,7ddffe554423053d,7458,200,GET,ts-ticketinfo-service
1650483318,ts-ticketinfo-service,a53cabccc9de83a0,5135a1c46bea3a7a,7ddffe554423053d,9571,200,queryForStationId,ts-travel-service
1650483318,ts-basic-service,7ce739405ea516db,c2d26aa00a26415,7ddffe554423053d,6320,200,queryForStationId,ts-ticketinfo-service
1650483318,ts-station-service,9b409c86eb3b0450,114e8cae24e780fb,7ddffe554423053d,2471,200,queryForStationId,ts-basic-service
1650483318,ts-basic-service,114e8cae24e780fb,7ce739405ea516db,7ddffe554423053d,3848,200,GET,ts-basic-service
1650483318,ts-travel-service,22d55582c2a61916,7ddffe554423053d,7ddffe554423053d,2255,200,GET,ts-travel-service
1650483318,ts-assurance-service,259aa8d0fec9c53b,,259aa8d0fec9c53b,1570,200,getAllAssuranceType,no_parent
1650483318,ts-station-service,c0782693a3acfcb9,2a34bb37d93b454e,7ddffe554423053d,1750,200,queryForStationId,ts-basic-service
1650483318,ts-basic-service,6ab532e3bc3cbbf8,dc8aa6fa17310727,7ddffe554423053d,4312,200,queryForStationId,ts-ticketinfo-service
1650483318,ts-travel-service,7bf3e5bbe3949f02,7ddffe554423053d,7ddffe554423053d,2604,200,GET,ts-travel-service
1650483318,ts-travel-service,55eaa3371a495f26,7ddffe554423053d,7ddffe554423053d,2290,200,GET,ts-travel-service
1650483318,ts-ticketinfo-service,dc8aa6fa17310727,81c1877cd5e13d12,7ddffe554423053d,4889,200,GET,ts-ticketinfo-service
1650483318,ts-ticketinfo-service,81c1877cd5e13d12,8ea3bbac387c0445,7ddffe554423053d,6921,200,queryForStationId,ts-travel-service
1650483318,ts-basic-service,2a34bb37d93b454e,6ab532e3bc3cbbf8,7ddffe554423053d,2439,200,GET,ts-basic-service
1650483318,ts-travel-service,cc3f16ebf5a423f1,7ddffe554423053d,7ddffe554423053d,2240,200,GET,ts-travel-service
1650483318,ts-travel-service,8ea3bbac387c0445,7ddffe554423053d,7ddffe554423053d,7293,200,GET,ts-travel-service
1650483318,ts-travel-service,5135a1c46bea3a7a,7ddffe554423053d,7ddffe554423053d,10915,200,GET,ts-travel-service
1650483318,ts-route-service,8b10314b9eba4508,55eaa3371a495f26,7ddffe554423053d,2151,200,queryById,ts-travel-service
1650483318,ts-route-service,62f48ca1283cd8a8,dbe8324828ce0214,7ddffe554423053d,2745,200,queryById,ts-travel-service
1650483318,ts-route-service,bc4eb6c61a2a2ead,7bf3e5bbe3949f02,7ddffe554423053d,2190,200,queryById,ts-travel-service
1650483318,ts-route-service,293208ba063468e7,22d55582c2a61916,7ddffe554423053d,2113,200,queryById,ts-travel-service
1650483318,ts-travel-service,dbe8324828ce0214,7ddffe554423053d,7ddffe554423053d,4012,200,GET,ts-travel-service
1650483378,ts-ticketinfo-service,217ca71ca34eccbe,88206a3e9aadc50,6215364175b90b1e,6945,200,GET,ts-ticketinfo-service
1650483378,ts-basic-service,35af6d6569948a4,716fe7f2195e4e72,6215364175b90b1e,3327,200,GET,ts-basic-service
1650483378,ts-basic-service,716fe7f2195e4e72,217ca71ca34eccbe,6215364175b90b1e,5731,200,queryForStationId,ts-ticketinfo-service
1650483378,ts-basic-service,de2f159e8e73a5f,48b52c182139f496,6215364175b90b1e,2802,200,GET,ts-basic-service
1650483378,ts-travel-service,1f735ac328781994,6215364175b90b1e,6215364175b90b1e,2569,200,GET,ts-travel-service
1650483378,ts-travel-service,fcea03335c0b4627,6215364175b90b1e,6215364175b90b1e,2280,200,GET,ts-travel-service
1650483378,ts-ticketinfo-service,88206a3e9aadc50,97cc74c85c75d12e,6215364175b90b1e,9625,200,queryForStationId,ts-travel-service
1650483378,ts-ticketinfo-service,8c875acd7407df25,9d57de82a0b47cde,6215364175b90b1e,8154,200,queryForStationId,ts-travel-service
1650483378,ts-ticketinfo-service,785e9d17a9631c94,8c875acd7407df25,6215364175b90b1e,5651,200,GET,ts-ticketinfo-service
1650483378,ts-preserve-service,95267a55f20dad35,b64a69f301939d46,b64a69f301939d46,3911,200,GET,ts-preserve-service
1650483378,ts-preserve-service,b64a69f301939d46,,b64a69f301939d46,22918,200,preserve,no_parent
1650483378,ts-basic-service,48b52c182139f496,785e9d17a9631c94,6215364175b90b1e,4863,200,queryForStationId,ts-ticketinfo-service
1650483378,ts-station-service,6158fe334bbe0b4b,35af6d6569948a4,6215364175b90b1e,2315,200,queryForStationId,ts-basic-service
1650483378,ts-station-service,af4c30a9cdaf5a63,de2f159e8e73a5f,6215364175b90b1e,2092,200,queryForStationId,ts-basic-service
1650483378,ts-travel-service,97cc74c85c75d12e,6215364175b90b1e,6215364175b90b1e,11175,200,GET,ts-travel-service
1650483378,ts-travel-service,9d57de82a0b47cde,6215364175b90b1e,6215364175b90b1e,8537,200,GET,ts-travel-service
1650483378,ts-travel-service,59d818b50f91807b,6215364175b90b1e,6215364175b90b1e,2297,200,GET,ts-travel-service
1650483378,ts-travel-service,b89e962c81fb2ae1,6215364175b90b1e,6215364175b90b1e,2696,200,GET,ts-travel-service
1650483378,ts-travel-service,6215364175b90b1e,,6215364175b90b1e,53675,200,queryInfo,no_parent
1650483378,ts-route-service,f1e0b8d703095157,9df55b68ad5e33e0,6215364175b90b1e,2659,200,queryById,ts-travel-service
1650483378,ts-route-service,fef95bd414605985,1f735ac328781994,6215364175b90b1e,2141,200,queryById,ts-travel-service
1650483378,ts-route-service,1e8199c5b197a926,59d818b50f91807b,6215364175b90b1e,2008,200,queryById,ts-travel-service
1650483378,ts-route-service,4649205b03deb66f,b89e962c81fb2ae1,6215364175b90b1e,2515,200,queryById,ts-travel-service
1650483378,ts-verification-code-service,d0ecf52e182a6d0c,21824a181045eca5,afc06cb9961cc64b,1973,200,verifyCode,ts-auth-service
1650483378,ts-auth-service,21824a181045eca5,afc06cb9961cc64b,afc06cb9961cc64b,3730,200,GET,ts-auth-service
1650483378,ts-auth-service,afc06cb9961cc64b,,afc06cb9961cc64b,117524,200,getToken,no_parent
1650483378,ts-travel-service,9df55b68ad5e33e0,6215364175b90b1e,6215364175b90b1e,4049,200,GET,ts-travel-service
1650483378,ts-route-service,cd7940eda615176c,fcea03335c0b4627,6215364175b90b1e,2154,200,queryById,ts-travel-service
1650483378,ts-order-service,9b037da24af4c0a1,6d9787cad5296385,6d9787cad5296385,9378,200,POST,ts-order-service
1650483378,ts-order-service,6d9787cad5296385,,6d9787cad5296385,12621,200,queryOrdersForRefresh,no_parent
1650483378,ts-station-service,ae3cdd384b9dceed,9b037da24af4c0a1,6d9787cad5296385,7894,200,queryForNameBatch,ts-order-service
1650483378,ts-order-service,128aa3bf9a5b738f,ab41512116b9bf1a,b64a69f301939d46,3308,200,securityInfoCheck,ts-security-service
1650483378,ts-preserve-service,d87b6859bbe58c03,b64a69f301939d46,b64a69f301939d46,15844,200,GET,ts-preserve-service
1650483378,ts-security-service,b8d3a821067c9a3b,9264fd5dfa9d2eab,b64a69f301939d46,4809,200,GET,ts-security-service
1650483378,ts-security-service,9264fd5dfa9d2eab,d87b6859bbe58c03,b64a69f301939d46,14191,200,check,ts-preserve-service
1650483378,ts-order-other-service,3be8121b7a965ffa,b8d3a821067c9a3b,b64a69f301939d46,3605,200,securityInfoCheck,ts-security-service
1650483378,ts-security-service,ab41512116b9bf1a,9264fd5dfa9d2eab,b64a69f301939d46,4773,200,GET,ts-security-service
1650483378,ts-contacts-service,dd1d2f81d3104f0a,95267a55f20dad35,b64a69f301939d46,2730,200,getContactsByContactsId,ts-preserve-service
1650483378,ts-contacts-service,c54221daad3ec21e,,c54221daad3ec21e,3521,200,findContactsByAccountId,no_parent
1650483378,ts-verification-code-service,bbf60c031a0472bd,,bbf60c031a0472bd,2971,200,imageCode,no_parent
1650483378,ts-assurance-service,45b6dec5e213939f,,45b6dec5e213939f,1573,200,getAllAssuranceType,no_parent
1650483438,ts-travel-service,ed82cb35b8bf5c7d,af3647ef5405ad38,af3647ef5405ad38,2602,200,GET,ts-travel-service
1650483438,ts-travel-service,72b6903cd0c76059,af3647ef5405ad38,af3647ef5405ad38,8461,200,GET,ts-travel-service
1650483438,ts-travel-service,757cd34b222208af,af3647ef5405ad38,af3647ef5405ad38,11009,200,GET,ts-travel-service
1650483438,ts-basic-service,792d207e7fc16c9,628155a484ad79b1,af3647ef5405ad38,5558,200,queryForStationId,ts-ticketinfo-service
1650483438,ts-verification-code-service,cc0649982b66b3fa,eb02ac3119af895,ff5b65c58706e6aa,2092,200,verifyCode,ts-auth-service
1650483438,ts-auth-service,eb02ac3119af895,ff5b65c58706e6aa,ff5b65c58706e6aa,3900,200,GET,ts-auth-service
1650483438,ts-ticketinfo-service,60f984a6b3cf5629,757cd34b222208af,af3647ef5405ad38,9466,200,queryForStationId,ts-travel-service
1650483438,ts-travel-service,af3647ef5405ad38,,af3647ef5405ad38,43817,200,queryInfo,no_parent
1650483438,ts-travel-service,77e6c50729e26dd1,af3647ef5405ad38,af3647ef5405ad38,2330,200,GET,ts-travel-service
1650483438,ts-auth-service,ff5b65c58706e6aa,,ff5b65c58706e6aa,127906,200,getToken,no_parent
1650483438,ts-contacts-service,4a3c1e79341ab8ed,a6e3d76093e647a5,9f96db7f4776c2f5,2660,200,getContactsByContactsId,ts-preserve-service
1650483438,ts-security-service,6fb3d1457a62bbc9,d33845f5e04b8aea,9f96db7f4776c2f5,14334,200,check,ts-preserve-service
1650483438,ts-preserve-service,9f96db7f4776c2f5,,9f96db7f4776c2f5,22999,200,preserve,no_parent
1650483438,ts-verification-code-service,9994e200b2e254d3,,9994e200b2e254d3,3459,200,imageCode,no_parent
1650483438,ts-order-other-service,792c40e216aac045,55a588cc9b880018,9f96db7f4776c2f5,3656,200,securityInfoCheck,ts-security-service
1650483438,ts-security-service,5496e8ea173d7535,6fb3d1457a62bbc9,9f96db7f4776c2f5,4804,200,GET,ts-security-service
1650483438,ts-basic-service,216d3af20e4edb1,792d207e7fc16c9,af3647ef5405ad38,3356,200,GET,ts-basic-service
1650483438,ts-basic-service,745d329930aaaa9e,3788d0fa82362233,af3647ef5405ad38,2984,200,GET,ts-basic-service
1650483438,ts-basic-service,3788d0fa82362233,20f8589fab622c96,af3647ef5405ad38,5099,200,queryForStationId,ts-ticketinfo-service
1650483438,ts-station-service,ba829dd6f73ab7be,216d3af20e4edb1,af3647ef5405ad38,2339,200,queryForStationId,ts-basic-service
1650483438,ts-route-service,d27155219f1f6b63,c623b1c4edfbcf7b,af3647ef5405ad38,2160,200,queryById,ts-travel-service
1650483438,ts-route-service,6339483d585fedc,5e105971ec5ce321,af3647ef5405ad38,2683,200,queryById,ts-travel-service
1650483438,ts-route-service,52a621b4ee753993,77e6c50729e26dd1,af3647ef5405ad38,2185,200,queryById,ts-travel-service
1650483438,ts-station-service,a63ddad3f86484c8,745d329930aaaa9e,af3647ef5405ad38,2128,200,queryForStationId,ts-basic-service
1650483438,ts-ticketinfo-service,20f8589fab622c96,6b5de1d3643d4ecc,af3647ef5405ad38,5828,200,GET,ts-ticketinfo-service
1650483438,ts-ticketinfo-service,6b5de1d3643d4ecc,72b6903cd0c76059,af3647ef5405ad38,8190,200,queryForStationId,ts-travel-service
1650483438,ts-route-service,46cae36b14c2a5ab,49604014b61aa909,af3647ef5405ad38,2133,200,queryById,ts-travel-service
1650483438,ts-preserve-service,d33845f5e04b8aea,9f96db7f4776c2f5,9f96db7f4776c2f5,15943,200,GET,ts-preserve-service
1650483438,ts-order-service,45197468b4c4cc04,,45197468b4c4cc04,13700,200,queryOrdersForRefresh,no_parent
1650483438,ts-order-service,aa87c52decce4cc4,45197468b4c4cc04,45197468b4c4cc04,9771,200,POST,ts-order-service
1650483438,ts-station-service,470d54e59bd9eb93,aa87c52decce4cc4,45197468b4c4cc04,8355,200,queryForNameBatch,ts-order-service
1650483438,ts-order-service,efb9d95cf650992,5496e8ea173d7535,9f96db7f4776c2f5,3373,200,securityInfoCheck,ts-security-service
1650483438,ts-preserve-service,a6e3d76093e647a5,9f96db7f4776c2f5,9f96db7f4776c2f5,3786,200,GET,ts-preserve-service
1650483438,ts-route-service,328c5ce6f6295dc,ed82cb35b8bf5c7d,af3647ef5405ad38,2155,200,queryById,ts-travel-service
1650483438,ts-travel-service,49604014b61aa909,af3647ef5405ad38,af3647ef5405ad38,2242,200,GET,ts-travel-service
1650483438,ts-travel-service,c623b1c4edfbcf7b,af3647ef5405ad38,af3647ef5405ad38,2333,200,GET,ts-travel-service
1650483438,ts-ticketinfo-service,628155a484ad79b1,60f984a6b3cf5629,af3647ef5405ad38,6676,200,GET,ts-ticketinfo-service
1650483438,ts-security-service,55a588cc9b880018,6fb3d1457a62bbc9,9f96db7f4776c2f5,4809,200,GET,ts-security-service
1650483438,ts-travel-service,5e105971ec5ce321,af3647ef5405ad38,af3647ef5405ad38,4786,200,GET,ts-travel-service
1650483438,ts-contacts-service,46195d60edc11f6b,,46195d60edc11f6b,3334,200,findContactsByAccountId,no_parent
1650483438,ts-assurance-service,28bb171753f280d3,,28bb171753f280d3,1593,200,getAllAssuranceType,no_parent
1650483498,ts-travel-service,2058dacdbe2df2a8,9bec1f7ed3b0c8bf,9bec1f7ed3b0c8bf,11849,200,GET,ts-travel-service
1650483498,ts-order-other-service,ce4170679e07bb1e,5583f08e575eda9b,d1eda877d3a33eb9,3642,200,securityInfoCheck,ts-security-service
1650483498,ts-security-service,dbf1d811a6f08dfc,3b1f6e838907c1b7,d1eda877d3a33eb9,4650,200,GET,ts-security-service
1650483498,ts-security-service,5583f08e575eda9b,3b1f6e838907c1b7,d1eda877d3a33eb9,4680,200,GET,ts-security-service
1650483498,ts-ticketinfo-service,af411e807d0975b9,e2d76d56a597b3ec,9bec1f7ed3b0c8bf,7543,200,queryForStationId,ts-travel-service
1650483498,ts-travel-service,e2d76d56a597b3ec,9bec1f7ed3b0c8bf,9bec1f7ed3b0c8bf,8038,200,GET,ts-travel-service
1650483498,ts-basic-service,3d52ab6cedde26e3,463cc2669630396e,9bec1f7ed3b0c8bf,3194,200,GET,ts-basic-service
1650483498,ts-ticketinfo-service,9886b459c0d745db,bcfd14cf675363a3,9bec1f7ed3b0c8bf,7319,200,GET,ts-ticketinfo-service
1650483498,ts-ticketinfo-service,bcfd14cf675363a3,2058dacdbe2df2a8,9bec1f7ed3b0c8bf,10733,200,queryForStationId,ts-travel-service
1650483498,ts-travel-service,9bec1f7ed3b0c8bf,,9bec1f7ed3b0c8bf,52726,200,queryInfo,no_parent
1650483498,ts-route-service,a7b079db3dbc28e2,8accca04484a9068,9bec1f7ed3b0c8bf,2651,200,queryById,ts-travel-service
1650483498,ts-contacts-service,7f01f8d994cf8862,,7f01f8d994cf8862,5529,200,findContactsByAccountId,no_parent
1650483498,ts-security-service,3b1f6e838907c1b7,d87b7a5b2abbe2fb,d1eda877d3a33eb9,13583,200,check,ts-preserve-service
1650483498,ts-contacts-service,2d6d782c16a377a7,269a1f798dcf2bd,d1eda877d3a33eb9,3114,200,getContactsByContactsId,ts-preserve-service
1650483498,ts-order-service,6142f969e2973e71,dbf1d811a6f08dfc,d1eda877d3a33eb9,3312,200,securityInfoCheck,ts-security-service
1650483498,ts-preserve-service,d87b7a5b2abbe2fb,d1eda877d3a33eb9,d1eda877d3a33eb9,15219,200,GET,ts-preserve-service
1650483498,ts-assurance-service,ebb05246ed31f8a3,,ebb05246ed31f8a3,1201,200,getAllAssuranceType,no_parent
1650483498,ts-verification-code-service,149a4eae6efb9476,,149a4eae6efb9476,3005,200,imageCode,no_parent
1650483498,ts-preserve-service,d1eda877d3a33eb9,,d1eda877d3a33eb9,22640,200,preserve,no_parent
1650483498,ts-travel-service,3b61e5127884141d,9bec1f7ed3b0c8bf,9bec1f7ed3b0c8bf,2315,200,GET,ts-travel-service
1650483498,ts-travel-service,96331623f1e6733f,9bec1f7ed3b0c8bf,9bec1f7ed3b0c8bf,10629,200,GET,ts-travel-service
1650483498,ts-basic-service,cd2a2b6ffebf9b3b,a67f0544fd834cd9,9bec1f7ed3b0c8bf,4346,200,queryForStationId,ts-ticketinfo-service
1650483498,ts-basic-service,463cc2669630396e,9886b459c0d745db,9bec1f7ed3b0c8bf,5654,200,queryForStationId,ts-ticketinfo-service
1650483498,ts-station-service,e4dc28b95287dfca,3d52ab6cedde26e3,9bec1f7ed3b0c8bf,2092,200,queryForStationId,ts-basic-service
1650483498,ts-preserve-service,269a1f798dcf2bd,d1eda877d3a33eb9,d1eda877d3a33eb9,4318,200,GET,ts-preserve-service
1650483498,ts-route-service,a4e33b9c1ec2e971,e2817149dcf70660,9bec1f7ed3b0c8bf,2275,200,queryById,ts-travel-service
1650483498,ts-travel-service,4f8e55b0b5ac406d,9bec1f7ed3b0c8bf,9bec1f7ed3b0c8bf,3717,200,GET,ts-travel-service
1650483498,ts-basic-service,6425ce55b4f14859,cd2a2b6ffebf9b3b,9bec1f7ed3b0c8bf,2617,200,GET,ts-basic-service
1650483498,ts-station-service,85f4a4ac7dd8cc03,6425ce55b4f14859,9bec1f7ed3b0c8bf,2011,200,queryForStationId,ts-basic-service
1650483498,ts-auth-service,f8c10c716af377d3,67626bd9d599c3be,67626bd9d599c3be,3610,200,GET,ts-auth-service
1650483498,ts-auth-service,67626bd9d599c3be,,67626bd9d599c3be,108974,200,getToken,no_parent
1650483498,ts-route-service,afeee5e2fc4dd3c8,4f8e55b0b5ac406d,9bec1f7ed3b0c8bf,2635,200,queryById,ts-travel-service
1650483498,ts-route-service,fe4c68e3b4cf43d4,3b61e5127884141d,9bec1f7ed3b0c8bf,2166,200,queryById,ts-travel-service
1650483498,ts-ticketinfo-service,a67f0544fd834cd9,af411e807d0975b9,9bec1f7ed3b0c8bf,5159,200,GET,ts-ticketinfo-service
1650483498,ts-travel-service,8accca04484a9068,9bec1f7ed3b0c8bf,9bec1f7ed3b0c8bf,3151,200,GET,ts-travel-service
1650483498,ts-verification-code-service,ffdc306248b6ae69,f8c10c716af377d3,67626bd9d599c3be,2076,200,verifyCode,ts-auth-service
1650483498,ts-travel-service,e2817149dcf70660,9bec1f7ed3b0c8bf,9bec1f7ed3b0c8bf,2358,200,GET,ts-travel-service
1650483498,ts-station-service,cf39cae610613b33,73a21cd6a9d764c8,1295366be67edb66,7924,200,queryForNameBatch,ts-order-service
1650483498,ts-route-service,d7fe137072cf042,96331623f1e6733f,9bec1f7ed3b0c8bf,10590,200,queryById,ts-travel-service
1650483498,ts-order-service,1295366be67edb66,,1295366be67edb66,12698,200,queryOrdersForRefresh,no_parent
1650483498,ts-order-service,73a21cd6a9d764c8,1295366be67edb66,1295366be67edb66,9396,200,POST,ts-order-service
1650483559,ts-auth-service,833c1c20e0625339,,833c1c20e0625339,115158,200,getToken,no_parent
1650483559,ts-auth-service,c54aa9a471b564d1,833c1c20e0625339,833c1c20e0625339,3977,200,GET,ts-auth-service
1650483559,ts-travel-service,8a4c9d6fb9bd2716,5183b305d1bc7450,5183b305d1bc7450,2343,200,GET,ts-travel-service
1650483559,ts-travel-service,3745dc1aa21dfa0d,5183b305d1bc7450,5183b305d1bc7450,4126,200,GET,ts-travel-service
1650483559,ts-route-service,c6fea2d0c9031e56,4ceeecd9ee4972a7,5183b305d1bc7450,2216,200,queryById,ts-travel-service
1650483559,ts-route-service,4d270f1d0a56e669,3745dc1aa21dfa0d,5183b305d1bc7450,2752,200,queryById,ts-travel-service
1650483559,ts-verification-code-service,43eefdf97ddc9db6,c54aa9a471b564d1,833c1c20e0625339,2147,200,verifyCode,ts-auth-service
1650483559,ts-travel-service,c1a18d1220a27beb,5183b305d1bc7450,5183b305d1bc7450,8253,200,GET,ts-travel-service
1650483559,ts-travel-service,4ceeecd9ee4972a7,5183b305d1bc7450,5183b305d1bc7450,2288,200,GET,ts-travel-service
1650483559,ts-travel-service,11781c7a313ea59c,5183b305d1bc7450,5183b305d1bc7450,11361,200,GET,ts-travel-service
1650483559,ts-ticketinfo-service,2b75f0e9204a8435,8ef3f68dbbe9cb83,5183b305d1bc7450,5535,200,GET,ts-ticketinfo-service
1650483559,ts-ticketinfo-service,3460973f8caa320,11781c7a313ea59c,5183b305d1bc7450,9766,200,queryForStationId,ts-travel-service
1650483559,ts-route-service,c052951331a1b050,8a4c9d6fb9bd2716,5183b305d1bc7450,2203,200,queryById,ts-travel-service
1650483559,ts-route-service,7f5c3d11ef7c1157,dd51b4797e3927a1,5183b305d1bc7450,2132,200,queryById,ts-travel-service
1650483559,ts-route-service,d8f2f6c29b1385d2,65d6bd2bff50613a,5183b305d1bc7450,2112,200,queryById,ts-travel-service
1650483559,ts-order-service,e804e3f7a6835486,34fb2a1d1f7b734d,437b210a4dbc86ed,3441,200,securityInfoCheck,ts-security-service
1650483559,ts-contacts-service,3c4d9d84125298dd,,3c4d9d84125298dd,4662,200,findContactsByAccountId,no_parent
1650483559,ts-security-service,7bdcef4289765b0c,e5f27b192f4059f7,437b210a4dbc86ed,13662,200,check,ts-preserve-service
1650483559,ts-contacts-service,289ecc452608b342,b1ffa7288b3dc915,437b210a4dbc86ed,2804,200,getContactsByContactsId,ts-preserve-service
1650483559,ts-preserve-service,e5f27b192f4059f7,437b210a4dbc86ed,437b210a4dbc86ed,15164,200,GET,ts-preserve-service
1650483559,ts-order-other-service,95a86ca41f9968d8,cd23283c51b6c978,437b210a4dbc86ed,2920,200,securityInfoCheck,ts-security-service
1650483559,ts-security-service,34fb2a1d1f7b734d,7bdcef4289765b0c,437b210a4dbc86ed,4846,200,GET,ts-security-service
1650483559,ts-travel-service,5183b305d1bc7450,,5183b305d1bc7450,42855,200,queryInfo,no_parent
1650483559,ts-ticketinfo-service,54e781256b1a99d1,3460973f8caa320,5183b305d1bc7450,7159,200,GET,ts-ticketinfo-service
1650483559,ts-station-service,f9589eaf20977300,b7dc8453ee6ac86d,5183b305d1bc7450,2276,200,queryForStationId,ts-basic-service
1650483559,ts-station-service,6b870ef971a4df4e,ab753da9e702a18c,5183b305d1bc7450,2097,200,queryForStationId,ts-basic-service
1650483559,ts-basic-service,e64ce7a46cd60a1e,54e781256b1a99d1,5183b305d1bc7450,5847,200,queryForStationId,ts-ticketinfo-service
1650483559,ts-basic-service,ab753da9e702a18c,7feb082b340c88de,5183b305d1bc7450,2818,200,GET,ts-basic-service
1650483559,ts-travel-service,dd51b4797e3927a1,5183b305d1bc7450,5183b305d1bc7450,2540,200,GET,ts-travel-service
1650483559,ts-order-service,a60ceb9205fe85a6,,a60ceb9205fe85a6,15366,200,queryOrdersForRefresh,no_parent
1650483559,ts-order-service,9f261debce006d8c,a60ceb9205fe85a6,a60ceb9205fe85a6,12414,200,POST,ts-order-service
1650483559,ts-station-service,38387c5b31265211,9f261debce006d8c,a60ceb9205fe85a6,10480,200,queryForNameBatch,ts-order-service
1650483559,ts-basic-service,7feb082b340c88de,2b75f0e9204a8435,5183b305d1bc7450,4811,200,queryForStationId,ts-ticketinfo-service
1650483559,ts-verification-code-service,4883eceee70f8665,,4883eceee70f8665,2999,200,imageCode,no_parent
1650483559,ts-travel-service,65d6bd2bff50613a,5183b305d1bc7450,5183b305d1bc7450,2241,200,GET,ts-travel-service
1650483559,ts-ticketinfo-service,8ef3f68dbbe9cb83,c1a18d1220a27beb,5183b305d1bc7450,7863,200,queryForStationId,ts-travel-service
1650483559,ts-basic-service,b7dc8453ee6ac86d,e64ce7a46cd60a1e,5183b305d1bc7450,3405,200,GET,ts-basic-service
1650483559,ts-preserve-service,b1ffa7288b3dc915,437b210a4dbc86ed,437b210a4dbc86ed,3856,200,GET,ts-preserve-service
1650483559,ts-security-service,cd23283c51b6c978,7bdcef4289765b0c,437b210a4dbc86ed,4513,200,GET,ts-security-service
1650483559,ts-preserve-service,437b210a4dbc86ed,,437b210a4dbc86ed,21779,200,preserve,no_parent
1650483559,ts-assurance-service,339c1566195e794a,,339c1566195e794a,1625,200,getAllAssuranceType,no_parent
1650483619,ts-station-service,ac9401b0a0c387b8,39cb1d5dff66ea61,44ec8e70cdc53f04,2099,200,queryForStationId,ts-basic-service
1650483619,ts-travel-service,c85207a2777cd4ac,44ec8e70cdc53f04,44ec8e70cdc53f04,11119,200,GET,ts-travel-service
1650483619,ts-travel-service,6aa719d0a9224aa0,44ec8e70cdc53f04,44ec8e70cdc53f04,8583,200,GET,ts-travel-service
1650483619,ts-contacts-service,9b271b464f90b9c8,cf342b5e018d7dee,b546d7a244705aa7,3142,200,getContactsByContactsId,ts-preserve-service
1650483619,ts-security-service,b77e8d0e42a99110,cc71f33082d9bbf3,b546d7a244705aa7,4593,200,GET,ts-security-service
1650483619,ts-basic-service,7ed5e1e6dbb7934b,a0d92c9c656c7c58,44ec8e70cdc53f04,3345,200,GET,ts-basic-service
1650483619,ts-basic-service,ea9aad125126b88,7cc12b599e44191b,44ec8e70cdc53f04,5026,200,queryForStationId,ts-ticketinfo-service
1650483619,ts-route-service,4a7c4d45bd7773b6,de26098883e956ba,44ec8e70cdc53f04,2156,200,queryById,ts-travel-service
1650483619,ts-route-service,fb7c1579f602af0c,ca6cf5e6f9b8f1d2,44ec8e70cdc53f04,2037,200,queryById,ts-travel-service
1650483619,ts-route-service,4899f45c1d202dc2,e6172b59df5e833c,44ec8e70cdc53f04,2253,200,queryById,ts-travel-service
1650483619,ts-travel-service,44ec8e70cdc53f04,,44ec8e70cdc53f04,42302,200,queryInfo,no_parent
1650483619,ts-station-service,cfce064ec07aa74e,7ed5e1e6dbb7934b,44ec8e70cdc53f04,2200,200,queryForStationId,ts-basic-service
1650483619,ts-travel-service,ca6cf5e6f9b8f1d2,44ec8e70cdc53f04,44ec8e70cdc53f04,2243,200,GET,ts-travel-service
1650483619,ts-travel-service,e6172b59df5e833c,44ec8e70cdc53f04,44ec8e70cdc53f04,2273,200,GET,ts-travel-service
1650483619,ts-basic-service,a0d92c9c656c7c58,fadf44d6e72435a7,44ec8e70cdc53f04,5704,200,queryForStationId,ts-ticketinfo-service
1650483619,ts-basic-service,39cb1d5dff66ea61,ea9aad125126b88,44ec8e70cdc53f04,2927,200,GET,ts-basic-service
1650483619,ts-order-other-service,29b94cc0f0596887,5eba3000d4f1da8a,b546d7a244705aa7,3567,200,securityInfoCheck,ts-security-service
1650483619,ts-order-service,499d4825414d2956,b77e8d0e42a99110,b546d7a244705aa7,3744,200,securityInfoCheck,ts-security-service
1650483619,ts-preserve-service,f16a09aaea0d7314,b546d7a244705aa7,b546d7a244705aa7,15853,200,GET,ts-preserve-service
1650483619,ts-preserve-service,cf342b5e018d7dee,b546d7a244705aa7,b546d7a244705aa7,4256,200,GET,ts-preserve-service
1650483619,ts-travel-service,53a4a69f9fd0dea,44ec8e70cdc53f04,44ec8e70cdc53f04,2324,200,GET,ts-travel-service
1650483619,ts-travel-service,de26098883e956ba,44ec8e70cdc53f04,44ec8e70cdc53f04,2611,200,GET,ts-travel-service
1650483619,ts-route-service,32afd95dbd676f2d,d09c74c6212f9705,44ec8e70cdc53f04,2736,200,queryById,ts-travel-service
1650483619,ts-ticketinfo-service,7cc12b599e44191b,1ae2d7fb930a9e0f,44ec8e70cdc53f04,5897,200,GET,ts-ticketinfo-service
1650483619,ts-ticketinfo-service,1ae2d7fb930a9e0f,6aa719d0a9224aa0,44ec8e70cdc53f04,8135,200,queryForStationId,ts-travel-service
1650483619,ts-route-service,fdade4b2f7832765,53a4a69f9fd0dea,44ec8e70cdc53f04,2184,200,queryById,ts-travel-service
1650483619,ts-travel-service,d09c74c6212f9705,44ec8e70cdc53f04,44ec8e70cdc53f04,4183,200,GET,ts-travel-service
1650483619,ts-ticketinfo-service,fadf44d6e72435a7,8d147b2f75a5e96b,44ec8e70cdc53f04,6836,200,GET,ts-ticketinfo-service
1650483619,ts-preserve-service,b546d7a244705aa7,,b546d7a244705aa7,23411,200,preserve,no_parent
1650483619,ts-security-service,5eba3000d4f1da8a,cc71f33082d9bbf3,b546d7a244705aa7,4898,200,GET,ts-security-service
1650483619,ts-ticketinfo-service,8d147b2f75a5e96b,c85207a2777cd4ac,44ec8e70cdc53f04,9517,200,queryForStationId,ts-travel-service
1650483619,ts-security-service,cc71f33082d9bbf3,f16a09aaea0d7314,b546d7a244705aa7,14275,200,check,ts-preserve-service
1650483619,ts-contacts-service,4799331ca76647e2,,4799331ca76647e2,3911,200,findContactsByAccountId,no_parent
1650483619,ts-assurance-service,56f6b132013a3fe0,,56f6b132013a3fe0,1648,200,getAllAssuranceType,no_parent
1650483619,ts-verification-code-service,deb5cce10f779dda,,deb5cce10f779dda,3010,200,imageCode,no_parent
1650483619,ts-order-service,8923c41108e5c905,,8923c41108e5c905,12461,200,queryOrdersForRefresh,no_parent
1650483619,ts-station-service,eb5693109abbec5f,b5041f724ddad8cc,8923c41108e5c905,7660,200,queryForNameBatch,ts-order-service
1650483619,ts-auth-service,a478f139fb692599,,a478f139fb692599,117011,200,getToken,no_parent
1650483619,ts-verification-code-service,fe8514f736c7a98d,c895411fa6b8ae3c,a478f139fb692599,2294,200,verifyCode,ts-auth-service
1650483619,ts-auth-service,c895411fa6b8ae3c,a478f139fb692599,a478f139fb692599,4177,200,GET,ts-auth-service
1650483619,ts-order-service,b5041f724ddad8cc,8923c41108e5c905,8923c41108e5c905,9206,200,POST,ts-order-service
1650483679,ts-security-service,25da504c39250631,1186f2f0bab984fa,8bce9820e337c556,4988,200,GET,ts-security-service
1650483679,ts-travel-service,530f2c392b3540fa,ca14d9875109f38a,ca14d9875109f38a,2319,200,GET,ts-travel-service
1650483679,ts-preserve-service,35d3d6fe1a95bb66,8bce9820e337c556,8bce9820e337c556,3850,200,GET,ts-preserve-service
1650483679,ts-order-other-service,457823e947df71a7,1089bf7df972383a,8bce9820e337c556,3591,200,securityInfoCheck,ts-security-service
1650483679,ts-security-service,1089bf7df972383a,1186f2f0bab984fa,8bce9820e337c556,4893,200,GET,ts-security-service
1650483679,ts-travel-service,acb2b8bf690e25ca,ca14d9875109f38a,ca14d9875109f38a,2687,200,GET,ts-travel-service
1650483679,ts-ticketinfo-service,a274a8ef8262cd89,c2bf17242ebc0e26,ca14d9875109f38a,9439,200,queryForStationId,ts-travel-service
1650483679,ts-preserve-service,e554a68941f5ac63,8bce9820e337c556,8bce9820e337c556,16650,200,GET,ts-preserve-service
1650483679,ts-preserve-service,8bce9820e337c556,,8bce9820e337c556,23634,200,preserve,no_parent
1650483679,ts-route-service,20fd31aabd56541b,87079e84065f7c95,ca14d9875109f38a,2736,200,queryById,ts-travel-service
1650483679,ts-travel-service,c2bf17242ebc0e26,ca14d9875109f38a,ca14d9875109f38a,10956,200,GET,ts-travel-service
1650483679,ts-basic-service,324fd1a614534c3b,6430cefed6a7d168,ca14d9875109f38a,3170,200,GET,ts-basic-service
1650483679,ts-travel-service,549f0d355e11bf3a,ca14d9875109f38a,ca14d9875109f38a,8338,200,GET,ts-travel-service
1650483679,ts-travel-service,87079e84065f7c95,ca14d9875109f38a,ca14d9875109f38a,3944,200,GET,ts-travel-service
1650483679,ts-security-service,1186f2f0bab984fa,e554a68941f5ac63,8bce9820e337c556,14539,200,check,ts-preserve-service
1650483679,ts-order-service,91d75eb0c5a8f5a0,25da504c39250631,8bce9820e337c556,3551,200,securityInfoCheck,ts-security-service
1650483679,ts-route-service,8e64c394874dcc21,acb2b8bf690e25ca,ca14d9875109f38a,2537,200,queryById,ts-travel-service
1650483679,ts-route-service,e9d30b22ff37a48d,530f2c392b3540fa,ca14d9875109f38a,2157,200,queryById,ts-travel-service
1650483679,ts-contacts-service,101ee468743a675a,35d3d6fe1a95bb66,8bce9820e337c556,2927,200,getContactsByContactsId,ts-preserve-service
1650483679,ts-basic-service,c44c560a2ef32ef4,bfa2ffd0c4f5ede4,ca14d9875109f38a,4905,200,queryForStationId,ts-ticketinfo-service
1650483679,ts-station-service,cf8fc46c1fae0706,324fd1a614534c3b,ca14d9875109f38a,2162,200,queryForStationId,ts-basic-service
1650483679,ts-travel-service,ca14d9875109f38a,,ca14d9875109f38a,42856,200,queryInfo,no_parent
1650483679,ts-basic-service,6430cefed6a7d168,8c9f92c7c6c27803,ca14d9875109f38a,5529,200,queryForStationId,ts-ticketinfo-service
1650483679,ts-basic-service,d374ac7b5bf689a4,c44c560a2ef32ef4,ca14d9875109f38a,2823,200,GET,ts-basic-service
1650483679,ts-station-service,da27c1fd0e4c5173,d374ac7b5bf689a4,ca14d9875109f38a,2077,200,queryForStationId,ts-basic-service
1650483679,ts-route-service,441091dde0826d3f,75e6b27e877ecdbc,ca14d9875109f38a,2179,200,queryById,ts-travel-service
1650483679,ts-ticketinfo-service,bfa2ffd0c4f5ede4,9654afac9586de8b,ca14d9875109f38a,5656,200,GET,ts-ticketinfo-service
1650483679,ts-ticketinfo-service,8c9f92c7c6c27803,a274a8ef8262cd89,ca14d9875109f38a,6774,200,GET,ts-ticketinfo-service
1650483679,ts-ticketinfo-service,9654afac9586de8b,549f0d355e11bf3a,ca14d9875109f38a,7970,200,queryForStationId,ts-travel-service
1650483679,ts-route-service,8d339e6ccd289fd7,2b47c3c32c515b0e,ca14d9875109f38a,2170,200,queryById,ts-travel-service
1650483679,ts-travel-service,75e6b27e877ecdbc,ca14d9875109f38a,ca14d9875109f38a,2587,200,GET,ts-travel-service
1650483679,ts-travel-service,2b47c3c32c515b0e,ca14d9875109f38a,ca14d9875109f38a,2318,200,GET,ts-travel-service
1650483679,ts-order-service,244d59a8125a7217,49afd5530381b187,49afd5530381b187,9698,200,POST,ts-order-service
1650483679,ts-order-service,49afd5530381b187,,49afd5530381b187,13057,200,queryOrdersForRefresh,no_parent
1650483679,ts-assurance-service,24d9b06d376c9ade,,24d9b06d376c9ade,1624,200,getAllAssuranceType,no_parent
1650483679,ts-contacts-service,2fa0a29e41ae1076,,2fa0a29e41ae1076,5897,200,findContactsByAccountId,no_parent
1650483679,ts-verification-code-service,e74ff3457957c7e7,864dcb96ef9281ec,68da5e8865462b8c,1974,200,verifyCode,ts-auth-service
1650483679,ts-station-service,173ddb42c1315104,244d59a8125a7217,49afd5530381b187,8193,200,queryForNameBatch,ts-order-service
1650483679,ts-verification-code-service,9bc84d38d365a89c,,9bc84d38d365a89c,2971,200,imageCode,no_parent
1650483679,ts-auth-service,864dcb96ef9281ec,68da5e8865462b8c,68da5e8865462b8c,3713,200,GET,ts-auth-service
1650483679,ts-auth-service,68da5e8865462b8c,,68da5e8865462b8c,115026,200,getToken,no_parent
1650483739,ts-order-other-service,dd8ba1ccf2a4cf23,b959a653f3bdbcd8,c503c233c49aa244,3541,200,securityInfoCheck,ts-security-service
1650483739,ts-preserve-service,ec477e1acea7d900,c503c233c49aa244,c503c233c49aa244,15300,200,GET,ts-preserve-service
1650483739,ts-station-service,8526b8ca885487,cdba30874d449a63,113218200881eebb,7990,200,queryForNameBatch,ts-order-service
1650483739,ts-order-service,113218200881eebb,,113218200881eebb,12527,200,queryOrdersForRefresh,no_parent
1650483739,ts-order-service,cdba30874d449a63,113218200881eebb,113218200881eebb,9499,200,POST,ts-order-service
1650483739,ts-preserve-service,c503c233c49aa244,,c503c233c49aa244,22232,200,preserve,no_parent
1650483739,ts-contacts-service,70e2580ec2fda5b9,3d8940ed7f7c27bf,c503c233c49aa244,2571,200,getContactsByContactsId,ts-preserve-service
1650483739,ts-preserve-service,3d8940ed7f7c27bf,c503c233c49aa244,c503c233c49aa244,3798,200,GET,ts-preserve-service
1650483739,ts-security-service,55a3d4b365e1c316,ec477e1acea7d900,c503c233c49aa244,13865,200,check,ts-preserve-service
1650483739,ts-security-service,f48851294d1fbedf,55a3d4b365e1c316,c503c233c49aa244,4521,200,GET,ts-security-service
1650483739,ts-security-service,b959a653f3bdbcd8,55a3d4b365e1c316,c503c233c49aa244,4728,200,GET,ts-security-service
1650483739,ts-order-service,13a92d01e91cbac2,f48851294d1fbedf,c503c233c49aa244,3264,200,securityInfoCheck,ts-security-service
1650483739,ts-verification-code-service,a0cb927a22a8e8eb,2fef25ec0f1762de,2be5d1a84b2ca79,2095,200,verifyCode,ts-auth-service
1650483739,ts-auth-service,2fef25ec0f1762de,2be5d1a84b2ca79,2be5d1a84b2ca79,3734,200,GET,ts-auth-service
1650483739,ts-auth-service,2be5d1a84b2ca79,,2be5d1a84b2ca79,115959,200,getToken,no_parent
1650483739,ts-contacts-service,e3b1dcb591cd9289,,e3b1dcb591cd9289,3793,200,findContactsByAccountId,no_parent
1650483739,ts-verification-code-service,5e90bd31b71c3bf1,,5e90bd31b71c3bf1,3168,200,imageCode,no_parent
1650483740,ts-travel-service,1abb03940e72ebac,d702d84659e407c4,d702d84659e407c4,2261,200,GET,ts-travel-service
1650483740,ts-route-service,5a44d2b924ff9abd,a525152152b9b995,d702d84659e407c4,2203,200,queryById,ts-travel-service
1650483740,ts-travel-service,a381ac8c66fe1e2d,d702d84659e407c4,d702d84659e407c4,11512,200,GET,ts-travel-service
1650483740,ts-route-service,a06e5237e6cfd4d2,6ae20234b6f714f8,d702d84659e407c4,2253,200,queryById,ts-travel-service
1650483740,ts-ticketinfo-service,c41bab94d23fb440,80f5c826b2b9a034,d702d84659e407c4,5608,200,GET,ts-ticketinfo-service
1650483740,ts-travel-service,f7ac425aab322973,d702d84659e407c4,d702d84659e407c4,2805,200,GET,ts-travel-service
1650483740,ts-travel-service,6ae20234b6f714f8,d702d84659e407c4,d702d84659e407c4,2361,200,GET,ts-travel-service
1650483740,ts-travel-service,5b7343bcd692ab49,d702d84659e407c4,d702d84659e407c4,8380,200,GET,ts-travel-service
1650483740,ts-ticketinfo-service,80f5c826b2b9a034,5b7343bcd692ab49,d702d84659e407c4,7978,200,queryForStationId,ts-travel-service
1650483740,ts-ticketinfo-service,27610eee6c97a4f1,a381ac8c66fe1e2d,d702d84659e407c4,9995,200,queryForStationId,ts-travel-service
1650483740,ts-basic-service,5ceffd39d3010d4b,f07e47dc37987216,d702d84659e407c4,6057,200,queryForStationId,ts-ticketinfo-service
1650483740,ts-basic-service,d1e20c1b63deb1f1,76e04d52c3928012,d702d84659e407c4,2821,200,GET,ts-basic-service
1650483740,ts-travel-service,9e32065095f46212,d702d84659e407c4,d702d84659e407c4,7530,200,GET,ts-travel-service
1650483740,ts-route-service,81342a4aeec9c960,1abb03940e72ebac,d702d84659e407c4,2124,200,queryById,ts-travel-service
1650483740,ts-travel-service,d702d84659e407c4,,d702d84659e407c4,46294,200,queryInfo,no_parent
1650483740,ts-travel-service,a525152152b9b995,d702d84659e407c4,d702d84659e407c4,2341,200,GET,ts-travel-service
1650483740,ts-ticketinfo-service,f07e47dc37987216,27610eee6c97a4f1,d702d84659e407c4,7150,200,GET,ts-ticketinfo-service
1650483740,ts-route-service,50347d785a493f60,9e32065095f46212,d702d84659e407c4,5790,200,queryById,ts-travel-service
1650483740,ts-route-service,2650c194bf0ba968,f7ac425aab322973,d702d84659e407c4,2131,200,queryById,ts-travel-service
1650483740,ts-station-service,595c460df1d42e0d,d1e20c1b63deb1f1,d702d84659e407c4,2119,200,queryForStationId,ts-basic-service
1650483740,ts-station-service,6c52238a91475762,9e070c2de271e1eb,d702d84659e407c4,2397,200,queryForStationId,ts-basic-service
1650483740,ts-basic-service,9e070c2de271e1eb,5ceffd39d3010d4b,d702d84659e407c4,3553,200,GET,ts-basic-service
1650483740,ts-basic-service,76e04d52c3928012,c41bab94d23fb440,d702d84659e407c4,4864,200,queryForStationId,ts-ticketinfo-service
1650483740,ts-assurance-service,79f3e5a58ece6f9d,,79f3e5a58ece6f9d,1594,200,getAllAssuranceType,no_parent
1650483800,ts-ticketinfo-service,8f6a8d3ab85b704f,10acf610023d9555,44ffcf9e744ee2da,7742,200,GET,ts-ticketinfo-service
1650483800,ts-basic-service,2ec032af2a528fd5,af66c1ba978ae126,44ffcf9e744ee2da,5171,200,queryForStationId,ts-ticketinfo-service
1650483800,ts-route-service,c3313530a2929fac,b1dbfbe00535188e,44ffcf9e744ee2da,2216,200,queryById,ts-travel-service
1650483800,ts-basic-service,fdae489717ee987,fb8ea111ebd70769,44ffcf9e744ee2da,3409,200,GET,ts-basic-service
1650483800,ts-travel-service,44ffcf9e744ee2da,,44ffcf9e744ee2da,46989,200,queryInfo,no_parent
1650483800,ts-travel-service,b1dbfbe00535188e,44ffcf9e744ee2da,44ffcf9e744ee2da,2303,200,GET,ts-travel-service
1650483800,ts-route-service,667d8db90b96dca9,18e9645e3d5671fb,44ffcf9e744ee2da,2336,200,queryById,ts-travel-service
1650483800,ts-travel-service,fd8329ceb771db4e,44ffcf9e744ee2da,44ffcf9e744ee2da,2294,200,GET,ts-travel-service
1650483800,ts-travel-service,735ae9e8b060d967,44ffcf9e744ee2da,44ffcf9e744ee2da,14329,200,GET,ts-travel-service
1650483800,ts-travel-service,d4e08ea8725841ec,44ffcf9e744ee2da,44ffcf9e744ee2da,4056,200,GET,ts-travel-service
1650483800,ts-travel-service,bf9a87e1834cd0ba,44ffcf9e744ee2da,44ffcf9e744ee2da,8999,200,GET,ts-travel-service
1650483800,ts-verification-code-service,7c3088c7f3150798,68a18e3612a42b64,c60d45dae58b36e6,2018,200,verifyCode,ts-auth-service
1650483800,ts-auth-service,68a18e3612a42b64,c60d45dae58b36e6,c60d45dae58b36e6,4343,200,GET,ts-auth-service
1650483800,ts-auth-service,c60d45dae58b36e6,,c60d45dae58b36e6,111452,200,getToken,no_parent
1650483800,ts-route-service,b93c7e2653d7d5dc,d4e08ea8725841ec,44ffcf9e744ee2da,2697,200,queryById,ts-travel-service
1650483800,ts-travel-service,18e9645e3d5671fb,44ffcf9e744ee2da,44ffcf9e744ee2da,2790,200,GET,ts-travel-service
1650483800,ts-basic-service,fb8ea111ebd70769,8f6a8d3ab85b704f,44ffcf9e744ee2da,5866,200,queryForStationId,ts-ticketinfo-service
1650483800,ts-basic-service,1ace3b3c29aa694e,2ec032af2a528fd5,44ffcf9e744ee2da,2793,200,GET,ts-basic-service
1650483800,ts-ticketinfo-service,10acf610023d9555,735ae9e8b060d967,44ffcf9e744ee2da,12393,200,queryForStationId,ts-travel-service
1650483800,ts-station-service,b5c256d3cc7d72a5,fdae489717ee987,44ffcf9e744ee2da,2246,200,queryForStationId,ts-basic-service
1650483800,ts-station-service,1a30336686e43b6e,1ace3b3c29aa694e,44ffcf9e744ee2da,2066,200,queryForStationId,ts-basic-service
1650483800,ts-contacts-service,685cce5c40c74b74,,685cce5c40c74b74,3348,200,findContactsByAccountId,no_parent
1650483800,ts-preserve-service,e2d5278e71824d92,,e2d5278e71824d92,22805,200,preserve,no_parent
1650483800,ts-preserve-service,da0d73479e22a54d,e2d5278e71824d92,e2d5278e71824d92,3709,200,GET,ts-preserve-service
1650483800,ts-order-other-service,c25611c12ff93b47,a37d2032c88dda9,e2d5278e71824d92,3469,200,securityInfoCheck,ts-security-service
1650483800,ts-security-service,7ad625bd06375e19,6f4a69b5315e2498,e2d5278e71824d92,4873,200,GET,ts-security-service
1650483800,ts-security-service,a37d2032c88dda9,6f4a69b5315e2498,e2d5278e71824d92,4753,200,GET,ts-security-service
1650483800,ts-contacts-service,64b00418d1629007,da0d73479e22a54d,e2d5278e71824d92,2435,200,getContactsByContactsId,ts-preserve-service
1650483800,ts-travel-service,ead320cc1c3703e5,44ffcf9e744ee2da,44ffcf9e744ee2da,2329,200,GET,ts-travel-service
1650483800,ts-route-service,756dac3ec9582624,fd8329ceb771db4e,44ffcf9e744ee2da,2165,200,queryById,ts-travel-service
1650483800,ts-route-service,601dfa2bec78150a,ead320cc1c3703e5,44ffcf9e744ee2da,2241,200,queryById,ts-travel-service
1650483800,ts-order-service,8513bc52ac13dc75,7ad625bd06375e19,e2d5278e71824d92,3499,200,securityInfoCheck,ts-security-service
1650483800,ts-preserve-service,7aad785df86ab446,e2d5278e71824d92,e2d5278e71824d92,16054,200,GET,ts-preserve-service
1650483800,ts-security-service,6f4a69b5315e2498,7aad785df86ab446,e2d5278e71824d92,14362,200,check,ts-preserve-service
1650483800,ts-ticketinfo-service,cc2d65ca6adc76af,bf9a87e1834cd0ba,44ffcf9e744ee2da,8591,200,queryForStationId,ts-travel-service
1650483800,ts-ticketinfo-service,af66c1ba978ae126,cc2d65ca6adc76af,44ffcf9e744ee2da,6019,200,GET,ts-ticketinfo-service
1650483800,ts-station-service,96a3ca996386c81a,a05b627a6033b996,88e77f74fb22b83f,8161,200,queryForNameBatch,ts-order-service
1650483800,ts-verification-code-service,c8a5bc5820898b58,,c8a5bc5820898b58,3027,200,imageCode,no_parent
1650483800,ts-order-service,a05b627a6033b996,88e77f74fb22b83f,88e77f74fb22b83f,9801,200,POST,ts-order-service
1650483800,ts-order-service,88e77f74fb22b83f,,88e77f74fb22b83f,13231,200,queryOrdersForRefresh,no_parent
1650483800,ts-assurance-service,7cf5b2fe84da75c2,,7cf5b2fe84da75c2,1584,200,getAllAssuranceType,no_parent
1650483860,ts-security-service,66fa6f2b5f6ce71c,ca9e3e6aa25cf68e,bf7fd77ee052eef8,4273,200,GET,ts-security-service
1650483860,ts-contacts-service,e4bdf64c603479aa,138de67e84bd0b5,bf7fd77ee052eef8,2601,200,getContactsByContactsId,ts-preserve-service
1650483860,ts-ticketinfo-service,344ab4a25fb5c2d1,591186b78c9d512d,125ff30be600626d,7026,200,GET,ts-ticketinfo-service
1650483860,ts-ticketinfo-service,19c10a11c5fbced9,81e5299aeccc9b52,125ff30be600626d,7849,200,queryForStationId,ts-travel-service
1650483860,ts-basic-service,62f01fe2f96b4366,9ba842b407182458,125ff30be600626d,2743,200,GET,ts-basic-service
1650483860,ts-basic-service,9ba842b407182458,4d4688ce9afb914b,125ff30be600626d,4735,200,queryForStationId,ts-ticketinfo-service
1650483860,ts-preserve-service,bf7fd77ee052eef8,,bf7fd77ee052eef8,21785,200,preserve,no_parent
1650483860,ts-route-service,9d66b9771472fe67,a835c488d597e3f2,125ff30be600626d,2227,200,queryById,ts-travel-service
1650483860,ts-route-service,1e475def57768abf,2727b9653826f221,125ff30be600626d,2121,200,queryById,ts-travel-service
1650483860,ts-security-service,ca9e3e6aa25cf68e,43e8af9141afca6,bf7fd77ee052eef8,13290,200,check,ts-preserve-service
1650483860,ts-basic-service,9439b4d42f90947d,c96c4e82747ad56c,125ff30be600626d,3325,200,GET,ts-basic-service
1650483860,ts-order-service,32aeaf5c7248c211,36936a62c811ee43,bf7fd77ee052eef8,3379,200,securityInfoCheck,ts-security-service
1650483860,ts-preserve-service,138de67e84bd0b5,bf7fd77ee052eef8,bf7fd77ee052eef8,3763,200,GET,ts-preserve-service
1650483860,ts-preserve-service,43e8af9141afca6,bf7fd77ee052eef8,bf7fd77ee052eef8,14933,200,GET,ts-preserve-service
1650483860,ts-station-service,bfffd95a2ac96654,9439b4d42f90947d,125ff30be600626d,2159,200,queryForStationId,ts-basic-service
1650483860,ts-ticketinfo-service,591186b78c9d512d,ee10d0a878cfb7bc,125ff30be600626d,9685,200,queryForStationId,ts-travel-service
1650483860,ts-ticketinfo-service,4d4688ce9afb914b,19c10a11c5fbced9,125ff30be600626d,5557,200,GET,ts-ticketinfo-service
1650483860,ts-route-service,f0da44e716f2cef0,ad7114bc7c661ab2,125ff30be600626d,2649,200,queryById,ts-travel-service
1650483860,ts-security-service,36936a62c811ee43,ca9e3e6aa25cf68e,bf7fd77ee052eef8,4700,200,GET,ts-security-service
1650483860,ts-station-service,b3283e7090e0572f,841e3f8b134aef54,eead00abb29512b1,7831,200,queryForNameBatch,ts-order-service
1650483860,ts-travel-service,2727b9653826f221,125ff30be600626d,125ff30be600626d,2245,200,GET,ts-travel-service
1650483860,ts-order-service,841e3f8b134aef54,eead00abb29512b1,eead00abb29512b1,9209,200,POST,ts-order-service
1650483860,ts-order-service,eead00abb29512b1,,eead00abb29512b1,12467,200,queryOrdersForRefresh,no_parent
1650483860,ts-basic-service,c96c4e82747ad56c,344ab4a25fb5c2d1,125ff30be600626d,5765,200,queryForStationId,ts-ticketinfo-service
1650483860,ts-travel-service,81e5299aeccc9b52,125ff30be600626d,125ff30be600626d,8288,200,GET,ts-travel-service
1650483860,ts-travel-service,ad7114bc7c661ab2,125ff30be600626d,125ff30be600626d,3971,200,GET,ts-travel-service
1650483860,ts-order-other-service,44e90a58f1372f18,66fa6f2b5f6ce71c,bf7fd77ee052eef8,2999,200,securityInfoCheck,ts-security-service
1650483860,ts-travel-service,62d9743903dddd2e,125ff30be600626d,125ff30be600626d,2600,200,GET,ts-travel-service
1650483860,ts-travel-service,a835c488d597e3f2,125ff30be600626d,125ff30be600626d,2290,200,GET,ts-travel-service
1650483860,ts-travel-service,ee10d0a878cfb7bc,125ff30be600626d,125ff30be600626d,11236,200,GET,ts-travel-service
1650483860,ts-assurance-service,7d6e3340c928b54,,7d6e3340c928b54,1637,200,getAllAssuranceType,no_parent
1650483860,ts-station-service,937972edf34367e,62f01fe2f96b4366,125ff30be600626d,2057,200,queryForStationId,ts-basic-service
1650483860,ts-route-service,b9fa9aeb5470133,62d9743903dddd2e,125ff30be600626d,2192,200,queryById,ts-travel-service
1650483860,ts-route-service,8635cbf5b3fb9f44,d408ddc486d6351,125ff30be600626d,2133,200,queryById,ts-travel-service
1650483860,ts-travel-service,125ff30be600626d,,125ff30be600626d,42179,200,queryInfo,no_parent
1650483860,ts-travel-service,d408ddc486d6351,125ff30be600626d,125ff30be600626d,2284,200,GET,ts-travel-service
1650483860,ts-verification-code-service,aad666d83c7508f,cf1a2fa297c963f,af5be1f46c19b87b,2168,200,verifyCode,ts-auth-service
1650483860,ts-auth-service,af5be1f46c19b87b,,af5be1f46c19b87b,110845,200,getToken,no_parent
1650483860,ts-verification-code-service,fc9260a35767bb57,,fc9260a35767bb57,2988,200,imageCode,no_parent
1650483860,ts-contacts-service,c134bc8ca55946bf,,c134bc8ca55946bf,3623,200,findContactsByAccountId,no_parent
1650483860,ts-auth-service,cf1a2fa297c963f,af5be1f46c19b87b,af5be1f46c19b87b,3935,200,GET,ts-auth-service
1650483920,ts-station-service,f7982187f30aba8c,fdae6c9c1a5d9e95,4e9646015cea5219,15286,200,queryForNameBatch,ts-order-service
1650483920,ts-auth-service,47860e5c41733187,42896cf01bcd5e24,42896cf01bcd5e24,3822,200,GET,ts-auth-service
1650483920,ts-contacts-service,c984dc056b0da7ad,dbf1e2e9e076d3cc,e75b374fed415cbd,2724,200,getContactsByContactsId,ts-preserve-service
1650483920,ts-order-service,77446761205c2c4c,9588c55c5f55de84,e75b374fed415cbd,2248,200,securityInfoCheck,ts-security-service
1650483920,ts-preserve-service,1472d297e97c51f8,e75b374fed415cbd,e75b374fed415cbd,14357,200,GET,ts-preserve-service
1650483920,ts-preserve-service,e75b374fed415cbd,,e75b374fed415cbd,21546,200,preserve,no_parent
1650483920,ts-station-service,56e9e6d3ae1765eb,5306b739e42b4f2b,2e6b67842cdb243,2298,200,queryForStationId,ts-basic-service
1650483920,ts-station-service,eb264ee4b6afb571,f1c0ad1a798e08f3,2e6b67842cdb243,2053,200,queryForStationId,ts-basic-service
1650483920,ts-route-service,82b613caabf1cd25,4f26283c5a7f9edc,2e6b67842cdb243,2679,200,queryById,ts-travel-service
1650483920,ts-route-service,86186780209cfd21,1072d94e5bb3dc08,2e6b67842cdb243,2218,200,queryById,ts-travel-service
1650483920,ts-ticketinfo-service,86b0235ea722f3e2,95ba08b8e0ff0c00,2e6b67842cdb243,7184,200,GET,ts-ticketinfo-service
1650483920,ts-ticketinfo-service,95ba08b8e0ff0c00,eff60ae9ca7ab47d,2e6b67842cdb243,9818,200,queryForStationId,ts-travel-service
1650483920,ts-travel-service,eff60ae9ca7ab47d,2e6b67842cdb243,2e6b67842cdb243,11331,200,GET,ts-travel-service
1650483920,ts-travel-service,1072d94e5bb3dc08,2e6b67842cdb243,2e6b67842cdb243,2224,200,GET,ts-travel-service
1650483920,ts-travel-service,45eec83f3a533fe,2e6b67842cdb243,2e6b67842cdb243,2570,200,GET,ts-travel-service
1650483920,ts-route-service,cc786d86ba1b2e46,45eec83f3a533fe,2e6b67842cdb243,2135,200,queryById,ts-travel-service
1650483920,ts-ticketinfo-service,7ff5b83a147be005,4f7030706411d805,2e6b67842cdb243,5442,200,GET,ts-ticketinfo-service
1650483920,ts-ticketinfo-service,4f7030706411d805,c8488fe94ab8f3e4,2e6b67842cdb243,7731,200,queryForStationId,ts-travel-service
1650483920,ts-travel-service,c8488fe94ab8f3e4,2e6b67842cdb243,2e6b67842cdb243,8150,200,GET,ts-travel-service
1650483920,ts-travel-service,4f26283c5a7f9edc,2e6b67842cdb243,2e6b67842cdb243,3915,200,GET,ts-travel-service
1650483920,ts-travel-service,6cf068aed751f9e,2e6b67842cdb243,2e6b67842cdb243,2304,200,GET,ts-travel-service
1650483920,ts-basic-service,5306b739e42b4f2b,9554228788dad448,2e6b67842cdb243,3404,200,GET,ts-basic-service
1650483920,ts-basic-service,34a8d8d9b7d71df5,7ff5b83a147be005,2e6b67842cdb243,4659,200,queryForStationId,ts-ticketinfo-service
1650483920,ts-travel-service,cdab15c4cbf9ece1,2e6b67842cdb243,2e6b67842cdb243,2279,200,GET,ts-travel-service
1650483920,ts-route-service,c9f0b5b1307fd967,6cf068aed751f9e,2e6b67842cdb243,2218,200,queryById,ts-travel-service
1650483920,ts-order-other-service,77c002d79f450eab,edd58a7945db82ce,e75b374fed415cbd,3312,200,securityInfoCheck,ts-security-service
1650483920,ts-route-service,f510d86d583d57dc,cdab15c4cbf9ece1,2e6b67842cdb243,2158,200,queryById,ts-travel-service
1650483920,ts-basic-service,9554228788dad448,86b0235ea722f3e2,2e6b67842cdb243,5929,200,queryForStationId,ts-ticketinfo-service
1650483920,ts-basic-service,f1c0ad1a798e08f3,34a8d8d9b7d71df5,2e6b67842cdb243,2714,200,GET,ts-basic-service
1650483920,ts-order-service,fdae6c9c1a5d9e95,4e9646015cea5219,4e9646015cea5219,9384,200,POST,ts-order-service
1650483920,ts-security-service,edd58a7945db82ce,483329223d391f16,e75b374fed415cbd,4550,200,GET,ts-security-service
1650483920,ts-security-service,483329223d391f16,1472d297e97c51f8,e75b374fed415cbd,12718,200,check,ts-preserve-service
1650483920,ts-preserve-service,dbf1e2e9e076d3cc,e75b374fed415cbd,e75b374fed415cbd,4047,200,GET,ts-preserve-service
1650483920,ts-security-service,9588c55c5f55de84,483329223d391f16,e75b374fed415cbd,3843,200,GET,ts-security-service
1650483920,ts-travel-service,2e6b67842cdb243,,2e6b67842cdb243,41900,200,queryInfo,no_parent
1650483920,ts-assurance-service,618678b774c46ca1,,618678b774c46ca1,1599,200,getAllAssuranceType,no_parent
1650483920,ts-verification-code-service,8ad56d2d4324bfd8,,8ad56d2d4324bfd8,3043,200,imageCode,no_parent
1650483920,ts-auth-service,42896cf01bcd5e24,,42896cf01bcd5e24,112986,200,getToken,no_parent
1650483920,ts-contacts-service,b81117500356abc2,,b81117500356abc2,3243,200,findContactsByAccountId,no_parent
1650483920,ts-verification-code-service,c76f76ed94561e54,47860e5c41733187,42896cf01bcd5e24,1993,200,verifyCode,ts-auth-service
1650483920,ts-order-service,4e9646015cea5219,,4e9646015cea5219,19739,200,queryOrdersForRefresh,no_parent
1650483981,ts-travel-service,93ad67c8fe0376d8,,93ad67c8fe0376d8,57905,200,queryInfo,no_parent
1650483981,ts-basic-service,e95e8c4d37959c4b,ee1c67880adad843,93ad67c8fe0376d8,5772,200,queryForStationId,ts-ticketinfo-service
1650483981,ts-basic-service,f15242bfe2cc3238,fde9c3a4ae7aecdc,93ad67c8fe0376d8,4642,200,queryForStationId,ts-ticketinfo-service
1650483981,ts-travel-service,76acbe3c606cf53b,93ad67c8fe0376d8,93ad67c8fe0376d8,14355,200,GET,ts-travel-service
1650483981,ts-contacts-service,dcc83cfd79daef83,9c8257b6f07b1428,9921d73984c29c23,2195,200,getContactsByContactsId,ts-preserve-service
1650483981,ts-ticketinfo-service,ee1c67880adad843,395d6b7a5c34b5c,93ad67c8fe0376d8,7639,200,GET,ts-ticketinfo-service
1650483981,ts-basic-service,bd939b6b4822a82,f15242bfe2cc3238,93ad67c8fe0376d8,2619,200,GET,ts-basic-service
1650483981,ts-travel-service,bb0d94423073c6f0,93ad67c8fe0376d8,93ad67c8fe0376d8,3970,200,GET,ts-travel-service
1650483981,ts-route-service,1a1dcad9058a804a,bb0d94423073c6f0,93ad67c8fe0376d8,2680,200,queryById,ts-travel-service
1650483981,ts-route-service,d20c6f943bb1a5bb,8d75d0fbc6b52862,93ad67c8fe0376d8,2121,200,queryById,ts-travel-service
1650483981,ts-basic-service,6b1484b915a5b09c,e95e8c4d37959c4b,93ad67c8fe0376d8,3334,200,GET,ts-basic-service
1650483981,ts-ticketinfo-service,9669c876e6ee992,3f9a42965df41494,93ad67c8fe0376d8,7781,200,queryForStationId,ts-travel-service
1650483981,ts-travel-service,905c83d0b9cb224e,93ad67c8fe0376d8,93ad67c8fe0376d8,2268,200,GET,ts-travel-service
1650483981,ts-ticketinfo-service,fde9c3a4ae7aecdc,9669c876e6ee992,93ad67c8fe0376d8,5466,200,GET,ts-ticketinfo-service
1650483981,ts-order-service,19bd6e5601afe123,85a3bb3286af48f3,9921d73984c29c23,3257,200,securityInfoCheck,ts-security-service
1650483981,ts-preserve-service,84a54c5ffe40635d,9921d73984c29c23,9921d73984c29c23,13712,200,GET,ts-preserve-service
1650483981,ts-auth-service,6e69bf2515067316,,6e69bf2515067316,108917,200,getToken,no_parent
1650483981,ts-security-service,85a3bb3286af48f3,aeee93f42ee866ba,9921d73984c29c23,4398,200,GET,ts-security-service
1650483981,ts-security-service,c96720715a5d7964,aeee93f42ee866ba,9921d73984c29c23,3794,200,GET,ts-security-service
1650483981,ts-verification-code-service,6cb4a5bdf8a9f16a,b15332d4fbf44dee,6e69bf2515067316,2009,200,verifyCode,ts-auth-service
1650483981,ts-auth-service,b15332d4fbf44dee,6e69bf2515067316,6e69bf2515067316,3707,200,GET,ts-auth-service
1650483981,ts-travel-service,3f9a42965df41494,93ad67c8fe0376d8,93ad67c8fe0376d8,8427,200,GET,ts-travel-service
1650483981,ts-security-service,aeee93f42ee866ba,84a54c5ffe40635d,9921d73984c29c23,12034,200,check,ts-preserve-service
1650483981,ts-order-other-service,4ed3c43658149580,c96720715a5d7964,9921d73984c29c23,2664,200,securityInfoCheck,ts-security-service
1650483981,ts-travel-service,8d75d0fbc6b52862,93ad67c8fe0376d8,93ad67c8fe0376d8,2389,200,GET,ts-travel-service
1650483981,ts-station-service,65e40ffd75fb4a4,bd939b6b4822a82,93ad67c8fe0376d8,2028,200,queryForStationId,ts-basic-service
1650483981,ts-travel-service,7c48bb4e4450316e,93ad67c8fe0376d8,93ad67c8fe0376d8,2299,200,GET,ts-travel-service
1650483981,ts-route-service,d25f7155bc8d68bf,7c48bb4e4450316e,93ad67c8fe0376d8,2200,200,queryById,ts-travel-service
1650483981,ts-preserve-service,9921d73984c29c23,,9921d73984c29c23,20004,200,preserve,no_parent
1650483981,ts-ticketinfo-service,395d6b7a5c34b5c,76acbe3c606cf53b,93ad67c8fe0376d8,12386,200,queryForStationId,ts-travel-service
1650483981,ts-preserve-service,9c8257b6f07b1428,9921d73984c29c23,9921d73984c29c23,3316,200,GET,ts-preserve-service
1650483981,ts-verification-code-service,fed9b7d952e2bcdd,,fed9b7d952e2bcdd,1756,200,imageCode,no_parent
1650483981,ts-travel-service,9432283136fcaa60,93ad67c8fe0376d8,93ad67c8fe0376d8,1856,200,GET,ts-travel-service
1650483981,ts-contacts-service,9f3f927cceca1c81,,9f3f927cceca1c81,3399,200,findContactsByAccountId,no_parent
1650483981,ts-order-service,bf9afeaefedea9d8,,bf9afeaefedea9d8,11807,200,queryOrdersForRefresh,no_parent
1650483981,ts-station-service,ea3ac1be5a8073ef,77992ec221ab14e,bf9afeaefedea9d8,7153,200,queryForNameBatch,ts-order-service
1650483981,ts-station-service,c876447f5b3a7686,6b1484b915a5b09c,93ad67c8fe0376d8,2321,200,queryForStationId,ts-basic-service
1650483981,ts-route-service,6f751a4fd4cf7533,905c83d0b9cb224e,93ad67c8fe0376d8,15544,200,queryById,ts-travel-service
1650483981,ts-route-service,da57ad6e9bffd5f4,9432283136fcaa60,93ad67c8fe0376d8,1830,200,queryById,ts-travel-service
1650483981,ts-assurance-service,6263e6dc5ed19c9b,,6263e6dc5ed19c9b,1083,200,getAllAssuranceType,no_parent
1650483981,ts-order-service,77992ec221ab14e,bf9afeaefedea9d8,bf9afeaefedea9d8,8567,200,POST,ts-order-service
1650484042,ts-preserve-service,c14a47dd44983fd0,,c14a47dd44983fd0,23155,200,preserve,no_parent
1650484042,ts-order-other-service,6acff0626ea44d93,40126c771a7a2dc6,c14a47dd44983fd0,3468,200,securityInfoCheck,ts-security-service
1650484042,ts-security-service,b60051e427cfb070,5130cd60c8f040b7,c14a47dd44983fd0,4899,200,GET,ts-security-service
1650484042,ts-travel-service,fb0a7943e3122baf,9b3c8b424ddcc0a5,9b3c8b424ddcc0a5,23027,200,GET,ts-travel-service
1650484042,ts-ticketinfo-service,dcbc9a70b1abd4c5,281ae4cf178b0e87,9b3c8b424ddcc0a5,18897,200,GET,ts-ticketinfo-service
1650484042,ts-preserve-service,78c23436134227be,c14a47dd44983fd0,c14a47dd44983fd0,15964,200,GET,ts-preserve-service
1650484042,ts-preserve-service,f6f1d5f5be8d66a,c14a47dd44983fd0,c14a47dd44983fd0,3986,200,GET,ts-preserve-service
1650484042,ts-auth-service,8921d6795c29c3b3,442ea1f041eba588,442ea1f041eba588,3764,200,GET,ts-auth-service
1650484042,ts-auth-service,442ea1f041eba588,,442ea1f041eba588,115274,200,getToken,no_parent
1650484042,ts-travel-service,45a9aeca79eda78c,9b3c8b424ddcc0a5,9b3c8b424ddcc0a5,8237,200,GET,ts-travel-service
1650484042,ts-ticketinfo-service,3adbc996c053e288,45a9aeca79eda78c,9b3c8b424ddcc0a5,8046,200,queryForStationId,ts-travel-service
1650484042,ts-route-service,998c4619706dd689,c5a2b3f79ab6f6fc,9b3c8b424ddcc0a5,1976,200,queryById,ts-travel-service
1650484042,ts-security-service,40126c771a7a2dc6,5130cd60c8f040b7,c14a47dd44983fd0,4883,200,GET,ts-security-service
1650484042,ts-verification-code-service,ad861fe183594d96,8921d6795c29c3b3,442ea1f041eba588,2074,200,verifyCode,ts-auth-service
1650484042,ts-station-service,45cf4927da10dfef,28dd6997a60dadcf,9b3c8b424ddcc0a5,1971,200,queryForStationId,ts-basic-service
1650484042,ts-basic-service,28dd6997a60dadcf,fa741caf3f9e01e6,9b3c8b424ddcc0a5,2784,200,GET,ts-basic-service
1650484042,ts-route-service,a418d8159da01149,301a8654790f07ce,9b3c8b424ddcc0a5,2128,200,queryById,ts-travel-service
1650484042,ts-ticketinfo-service,281ae4cf178b0e87,fb0a7943e3122baf,9b3c8b424ddcc0a5,21373,200,queryForStationId,ts-travel-service
1650484042,ts-ticketinfo-service,4cf2fa1e68f3e873,3adbc996c053e288,9b3c8b424ddcc0a5,5785,200,GET,ts-ticketinfo-service
1650484042,ts-security-service,5130cd60c8f040b7,78c23436134227be,c14a47dd44983fd0,14394,200,check,ts-preserve-service
1650484042,ts-travel-service,c780ec7e4ac8133b,9b3c8b424ddcc0a5,9b3c8b424ddcc0a5,3886,200,GET,ts-travel-service
1650484042,ts-travel-service,2d00c38645a24678,9b3c8b424ddcc0a5,9b3c8b424ddcc0a5,2446,200,GET,ts-travel-service
1650484042,ts-contacts-service,1147a4132497149b,f6f1d5f5be8d66a,c14a47dd44983fd0,2867,200,getContactsByContactsId,ts-preserve-service
1650484042,ts-order-service,a3f0bc057405d413,b60051e427cfb070,c14a47dd44983fd0,3495,200,securityInfoCheck,ts-security-service
1650484042,ts-station-service,3161efe270bc0977,185ab545973a7fd1,260f3f3528895e9b,7754,200,queryForNameBatch,ts-order-service
1650484042,ts-order-service,260f3f3528895e9b,,260f3f3528895e9b,12411,200,queryOrdersForRefresh,no_parent
1650484042,ts-basic-service,fa741caf3f9e01e6,4cf2fa1e68f3e873,9b3c8b424ddcc0a5,4576,200,queryForStationId,ts-ticketinfo-service
1650484042,ts-route-service,af6f7c7aec6a37cd,6904e9852ea14faa,9b3c8b424ddcc0a5,1954,200,queryById,ts-travel-service
1650484042,ts-travel-service,301a8654790f07ce,9b3c8b424ddcc0a5,9b3c8b424ddcc0a5,2246,200,GET,ts-travel-service
1650484042,ts-travel-service,6904e9852ea14faa,9b3c8b424ddcc0a5,9b3c8b424ddcc0a5,2096,200,GET,ts-travel-service
1650484042,ts-assurance-service,582e71639952eb8c,,582e71639952eb8c,1598,200,getAllAssuranceType,no_parent
1650484042,ts-route-service,c5310cf880782900,c780ec7e4ac8133b,9b3c8b424ddcc0a5,2747,200,queryById,ts-travel-service
1650484042,ts-route-service,28b84e9fdcd745e6,2d00c38645a24678,9b3c8b424ddcc0a5,2015,200,queryById,ts-travel-service
1650484042,ts-station-service,4b4f5c7dea52c3eb,d2fdfcc5258a846b,9b3c8b424ddcc0a5,2249,200,queryForStationId,ts-basic-service
1650484042,ts-basic-service,d2fdfcc5258a846b,b61fd782059213ab,9b3c8b424ddcc0a5,3437,200,GET,ts-basic-service
1650484042,ts-travel-service,c5a2b3f79ab6f6fc,9b3c8b424ddcc0a5,9b3c8b424ddcc0a5,2130,200,GET,ts-travel-service
1650484042,ts-basic-service,b61fd782059213ab,dcbc9a70b1abd4c5,9b3c8b424ddcc0a5,5669,200,queryForStationId,ts-ticketinfo-service
1650484042,ts-travel-service,9b3c8b424ddcc0a5,,9b3c8b424ddcc0a5,53299,200,queryInfo,no_parent
1650484042,ts-contacts-service,224c756fb8adefdf,,224c756fb8adefdf,3888,200,findContactsByAccountId,no_parent
1650484042,ts-verification-code-service,b2a6828271ba1957,,b2a6828271ba1957,3346,200,imageCode,no_parent
1650484042,ts-order-service,185ab545973a7fd1,260f3f3528895e9b,260f3f3528895e9b,9119,200,POST,ts-order-service
1650484103,ts-verification-code-service,2e554af5a9dfd3c7,2b65ec6370cf6280,b2377272a320156d,15240,200,verifyCode,ts-auth-service
1650484103,ts-auth-service,2b65ec6370cf6280,b2377272a320156d,b2377272a320156d,15545,200,GET,ts-auth-service
1650484103,ts-auth-service,b2377272a320156d,,b2377272a320156d,124629,200,getToken,no_parent
1650484103,ts-preserve-service,3c382b718a1dd29b,,3c382b718a1dd29b,22524,200,preserve,no_parent
1650484103,ts-station-service,4e79ebf5c68f46a1,65e5ca674685b2c9,a090e5cb0e73004e,7731,200,queryForNameBatch,ts-order-service
1650484103,ts-security-service,87a8e6b645a443a,a0cfb107d00f54d4,3c382b718a1dd29b,14041,200,check,ts-preserve-service
1650484103,ts-order-service,65e5ca674685b2c9,a090e5cb0e73004e,a090e5cb0e73004e,10184,200,POST,ts-order-service
1650484103,ts-travel-service,fbe7e8fa6e12844f,74e52f32ffec23d9,74e52f32ffec23d9,2268,200,GET,ts-travel-service
1650484103,ts-travel-service,184283b1ffb8503b,74e52f32ffec23d9,74e52f32ffec23d9,2267,200,GET,ts-travel-service
1650484103,ts-order-service,a090e5cb0e73004e,,a090e5cb0e73004e,13570,200,queryOrdersForRefresh,no_parent
1650484103,ts-order-service,9cea8b885cf432d1,669ffe1e39988911,3c382b718a1dd29b,3619,200,securityInfoCheck,ts-security-service
1650484103,ts-preserve-service,a0cfb107d00f54d4,3c382b718a1dd29b,3c382b718a1dd29b,15604,200,GET,ts-preserve-service
1650484103,ts-security-service,669ffe1e39988911,87a8e6b645a443a,3c382b718a1dd29b,5077,200,GET,ts-security-service
1650484103,ts-order-other-service,3bb9f2100e31ec90,29399b46ca7c1225,3c382b718a1dd29b,3099,200,securityInfoCheck,ts-security-service
1650484103,ts-ticketinfo-service,256922c3f087e24f,f30b724e5606aac9,74e52f32ffec23d9,12988,200,GET,ts-ticketinfo-service
1650484103,ts-contacts-service,e94c41f25ce640e6,2c3d8f7ed6c84df3,3c382b718a1dd29b,2706,200,getContactsByContactsId,ts-preserve-service
1650484103,ts-preserve-service,2c3d8f7ed6c84df3,3c382b718a1dd29b,3c382b718a1dd29b,3837,200,GET,ts-preserve-service
1650484103,ts-security-service,29399b46ca7c1225,87a8e6b645a443a,3c382b718a1dd29b,4501,200,GET,ts-security-service
1650484103,ts-route-service,b1082f6382694cba,14cbea6a1b12671b,74e52f32ffec23d9,2154,200,queryById,ts-travel-service
1650484103,ts-travel-service,ce0633a37b0ecd26,74e52f32ffec23d9,74e52f32ffec23d9,15708,200,GET,ts-travel-service
1650484103,ts-travel-service,14cbea6a1b12671b,74e52f32ffec23d9,74e52f32ffec23d9,2489,200,GET,ts-travel-service
1650484103,ts-basic-service,fe18b60ba1b5bb63,3f081485fa0514e2,74e52f32ffec23d9,5810,200,queryForStationId,ts-ticketinfo-service
1650484103,ts-ticketinfo-service,f30b724e5606aac9,ce0633a37b0ecd26,74e52f32ffec23d9,15375,200,queryForStationId,ts-travel-service
1650484103,ts-basic-service,44dc4f83d88ef380,fe18b60ba1b5bb63,74e52f32ffec23d9,3356,200,GET,ts-basic-service
1650484103,ts-station-service,949f186d070dda58,de25b00f0b284649,74e52f32ffec23d9,2112,200,queryForStationId,ts-basic-service
1650484103,ts-station-service,51787ccf288615c7,44dc4f83d88ef380,74e52f32ffec23d9,2274,200,queryForStationId,ts-basic-service
1650484103,ts-ticketinfo-service,3f081485fa0514e2,a7932d545de67285,74e52f32ffec23d9,7501,200,GET,ts-ticketinfo-service
1650484103,ts-ticketinfo-service,a7932d545de67285,a3342fb2bccc9e5,74e52f32ffec23d9,10103,200,queryForStationId,ts-travel-service
1650484103,ts-basic-service,de25b00f0b284649,6080926cb2a2c3b4,74e52f32ffec23d9,2767,200,GET,ts-basic-service
1650484103,ts-basic-service,6080926cb2a2c3b4,256922c3f087e24f,74e52f32ffec23d9,12369,200,queryForStationId,ts-ticketinfo-service
1650484103,ts-travel-service,74e52f32ffec23d9,,74e52f32ffec23d9,50648,200,queryInfo,no_parent
1650484103,ts-travel-service,bc7be4fc63fe9c16,74e52f32ffec23d9,74e52f32ffec23d9,3716,200,GET,ts-travel-service
1650484103,ts-travel-service,1a8f2dd78fd97fff,74e52f32ffec23d9,74e52f32ffec23d9,2909,200,GET,ts-travel-service
1650484103,ts-route-service,90883125ed07058,1a8f2dd78fd97fff,74e52f32ffec23d9,2147,200,queryById,ts-travel-service
1650484103,ts-route-service,679724e9db6ef378,184283b1ffb8503b,74e52f32ffec23d9,2182,200,queryById,ts-travel-service
1650484103,ts-route-service,5eebd91e2d83b6c9,fbe7e8fa6e12844f,74e52f32ffec23d9,2166,200,queryById,ts-travel-service
1650484103,ts-travel-service,a3342fb2bccc9e5,74e52f32ffec23d9,74e52f32ffec23d9,12218,200,GET,ts-travel-service
1650484103,ts-route-service,995c31855eb0fbb3,bc7be4fc63fe9c16,74e52f32ffec23d9,2696,200,queryById,ts-travel-service
1650484103,ts-verification-code-service,d13660de9e29c1c3,,d13660de9e29c1c3,3106,200,imageCode,no_parent
1650484103,ts-assurance-service,dc4812eeed14534f,,dc4812eeed14534f,1580,200,getAllAssuranceType,no_parent
1650484103,ts-contacts-service,8cef7d9484dbbd1f,,8cef7d9484dbbd1f,3509,200,findContactsByAccountId,no_parent
1650484164,ts-security-service,aff7a294459da228,2b1d6db3989c2a20,62f1d6998e0e39a2,14233,200,check,ts-preserve-service
1650484164,ts-contacts-service,de9df0625bbacd2a,,de9df0625bbacd2a,3600,200,findContactsByAccountId,no_parent
1650484164,ts-preserve-service,2b1d6db3989c2a20,62f1d6998e0e39a2,62f1d6998e0e39a2,15989,200,GET,ts-preserve-service
1650484164,ts-order-service,333986dbe36d121a,fcb8c32d83789f76,62f1d6998e0e39a2,3632,200,securityInfoCheck,ts-security-service
1650484164,ts-preserve-service,62f1d6998e0e39a2,,62f1d6998e0e39a2,23418,200,preserve,no_parent
1650484164,ts-security-service,fcb8c32d83789f76,aff7a294459da228,62f1d6998e0e39a2,5201,200,GET,ts-security-service
1650484165,ts-travel-service,1420d932fe6983c8,d09fda7e9fc43137,d09fda7e9fc43137,2365,200,GET,ts-travel-service
1650484165,ts-travel-service,43d2160c44a12f49,d09fda7e9fc43137,d09fda7e9fc43137,3938,200,GET,ts-travel-service
1650484165,ts-travel-service,9c1358dac9136d22,d09fda7e9fc43137,d09fda7e9fc43137,2550,200,GET,ts-travel-service
1650484165,ts-order-other-service,174f987517b40685,17510d665987e39,62f1d6998e0e39a2,3776,200,securityInfoCheck,ts-security-service
1650484165,ts-order-service,db36088bc73400fa,532b56c3db78b58,532b56c3db78b58,8076,200,POST,ts-order-service
1650484165,ts-route-service,51f569bc58a872f7,9c1358dac9136d22,d09fda7e9fc43137,2169,200,queryById,ts-travel-service
1650484165,ts-travel-service,938f672e7b977ae,d09fda7e9fc43137,d09fda7e9fc43137,8513,200,GET,ts-travel-service
1650484165,ts-basic-service,fd0b6b39f418e2bb,31410b70b8d8fca0,d09fda7e9fc43137,6233,200,queryForStationId,ts-ticketinfo-service
1650484165,ts-basic-service,22a64cb25e8f5a3f,6b93e83d0b1181b2,d09fda7e9fc43137,2890,200,GET,ts-basic-service
1650484165,ts-basic-service,9d9ec36470893735,fd0b6b39f418e2bb,d09fda7e9fc43137,3694,200,GET,ts-basic-service
1650484165,ts-basic-service,6b93e83d0b1181b2,be8659ef1e2278e4,d09fda7e9fc43137,4954,200,queryForStationId,ts-ticketinfo-service
1650484165,ts-station-service,9687663887a65832,9d9ec36470893735,d09fda7e9fc43137,2372,200,queryForStationId,ts-basic-service
1650484165,ts-station-service,8323e840545d938b,22a64cb25e8f5a3f,d09fda7e9fc43137,2240,200,queryForStationId,ts-basic-service
1650484165,ts-security-service,17510d665987e39,aff7a294459da228,62f1d6998e0e39a2,4924,200,GET,ts-security-service
1650484165,ts-contacts-service,7dc3ee5af2d89460,9fbbf8e1d9a6a51a,62f1d6998e0e39a2,3079,200,getContactsByContactsId,ts-preserve-service
1650484165,ts-preserve-service,9fbbf8e1d9a6a51a,62f1d6998e0e39a2,62f1d6998e0e39a2,4180,200,GET,ts-preserve-service
1650484165,ts-route-service,c780b1057b5497bf,cadeb36ef99b5777,d09fda7e9fc43137,2137,200,queryById,ts-travel-service
1650484165,ts-travel-service,5b88d94001935b82,d09fda7e9fc43137,d09fda7e9fc43137,11517,200,GET,ts-travel-service
1650484165,ts-route-service,9d76e0339f51f9db,1420d932fe6983c8,d09fda7e9fc43137,2221,200,queryById,ts-travel-service
1650484165,ts-assurance-service,cc4fbdb40054a05a,,cc4fbdb40054a05a,1575,200,getAllAssuranceType,no_parent
1650484165,ts-travel-service,cadeb36ef99b5777,d09fda7e9fc43137,d09fda7e9fc43137,2234,200,GET,ts-travel-service
1650484165,ts-travel-service,d09fda7e9fc43137,,d09fda7e9fc43137,42760,200,queryInfo,no_parent
1650484165,ts-travel-service,68178e5fa05ba664,d09fda7e9fc43137,d09fda7e9fc43137,2224,200,GET,ts-travel-service
1650484165,ts-ticketinfo-service,be8659ef1e2278e4,e7334938763ee670,d09fda7e9fc43137,5669,200,GET,ts-ticketinfo-service
1650484165,ts-ticketinfo-service,31410b70b8d8fca0,93c8d9aba7eee9fb,d09fda7e9fc43137,7500,200,GET,ts-ticketinfo-service
1650484165,ts-ticketinfo-service,e7334938763ee670,938f672e7b977ae,d09fda7e9fc43137,7982,200,queryForStationId,ts-travel-service
1650484165,ts-auth-service,2bd2798c8011d354,239207074b44182f,239207074b44182f,3392,200,GET,ts-auth-service
1650484165,ts-auth-service,239207074b44182f,,239207074b44182f,105177,200,getToken,no_parent
1650484165,ts-route-service,cdb4958e48226040,68178e5fa05ba664,d09fda7e9fc43137,2120,200,queryById,ts-travel-service
1650484165,ts-ticketinfo-service,93c8d9aba7eee9fb,5b88d94001935b82,d09fda7e9fc43137,10102,200,queryForStationId,ts-travel-service
1650484165,ts-route-service,b6cd3e807f6660ef,43d2160c44a12f49,d09fda7e9fc43137,2680,200,queryById,ts-travel-service
1650484165,ts-order-service,532b56c3db78b58,,532b56c3db78b58,10050,200,queryOrdersForRefresh,no_parent
1650484165,ts-station-service,fcc444b455389f7e,db36088bc73400fa,532b56c3db78b58,6599,200,queryForNameBatch,ts-order-service
1650484165,ts-verification-code-service,8fdf870268a5e5f7,2bd2798c8011d354,239207074b44182f,1950,200,verifyCode,ts-auth-service
1650484165,ts-verification-code-service,f37e1e7fa2e85cad,,f37e1e7fa2e85cad,2940,200,imageCode,no_parent
1650484225,ts-security-service,f0dcde689468c380,51156fa56d08c07b,c8419614381e8423,4356,200,GET,ts-security-service
1650484225,ts-security-service,8cf2bcb966656153,51156fa56d08c07b,c8419614381e8423,5291,200,GET,ts-security-service
1650484225,ts-auth-service,695042b72eea0b19,,695042b72eea0b19,114884,200,getToken,no_parent
1650484225,ts-verification-code-service,b5d94e4652c493c0,7241fec901134c32,695042b72eea0b19,2057,200,verifyCode,ts-auth-service
1650484225,ts-contacts-service,bdeb9804fd3e9cdf,400e88e09838b756,c8419614381e8423,2752,200,getContactsByContactsId,ts-preserve-service
1650484225,ts-security-service,51156fa56d08c07b,9a19bb08f23e6cd2,c8419614381e8423,14183,200,check,ts-preserve-service
1650484225,ts-order-other-service,cd1e6ddac36dc85b,f0dcde689468c380,c8419614381e8423,3311,200,securityInfoCheck,ts-security-service
1650484225,ts-order-service,d847f5ab17de71fd,8cf2bcb966656153,c8419614381e8423,3496,200,securityInfoCheck,ts-security-service
1650484225,ts-preserve-service,9a19bb08f23e6cd2,c8419614381e8423,c8419614381e8423,15766,200,GET,ts-preserve-service
1650484225,ts-preserve-service,400e88e09838b756,c8419614381e8423,c8419614381e8423,3914,200,GET,ts-preserve-service
1650484225,ts-preserve-service,c8419614381e8423,,c8419614381e8423,22861,200,preserve,no_parent
1650484225,ts-ticketinfo-service,d633b788bda13b50,1854ceaa2e2c99e2,93b53da0c9cf30a9,5481,200,GET,ts-ticketinfo-service
1650484225,ts-ticketinfo-service,55619fc7ab7a053,7c346eb4bc536857,93b53da0c9cf30a9,7466,200,GET,ts-ticketinfo-service
1650484225,ts-station-service,13b56350be873a5c,6ab88aa4096bf919,ff2748f6150a1272,7508,200,queryForNameBatch,ts-order-service
1650484225,ts-station-service,1d5f965091a50cbe,7c1d88c34c4cb845,93b53da0c9cf30a9,2501,200,queryForStationId,ts-basic-service
1650484225,ts-travel-service,ca203bb316d0ff48,93b53da0c9cf30a9,93b53da0c9cf30a9,2987,200,GET,ts-travel-service
1650484225,ts-order-service,ff2748f6150a1272,,ff2748f6150a1272,12228,200,queryOrdersForRefresh,no_parent
1650484225,ts-order-service,6ab88aa4096bf919,ff2748f6150a1272,ff2748f6150a1272,9220,200,POST,ts-order-service
1650484225,ts-station-service,c442f5205365286,320e3fb75883d7a5,93b53da0c9cf30a9,2062,200,queryForStationId,ts-basic-service
1650484225,ts-ticketinfo-service,7c346eb4bc536857,dd48e68fb740d07f,93b53da0c9cf30a9,9786,200,queryForStationId,ts-travel-service
1650484225,ts-route-service,1b05a317f65ac109,6539417d577fc16,93b53da0c9cf30a9,2167,200,queryById,ts-travel-service
1650484225,ts-route-service,d506d2940519c8c6,c86c4bde1cdc57f1,93b53da0c9cf30a9,2727,200,queryById,ts-travel-service
1650484225,ts-route-service,531abbd1ca686f6f,ca203bb316d0ff48,93b53da0c9cf30a9,2555,200,queryById,ts-travel-service
1650484225,ts-ticketinfo-service,1854ceaa2e2c99e2,24a35b7d9c09b076,93b53da0c9cf30a9,7750,200,queryForStationId,ts-travel-service
1650484225,ts-travel-service,427b36cd0960a60c,93b53da0c9cf30a9,93b53da0c9cf30a9,2271,200,GET,ts-travel-service
1650484225,ts-basic-service,7c1d88c34c4cb845,56381c916ae92196,93b53da0c9cf30a9,3659,200,GET,ts-basic-service
1650484225,ts-travel-service,dd48e68fb740d07f,93b53da0c9cf30a9,93b53da0c9cf30a9,11449,200,GET,ts-travel-service
1650484225,ts-travel-service,94b85549c8919eb0,93b53da0c9cf30a9,93b53da0c9cf30a9,2303,200,GET,ts-travel-service
1650484225,ts-travel-service,24a35b7d9c09b076,93b53da0c9cf30a9,93b53da0c9cf30a9,8162,200,GET,ts-travel-service
1650484225,ts-route-service,a312b78c009d5e65,427b36cd0960a60c,93b53da0c9cf30a9,2149,200,queryById,ts-travel-service
1650484225,ts-route-service,f445a5a022cc574c,94b85549c8919eb0,93b53da0c9cf30a9,2146,200,queryById,ts-travel-service
1650484225,ts-basic-service,3bec45ea5be92483,d633b788bda13b50,93b53da0c9cf30a9,4721,200,queryForStationId,ts-ticketinfo-service
1650484225,ts-travel-service,c86c4bde1cdc57f1,93b53da0c9cf30a9,93b53da0c9cf30a9,3973,200,GET,ts-travel-service
1650484225,ts-travel-service,6539417d577fc16,93b53da0c9cf30a9,93b53da0c9cf30a9,2285,200,GET,ts-travel-service
1650484225,ts-travel-service,93b53da0c9cf30a9,,93b53da0c9cf30a9,43015,200,queryInfo,no_parent
1650484225,ts-basic-service,56381c916ae92196,55619fc7ab7a053,93b53da0c9cf30a9,6161,200,queryForStationId,ts-ticketinfo-service
1650484225,ts-basic-service,320e3fb75883d7a5,3bec45ea5be92483,93b53da0c9cf30a9,2753,200,GET,ts-basic-service
1650484225,ts-verification-code-service,6e03d8ae058d680e,,6e03d8ae058d680e,3005,200,imageCode,no_parent
1650484225,ts-assurance-service,913da8175cee9d7,,913da8175cee9d7,1623,200,getAllAssuranceType,no_parent
1650484225,ts-contacts-service,369b3ed2c7313a9,,369b3ed2c7313a9,4046,200,findContactsByAccountId,no_parent
1650484225,ts-auth-service,7241fec901134c32,695042b72eea0b19,695042b72eea0b19,3766,200,GET,ts-auth-service
1650484285,ts-verification-code-service,8ef3727798313e4a,eae15842cc546fb2,c11d2838145e0b8a,2028,200,verifyCode,ts-auth-service
1650484285,ts-auth-service,c11d2838145e0b8a,,c11d2838145e0b8a,120336,200,getToken,no_parent
1650484285,ts-preserve-service,9257ca222015e5bc,b542ebb9aab4bc9b,b542ebb9aab4bc9b,15614,200,GET,ts-preserve-service
1650484285,ts-preserve-service,dbf4549cbe738756,b542ebb9aab4bc9b,b542ebb9aab4bc9b,4481,200,GET,ts-preserve-service
1650484285,ts-order-service,b617dcefd0f65ecc,24ad603928dc9e02,b542ebb9aab4bc9b,3559,200,securityInfoCheck,ts-security-service
1650484285,ts-basic-service,a09df2b0e0aa9856,7ef7ecc026eb09f8,f07865216142d11a,2728,200,GET,ts-basic-service
1650484285,ts-travel-service,27d39e88ac05b7ee,f07865216142d11a,f07865216142d11a,8212,200,GET,ts-travel-service
1650484285,ts-travel-service,51258136c9ec2872,f07865216142d11a,f07865216142d11a,2288,200,GET,ts-travel-service
1650484285,ts-travel-service,4a3352162cbff5bf,f07865216142d11a,f07865216142d11a,11053,200,GET,ts-travel-service
1650484285,ts-route-service,cccbc1b330d63770,b4884e1dd7e65bfc,f07865216142d11a,2123,200,queryById,ts-travel-service
1650484285,ts-travel-service,3f0f4496731def33,f07865216142d11a,f07865216142d11a,3867,200,GET,ts-travel-service
1650484285,ts-station-service,95d19abc9bf43a05,a09df2b0e0aa9856,f07865216142d11a,2121,200,queryForStationId,ts-basic-service
1650484285,ts-basic-service,7ef7ecc026eb09f8,226f004cfcad10ad,f07865216142d11a,4786,200,queryForStationId,ts-ticketinfo-service
1650484285,ts-preserve-service,b542ebb9aab4bc9b,,b542ebb9aab4bc9b,23324,200,preserve,no_parent
1650484285,ts-travel-service,5e300442558baf7c,f07865216142d11a,f07865216142d11a,2276,200,GET,ts-travel-service
1650484285,ts-travel-service,f07865216142d11a,,f07865216142d11a,42102,200,queryInfo,no_parent
1650484285,ts-travel-service,25023d020c1d4a9d,f07865216142d11a,f07865216142d11a,2362,200,GET,ts-travel-service
1650484285,ts-travel-service,b4884e1dd7e65bfc,f07865216142d11a,f07865216142d11a,2564,200,GET,ts-travel-service
1650484285,ts-route-service,cdedab9c9aae2da,51258136c9ec2872,f07865216142d11a,2182,200,queryById,ts-travel-service
1650484285,ts-station-service,4a3a4a77cdde3f76,31fd7738df5bbd05,eee67264380e4ba3,7909,200,queryForNameBatch,ts-order-service
1650484285,ts-order-service,eee67264380e4ba3,,eee67264380e4ba3,12628,200,queryOrdersForRefresh,no_parent
1650484285,ts-order-service,31fd7738df5bbd05,eee67264380e4ba3,eee67264380e4ba3,9375,200,POST,ts-order-service
1650484285,ts-basic-service,4fb6d2dc64071d76,f5645041db840071,f07865216142d11a,5747,200,queryForStationId,ts-ticketinfo-service
1650484285,ts-ticketinfo-service,a90709e9a8769706,4a3352162cbff5bf,f07865216142d11a,9600,200,queryForStationId,ts-travel-service
1650484285,ts-ticketinfo-service,226f004cfcad10ad,4f2d399b3b976f72,f07865216142d11a,5513,200,GET,ts-ticketinfo-service
1650484285,ts-ticketinfo-service,4f2d399b3b976f72,27d39e88ac05b7ee,f07865216142d11a,7816,200,queryForStationId,ts-travel-service
1650484285,ts-ticketinfo-service,f5645041db840071,a90709e9a8769706,f07865216142d11a,6870,200,GET,ts-ticketinfo-service
1650484285,ts-station-service,676cc70a231c34bd,1190a1a5b0fa59ac,f07865216142d11a,2215,200,queryForStationId,ts-basic-service
1650484285,ts-basic-service,1190a1a5b0fa59ac,4fb6d2dc64071d76,f07865216142d11a,3329,200,GET,ts-basic-service
1650484285,ts-route-service,8907819411e9b139,3f0f4496731def33,f07865216142d11a,2663,200,queryById,ts-travel-service
1650484285,ts-route-service,953c5f1abe60813c,5e300442558baf7c,f07865216142d11a,2183,200,queryById,ts-travel-service
1650484285,ts-route-service,a6c3a7455b052312,25023d020c1d4a9d,f07865216142d11a,2255,200,queryById,ts-travel-service
1650484285,ts-order-other-service,c479f969ed838d0c,63683f2934ea3dc8,b542ebb9aab4bc9b,3164,200,securityInfoCheck,ts-security-service
1650484285,ts-security-service,845b80d1b092cba1,9257ca222015e5bc,b542ebb9aab4bc9b,14036,200,check,ts-preserve-service
1650484285,ts-security-service,24ad603928dc9e02,845b80d1b092cba1,b542ebb9aab4bc9b,4960,200,GET,ts-security-service
1650484285,ts-security-service,63683f2934ea3dc8,845b80d1b092cba1,b542ebb9aab4bc9b,4554,200,GET,ts-security-service
1650484285,ts-contacts-service,6936952346c6cabf,,6936952346c6cabf,3509,200,findContactsByAccountId,no_parent
1650484285,ts-contacts-service,5a66275448a7f81a,dbf4549cbe738756,b542ebb9aab4bc9b,2755,200,getContactsByContactsId,ts-preserve-service
1650484285,ts-auth-service,eae15842cc546fb2,c11d2838145e0b8a,c11d2838145e0b8a,3866,200,GET,ts-auth-service
1650484285,ts-verification-code-service,fdefd973bb1b26e7,,fdefd973bb1b26e7,2913,200,imageCode,no_parent
1650484285,ts-assurance-service,8e4c4e21a0b28f2a,,8e4c4e21a0b28f2a,1581,200,getAllAssuranceType,no_parent
1650484345,ts-preserve-service,b39450fd9b14abb5,66e262f4dd867672,66e262f4dd867672,14614,200,GET,ts-preserve-service
1650484345,ts-auth-service,52ba4ebcd5022a68,11994fe1e107ab61,11994fe1e107ab61,3769,200,GET,ts-auth-service
1650484345,ts-contacts-service,3c35c7e91a223cc6,cf0ed0c6e39d18fc,66e262f4dd867672,2873,200,getContactsByContactsId,ts-preserve-service
1650484345,ts-verification-code-service,93e6e47d5cfedd7f,52ba4ebcd5022a68,11994fe1e107ab61,1961,200,verifyCode,ts-auth-service
1650484345,ts-preserve-service,cf0ed0c6e39d18fc,66e262f4dd867672,66e262f4dd867672,4252,200,GET,ts-preserve-service
1650484345,ts-preserve-service,66e262f4dd867672,,66e262f4dd867672,22208,200,preserve,no_parent
1650484345,ts-order-other-service,2f9c7ecc2b2ff383,949bfa1c8c933ea8,66e262f4dd867672,3318,200,securityInfoCheck,ts-security-service
1650484345,ts-order-service,66d7eb5a6f1e5585,4847c7c040deaab0,66e262f4dd867672,3297,200,securityInfoCheck,ts-security-service
1650484345,ts-station-service,28f16e46dbd63eed,1eaacec69a92419b,aa20deed5bc3ae22,8206,200,queryForNameBatch,ts-order-service
1650484345,ts-auth-service,11994fe1e107ab61,,11994fe1e107ab61,114885,200,getToken,no_parent
1650484345,ts-security-service,4847c7c040deaab0,8a7064628f1b0efe,66e262f4dd867672,4571,200,GET,ts-security-service
1650484345,ts-order-service,aa20deed5bc3ae22,,aa20deed5bc3ae22,13230,200,queryOrdersForRefresh,no_parent
1650484345,ts-order-service,1eaacec69a92419b,aa20deed5bc3ae22,aa20deed5bc3ae22,9768,200,POST,ts-order-service
1650484345,ts-contacts-service,83919bc1ae051895,,83919bc1ae051895,3484,200,findContactsByAccountId,no_parent
1650484345,ts-security-service,949bfa1c8c933ea8,8a7064628f1b0efe,66e262f4dd867672,4659,200,GET,ts-security-service
1650484345,ts-security-service,8a7064628f1b0efe,b39450fd9b14abb5,66e262f4dd867672,13444,200,check,ts-preserve-service
1650484345,ts-verification-code-service,973ad10dd2fc1fc7,,973ad10dd2fc1fc7,3205,200,imageCode,no_parent
1650484346,ts-route-service,c8ec5d9157381c2f,e9855e7dd779b5b8,cd52a41ad0562f33,1821,200,queryById,ts-travel-service
1650484346,ts-route-service,2d99199e74191745,58ba8f56001d0377,cd52a41ad0562f33,1773,200,queryById,ts-travel-service
1650484346,ts-station-service,23d3cf2779b7364a,d213909f90ed27f6,cd52a41ad0562f33,1647,200,queryForStationId,ts-basic-service
1650484346,ts-ticketinfo-service,cbd711cf527b5b4c,3f74028218670ba1,cd52a41ad0562f33,6527,200,GET,ts-ticketinfo-service
1650484346,ts-ticketinfo-service,5d9c0a5dd770101c,9ba941a336343afb,cd52a41ad0562f33,7667,200,queryForStationId,ts-travel-service
1650484346,ts-basic-service,d213909f90ed27f6,9c4c83150964d0ce,cd52a41ad0562f33,2763,200,GET,ts-basic-service
1650484346,ts-basic-service,9c4c83150964d0ce,cbd711cf527b5b4c,cd52a41ad0562f33,5137,200,queryForStationId,ts-ticketinfo-service
1650484346,ts-station-service,437b13c7e5b4d29b,4d16dcaba077cac2,cd52a41ad0562f33,2066,200,queryForStationId,ts-basic-service
1650484346,ts-travel-service,cd52a41ad0562f33,,cd52a41ad0562f33,37580,200,queryInfo,no_parent
1650484346,ts-route-service,45ae2874e0b6105,b7e0c13c66a0190e,cd52a41ad0562f33,2240,200,queryById,ts-travel-service
1650484346,ts-route-service,77af2ec1f1c64be,531460fe09ede98c,cd52a41ad0562f33,1759,200,queryById,ts-travel-service
1650484346,ts-ticketinfo-service,3f74028218670ba1,995e1f9a2e58bce3,cd52a41ad0562f33,9046,200,queryForStationId,ts-travel-service
1650484346,ts-ticketinfo-service,6472faf252835aa0,5d9c0a5dd770101c,cd52a41ad0562f33,5302,200,GET,ts-ticketinfo-service
1650484346,ts-basic-service,4d16dcaba077cac2,6118831f902c42c4,cd52a41ad0562f33,2615,200,GET,ts-basic-service
1650484346,ts-travel-service,995e1f9a2e58bce3,cd52a41ad0562f33,cd52a41ad0562f33,10370,200,GET,ts-travel-service
1650484346,ts-travel-service,531460fe09ede98c,cd52a41ad0562f33,cd52a41ad0562f33,1887,200,GET,ts-travel-service
1650484346,ts-route-service,f682eff1fc71a941,bddf6ed2b632e029,cd52a41ad0562f33,1884,200,queryById,ts-travel-service
1650484346,ts-travel-service,bddf6ed2b632e029,cd52a41ad0562f33,cd52a41ad0562f33,2340,200,GET,ts-travel-service
1650484346,ts-travel-service,58ba8f56001d0377,cd52a41ad0562f33,cd52a41ad0562f33,1893,200,GET,ts-travel-service
1650484346,ts-basic-service,6118831f902c42c4,6472faf252835aa0,cd52a41ad0562f33,4610,200,queryForStationId,ts-ticketinfo-service
1650484346,ts-travel-service,9ba941a336343afb,cd52a41ad0562f33,cd52a41ad0562f33,7868,200,GET,ts-travel-service
1650484346,ts-travel-service,b7e0c13c66a0190e,cd52a41ad0562f33,cd52a41ad0562f33,3387,200,GET,ts-travel-service
1650484346,ts-travel-service,e9855e7dd779b5b8,cd52a41ad0562f33,cd52a41ad0562f33,1928,200,GET,ts-travel-service
1650484346,ts-assurance-service,3663001e347bdf4b,,3663001e347bdf4b,1450,200,getAllAssuranceType,no_parent
1650484406,ts-preserve-service,3afce1f52defbd79,1cc5d1289ea8d921,1cc5d1289ea8d921,3909,200,GET,ts-preserve-service
1650484406,ts-preserve-service,1cc5d1289ea8d921,,1cc5d1289ea8d921,22636,200,preserve,no_parent
1650484406,ts-order-other-service,f8d32604cc8d1e5d,ed839adebb258dfc,1cc5d1289ea8d921,3255,200,securityInfoCheck,ts-security-service
1650484406,ts-security-service,8c8e8ecfb03d6fd3,d84baf00d732857d,1cc5d1289ea8d921,4880,200,GET,ts-security-service
1650484406,ts-security-service,ed839adebb258dfc,d84baf00d732857d,1cc5d1289ea8d921,4591,200,GET,ts-security-service
1650484406,ts-security-service,d84baf00d732857d,bf514a750863fe4a,1cc5d1289ea8d921,13951,200,check,ts-preserve-service
1650484406,ts-preserve-service,bf514a750863fe4a,1cc5d1289ea8d921,1cc5d1289ea8d921,15550,200,GET,ts-preserve-service
1650484406,ts-travel-service,e73102b31b460162,db5306323ab8035c,db5306323ab8035c,8696,200,GET,ts-travel-service
1650484406,ts-travel-service,de65f3d18c6765fa,db5306323ab8035c,db5306323ab8035c,2641,200,GET,ts-travel-service
1650484406,ts-travel-service,eee5505baa0eca0d,db5306323ab8035c,db5306323ab8035c,2322,200,GET,ts-travel-service
1650484406,ts-travel-service,7cb149974cff4662,db5306323ab8035c,db5306323ab8035c,2294,200,GET,ts-travel-service
1650484406,ts-contacts-service,ac00b738af881cd,,ac00b738af881cd,3985,200,findContactsByAccountId,no_parent
1650484406,ts-assurance-service,7fe7ed672985905f,,7fe7ed672985905f,1585,200,getAllAssuranceType,no_parent
1650484406,ts-travel-service,db5306323ab8035c,,db5306323ab8035c,43816,200,queryInfo,no_parent
1650484406,ts-travel-service,7e40035c3ec8b16a,db5306323ab8035c,db5306323ab8035c,11407,200,GET,ts-travel-service
1650484406,ts-travel-service,19a77b8f842f2ff8,db5306323ab8035c,db5306323ab8035c,2700,200,GET,ts-travel-service
1650484406,ts-basic-service,9b2a5a8e0f7bed70,13e7b356ccfeca86,db5306323ab8035c,5213,200,queryForStationId,ts-ticketinfo-service
1650484406,ts-station-service,374726f5efea2e20,da14099c4414a1ec,db5306323ab8035c,2300,200,queryForStationId,ts-basic-service
1650484406,ts-auth-service,b4850d2a23ba2c60,a99b604353d26e13,a99b604353d26e13,5602,200,GET,ts-auth-service
1650484406,ts-auth-service,a99b604353d26e13,,a99b604353d26e13,108965,200,getToken,no_parent
1650484406,ts-contacts-service,bed0c55712bfdc45,3afce1f52defbd79,1cc5d1289ea8d921,2738,200,getContactsByContactsId,ts-preserve-service
1650484406,ts-order-service,5daa0b9ad670920e,8c8e8ecfb03d6fd3,1cc5d1289ea8d921,3434,200,securityInfoCheck,ts-security-service
1650484406,ts-verification-code-service,8b01dca749bdfeda,,8b01dca749bdfeda,6618,200,imageCode,no_parent
1650484406,ts-verification-code-service,d02ec14a3133f32e,b4850d2a23ba2c60,a99b604353d26e13,3622,200,verifyCode,ts-auth-service
1650484406,ts-order-service,ebbf48350a260741,79912ed08d0f4a34,79912ed08d0f4a34,9541,200,POST,ts-order-service
1650484406,ts-basic-service,5ce5458b5e3367f3,c7a15af267836ab9,db5306323ab8035c,5880,200,queryForStationId,ts-ticketinfo-service
1650484406,ts-basic-service,da14099c4414a1ec,5ce5458b5e3367f3,db5306323ab8035c,3435,200,GET,ts-basic-service
1650484406,ts-basic-service,2fd4205cd9138553,9b2a5a8e0f7bed70,db5306323ab8035c,2993,200,GET,ts-basic-service
1650484406,ts-station-service,62007f13a0e019db,2fd4205cd9138553,db5306323ab8035c,2055,200,queryForStationId,ts-basic-service
1650484406,ts-order-service,79912ed08d0f4a34,,79912ed08d0f4a34,12695,200,queryOrdersForRefresh,no_parent
1650484406,ts-station-service,2516ac0fe9536aa,ebbf48350a260741,79912ed08d0f4a34,8039,200,queryForNameBatch,ts-order-service
1650484406,ts-ticketinfo-service,13e7b356ccfeca86,5a0acaa131bdae67,db5306323ab8035c,6016,200,GET,ts-ticketinfo-service
1650484406,ts-ticketinfo-service,5a0acaa131bdae67,e73102b31b460162,db5306323ab8035c,8282,200,queryForStationId,ts-travel-service
1650484406,ts-ticketinfo-service,c7a15af267836ab9,ee02c01c776f3fff,db5306323ab8035c,7118,200,GET,ts-ticketinfo-service
1650484406,ts-travel-service,fb7fe67a6ec4b35e,db5306323ab8035c,db5306323ab8035c,3873,200,GET,ts-travel-service
1650484406,ts-route-service,1adb63882c978cda,de65f3d18c6765fa,db5306323ab8035c,2181,200,queryById,ts-travel-service
1650484406,ts-route-service,1e719f175fc4d2c,eee5505baa0eca0d,db5306323ab8035c,2189,200,queryById,ts-travel-service
1650484406,ts-route-service,f92a02c56870141e,fb7fe67a6ec4b35e,db5306323ab8035c,2655,200,queryById,ts-travel-service
1650484406,ts-route-service,ac1ad7156541969d,19a77b8f842f2ff8,db5306323ab8035c,2571,200,queryById,ts-travel-service
1650484406,ts-route-service,c10acc38179d2079,7cb149974cff4662,db5306323ab8035c,2140,200,queryById,ts-travel-service
1650484406,ts-ticketinfo-service,ee02c01c776f3fff,7e40035c3ec8b16a,db5306323ab8035c,9696,200,queryForStationId,ts-travel-service
1650484467,ts-order-service,f86d4cf21ea6cc52,f9fc81e77040917a,297e83a1ae613f7b,9879,200,securityInfoCheck,ts-security-service
1650484467,ts-auth-service,ccb7c51f3b2944f7,,ccb7c51f3b2944f7,109969,200,getToken,no_parent
1650484467,ts-auth-service,b5494fffdbdccc87,ccb7c51f3b2944f7,ccb7c51f3b2944f7,3724,200,GET,ts-auth-service
1650484467,ts-contacts-service,d37e9220eff3d09e,5ad487587b4e45d9,297e83a1ae613f7b,2885,200,getContactsByContactsId,ts-preserve-service
1650484467,ts-verification-code-service,1e7176c1b518914e,,1e7176c1b518914e,2992,200,imageCode,no_parent
1650484467,ts-verification-code-service,218a92b554c90864,b5494fffdbdccc87,ccb7c51f3b2944f7,1978,200,verifyCode,ts-auth-service
1650484467,ts-assurance-service,a17ffe6cb1278fee,,a17ffe6cb1278fee,1692,200,getAllAssuranceType,no_parent
1650484467,ts-order-other-service,cc9650acf3d0c09a,9b68fc68c49a4e7,297e83a1ae613f7b,3170,200,securityInfoCheck,ts-security-service
1650484467,ts-security-service,f9fc81e77040917a,167b11a356993f59,297e83a1ae613f7b,11262,200,GET,ts-security-service
1650484467,ts-security-service,9b68fc68c49a4e7,167b11a356993f59,297e83a1ae613f7b,4519,200,GET,ts-security-service
1650484467,ts-preserve-service,b750797f5e0cc80d,297e83a1ae613f7b,297e83a1ae613f7b,22182,200,GET,ts-preserve-service
1650484467,ts-security-service,167b11a356993f59,b750797f5e0cc80d,297e83a1ae613f7b,20400,200,check,ts-preserve-service
1650484467,ts-order-service,7f5622125102d9c8,1280d1387a3468a4,1280d1387a3468a4,8771,200,POST,ts-order-service
1650484467,ts-order-service,1280d1387a3468a4,,1280d1387a3468a4,11964,200,queryOrdersForRefresh,no_parent
1650484467,ts-station-service,c8423e93427d88c3,c6693e5accf1a31f,8cd211e3ee708483,2140,200,queryForStationId,ts-basic-service
1650484467,ts-travel-service,1585886439f111,8cd211e3ee708483,8cd211e3ee708483,8200,200,GET,ts-travel-service
1650484467,ts-travel-service,f7fc2dcfeaa86ec3,8cd211e3ee708483,8cd211e3ee708483,11443,200,GET,ts-travel-service
1650484467,ts-basic-service,76836c0c177b8fbb,63ea8437765391e7,8cd211e3ee708483,6217,200,queryForStationId,ts-ticketinfo-service
1650484467,ts-basic-service,c6693e5accf1a31f,80fb9346e3100c97,8cd211e3ee708483,2732,200,GET,ts-basic-service
1650484467,ts-basic-service,80fb9346e3100c97,44fa78537cb1aa5b,8cd211e3ee708483,4774,200,queryForStationId,ts-ticketinfo-service
1650484467,ts-ticketinfo-service,44fa78537cb1aa5b,6d8922f2d1a2bb,8cd211e3ee708483,5480,200,GET,ts-ticketinfo-service
1650484467,ts-ticketinfo-service,63ea8437765391e7,437553ab71319b36,8cd211e3ee708483,7416,200,GET,ts-ticketinfo-service
1650484467,ts-basic-service,4d6cbe99906da885,76836c0c177b8fbb,8cd211e3ee708483,3710,200,GET,ts-basic-service
1650484467,ts-travel-service,51c08170f5ec15d9,8cd211e3ee708483,8cd211e3ee708483,2941,200,GET,ts-travel-service
1650484467,ts-travel-service,2d93973cd5be8c32,8cd211e3ee708483,8cd211e3ee708483,2318,200,GET,ts-travel-service
1650484467,ts-route-service,7891134343720e9,51c08170f5ec15d9,8cd211e3ee708483,2506,200,queryById,ts-travel-service
1650484467,ts-route-service,79d59e7359be1059,36c06e4640043cd1,8cd211e3ee708483,2135,200,queryById,ts-travel-service
1650484467,ts-route-service,2e17647f69c6eb81,861b27a825364ff,8cd211e3ee708483,2173,200,queryById,ts-travel-service
1650484467,ts-route-service,8a9a0e99b5ac2e0e,b52c594b3b7020b7,8cd211e3ee708483,2656,200,queryById,ts-travel-service
1650484467,ts-route-service,6379f66de75ba314,2d93973cd5be8c32,8cd211e3ee708483,2150,200,queryById,ts-travel-service
1650484467,ts-ticketinfo-service,437553ab71319b36,f7fc2dcfeaa86ec3,8cd211e3ee708483,10040,200,queryForStationId,ts-travel-service
1650484467,ts-ticketinfo-service,6d8922f2d1a2bb,1585886439f111,8cd211e3ee708483,7772,200,queryForStationId,ts-travel-service
1650484467,ts-travel-service,861b27a825364ff,8cd211e3ee708483,8cd211e3ee708483,2281,200,GET,ts-travel-service
1650484467,ts-preserve-service,5ad487587b4e45d9,297e83a1ae613f7b,297e83a1ae613f7b,4252,200,GET,ts-preserve-service
1650484467,ts-preserve-service,297e83a1ae613f7b,,297e83a1ae613f7b,29816,200,preserve,no_parent
1650484467,ts-travel-service,36c06e4640043cd1,8cd211e3ee708483,8cd211e3ee708483,2296,200,GET,ts-travel-service
1650484467,ts-travel-service,8cd211e3ee708483,,8cd211e3ee708483,42685,200,queryInfo,no_parent
1650484467,ts-station-service,df24c00c5af2ec33,7f5622125102d9c8,1280d1387a3468a4,7418,200,queryForNameBatch,ts-order-service
1650484467,ts-contacts-service,20d4634ec0aa2bff,,20d4634ec0aa2bff,3729,200,findContactsByAccountId,no_parent
1650484467,ts-station-service,b1cd84de95ffd8f4,4d6cbe99906da885,8cd211e3ee708483,2252,200,queryForStationId,ts-basic-service
1650484467,ts-travel-service,b52c594b3b7020b7,8cd211e3ee708483,8cd211e3ee708483,3926,200,GET,ts-travel-service
1650484528,ts-order-other-service,42aa0b1d4da3d74b,8f830042d529f234,e97af8873a54c963,3305,200,securityInfoCheck,ts-security-service
1650484528,ts-ticketinfo-service,9a5b0cf03583066c,ca1a328408773588,7f00b091faebceb2,4156,200,GET,ts-ticketinfo-service
1650484528,ts-travel-service,85fc2b3d8288eb83,7f00b091faebceb2,7f00b091faebceb2,2438,200,GET,ts-travel-service
1650484528,ts-route-service,dcda0dddd37c22f4,1ca416324f385517,7f00b091faebceb2,2079,200,queryById,ts-travel-service
1650484528,ts-security-service,2a828060edf0c868,9aeec0dbe3a1597a,e97af8873a54c963,14632,200,check,ts-preserve-service
1650484528,ts-contacts-service,22838cf6057ad3e9,c4c9e180603bbf9,e97af8873a54c963,2501,200,getContactsByContactsId,ts-preserve-service
1650484528,ts-order-service,bc8981e2e4046dde,2345ef58bddff784,e97af8873a54c963,3839,200,securityInfoCheck,ts-security-service
1650484528,ts-preserve-service,9aeec0dbe3a1597a,e97af8873a54c963,e97af8873a54c963,16318,200,GET,ts-preserve-service
1650484528,ts-preserve-service,c4c9e180603bbf9,e97af8873a54c963,e97af8873a54c963,4007,200,GET,ts-preserve-service
1650484528,ts-verification-code-service,24c217323f52892b,753fd59cd74f16c4,aff2419b0aff046a,1994,200,verifyCode,ts-auth-service
1650484528,ts-auth-service,753fd59cd74f16c4,aff2419b0aff046a,aff2419b0aff046a,3766,200,GET,ts-auth-service
1650484528,ts-auth-service,aff2419b0aff046a,,aff2419b0aff046a,112985,200,getToken,no_parent
1650484528,ts-ticketinfo-service,c93ef82cac9f92b,19899c50afb82f91,7f00b091faebceb2,10078,200,GET,ts-ticketinfo-service
1650484528,ts-basic-service,90b487c36dac46d6,b7a5efecf0bc3b5b,7f00b091faebceb2,5296,200,GET,ts-basic-service
1650484528,ts-basic-service,b7a5efecf0bc3b5b,c93ef82cac9f92b,7f00b091faebceb2,8913,200,queryForStationId,ts-ticketinfo-service
1650484528,ts-basic-service,2f56bb71973233fc,3e7b61af16ba160d,7f00b091faebceb2,1994,200,GET,ts-basic-service
1650484528,ts-basic-service,3e7b61af16ba160d,9a5b0cf03583066c,7f00b091faebceb2,3577,200,queryForStationId,ts-ticketinfo-service
1650484528,ts-station-service,c76e44364e194ea9,2f56bb71973233fc,7f00b091faebceb2,1317,200,queryForStationId,ts-basic-service
1650484528,ts-route-service,d3368c2013d211b7,85fc2b3d8288eb83,7f00b091faebceb2,2153,200,queryById,ts-travel-service
1650484528,ts-ticketinfo-service,19899c50afb82f91,20a234ca27cdf763,7f00b091faebceb2,13363,200,queryForStationId,ts-travel-service
1650484528,ts-ticketinfo-service,ca1a328408773588,9bb53d2d378519db,7f00b091faebceb2,6042,200,queryForStationId,ts-travel-service
1650484528,ts-travel-service,7c4ab975728cb4,7f00b091faebceb2,7f00b091faebceb2,10813,200,GET,ts-travel-service
1650484528,ts-travel-service,1ca416324f385517,7f00b091faebceb2,7f00b091faebceb2,2122,200,GET,ts-travel-service
1650484528,ts-order-service,f733a658fc806bd0,,f733a658fc806bd0,12570,200,queryOrdersForRefresh,no_parent
1650484528,ts-security-service,2345ef58bddff784,2a828060edf0c868,e97af8873a54c963,5339,200,GET,ts-security-service
1650484528,ts-preserve-service,e97af8873a54c963,,e97af8873a54c963,23293,200,preserve,no_parent
1650484528,ts-station-service,f0bbbefb0bbaf7da,90b487c36dac46d6,7f00b091faebceb2,3592,200,queryForStationId,ts-basic-service
1650484528,ts-travel-service,2c50aa4596a60d60,7f00b091faebceb2,7f00b091faebceb2,1966,200,GET,ts-travel-service
1650484528,ts-travel-service,da85889b518544d7,7f00b091faebceb2,7f00b091faebceb2,1776,200,GET,ts-travel-service
1650484528,ts-travel-service,7f00b091faebceb2,,7f00b091faebceb2,48584,200,queryInfo,no_parent
1650484528,ts-travel-service,9bb53d2d378519db,7f00b091faebceb2,7f00b091faebceb2,6562,200,GET,ts-travel-service
1650484528,ts-route-service,f44a0500aa9ee7bb,7c4ab975728cb4,7f00b091faebceb2,9364,200,queryById,ts-travel-service
1650484528,ts-route-service,7bdb623f48bfdeb6,2c50aa4596a60d60,7f00b091faebceb2,1948,200,queryById,ts-travel-service
1650484528,ts-route-service,603702debc3baf68,da85889b518544d7,7f00b091faebceb2,1687,200,queryById,ts-travel-service
1650484528,ts-travel-service,20a234ca27cdf763,7f00b091faebceb2,7f00b091faebceb2,14658,200,GET,ts-travel-service
1650484528,ts-security-service,8f830042d529f234,2a828060edf0c868,e97af8873a54c963,4661,200,GET,ts-security-service
1650484528,ts-contacts-service,f0292c1c935a9b09,,f0292c1c935a9b09,14575,200,findContactsByAccountId,no_parent
1650484528,ts-order-service,9d335640d65fb3a1,f733a658fc806bd0,f733a658fc806bd0,9405,200,POST,ts-order-service
1650484528,ts-station-service,12b6f589383cf832,9d335640d65fb3a1,f733a658fc806bd0,7876,200,queryForNameBatch,ts-order-service
1650484528,ts-verification-code-service,e4eca865b4e72e72,,e4eca865b4e72e72,2741,200,imageCode,no_parent
1650484529,ts-assurance-service,2b4e049a9b03676f,,2b4e049a9b03676f,1507,200,getAllAssuranceType,no_parent
1650484590,ts-verification-code-service,46c36ab1672726ec,13fb0457217a87fb,42348a37144a182,2143,200,verifyCode,ts-auth-service
1650484590,ts-auth-service,13fb0457217a87fb,42348a37144a182,42348a37144a182,3918,200,GET,ts-auth-service
1650484590,ts-security-service,ee3b07037730b32e,39f57282146ed057,44c0098ca50b14c7,13978,200,check,ts-preserve-service
1650484590,ts-order-other-service,24761b74c0a01c4,9dbfbcee15e0b09b,44c0098ca50b14c7,3180,200,securityInfoCheck,ts-security-service
1650484590,ts-order-service,4304c762af2905d8,353775d3a6c362ef,44c0098ca50b14c7,3530,200,securityInfoCheck,ts-security-service
1650484590,ts-contacts-service,39a705450c6a1643,efe104d50457344d,44c0098ca50b14c7,2463,200,getContactsByContactsId,ts-preserve-service
1650484590,ts-verification-code-service,a247495a26cfaf7a,,a247495a26cfaf7a,2082,200,imageCode,no_parent
1650484590,ts-auth-service,42348a37144a182,,42348a37144a182,114887,200,getToken,no_parent
1650484590,ts-security-service,9dbfbcee15e0b09b,ee3b07037730b32e,44c0098ca50b14c7,4327,200,GET,ts-security-service
1650484590,ts-preserve-service,44c0098ca50b14c7,,44c0098ca50b14c7,22197,200,preserve,no_parent
1650484590,ts-preserve-service,efe104d50457344d,44c0098ca50b14c7,44c0098ca50b14c7,3863,200,GET,ts-preserve-service
1650484590,ts-preserve-service,39f57282146ed057,44c0098ca50b14c7,44c0098ca50b14c7,15477,200,GET,ts-preserve-service
1650484590,ts-security-service,353775d3a6c362ef,ee3b07037730b32e,44c0098ca50b14c7,4964,200,GET,ts-security-service
1650484590,ts-route-service,1809dffdf0856bcd,d0afc0465b885cba,c7b2398a7e676b9a,2158,200,queryById,ts-travel-service
1650484590,ts-ticketinfo-service,414ec6533005780c,420aa60438d399ee,c7b2398a7e676b9a,5367,200,GET,ts-ticketinfo-service
1650484590,ts-ticketinfo-service,73b28781a2375fd9,2a0f2008ccbc1ce8,c7b2398a7e676b9a,9807,200,queryForStationId,ts-travel-service
1650484590,ts-ticketinfo-service,420aa60438d399ee,58c7bf0e4ef16e35,c7b2398a7e676b9a,7634,200,queryForStationId,ts-travel-service
1650484590,ts-ticketinfo-service,da562ab5ae79ba05,73b28781a2375fd9,c7b2398a7e676b9a,7177,200,GET,ts-ticketinfo-service
1650484590,ts-basic-service,3c5ecc38d1956cd0,da562ab5ae79ba05,c7b2398a7e676b9a,5937,200,queryForStationId,ts-ticketinfo-service
1650484590,ts-basic-service,d67561643ba7df3c,414ec6533005780c,c7b2398a7e676b9a,4651,200,queryForStationId,ts-ticketinfo-service
1650484590,ts-basic-service,e1dcf43abad39f8b,3c5ecc38d1956cd0,c7b2398a7e676b9a,3426,200,GET,ts-basic-service
1650484590,ts-travel-service,d0afc0465b885cba,c7b2398a7e676b9a,c7b2398a7e676b9a,2281,200,GET,ts-travel-service
1650484590,ts-route-service,ccce081e087c1197,73662b2aa29ae7ef,c7b2398a7e676b9a,2226,200,queryById,ts-travel-service
1650484590,ts-route-service,9d164a4e78d4ceb4,18b2a7f32630cadc,c7b2398a7e676b9a,2641,200,queryById,ts-travel-service
1650484590,ts-route-service,6478f8ccca5d7394,af698e14d6385bb6,c7b2398a7e676b9a,2146,200,queryById,ts-travel-service
1650484590,ts-travel-service,58c7bf0e4ef16e35,c7b2398a7e676b9a,c7b2398a7e676b9a,8079,200,GET,ts-travel-service
1650484590,ts-travel-service,18b2a7f32630cadc,c7b2398a7e676b9a,c7b2398a7e676b9a,3916,200,GET,ts-travel-service
1650484590,ts-travel-service,ffd566b2b839bc2c,c7b2398a7e676b9a,c7b2398a7e676b9a,2291,200,GET,ts-travel-service
1650484590,ts-basic-service,f425b92eac09b5c8,d67561643ba7df3c,c7b2398a7e676b9a,2689,200,GET,ts-basic-service
1650484590,ts-station-service,a0aa7910f8c28a60,e1dcf43abad39f8b,c7b2398a7e676b9a,2386,200,queryForStationId,ts-basic-service
1650484590,ts-station-service,8f9bcb1bc3b45413,f425b92eac09b5c8,c7b2398a7e676b9a,2049,200,queryForStationId,ts-basic-service
1650484590,ts-travel-service,c7b2398a7e676b9a,,c7b2398a7e676b9a,42227,200,queryInfo,no_parent
1650484590,ts-route-service,fa0518c9deac1600,ffd566b2b839bc2c,c7b2398a7e676b9a,2166,200,queryById,ts-travel-service
1650484590,ts-travel-service,af698e14d6385bb6,c7b2398a7e676b9a,c7b2398a7e676b9a,2624,200,GET,ts-travel-service
1650484590,ts-travel-service,73662b2aa29ae7ef,c7b2398a7e676b9a,c7b2398a7e676b9a,2331,200,GET,ts-travel-service
1650484590,ts-order-service,37eaf1a7a2eddc85,3a5ee5804f4a3834,3a5ee5804f4a3834,9547,200,POST,ts-order-service
1650484590,ts-order-service,3a5ee5804f4a3834,,3a5ee5804f4a3834,12842,200,queryOrdersForRefresh,no_parent
1650484590,ts-station-service,ac3185aa3e0cab31,37eaf1a7a2eddc85,3a5ee5804f4a3834,8128,200,queryForNameBatch,ts-order-service
1650484590,ts-travel-service,2a0f2008ccbc1ce8,c7b2398a7e676b9a,c7b2398a7e676b9a,11275,200,GET,ts-travel-service
1650484590,ts-assurance-service,b8f38a39fc4385,,b8f38a39fc4385,1655,200,getAllAssuranceType,no_parent
1650484590,ts-contacts-service,8ea5d15bac9ce2ed,,8ea5d15bac9ce2ed,3131,200,findContactsByAccountId,no_parent
1650484650,ts-security-service,c4f220b1e7d13297,3b8b970ce7324e38,d4351d430f061b0d,4882,200,GET,ts-security-service
1650484650,ts-security-service,3b8b970ce7324e38,6d4de3db49158234,d4351d430f061b0d,14345,200,check,ts-preserve-service
1650484650,ts-contacts-service,7724e57b3452a5ac,675b4075e3e33dcd,d4351d430f061b0d,2745,200,getContactsByContactsId,ts-preserve-service
1650484650,ts-order-service,b90e167939a8d130,5507ee90c3777425,d4351d430f061b0d,3485,200,securityInfoCheck,ts-security-service
1650484650,ts-preserve-service,6d4de3db49158234,d4351d430f061b0d,d4351d430f061b0d,15941,200,GET,ts-preserve-service
1650484650,ts-preserve-service,675b4075e3e33dcd,d4351d430f061b0d,d4351d430f061b0d,4028,200,GET,ts-preserve-service
1650484650,ts-preserve-service,d4351d430f061b0d,,d4351d430f061b0d,23228,200,preserve,no_parent
1650484650,ts-order-other-service,91cdd2a50804a285,c4f220b1e7d13297,d4351d430f061b0d,3449,200,securityInfoCheck,ts-security-service
1650484650,ts-route-service,eb10e13caf1175a6,4df4f247353d93e,2988132dd60378e6,3555,200,queryById,ts-travel-service
1650484650,ts-route-service,7b63215656c074d9,7564f1bfe790eae0,2988132dd60378e6,2188,200,queryById,ts-travel-service
1650484650,ts-travel-service,eed2d965cf473771,2988132dd60378e6,2988132dd60378e6,10226,200,GET,ts-travel-service
1650484650,ts-travel-service,209c30da84439e2b,2988132dd60378e6,2988132dd60378e6,2316,200,GET,ts-travel-service
1650484650,ts-ticketinfo-service,44a355637ea6f77b,a335e6dbfed92c03,2988132dd60378e6,5538,200,GET,ts-ticketinfo-service
1650484650,ts-route-service,38c60961088617e1,26bfe53272be4946,2988132dd60378e6,2315,200,queryById,ts-travel-service
1650484650,ts-travel-service,b800f77e2b9e2f73,2988132dd60378e6,2988132dd60378e6,8099,200,GET,ts-travel-service
1650484650,ts-travel-service,7564f1bfe790eae0,2988132dd60378e6,2988132dd60378e6,2583,200,GET,ts-travel-service
1650484650,ts-travel-service,e02e7250099e4ee3,2988132dd60378e6,2988132dd60378e6,4239,200,GET,ts-travel-service
1650484650,ts-route-service,a0589772ac52f14c,209c30da84439e2b,2988132dd60378e6,2157,200,queryById,ts-travel-service
1650484650,ts-route-service,b448ef9e9edec6c0,e02e7250099e4ee3,2988132dd60378e6,4051,200,queryById,ts-travel-service
1650484650,ts-basic-service,337fb8e3018bea1a,507e75589a17a221,2988132dd60378e6,2904,200,GET,ts-basic-service
1650484650,ts-security-service,5507ee90c3777425,3b8b970ce7324e38,d4351d430f061b0d,4839,200,GET,ts-security-service
1650484650,ts-assurance-service,8b85cf7c2d47fa4,,8b85cf7c2d47fa4,1657,200,getAllAssuranceType,no_parent
1650484650,ts-contacts-service,d92199eb44bae22d,,d92199eb44bae22d,3533,200,findContactsByAccountId,no_parent
1650484650,ts-order-service,216abd1075809ab5,,216abd1075809ab5,12135,200,queryOrdersForRefresh,no_parent
1650484650,ts-order-service,92532881fa2255c2,216abd1075809ab5,216abd1075809ab5,9115,200,POST,ts-order-service
1650484650,ts-station-service,92958f959d4224a4,92532881fa2255c2,216abd1075809ab5,7553,200,queryForNameBatch,ts-order-service
1650484650,ts-ticketinfo-service,ec5a46a3c6aa157b,d404bba738a9184,2988132dd60378e6,6109,200,GET,ts-ticketinfo-service
1650484650,ts-travel-service,2988132dd60378e6,,2988132dd60378e6,44611,200,queryInfo,no_parent
1650484650,ts-basic-service,507e75589a17a221,44a355637ea6f77b,2988132dd60378e6,4881,200,queryForStationId,ts-ticketinfo-service
1650484650,ts-basic-service,d97a48cea7044eb1,9743f46d5e209057,2988132dd60378e6,3241,200,GET,ts-basic-service
1650484650,ts-station-service,7abcc8ee4d9cd0dd,d97a48cea7044eb1,2988132dd60378e6,2335,200,queryForStationId,ts-basic-service
1650484650,ts-travel-service,4df4f247353d93e,2988132dd60378e6,2988132dd60378e6,4931,200,GET,ts-travel-service
1650484650,ts-travel-service,26bfe53272be4946,2988132dd60378e6,2988132dd60378e6,2442,200,GET,ts-travel-service
1650484650,ts-ticketinfo-service,d404bba738a9184,eed2d965cf473771,2988132dd60378e6,8777,200,queryForStationId,ts-travel-service
1650484650,ts-ticketinfo-service,a335e6dbfed92c03,b800f77e2b9e2f73,2988132dd60378e6,7788,200,queryForStationId,ts-travel-service
1650484650,ts-basic-service,9743f46d5e209057,ec5a46a3c6aa157b,2988132dd60378e6,5070,200,queryForStationId,ts-ticketinfo-service
1650484650,ts-station-service,881a3f9882ea0c02,337fb8e3018bea1a,2988132dd60378e6,2078,200,queryForStationId,ts-basic-service
1650484650,ts-auth-service,dfa4f4abca9ba2e1,cf7963838b0fdfed,cf7963838b0fdfed,3912,200,GET,ts-auth-service
1650484650,ts-auth-service,cf7963838b0fdfed,,cf7963838b0fdfed,112436,200,getToken,no_parent
1650484650,ts-verification-code-service,f7512ee4248c821f,dfa4f4abca9ba2e1,cf7963838b0fdfed,2086,200,verifyCode,ts-auth-service
1650484650,ts-verification-code-service,d093b8bf4c4b550d,,d093b8bf4c4b550d,2973,200,imageCode,no_parent
1650484710,ts-verification-code-service,6e02f11a9433743c,,6e02f11a9433743c,2988,200,imageCode,no_parent
1650484710,ts-verification-code-service,616613ecfc88900b,dd771edd02b5bffa,35cd5aac172c541c,1913,200,verifyCode,ts-auth-service
1650484710,ts-auth-service,dd771edd02b5bffa,35cd5aac172c541c,35cd5aac172c541c,3643,200,GET,ts-auth-service
1650484710,ts-auth-service,35cd5aac172c541c,,35cd5aac172c541c,115964,200,getToken,no_parent
1650484710,ts-order-service,7acf2b9f59603575,28db0bf10d87915c,8b49bd6629c563fb,3542,200,securityInfoCheck,ts-security-service
1650484710,ts-preserve-service,dcffc9297b455855,8b49bd6629c563fb,8b49bd6629c563fb,15660,200,GET,ts-preserve-service
1650484710,ts-basic-service,c6b7bffb10a8c313,99cb711b599b82ff,527d37225ccc2a99,4751,200,queryForStationId,ts-ticketinfo-service
1650484710,ts-basic-service,9e92da893290154a,4b63a261d6fff800,527d37225ccc2a99,3249,200,GET,ts-basic-service
1650484710,ts-preserve-service,d780313be8e96de9,8b49bd6629c563fb,8b49bd6629c563fb,3984,200,GET,ts-preserve-service
1650484710,ts-order-other-service,e34bca9dd7f972e6,b7584a8c150d6a19,8b49bd6629c563fb,3258,200,securityInfoCheck,ts-security-service
1650484710,ts-preserve-service,8b49bd6629c563fb,,8b49bd6629c563fb,22822,200,preserve,no_parent
1650484710,ts-ticketinfo-service,99cb711b599b82ff,8d5957166cc1fd55,527d37225ccc2a99,5450,200,GET,ts-ticketinfo-service
1650484710,ts-route-service,6e46c7d40fa4152e,93398ab61a647504,527d37225ccc2a99,2574,200,queryById,ts-travel-service
1650484710,ts-travel-service,600461496114dcae,527d37225ccc2a99,527d37225ccc2a99,2562,200,GET,ts-travel-service
1650484710,ts-route-service,169df9a3e4271a5e,f4b308520aef60cf,527d37225ccc2a99,2257,200,queryById,ts-travel-service
1650484710,ts-travel-service,5361b837a63bd593,527d37225ccc2a99,527d37225ccc2a99,8156,200,GET,ts-travel-service
1650484710,ts-travel-service,f4b308520aef60cf,527d37225ccc2a99,527d37225ccc2a99,2418,200,GET,ts-travel-service
1650484710,ts-station-service,3859f80cf657868c,9e92da893290154a,527d37225ccc2a99,2317,200,queryForStationId,ts-basic-service
1650484710,ts-route-service,6de3baff1e7bdb65,600461496114dcae,527d37225ccc2a99,2136,200,queryById,ts-travel-service
1650484710,ts-contacts-service,a24ac30f58a91721,d780313be8e96de9,8b49bd6629c563fb,2671,200,getContactsByContactsId,ts-preserve-service
1650484710,ts-route-service,251efdf461332f79,472d48ddebe3cad0,527d37225ccc2a99,2196,200,queryById,ts-travel-service
1650484710,ts-station-service,ffd19150650cb34,23c178eab28ed7aa,527d37225ccc2a99,2075,200,queryForStationId,ts-basic-service
1650484710,ts-ticketinfo-service,8d5957166cc1fd55,5361b837a63bd593,527d37225ccc2a99,7719,200,queryForStationId,ts-travel-service
1650484710,ts-ticketinfo-service,2e7da6eb0c9f6465,727e33e2cf2f17bd,527d37225ccc2a99,6386,200,GET,ts-ticketinfo-service
1650484710,ts-ticketinfo-service,727e33e2cf2f17bd,e0478139e367b71e,527d37225ccc2a99,9042,200,queryForStationId,ts-travel-service
1650484710,ts-basic-service,23c178eab28ed7aa,c6b7bffb10a8c313,527d37225ccc2a99,2842,200,GET,ts-basic-service
1650484710,ts-travel-service,527d37225ccc2a99,,527d37225ccc2a99,53102,200,queryInfo,no_parent
1650484710,ts-basic-service,4b63a261d6fff800,2e7da6eb0c9f6465,527d37225ccc2a99,5386,200,queryForStationId,ts-ticketinfo-service
1650484710,ts-security-service,b7584a8c150d6a19,8085f31272a2d0ce,8b49bd6629c563fb,4653,200,GET,ts-security-service
1650484710,ts-route-service,47af14f29bc6bfaf,8dfe551a38484b17,527d37225ccc2a99,2832,200,queryById,ts-travel-service
1650484710,ts-security-service,8085f31272a2d0ce,dcffc9297b455855,8b49bd6629c563fb,13984,200,check,ts-preserve-service
1650484710,ts-security-service,28db0bf10d87915c,8085f31272a2d0ce,8b49bd6629c563fb,4884,200,GET,ts-security-service
1650484710,ts-contacts-service,8b2a30e73a1016b3,,8b2a30e73a1016b3,3618,200,findContactsByAccountId,no_parent
1650484710,ts-station-service,b12917dd64c9ad0b,c0fffaf794b03ed2,36b38be0aef4bc8f,7467,200,queryForNameBatch,ts-order-service
1650484710,ts-travel-service,e0478139e367b71e,527d37225ccc2a99,527d37225ccc2a99,10703,200,GET,ts-travel-service
1650484710,ts-travel-service,472d48ddebe3cad0,527d37225ccc2a99,527d37225ccc2a99,2328,200,GET,ts-travel-service
1650484710,ts-order-service,36b38be0aef4bc8f,,36b38be0aef4bc8f,12179,200,queryOrdersForRefresh,no_parent
1650484710,ts-order-service,c0fffaf794b03ed2,36b38be0aef4bc8f,36b38be0aef4bc8f,9007,200,POST,ts-order-service
1650484710,ts-travel-service,93398ab61a647504,527d37225ccc2a99,527d37225ccc2a99,2711,200,GET,ts-travel-service
1650484710,ts-travel-service,8dfe551a38484b17,527d37225ccc2a99,527d37225ccc2a99,4894,200,GET,ts-travel-service
1650484710,ts-assurance-service,aeb45c072d5e58a,,aeb45c072d5e58a,1358,200,getAllAssuranceType,no_parent
1650484770,ts-preserve-service,964fe57a63e26891,d952fb448fcac7ab,d952fb448fcac7ab,15763,200,GET,ts-preserve-service
1650484770,ts-security-service,ffe7e541b0ebd36,964fe57a63e26891,d952fb448fcac7ab,13924,200,check,ts-preserve-service
1650484770,ts-order-service,3827273a8c801b99,453f9e96432287cf,d952fb448fcac7ab,3478,200,securityInfoCheck,ts-security-service
1650484770,ts-security-service,f60ff5517ee352ed,ffe7e541b0ebd36,d952fb448fcac7ab,4646,200,GET,ts-security-service
1650484770,ts-order-other-service,2a834c53914dedb,f60ff5517ee352ed,d952fb448fcac7ab,3201,200,securityInfoCheck,ts-security-service
1650484770,ts-station-service,b556faf3dbf7af79,ec23d8b90ae554b8,c8b206617b696fce,7466,200,queryForNameBatch,ts-order-service
1650484770,ts-contacts-service,be4127a729098b78,cbe0a5e4b0ee7504,d952fb448fcac7ab,2658,200,getContactsByContactsId,ts-preserve-service
1650484770,ts-security-service,453f9e96432287cf,ffe7e541b0ebd36,d952fb448fcac7ab,4938,200,GET,ts-security-service
1650484770,ts-preserve-service,cbe0a5e4b0ee7504,d952fb448fcac7ab,d952fb448fcac7ab,3974,200,GET,ts-preserve-service
1650484770,ts-preserve-service,d952fb448fcac7ab,,d952fb448fcac7ab,22853,200,preserve,no_parent
1650484770,ts-order-service,ec23d8b90ae554b8,c8b206617b696fce,c8b206617b696fce,8953,200,POST,ts-order-service
1650484770,ts-order-service,c8b206617b696fce,,c8b206617b696fce,11776,200,queryOrdersForRefresh,no_parent
1650484770,ts-contacts-service,41ce5b08b08c50db,,41ce5b08b08c50db,3655,200,findContactsByAccountId,no_parent
1650484770,ts-verification-code-service,dbbd0973f246874,,dbbd0973f246874,3024,200,imageCode,no_parent
1650484771,ts-assurance-service,1c3636ca39023798,,1c3636ca39023798,1727,200,getAllAssuranceType,no_parent
1650484771,ts-ticketinfo-service,ccfb268ca3d8aff5,34073cef0e406a4,ec5387235848bb93,8051,200,queryForStationId,ts-travel-service
1650484771,ts-basic-service,da4fa23af61edce9,f83aac6d039ef133,ec5387235848bb93,3556,200,GET,ts-basic-service
1650484771,ts-basic-service,f83aac6d039ef133,e5b690581031fad8,ec5387235848bb93,5969,200,queryForStationId,ts-ticketinfo-service
1650484771,ts-basic-service,5126ce8ff6b8307d,4367adfdda86b87d,ec5387235848bb93,2782,200,GET,ts-basic-service
1650484771,ts-basic-service,4367adfdda86b87d,960fbadea21f2b73,ec5387235848bb93,4984,200,queryForStationId,ts-ticketinfo-service
1650484771,ts-route-service,e49978f747adf983,3a3d2673ebc7cad3,ec5387235848bb93,2150,200,queryById,ts-travel-service
1650484771,ts-route-service,72ba723620ca4ef2,51ab8b9ee5545258,ec5387235848bb93,2236,200,queryById,ts-travel-service
1650484771,ts-route-service,6cda35051ff286f,baf8fcc025e53ae9,ec5387235848bb93,2209,200,queryById,ts-travel-service
1650484771,ts-travel-service,e78d5f954e90dd50,ec5387235848bb93,ec5387235848bb93,10871,200,GET,ts-travel-service
1650484771,ts-travel-service,34073cef0e406a4,ec5387235848bb93,ec5387235848bb93,8427,200,GET,ts-travel-service
1650484771,ts-travel-service,51ab8b9ee5545258,ec5387235848bb93,ec5387235848bb93,2301,200,GET,ts-travel-service
1650484771,ts-travel-service,ec5387235848bb93,,ec5387235848bb93,43240,200,queryInfo,no_parent
1650484771,ts-travel-service,ee61d106936b8c13,ec5387235848bb93,ec5387235848bb93,3947,200,GET,ts-travel-service
1650484771,ts-travel-service,baf8fcc025e53ae9,ec5387235848bb93,ec5387235848bb93,2356,200,GET,ts-travel-service
1650484771,ts-route-service,2b1c978b1c3b8056,ee61d106936b8c13,ec5387235848bb93,2631,200,queryById,ts-travel-service
1650484771,ts-route-service,a358c05a4a315efa,7802f27580f050c3,ec5387235848bb93,2393,200,queryById,ts-travel-service
1650484771,ts-travel-service,3a3d2673ebc7cad3,ec5387235848bb93,ec5387235848bb93,2290,200,GET,ts-travel-service
1650484771,ts-travel-service,7802f27580f050c3,ec5387235848bb93,ec5387235848bb93,2870,200,GET,ts-travel-service
1650484771,ts-station-service,4c2e2aca83c091c1,da4fa23af61edce9,ec5387235848bb93,2445,200,queryForStationId,ts-basic-service
1650484771,ts-station-service,1dd087cf82247c62,5126ce8ff6b8307d,ec5387235848bb93,2088,200,queryForStationId,ts-basic-service
1650484771,ts-ticketinfo-service,960fbadea21f2b73,ccfb268ca3d8aff5,ec5387235848bb93,5682,200,GET,ts-ticketinfo-service
1650484771,ts-ticketinfo-service,e5b690581031fad8,6123fdb1f18ac552,ec5387235848bb93,7031,200,GET,ts-ticketinfo-service
1650484771,ts-ticketinfo-service,6123fdb1f18ac552,e78d5f954e90dd50,ec5387235848bb93,9756,200,queryForStationId,ts-travel-service
1650484771,ts-auth-service,e2ccc91cffafb863,,e2ccc91cffafb863,111580,200,getToken,no_parent
1650484771,ts-auth-service,103d1f2b06f98751,e2ccc91cffafb863,e2ccc91cffafb863,4507,200,GET,ts-auth-service
1650484771,ts-verification-code-service,bfe6873de5dd6112,103d1f2b06f98751,e2ccc91cffafb863,2831,200,verifyCode,ts-auth-service
1650484831,ts-preserve-service,37e0bf7a629ec91e,f0c26cfdddc2fc3f,f0c26cfdddc2fc3f,4017,200,GET,ts-preserve-service
1650484831,ts-verification-code-service,ef91be7dbadc69c0,b62e5dfa40ef9c5a,901ff318035fbf14,1979,200,verifyCode,ts-auth-service
1650484831,ts-auth-service,b62e5dfa40ef9c5a,901ff318035fbf14,901ff318035fbf14,3744,200,GET,ts-auth-service
1650484831,ts-contacts-service,2cc38e1a9b3e164b,37e0bf7a629ec91e,f0c26cfdddc2fc3f,2712,200,getContactsByContactsId,ts-preserve-service
1650484831,ts-preserve-service,26c85f4c843486f1,f0c26cfdddc2fc3f,f0c26cfdddc2fc3f,22181,200,GET,ts-preserve-service
1650484831,ts-order-service,547ec34682df48f5,7ae928c4c41877eb,f0c26cfdddc2fc3f,3293,200,securityInfoCheck,ts-security-service
1650484831,ts-security-service,e45c1a15157a81cc,26c85f4c843486f1,f0c26cfdddc2fc3f,20606,200,check,ts-preserve-service
1650484831,ts-ticketinfo-service,189374cc8c088851,2202552f6dc0b1cf,5723f53d412bec25,7117,200,GET,ts-ticketinfo-service
1650484831,ts-ticketinfo-service,3603aa430f9303ce,2fe2e63e577eb556,5723f53d412bec25,8411,200,queryForStationId,ts-travel-service
1650484831,ts-ticketinfo-service,2202552f6dc0b1cf,b19eca3e9934008a,5723f53d412bec25,9730,200,queryForStationId,ts-travel-service
1650484831,ts-basic-service,90e44d5bdf9f3dc5,4c55b7303ed358ba,5723f53d412bec25,2855,200,GET,ts-basic-service
1650484831,ts-basic-service,5128e43e3ac2f039,189374cc8c088851,5723f53d412bec25,5879,200,queryForStationId,ts-ticketinfo-service
1650484831,ts-basic-service,4c55b7303ed358ba,3528f9124e2a8d4a,5723f53d412bec25,5170,200,queryForStationId,ts-ticketinfo-service
1650484831,ts-station-service,f748261781fc3ba9,90e44d5bdf9f3dc5,5723f53d412bec25,2126,200,queryForStationId,ts-basic-service
1650484831,ts-route-service,7123e68dd4fa090f,805c70aa69fd2cc5,5723f53d412bec25,2850,200,queryById,ts-travel-service
1650484831,ts-route-service,98593e688fe57f6d,b3417e2bea21a616,5723f53d412bec25,2249,200,queryById,ts-travel-service
1650484831,ts-route-service,1e10008ce6e3ac7c,77c2bb8d3e6d8762,5723f53d412bec25,2261,200,queryById,ts-travel-service
1650484831,ts-station-service,8101cedff4662daa,af8bea0eb52e5529,5723f53d412bec25,2223,200,queryForStationId,ts-basic-service
1650484831,ts-travel-service,2fe2e63e577eb556,5723f53d412bec25,5723f53d412bec25,8674,200,GET,ts-travel-service
1650484831,ts-travel-service,74d8aa806e36d69b,5723f53d412bec25,5723f53d412bec25,3058,200,GET,ts-travel-service
1650484831,ts-security-service,a80faee1c2504704,e45c1a15157a81cc,f0c26cfdddc2fc3f,5078,200,GET,ts-security-service
1650484831,ts-preserve-service,f0c26cfdddc2fc3f,,f0c26cfdddc2fc3f,29351,200,preserve,no_parent
1650484831,ts-order-other-service,1fa22b0820d9fb45,a80faee1c2504704,f0c26cfdddc2fc3f,3350,200,securityInfoCheck,ts-security-service
1650484831,ts-security-service,7ae928c4c41877eb,e45c1a15157a81cc,f0c26cfdddc2fc3f,4679,200,GET,ts-security-service
1650484831,ts-travel-service,b19eca3e9934008a,5723f53d412bec25,5723f53d412bec25,11204,200,GET,ts-travel-service
1650484831,ts-travel-service,b3417e2bea21a616,5723f53d412bec25,5723f53d412bec25,2359,200,GET,ts-travel-service
1650484831,ts-order-service,bcebe00f010eef29,8108582d304f1d3d,8108582d304f1d3d,9493,200,POST,ts-order-service
1650484831,ts-order-service,8108582d304f1d3d,,8108582d304f1d3d,12877,200,queryOrdersForRefresh,no_parent
1650484831,ts-station-service,35d96545e43713a7,bcebe00f010eef29,8108582d304f1d3d,7989,200,queryForNameBatch,ts-order-service
1650484831,ts-route-service,b1eaefdfefb61cd9,74d8aa806e36d69b,5723f53d412bec25,2537,200,queryById,ts-travel-service
1650484831,ts-route-service,8c27be3e100aecc1,95c841d9501a4abb,5723f53d412bec25,2229,200,queryById,ts-travel-service
1650484831,ts-ticketinfo-service,3528f9124e2a8d4a,3603aa430f9303ce,5723f53d412bec25,5719,200,GET,ts-ticketinfo-service
1650484831,ts-travel-service,805c70aa69fd2cc5,5723f53d412bec25,5723f53d412bec25,4167,200,GET,ts-travel-service
1650484831,ts-travel-service,5723f53d412bec25,,5723f53d412bec25,44057,200,queryInfo,no_parent
1650484831,ts-travel-service,95c841d9501a4abb,5723f53d412bec25,5723f53d412bec25,2332,200,GET,ts-travel-service
1650484831,ts-basic-service,af8bea0eb52e5529,5128e43e3ac2f039,5723f53d412bec25,3344,200,GET,ts-basic-service
1650484831,ts-travel-service,77c2bb8d3e6d8762,5723f53d412bec25,5723f53d412bec25,2353,200,GET,ts-travel-service
1650484831,ts-assurance-service,fc1cc8b90351b41a,,fc1cc8b90351b41a,1807,200,getAllAssuranceType,no_parent
1650484831,ts-contacts-service,2c061167e4ff428b,,2c061167e4ff428b,3454,200,findContactsByAccountId,no_parent
1650484831,ts-verification-code-service,b3c61989565ededb,,b3c61989565ededb,3186,200,imageCode,no_parent
1650484831,ts-auth-service,901ff318035fbf14,,901ff318035fbf14,112628,200,getToken,no_parent
1650484891,ts-verification-code-service,ebd05f6fc59223d,ff265070bdc743ea,70c8fe6decd8ed61,1938,200,verifyCode,ts-auth-service
1650484891,ts-security-service,385456eaaa275372,5fb9131bff371c14,e19b73f63c36e47a,13697,200,check,ts-preserve-service
1650484891,ts-contacts-service,f518df3cc468258d,aa22545da7fcc324,e19b73f63c36e47a,2568,200,getContactsByContactsId,ts-preserve-service
1650484891,ts-auth-service,ff265070bdc743ea,70c8fe6decd8ed61,70c8fe6decd8ed61,3802,200,GET,ts-auth-service
1650484891,ts-security-service,289f36874a92d352,385456eaaa275372,e19b73f63c36e47a,4529,200,GET,ts-security-service
1650484891,ts-security-service,44d98ae6195e12d1,385456eaaa275372,e19b73f63c36e47a,4499,200,GET,ts-security-service
1650484891,ts-basic-service,43bd7cd1f1086241,a5634371901b2972,593d1cecaf3a1782,15794,200,queryForStationId,ts-ticketinfo-service
1650484891,ts-auth-service,70c8fe6decd8ed61,,70c8fe6decd8ed61,113829,200,getToken,no_parent
1650484891,ts-verification-code-service,ef592a68c307c806,,ef592a68c307c806,2978,200,imageCode,no_parent
1650484891,ts-route-service,4e620b5ec1832c14,abfdd3548616cf8f,593d1cecaf3a1782,2087,200,queryById,ts-travel-service
1650484891,ts-ticketinfo-service,9b774771b959421,e33cfe9ff670fd7d,593d1cecaf3a1782,6279,200,queryForStationId,ts-travel-service
1650484891,ts-ticketinfo-service,a5634371901b2972,c0fd07a312e0aa93,593d1cecaf3a1782,17030,200,GET,ts-ticketinfo-service
1650484891,ts-basic-service,c023da084be20d07,43bd7cd1f1086241,593d1cecaf3a1782,13596,200,GET,ts-basic-service
1650484891,ts-preserve-service,5fb9131bff371c14,e19b73f63c36e47a,e19b73f63c36e47a,15284,200,GET,ts-preserve-service
1650484891,ts-assurance-service,b94469d964dd6e1,,b94469d964dd6e1,1721,200,getAllAssuranceType,no_parent
1650484891,ts-preserve-service,aa22545da7fcc324,e19b73f63c36e47a,e19b73f63c36e47a,3957,200,GET,ts-preserve-service
1650484891,ts-order-other-service,ad98897478fce72,44d98ae6195e12d1,e19b73f63c36e47a,3160,200,securityInfoCheck,ts-security-service
1650484891,ts-order-service,2934c064ea838a8d,289f36874a92d352,e19b73f63c36e47a,3390,200,securityInfoCheck,ts-security-service
1650484891,ts-order-service,a1d31ce7269ff225,52dd3054db74baf0,52dd3054db74baf0,9235,200,POST,ts-order-service
1650484891,ts-ticketinfo-service,c0fd07a312e0aa93,17925d8bd9807d29,593d1cecaf3a1782,19229,200,queryForStationId,ts-travel-service
1650484891,ts-basic-service,e08f983a7d7fcd4b,c8e57fe1c995994e,593d1cecaf3a1782,1985,200,GET,ts-basic-service
1650484891,ts-travel-service,4641c60228344f0c,593d1cecaf3a1782,593d1cecaf3a1782,1931,200,GET,ts-travel-service
1650484891,ts-travel-service,593d1cecaf3a1782,,593d1cecaf3a1782,48555,200,queryInfo,no_parent
1650484891,ts-route-service,a72971400392243,ed5274f082fdb013,593d1cecaf3a1782,2644,200,queryById,ts-travel-service
1650484891,ts-travel-service,3e5cca7d8f84f02c,593d1cecaf3a1782,593d1cecaf3a1782,2027,200,GET,ts-travel-service
1650484891,ts-route-service,d9f16324f88c750,bfaed9dc16694d,593d1cecaf3a1782,2111,200,queryById,ts-travel-service
1650484891,ts-route-service,1572d2252c195c33,4641c60228344f0c,593d1cecaf3a1782,1818,200,queryById,ts-travel-service
1650484891,ts-route-service,81381ab5628777fb,3e5cca7d8f84f02c,593d1cecaf3a1782,1955,200,queryById,ts-travel-service
1650484891,ts-ticketinfo-service,cac3f5b1a2d4294,9b774771b959421,593d1cecaf3a1782,4689,200,GET,ts-ticketinfo-service
1650484891,ts-basic-service,c8e57fe1c995994e,cac3f5b1a2d4294,593d1cecaf3a1782,4087,200,queryForStationId,ts-ticketinfo-service
1650484891,ts-travel-service,ed5274f082fdb013,593d1cecaf3a1782,593d1cecaf3a1782,3703,200,GET,ts-travel-service
1650484891,ts-station-service,2e3b06b7445c7ad1,c023da084be20d07,593d1cecaf3a1782,12151,200,queryForStationId,ts-basic-service
1650484891,ts-station-service,7ac653cbd7a0f6b5,e08f983a7d7fcd4b,593d1cecaf3a1782,1380,200,queryForStationId,ts-basic-service
1650484891,ts-travel-service,e33cfe9ff670fd7d,593d1cecaf3a1782,593d1cecaf3a1782,6815,200,GET,ts-travel-service
1650484891,ts-travel-service,bfaed9dc16694d,593d1cecaf3a1782,593d1cecaf3a1782,2526,200,GET,ts-travel-service
1650484891,ts-preserve-service,e19b73f63c36e47a,,e19b73f63c36e47a,22309,200,preserve,no_parent
1650484891,ts-travel-service,17925d8bd9807d29,593d1cecaf3a1782,593d1cecaf3a1782,20794,200,GET,ts-travel-service
1650484891,ts-travel-service,abfdd3548616cf8f,593d1cecaf3a1782,593d1cecaf3a1782,2196,200,GET,ts-travel-service
1650484891,ts-order-service,52dd3054db74baf0,,52dd3054db74baf0,12283,200,queryOrdersForRefresh,no_parent
1650484891,ts-station-service,41632d6adc78fb15,a1d31ce7269ff225,52dd3054db74baf0,7700,200,queryForNameBatch,ts-order-service
1650484891,ts-contacts-service,7a9bb361f7f1cb4,,7a9bb361f7f1cb4,3424,200,findContactsByAccountId,no_parent
1650484951,ts-order-other-service,d4d5f1b8d917a031,bf9e68e6cf91d0e9,f295e7ffb38d7fbe,3576,200,securityInfoCheck,ts-security-service
1650484951,ts-security-service,a3cd07a6bab1f080,94b7596701a37636,f295e7ffb38d7fbe,4718,200,GET,ts-security-service
1650484951,ts-security-service,bf9e68e6cf91d0e9,94b7596701a37636,f295e7ffb38d7fbe,4879,200,GET,ts-security-service
1650484951,ts-security-service,94b7596701a37636,d6c9037d29258dce,f295e7ffb38d7fbe,14293,200,check,ts-preserve-service
1650484951,ts-contacts-service,a507ab829f9c9965,be12d922b905afad,f295e7ffb38d7fbe,2510,200,getContactsByContactsId,ts-preserve-service
1650484951,ts-order-service,188e0b44cc46297c,a3cd07a6bab1f080,f295e7ffb38d7fbe,3260,200,securityInfoCheck,ts-security-service
1650484951,ts-preserve-service,be12d922b905afad,f295e7ffb38d7fbe,f295e7ffb38d7fbe,3543,200,GET,ts-preserve-service
1650484951,ts-preserve-service,d6c9037d29258dce,f295e7ffb38d7fbe,f295e7ffb38d7fbe,16423,200,GET,ts-preserve-service
1650484951,ts-preserve-service,f295e7ffb38d7fbe,,f295e7ffb38d7fbe,23070,200,preserve,no_parent
1650484951,ts-auth-service,f64ee4b21240e680,,f64ee4b21240e680,114805,200,getToken,no_parent
1650484951,ts-auth-service,e576fc2724a5a846,f64ee4b21240e680,f64ee4b21240e680,4063,200,GET,ts-auth-service
1650484951,ts-verification-code-service,fd64fd17d8016af6,e576fc2724a5a846,f64ee4b21240e680,2120,200,verifyCode,ts-auth-service
1650484951,ts-verification-code-service,bd3fca8e18619693,,bd3fca8e18619693,3066,200,imageCode,no_parent
1650484951,ts-order-service,5a13a216403a3de8,,5a13a216403a3de8,12538,200,queryOrdersForRefresh,no_parent
1650484951,ts-order-service,290fccc96b5dd346,5a13a216403a3de8,5a13a216403a3de8,9399,200,POST,ts-order-service
1650484951,ts-station-service,5737eee99e7850d,290fccc96b5dd346,5a13a216403a3de8,7875,200,queryForNameBatch,ts-order-service
1650484951,ts-contacts-service,2268622b3f2e52a5,,2268622b3f2e52a5,3395,200,findContactsByAccountId,no_parent
1650484952,ts-station-service,3e16a5ba7e2574b2,9b622c5e177beaf0,5bdb231bc8cb572b,2473,200,queryForStationId,ts-basic-service
1650484952,ts-basic-service,9b622c5e177beaf0,94cb8aaea8766921,5bdb231bc8cb572b,3584,200,GET,ts-basic-service
1650484952,ts-basic-service,97027b0792aaabc0,d1714dcc4d058ea8,5bdb231bc8cb572b,3492,200,queryForStationId,ts-ticketinfo-service
1650484952,ts-basic-service,94cb8aaea8766921,fa550a7bbfc1c909,5bdb231bc8cb572b,6064,200,queryForStationId,ts-ticketinfo-service
1650484952,ts-ticketinfo-service,d1714dcc4d058ea8,3cde3541f9c39db3,5bdb231bc8cb572b,3931,200,GET,ts-ticketinfo-service
1650484952,ts-travel-service,a80fceb396f3bb50,5bdb231bc8cb572b,5bdb231bc8cb572b,2512,200,GET,ts-travel-service
1650484952,ts-travel-service,6f82e6d43dec868e,5bdb231bc8cb572b,5bdb231bc8cb572b,2363,200,GET,ts-travel-service
1650484952,ts-travel-service,5bdb231bc8cb572b,,5bdb231bc8cb572b,42086,200,queryInfo,no_parent
1650484952,ts-travel-service,4262b174b0d9c99b,5bdb231bc8cb572b,5bdb231bc8cb572b,2316,200,GET,ts-travel-service
1650484952,ts-travel-service,a4021956b3b50cd,5bdb231bc8cb572b,5bdb231bc8cb572b,11312,200,GET,ts-travel-service
1650484952,ts-travel-service,2bf97f9934d18cf8,5bdb231bc8cb572b,5bdb231bc8cb572b,5426,200,GET,ts-travel-service
1650484952,ts-station-service,61a10fc82001f319,ed7a9e0557b9fc9d,5bdb231bc8cb572b,1474,200,queryForStationId,ts-basic-service
1650484952,ts-route-service,a652463a7fde9daa,a80fceb396f3bb50,5bdb231bc8cb572b,2440,200,queryById,ts-travel-service
1650484952,ts-route-service,5cf4091c6540a7cd,4262b174b0d9c99b,5bdb231bc8cb572b,2205,200,queryById,ts-travel-service
1650484952,ts-ticketinfo-service,748e92a98ded481f,a4021956b3b50cd,5bdb231bc8cb572b,9850,200,queryForStationId,ts-travel-service
1650484952,ts-travel-service,56b5fc14072d3010,5bdb231bc8cb572b,5bdb231bc8cb572b,2335,200,GET,ts-travel-service
1650484952,ts-route-service,e2fe43f7ed6bff40,2bf97f9934d18cf8,5bdb231bc8cb572b,4039,200,queryById,ts-travel-service
1650484952,ts-route-service,69aba8e3fe6e72c0,6f82e6d43dec868e,5bdb231bc8cb572b,1829,200,queryById,ts-travel-service
1650484952,ts-ticketinfo-service,fa550a7bbfc1c909,748e92a98ded481f,5bdb231bc8cb572b,7067,200,GET,ts-ticketinfo-service
1650484952,ts-basic-service,ed7a9e0557b9fc9d,97027b0792aaabc0,5bdb231bc8cb572b,2011,200,GET,ts-basic-service
1650484952,ts-route-service,3853d698b10d9275,56b5fc14072d3010,5bdb231bc8cb572b,2229,200,queryById,ts-travel-service
1650484952,ts-travel-service,55adf69c8bfb3496,5bdb231bc8cb572b,5bdb231bc8cb572b,6230,200,GET,ts-travel-service
1650484952,ts-ticketinfo-service,3cde3541f9c39db3,55adf69c8bfb3496,5bdb231bc8cb572b,5734,200,queryForStationId,ts-travel-service
1650484952,ts-assurance-service,d104ab00f577db42,,d104ab00f577db42,1521,200,getAllAssuranceType,no_parent
1650485012,ts-security-service,4714ff541b7ecbd1,c22b6091ef815ba9,8ecd915b0f954311,4599,200,GET,ts-security-service
1650485012,ts-security-service,c22b6091ef815ba9,81d043e2b8201e11,8ecd915b0f954311,14145,200,check,ts-preserve-service
1650485012,ts-order-other-service,5b967994d9222b45,4714ff541b7ecbd1,8ecd915b0f954311,3160,200,securityInfoCheck,ts-security-service
1650485012,ts-contacts-service,4d5e3c9fdcd45a7b,571fb97a30c215a4,8ecd915b0f954311,2608,200,getContactsByContactsId,ts-preserve-service
1650485012,ts-preserve-service,8ecd915b0f954311,,8ecd915b0f954311,22623,200,preserve,no_parent
1650485012,ts-order-service,5a53880e80bad032,fd26b16b3b2cf374,8ecd915b0f954311,3530,200,securityInfoCheck,ts-security-service
1650485012,ts-security-service,fd26b16b3b2cf374,c22b6091ef815ba9,8ecd915b0f954311,4957,200,GET,ts-security-service
1650485012,ts-station-service,4ae5df79a068a3bf,a01f9f3ad1387d31,4a3a71ad66694091,8088,200,queryForNameBatch,ts-order-service
1650485012,ts-order-service,a01f9f3ad1387d31,4a3a71ad66694091,4a3a71ad66694091,9503,200,POST,ts-order-service
1650485012,ts-order-service,4a3a71ad66694091,,4a3a71ad66694091,12381,200,queryOrdersForRefresh,no_parent
1650485012,ts-preserve-service,571fb97a30c215a4,8ecd915b0f954311,8ecd915b0f954311,3782,200,GET,ts-preserve-service
1650485012,ts-preserve-service,81d043e2b8201e11,8ecd915b0f954311,8ecd915b0f954311,15794,200,GET,ts-preserve-service
1650485012,ts-travel-service,7207ad8bc9945eff,,7207ad8bc9945eff,55753,200,queryInfo,no_parent
1650485012,ts-route-service,500ff83d050752fa,a2f8510c90c696c1,7207ad8bc9945eff,3060,200,queryById,ts-travel-service
1650485012,ts-route-service,5139d75a93e82bc8,819c8b63948077fc,7207ad8bc9945eff,2488,200,queryById,ts-travel-service
1650485012,ts-route-service,3b6961b36c953dbe,6505711630926cc3,7207ad8bc9945eff,2526,200,queryById,ts-travel-service
1650485012,ts-basic-service,54b0262df29137b2,d3081273c6d5f79f,7207ad8bc9945eff,3582,200,GET,ts-basic-service
1650485012,ts-travel-service,d4aee8f62a74ca73,7207ad8bc9945eff,7207ad8bc9945eff,7948,200,GET,ts-travel-service
1650485012,ts-travel-service,71ed3773d7faeb78,7207ad8bc9945eff,7207ad8bc9945eff,2599,200,GET,ts-travel-service
1650485012,ts-travel-service,a73a114ffd9cfef0,7207ad8bc9945eff,7207ad8bc9945eff,15277,200,GET,ts-travel-service
1650485012,ts-travel-service,819c8b63948077fc,7207ad8bc9945eff,7207ad8bc9945eff,2603,200,GET,ts-travel-service
1650485012,ts-travel-service,6505711630926cc3,7207ad8bc9945eff,7207ad8bc9945eff,2556,200,GET,ts-travel-service
1650485012,ts-station-service,f72179b587f39a25,54b0262df29137b2,7207ad8bc9945eff,2436,200,queryForStationId,ts-basic-service
1650485012,ts-station-service,8dcff347633e2e84,adf44d128424af4d,7207ad8bc9945eff,2000,200,queryForStationId,ts-basic-service
1650485012,ts-assurance-service,f01aabbfd883e13b,,f01aabbfd883e13b,1600,200,getAllAssuranceType,no_parent
1650485012,ts-ticketinfo-service,46e2c02c1b5234ba,1d516863e3950e2e,7207ad8bc9945eff,9833,200,queryForStationId,ts-travel-service
1650485012,ts-ticketinfo-service,224b11fc2877263f,5e8d4d6beb9cdcd0,7207ad8bc9945eff,5569,200,GET,ts-ticketinfo-service
1650485012,ts-travel-service,a2f8510c90c696c1,7207ad8bc9945eff,7207ad8bc9945eff,4285,200,GET,ts-travel-service
1650485012,ts-travel-service,1d516863e3950e2e,7207ad8bc9945eff,7207ad8bc9945eff,11324,200,GET,ts-travel-service
1650485012,ts-basic-service,f6955e5c4e184247,224b11fc2877263f,7207ad8bc9945eff,4642,200,queryForStationId,ts-ticketinfo-service
1650485012,ts-route-service,e665b84eb3193257,71ed3773d7faeb78,7207ad8bc9945eff,2515,200,queryById,ts-travel-service
1650485012,ts-ticketinfo-service,5e8d4d6beb9cdcd0,d4aee8f62a74ca73,7207ad8bc9945eff,7538,200,queryForStationId,ts-travel-service
1650485012,ts-basic-service,d3081273c6d5f79f,fbe1676087dab9a5,7207ad8bc9945eff,6026,200,queryForStationId,ts-ticketinfo-service
1650485012,ts-basic-service,adf44d128424af4d,f6955e5c4e184247,7207ad8bc9945eff,2703,200,GET,ts-basic-service
1650485012,ts-route-service,9d11dcf8f3e12fa9,a73a114ffd9cfef0,7207ad8bc9945eff,14806,200,queryById,ts-travel-service
1650485012,ts-ticketinfo-service,fbe1676087dab9a5,46e2c02c1b5234ba,7207ad8bc9945eff,7243,200,GET,ts-ticketinfo-service
1650485012,ts-verification-code-service,303136aae56a9172,8613981bf8bd39d,d2b25f8d46558b12,1940,200,verifyCode,ts-auth-service
1650485012,ts-auth-service,8613981bf8bd39d,d2b25f8d46558b12,d2b25f8d46558b12,4205,200,GET,ts-auth-service
1650485012,ts-auth-service,d2b25f8d46558b12,,d2b25f8d46558b12,113920,200,getToken,no_parent
1650485012,ts-verification-code-service,b6f7b8beeb18cf88,,b6f7b8beeb18cf88,2935,200,imageCode,no_parent
1650485012,ts-contacts-service,3d855793e27a472c,,3d855793e27a472c,3074,200,findContactsByAccountId,no_parent
1650485072,ts-order-service,8e321526672e54b9,2a9df393096d8bd5,f7ca7032cbe18474,3290,200,securityInfoCheck,ts-security-service
1650485072,ts-preserve-service,f6168e15df11a912,f7ca7032cbe18474,f7ca7032cbe18474,16489,200,GET,ts-preserve-service
1650485072,ts-preserve-service,4350ca1bd3f45708,f7ca7032cbe18474,f7ca7032cbe18474,3865,200,GET,ts-preserve-service
1650485072,ts-preserve-service,f7ca7032cbe18474,,f7ca7032cbe18474,26028,200,preserve,no_parent
1650485072,ts-travel-service,dd1b27ed8eadd3d,f89144afad3391d2,f89144afad3391d2,8558,200,GET,ts-travel-service
1650485072,ts-travel-service,f0309a2332045654,f89144afad3391d2,f89144afad3391d2,2561,200,GET,ts-travel-service
1650485072,ts-travel-service,c6bf927fd4dbeb33,f89144afad3391d2,f89144afad3391d2,2536,200,GET,ts-travel-service
1650485072,ts-route-service,e49c89f03cc7af8c,3c0f923b1899609e,f89144afad3391d2,2932,200,queryById,ts-travel-service
1650485072,ts-route-service,b58e7cb25a940e2e,c6bf927fd4dbeb33,f89144afad3391d2,2470,200,queryById,ts-travel-service
1650485072,ts-route-service,226deee87376cab6,530422d113007dfb,f89144afad3391d2,2476,200,queryById,ts-travel-service
1650485072,ts-route-service,abbd4fe7a47586a7,f0309a2332045654,f89144afad3391d2,2525,200,queryById,ts-travel-service
1650485072,ts-basic-service,6b952a63bd9bf1c1,c3335de7d7f9b2e3,f89144afad3391d2,6029,200,queryForStationId,ts-ticketinfo-service
1650485072,ts-basic-service,748e1d73c0ed33a1,d41129815a349004,f89144afad3391d2,5065,200,queryForStationId,ts-ticketinfo-service
1650485072,ts-station-service,7edc3a22ef59720,9b6ef6a6e541d521,f89144afad3391d2,2388,200,queryForStationId,ts-basic-service
1650485072,ts-station-service,1d344acb2f2929df,8aaf05cd5f51b9e0,f89144afad3391d2,2135,200,queryForStationId,ts-basic-service
1650485072,ts-travel-service,63c72d508080b6c3,f89144afad3391d2,f89144afad3391d2,2518,200,GET,ts-travel-service
1650485072,ts-travel-service,f89144afad3391d2,,f89144afad3391d2,43965,200,queryInfo,no_parent
1650485072,ts-travel-service,8584f7e4bd83162e,f89144afad3391d2,f89144afad3391d2,11280,200,GET,ts-travel-service
1650485072,ts-verification-code-service,52ccb35164a71254,dcad989e050a618c,8592e69beb9e2b07,2025,200,verifyCode,ts-auth-service
1650485072,ts-ticketinfo-service,521f41c9bd66c1ad,8584f7e4bd83162e,f89144afad3391d2,9845,200,queryForStationId,ts-travel-service
1650485072,ts-route-service,7e080019914cb8ad,63c72d508080b6c3,f89144afad3391d2,2494,200,queryById,ts-travel-service
1650485072,ts-ticketinfo-service,5c737b79a98f4e56,dd1b27ed8eadd3d,f89144afad3391d2,8158,200,queryForStationId,ts-travel-service
1650485072,ts-auth-service,8592e69beb9e2b07,,8592e69beb9e2b07,109542,200,getToken,no_parent
1650485072,ts-basic-service,9b6ef6a6e541d521,6b952a63bd9bf1c1,f89144afad3391d2,3538,200,GET,ts-basic-service
1650485072,ts-basic-service,8aaf05cd5f51b9e0,748e1d73c0ed33a1,f89144afad3391d2,2844,200,GET,ts-basic-service
1650485072,ts-contacts-service,a6c3974b707dd2f6,4350ca1bd3f45708,f7ca7032cbe18474,2608,200,getContactsByContactsId,ts-preserve-service
1650485072,ts-security-service,a0399347f9843833,f6168e15df11a912,f7ca7032cbe18474,13738,200,check,ts-preserve-service
1650485072,ts-order-other-service,59ea55dda79ed644,48a66c4a38d16832,f7ca7032cbe18474,3170,200,securityInfoCheck,ts-security-service
1650485072,ts-security-service,48a66c4a38d16832,a0399347f9843833,f7ca7032cbe18474,4550,200,GET,ts-security-service
1650485072,ts-ticketinfo-service,d41129815a349004,5c737b79a98f4e56,f89144afad3391d2,5762,200,GET,ts-ticketinfo-service
1650485072,ts-ticketinfo-service,c3335de7d7f9b2e3,521f41c9bd66c1ad,f89144afad3391d2,7305,200,GET,ts-ticketinfo-service
1650485072,ts-verification-code-service,675926bf3cef2a45,,675926bf3cef2a45,2933,200,imageCode,no_parent
1650485072,ts-auth-service,dcad989e050a618c,8592e69beb9e2b07,8592e69beb9e2b07,3501,200,GET,ts-auth-service
1650485072,ts-travel-service,3c0f923b1899609e,f89144afad3391d2,f89144afad3391d2,4303,200,GET,ts-travel-service
1650485072,ts-security-service,2a9df393096d8bd5,a0399347f9843833,f7ca7032cbe18474,4638,200,GET,ts-security-service
1650485072,ts-contacts-service,3b97c6711d0e7363,,3b97c6711d0e7363,3344,200,findContactsByAccountId,no_parent
1650485072,ts-travel-service,530422d113007dfb,f89144afad3391d2,f89144afad3391d2,2855,200,GET,ts-travel-service
1650485072,ts-order-service,67fc123df9d56b2b,ea4b35da283eb67e,ea4b35da283eb67e,9232,200,POST,ts-order-service
1650485072,ts-order-service,ea4b35da283eb67e,,ea4b35da283eb67e,12308,200,queryOrdersForRefresh,no_parent
1650485072,ts-station-service,4b7a3af0cc749b4,67fc123df9d56b2b,ea4b35da283eb67e,7714,200,queryForNameBatch,ts-order-service
1650485072,ts-assurance-service,336a601ca7598bff,,336a601ca7598bff,1598,200,getAllAssuranceType,no_parent
1650485132,ts-preserve-service,ee9efa3c0a567ea4,c468db05cb2906bd,c468db05cb2906bd,15687,200,GET,ts-preserve-service
1650485132,ts-preserve-service,b2d7d6c9d8689542,c468db05cb2906bd,c468db05cb2906bd,3738,200,GET,ts-preserve-service
1650485132,ts-travel-service,db76693c1c8dadca,b56c3dc80a2a35e8,b56c3dc80a2a35e8,8175,200,GET,ts-travel-service
1650485132,ts-travel-service,1344425caf2c5157,b56c3dc80a2a35e8,b56c3dc80a2a35e8,2977,200,GET,ts-travel-service
1650485132,ts-travel-service,ff2e338bd90bc629,b56c3dc80a2a35e8,b56c3dc80a2a35e8,2540,200,GET,ts-travel-service
1650485132,ts-travel-service,4dd727477046de6c,b56c3dc80a2a35e8,b56c3dc80a2a35e8,4234,200,GET,ts-travel-service
1650485132,ts-order-other-service,2222f1eb577adcc8,dde724e52aaf8006,c468db05cb2906bd,3297,200,securityInfoCheck,ts-security-service
1650485132,ts-station-service,b9e15c6c01e42dec,dae95b23f537622e,a972f89d4e875537,7845,200,queryForNameBatch,ts-order-service
1650485132,ts-order-service,dae95b23f537622e,a972f89d4e875537,a972f89d4e875537,9263,200,POST,ts-order-service
1650485132,ts-order-service,a972f89d4e875537,,a972f89d4e875537,12804,200,queryOrdersForRefresh,no_parent
1650485132,ts-preserve-service,c468db05cb2906bd,,c468db05cb2906bd,22544,200,preserve,no_parent
1650485132,ts-travel-service,525c99d9d0e48098,b56c3dc80a2a35e8,b56c3dc80a2a35e8,11297,200,GET,ts-travel-service
1650485132,ts-travel-service,7bf44f5b803b78b,b56c3dc80a2a35e8,b56c3dc80a2a35e8,2568,200,GET,ts-travel-service
1650485132,ts-travel-service,b56c3dc80a2a35e8,,b56c3dc80a2a35e8,44119,200,queryInfo,no_parent
1650485132,ts-travel-service,162766f43404d5b2,b56c3dc80a2a35e8,b56c3dc80a2a35e8,2590,200,GET,ts-travel-service
1650485132,ts-security-service,24d7de83bba1f3bc,e83fb6877c2b9ffe,c468db05cb2906bd,4857,200,GET,ts-security-service
1650485132,ts-contacts-service,5f0184e13d6497fe,b2d7d6c9d8689542,c468db05cb2906bd,2554,200,getContactsByContactsId,ts-preserve-service
1650485132,ts-security-service,e83fb6877c2b9ffe,ee9efa3c0a567ea4,c468db05cb2906bd,14018,200,check,ts-preserve-service
1650485132,ts-order-service,9e8cd6071ffe2236,24d7de83bba1f3bc,c468db05cb2906bd,3375,200,securityInfoCheck,ts-security-service
1650485132,ts-station-service,5e3714546024726,10530290957a9b3e,b56c3dc80a2a35e8,2098,200,queryForStationId,ts-basic-service
1650485132,ts-ticketinfo-service,490a5567151b39f2,d5be357bda23ca0e,b56c3dc80a2a35e8,7192,200,GET,ts-ticketinfo-service
1650485132,ts-ticketinfo-service,a8a6d3f09a91bd93,28769f52f8c6531b,b56c3dc80a2a35e8,5497,200,GET,ts-ticketinfo-service
1650485132,ts-assurance-service,e366653969edd967,,e366653969edd967,1639,200,getAllAssuranceType,no_parent
1650485132,ts-route-service,a7ff31501eff2286,7bf44f5b803b78b,b56c3dc80a2a35e8,2495,200,queryById,ts-travel-service
1650485132,ts-ticketinfo-service,d5be357bda23ca0e,525c99d9d0e48098,b56c3dc80a2a35e8,9764,200,queryForStationId,ts-travel-service
1650485132,ts-basic-service,c3c68233479e80e7,ef4b40f5765ec8b5,b56c3dc80a2a35e8,3576,200,GET,ts-basic-service
1650485132,ts-ticketinfo-service,28769f52f8c6531b,db76693c1c8dadca,b56c3dc80a2a35e8,7805,200,queryForStationId,ts-travel-service
1650485132,ts-route-service,3a4a55549d9f58ae,1344425caf2c5157,b56c3dc80a2a35e8,2509,200,queryById,ts-travel-service
1650485132,ts-auth-service,c3495c5282ebdd26,578f9ef589f0fb64,578f9ef589f0fb64,3422,200,GET,ts-auth-service
1650485132,ts-verification-code-service,ef649eb0cb0b953a,c3495c5282ebdd26,578f9ef589f0fb64,1691,200,verifyCode,ts-auth-service
1650485132,ts-station-service,394f183583774492,c3c68233479e80e7,b56c3dc80a2a35e8,2344,200,queryForStationId,ts-basic-service
1650485132,ts-security-service,dde724e52aaf8006,e83fb6877c2b9ffe,c468db05cb2906bd,4619,200,GET,ts-security-service
1650485132,ts-route-service,89cbcba29481aa0e,ff2e338bd90bc629,b56c3dc80a2a35e8,2456,200,queryById,ts-travel-service
1650485132,ts-basic-service,ef4b40f5765ec8b5,490a5567151b39f2,b56c3dc80a2a35e8,6040,200,queryForStationId,ts-ticketinfo-service
1650485132,ts-basic-service,10530290957a9b3e,aa7de9fe84aa607b,b56c3dc80a2a35e8,2760,200,GET,ts-basic-service
1650485132,ts-basic-service,aa7de9fe84aa607b,a8a6d3f09a91bd93,b56c3dc80a2a35e8,4801,200,queryForStationId,ts-ticketinfo-service
1650485132,ts-auth-service,578f9ef589f0fb64,,578f9ef589f0fb64,109324,200,getToken,no_parent
1650485132,ts-route-service,32c62f3adcffd7d3,162766f43404d5b2,b56c3dc80a2a35e8,2467,200,queryById,ts-travel-service
1650485132,ts-route-service,c3f9baa6a9ed1761,4dd727477046de6c,b56c3dc80a2a35e8,2968,200,queryById,ts-travel-service
1650485132,ts-contacts-service,7d9f3d18ac4f9eb6,,7d9f3d18ac4f9eb6,3191,200,findContactsByAccountId,no_parent
1650485132,ts-verification-code-service,232383bb199fd965,,232383bb199fd965,2869,200,imageCode,no_parent
1650485193,ts-security-service,e85117e3a0d43ed6,474e965e083fc6fe,4cee685a1e51e856,11343,200,GET,ts-security-service
1650485193,ts-contacts-service,e1ac19779655a3a2,,e1ac19779655a3a2,3448,200,findContactsByAccountId,no_parent
1650485193,ts-security-service,474e965e083fc6fe,fea2e6ac15adbf4d,4cee685a1e51e856,20843,200,check,ts-preserve-service
1650485193,ts-order-service,a9c3292a72bd0028,e85117e3a0d43ed6,4cee685a1e51e856,9970,200,securityInfoCheck,ts-security-service
1650485193,ts-preserve-service,4cee685a1e51e856,,4cee685a1e51e856,29623,200,preserve,no_parent
1650485193,ts-preserve-service,fea2e6ac15adbf4d,4cee685a1e51e856,4cee685a1e51e856,22487,200,GET,ts-preserve-service
1650485194,ts-order-other-service,8dc84a51d802a4fc,181c726dad2e2c0e,4cee685a1e51e856,3683,200,securityInfoCheck,ts-security-service
1650485194,ts-contacts-service,b59a3254ee369e18,747e77c9650111e3,4cee685a1e51e856,2652,200,getContactsByContactsId,ts-preserve-service
1650485194,ts-security-service,181c726dad2e2c0e,474e965e083fc6fe,4cee685a1e51e856,5030,200,GET,ts-security-service
1650485194,ts-preserve-service,747e77c9650111e3,4cee685a1e51e856,4cee685a1e51e856,3923,200,GET,ts-preserve-service
1650485194,ts-auth-service,f6a51e1a4af63391,4e5bf4596e8c0981,4e5bf4596e8c0981,3343,200,GET,ts-auth-service
1650485194,ts-auth-service,4e5bf4596e8c0981,,4e5bf4596e8c0981,107084,200,getToken,no_parent
1650485194,ts-basic-service,f1eb19c95c508154,6c8f9dfc4504de,350fc22109b579b4,2759,200,GET,ts-basic-service
1650485194,ts-basic-service,ad8f310d06971927,ba9bc95a2c78b206,350fc22109b579b4,5860,200,queryForStationId,ts-ticketinfo-service
1650485194,ts-travel-service,5f7df639bc5801d0,350fc22109b579b4,350fc22109b579b4,8540,200,GET,ts-travel-service
1650485194,ts-travel-service,56ce7679a5d40893,350fc22109b579b4,350fc22109b579b4,4293,200,GET,ts-travel-service
1650485194,ts-travel-service,350fc22109b579b4,,350fc22109b579b4,43803,200,queryInfo,no_parent
1650485194,ts-ticketinfo-service,731cdfdc5924a2e1,5f7df639bc5801d0,350fc22109b579b4,8190,200,queryForStationId,ts-travel-service
1650485194,ts-travel-service,391542708619f2c9,350fc22109b579b4,350fc22109b579b4,11110,200,GET,ts-travel-service
1650485194,ts-route-service,581d6a484aceb4ac,7fc4335dcfed3c38,350fc22109b579b4,2465,200,queryById,ts-travel-service
1650485194,ts-route-service,98486c88c1cd76b5,d3bf356af6d2ec50,350fc22109b579b4,2454,200,queryById,ts-travel-service
1650485194,ts-ticketinfo-service,d6bd76e2b7744609,391542708619f2c9,350fc22109b579b4,9608,200,queryForStationId,ts-travel-service
1650485194,ts-ticketinfo-service,ba9bc95a2c78b206,d6bd76e2b7744609,350fc22109b579b4,6988,200,GET,ts-ticketinfo-service
1650485194,ts-ticketinfo-service,8187c0388909fbe6,731cdfdc5924a2e1,350fc22109b579b4,5975,200,GET,ts-ticketinfo-service
1650485194,ts-station-service,98907fe00f1d419c,eddea46ef7160f78,350fc22109b579b4,2194,200,queryForStationId,ts-basic-service
1650485194,ts-station-service,d123aabd6c75338b,f1eb19c95c508154,350fc22109b579b4,2100,200,queryForStationId,ts-basic-service
1650485194,ts-route-service,a32f69e70fc2f73,1b9e57b734210cd6,350fc22109b579b4,2434,200,queryById,ts-travel-service
1650485194,ts-verification-code-service,738af2ff327993ce,,738af2ff327993ce,2720,200,imageCode,no_parent
1650485194,ts-verification-code-service,cee3890ae1220586,f6a51e1a4af63391,4e5bf4596e8c0981,1735,200,verifyCode,ts-auth-service
1650485194,ts-basic-service,6c8f9dfc4504de,8187c0388909fbe6,350fc22109b579b4,4842,200,queryForStationId,ts-ticketinfo-service
1650485194,ts-route-service,293452175f774872,c5a9f6659cbfde78,350fc22109b579b4,2429,200,queryById,ts-travel-service
1650485194,ts-basic-service,eddea46ef7160f78,ad8f310d06971927,350fc22109b579b4,3322,200,GET,ts-basic-service
1650485194,ts-travel-service,1b9e57b734210cd6,350fc22109b579b4,350fc22109b579b4,2824,200,GET,ts-travel-service
1650485194,ts-travel-service,d3bf356af6d2ec50,350fc22109b579b4,350fc22109b579b4,2532,200,GET,ts-travel-service
1650485194,ts-travel-service,7fc4335dcfed3c38,350fc22109b579b4,350fc22109b579b4,2541,200,GET,ts-travel-service
1650485194,ts-route-service,3290e025a4fa746e,56ce7679a5d40893,350fc22109b579b4,3066,200,queryById,ts-travel-service
1650485194,ts-station-service,fe1e8dcc616e9d75,7e805d2182d417ef,e76fe57d77f92bed,5604,200,queryForNameBatch,ts-order-service
1650485194,ts-travel-service,c5a9f6659cbfde78,350fc22109b579b4,350fc22109b579b4,2513,200,GET,ts-travel-service
1650485194,ts-order-service,7e805d2182d417ef,e76fe57d77f92bed,e76fe57d77f92bed,6766,200,POST,ts-order-service
1650485194,ts-order-service,e76fe57d77f92bed,,e76fe57d77f92bed,9312,200,queryOrdersForRefresh,no_parent
1650485194,ts-assurance-service,cc7fc089da89ea9,,cc7fc089da89ea9,1640,200,getAllAssuranceType,no_parent
1650485254,ts-auth-service,b2c0b5c7cecc4049,b7b8bb7a5675c4ee,b7b8bb7a5675c4ee,3591,200,GET,ts-auth-service
1650485254,ts-travel-service,3650fe57715d7749,6e75ab64fd037278,6e75ab64fd037278,4227,200,GET,ts-travel-service
1650485254,ts-travel-service,dab47a658fc1dc0f,6e75ab64fd037278,6e75ab64fd037278,2569,200,GET,ts-travel-service
1650485254,ts-verification-code-service,3ad9d85e2cd7f6c3,b2c0b5c7cecc4049,b7b8bb7a5675c4ee,1934,200,verifyCode,ts-auth-service
1650485254,ts-contacts-service,5a87248f26cdcd57,b9397e38ce78368,56e5d92b6bebe873,2507,200,getContactsByContactsId,ts-preserve-service
1650485254,ts-security-service,e506b9d7c2eaacb8,5ede7dcbec726b75,56e5d92b6bebe873,13494,200,check,ts-preserve-service
1650485254,ts-security-service,e2dd2b3c0880f51e,e506b9d7c2eaacb8,56e5d92b6bebe873,4448,200,GET,ts-security-service
1650485254,ts-security-service,e2eca474dfe0ab6b,e506b9d7c2eaacb8,56e5d92b6bebe873,4580,200,GET,ts-security-service
1650485254,ts-basic-service,a38fe3399a8c378b,d3c3403fe6c96963,6e75ab64fd037278,4960,200,queryForStationId,ts-ticketinfo-service
1650485254,ts-basic-service,f4550d46aa7096fe,b0284a61797c642c,6e75ab64fd037278,3440,200,GET,ts-basic-service
1650485254,ts-station-service,4fdaa3af12948dba,f4550d46aa7096fe,6e75ab64fd037278,2293,200,queryForStationId,ts-basic-service
1650485254,ts-station-service,2da276fa35b15594,4d28deba5ec34b3c,6e75ab64fd037278,2045,200,queryForStationId,ts-basic-service
1650485254,ts-travel-service,fe20b7c4ee7f0ac2,6e75ab64fd037278,6e75ab64fd037278,8208,200,GET,ts-travel-service
1650485254,ts-route-service,6850560df9896194,dab47a658fc1dc0f,6e75ab64fd037278,2467,200,queryById,ts-travel-service
1650485254,ts-route-service,9530c2cb26ec03b1,6107836ee99e8cc0,6e75ab64fd037278,2503,200,queryById,ts-travel-service
1650485254,ts-route-service,653221968115278b,3650fe57715d7749,6e75ab64fd037278,2979,200,queryById,ts-travel-service
1650485254,ts-route-service,b2b559ee165677bd,a8da25d40a9b7a0f,6e75ab64fd037278,2577,200,queryById,ts-travel-service
1650485254,ts-basic-service,4d28deba5ec34b3c,a38fe3399a8c378b,6e75ab64fd037278,2899,200,GET,ts-basic-service
1650485254,ts-basic-service,b0284a61797c642c,f5cff26ed7dd78fd,6e75ab64fd037278,5895,200,queryForStationId,ts-ticketinfo-service
1650485254,ts-travel-service,ffa8a889df6d3acd,6e75ab64fd037278,6e75ab64fd037278,11587,200,GET,ts-travel-service
1650485254,ts-preserve-service,b9397e38ce78368,56e5d92b6bebe873,56e5d92b6bebe873,3778,200,GET,ts-preserve-service
1650485254,ts-preserve-service,56e5d92b6bebe873,,56e5d92b6bebe873,22061,200,preserve,no_parent
1650485254,ts-order-service,4f0def5da260127b,,4f0def5da260127b,12649,200,queryOrdersForRefresh,no_parent
1650485254,ts-order-service,64f1af412d4c7433,4f0def5da260127b,4f0def5da260127b,9538,200,POST,ts-order-service
1650485254,ts-travel-service,6107836ee99e8cc0,6e75ab64fd037278,6e75ab64fd037278,2585,200,GET,ts-travel-service
1650485254,ts-travel-service,6e75ab64fd037278,,6e75ab64fd037278,43681,200,queryInfo,no_parent
1650485254,ts-route-service,52a5f2dc13a58c97,995b81848460a538,6e75ab64fd037278,2456,200,queryById,ts-travel-service
1650485254,ts-order-other-service,c39ab5bac05d3e35,e2dd2b3c0880f51e,56e5d92b6bebe873,3248,200,securityInfoCheck,ts-security-service
1650485254,ts-ticketinfo-service,31bdedcd00d8ebfc,ffa8a889df6d3acd,6e75ab64fd037278,10073,200,queryForStationId,ts-travel-service
1650485254,ts-auth-service,b7b8bb7a5675c4ee,,b7b8bb7a5675c4ee,110302,200,getToken,no_parent
1650485254,ts-travel-service,a8da25d40a9b7a0f,6e75ab64fd037278,6e75ab64fd037278,2902,200,GET,ts-travel-service
1650485254,ts-order-service,247ae148932df04f,e2eca474dfe0ab6b,56e5d92b6bebe873,3328,200,securityInfoCheck,ts-security-service
1650485254,ts-preserve-service,5ede7dcbec726b75,56e5d92b6bebe873,56e5d92b6bebe873,15181,200,GET,ts-preserve-service
1650485254,ts-contacts-service,ec9721e35ddd55c8,,ec9721e35ddd55c8,3448,200,findContactsByAccountId,no_parent
1650485254,ts-ticketinfo-service,d3c3403fe6c96963,8d17e34fc2f895fa,6e75ab64fd037278,5623,200,GET,ts-ticketinfo-service
1650485254,ts-ticketinfo-service,f5cff26ed7dd78fd,31bdedcd00d8ebfc,6e75ab64fd037278,7389,200,GET,ts-ticketinfo-service
1650485254,ts-ticketinfo-service,8d17e34fc2f895fa,fe20b7c4ee7f0ac2,6e75ab64fd037278,7850,200,queryForStationId,ts-travel-service
1650485254,ts-travel-service,995b81848460a538,6e75ab64fd037278,6e75ab64fd037278,2557,200,GET,ts-travel-service
1650485254,ts-station-service,7531a342080ec2ef,64f1af412d4c7433,4f0def5da260127b,7970,200,queryForNameBatch,ts-order-service
1650485254,ts-assurance-service,6a2b02fe6bfd0ea4,,6a2b02fe6bfd0ea4,1659,200,getAllAssuranceType,no_parent
1650485254,ts-verification-code-service,18f78d0a48b372db,,18f78d0a48b372db,3108,200,imageCode,no_parent
1650485314,ts-auth-service,7eaf7a9bea470fd2,,7eaf7a9bea470fd2,109698,200,getToken,no_parent
1650485314,ts-verification-code-service,691b46c507f54ede,92359763db2b901d,7eaf7a9bea470fd2,1716,200,verifyCode,ts-auth-service
1650485314,ts-route-service,72bf37e5ddc8f30b,21520adc1ce7cff1,1231ba4a35bb8146,2532,200,queryById,ts-travel-service
1650485314,ts-route-service,c9f6f3ddece0e965,9fa23e4aa1fcd564,1231ba4a35bb8146,2416,200,queryById,ts-travel-service
1650485314,ts-basic-service,de16c86a58c8bf4a,3489452b47495185,1231ba4a35bb8146,5708,200,queryForStationId,ts-ticketinfo-service
1650485314,ts-basic-service,f52e1171f0da32c3,de16c86a58c8bf4a,1231ba4a35bb8146,3343,200,GET,ts-basic-service
1650485314,ts-travel-service,1231ba4a35bb8146,,1231ba4a35bb8146,43635,200,queryInfo,no_parent
1650485314,ts-travel-service,21520adc1ce7cff1,1231ba4a35bb8146,1231ba4a35bb8146,2521,200,GET,ts-travel-service
1650485314,ts-order-service,21e3540302189c0,,21e3540302189c0,12829,200,queryOrdersForRefresh,no_parent
1650485314,ts-security-service,fe2c0d6ae6b25128,384d32e9bd7fab21,69e93dae063dddaa,4526,200,GET,ts-security-service
1650485314,ts-security-service,384d32e9bd7fab21,8c01dfd5837fe470,69e93dae063dddaa,13890,200,check,ts-preserve-service
1650485314,ts-contacts-service,e909597316ff8912,c71f311c0eaacf49,69e93dae063dddaa,2718,200,getContactsByContactsId,ts-preserve-service
1650485314,ts-preserve-service,c71f311c0eaacf49,69e93dae063dddaa,69e93dae063dddaa,3910,200,GET,ts-preserve-service
1650485314,ts-order-service,4e0b887f2b785dd8,21e3540302189c0,21e3540302189c0,9743,200,POST,ts-order-service
1650485314,ts-security-service,83ff6d462de9a63f,384d32e9bd7fab21,69e93dae063dddaa,4891,200,GET,ts-security-service
1650485314,ts-route-service,ad74e09d4e2e6f56,5ac87ce090a433b3,1231ba4a35bb8146,2963,200,queryById,ts-travel-service
1650485314,ts-route-service,97df0877d72ef2df,4e0f5c309792cf2a,1231ba4a35bb8146,2493,200,queryById,ts-travel-service
1650485314,ts-ticketinfo-service,a23847bc54f427e1,f9a6083139d0babe,1231ba4a35bb8146,5588,200,GET,ts-ticketinfo-service
1650485314,ts-auth-service,92359763db2b901d,7eaf7a9bea470fd2,7eaf7a9bea470fd2,3453,200,GET,ts-auth-service
1650485314,ts-station-service,6a315fcdbfd757fa,8ac0ddf063a38dc5,1231ba4a35bb8146,2058,200,queryForStationId,ts-basic-service
1650485314,ts-travel-service,c4bdc7014bfb86fc,1231ba4a35bb8146,1231ba4a35bb8146,3150,200,GET,ts-travel-service
1650485314,ts-travel-service,5ac87ce090a433b3,1231ba4a35bb8146,1231ba4a35bb8146,4350,200,GET,ts-travel-service
1650485314,ts-route-service,20656e58bc355edc,c4bdc7014bfb86fc,1231ba4a35bb8146,2506,200,queryById,ts-travel-service
1650485314,ts-verification-code-service,886b215e5a9452c9,,886b215e5a9452c9,2767,200,imageCode,no_parent
1650485314,ts-station-service,304af90299021713,4e0b887f2b785dd8,21e3540302189c0,7740,200,queryForNameBatch,ts-order-service
1650485314,ts-travel-service,9fa23e4aa1fcd564,1231ba4a35bb8146,1231ba4a35bb8146,2469,200,GET,ts-travel-service
1650485314,ts-ticketinfo-service,3489452b47495185,aa97e48000a74f8c,1231ba4a35bb8146,6835,200,GET,ts-ticketinfo-service
1650485314,ts-ticketinfo-service,aa97e48000a74f8c,d31c9b1b9ebb2d24,1231ba4a35bb8146,9470,200,queryForStationId,ts-travel-service
1650485314,ts-ticketinfo-service,f9a6083139d0babe,b3260cf4ec19b2c3,1231ba4a35bb8146,7573,200,queryForStationId,ts-travel-service
1650485314,ts-travel-service,4e0f5c309792cf2a,1231ba4a35bb8146,1231ba4a35bb8146,2793,200,GET,ts-travel-service
1650485314,ts-travel-service,b3260cf4ec19b2c3,1231ba4a35bb8146,1231ba4a35bb8146,8150,200,GET,ts-travel-service
1650485314,ts-assurance-service,43ca1feacc0b2ded,,43ca1feacc0b2ded,1631,200,getAllAssuranceType,no_parent
1650485314,ts-travel-service,d31c9b1b9ebb2d24,1231ba4a35bb8146,1231ba4a35bb8146,10846,200,GET,ts-travel-service
1650485314,ts-basic-service,18e2b0d8adcbc889,a23847bc54f427e1,1231ba4a35bb8146,4822,200,queryForStationId,ts-ticketinfo-service
1650485314,ts-station-service,f340400f1cf2e8fe,f52e1171f0da32c3,1231ba4a35bb8146,2234,200,queryForStationId,ts-basic-service
1650485314,ts-basic-service,8ac0ddf063a38dc5,18e2b0d8adcbc889,1231ba4a35bb8146,2749,200,GET,ts-basic-service
1650485314,ts-order-other-service,d9e3a2d1640d053,fe2c0d6ae6b25128,69e93dae063dddaa,3176,200,securityInfoCheck,ts-security-service
1650485314,ts-preserve-service,8c01dfd5837fe470,69e93dae063dddaa,69e93dae063dddaa,15584,200,GET,ts-preserve-service
1650485314,ts-preserve-service,69e93dae063dddaa,,69e93dae063dddaa,22606,200,preserve,no_parent
1650485314,ts-order-service,aa69db63eaf1488c,83ff6d462de9a63f,69e93dae063dddaa,3484,200,securityInfoCheck,ts-security-service
1650485314,ts-contacts-service,5f25e3c14531643,,5f25e3c14531643,3566,200,findContactsByAccountId,no_parent
1650485374,ts-preserve-service,c1d461a01133c29f,c77f100739373b0a,c77f100739373b0a,3751,200,GET,ts-preserve-service
1650485374,ts-preserve-service,c77f100739373b0a,,c77f100739373b0a,22629,200,preserve,no_parent
1650485374,ts-order-other-service,ca95d5dd1b49e2d4,1ccab99ccb30d0d6,c77f100739373b0a,3191,200,securityInfoCheck,ts-security-service
1650485374,ts-security-service,130924e8165821e8,136b694e1a3f9d8b,c77f100739373b0a,5070,200,GET,ts-security-service
1650485374,ts-travel-service,313ab55d59be856c,3412856acc54d3c6,3412856acc54d3c6,12310,200,GET,ts-travel-service
1650485374,ts-auth-service,5b24b6871575e9c9,,5b24b6871575e9c9,121303,200,getToken,no_parent
1650485374,ts-auth-service,4ebf24016a6443e5,5b24b6871575e9c9,5b24b6871575e9c9,3386,200,GET,ts-auth-service
1650485374,ts-verification-code-service,647e62c8210b1241,4ebf24016a6443e5,5b24b6871575e9c9,1693,200,verifyCode,ts-auth-service
1650485374,ts-order-service,b23b7767bc30a7cd,5c66af7f0613d4fd,5c66af7f0613d4fd,9450,200,POST,ts-order-service
1650485374,ts-security-service,136b694e1a3f9d8b,ef87c5d585025342,c77f100739373b0a,14061,200,check,ts-preserve-service
1650485374,ts-station-service,43e9d67a28c80275,b23b7767bc30a7cd,5c66af7f0613d4fd,7965,200,queryForNameBatch,ts-order-service
1650485374,ts-order-service,5c66af7f0613d4fd,,5c66af7f0613d4fd,12684,200,queryOrdersForRefresh,no_parent
1650485374,ts-travel-service,3412856acc54d3c6,,3412856acc54d3c6,42003,200,queryInfo,no_parent
1650485374,ts-station-service,18da31761da5aa2c,1817e014e3085079,3412856acc54d3c6,2745,200,queryForStationId,ts-basic-service
1650485374,ts-preserve-service,ef87c5d585025342,c77f100739373b0a,c77f100739373b0a,15726,200,GET,ts-preserve-service
1650485374,ts-ticketinfo-service,fb8b1c41b16974b2,313ab55d59be856c,3412856acc54d3c6,9937,200,queryForStationId,ts-travel-service
1650485374,ts-basic-service,ffdcf3bbdfe27ca9,a55dca43655c47a0,3412856acc54d3c6,6456,200,queryForStationId,ts-ticketinfo-service
1650485374,ts-ticketinfo-service,a55dca43655c47a0,fb8b1c41b16974b2,3412856acc54d3c6,7586,200,GET,ts-ticketinfo-service
1650485374,ts-verification-code-service,34184a3f129a8fbd,,34184a3f129a8fbd,2705,200,imageCode,no_parent
1650485374,ts-order-service,c06a6d085166a162,130924e8165821e8,c77f100739373b0a,3732,200,securityInfoCheck,ts-security-service
1650485374,ts-contacts-service,c24ccd3845f12e6d,c1d461a01133c29f,c77f100739373b0a,2462,200,getContactsByContactsId,ts-preserve-service
1650485374,ts-security-service,1ccab99ccb30d0d6,136b694e1a3f9d8b,c77f100739373b0a,4495,200,GET,ts-security-service
1650485374,ts-basic-service,1817e014e3085079,ffdcf3bbdfe27ca9,3412856acc54d3c6,3941,200,GET,ts-basic-service
1650485374,ts-contacts-service,5448d77943997b0d,,5448d77943997b0d,3434,200,findContactsByAccountId,no_parent
1650485375,ts-basic-service,75a836c1a52495b,a36056a8645177d4,3412856acc54d3c6,2856,200,GET,ts-basic-service
1650485375,ts-travel-service,abfd8cfc182cd43f,3412856acc54d3c6,3412856acc54d3c6,3319,200,GET,ts-travel-service
1650485375,ts-ticketinfo-service,5bbd4ac297177697,1768fdf13f878cbc,3412856acc54d3c6,7677,200,queryForStationId,ts-travel-service
1650485375,ts-ticketinfo-service,b32e33204aed1c27,5bbd4ac297177697,3412856acc54d3c6,5806,200,GET,ts-ticketinfo-service
1650485375,ts-basic-service,a36056a8645177d4,b32e33204aed1c27,3412856acc54d3c6,5089,200,queryForStationId,ts-ticketinfo-service
1650485375,ts-travel-service,433d0a1be6e5941,3412856acc54d3c6,3412856acc54d3c6,1647,200,GET,ts-travel-service
1650485375,ts-station-service,5f34679244aef4cf,75a836c1a52495b,3412856acc54d3c6,2263,200,queryForStationId,ts-basic-service
1650485375,ts-travel-service,e5ab129a14fce88a,3412856acc54d3c6,3412856acc54d3c6,1853,200,GET,ts-travel-service
1650485375,ts-travel-service,f9dc0e9976af7cdb,3412856acc54d3c6,3412856acc54d3c6,1317,200,GET,ts-travel-service
1650485375,ts-route-service,1df47d93da663053,433d0a1be6e5941,3412856acc54d3c6,1571,200,queryById,ts-travel-service
1650485375,ts-route-service,90c04b10ab5b88f2,e5ab129a14fce88a,3412856acc54d3c6,1477,200,queryById,ts-travel-service
1650485375,ts-route-service,8512262b5eb4ef10,f9dc0e9976af7cdb,3412856acc54d3c6,1239,200,queryById,ts-travel-service
1650485375,ts-route-service,fb796d4e3d783a7c,abfd8cfc182cd43f,3412856acc54d3c6,1962,200,queryById,ts-travel-service
1650485375,ts-route-service,9f3531581ac8482f,dccc11f4cd713b16,3412856acc54d3c6,1525,200,queryById,ts-travel-service
1650485375,ts-travel-service,dccc11f4cd713b16,3412856acc54d3c6,3412856acc54d3c6,1625,200,GET,ts-travel-service
1650485375,ts-travel-service,1768fdf13f878cbc,3412856acc54d3c6,3412856acc54d3c6,8195,200,GET,ts-travel-service
1650485375,ts-assurance-service,581ef3093a3ec7d7,,581ef3093a3ec7d7,1620,200,getAllAssuranceType,no_parent
1650485435,ts-security-service,e5cd530b070de6a9,f89e9c6c678babf4,1d17a3e84ab29910,5006,200,GET,ts-security-service
1650485435,ts-security-service,e4a4b9ae8d6c0009,f89e9c6c678babf4,1d17a3e84ab29910,4699,200,GET,ts-security-service
1650485435,ts-security-service,f89e9c6c678babf4,96608f5a3726b998,1d17a3e84ab29910,14178,200,check,ts-preserve-service
1650485435,ts-contacts-service,a60a9aecf5e7a5e7,3da39da64fda9acc,1d17a3e84ab29910,1869,200,getContactsByContactsId,ts-preserve-service
1650485435,ts-order-service,77d7223d2e6009e5,e5cd530b070de6a9,1d17a3e84ab29910,3525,200,securityInfoCheck,ts-security-service
1650485435,ts-route-service,581a9b27a37d25cf,5b4eb6fbfc2d89a9,728e9c891cddc097,2230,200,queryById,ts-travel-service
1650485435,ts-ticketinfo-service,8554059ea81d4a48,eb0abf710331cc40,728e9c891cddc097,9299,200,queryForStationId,ts-travel-service
1650485435,ts-ticketinfo-service,74fa8640bcd6df2a,89afb90af2f5b3d7,728e9c891cddc097,5548,200,GET,ts-ticketinfo-service
1650485435,ts-travel-service,eb0abf710331cc40,728e9c891cddc097,728e9c891cddc097,11228,200,GET,ts-travel-service
1650485435,ts-basic-service,6d23af2a5fc0edd0,b9e1058df790c025,728e9c891cddc097,3337,200,GET,ts-basic-service
1650485435,ts-basic-service,b9e1058df790c025,4e18bb9aaa7dd9cc,728e9c891cddc097,5818,200,queryForStationId,ts-ticketinfo-service
1650485435,ts-basic-service,aa40769f7b691efd,1ac26b1a034f82e1,728e9c891cddc097,2822,200,GET,ts-basic-service
1650485435,ts-basic-service,1ac26b1a034f82e1,74fa8640bcd6df2a,728e9c891cddc097,4815,200,queryForStationId,ts-ticketinfo-service
1650485435,ts-station-service,9d73b4e048217568,6d23af2a5fc0edd0,728e9c891cddc097,2232,200,queryForStationId,ts-basic-service
1650485435,ts-station-service,51e0f0fb60839590,aa40769f7b691efd,728e9c891cddc097,2150,200,queryForStationId,ts-basic-service
1650485435,ts-travel-service,6f155e62f10dfbff,728e9c891cddc097,728e9c891cddc097,2287,200,GET,ts-travel-service
1650485435,ts-route-service,50d33fe570974d04,6aa5f15f18fb8265,728e9c891cddc097,2188,200,queryById,ts-travel-service
1650485435,ts-order-other-service,cb9e4e8b685a30b5,e4a4b9ae8d6c0009,1d17a3e84ab29910,3116,200,securityInfoCheck,ts-security-service
1650485435,ts-verification-code-service,9682c409eb507a9f,,9682c409eb507a9f,2833,200,imageCode,no_parent
1650485435,ts-travel-service,6aa5f15f18fb8265,728e9c891cddc097,728e9c891cddc097,2317,200,GET,ts-travel-service
1650485435,ts-station-service,4b268c63f0bd133f,b23b5a3e4a39a278,e3e4442a2aac19a2,7592,200,queryForNameBatch,ts-order-service
1650485435,ts-route-service,e0dd3a0a86709a38,152efc4a484a7a1a,728e9c891cddc097,2851,200,queryById,ts-travel-service
1650485435,ts-route-service,2436176a27931b5e,bd938ae5aefc9e03,728e9c891cddc097,2263,200,queryById,ts-travel-service
1650485435,ts-route-service,3591321b519f672a,6f155e62f10dfbff,728e9c891cddc097,2138,200,queryById,ts-travel-service
1650485435,ts-order-service,b23b5a3e4a39a278,e3e4442a2aac19a2,e3e4442a2aac19a2,9157,200,POST,ts-order-service
1650485435,ts-order-service,e3e4442a2aac19a2,,e3e4442a2aac19a2,12128,200,queryOrdersForRefresh,no_parent
1650485435,ts-travel-service,5b4eb6fbfc2d89a9,728e9c891cddc097,728e9c891cddc097,2684,200,GET,ts-travel-service
1650485435,ts-assurance-service,605368bec668179f,,605368bec668179f,1618,200,getAllAssuranceType,no_parent
1650485435,ts-travel-service,3c6dfa1f0646a05,728e9c891cddc097,728e9c891cddc097,7979,200,GET,ts-travel-service
1650485435,ts-preserve-service,1d17a3e84ab29910,,1d17a3e84ab29910,21884,200,preserve,no_parent
1650485435,ts-ticketinfo-service,89afb90af2f5b3d7,3c6dfa1f0646a05,728e9c891cddc097,7544,200,queryForStationId,ts-travel-service
1650485435,ts-preserve-service,3da39da64fda9acc,1d17a3e84ab29910,1d17a3e84ab29910,3214,200,GET,ts-preserve-service
1650485435,ts-preserve-service,96608f5a3726b998,1d17a3e84ab29910,1d17a3e84ab29910,15813,200,GET,ts-preserve-service
1650485435,ts-ticketinfo-service,4e18bb9aaa7dd9cc,8554059ea81d4a48,728e9c891cddc097,6986,200,GET,ts-ticketinfo-service
1650485435,ts-travel-service,728e9c891cddc097,,728e9c891cddc097,45345,200,queryInfo,no_parent
1650485435,ts-travel-service,152efc4a484a7a1a,728e9c891cddc097,728e9c891cddc097,4183,200,GET,ts-travel-service
1650485435,ts-travel-service,bd938ae5aefc9e03,728e9c891cddc097,728e9c891cddc097,2369,200,GET,ts-travel-service
1650485435,ts-contacts-service,f21ae10bde6fa3ee,,f21ae10bde6fa3ee,3098,200,findContactsByAccountId,no_parent
1650485435,ts-verification-code-service,6855bcce798493a8,10d3f66d30c86f69,3db7cf79b5913bf2,1685,200,verifyCode,ts-auth-service
1650485435,ts-auth-service,10d3f66d30c86f69,3db7cf79b5913bf2,3db7cf79b5913bf2,4687,200,GET,ts-auth-service
1650485435,ts-auth-service,3db7cf79b5913bf2,,3db7cf79b5913bf2,113137,200,getToken,no_parent
1650485495,ts-preserve-service,e2740f85cd924bd9,,e2740f85cd924bd9,22496,200,preserve,no_parent
1650485495,ts-travel-service,32f8afb248784a70,3a4628e858bb5df8,3a4628e858bb5df8,2421,200,GET,ts-travel-service
1650485495,ts-travel-service,7d301d72381e87fb,3a4628e858bb5df8,3a4628e858bb5df8,11875,200,GET,ts-travel-service
1650485495,ts-order-service,f58ddd5da7ae10f8,fd1a8c15d2e6f517,e2740f85cd924bd9,3511,200,securityInfoCheck,ts-security-service
1650485495,ts-contacts-service,5fb7ad925af82171,296972476c883bd,e2740f85cd924bd9,2334,200,getContactsByContactsId,ts-preserve-service
1650485495,ts-security-service,cd415f21a4848363,8ee2929c0764ea3b,e2740f85cd924bd9,4350,200,GET,ts-security-service
1650485495,ts-order-service,1045f1f44d9935d,ef753ce2b84cfa3a,ef753ce2b84cfa3a,9640,200,POST,ts-order-service
1650485495,ts-route-service,2692564c55d5fa16,32f8afb248784a70,3a4628e858bb5df8,2299,200,queryById,ts-travel-service
1650485495,ts-route-service,8bd518eaf08232ff,8ff05adac34df5a6,3a4628e858bb5df8,2232,200,queryById,ts-travel-service
1650485495,ts-basic-service,ea87b66eef9abbbf,26def5e6e819a3f,3a4628e858bb5df8,2766,200,GET,ts-basic-service
1650485495,ts-basic-service,dcd58b3346bada35,9004e7abd9f372dd,3a4628e858bb5df8,3234,200,GET,ts-basic-service
1650485495,ts-travel-service,8a0aaee164945581,3a4628e858bb5df8,3a4628e858bb5df8,2285,200,GET,ts-travel-service
1650485495,ts-travel-service,a327697d16c02b1f,3a4628e858bb5df8,3a4628e858bb5df8,3936,200,GET,ts-travel-service
1650485495,ts-travel-service,3a4628e858bb5df8,,3a4628e858bb5df8,64113,200,queryInfo,no_parent
1650485495,ts-security-service,fd1a8c15d2e6f517,8ee2929c0764ea3b,e2740f85cd924bd9,5404,200,GET,ts-security-service
1650485495,ts-ticketinfo-service,a33fccd9974f593a,e14036b2110480cc,3a4628e858bb5df8,12753,200,queryForStationId,ts-travel-service
1650485495,ts-ticketinfo-service,1c4e14015ec7c5b9,7d301d72381e87fb,3a4628e858bb5df8,9265,200,queryForStationId,ts-travel-service
1650485495,ts-basic-service,9004e7abd9f372dd,1349967634ced982,3a4628e858bb5df8,5785,200,queryForStationId,ts-ticketinfo-service
1650485495,ts-ticketinfo-service,1349967634ced982,1c4e14015ec7c5b9,3a4628e858bb5df8,6950,200,GET,ts-ticketinfo-service
1650485495,ts-ticketinfo-service,16b5f49ef74875dc,a33fccd9974f593a,3a4628e858bb5df8,10765,200,GET,ts-ticketinfo-service
1650485495,ts-basic-service,26def5e6e819a3f,16b5f49ef74875dc,3a4628e858bb5df8,10084,200,queryForStationId,ts-ticketinfo-service
1650485495,ts-preserve-service,521f4f479618d794,e2740f85cd924bd9,e2740f85cd924bd9,15958,200,GET,ts-preserve-service
1650485495,ts-preserve-service,296972476c883bd,e2740f85cd924bd9,e2740f85cd924bd9,3562,200,GET,ts-preserve-service
1650485495,ts-route-service,d3bb8c86774c63ea,8a0aaee164945581,3a4628e858bb5df8,2219,200,queryById,ts-travel-service
1650485495,ts-station-service,5368953d6049076f,dcd58b3346bada35,3a4628e858bb5df8,2202,200,queryForStationId,ts-basic-service
1650485495,ts-station-service,776bdaefe043e53f,ea87b66eef9abbbf,3a4628e858bb5df8,2083,200,queryForStationId,ts-basic-service
1650485495,ts-travel-service,e14036b2110480cc,3a4628e858bb5df8,3a4628e858bb5df8,13230,200,GET,ts-travel-service
1650485495,ts-assurance-service,c52886119bb22b3e,,c52886119bb22b3e,1628,200,getAllAssuranceType,no_parent
1650485495,ts-order-other-service,92d9c559ee3be4be,cd415f21a4848363,e2740f85cd924bd9,3233,200,securityInfoCheck,ts-security-service
1650485495,ts-order-service,ef753ce2b84cfa3a,,ef753ce2b84cfa3a,12952,200,queryOrdersForRefresh,no_parent
1650485495,ts-station-service,ce1186357851c52d,1045f1f44d9935d,ef753ce2b84cfa3a,8115,200,queryForNameBatch,ts-order-service
1650485495,ts-route-service,c2daa939e52add16,ad8fd2d551aa21f5,3a4628e858bb5df8,10230,200,queryById,ts-travel-service
1650485495,ts-route-service,fd53d713994d75e5,a327697d16c02b1f,3a4628e858bb5df8,2696,200,queryById,ts-travel-service
1650485495,ts-travel-service,8ff05adac34df5a6,3a4628e858bb5df8,3a4628e858bb5df8,2740,200,GET,ts-travel-service
1650485495,ts-travel-service,ad8fd2d551aa21f5,3a4628e858bb5df8,3a4628e858bb5df8,10377,200,GET,ts-travel-service
1650485495,ts-security-service,8ee2929c0764ea3b,521f4f479618d794,e2740f85cd924bd9,14322,200,check,ts-preserve-service
1650485495,ts-contacts-service,f22998b6a0fbbf4d,,f22998b6a0fbbf4d,3233,200,findContactsByAccountId,no_parent
1650485495,ts-verification-code-service,f9ae355dc54c4548,,f9ae355dc54c4548,2685,200,imageCode,no_parent
1650485495,ts-verification-code-service,c8b6e6894093a2a8,82bdc3000e9856c3,9a68748d3e414cc5,1709,200,verifyCode,ts-auth-service
1650485495,ts-auth-service,82bdc3000e9856c3,9a68748d3e414cc5,9a68748d3e414cc5,3465,200,GET,ts-auth-service
1650485495,ts-auth-service,9a68748d3e414cc5,,9a68748d3e414cc5,115896,200,getToken,no_parent
1650485555,ts-travel-service,d3a2d6521f383343,272cefb083be5820,272cefb083be5820,2253,200,GET,ts-travel-service
1650485555,ts-verification-code-service,44882e73449cf5a,,44882e73449cf5a,2683,200,imageCode,no_parent
1650485555,ts-contacts-service,8956900cfc8a09b2,20622a1fb33cb7ab,3b64cf4d01a49a36,2229,200,getContactsByContactsId,ts-preserve-service
1650485555,ts-station-service,907c9fccc9eaeed5,27ab5a5d578b6ec4,272cefb083be5820,2081,200,queryForStationId,ts-basic-service
1650485555,ts-route-service,7351dba4c7864e1d,6c68800ce4e87a1e,272cefb083be5820,2159,200,queryById,ts-travel-service
1650485555,ts-auth-service,bb59b29781dd6b1a,,bb59b29781dd6b1a,111186,200,getToken,no_parent
1650485555,ts-basic-service,9781d042a6fa65bf,ed66dba6991eda19,272cefb083be5820,3276,200,GET,ts-basic-service
1650485555,ts-basic-service,cd1b52b4c65b7db8,559612c2f32cab27,272cefb083be5820,5137,200,queryForStationId,ts-ticketinfo-service
1650485555,ts-station-service,3c9549ac8ccadac3,9781d042a6fa65bf,272cefb083be5820,2152,200,queryForStationId,ts-basic-service
1650485555,ts-order-service,fe705ddd3fe3c097,937142f394cb3a7a,3b64cf4d01a49a36,3505,200,securityInfoCheck,ts-security-service
1650485555,ts-basic-service,27ab5a5d578b6ec4,cd1b52b4c65b7db8,272cefb083be5820,3065,200,GET,ts-basic-service
1650485555,ts-preserve-service,20622a1fb33cb7ab,3b64cf4d01a49a36,3b64cf4d01a49a36,4851,200,GET,ts-preserve-service
1650485555,ts-travel-service,df8931335538f3b2,272cefb083be5820,272cefb083be5820,2594,200,GET,ts-travel-service
1650485555,ts-travel-service,44912755283717f7,272cefb083be5820,272cefb083be5820,14920,200,GET,ts-travel-service
1650485555,ts-verification-code-service,282e8967438ad119,aff16fdf914fff68,bb59b29781dd6b1a,1861,200,verifyCode,ts-auth-service
1650485555,ts-auth-service,aff16fdf914fff68,bb59b29781dd6b1a,bb59b29781dd6b1a,3647,200,GET,ts-auth-service
1650485555,ts-route-service,bff317d8f6ff6d47,2b589e0b45473a41,272cefb083be5820,2733,200,queryById,ts-travel-service
1650485555,ts-ticketinfo-service,e00c337f917aedd3,f528efc7048bb18a,272cefb083be5820,6789,200,GET,ts-ticketinfo-service
1650485555,ts-ticketinfo-service,8cad5c9f8c5d00c5,44912755283717f7,272cefb083be5820,14454,200,queryForStationId,ts-travel-service
1650485555,ts-travel-service,272cefb083be5820,,272cefb083be5820,48734,200,queryInfo,no_parent
1650485555,ts-security-service,937142f394cb3a7a,4df0b28fcda467f,3b64cf4d01a49a36,4944,200,GET,ts-security-service
1650485555,ts-travel-service,4477f35c6c44ad53,272cefb083be5820,272cefb083be5820,10790,200,GET,ts-travel-service
1650485555,ts-preserve-service,3b64cf4d01a49a36,,3b64cf4d01a49a36,23315,200,preserve,no_parent
1650485555,ts-travel-service,2b589e0b45473a41,272cefb083be5820,272cefb083be5820,4014,200,GET,ts-travel-service
1650485555,ts-route-service,542e6fe9d78ebb20,3ce4ae57a42d21fc,272cefb083be5820,2135,200,queryById,ts-travel-service
1650485555,ts-travel-service,3ce4ae57a42d21fc,272cefb083be5820,272cefb083be5820,2270,200,GET,ts-travel-service
1650485555,ts-security-service,834e11b6ed08ab02,4df0b28fcda467f,3b64cf4d01a49a36,4631,200,GET,ts-security-service
1650485555,ts-security-service,4df0b28fcda467f,1a76a219e9247979,3b64cf4d01a49a36,14104,200,check,ts-preserve-service
1650485555,ts-basic-service,ed66dba6991eda19,e00c337f917aedd3,272cefb083be5820,5641,200,queryForStationId,ts-ticketinfo-service
1650485555,ts-route-service,8921d384ce7b209c,d3a2d6521f383343,272cefb083be5820,2104,200,queryById,ts-travel-service
1650485555,ts-route-service,44ffaf165dde38e1,df8931335538f3b2,272cefb083be5820,2161,200,queryById,ts-travel-service
1650485555,ts-travel-service,6c68800ce4e87a1e,272cefb083be5820,272cefb083be5820,2307,200,GET,ts-travel-service
1650485555,ts-preserve-service,1a76a219e9247979,3b64cf4d01a49a36,3b64cf4d01a49a36,15713,200,GET,ts-preserve-service
1650485555,ts-order-other-service,1f209c342c08288e,834e11b6ed08ab02,3b64cf4d01a49a36,3282,200,securityInfoCheck,ts-security-service
1650485555,ts-ticketinfo-service,f528efc7048bb18a,4477f35c6c44ad53,272cefb083be5820,9120,200,queryForStationId,ts-travel-service
1650485555,ts-ticketinfo-service,559612c2f32cab27,8cad5c9f8c5d00c5,272cefb083be5820,5839,200,GET,ts-ticketinfo-service
1650485555,ts-contacts-service,5b47f995961f6807,,5b47f995961f6807,3028,200,findContactsByAccountId,no_parent
1650485555,ts-order-service,719a4f3ee34ff8c1,,719a4f3ee34ff8c1,12808,200,queryOrdersForRefresh,no_parent
1650485555,ts-order-service,3d86a95299a8af6e,719a4f3ee34ff8c1,719a4f3ee34ff8c1,9480,200,POST,ts-order-service
1650485555,ts-station-service,589b9ae1b3a1792f,3d86a95299a8af6e,719a4f3ee34ff8c1,8009,200,queryForNameBatch,ts-order-service
1650485555,ts-assurance-service,9cb0409ec12b7d0b,,9cb0409ec12b7d0b,1624,200,getAllAssuranceType,no_parent
1650485615,ts-security-service,679136df34878f48,ddfb1ae8339e5326,9f0184aeedd92e43,4917,200,GET,ts-security-service
1650485615,ts-security-service,ddfb1ae8339e5326,1f6880bed1030aca,9f0184aeedd92e43,13835,200,check,ts-preserve-service
1650485615,ts-order-other-service,b4f442296194f39c,1cf4f85b6c4605b9,9f0184aeedd92e43,3153,200,securityInfoCheck,ts-security-service
1650485615,ts-preserve-service,9f0184aeedd92e43,,9f0184aeedd92e43,22304,200,preserve,no_parent
1650485615,ts-order-service,dbca3f24f3a5b232,679136df34878f48,9f0184aeedd92e43,3513,200,securityInfoCheck,ts-security-service
1650485615,ts-preserve-service,acd1ae2c4d94ea69,9f0184aeedd92e43,9f0184aeedd92e43,4204,200,GET,ts-preserve-service
1650485615,ts-security-service,1cf4f85b6c4605b9,ddfb1ae8339e5326,9f0184aeedd92e43,4414,200,GET,ts-security-service
1650485615,ts-preserve-service,1f6880bed1030aca,9f0184aeedd92e43,9f0184aeedd92e43,15066,200,GET,ts-preserve-service
1650485615,ts-contacts-service,c8a46e006ae2a24c,acd1ae2c4d94ea69,9f0184aeedd92e43,2850,200,getContactsByContactsId,ts-preserve-service
1650485615,ts-contacts-service,1d428c6f404d3088,,1d428c6f404d3088,3312,200,findContactsByAccountId,no_parent
1650485616,ts-basic-service,a647920a61f20b55,fddb52bedd0dc201,35f6d26633effe45,3724,200,GET,ts-basic-service
1650485616,ts-travel-service,39b57431f2d673c5,35f6d26633effe45,35f6d26633effe45,2619,200,GET,ts-travel-service
1650485616,ts-travel-service,9a0004b0b0f539e3,35f6d26633effe45,35f6d26633effe45,3990,200,GET,ts-travel-service
1650485616,ts-ticketinfo-service,9713f2b7ba25075,7f287ae856a9934e,35f6d26633effe45,9703,200,queryForStationId,ts-travel-service
1650485616,ts-route-service,ef66708c9b927db4,8fb48c11e7497ad1,35f6d26633effe45,2130,200,queryById,ts-travel-service
1650485616,ts-station-service,80fdb7098247916c,a647920a61f20b55,35f6d26633effe45,2241,200,queryForStationId,ts-basic-service
1650485616,ts-basic-service,47219a9fc501886b,523ae187172c4d0c,35f6d26633effe45,2736,200,GET,ts-basic-service
1650485616,ts-basic-service,fddb52bedd0dc201,58875badde6f53f2,35f6d26633effe45,6197,200,queryForStationId,ts-ticketinfo-service
1650485616,ts-route-service,32f486075020c39a,ff3b67d00db4ea30,35f6d26633effe45,2138,200,queryById,ts-travel-service
1650485616,ts-ticketinfo-service,8865e54472783a48,47ce9b894d6c49cd,35f6d26633effe45,7303,200,queryForStationId,ts-travel-service
1650485616,ts-travel-service,47ce9b894d6c49cd,35f6d26633effe45,35f6d26633effe45,7720,200,GET,ts-travel-service
1650485616,ts-verification-code-service,ad8ae6fa4b507555,,ad8ae6fa4b507555,1621,200,imageCode,no_parent
1650485616,ts-verification-code-service,f873f9ac4335115,4d2e522a6319ec93,76e5f78e0b73ec2b,1829,200,verifyCode,ts-auth-service
1650485616,ts-station-service,f9fdfa01e26f0f82,47219a9fc501886b,35f6d26633effe45,2096,200,queryForStationId,ts-basic-service
1650485616,ts-ticketinfo-service,baf8dc0f15f6416,8865e54472783a48,35f6d26633effe45,5338,200,GET,ts-ticketinfo-service
1650485616,ts-travel-service,ff3b67d00db4ea30,35f6d26633effe45,35f6d26633effe45,2258,200,GET,ts-travel-service
1650485616,ts-travel-service,1f42bb25947d45e,35f6d26633effe45,35f6d26633effe45,2318,200,GET,ts-travel-service
1650485616,ts-travel-service,7f287ae856a9934e,35f6d26633effe45,35f6d26633effe45,11396,200,GET,ts-travel-service
1650485616,ts-basic-service,523ae187172c4d0c,baf8dc0f15f6416,35f6d26633effe45,4741,200,queryForStationId,ts-ticketinfo-service
1650485616,ts-route-service,d6b891e2c5d7c2ad,9a0004b0b0f539e3,35f6d26633effe45,2663,200,queryById,ts-travel-service
1650485616,ts-ticketinfo-service,58875badde6f53f2,9713f2b7ba25075,35f6d26633effe45,7399,200,GET,ts-ticketinfo-service
1650485616,ts-travel-service,8fb48c11e7497ad1,35f6d26633effe45,35f6d26633effe45,2244,200,GET,ts-travel-service
1650485616,ts-route-service,adbae851f5e09cc0,39b57431f2d673c5,35f6d26633effe45,2174,200,queryById,ts-travel-service
1650485616,ts-travel-service,35f6d26633effe45,,35f6d26633effe45,42242,200,queryInfo,no_parent
1650485616,ts-route-service,4fd581a594a2ab01,1f42bb25947d45e,35f6d26633effe45,2166,200,queryById,ts-travel-service
1650485616,ts-order-service,750f39af92c9d29e,,750f39af92c9d29e,9931,200,queryOrdersForRefresh,no_parent
1650485616,ts-order-service,88342fd9fb050243,750f39af92c9d29e,750f39af92c9d29e,6715,200,POST,ts-order-service
1650485616,ts-station-service,fdd7d222babdcb1f,88342fd9fb050243,750f39af92c9d29e,5251,200,queryForNameBatch,ts-order-service
1650485616,ts-auth-service,4d2e522a6319ec93,76e5f78e0b73ec2b,76e5f78e0b73ec2b,3330,200,GET,ts-auth-service
1650485616,ts-auth-service,76e5f78e0b73ec2b,,76e5f78e0b73ec2b,112531,200,getToken,no_parent
1650485616,ts-assurance-service,8e626d5c19c3c3bf,,8e626d5c19c3c3bf,1617,200,getAllAssuranceType,no_parent
1650485676,ts-order-service,6093c7c1c06b9cf1,188f229d52af2801,ab20ffeed4e6a72e,3504,200,securityInfoCheck,ts-security-service
1650485676,ts-preserve-service,cf52a6e3bb8c516c,ab20ffeed4e6a72e,ab20ffeed4e6a72e,15322,200,GET,ts-preserve-service
1650485676,ts-preserve-service,ab20ffeed4e6a72e,,ab20ffeed4e6a72e,21663,200,preserve,no_parent
1650485676,ts-preserve-service,c69fd1edfdc5f633,ab20ffeed4e6a72e,ab20ffeed4e6a72e,3538,200,GET,ts-preserve-service
1650485676,ts-security-service,188f229d52af2801,5a4de4829de1b38c,ab20ffeed4e6a72e,4880,200,GET,ts-security-service
1650485676,ts-security-service,f88c6df414c4a758,5a4de4829de1b38c,ab20ffeed4e6a72e,4360,200,GET,ts-security-service
1650485676,ts-verification-code-service,1996a384f1aa1aa2,d497db9c6025b4f9,2b5ec349e441e199,1740,200,verifyCode,ts-auth-service
1650485676,ts-contacts-service,14d4be11abd4ac6,c69fd1edfdc5f633,ab20ffeed4e6a72e,2362,200,getContactsByContactsId,ts-preserve-service
1650485676,ts-station-service,d664b90299a7a5ab,b50a061811a691cb,356f7624bafa085,2328,200,queryForStationId,ts-basic-service
1650485676,ts-station-service,6db6fe49590749b9,7e149f964a587514,356f7624bafa085,2081,200,queryForStationId,ts-basic-service
1650485676,ts-route-service,573d8bf6886411d7,c8b82c7e4b63549,356f7624bafa085,2511,200,queryById,ts-travel-service
1650485676,ts-route-service,8ad83e769c0fac9c,338206720081b03c,356f7624bafa085,2147,200,queryById,ts-travel-service
1650485676,ts-route-service,45fa479bd1fc935a,e9fa42bf8c9c41ff,356f7624bafa085,2215,200,queryById,ts-travel-service
1650485676,ts-route-service,881afa4f1fc713a5,df3d52e242d37516,356f7624bafa085,2117,200,queryById,ts-travel-service
1650485676,ts-ticketinfo-service,42ea99486e38ff08,2b5b629adce3c99a,356f7624bafa085,7130,200,GET,ts-ticketinfo-service
1650485676,ts-ticketinfo-service,47c2458430420,ae4d5d1574eb642c,356f7624bafa085,7541,200,queryForStationId,ts-travel-service
1650485676,ts-ticketinfo-service,c9cb6b4df7ece476,47c2458430420,356f7624bafa085,5546,200,GET,ts-ticketinfo-service
1650485676,ts-ticketinfo-service,2b5b629adce3c99a,db87b6cd3c26f0be,356f7624bafa085,9361,200,queryForStationId,ts-travel-service
1650485676,ts-basic-service,b50a061811a691cb,920128eaf3d4fca6,356f7624bafa085,3413,200,GET,ts-basic-service
1650485676,ts-travel-service,ae4d5d1574eb642c,356f7624bafa085,356f7624bafa085,7977,200,GET,ts-travel-service
1650485676,ts-route-service,107693909294cec6,618cfa3b09b7da35,356f7624bafa085,2658,200,queryById,ts-travel-service
1650485676,ts-order-other-service,adebe95854a2e893,f88c6df414c4a758,ab20ffeed4e6a72e,2930,200,securityInfoCheck,ts-security-service
1650485676,ts-security-service,5a4de4829de1b38c,cf52a6e3bb8c516c,ab20ffeed4e6a72e,13735,200,check,ts-preserve-service
1650485676,ts-auth-service,d497db9c6025b4f9,2b5ec349e441e199,2b5ec349e441e199,3820,200,GET,ts-auth-service
1650485676,ts-auth-service,2b5ec349e441e199,,2b5ec349e441e199,112554,200,getToken,no_parent
1650485676,ts-travel-service,356f7624bafa085,,356f7624bafa085,43399,200,queryInfo,no_parent
1650485676,ts-basic-service,920128eaf3d4fca6,42ea99486e38ff08,356f7624bafa085,5946,200,queryForStationId,ts-ticketinfo-service
1650485676,ts-travel-service,338206720081b03c,356f7624bafa085,356f7624bafa085,2295,200,GET,ts-travel-service
1650485676,ts-travel-service,c8b82c7e4b63549,356f7624bafa085,356f7624bafa085,3014,200,GET,ts-travel-service
1650485676,ts-travel-service,df3d52e242d37516,356f7624bafa085,356f7624bafa085,2267,200,GET,ts-travel-service
1650485676,ts-basic-service,7e149f964a587514,93808ee8d22caf0f,356f7624bafa085,2785,200,GET,ts-basic-service
1650485676,ts-assurance-service,a57945c3d11fa27f,,a57945c3d11fa27f,1576,200,getAllAssuranceType,no_parent
1650485676,ts-basic-service,93808ee8d22caf0f,c9cb6b4df7ece476,356f7624bafa085,4802,200,queryForStationId,ts-ticketinfo-service
1650485676,ts-travel-service,e9fa42bf8c9c41ff,356f7624bafa085,356f7624bafa085,2330,200,GET,ts-travel-service
1650485676,ts-travel-service,db87b6cd3c26f0be,356f7624bafa085,356f7624bafa085,10938,200,GET,ts-travel-service
1650485676,ts-travel-service,618cfa3b09b7da35,356f7624bafa085,356f7624bafa085,3987,200,GET,ts-travel-service
1650485676,ts-station-service,77210386382b7445,10254c01681115dd,31c71fc1f02a67a9,7669,200,queryForNameBatch,ts-order-service
1650485676,ts-contacts-service,61aa45b34462aa1a,,61aa45b34462aa1a,3242,200,findContactsByAccountId,no_parent
1650485676,ts-order-service,10254c01681115dd,31c71fc1f02a67a9,31c71fc1f02a67a9,9206,200,POST,ts-order-service
1650485676,ts-order-service,31c71fc1f02a67a9,,31c71fc1f02a67a9,12144,200,queryOrdersForRefresh,no_parent
1650485676,ts-verification-code-service,c554b35195fcbd18,,c554b35195fcbd18,2766,200,imageCode,no_parent
1650485736,ts-security-service,bc7ba4acdc02c73b,9af7b64c085038d6,776504cf5b0c603,4655,200,GET,ts-security-service
1650485736,ts-security-service,9af7b64c085038d6,6a6cabbc95f96d39,776504cf5b0c603,14162,200,check,ts-preserve-service
1650485736,ts-contacts-service,ce6fb64ef4a48c28,4bdc2c8c16034f9d,776504cf5b0c603,2490,200,getContactsByContactsId,ts-preserve-service
1650485736,ts-order-service,3c660140b07b8d4e,1f617ac614b07f46,776504cf5b0c603,3567,200,securityInfoCheck,ts-security-service
1650485736,ts-preserve-service,776504cf5b0c603,,776504cf5b0c603,22236,200,preserve,no_parent
1650485736,ts-security-service,1f617ac614b07f46,9af7b64c085038d6,776504cf5b0c603,4905,200,GET,ts-security-service
1650485736,ts-order-other-service,faf79ae0d7dc0c82,bc7ba4acdc02c73b,776504cf5b0c603,3346,200,securityInfoCheck,ts-security-service
1650485736,ts-preserve-service,6a6cabbc95f96d39,776504cf5b0c603,776504cf5b0c603,15830,200,GET,ts-preserve-service
1650485736,ts-preserve-service,4bdc2c8c16034f9d,776504cf5b0c603,776504cf5b0c603,3678,200,GET,ts-preserve-service
1650485736,ts-auth-service,b8958cb3e931f315,5f92fb43b69865fa,5f92fb43b69865fa,3383,200,GET,ts-auth-service
1650485736,ts-auth-service,5f92fb43b69865fa,,5f92fb43b69865fa,113281,200,getToken,no_parent
1650485736,ts-basic-service,da6a12bd767b38cd,2272f74898dd4374,a2d4fedabff6c79b,5882,200,queryForStationId,ts-ticketinfo-service
1650485736,ts-basic-service,40b27c5eb0d1a32a,5bee51b1bf6473aa,a2d4fedabff6c79b,4674,200,queryForStationId,ts-ticketinfo-service
1650485736,ts-route-service,55d9b87ba53a21d8,1b92c601097b0c84,a2d4fedabff6c79b,2026,200,queryById,ts-travel-service
1650485736,ts-verification-code-service,4c4fa37c6415f95,b8958cb3e931f315,5f92fb43b69865fa,1682,200,verifyCode,ts-auth-service
1650485736,ts-route-service,448007ee8d07aff5,a299cdf386b92954,a2d4fedabff6c79b,2711,200,queryById,ts-travel-service
1650485736,ts-basic-service,d1e2944d41fbe71,40b27c5eb0d1a32a,a2d4fedabff6c79b,2731,200,GET,ts-basic-service
1650485736,ts-ticketinfo-service,5bee51b1bf6473aa,9728329b8a7784d6,a2d4fedabff6c79b,5431,200,GET,ts-ticketinfo-service
1650485736,ts-ticketinfo-service,9728329b8a7784d6,8fcfcf6101572d4c,a2d4fedabff6c79b,7356,200,queryForStationId,ts-travel-service
1650485736,ts-ticketinfo-service,2c018e40e463b65e,9b6748e4e1549382,a2d4fedabff6c79b,9309,200,queryForStationId,ts-travel-service
1650485736,ts-ticketinfo-service,2272f74898dd4374,2c018e40e463b65e,a2d4fedabff6c79b,7004,200,GET,ts-ticketinfo-service
1650485736,ts-basic-service,eea66e92cb704f92,da6a12bd767b38cd,a2d4fedabff6c79b,3464,200,GET,ts-basic-service
1650485736,ts-travel-service,8f0d0fdff799150b,a2d4fedabff6c79b,a2d4fedabff6c79b,2295,200,GET,ts-travel-service
1650485736,ts-travel-service,a299cdf386b92954,a2d4fedabff6c79b,a2d4fedabff6c79b,3889,200,GET,ts-travel-service
1650485736,ts-travel-service,a6daf3ea53e90860,a2d4fedabff6c79b,a2d4fedabff6c79b,2989,200,GET,ts-travel-service
1650485736,ts-travel-service,1b92c601097b0c84,a2d4fedabff6c79b,a2d4fedabff6c79b,2207,200,GET,ts-travel-service
1650485736,ts-travel-service,9b6748e4e1549382,a2d4fedabff6c79b,a2d4fedabff6c79b,10830,200,GET,ts-travel-service
1650485736,ts-travel-service,8fcfcf6101572d4c,a2d4fedabff6c79b,a2d4fedabff6c79b,7812,200,GET,ts-travel-service
1650485736,ts-travel-service,a2d4fedabff6c79b,,a2d4fedabff6c79b,43052,200,queryInfo,no_parent
1650485736,ts-travel-service,5b12e9196f0f7842,a2d4fedabff6c79b,a2d4fedabff6c79b,2216,200,GET,ts-travel-service
1650485736,ts-route-service,218f45def875261b,a6daf3ea53e90860,a2d4fedabff6c79b,2510,200,queryById,ts-travel-service
1650485736,ts-route-service,adc0e121a1243397,5b12e9196f0f7842,a2d4fedabff6c79b,2109,200,queryById,ts-travel-service
1650485736,ts-station-service,181c831cf4c2c40b,d1e2944d41fbe71,a2d4fedabff6c79b,1979,200,queryForStationId,ts-basic-service
1650485736,ts-station-service,94fc0399faf3caf7,eea66e92cb704f92,a2d4fedabff6c79b,2316,200,queryForStationId,ts-basic-service
1650485736,ts-route-service,eea950f8f0537ebf,8f0d0fdff799150b,a2d4fedabff6c79b,2161,200,queryById,ts-travel-service
1650485736,ts-order-service,21cd2108ee28739c,,21cd2108ee28739c,12729,200,queryOrdersForRefresh,no_parent
1650485736,ts-order-service,c81f19f9a18111fb,21cd2108ee28739c,21cd2108ee28739c,9321,200,POST,ts-order-service
1650485736,ts-contacts-service,5ae399f06dd13f9f,,5ae399f06dd13f9f,3083,200,findContactsByAccountId,no_parent
1650485736,ts-verification-code-service,be29cd10a9be87c4,,be29cd10a9be87c4,2832,200,imageCode,no_parent
1650485736,ts-station-service,4cbeb668685a4b2c,c81f19f9a18111fb,21cd2108ee28739c,7837,200,queryForNameBatch,ts-order-service
1650485736,ts-assurance-service,a0d5740069b56d18,,a0d5740069b56d18,1596,200,getAllAssuranceType,no_parent
1650485796,ts-order-other-service,659a54cc6b189da5,435c1c2174477f7d,8e65537a611996bd,3198,200,securityInfoCheck,ts-security-service
1650485796,ts-contacts-service,ff1db38264b6b402,6d550e4b4008ce32,8e65537a611996bd,2291,200,getContactsByContactsId,ts-preserve-service
1650485796,ts-auth-service,b861cf8bd6359523,c372ce4eec02c029,c372ce4eec02c029,3596,200,GET,ts-auth-service
1650485796,ts-auth-service,c372ce4eec02c029,,c372ce4eec02c029,118812,200,getToken,no_parent
1650485796,ts-order-service,a341e14095f6692a,e6d76af9cb6c04b,8e65537a611996bd,3548,200,securityInfoCheck,ts-security-service
1650485796,ts-security-service,435c1c2174477f7d,721e31dfd8c8243e,8e65537a611996bd,4480,200,GET,ts-security-service
1650485796,ts-preserve-service,6d550e4b4008ce32,8e65537a611996bd,8e65537a611996bd,3504,200,GET,ts-preserve-service
1650485796,ts-preserve-service,8e65537a611996bd,,8e65537a611996bd,21768,200,preserve,no_parent
1650485796,ts-order-service,c090d0aee869bf42,a7fd8842d81c974e,a7fd8842d81c974e,9293,200,POST,ts-order-service
1650485796,ts-security-service,e6d76af9cb6c04b,721e31dfd8c8243e,8e65537a611996bd,4915,200,GET,ts-security-service
1650485796,ts-preserve-service,99568d2a186b0f0c,8e65537a611996bd,8e65537a611996bd,15494,200,GET,ts-preserve-service
1650485796,ts-station-service,eb0a989d497d13d0,c090d0aee869bf42,a7fd8842d81c974e,7693,200,queryForNameBatch,ts-order-service
1650485796,ts-order-service,a7fd8842d81c974e,,a7fd8842d81c974e,12347,200,queryOrdersForRefresh,no_parent
1650485796,ts-security-service,721e31dfd8c8243e,99568d2a186b0f0c,8e65537a611996bd,13884,200,check,ts-preserve-service
1650485796,ts-contacts-service,4bd03b588805a76d,,4bd03b588805a76d,3086,200,findContactsByAccountId,no_parent
1650485796,ts-verification-code-service,a5a60a254fec02b4,b861cf8bd6359523,c372ce4eec02c029,1707,200,verifyCode,ts-auth-service
1650485796,ts-verification-code-service,9d76132f7369cf44,,9d76132f7369cf44,2750,200,imageCode,no_parent
1650485797,ts-route-service,e8afb75942a8ee0a,6796f62a2df47c4b,c878126458e5a52e,2021,200,queryById,ts-travel-service
1650485797,ts-ticketinfo-service,d51c2336109ccd9,c793c7ead7df42ad,c878126458e5a52e,5090,200,GET,ts-ticketinfo-service
1650485797,ts-ticketinfo-service,811d530dfde007f2,222a0e3178152a2e,c878126458e5a52e,8403,200,queryForStationId,ts-travel-service
1650485797,ts-travel-service,1e2a557846e6aa65,c878126458e5a52e,c878126458e5a52e,2258,200,GET,ts-travel-service
1650485797,ts-travel-service,ebbb50dd447ca1a0,c878126458e5a52e,c878126458e5a52e,2312,200,GET,ts-travel-service
1650485797,ts-route-service,3f2b73d9473191e2,ebbb50dd447ca1a0,c878126458e5a52e,2183,200,queryById,ts-travel-service
1650485797,ts-travel-service,d4d05073e40ed447,c878126458e5a52e,c878126458e5a52e,7173,200,GET,ts-travel-service
1650485797,ts-basic-service,c3925f5373ca14e9,747d0f36f0feb74c,c878126458e5a52e,5514,200,queryForStationId,ts-ticketinfo-service
1650485797,ts-travel-service,b59a7f7dd0f04d7d,c878126458e5a52e,c878126458e5a52e,3653,200,GET,ts-travel-service
1650485797,ts-travel-service,53ba6bf5d1045a89,c878126458e5a52e,c878126458e5a52e,1972,200,GET,ts-travel-service
1650485797,ts-travel-service,c878126458e5a52e,,c878126458e5a52e,39481,200,queryInfo,no_parent
1650485797,ts-station-service,2ff8f19839ffe0e7,2ddbd020e723d0be,c878126458e5a52e,2297,200,queryForStationId,ts-basic-service
1650485797,ts-station-service,e4a52fdb9af8aafc,7898cf79a6c865f5,c878126458e5a52e,1890,200,queryForStationId,ts-basic-service
1650485797,ts-travel-service,222a0e3178152a2e,c878126458e5a52e,c878126458e5a52e,9970,200,GET,ts-travel-service
1650485797,ts-basic-service,a05669cbe9a9cb29,d51c2336109ccd9,c878126458e5a52e,4367,200,queryForStationId,ts-ticketinfo-service
1650485797,ts-assurance-service,7203775dbc2d2ea8,,7203775dbc2d2ea8,1497,200,getAllAssuranceType,no_parent
1650485797,ts-travel-service,6796f62a2df47c4b,c878126458e5a52e,c878126458e5a52e,2441,200,GET,ts-travel-service
1650485797,ts-route-service,85f8721ffb88f35c,b59a7f7dd0f04d7d,c878126458e5a52e,2502,200,queryById,ts-travel-service
1650485797,ts-route-service,b2c1e80b7ba2f80c,1e2a557846e6aa65,c878126458e5a52e,2212,200,queryById,ts-travel-service
1650485797,ts-ticketinfo-service,c793c7ead7df42ad,d4d05073e40ed447,c878126458e5a52e,6785,200,queryForStationId,ts-travel-service
1650485797,ts-ticketinfo-service,747d0f36f0feb74c,811d530dfde007f2,c878126458e5a52e,6342,200,GET,ts-ticketinfo-service
1650485797,ts-basic-service,2ddbd020e723d0be,c3925f5373ca14e9,c878126458e5a52e,3271,200,GET,ts-basic-service
1650485797,ts-basic-service,7898cf79a6c865f5,a05669cbe9a9cb29,c878126458e5a52e,2527,200,GET,ts-basic-service
1650485797,ts-route-service,9b47d6027b9345fc,53ba6bf5d1045a89,c878126458e5a52e,1866,200,queryById,ts-travel-service
1650485857,ts-ticketinfo-service,77b3b6bf077e7102,57cf28f665c6eaba,fc4e2545d7c2fdc4,13236,200,GET,ts-ticketinfo-service
1650485857,ts-travel-service,fc4e2545d7c2fdc4,,fc4e2545d7c2fdc4,50860,200,queryInfo,no_parent
1650485857,ts-route-service,b3bbb57277ba1652,b467e5a169b1167a,fc4e2545d7c2fdc4,2644,200,queryById,ts-travel-service
1650485857,ts-route-service,9d04d1c73a7f78df,85a448deb48c913e,fc4e2545d7c2fdc4,2123,200,queryById,ts-travel-service
1650485857,ts-ticketinfo-service,57cf28f665c6eaba,863d95fdae91d32a,fc4e2545d7c2fdc4,15329,200,queryForStationId,ts-travel-service
1650485857,ts-ticketinfo-service,a6d94664e0a42ee3,f26b76fdd826d82a,fc4e2545d7c2fdc4,6989,200,GET,ts-ticketinfo-service
1650485857,ts-basic-service,d5ed38105e535dc7,9910e6186256a050,fc4e2545d7c2fdc4,3452,200,GET,ts-basic-service
1650485857,ts-order-other-service,50d1bd22abb69f1c,9080a3578c37d675,1fa351f9a4d348bc,3155,200,securityInfoCheck,ts-security-service
1650485857,ts-station-service,246de486a492fc6e,d26130388e9ec10e,fc4e2545d7c2fdc4,9624,200,queryForStationId,ts-basic-service
1650485857,ts-verification-code-service,c442c7eac42abf97,1b1bc46573e289b6,d236e0266fc91e5e,1867,200,verifyCode,ts-auth-service
1650485857,ts-route-service,f7c0f29baff4077a,ff5c4ceea79be074,fc4e2545d7c2fdc4,2045,200,queryById,ts-travel-service
1650485857,ts-route-service,f21ae76aa692a3ae,192a59c8acc9e0f0,fc4e2545d7c2fdc4,2212,200,queryById,ts-travel-service
1650485857,ts-route-service,7f675d75772fa146,b28edf2426d01721,fc4e2545d7c2fdc4,2145,200,queryById,ts-travel-service
1650485857,ts-ticketinfo-service,f26b76fdd826d82a,ccd1187e38a2c30,fc4e2545d7c2fdc4,9314,200,queryForStationId,ts-travel-service
1650485857,ts-basic-service,b6dcb188a0b9db7e,77b3b6bf077e7102,fc4e2545d7c2fdc4,12533,200,queryForStationId,ts-ticketinfo-service
1650485857,ts-preserve-service,1fa351f9a4d348bc,,1fa351f9a4d348bc,21917,200,preserve,no_parent
1650485857,ts-preserve-service,1d97e19cbd1b6358,1fa351f9a4d348bc,1fa351f9a4d348bc,15492,200,GET,ts-preserve-service
1650485857,ts-travel-service,ccd1187e38a2c30,fc4e2545d7c2fdc4,fc4e2545d7c2fdc4,11083,200,GET,ts-travel-service
1650485857,ts-travel-service,ff5c4ceea79be074,fc4e2545d7c2fdc4,fc4e2545d7c2fdc4,2484,200,GET,ts-travel-service
1650485857,ts-basic-service,d26130388e9ec10e,b6dcb188a0b9db7e,fc4e2545d7c2fdc4,10440,200,GET,ts-basic-service
1650485857,ts-travel-service,85a448deb48c913e,fc4e2545d7c2fdc4,fc4e2545d7c2fdc4,2283,200,GET,ts-travel-service
1650485857,ts-travel-service,863d95fdae91d32a,fc4e2545d7c2fdc4,fc4e2545d7c2fdc4,15760,200,GET,ts-travel-service
1650485857,ts-security-service,e0d28af0be952a57,1d97e19cbd1b6358,1fa351f9a4d348bc,13918,200,check,ts-preserve-service
1650485857,ts-contacts-service,8208f2ac519a2cfa,,8208f2ac519a2cfa,3277,200,findContactsByAccountId,no_parent
1650485857,ts-security-service,9080a3578c37d675,e0d28af0be952a57,1fa351f9a4d348bc,4506,200,GET,ts-security-service
1650485857,ts-travel-service,b467e5a169b1167a,fc4e2545d7c2fdc4,fc4e2545d7c2fdc4,3972,200,GET,ts-travel-service
1650485857,ts-basic-service,9910e6186256a050,a6d94664e0a42ee3,fc4e2545d7c2fdc4,5950,200,queryForStationId,ts-ticketinfo-service
1650485857,ts-station-service,6133c4488fe38c9c,d5ed38105e535dc7,fc4e2545d7c2fdc4,2392,200,queryForStationId,ts-basic-service
1650485857,ts-travel-service,192a59c8acc9e0f0,fc4e2545d7c2fdc4,fc4e2545d7c2fdc4,2430,200,GET,ts-travel-service
1650485857,ts-auth-service,1b1bc46573e289b6,d236e0266fc91e5e,d236e0266fc91e5e,3661,200,GET,ts-auth-service
1650485857,ts-verification-code-service,b725eb6505fb1ad0,,b725eb6505fb1ad0,2715,200,imageCode,no_parent
1650485857,ts-station-service,feac8f8fb7ad21aa,465fd68ebc193be,618bee8fe3b00c1f,7929,200,queryForNameBatch,ts-order-service
1650485857,ts-security-service,2649c17adbe618c7,e0d28af0be952a57,1fa351f9a4d348bc,4898,200,GET,ts-security-service
1650485857,ts-contacts-service,9bf7b32c0296a639,29e10cc71e92e379,1fa351f9a4d348bc,2111,200,getContactsByContactsId,ts-preserve-service
1650485857,ts-travel-service,b28edf2426d01721,fc4e2545d7c2fdc4,fc4e2545d7c2fdc4,2317,200,GET,ts-travel-service
1650485857,ts-auth-service,d236e0266fc91e5e,,d236e0266fc91e5e,113626,200,getToken,no_parent
1650485857,ts-order-service,f326a039739c756,2649c17adbe618c7,1fa351f9a4d348bc,3542,200,securityInfoCheck,ts-security-service
1650485857,ts-preserve-service,29e10cc71e92e379,1fa351f9a4d348bc,1fa351f9a4d348bc,3422,200,GET,ts-preserve-service
1650485857,ts-assurance-service,4965ec26654dc52c,,4965ec26654dc52c,1628,200,getAllAssuranceType,no_parent
1650485857,ts-order-service,465fd68ebc193be,618bee8fe3b00c1f,618bee8fe3b00c1f,9442,200,POST,ts-order-service
1650485857,ts-order-service,618bee8fe3b00c1f,,618bee8fe3b00c1f,12580,200,queryOrdersForRefresh,no_parent
1650485917,ts-ticketinfo-service,e66c5ee8d2e0e534,583d568c790555a7,d0fda0ff02c3db1a,7210,200,GET,ts-ticketinfo-service
1650485917,ts-security-service,7285a0b26f194b8d,765031e2fb0ef6f0,f58ae465c266363a,4515,200,GET,ts-security-service
1650485917,ts-order-service,516cd99f3cb915d2,ad028bf44b746876,f58ae465c266363a,9993,200,securityInfoCheck,ts-security-service
1650485917,ts-ticketinfo-service,f36dbb75d435a78a,d3ce3db0ec324cb6,d0fda0ff02c3db1a,5490,200,GET,ts-ticketinfo-service
1650485917,ts-ticketinfo-service,583d568c790555a7,f5b7e747ff6855aa,d0fda0ff02c3db1a,9479,200,queryForStationId,ts-travel-service
1650485917,ts-ticketinfo-service,d3ce3db0ec324cb6,7fef99ade3112aee,d0fda0ff02c3db1a,7463,200,queryForStationId,ts-travel-service
1650485917,ts-basic-service,18ed0151c60898b3,d812a61a25f9563a,d0fda0ff02c3db1a,3499,200,GET,ts-basic-service
1650485917,ts-basic-service,b61da89ed89fcb28,4cfedf76ea14fb07,d0fda0ff02c3db1a,2762,200,GET,ts-basic-service
1650485917,ts-basic-service,4cfedf76ea14fb07,f36dbb75d435a78a,d0fda0ff02c3db1a,4757,200,queryForStationId,ts-ticketinfo-service
1650485917,ts-order-other-service,6109436e252371b4,7285a0b26f194b8d,f58ae465c266363a,3139,200,securityInfoCheck,ts-security-service
1650485917,ts-preserve-service,f58ae465c266363a,,f58ae465c266363a,28615,200,preserve,no_parent
1650485917,ts-preserve-service,dd9b260c09907c24,f58ae465c266363a,f58ae465c266363a,22048,200,GET,ts-preserve-service
1650485917,ts-travel-service,7fef99ade3112aee,d0fda0ff02c3db1a,d0fda0ff02c3db1a,7984,200,GET,ts-travel-service
1650485917,ts-preserve-service,c9b603f4957769ce,f58ae465c266363a,f58ae465c266363a,3674,200,GET,ts-preserve-service
1650485917,ts-security-service,ad028bf44b746876,765031e2fb0ef6f0,f58ae465c266363a,4920,200,GET,ts-security-service
1650485917,ts-auth-service,bee57b5f5696e75f,,bee57b5f5696e75f,113582,200,getToken,no_parent
1650485917,ts-verification-code-service,c97454600554b188,136fabc71227d5f5,bee57b5f5696e75f,1746,200,verifyCode,ts-auth-service
1650485917,ts-auth-service,136fabc71227d5f5,bee57b5f5696e75f,bee57b5f5696e75f,3545,200,GET,ts-auth-service
1650485917,ts-travel-service,dd7959587814e096,d0fda0ff02c3db1a,d0fda0ff02c3db1a,2662,200,GET,ts-travel-service
1650485917,ts-contacts-service,ee98e823d46b4087,c9b603f4957769ce,f58ae465c266363a,2466,200,getContactsByContactsId,ts-preserve-service
1650485917,ts-station-service,e2181e4a8951137c,18ed0151c60898b3,d0fda0ff02c3db1a,2374,200,queryForStationId,ts-basic-service
1650485917,ts-station-service,5924600ff3734e16,b61da89ed89fcb28,d0fda0ff02c3db1a,2090,200,queryForStationId,ts-basic-service
1650485917,ts-travel-service,f5b7e747ff6855aa,d0fda0ff02c3db1a,d0fda0ff02c3db1a,11070,200,GET,ts-travel-service
1650485917,ts-order-service,48b2f4534ac44512,,48b2f4534ac44512,12095,200,queryOrdersForRefresh,no_parent
1650485917,ts-travel-service,d0fda0ff02c3db1a,,d0fda0ff02c3db1a,43558,200,queryInfo,no_parent
1650485917,ts-order-service,3490f5248c42b594,48b2f4534ac44512,48b2f4534ac44512,9358,200,POST,ts-order-service
1650485917,ts-security-service,765031e2fb0ef6f0,dd9b260c09907c24,f58ae465c266363a,20394,200,check,ts-preserve-service
1650485917,ts-travel-service,e752015cedc88715,d0fda0ff02c3db1a,d0fda0ff02c3db1a,2243,200,GET,ts-travel-service
1650485917,ts-travel-service,f5a075916941b3df,d0fda0ff02c3db1a,d0fda0ff02c3db1a,2304,200,GET,ts-travel-service
1650485917,ts-travel-service,3f4eff41d7697b10,d0fda0ff02c3db1a,d0fda0ff02c3db1a,3962,200,GET,ts-travel-service
1650485917,ts-travel-service,2067d39c0561dae5,d0fda0ff02c3db1a,d0fda0ff02c3db1a,2566,200,GET,ts-travel-service
1650485917,ts-route-service,b2a7521ec11535f1,3f4eff41d7697b10,d0fda0ff02c3db1a,2608,200,queryById,ts-travel-service
1650485917,ts-route-service,b9f4a3d72f7ddb3b,2067d39c0561dae5,d0fda0ff02c3db1a,2424,200,queryById,ts-travel-service
1650485917,ts-route-service,2a64ffb116f6f8a3,e752015cedc88715,d0fda0ff02c3db1a,2097,200,queryById,ts-travel-service
1650485917,ts-route-service,76e5f9ae4c63514a,f5a075916941b3df,d0fda0ff02c3db1a,2125,200,queryById,ts-travel-service
1650485917,ts-route-service,1d755a06f5a829d6,dd7959587814e096,d0fda0ff02c3db1a,2200,200,queryById,ts-travel-service
1650485917,ts-basic-service,d812a61a25f9563a,e66c5ee8d2e0e534,d0fda0ff02c3db1a,5967,200,queryForStationId,ts-ticketinfo-service
1650485917,ts-assurance-service,24be8670db01ebc5,,24be8670db01ebc5,1648,200,getAllAssuranceType,no_parent
1650485917,ts-verification-code-service,9658c174d9990386,,9658c174d9990386,2680,200,imageCode,no_parent
1650485917,ts-station-service,8b6f1fe066d796fc,3490f5248c42b594,48b2f4534ac44512,7984,200,queryForNameBatch,ts-order-service
1650485917,ts-contacts-service,f173e271e897a586,,f173e271e897a586,3104,200,findContactsByAccountId,no_parent
1650485977,ts-order-service,f404312b676914ba,c8cf3796c2cac3fb,a4f7968c3ce10fd4,3531,200,securityInfoCheck,ts-security-service
1650485977,ts-preserve-service,121733ae2a0188a2,a4f7968c3ce10fd4,a4f7968c3ce10fd4,15575,200,GET,ts-preserve-service
1650485977,ts-preserve-service,d8cb90f5d005559c,a4f7968c3ce10fd4,a4f7968c3ce10fd4,3483,200,GET,ts-preserve-service
1650485977,ts-preserve-service,a4f7968c3ce10fd4,,a4f7968c3ce10fd4,31916,200,preserve,no_parent
1650485977,ts-security-service,6dcd30ef9909cd3f,121733ae2a0188a2,a4f7968c3ce10fd4,14034,200,check,ts-preserve-service
1650485977,ts-travel-service,a307bfc542eccdad,2928937fd9d26056,2928937fd9d26056,10618,200,GET,ts-travel-service
1650485977,ts-travel-service,d00ec8ae5444a0e7,2928937fd9d26056,2928937fd9d26056,2999,200,GET,ts-travel-service
1650485977,ts-travel-service,bd7606345f9fc0df,2928937fd9d26056,2928937fd9d26056,2265,200,GET,ts-travel-service
1650485977,ts-ticketinfo-service,15cab1879fa879aa,4a02b4a3d00d0131,2928937fd9d26056,5390,200,GET,ts-ticketinfo-service
1650485977,ts-ticketinfo-service,4a02b4a3d00d0131,b852481509521731,2928937fd9d26056,7374,200,queryForStationId,ts-travel-service
1650485977,ts-travel-service,b852481509521731,2928937fd9d26056,2928937fd9d26056,7861,200,GET,ts-travel-service
1650485977,ts-travel-service,3701303948650680,2928937fd9d26056,2928937fd9d26056,2312,200,GET,ts-travel-service
1650485977,ts-travel-service,2928937fd9d26056,,2928937fd9d26056,51439,200,queryInfo,no_parent
1650485977,ts-route-service,7eb0d7e81a0625d1,4f6ba1cd131b1eb0,2928937fd9d26056,2747,200,queryById,ts-travel-service
1650485977,ts-route-service,1faad232b16399a2,a307bfc542eccdad,2928937fd9d26056,10616,200,queryById,ts-travel-service
1650485977,ts-basic-service,b7744dfe7da1891f,c466724dd23c9dd3,2928937fd9d26056,3431,200,GET,ts-basic-service
1650485977,ts-basic-service,eac84113bf34a222,b07f5b93cdc46140,2928937fd9d26056,2717,200,GET,ts-basic-service
1650485977,ts-route-service,921ce0205f0a1344,bd7606345f9fc0df,2928937fd9d26056,2145,200,queryById,ts-travel-service
1650485977,ts-basic-service,b07f5b93cdc46140,15cab1879fa879aa,2928937fd9d26056,4718,200,queryForStationId,ts-ticketinfo-service
1650485977,ts-station-service,79bab0ca794009f9,eac84113bf34a222,2928937fd9d26056,2088,200,queryForStationId,ts-basic-service
1650485977,ts-ticketinfo-service,2c0bbbc74ef175dd,3bf0959c06a63727,2928937fd9d26056,7022,200,GET,ts-ticketinfo-service
1650485977,ts-travel-service,24d2b4c17f36a660,2928937fd9d26056,2928937fd9d26056,10899,200,GET,ts-travel-service
1650485977,ts-contacts-service,39329ecb3f298d5,,39329ecb3f298d5,3058,200,findContactsByAccountId,no_parent
1650485977,ts-route-service,960fd93a2e206cc1,d00ec8ae5444a0e7,2928937fd9d26056,2607,200,queryById,ts-travel-service
1650485977,ts-route-service,93882ac913ee0207,3701303948650680,2928937fd9d26056,2194,200,queryById,ts-travel-service
1650485977,ts-ticketinfo-service,3bf0959c06a63727,24d2b4c17f36a660,2928937fd9d26056,9270,200,queryForStationId,ts-travel-service
1650485977,ts-station-service,a6f4f506fc6e3aa4,b7744dfe7da1891f,2928937fd9d26056,2270,200,queryForStationId,ts-basic-service
1650485977,ts-travel-service,4f6ba1cd131b1eb0,2928937fd9d26056,2928937fd9d26056,4507,200,GET,ts-travel-service
1650485977,ts-basic-service,c466724dd23c9dd3,2c0bbbc74ef175dd,2928937fd9d26056,5855,200,queryForStationId,ts-ticketinfo-service
1650485977,ts-order-service,97a404e2f338d0d1,394ef96aeb088cc6,394ef96aeb088cc6,8537,200,POST,ts-order-service
1650485977,ts-order-service,394ef96aeb088cc6,,394ef96aeb088cc6,11653,200,queryOrdersForRefresh,no_parent
1650485977,ts-station-service,bb20df623619b596,97a404e2f338d0d1,394ef96aeb088cc6,7003,200,queryForNameBatch,ts-order-service
1650485977,ts-security-service,5b9c073f32f05cd2,6dcd30ef9909cd3f,a4f7968c3ce10fd4,4581,200,GET,ts-security-service
1650485977,ts-order-other-service,d608906ddf196b37,5b9c073f32f05cd2,a4f7968c3ce10fd4,3206,200,securityInfoCheck,ts-security-service
1650485977,ts-security-service,c8cf3796c2cac3fb,6dcd30ef9909cd3f,a4f7968c3ce10fd4,4982,200,GET,ts-security-service
1650485977,ts-contacts-service,ed3a87ade5260d21,d8cb90f5d005559c,a4f7968c3ce10fd4,2174,200,getContactsByContactsId,ts-preserve-service
1650485977,ts-assurance-service,9c2b55fb2183a9a4,,9c2b55fb2183a9a4,1624,200,getAllAssuranceType,no_parent
1650485977,ts-verification-code-service,b517d85d02b0f5b1,,b517d85d02b0f5b1,2653,200,imageCode,no_parent
1650485977,ts-auth-service,ba96cf4ad177e7aa,f9d2c8483da328bc,f9d2c8483da328bc,3252,200,GET,ts-auth-service
1650485977,ts-verification-code-service,8bd558b7fb226975,ba96cf4ad177e7aa,f9d2c8483da328bc,1277,200,verifyCode,ts-auth-service
1650485977,ts-auth-service,f9d2c8483da328bc,,f9d2c8483da328bc,117542,200,getToken,no_parent
1650486037,ts-contacts-service,99bff3aa2734fa16,,99bff3aa2734fa16,3157,200,findContactsByAccountId,no_parent
1650486038,ts-preserve-service,b7974ad2ea1fec44,b761f0068c7341b4,b761f0068c7341b4,3397,200,GET,ts-preserve-service
1650486038,ts-order-other-service,2e5c0226b558706c,337edcda70c1a5c6,b761f0068c7341b4,3588,200,securityInfoCheck,ts-security-service
1650486038,ts-preserve-service,b761f0068c7341b4,,b761f0068c7341b4,22716,200,preserve,no_parent
1650486038,ts-preserve-service,4bf87e6bd5c4f9af,b761f0068c7341b4,b761f0068c7341b4,16444,200,GET,ts-preserve-service
1650486038,ts-order-service,a2c90c55fdf72b9,aceeb9de8b9f91e4,b761f0068c7341b4,4093,200,securityInfoCheck,ts-security-service
1650486038,ts-contacts-service,a40ce875d606b36,b7974ad2ea1fec44,b761f0068c7341b4,2432,200,getContactsByContactsId,ts-preserve-service
1650486038,ts-security-service,9d81011ae047cca4,4bf87e6bd5c4f9af,b761f0068c7341b4,14438,200,check,ts-preserve-service
1650486038,ts-security-service,337edcda70c1a5c6,9d81011ae047cca4,b761f0068c7341b4,4769,200,GET,ts-security-service
1650486038,ts-basic-service,8f325cda7d69e31c,37a6ec5f35dc41df,d4c7bda264b3d78c,3372,200,GET,ts-basic-service
1650486038,ts-security-service,aceeb9de8b9f91e4,9d81011ae047cca4,b761f0068c7341b4,5479,200,GET,ts-security-service
1650486038,ts-travel-service,4505117324cde953,d4c7bda264b3d78c,d4c7bda264b3d78c,1797,200,GET,ts-travel-service
1650486038,ts-route-service,190379a19b859ec8,49564994766779f8,d4c7bda264b3d78c,5884,200,queryById,ts-travel-service
1650486038,ts-auth-service,5a797b7a5429100a,e4b380354e7d2de0,e4b380354e7d2de0,3529,200,GET,ts-auth-service
1650486038,ts-auth-service,e4b380354e7d2de0,,e4b380354e7d2de0,116405,200,getToken,no_parent
1650486038,ts-verification-code-service,ebf550dbb4239d43,5a797b7a5429100a,e4b380354e7d2de0,1704,200,verifyCode,ts-auth-service
1650486038,ts-route-service,5f3be5ad7a628d75,85b82c24ad8a0216,d4c7bda264b3d78c,2259,200,queryById,ts-travel-service
1650486038,ts-route-service,a3dc3f075eda2a4b,9d64ff1ee838253e,d4c7bda264b3d78c,1721,200,queryById,ts-travel-service
1650486038,ts-basic-service,2b78bb0f475c869a,62db3355485f1a89,d4c7bda264b3d78c,2806,200,GET,ts-basic-service
1650486038,ts-station-service,c4db3f47348e46c3,3448a93079b33064,74b652eeaf07f671,7169,200,queryForNameBatch,ts-order-service
1650486038,ts-travel-service,9d1567f566e587b,d4c7bda264b3d78c,d4c7bda264b3d78c,10471,200,GET,ts-travel-service
1650486038,ts-travel-service,49564994766779f8,d4c7bda264b3d78c,d4c7bda264b3d78c,7567,200,GET,ts-travel-service
1650486038,ts-travel-service,85b82c24ad8a0216,d4c7bda264b3d78c,d4c7bda264b3d78c,3029,200,GET,ts-travel-service
1650486038,ts-travel-service,d40a6ba0ba6e9b8f,d4c7bda264b3d78c,d4c7bda264b3d78c,8198,200,GET,ts-travel-service
1650486038,ts-travel-service,d4c7bda264b3d78c,,d4c7bda264b3d78c,56948,200,queryInfo,no_parent
1650486038,ts-route-service,fce18eb7624196e1,259ab626f2a2b4c3,d4c7bda264b3d78c,2181,200,queryById,ts-travel-service
1650486038,ts-route-service,2d73330b2018080d,4505117324cde953,d4c7bda264b3d78c,1706,200,queryById,ts-travel-service
1650486038,ts-ticketinfo-service,9d752a71b7fad274,1745da63997d47c,d4c7bda264b3d78c,7067,200,GET,ts-ticketinfo-service
1650486038,ts-ticketinfo-service,8a3c13224e36cb2,d40a6ba0ba6e9b8f,d4c7bda264b3d78c,7755,200,queryForStationId,ts-travel-service
1650486038,ts-order-service,74b652eeaf07f671,,74b652eeaf07f671,11942,200,queryOrdersForRefresh,no_parent
1650486038,ts-order-service,3448a93079b33064,74b652eeaf07f671,74b652eeaf07f671,8562,200,POST,ts-order-service
1650486038,ts-travel-service,9d64ff1ee838253e,d4c7bda264b3d78c,d4c7bda264b3d78c,1853,200,GET,ts-travel-service
1650486038,ts-travel-service,259ab626f2a2b4c3,d4c7bda264b3d78c,d4c7bda264b3d78c,2320,200,GET,ts-travel-service
1650486038,ts-ticketinfo-service,1745da63997d47c,9d1567f566e587b,d4c7bda264b3d78c,9308,200,queryForStationId,ts-travel-service
1650486038,ts-ticketinfo-service,3f7288eb8e63d14a,8a3c13224e36cb2,d4c7bda264b3d78c,5754,200,GET,ts-ticketinfo-service
1650486038,ts-basic-service,37a6ec5f35dc41df,9d752a71b7fad274,d4c7bda264b3d78c,5854,200,queryForStationId,ts-ticketinfo-service
1650486038,ts-basic-service,62db3355485f1a89,3f7288eb8e63d14a,d4c7bda264b3d78c,5052,200,queryForStationId,ts-ticketinfo-service
1650486038,ts-station-service,306cc0cb058b92bf,8f325cda7d69e31c,d4c7bda264b3d78c,2308,200,queryForStationId,ts-basic-service
1650486038,ts-station-service,ce963f2dd6cbaabb,2b78bb0f475c869a,d4c7bda264b3d78c,2060,200,queryForStationId,ts-basic-service
1650486038,ts-assurance-service,c05d28fde5b0f0f,,c05d28fde5b0f0f,1605,200,getAllAssuranceType,no_parent
1650486038,ts-verification-code-service,793aa169a7980874,,793aa169a7980874,2429,200,imageCode,no_parent
1650486098,ts-basic-service,e15f142cf4fdc77f,1be09bf8ba90d5fd,67a5c8ca6b470b55,4846,200,queryForStationId,ts-ticketinfo-service
1650486098,ts-station-service,c90f2775bed94fc5,83d2ef9a35dd6298,67a5c8ca6b470b55,2355,200,queryForStationId,ts-basic-service
1650486098,ts-station-service,5ebdbc66615798db,875d152c4edd657c,67a5c8ca6b470b55,2177,200,queryForStationId,ts-basic-service
1650486098,ts-travel-service,67a5c8ca6b470b55,,67a5c8ca6b470b55,40608,200,queryInfo,no_parent
1650486098,ts-travel-service,36a7e4a3bc6fac21,67a5c8ca6b470b55,67a5c8ca6b470b55,2169,200,GET,ts-travel-service
1650486098,ts-route-service,ef0d0e5f0182a758,54fa606b7e6d0699,67a5c8ca6b470b55,2699,200,queryById,ts-travel-service
1650486098,ts-route-service,d2aa93a45f453b45,1c2080552dc71ba7,67a5c8ca6b470b55,2141,200,queryById,ts-travel-service
1650486098,ts-ticketinfo-service,ee2a15c74056971b,9bf0a7eb8356ea1c,67a5c8ca6b470b55,9545,200,queryForStationId,ts-travel-service
1650486098,ts-ticketinfo-service,b95a849fd4da1201,ee2a15c74056971b,67a5c8ca6b470b55,7231,200,GET,ts-ticketinfo-service
1650486098,ts-ticketinfo-service,8aced21197afdd1b,d92845e2b30f506a,67a5c8ca6b470b55,7611,200,queryForStationId,ts-travel-service
1650486098,ts-basic-service,83d2ef9a35dd6298,512d0e7b948fa4d3,67a5c8ca6b470b55,3487,200,GET,ts-basic-service
1650486098,ts-travel-service,1c2080552dc71ba7,67a5c8ca6b470b55,67a5c8ca6b470b55,2558,200,GET,ts-travel-service
1650486098,ts-route-service,d479ce893ba6152b,36a7e4a3bc6fac21,67a5c8ca6b470b55,2185,200,queryById,ts-travel-service
1650486098,ts-route-service,d2d67c5045b5f064,81491db0ea9b4de0,67a5c8ca6b470b55,2210,200,queryById,ts-travel-service
1650486098,ts-route-service,3c3fac5103d89572,dad1ccc36eb13be,67a5c8ca6b470b55,1336,200,queryById,ts-travel-service
1650486098,ts-ticketinfo-service,1be09bf8ba90d5fd,8aced21197afdd1b,67a5c8ca6b470b55,5557,200,GET,ts-ticketinfo-service
1650486098,ts-verification-code-service,485370af136995f5,,485370af136995f5,2702,200,imageCode,no_parent
1650486098,ts-travel-service,dad1ccc36eb13be,67a5c8ca6b470b55,67a5c8ca6b470b55,1309,200,GET,ts-travel-service
1650486098,ts-order-service,10b6fc50733597c2,f3617073817f0dd2,e601bc22a3f4f75d,3712,200,securityInfoCheck,ts-security-service
1650486098,ts-preserve-service,e601bc22a3f4f75d,,e601bc22a3f4f75d,22314,200,preserve,no_parent
1650486098,ts-preserve-service,a279ab12b27a09cc,e601bc22a3f4f75d,e601bc22a3f4f75d,3348,200,GET,ts-preserve-service
1650486098,ts-travel-service,81491db0ea9b4de0,67a5c8ca6b470b55,67a5c8ca6b470b55,2203,200,GET,ts-travel-service
1650486098,ts-security-service,ae76468b63ca8b2d,c86cb63c2f0f533f,e601bc22a3f4f75d,14373,200,check,ts-preserve-service
1650486098,ts-basic-service,875d152c4edd657c,e15f142cf4fdc77f,67a5c8ca6b470b55,2857,200,GET,ts-basic-service
1650486098,ts-travel-service,54fa606b7e6d0699,67a5c8ca6b470b55,67a5c8ca6b470b55,4106,200,GET,ts-travel-service
1650486098,ts-basic-service,512d0e7b948fa4d3,b95a849fd4da1201,67a5c8ca6b470b55,5930,200,queryForStationId,ts-ticketinfo-service
1650486098,ts-travel-service,d92845e2b30f506a,67a5c8ca6b470b55,67a5c8ca6b470b55,7988,200,GET,ts-travel-service
1650486098,ts-order-service,9f73b527ef501e4b,,9f73b527ef501e4b,12316,200,queryOrdersForRefresh,no_parent
1650486098,ts-order-service,a3b0c20899331686,9f73b527ef501e4b,9f73b527ef501e4b,9222,200,POST,ts-order-service
1650486098,ts-station-service,59d3258543b934d4,a3b0c20899331686,9f73b527ef501e4b,7714,200,queryForNameBatch,ts-order-service
1650486098,ts-travel-service,9bf0a7eb8356ea1c,67a5c8ca6b470b55,67a5c8ca6b470b55,11088,200,GET,ts-travel-service
1650486098,ts-contacts-service,bb6b100945619dd9,a279ab12b27a09cc,e601bc22a3f4f75d,2109,200,getContactsByContactsId,ts-preserve-service
1650486098,ts-preserve-service,c86cb63c2f0f533f,e601bc22a3f4f75d,e601bc22a3f4f75d,15957,200,GET,ts-preserve-service
1650486098,ts-security-service,9f2db98d0769df87,ae76468b63ca8b2d,e601bc22a3f4f75d,4861,200,GET,ts-security-service
1650486098,ts-contacts-service,edf43ffabdeeb3d1,,edf43ffabdeeb3d1,3093,200,findContactsByAccountId,no_parent
1650486098,ts-security-service,f3617073817f0dd2,ae76468b63ca8b2d,e601bc22a3f4f75d,4831,200,GET,ts-security-service
1650486098,ts-assurance-service,e619855b969396f5,,e619855b969396f5,1664,200,getAllAssuranceType,no_parent
1650486098,ts-order-other-service,bc2724818bb6fc91,9f2db98d0769df87,e601bc22a3f4f75d,3194,200,securityInfoCheck,ts-security-service
1650486098,ts-auth-service,b806e15b911d47c5,,b806e15b911d47c5,112088,200,getToken,no_parent
1650486098,ts-verification-code-service,9c2826bff05b1f8a,32ee6c1926b29642,b806e15b911d47c5,1777,200,verifyCode,ts-auth-service
1650486098,ts-auth-service,32ee6c1926b29642,b806e15b911d47c5,b806e15b911d47c5,3444,200,GET,ts-auth-service
1650486158,ts-preserve-service,6d6bd60e78f073a1,90f771922044feb5,90f771922044feb5,3357,200,GET,ts-preserve-service
1650486158,ts-contacts-service,235c4ac2e6ec0459,6d6bd60e78f073a1,90f771922044feb5,2208,200,getContactsByContactsId,ts-preserve-service
1650486158,ts-preserve-service,e5046522431d66ff,90f771922044feb5,90f771922044feb5,14686,200,GET,ts-preserve-service
1650486158,ts-order-service,5cddbea63bdcbc6d,5f33cfff102699bc,90f771922044feb5,3502,200,securityInfoCheck,ts-security-service
1650486158,ts-basic-service,b1d1028dea6c7007,8c6c3c0199affa3a,3ef8d3d6ff207129,4896,200,queryForStationId,ts-ticketinfo-service
1650486158,ts-basic-service,301965d9a638474c,b1d1028dea6c7007,3ef8d3d6ff207129,2877,200,GET,ts-basic-service
1650486158,ts-security-service,4376a7daac6a5945,e5046522431d66ff,90f771922044feb5,13058,200,check,ts-preserve-service
1650486158,ts-security-service,4245399fea387126,4376a7daac6a5945,90f771922044feb5,3990,200,GET,ts-security-service
1650486158,ts-security-service,5f33cfff102699bc,4376a7daac6a5945,90f771922044feb5,4625,200,GET,ts-security-service
1650486158,ts-order-other-service,35d56cead0bd6377,4245399fea387126,90f771922044feb5,2575,200,securityInfoCheck,ts-security-service
1650486158,ts-station-service,a61e4bf0936ed969,8a502a49d433b79e,3ef8d3d6ff207129,2376,200,queryForStationId,ts-basic-service
1650486158,ts-travel-service,152924adf9b81b0e,3ef8d3d6ff207129,3ef8d3d6ff207129,11667,200,GET,ts-travel-service
1650486158,ts-travel-service,479562bd08a03ff1,3ef8d3d6ff207129,3ef8d3d6ff207129,2475,200,GET,ts-travel-service
1650486158,ts-travel-service,ee3315b225fd57a3,3ef8d3d6ff207129,3ef8d3d6ff207129,2434,200,GET,ts-travel-service
1650486158,ts-travel-service,3d45f091beb51d4a,3ef8d3d6ff207129,3ef8d3d6ff207129,2671,200,GET,ts-travel-service
1650486158,ts-travel-service,8778e7777b1308f8,3ef8d3d6ff207129,3ef8d3d6ff207129,4260,200,GET,ts-travel-service
1650486158,ts-route-service,31660153c9736155,8778e7777b1308f8,3ef8d3d6ff207129,2818,200,queryById,ts-travel-service
1650486158,ts-basic-service,aea15280a85c6856,958d175083786a0c,3ef8d3d6ff207129,5923,200,queryForStationId,ts-ticketinfo-service
1650486158,ts-basic-service,8a502a49d433b79e,aea15280a85c6856,3ef8d3d6ff207129,3467,200,GET,ts-basic-service
1650486158,ts-ticketinfo-service,958d175083786a0c,360fbec6a20fcd85,3ef8d3d6ff207129,7470,200,GET,ts-ticketinfo-service
1650486158,ts-ticketinfo-service,212e094be7d0b189,deabc0a73415875b,3ef8d3d6ff207129,7678,200,queryForStationId,ts-travel-service
1650486158,ts-auth-service,13dfc64c3a75628c,2a1791fb872ceb58,2a1791fb872ceb58,3504,200,GET,ts-auth-service
1650486158,ts-route-service,69da51cfdb72b61d,3d45f091beb51d4a,3ef8d3d6ff207129,2172,200,queryById,ts-travel-service
1650486158,ts-route-service,da0c1880155edd8b,479562bd08a03ff1,3ef8d3d6ff207129,2260,200,queryById,ts-travel-service
1650486158,ts-travel-service,3ef8d3d6ff207129,,3ef8d3d6ff207129,45077,200,queryInfo,no_parent
1650486158,ts-travel-service,953fd5885ca4bd8e,3ef8d3d6ff207129,3ef8d3d6ff207129,2369,200,GET,ts-travel-service
1650486158,ts-station-service,10de321d139a898d,301965d9a638474c,3ef8d3d6ff207129,2135,200,queryForStationId,ts-basic-service
1650486158,ts-travel-service,deabc0a73415875b,3ef8d3d6ff207129,3ef8d3d6ff207129,8113,200,GET,ts-travel-service
1650486158,ts-preserve-service,90f771922044feb5,,90f771922044feb5,21039,200,preserve,no_parent
1650486158,ts-ticketinfo-service,360fbec6a20fcd85,152924adf9b81b0e,3ef8d3d6ff207129,10132,200,queryForStationId,ts-travel-service
1650486158,ts-ticketinfo-service,8c6c3c0199affa3a,212e094be7d0b189,3ef8d3d6ff207129,5655,200,GET,ts-ticketinfo-service
1650486158,ts-route-service,a214d59e3b167462,953fd5885ca4bd8e,3ef8d3d6ff207129,2206,200,queryById,ts-travel-service
1650486158,ts-route-service,650f3940cc761442,ee3315b225fd57a3,3ef8d3d6ff207129,2286,200,queryById,ts-travel-service
1650486158,ts-verification-code-service,f651a0742a977d6b,13dfc64c3a75628c,2a1791fb872ceb58,1765,200,verifyCode,ts-auth-service
1650486158,ts-assurance-service,66b334b7596a5788,,66b334b7596a5788,1623,200,getAllAssuranceType,no_parent
1650486158,ts-station-service,fe06bf5015f0d46f,1bbd855423deb33f,b69ff36914b070d8,7719,200,queryForNameBatch,ts-order-service
1650486158,ts-order-service,b69ff36914b070d8,,b69ff36914b070d8,12549,200,queryOrdersForRefresh,no_parent
1650486158,ts-order-service,1bbd855423deb33f,b69ff36914b070d8,b69ff36914b070d8,9300,200,POST,ts-order-service
1650486158,ts-contacts-service,1114f9b081992958,,1114f9b081992958,2995,200,findContactsByAccountId,no_parent
1650486158,ts-auth-service,2a1791fb872ceb58,,2a1791fb872ceb58,110993,200,getToken,no_parent
1650486158,ts-verification-code-service,fcd215cb134b576e,,fcd215cb134b576e,2776,200,imageCode,no_parent
1650486218,ts-order-other-service,51177b98527b225f,4c00a028ac44521d,c9490d83bfa88e43,3262,200,securityInfoCheck,ts-security-service
1650486218,ts-security-service,3d6b9d7a1404a62a,18ed5f407683452a,c9490d83bfa88e43,4975,200,GET,ts-security-service
1650486218,ts-contacts-service,61b23338fa066398,2081c67ffc389b92,c9490d83bfa88e43,8929,200,getContactsByContactsId,ts-preserve-service
1650486218,ts-security-service,4c00a028ac44521d,18ed5f407683452a,c9490d83bfa88e43,4631,200,GET,ts-security-service
1650486218,ts-security-service,18ed5f407683452a,bc358351a9176dbe,c9490d83bfa88e43,14089,200,check,ts-preserve-service
1650486218,ts-verification-code-service,cc66f5ff3d9c1ebc,67389fc311e7f6e,692dad0a1b6faa5a,1738,200,verifyCode,ts-auth-service
1650486218,ts-auth-service,67389fc311e7f6e,692dad0a1b6faa5a,692dad0a1b6faa5a,4256,200,GET,ts-auth-service
1650486218,ts-order-service,b3fb27a2d96ef072,,b3fb27a2d96ef072,12435,200,queryOrdersForRefresh,no_parent
1650486218,ts-station-service,93e6f4a68305144b,7c252562c516950f,b3fb27a2d96ef072,7659,200,queryForNameBatch,ts-order-service
1650486218,ts-order-service,7c252562c516950f,b3fb27a2d96ef072,b3fb27a2d96ef072,9053,200,POST,ts-order-service
1650486218,ts-preserve-service,bc358351a9176dbe,c9490d83bfa88e43,c9490d83bfa88e43,16159,200,GET,ts-preserve-service
1650486218,ts-preserve-service,c9490d83bfa88e43,,c9490d83bfa88e43,29215,200,preserve,no_parent
1650486218,ts-preserve-service,2081c67ffc389b92,c9490d83bfa88e43,c9490d83bfa88e43,3431,200,GET,ts-preserve-service
1650486218,ts-auth-service,692dad0a1b6faa5a,,692dad0a1b6faa5a,118598,200,getToken,no_parent
1650486218,ts-order-service,aebb2c63551ef3c2,3d6b9d7a1404a62a,c9490d83bfa88e43,3543,200,securityInfoCheck,ts-security-service
1650486218,ts-verification-code-service,19906c86aa283829,,19906c86aa283829,2712,200,imageCode,no_parent
1650486218,ts-contacts-service,7a5f91a5be5d2897,,7a5f91a5be5d2897,3094,200,findContactsByAccountId,no_parent
1650486219,ts-route-service,d420398ba0da9ec4,c46048cbe7116e74,1517be0d87d7899e,2643,200,queryById,ts-travel-service
1650486219,ts-station-service,d6ca7e8cda7565c7,456875d80829c91f,1517be0d87d7899e,2164,200,queryForStationId,ts-basic-service
1650486219,ts-route-service,3c26deb92d3f958e,9dd1172dd21200ec,1517be0d87d7899e,2138,200,queryById,ts-travel-service
1650486219,ts-route-service,462ee49ed70ac2b2,dc30fb969dedbbcb,1517be0d87d7899e,2200,200,queryById,ts-travel-service
1650486219,ts-basic-service,5dd850bb8b8d5ac,e6c9d33b56cf626b,1517be0d87d7899e,5817,200,queryForStationId,ts-ticketinfo-service
1650486219,ts-travel-service,fdef1505d8f465fa,1517be0d87d7899e,1517be0d87d7899e,7487,200,GET,ts-travel-service
1650486219,ts-travel-service,3ffbf52cba0c314e,1517be0d87d7899e,1517be0d87d7899e,10005,200,GET,ts-travel-service
1650486219,ts-travel-service,dc30fb969dedbbcb,1517be0d87d7899e,1517be0d87d7899e,2633,200,GET,ts-travel-service
1650486219,ts-ticketinfo-service,66fb05e2d7e851f8,fe239b0756b1f19a,1517be0d87d7899e,5196,200,GET,ts-ticketinfo-service
1650486219,ts-route-service,472432a88981f238,32a2bf456d004f8c,1517be0d87d7899e,2066,200,queryById,ts-travel-service
1650486219,ts-ticketinfo-service,fe239b0756b1f19a,fdef1505d8f465fa,1517be0d87d7899e,7059,200,queryForStationId,ts-travel-service
1650486219,ts-basic-service,24089a3ac8fb1ba3,5dd850bb8b8d5ac,1517be0d87d7899e,3611,200,GET,ts-basic-service
1650486219,ts-travel-service,bb5829755f2663f5,1517be0d87d7899e,1517be0d87d7899e,2301,200,GET,ts-travel-service
1650486219,ts-travel-service,c46048cbe7116e74,1517be0d87d7899e,1517be0d87d7899e,4177,200,GET,ts-travel-service
1650486219,ts-station-service,5cb2d66b595cfb9b,24089a3ac8fb1ba3,1517be0d87d7899e,2511,200,queryForStationId,ts-basic-service
1650486219,ts-ticketinfo-service,e6c9d33b56cf626b,4c446459259314f8,1517be0d87d7899e,6705,200,GET,ts-ticketinfo-service
1650486219,ts-basic-service,f4d4d0ac612645df,66fb05e2d7e851f8,1517be0d87d7899e,4598,200,queryForStationId,ts-ticketinfo-service
1650486219,ts-basic-service,456875d80829c91f,f4d4d0ac612645df,1517be0d87d7899e,2764,200,GET,ts-basic-service
1650486219,ts-travel-service,9dd1172dd21200ec,1517be0d87d7899e,1517be0d87d7899e,2261,200,GET,ts-travel-service
1650486219,ts-route-service,dd311e3369ed40cc,bb5829755f2663f5,1517be0d87d7899e,2262,200,queryById,ts-travel-service
1650486219,ts-travel-service,1517be0d87d7899e,,1517be0d87d7899e,41954,200,queryInfo,no_parent
1650486219,ts-assurance-service,a3a7d25b642592cc,,a3a7d25b642592cc,1613,200,getAllAssuranceType,no_parent
1650486219,ts-ticketinfo-service,4c446459259314f8,3ffbf52cba0c314e,1517be0d87d7899e,8573,200,queryForStationId,ts-travel-service
1650486219,ts-travel-service,32a2bf456d004f8c,1517be0d87d7899e,1517be0d87d7899e,2200,200,GET,ts-travel-service
1650486279,ts-basic-service,1bc77a76ceb7a7fe,357eb934a97c5834,177c2cc8fc1650ce,4860,200,queryForStationId,ts-ticketinfo-service
1650486279,ts-station-service,3fc028023259cfc3,81737f6fb6a9dac3,177c2cc8fc1650ce,2210,200,queryForStationId,ts-basic-service
1650486279,ts-station-service,76b655acd3ee3c87,e08a900650d69b9,177c2cc8fc1650ce,2079,200,queryForStationId,ts-basic-service
1650486279,ts-ticketinfo-service,fb8891075d20f728,9ed6967755c7c72b,177c2cc8fc1650ce,9241,200,queryForStationId,ts-travel-service
1650486279,ts-route-service,337c9508eff6bda3,ac8ba63649ee561e,177c2cc8fc1650ce,2630,200,queryById,ts-travel-service
1650486279,ts-security-service,f232dbc90d74d6a7,5fe660db687851cd,dd4f4672afdf26db,4477,200,GET,ts-security-service
1650486279,ts-auth-service,4ca1e92f90bc3f85,,4ca1e92f90bc3f85,112927,200,getToken,no_parent
1650486279,ts-auth-service,1c42b214b630859a,4ca1e92f90bc3f85,4ca1e92f90bc3f85,3457,200,GET,ts-auth-service
1650486279,ts-verification-code-service,b159499b3f5c11ca,1c42b214b630859a,4ca1e92f90bc3f85,1706,200,verifyCode,ts-auth-service
1650486279,ts-route-service,15b27c634432cd5f,a5e7471f416251b9,177c2cc8fc1650ce,2182,200,queryById,ts-travel-service
1650486279,ts-route-service,8e7bb16a4a7b8588,8e2c20eac86e2d83,177c2cc8fc1650ce,2182,200,queryById,ts-travel-service
1650486279,ts-ticketinfo-service,357eb934a97c5834,cf9834199630b2fd,177c2cc8fc1650ce,5605,200,GET,ts-ticketinfo-service
1650486279,ts-ticketinfo-service,cf9834199630b2fd,84cb70241be21ae2,177c2cc8fc1650ce,7600,200,queryForStationId,ts-travel-service
1650486279,ts-travel-service,21a0a338cf563dc3,177c2cc8fc1650ce,177c2cc8fc1650ce,2987,200,GET,ts-travel-service
1650486279,ts-route-service,f587f367141c4767,21a0a338cf563dc3,177c2cc8fc1650ce,2609,200,queryById,ts-travel-service
1650486279,ts-preserve-service,6c640e5045c3d932,dd4f4672afdf26db,dd4f4672afdf26db,15815,200,GET,ts-preserve-service
1650486279,ts-preserve-service,da63918cc9642203,dd4f4672afdf26db,dd4f4672afdf26db,3770,200,GET,ts-preserve-service
1650486279,ts-preserve-service,dd4f4672afdf26db,,dd4f4672afdf26db,22323,200,preserve,no_parent
1650486279,ts-contacts-service,60b62e994046ac30,da63918cc9642203,dd4f4672afdf26db,2604,200,getContactsByContactsId,ts-preserve-service
1650486279,ts-order-service,c82989e17e5c152b,f2ca8ed4a5cf5b8a,f2ca8ed4a5cf5b8a,9358,200,POST,ts-order-service
1650486279,ts-station-service,13b19d5702023961,c82989e17e5c152b,f2ca8ed4a5cf5b8a,7785,200,queryForNameBatch,ts-order-service
1650486279,ts-travel-service,84cb70241be21ae2,177c2cc8fc1650ce,177c2cc8fc1650ce,8020,200,GET,ts-travel-service
1650486279,ts-travel-service,fc610b07a8ab1938,177c2cc8fc1650ce,177c2cc8fc1650ce,2329,200,GET,ts-travel-service
1650486279,ts-route-service,14ecb579a312eab3,fc610b07a8ab1938,177c2cc8fc1650ce,2203,200,queryById,ts-travel-service
1650486279,ts-travel-service,9ed6967755c7c72b,177c2cc8fc1650ce,177c2cc8fc1650ce,10731,200,GET,ts-travel-service
1650486279,ts-basic-service,81737f6fb6a9dac3,78afa39b941d26ae,177c2cc8fc1650ce,3332,200,GET,ts-basic-service
1650486279,ts-travel-service,8e2c20eac86e2d83,177c2cc8fc1650ce,177c2cc8fc1650ce,2298,200,GET,ts-travel-service
1650486279,ts-ticketinfo-service,94d10fdf98dbdf4a,fb8891075d20f728,177c2cc8fc1650ce,6807,200,GET,ts-ticketinfo-service
1650486279,ts-travel-service,ac8ba63649ee561e,177c2cc8fc1650ce,177c2cc8fc1650ce,4013,200,GET,ts-travel-service
1650486279,ts-basic-service,e08a900650d69b9,1bc77a76ceb7a7fe,177c2cc8fc1650ce,2761,200,GET,ts-basic-service
1650486279,ts-order-service,6604d216138d1ff,7528d7e3082f6d79,dd4f4672afdf26db,3557,200,securityInfoCheck,ts-security-service
1650486279,ts-order-other-service,f6cd361a1c8fcaf5,f232dbc90d74d6a7,dd4f4672afdf26db,3133,200,securityInfoCheck,ts-security-service
1650486279,ts-security-service,5fe660db687851cd,6c640e5045c3d932,dd4f4672afdf26db,14131,200,check,ts-preserve-service
1650486279,ts-security-service,7528d7e3082f6d79,5fe660db687851cd,dd4f4672afdf26db,5081,200,GET,ts-security-service
1650486279,ts-travel-service,177c2cc8fc1650ce,,177c2cc8fc1650ce,42999,200,queryInfo,no_parent
1650486279,ts-basic-service,78afa39b941d26ae,94d10fdf98dbdf4a,177c2cc8fc1650ce,5805,200,queryForStationId,ts-ticketinfo-service
1650486279,ts-travel-service,a5e7471f416251b9,177c2cc8fc1650ce,177c2cc8fc1650ce,2309,200,GET,ts-travel-service
1650486279,ts-contacts-service,1bc74c19a5ea252b,,1bc74c19a5ea252b,3182,200,findContactsByAccountId,no_parent
1650486279,ts-verification-code-service,fef7d11fdf6c94ab,,fef7d11fdf6c94ab,2754,200,imageCode,no_parent
1650486279,ts-order-service,f2ca8ed4a5cf5b8a,,f2ca8ed4a5cf5b8a,12368,200,queryOrdersForRefresh,no_parent
1650486279,ts-assurance-service,18982c5625bb93fa,,18982c5625bb93fa,1613,200,getAllAssuranceType,no_parent
1650486339,ts-order-service,ad05121a04c071a6,9015084454d39041,e13325743e239943,3583,200,securityInfoCheck,ts-security-service
1650486339,ts-preserve-service,6b380ee27551548,e13325743e239943,e13325743e239943,22449,200,GET,ts-preserve-service
1650486339,ts-preserve-service,6d12135556a0288b,e13325743e239943,e13325743e239943,3581,200,GET,ts-preserve-service
1650486339,ts-ticketinfo-service,bacd1084ba9d6478,20dfb8d3c4ba7199,305312b026a3a68a,5948,200,GET,ts-ticketinfo-service
1650486339,ts-basic-service,7ffa57d2ebe2072,7488d6ce8764c831,305312b026a3a68a,5768,200,queryForStationId,ts-ticketinfo-service
1650486339,ts-travel-service,305312b026a3a68a,,305312b026a3a68a,44703,200,queryInfo,no_parent
1650486339,ts-travel-service,3537e660bbf2d5fa,305312b026a3a68a,305312b026a3a68a,2318,200,GET,ts-travel-service
1650486339,ts-travel-service,bfb515917ba6686b,305312b026a3a68a,305312b026a3a68a,2771,200,GET,ts-travel-service
1650486339,ts-ticketinfo-service,86bff4e530051f18,d93a1cb19ca161d7,305312b026a3a68a,9186,200,queryForStationId,ts-travel-service
1650486339,ts-ticketinfo-service,7488d6ce8764c831,86bff4e530051f18,305312b026a3a68a,6851,200,GET,ts-ticketinfo-service
1650486339,ts-contacts-service,45fbcf9b07d9269b,6d12135556a0288b,e13325743e239943,2309,200,getContactsByContactsId,ts-preserve-service
1650486339,ts-ticketinfo-service,20dfb8d3c4ba7199,46de89f2b8698cab,305312b026a3a68a,7993,200,queryForStationId,ts-travel-service
1650486339,ts-route-service,b4abe14ae5f280ed,e37431a26a6013dd,305312b026a3a68a,2147,200,queryById,ts-travel-service
1650486339,ts-assurance-service,59c71eee2cf7a44,,59c71eee2cf7a44,1818,200,getAllAssuranceType,no_parent
1650486339,ts-travel-service,a4231663392c90ec,305312b026a3a68a,305312b026a3a68a,4362,200,GET,ts-travel-service
1650486339,ts-order-service,900793c941c4e6d6,217e6fcad1609419,217e6fcad1609419,9091,200,POST,ts-order-service
1650486339,ts-security-service,c00b9e6b1d515bb8,816ceb7bcd91da01,e13325743e239943,4846,200,GET,ts-security-service
1650486339,ts-order-service,217e6fcad1609419,,217e6fcad1609419,12031,200,queryOrdersForRefresh,no_parent
1650486339,ts-station-service,12215dacd9183653,900793c941c4e6d6,217e6fcad1609419,7617,200,queryForNameBatch,ts-order-service
1650486339,ts-auth-service,3270f4792cb84aff,7728fe5714bc7d75,7728fe5714bc7d75,3623,200,GET,ts-auth-service
1650486339,ts-security-service,9015084454d39041,816ceb7bcd91da01,e13325743e239943,11462,200,GET,ts-security-service
1650486339,ts-security-service,816ceb7bcd91da01,6b380ee27551548,e13325743e239943,20931,200,check,ts-preserve-service
1650486339,ts-station-service,2e1ac0df82e20174,dc9579b424c3114d,305312b026a3a68a,2265,200,queryForStationId,ts-basic-service
1650486339,ts-auth-service,7728fe5714bc7d75,,7728fe5714bc7d75,113001,200,getToken,no_parent
1650486339,ts-verification-code-service,415d8b2d7c30ce78,3270f4792cb84aff,7728fe5714bc7d75,1867,200,verifyCode,ts-auth-service
1650486339,ts-basic-service,5cfab7a69a42f3b,8855014550305e7a,305312b026a3a68a,2702,200,GET,ts-basic-service
1650486339,ts-order-other-service,66f3d995fed55bb1,c00b9e6b1d515bb8,e13325743e239943,3428,200,securityInfoCheck,ts-security-service
1650486339,ts-travel-service,d93a1cb19ca161d7,305312b026a3a68a,305312b026a3a68a,10873,200,GET,ts-travel-service
1650486339,ts-travel-service,46de89f2b8698cab,305312b026a3a68a,305312b026a3a68a,8383,200,GET,ts-travel-service
1650486339,ts-travel-service,e37431a26a6013dd,305312b026a3a68a,305312b026a3a68a,2284,200,GET,ts-travel-service
1650486339,ts-route-service,42dac3d093d52720,bfb515917ba6686b,305312b026a3a68a,2300,200,queryById,ts-travel-service
1650486339,ts-route-service,90a9b411d4b2c256,a4231663392c90ec,305312b026a3a68a,2912,200,queryById,ts-travel-service
1650486339,ts-route-service,7872a1f2c414dd34,c83b335995b064e3,305312b026a3a68a,2273,200,queryById,ts-travel-service
1650486339,ts-route-service,d7f27e3d23365f70,3537e660bbf2d5fa,305312b026a3a68a,2171,200,queryById,ts-travel-service
1650486339,ts-basic-service,8855014550305e7a,bacd1084ba9d6478,305312b026a3a68a,4820,200,queryForStationId,ts-ticketinfo-service
1650486339,ts-travel-service,c83b335995b064e3,305312b026a3a68a,305312b026a3a68a,2364,200,GET,ts-travel-service
1650486339,ts-basic-service,dc9579b424c3114d,7ffa57d2ebe2072,305312b026a3a68a,3371,200,GET,ts-basic-service
1650486339,ts-station-service,21c0479cc6e9f794,5cfab7a69a42f3b,305312b026a3a68a,2042,200,queryForStationId,ts-basic-service
1650486339,ts-preserve-service,e13325743e239943,,e13325743e239943,29157,200,preserve,no_parent
1650486339,ts-verification-code-service,a9c1ef10013fd30f,,a9c1ef10013fd30f,2699,200,imageCode,no_parent
1650486339,ts-contacts-service,8064f0658ec1238c,,8064f0658ec1238c,3189,200,findContactsByAccountId,no_parent
1650486399,ts-travel-service,a2b2cca11ad51ad2,53d953408d2b649b,53d953408d2b649b,2341,200,GET,ts-travel-service
1650486399,ts-contacts-service,cc36d9042b14edb3,,cc36d9042b14edb3,3113,200,findContactsByAccountId,no_parent
1650486399,ts-travel-service,c8d7ca08694dfda6,53d953408d2b649b,53d953408d2b649b,2659,200,GET,ts-travel-service
1650486399,ts-travel-service,932fd5f54fa486b6,53d953408d2b649b,53d953408d2b649b,11877,200,GET,ts-travel-service
1650486399,ts-security-service,794703452775477d,2f128e5adabefd5f,8fa8325dfcb97183,12905,200,check,ts-preserve-service
1650486399,ts-travel-service,af954a1485372be0,53d953408d2b649b,53d953408d2b649b,2295,200,GET,ts-travel-service
1650486399,ts-travel-service,c60f9ed05db5b706,53d953408d2b649b,53d953408d2b649b,7683,200,GET,ts-travel-service
1650486399,ts-security-service,a7c9398f4c9d4646,794703452775477d,8fa8325dfcb97183,4596,200,GET,ts-security-service
1650486399,ts-preserve-service,d019dc4abb564dc5,8fa8325dfcb97183,8fa8325dfcb97183,3390,200,GET,ts-preserve-service
1650486399,ts-preserve-service,2f128e5adabefd5f,8fa8325dfcb97183,8fa8325dfcb97183,14433,200,GET,ts-preserve-service
1650486399,ts-preserve-service,8fa8325dfcb97183,,8fa8325dfcb97183,20854,200,preserve,no_parent
1650486399,ts-route-service,9b6d36199a5c127d,c8d7ca08694dfda6,53d953408d2b649b,2199,200,queryById,ts-travel-service
1650486399,ts-station-service,8a6c2188405f2689,b23b8e2f70470b47,53d953408d2b649b,2071,200,queryForStationId,ts-basic-service
1650486399,ts-route-service,2c65cf882c11c0b4,8b73ae606e825663,53d953408d2b649b,2172,200,queryById,ts-travel-service
1650486399,ts-route-service,c6c106d557a4e601,a2b2cca11ad51ad2,53d953408d2b649b,2200,200,queryById,ts-travel-service
1650486399,ts-route-service,8f98157562d86c0f,af954a1485372be0,53d953408d2b649b,2165,200,queryById,ts-travel-service
1650486399,ts-station-service,62c7f363dea08680,9a508a3fd96e336f,4a118bdcfc76e590,7867,200,queryForNameBatch,ts-order-service
1650486399,ts-route-service,1086c2df6b25a889,bf6ab544b6675dc9,53d953408d2b649b,2658,200,queryById,ts-travel-service
1650486399,ts-travel-service,bf6ab544b6675dc9,53d953408d2b649b,53d953408d2b649b,4071,200,GET,ts-travel-service
1650486399,ts-station-service,1ba5bbd66ea523a9,ebe3b9a1863d0ab6,53d953408d2b649b,2277,200,queryForStationId,ts-basic-service
1650486399,ts-ticketinfo-service,5c5b02753cd19f6,4035b9fc480404b9,53d953408d2b649b,7211,200,GET,ts-ticketinfo-service
1650486399,ts-basic-service,b23b8e2f70470b47,66df9c76524247cf,53d953408d2b649b,2757,200,GET,ts-basic-service
1650486399,ts-basic-service,7addb8f1dc42e57a,5c5b02753cd19f6,53d953408d2b649b,5711,200,queryForStationId,ts-ticketinfo-service
1650486399,ts-basic-service,66df9c76524247cf,12490b4c4d68d197,53d953408d2b649b,4813,200,queryForStationId,ts-ticketinfo-service
1650486399,ts-basic-service,ebe3b9a1863d0ab6,7addb8f1dc42e57a,53d953408d2b649b,3324,200,GET,ts-basic-service
1650486399,ts-ticketinfo-service,4035b9fc480404b9,932fd5f54fa486b6,53d953408d2b649b,10244,200,queryForStationId,ts-travel-service
1650486399,ts-ticketinfo-service,12490b4c4d68d197,f5519b34d42be1f4,53d953408d2b649b,5430,200,GET,ts-ticketinfo-service
1650486399,ts-ticketinfo-service,f5519b34d42be1f4,c60f9ed05db5b706,53d953408d2b649b,7335,200,queryForStationId,ts-travel-service
1650486399,ts-travel-service,8b73ae606e825663,53d953408d2b649b,53d953408d2b649b,2319,200,GET,ts-travel-service
1650486399,ts-travel-service,53d953408d2b649b,,53d953408d2b649b,43255,200,queryInfo,no_parent
1650486399,ts-order-service,76c8d21f16b6f727,a7c9398f4c9d4646,8fa8325dfcb97183,3501,200,securityInfoCheck,ts-security-service
1650486399,ts-security-service,fff483f63280c00a,794703452775477d,8fa8325dfcb97183,4396,200,GET,ts-security-service
1650486399,ts-contacts-service,54e723997139d8c,d019dc4abb564dc5,8fa8325dfcb97183,2244,200,getContactsByContactsId,ts-preserve-service
1650486399,ts-order-other-service,f2ee36b9b3f7cada,fff483f63280c00a,8fa8325dfcb97183,3132,200,securityInfoCheck,ts-security-service
1650486399,ts-order-service,9a508a3fd96e336f,4a118bdcfc76e590,4a118bdcfc76e590,9502,200,POST,ts-order-service
1650486399,ts-order-service,4a118bdcfc76e590,,4a118bdcfc76e590,12402,200,queryOrdersForRefresh,no_parent
1650486399,ts-verification-code-service,37dc8b1b19ab9904,,37dc8b1b19ab9904,2748,200,imageCode,no_parent
1650486399,ts-auth-service,809b5d30ef937a33,,809b5d30ef937a33,124313,200,getToken,no_parent
1650486399,ts-assurance-service,4815740246786cb9,,4815740246786cb9,1639,200,getAllAssuranceType,no_parent
1650486399,ts-auth-service,8f28ccf86e4f00c7,809b5d30ef937a33,809b5d30ef937a33,13850,200,GET,ts-auth-service
1650486399,ts-verification-code-service,e91ee32d760f110b,8f28ccf86e4f00c7,809b5d30ef937a33,12716,200,verifyCode,ts-auth-service
1650486459,ts-contacts-service,822ce1e275cdeea,,822ce1e275cdeea,3211,200,findContactsByAccountId,no_parent
1650486460,ts-security-service,fbdb2736a3ae014d,2e647e336ad6eaf1,c0ea637dfa48b8e9,14880,200,check,ts-preserve-service
1650486460,ts-security-service,6ec148e53203a62c,fbdb2736a3ae014d,c0ea637dfa48b8e9,4788,200,GET,ts-security-service
1650486460,ts-travel-service,8800d78db869817f,,8800d78db869817f,49850,200,queryInfo,no_parent
1650486460,ts-travel-service,707902a5a4eca8f,8800d78db869817f,8800d78db869817f,2038,200,GET,ts-travel-service
1650486460,ts-contacts-service,1783898953850606,7c1cafda0deef35f,c0ea637dfa48b8e9,2331,200,getContactsByContactsId,ts-preserve-service
1650486460,ts-order-service,f2e829e3dfa5f00c,6ec148e53203a62c,c0ea637dfa48b8e9,2984,200,securityInfoCheck,ts-security-service
1650486460,ts-preserve-service,7c1cafda0deef35f,c0ea637dfa48b8e9,c0ea637dfa48b8e9,3567,200,GET,ts-preserve-service
1650486460,ts-assurance-service,dbbe6cec6c18891a,,dbbe6cec6c18891a,1646,200,getAllAssuranceType,no_parent
1650486460,ts-basic-service,abfaf880b88ae1d0,14d1382f635d7e,8800d78db869817f,2898,200,GET,ts-basic-service
1650486460,ts-station-service,62a76ee6b90c90ea,64a142d0b5799aa0,8800d78db869817f,2199,200,queryForStationId,ts-basic-service
1650486460,ts-route-service,ddca77ab559f2fe0,e9ffccdd658955a5,8800d78db869817f,9653,200,queryById,ts-travel-service
1650486460,ts-ticketinfo-service,8bdcc0a9edb65491,f61a432e78afbd8d,8800d78db869817f,6988,200,GET,ts-ticketinfo-service
1650486460,ts-security-service,81a6b9f26dd636a6,fbdb2736a3ae014d,c0ea637dfa48b8e9,5088,200,GET,ts-security-service
1650486460,ts-preserve-service,2e647e336ad6eaf1,c0ea637dfa48b8e9,c0ea637dfa48b8e9,16576,200,GET,ts-preserve-service
1650486460,ts-verification-code-service,d71321801fba111,,d71321801fba111,2782,200,imageCode,no_parent
1650486460,ts-verification-code-service,7bcd04bec3e955d1,7863a66c4d0c6742,8accd6c64e55420a,2176,200,verifyCode,ts-auth-service
1650486460,ts-ticketinfo-service,f61a432e78afbd8d,93d5cbc4be66ec90,8800d78db869817f,9322,200,queryForStationId,ts-travel-service
1650486460,ts-station-service,8d34f2a1890373eb,abfaf880b88ae1d0,8800d78db869817f,1995,200,queryForStationId,ts-basic-service
1650486460,ts-basic-service,14d1382f635d7e,92eda1580676a3ad,8800d78db869817f,4805,200,queryForStationId,ts-ticketinfo-service
1650486460,ts-route-service,82d5011145685fd7,96b93247aa092b81,8800d78db869817f,2685,200,queryById,ts-travel-service
1650486460,ts-route-service,69d08ab1a94119d,fad59e2799889dbc,8800d78db869817f,2280,200,queryById,ts-travel-service
1650486460,ts-ticketinfo-service,92eda1580676a3ad,539198714225ee5b,8800d78db869817f,5504,200,GET,ts-ticketinfo-service
1650486460,ts-basic-service,64a142d0b5799aa0,b4a55adc4f8081c2,8800d78db869817f,3321,200,GET,ts-basic-service
1650486460,ts-route-service,c72281933d249966,707902a5a4eca8f,8800d78db869817f,1622,200,queryById,ts-travel-service
1650486460,ts-route-service,4302c93c898e8a4b,abae21194b9ebbf4,8800d78db869817f,2196,200,queryById,ts-travel-service
1650486460,ts-ticketinfo-service,539198714225ee5b,f7fbebbf19d009a8,8800d78db869817f,7531,200,queryForStationId,ts-travel-service
1650486460,ts-travel-service,96b93247aa092b81,8800d78db869817f,8800d78db869817f,3965,200,GET,ts-travel-service
1650486460,ts-travel-service,f7fbebbf19d009a8,8800d78db869817f,8800d78db869817f,8076,200,GET,ts-travel-service
1650486460,ts-basic-service,b4a55adc4f8081c2,8bdcc0a9edb65491,8800d78db869817f,5749,200,queryForStationId,ts-ticketinfo-service
1650486460,ts-order-other-service,86e65cd3cebc559c,81a6b9f26dd636a6,c0ea637dfa48b8e9,3586,200,securityInfoCheck,ts-security-service
1650486460,ts-preserve-service,c0ea637dfa48b8e9,,c0ea637dfa48b8e9,23068,200,preserve,no_parent
1650486460,ts-travel-service,e9ffccdd658955a5,8800d78db869817f,8800d78db869817f,2328,200,GET,ts-travel-service
1650486460,ts-travel-service,abae21194b9ebbf4,8800d78db869817f,8800d78db869817f,2324,200,GET,ts-travel-service
1650486460,ts-travel-service,93d5cbc4be66ec90,8800d78db869817f,8800d78db869817f,10823,200,GET,ts-travel-service
1650486460,ts-auth-service,8accd6c64e55420a,,8accd6c64e55420a,113526,200,getToken,no_parent
1650486460,ts-travel-service,fad59e2799889dbc,8800d78db869817f,8800d78db869817f,2436,200,GET,ts-travel-service
1650486460,ts-auth-service,7863a66c4d0c6742,8accd6c64e55420a,8accd6c64e55420a,4050,200,GET,ts-auth-service
1650486460,ts-order-service,9743837d35000d5c,53aa994498a49b4f,53aa994498a49b4f,7662,200,POST,ts-order-service
1650486460,ts-order-service,53aa994498a49b4f,,53aa994498a49b4f,10790,200,queryOrdersForRefresh,no_parent
1650486460,ts-station-service,28bd69d95cfd140b,9743837d35000d5c,53aa994498a49b4f,6293,200,queryForNameBatch,ts-order-service
1650486520,ts-verification-code-service,59c948a3210162c,c0b237b16f27eb33,fa71a77b8835778c,1846,200,verifyCode,ts-auth-service
1650486520,ts-travel-service,3545f908b4f43414,3f33df157575096b,3f33df157575096b,7737,200,GET,ts-travel-service
1650486520,ts-travel-service,be8f0622af6ac925,3f33df157575096b,3f33df157575096b,2556,200,GET,ts-travel-service
1650486520,ts-travel-service,b12b9e4ea72ea4da,3f33df157575096b,3f33df157575096b,3388,200,GET,ts-travel-service
1650486520,ts-station-service,2d3ce57da6f5f8ac,1953abc370217224,248ef9abd257dbae,8344,200,queryForNameBatch,ts-order-service
1650486520,ts-order-service,248ef9abd257dbae,,248ef9abd257dbae,13278,200,queryOrdersForRefresh,no_parent
1650486520,ts-auth-service,c0b237b16f27eb33,fa71a77b8835778c,fa71a77b8835778c,3474,200,GET,ts-auth-service
1650486520,ts-order-service,1953abc370217224,248ef9abd257dbae,248ef9abd257dbae,10331,200,POST,ts-order-service
1650486520,ts-route-service,b601583f70253f7f,126c3de7db19bf99,3f33df157575096b,2611,200,queryById,ts-travel-service
1650486520,ts-travel-service,3497ce2b41b1aeb6,3f33df157575096b,3f33df157575096b,2266,200,GET,ts-travel-service
1650486520,ts-basic-service,6fca47c41b243368,780e4e23c0715335,3f33df157575096b,5927,200,queryForStationId,ts-ticketinfo-service
1650486520,ts-basic-service,9511fa5c27165936,2f0a3642aa5971c5,3f33df157575096b,2736,200,GET,ts-basic-service
1650486520,ts-travel-service,4c5981607c777a99,3f33df157575096b,3f33df157575096b,2274,200,GET,ts-travel-service
1650486520,ts-station-service,8cd45818206bea78,6b6ca6e6e44c6b53,3f33df157575096b,2355,200,queryForStationId,ts-basic-service
1650486520,ts-station-service,24467389a123c356,9511fa5c27165936,3f33df157575096b,2113,200,queryForStationId,ts-basic-service
1650486520,ts-route-service,8c72c02f4f7ab2c2,be8f0622af6ac925,3f33df157575096b,2170,200,queryById,ts-travel-service
1650486520,ts-basic-service,6b6ca6e6e44c6b53,6fca47c41b243368,3f33df157575096b,3405,200,GET,ts-basic-service
1650486520,ts-basic-service,2f0a3642aa5971c5,1646908291c536a2,3f33df157575096b,4695,200,queryForStationId,ts-ticketinfo-service
1650486520,ts-route-service,9b0b1f7fa1f3bf11,b12b9e4ea72ea4da,3f33df157575096b,2508,200,queryById,ts-travel-service
1650486520,ts-ticketinfo-service,780e4e23c0715335,f8072e2ce5c74162,3f33df157575096b,7107,200,GET,ts-ticketinfo-service
1650486520,ts-ticketinfo-service,f8072e2ce5c74162,684f14a3047a142f,3f33df157575096b,9364,200,queryForStationId,ts-travel-service
1650486520,ts-ticketinfo-service,1646908291c536a2,adc226ab80b71545,3f33df157575096b,5389,200,GET,ts-ticketinfo-service
1650486520,ts-ticketinfo-service,adc226ab80b71545,3545f908b4f43414,3f33df157575096b,7316,200,queryForStationId,ts-travel-service
1650486520,ts-route-service,346f2a0bfee0e9e1,3497ce2b41b1aeb6,3f33df157575096b,2113,200,queryById,ts-travel-service
1650486520,ts-travel-service,684f14a3047a142f,3f33df157575096b,3f33df157575096b,10918,200,GET,ts-travel-service
1650486520,ts-travel-service,3f33df157575096b,,3f33df157575096b,43533,200,queryInfo,no_parent
1650486520,ts-contacts-service,af630de4ac1b4dbb,3c49d2078f5078f0,94c543506a850703,2272,200,getContactsByContactsId,ts-preserve-service
1650486520,ts-contacts-service,2877b6a3287bbbd5,,2877b6a3287bbbd5,2873,200,findContactsByAccountId,no_parent
1650486520,ts-security-service,2997aa8acb625203,f85adeabd1e53ad2,94c543506a850703,4402,200,GET,ts-security-service
1650486520,ts-security-service,f85adeabd1e53ad2,69c7659af7f29a21,94c543506a850703,14174,200,check,ts-preserve-service
1650486520,ts-preserve-service,69c7659af7f29a21,94c543506a850703,94c543506a850703,15601,200,GET,ts-preserve-service
1650486520,ts-preserve-service,94c543506a850703,,94c543506a850703,21969,200,preserve,no_parent
1650486520,ts-preserve-service,3c49d2078f5078f0,94c543506a850703,94c543506a850703,3530,200,GET,ts-preserve-service
1650486520,ts-order-other-service,d931817ff22e926e,2997aa8acb625203,94c543506a850703,3123,200,securityInfoCheck,ts-security-service
1650486520,ts-security-service,e34b83f2f87bd243,f85adeabd1e53ad2,94c543506a850703,4941,200,GET,ts-security-service
1650486520,ts-order-service,f420a0beed2579ff,e34b83f2f87bd243,94c543506a850703,3538,200,securityInfoCheck,ts-security-service
1650486520,ts-travel-service,126c3de7db19bf99,3f33df157575096b,3f33df157575096b,3937,200,GET,ts-travel-service
1650486520,ts-route-service,efce9079d9733591,4c5981607c777a99,3f33df157575096b,2134,200,queryById,ts-travel-service
1650486520,ts-verification-code-service,afb071c35d4d06ca,,afb071c35d4d06ca,2906,200,imageCode,no_parent
1650486520,ts-assurance-service,30eae4784e79fd85,,30eae4784e79fd85,1607,200,getAllAssuranceType,no_parent
1650486520,ts-auth-service,fa71a77b8835778c,,fa71a77b8835778c,112795,200,getToken,no_parent
1650486580,ts-ticketinfo-service,267adb9601475d96,5f02baa4253c903e,32a76623b3eb4d28,9852,200,queryForStationId,ts-travel-service
1650486580,ts-basic-service,6bf6a5fd8fe161d7,a220f53388f4a80e,32a76623b3eb4d28,6348,200,queryForStationId,ts-ticketinfo-service
1650486580,ts-basic-service,f3243e06e334fba7,8baeab091faa7d05,32a76623b3eb4d28,2899,200,GET,ts-basic-service
1650486580,ts-basic-service,cdd13330135a0fa3,6bf6a5fd8fe161d7,32a76623b3eb4d28,3722,200,GET,ts-basic-service
1650486580,ts-route-service,81faa91a44d6e9eb,a537d2550ad1db39,32a76623b3eb4d28,2156,200,queryById,ts-travel-service
1650486580,ts-route-service,81ec5ced70332f2c,e9b2b63a533d311c,32a76623b3eb4d28,2158,200,queryById,ts-travel-service
1650486580,ts-route-service,50daaa3d1893f2a9,9ef8d8c09466ae8b,32a76623b3eb4d28,2617,200,queryById,ts-travel-service
1650486580,ts-travel-service,9e86f676e5718372,32a76623b3eb4d28,32a76623b3eb4d28,2284,200,GET,ts-travel-service
1650486580,ts-route-service,3a2213deada30ad8,8d4970b378e0ebe5,32a76623b3eb4d28,2156,200,queryById,ts-travel-service
1650486580,ts-basic-service,8baeab091faa7d05,6a4dfcee23196439,32a76623b3eb4d28,4937,200,queryForStationId,ts-ticketinfo-service
1650486580,ts-ticketinfo-service,c6305d368c9eaede,2f91a5329c29a23,32a76623b3eb4d28,7656,200,queryForStationId,ts-travel-service
1650486580,ts-security-service,18f22641db840ff0,b54e9bbe760ce4a0,f06d0a4619cd6886,14035,200,check,ts-preserve-service
1650486580,ts-security-service,b80c9682ab5463f8,18f22641db840ff0,f06d0a4619cd6886,4523,200,GET,ts-security-service
1650486580,ts-contacts-service,d2a7371c3ef14fa7,da3ba782cb6aa53e,f06d0a4619cd6886,2424,200,getContactsByContactsId,ts-preserve-service
1650486580,ts-contacts-service,2cba78c26ef1a1f7,,2cba78c26ef1a1f7,3071,200,findContactsByAccountId,no_parent
1650486580,ts-auth-service,92830fcc7236514b,d11512b125402133,d11512b125402133,4375,200,GET,ts-auth-service
1650486580,ts-travel-service,5f02baa4253c903e,32a76623b3eb4d28,32a76623b3eb4d28,11311,200,GET,ts-travel-service
1650486580,ts-route-service,ccad8cdda7c7c1e5,9e86f676e5718372,32a76623b3eb4d28,2159,200,queryById,ts-travel-service
1650486580,ts-verification-code-service,c1a6b02bd7a94860,,c1a6b02bd7a94860,6150,200,imageCode,no_parent
1650486580,ts-travel-service,32a76623b3eb4d28,,32a76623b3eb4d28,42963,200,queryInfo,no_parent
1650486580,ts-auth-service,d11512b125402133,,d11512b125402133,116003,200,getToken,no_parent
1650486580,ts-verification-code-service,38640ea5097d29a5,92830fcc7236514b,d11512b125402133,2603,200,verifyCode,ts-auth-service
1650486580,ts-station-service,358673c0c1dc1cc8,f3243e06e334fba7,32a76623b3eb4d28,2259,200,queryForStationId,ts-basic-service
1650486580,ts-assurance-service,ce92756164e6ddb,,ce92756164e6ddb,1642,200,getAllAssuranceType,no_parent
1650486580,ts-order-service,cf7e35e6602b686e,232ea70369e58f08,232ea70369e58f08,9364,200,POST,ts-order-service
1650486580,ts-travel-service,2f91a5329c29a23,32a76623b3eb4d28,32a76623b3eb4d28,8157,200,GET,ts-travel-service
1650486580,ts-travel-service,9ef8d8c09466ae8b,32a76623b3eb4d28,32a76623b3eb4d28,3920,200,GET,ts-travel-service
1650486580,ts-order-service,232ea70369e58f08,,232ea70369e58f08,12699,200,queryOrdersForRefresh,no_parent
1650486580,ts-travel-service,8d4970b378e0ebe5,32a76623b3eb4d28,32a76623b3eb4d28,2580,200,GET,ts-travel-service
1650486580,ts-station-service,cf9683ff1ce55e07,cdd13330135a0fa3,32a76623b3eb4d28,2559,200,queryForStationId,ts-basic-service
1650486580,ts-preserve-service,da3ba782cb6aa53e,f06d0a4619cd6886,f06d0a4619cd6886,3749,200,GET,ts-preserve-service
1650486580,ts-preserve-service,b54e9bbe760ce4a0,f06d0a4619cd6886,f06d0a4619cd6886,15623,200,GET,ts-preserve-service
1650486580,ts-order-service,1a14268af6181b16,7c9004a00d74123b,f06d0a4619cd6886,3488,200,securityInfoCheck,ts-security-service
1650486580,ts-preserve-service,f06d0a4619cd6886,,f06d0a4619cd6886,22249,200,preserve,no_parent
1650486580,ts-travel-service,a537d2550ad1db39,32a76623b3eb4d28,32a76623b3eb4d28,2300,200,GET,ts-travel-service
1650486580,ts-travel-service,e9b2b63a533d311c,32a76623b3eb4d28,32a76623b3eb4d28,2242,200,GET,ts-travel-service
1650486580,ts-station-service,96a7f4eca3bdc08b,cf7e35e6602b686e,232ea70369e58f08,7883,200,queryForNameBatch,ts-order-service
1650486580,ts-ticketinfo-service,a220f53388f4a80e,267adb9601475d96,32a76623b3eb4d28,7374,200,GET,ts-ticketinfo-service
1650486580,ts-ticketinfo-service,6a4dfcee23196439,c6305d368c9eaede,32a76623b3eb4d28,5632,200,GET,ts-ticketinfo-service
1650486580,ts-order-other-service,ae105e68af04a10a,b80c9682ab5463f8,f06d0a4619cd6886,3132,200,securityInfoCheck,ts-security-service
1650486580,ts-security-service,7c9004a00d74123b,18f22641db840ff0,f06d0a4619cd6886,4906,200,GET,ts-security-service
1650486640,ts-contacts-service,b79f8b3d6564af29,819a6c2b6236abce,e02e156c081fd97e,2312,200,getContactsByContactsId,ts-preserve-service
1650486640,ts-security-service,ee1a4b97c3f32eae,2d0ce5308a456a96,e02e156c081fd97e,13404,200,check,ts-preserve-service
1650486640,ts-security-service,ec75c2dec841f36e,ee1a4b97c3f32eae,e02e156c081fd97e,4572,200,GET,ts-security-service
1650486640,ts-order-service,a32b886e8268cef9,6b682d6cd37687b,e02e156c081fd97e,3695,200,securityInfoCheck,ts-security-service
1650486640,ts-verification-code-service,483195770a027234,5b07f1c85b084fd9,798d030b4c413e0e,2210,200,verifyCode,ts-auth-service
1650486640,ts-auth-service,798d030b4c413e0e,,798d030b4c413e0e,113948,200,getToken,no_parent
1650486640,ts-auth-service,5b07f1c85b084fd9,798d030b4c413e0e,798d030b4c413e0e,4030,200,GET,ts-auth-service
1650486640,ts-station-service,46d80a4b4900af9a,a88df07a1a1e986d,b7e1bd20d3a48060,7918,200,queryForNameBatch,ts-order-service
1650486640,ts-preserve-service,e02e156c081fd97e,,e02e156c081fd97e,21131,200,preserve,no_parent
1650486640,ts-verification-code-service,e6cad5cc0c067de3,,e6cad5cc0c067de3,3216,200,imageCode,no_parent
1650486640,ts-order-other-service,2b6a0625bfce6aa4,ec75c2dec841f36e,e02e156c081fd97e,3283,200,securityInfoCheck,ts-security-service
1650486640,ts-preserve-service,2d0ce5308a456a96,e02e156c081fd97e,e02e156c081fd97e,15041,200,GET,ts-preserve-service
1650486640,ts-order-service,a88df07a1a1e986d,b7e1bd20d3a48060,b7e1bd20d3a48060,9332,200,POST,ts-order-service
1650486640,ts-order-service,b7e1bd20d3a48060,,b7e1bd20d3a48060,19546,200,queryOrdersForRefresh,no_parent
1650486640,ts-preserve-service,819a6c2b6236abce,e02e156c081fd97e,e02e156c081fd97e,3547,200,GET,ts-preserve-service
1650486640,ts-security-service,6b682d6cd37687b,ee1a4b97c3f32eae,e02e156c081fd97e,4674,200,GET,ts-security-service
1650486640,ts-contacts-service,c0d8fae0fbf0121c,,c0d8fae0fbf0121c,3041,200,findContactsByAccountId,no_parent
1650486641,ts-travel-service,5c88a9134dcfa2e,,5c88a9134dcfa2e,39011,200,queryInfo,no_parent
1650486641,ts-route-service,e697c024c32962ac,a4d90079c6350dcc,5c88a9134dcfa2e,1905,200,queryById,ts-travel-service
1650486641,ts-ticketinfo-service,6b0bcc5f0ac8c3be,f509dddec121c3d1,5c88a9134dcfa2e,6171,200,GET,ts-ticketinfo-service
1650486641,ts-ticketinfo-service,f509dddec121c3d1,43013e4f8f164123,5c88a9134dcfa2e,8382,200,queryForStationId,ts-travel-service
1650486641,ts-travel-service,43013e4f8f164123,5c88a9134dcfa2e,5c88a9134dcfa2e,10402,200,GET,ts-travel-service
1650486641,ts-basic-service,728478f4479d7e45,92acea75fe630d7,5c88a9134dcfa2e,3245,200,GET,ts-basic-service
1650486641,ts-basic-service,ab78c25c494fab96,90bfed0d8661ee51,5c88a9134dcfa2e,4111,200,queryForStationId,ts-ticketinfo-service
1650486641,ts-ticketinfo-service,90bfed0d8661ee51,3eaae8870e1eaa17,5c88a9134dcfa2e,4711,200,GET,ts-ticketinfo-service
1650486641,ts-route-service,4b0a2f019e01499a,1e0852912825bece,5c88a9134dcfa2e,2654,200,queryById,ts-travel-service
1650486641,ts-route-service,fc6109ceda5725e4,91d46e71235dcbdf,5c88a9134dcfa2e,2079,200,queryById,ts-travel-service
1650486641,ts-route-service,8c5e9d833d55e2c9,1f93f1982cd48087,5c88a9134dcfa2e,1910,200,queryById,ts-travel-service
1650486641,ts-route-service,bc3c467b5fc430df,6ce7fe99d871af6d,5c88a9134dcfa2e,2171,200,queryById,ts-travel-service
1650486641,ts-travel-service,91d46e71235dcbdf,5c88a9134dcfa2e,5c88a9134dcfa2e,2494,200,GET,ts-travel-service
1650486641,ts-travel-service,1e0852912825bece,5c88a9134dcfa2e,5c88a9134dcfa2e,3824,200,GET,ts-travel-service
1650486641,ts-travel-service,a4d90079c6350dcc,5c88a9134dcfa2e,5c88a9134dcfa2e,2038,200,GET,ts-travel-service
1650486641,ts-travel-service,e4aa85afb5596961,5c88a9134dcfa2e,5c88a9134dcfa2e,6382,200,GET,ts-travel-service
1650486641,ts-travel-service,1f93f1982cd48087,5c88a9134dcfa2e,5c88a9134dcfa2e,2066,200,GET,ts-travel-service
1650486641,ts-station-service,6bfdd11376cc74e4,209e4c658c11e6b9,5c88a9134dcfa2e,1728,200,queryForStationId,ts-basic-service
1650486641,ts-basic-service,209e4c658c11e6b9,ab78c25c494fab96,5c88a9134dcfa2e,2302,200,GET,ts-basic-service
1650486641,ts-basic-service,92acea75fe630d7,6b0bcc5f0ac8c3be,5c88a9134dcfa2e,5000,200,queryForStationId,ts-ticketinfo-service
1650486641,ts-ticketinfo-service,3eaae8870e1eaa17,e4aa85afb5596961,5c88a9134dcfa2e,5930,200,queryForStationId,ts-travel-service
1650486641,ts-station-service,bd9892c3763f5bd6,728478f4479d7e45,5c88a9134dcfa2e,2362,200,queryForStationId,ts-basic-service
1650486641,ts-travel-service,6ce7fe99d871af6d,5c88a9134dcfa2e,5c88a9134dcfa2e,2309,200,GET,ts-travel-service
1650486641,ts-assurance-service,dddbd4f26e7990e1,,dddbd4f26e7990e1,1959,200,getAllAssuranceType,no_parent
1650486701,ts-auth-service,a3abe4883a378774,33da552247567038,33da552247567038,3756,200,GET,ts-auth-service
1650486701,ts-basic-service,70bec531d74213b8,926d5b2b6265f030,93a75238bc2347c,3398,200,GET,ts-basic-service
1650486701,ts-auth-service,33da552247567038,,33da552247567038,114953,200,getToken,no_parent
1650486701,ts-route-service,37400174cea83384,2ec401f2f6fba02f,93a75238bc2347c,2173,200,queryById,ts-travel-service
1650486701,ts-ticketinfo-service,48fd27121b16c71c,297dee328a1a0199,93a75238bc2347c,7399,200,GET,ts-ticketinfo-service
1650486701,ts-ticketinfo-service,297dee328a1a0199,c2bebb268f60f7df,93a75238bc2347c,9957,200,queryForStationId,ts-travel-service
1650486701,ts-basic-service,1b01a0703282445f,48fd27121b16c71c,93a75238bc2347c,6251,200,queryForStationId,ts-ticketinfo-service
1650486701,ts-basic-service,803bb89d209242e6,1b01a0703282445f,93a75238bc2347c,3696,200,GET,ts-basic-service
1650486701,ts-verification-code-service,98f21687f7ae6e1c,a3abe4883a378774,33da552247567038,2006,200,verifyCode,ts-auth-service
1650486701,ts-travel-service,c7f1834833d48c8a,93a75238bc2347c,93a75238bc2347c,2287,200,GET,ts-travel-service
1650486701,ts-travel-service,6b7722d984939708,93a75238bc2347c,93a75238bc2347c,2350,200,GET,ts-travel-service
1650486701,ts-ticketinfo-service,1f507d3ff92a5f2a,21c7703ffe9109b6,93a75238bc2347c,8142,200,queryForStationId,ts-travel-service
1650486701,ts-route-service,c5ba97dfd957c5c8,8e0e6d042013d083,93a75238bc2347c,2097,200,queryById,ts-travel-service
1650486701,ts-route-service,f5bbc80c67e4761,c7f1834833d48c8a,93a75238bc2347c,2190,200,queryById,ts-travel-service
1650486701,ts-verification-code-service,129e36daf84ae82d,,129e36daf84ae82d,3116,200,imageCode,no_parent
1650486701,ts-basic-service,926d5b2b6265f030,ceacc417ae4e48dd,93a75238bc2347c,5407,200,queryForStationId,ts-ticketinfo-service
1650486701,ts-station-service,a480ebcd162e6eec,803bb89d209242e6,93a75238bc2347c,2544,200,queryForStationId,ts-basic-service
1650486701,ts-travel-service,2ec401f2f6fba02f,93a75238bc2347c,93a75238bc2347c,2303,200,GET,ts-travel-service
1650486701,ts-travel-service,8e0e6d042013d083,93a75238bc2347c,93a75238bc2347c,2519,200,GET,ts-travel-service
1650486701,ts-travel-service,60629c7fac8810fe,93a75238bc2347c,93a75238bc2347c,3865,200,GET,ts-travel-service
1650486701,ts-travel-service,93a75238bc2347c,,93a75238bc2347c,42609,200,queryInfo,no_parent
1650486701,ts-route-service,99ad163a2adf3497,6b7722d984939708,93a75238bc2347c,2213,200,queryById,ts-travel-service
1650486701,ts-travel-service,c2bebb268f60f7df,93a75238bc2347c,93a75238bc2347c,11333,200,GET,ts-travel-service
1650486701,ts-travel-service,21c7703ffe9109b6,93a75238bc2347c,93a75238bc2347c,8590,200,GET,ts-travel-service
1650486701,ts-route-service,3f718fa04d88ea47,60629c7fac8810fe,93a75238bc2347c,2691,200,queryById,ts-travel-service
1650486701,ts-station-service,d187b3c4e745d876,70bec531d74213b8,93a75238bc2347c,2258,200,queryForStationId,ts-basic-service
1650486701,ts-preserve-service,4011ff8c24f6c0a9,f4ade086b6061f17,f4ade086b6061f17,4064,200,GET,ts-preserve-service
1650486701,ts-preserve-service,f4ade086b6061f17,,f4ade086b6061f17,22719,200,preserve,no_parent
1650486701,ts-preserve-service,4bc7144855781f21,f4ade086b6061f17,f4ade086b6061f17,15472,200,GET,ts-preserve-service
1650486701,ts-order-other-service,21a168aed4bf42e3,a5ecfc73223e02cc,f4ade086b6061f17,3118,200,securityInfoCheck,ts-security-service
1650486701,ts-order-service,b5e658dfedc28803,,b5e658dfedc28803,12327,200,queryOrdersForRefresh,no_parent
1650486701,ts-order-service,e91f6a1abf5ff804,b5e658dfedc28803,b5e658dfedc28803,9237,200,POST,ts-order-service
1650486701,ts-security-service,77f6ddf75fbc5533,4bc7144855781f21,f4ade086b6061f17,13806,200,check,ts-preserve-service
1650486701,ts-security-service,302cfda26a4d1936,77f6ddf75fbc5533,f4ade086b6061f17,4906,200,GET,ts-security-service
1650486701,ts-security-service,a5ecfc73223e02cc,77f6ddf75fbc5533,f4ade086b6061f17,4398,200,GET,ts-security-service
1650486701,ts-contacts-service,69a657239ed165d0,4011ff8c24f6c0a9,f4ade086b6061f17,2959,200,getContactsByContactsId,ts-preserve-service
1650486701,ts-ticketinfo-service,ceacc417ae4e48dd,1f507d3ff92a5f2a,93a75238bc2347c,6140,200,GET,ts-ticketinfo-service
1650486701,ts-order-service,fdd5cbb2831d0bad,302cfda26a4d1936,f4ade086b6061f17,3524,200,securityInfoCheck,ts-security-service
1650486701,ts-assurance-service,faa4de155827812b,,faa4de155827812b,1623,200,getAllAssuranceType,no_parent
1650486701,ts-station-service,a2adb3e8add2b1cd,e91f6a1abf5ff804,b5e658dfedc28803,7702,200,queryForNameBatch,ts-order-service
1650486701,ts-contacts-service,e4355915ece9f865,,e4355915ece9f865,3632,200,findContactsByAccountId,no_parent
1650486761,ts-auth-service,624aed204ee99002,e1a3bc617622af,e1a3bc617622af,4026,200,GET,ts-auth-service
1650486761,ts-auth-service,e1a3bc617622af,,e1a3bc617622af,114967,200,getToken,no_parent
1650486761,ts-travel-service,6218e869f6cbf24e,107c17d0f0a97f45,107c17d0f0a97f45,3917,200,GET,ts-travel-service
1650486761,ts-basic-service,f434168057d1fde5,43ba33dd6e3e63f9,107c17d0f0a97f45,6170,200,queryForStationId,ts-ticketinfo-service
1650486761,ts-basic-service,91d3bb31577ea89b,8cefa8857ab10edf,107c17d0f0a97f45,2849,200,GET,ts-basic-service
1650486761,ts-basic-service,8cefa8857ab10edf,2e0dd164ecdac6ae,107c17d0f0a97f45,4822,200,queryForStationId,ts-ticketinfo-service
1650486761,ts-travel-service,107c17d0f0a97f45,,107c17d0f0a97f45,42071,200,queryInfo,no_parent
1650486761,ts-travel-service,d9edc69d1fe5c055,107c17d0f0a97f45,107c17d0f0a97f45,2547,200,GET,ts-travel-service
1650486761,ts-preserve-service,1a2aca6ca056ee0f,d53672af2a195b34,d53672af2a195b34,3367,200,GET,ts-preserve-service
1650486761,ts-order-other-service,afd5ca1f58491165,ca8bd6a9e2f47377,d53672af2a195b34,3218,200,securityInfoCheck,ts-security-service
1650486761,ts-security-service,52ec105f4a884cb,84377d5ae4637b4a,d53672af2a195b34,5372,200,GET,ts-security-service
1650486761,ts-security-service,84377d5ae4637b4a,fbf7e131ef48a6cd,d53672af2a195b34,14142,200,check,ts-preserve-service
1650486761,ts-travel-service,a3512a2ff129e716,107c17d0f0a97f45,107c17d0f0a97f45,7992,200,GET,ts-travel-service
1650486761,ts-ticketinfo-service,fcdba062ce349287,7f6af1f972167da6,107c17d0f0a97f45,9610,200,queryForStationId,ts-travel-service
1650486761,ts-ticketinfo-service,1e354b02932a6d06,a3512a2ff129e716,107c17d0f0a97f45,7526,200,queryForStationId,ts-travel-service
1650486761,ts-ticketinfo-service,2e0dd164ecdac6ae,1e354b02932a6d06,107c17d0f0a97f45,5485,200,GET,ts-ticketinfo-service
1650486761,ts-travel-service,7f6af1f972167da6,107c17d0f0a97f45,107c17d0f0a97f45,11027,200,GET,ts-travel-service
1650486761,ts-basic-service,9ffacd02ca5397bc,f434168057d1fde5,107c17d0f0a97f45,3780,200,GET,ts-basic-service
1650486761,ts-station-service,c43e424d5997fee,9ffacd02ca5397bc,107c17d0f0a97f45,2253,200,queryForStationId,ts-basic-service
1650486761,ts-station-service,34a2e271b939a673,91d3bb31577ea89b,107c17d0f0a97f45,2152,200,queryForStationId,ts-basic-service
1650486761,ts-route-service,a245835f19e28206,6218e869f6cbf24e,107c17d0f0a97f45,2643,200,queryById,ts-travel-service
1650486761,ts-contacts-service,2b344df5f1cf47e3,1a2aca6ca056ee0f,d53672af2a195b34,2117,200,getContactsByContactsId,ts-preserve-service
1650486761,ts-order-service,5a9cea2c20cc10fb,52ec105f4a884cb,d53672af2a195b34,3490,200,securityInfoCheck,ts-security-service
1650486761,ts-security-service,ca8bd6a9e2f47377,84377d5ae4637b4a,d53672af2a195b34,4312,200,GET,ts-security-service
1650486761,ts-preserve-service,fbf7e131ef48a6cd,d53672af2a195b34,d53672af2a195b34,15739,200,GET,ts-preserve-service
1650486761,ts-preserve-service,d53672af2a195b34,,d53672af2a195b34,21915,200,preserve,no_parent
1650486761,ts-order-service,2fbd8c9763837508,,2fbd8c9763837508,12556,200,queryOrdersForRefresh,no_parent
1650486761,ts-order-service,d67deb6f1917142f,2fbd8c9763837508,2fbd8c9763837508,9121,200,POST,ts-order-service
1650486761,ts-station-service,68fbb399ca192dd7,d67deb6f1917142f,2fbd8c9763837508,7635,200,queryForNameBatch,ts-order-service
1650486761,ts-verification-code-service,4c18b5669de68a88,,4c18b5669de68a88,3041,200,imageCode,no_parent
1650486761,ts-verification-code-service,a9795dffbe8bdd9d,624aed204ee99002,e1a3bc617622af,2356,200,verifyCode,ts-auth-service
1650486761,ts-contacts-service,48af0129a930abaf,,48af0129a930abaf,3046,200,findContactsByAccountId,no_parent
1650486761,ts-travel-service,a358027dc99b50e4,107c17d0f0a97f45,107c17d0f0a97f45,2299,200,GET,ts-travel-service
1650486761,ts-route-service,79e75cbedc44dd46,482dd74d5e159f99,107c17d0f0a97f45,2120,200,queryById,ts-travel-service
1650486761,ts-route-service,a139de27d5c05ffd,d9edc69d1fe5c055,107c17d0f0a97f45,2112,200,queryById,ts-travel-service
1650486761,ts-route-service,451386f995511492,3ae1911eeff2819d,107c17d0f0a97f45,2116,200,queryById,ts-travel-service
1650486761,ts-route-service,a0ca8848ccdc6f8e,a358027dc99b50e4,107c17d0f0a97f45,2168,200,queryById,ts-travel-service
1650486761,ts-ticketinfo-service,43ba33dd6e3e63f9,fcdba062ce349287,107c17d0f0a97f45,7282,200,GET,ts-ticketinfo-service
1650486761,ts-travel-service,3ae1911eeff2819d,107c17d0f0a97f45,107c17d0f0a97f45,2220,200,GET,ts-travel-service
1650486761,ts-assurance-service,e9f900bd87bc2e40,,e9f900bd87bc2e40,1631,200,getAllAssuranceType,no_parent
1650486761,ts-travel-service,482dd74d5e159f99,107c17d0f0a97f45,107c17d0f0a97f45,2247,200,GET,ts-travel-service
1650486821,ts-travel-service,48c2535a9ada7e6d,d33d4535c3aff7e3,d33d4535c3aff7e3,2651,200,GET,ts-travel-service
1650486821,ts-auth-service,831da5d221f5ddc7,,831da5d221f5ddc7,113167,200,getToken,no_parent
1650486821,ts-station-service,7f9d737de1b78a3c,4ae710114b1c02f3,d33d4535c3aff7e3,2072,200,queryForStationId,ts-basic-service
1650486821,ts-auth-service,61487af8bc29195c,831da5d221f5ddc7,831da5d221f5ddc7,3787,200,GET,ts-auth-service
1650486821,ts-order-service,48e472783927dbfb,7678a6480d4d1e4e,8eb24e01cec21372,3486,200,securityInfoCheck,ts-security-service
1650486821,ts-preserve-service,56f1adf05c178352,8eb24e01cec21372,8eb24e01cec21372,3958,200,GET,ts-preserve-service
1650486821,ts-preserve-service,5d5be8599ce96726,8eb24e01cec21372,8eb24e01cec21372,15681,200,GET,ts-preserve-service
1650486821,ts-travel-service,4bb547ff74cf106,d33d4535c3aff7e3,d33d4535c3aff7e3,10880,200,GET,ts-travel-service
1650486821,ts-route-service,61e88e08a59ca1f6,b5cc42555246a988,d33d4535c3aff7e3,2166,200,queryById,ts-travel-service
1650486821,ts-route-service,21e32ba9211950ad,287f0152ce4ea8f5,d33d4535c3aff7e3,2115,200,queryById,ts-travel-service
1650486821,ts-ticketinfo-service,1f7999491530f5fe,31b64385a256b2b3,d33d4535c3aff7e3,7063,200,GET,ts-ticketinfo-service
1650486821,ts-route-service,1833b491d2e9944,48c2535a9ada7e6d,d33d4535c3aff7e3,2205,200,queryById,ts-travel-service
1650486821,ts-route-service,15c15f88f4875a32,ac932f18cbdf2436,d33d4535c3aff7e3,2166,200,queryById,ts-travel-service
1650486821,ts-basic-service,7aa93750680d8648,af5edb79e01a7e6b,d33d4535c3aff7e3,3404,200,GET,ts-basic-service
1650486821,ts-basic-service,af5edb79e01a7e6b,1f7999491530f5fe,d33d4535c3aff7e3,5877,200,queryForStationId,ts-ticketinfo-service
1650486821,ts-basic-service,4ae710114b1c02f3,36b72eef25170d06,d33d4535c3aff7e3,2764,200,GET,ts-basic-service
1650486821,ts-travel-service,9f26ac06eb1f5b97,d33d4535c3aff7e3,d33d4535c3aff7e3,3932,200,GET,ts-travel-service
1650486821,ts-travel-service,287f0152ce4ea8f5,d33d4535c3aff7e3,d33d4535c3aff7e3,2221,200,GET,ts-travel-service
1650486821,ts-travel-service,ac932f18cbdf2436,d33d4535c3aff7e3,d33d4535c3aff7e3,2272,200,GET,ts-travel-service
1650486821,ts-route-service,424e840ffdacd567,9f26ac06eb1f5b97,d33d4535c3aff7e3,2636,200,queryById,ts-travel-service
1650486821,ts-order-service,46d39c5dd8da52cc,,46d39c5dd8da52cc,12176,200,queryOrdersForRefresh,no_parent
1650486821,ts-basic-service,36b72eef25170d06,93fbedb64d02e4f,d33d4535c3aff7e3,4709,200,queryForStationId,ts-ticketinfo-service
1650486821,ts-travel-service,d33d4535c3aff7e3,,d33d4535c3aff7e3,41049,200,queryInfo,no_parent
1650486821,ts-preserve-service,8eb24e01cec21372,,8eb24e01cec21372,22453,200,preserve,no_parent
1650486821,ts-order-other-service,bb7bffd0d5d34395,894cccfae301d62d,8eb24e01cec21372,3121,200,securityInfoCheck,ts-security-service
1650486821,ts-ticketinfo-service,31b64385a256b2b3,4bb547ff74cf106,d33d4535c3aff7e3,9390,200,queryForStationId,ts-travel-service
1650486821,ts-security-service,eb300b40757bdb8a,5d5be8599ce96726,8eb24e01cec21372,14090,200,check,ts-preserve-service
1650486821,ts-contacts-service,b1f0beaf0827998f,56f1adf05c178352,8eb24e01cec21372,2240,200,getContactsByContactsId,ts-preserve-service
1650486821,ts-ticketinfo-service,5e493c4891cdd591,af6056bb59adcf13,d33d4535c3aff7e3,7425,200,queryForStationId,ts-travel-service
1650486821,ts-security-service,894cccfae301d62d,eb300b40757bdb8a,8eb24e01cec21372,4445,200,GET,ts-security-service
1650486821,ts-security-service,7678a6480d4d1e4e,eb300b40757bdb8a,8eb24e01cec21372,4989,200,GET,ts-security-service
1650486821,ts-ticketinfo-service,93fbedb64d02e4f,5e493c4891cdd591,d33d4535c3aff7e3,5495,200,GET,ts-ticketinfo-service
1650486821,ts-order-service,f41b183684366c27,46d39c5dd8da52cc,46d39c5dd8da52cc,9125,200,POST,ts-order-service
1650486821,ts-station-service,24b74fe35a51fb71,f41b183684366c27,46d39c5dd8da52cc,7671,200,queryForNameBatch,ts-order-service
1650486821,ts-station-service,9037c332f2ae7156,7aa93750680d8648,d33d4535c3aff7e3,2235,200,queryForStationId,ts-basic-service
1650486821,ts-travel-service,af6056bb59adcf13,d33d4535c3aff7e3,d33d4535c3aff7e3,7883,200,GET,ts-travel-service
1650486821,ts-contacts-service,a9f537f9f947baf5,,a9f537f9f947baf5,2805,200,findContactsByAccountId,no_parent
1650486821,ts-travel-service,b5cc42555246a988,d33d4535c3aff7e3,d33d4535c3aff7e3,2292,200,GET,ts-travel-service
1650486821,ts-verification-code-service,81f4f50c23df90f6,61487af8bc29195c,831da5d221f5ddc7,2043,200,verifyCode,ts-auth-service
1650486821,ts-assurance-service,1a6aaa1f27f2a9a9,,1a6aaa1f27f2a9a9,1808,200,getAllAssuranceType,no_parent
1650486821,ts-verification-code-service,b23ff0d02a4d3aa2,,b23ff0d02a4d3aa2,3197,200,imageCode,no_parent
1650486881,ts-contacts-service,c3ee7813743416f0,6865b48c2e405220,6da3b6bb3c05b520,2392,200,getContactsByContactsId,ts-preserve-service
1650486881,ts-security-service,f4501b9f4e2ef2bd,2c01e4078c4e7d11,6da3b6bb3c05b520,4558,200,GET,ts-security-service
1650486881,ts-security-service,2c01e4078c4e7d11,3826a90bd53f7718,6da3b6bb3c05b520,13703,200,check,ts-preserve-service
1650486881,ts-security-service,1943b23fa19d34cc,2c01e4078c4e7d11,6da3b6bb3c05b520,4313,200,GET,ts-security-service
1650486881,ts-preserve-service,6da3b6bb3c05b520,,6da3b6bb3c05b520,21631,200,preserve,no_parent
1650486881,ts-preserve-service,6865b48c2e405220,6da3b6bb3c05b520,6da3b6bb3c05b520,3802,200,GET,ts-preserve-service
1650486881,ts-preserve-service,3826a90bd53f7718,6da3b6bb3c05b520,6da3b6bb3c05b520,14886,200,GET,ts-preserve-service
1650486881,ts-order-service,bff363862fe8f771,f4501b9f4e2ef2bd,6da3b6bb3c05b520,3185,200,securityInfoCheck,ts-security-service
1650486881,ts-order-other-service,8d0e95f0aeeb14ab,1943b23fa19d34cc,6da3b6bb3c05b520,3027,200,securityInfoCheck,ts-security-service
1650486881,ts-contacts-service,1cb6cd782cb67ce4,,1cb6cd782cb67ce4,3010,200,findContactsByAccountId,no_parent
1650486881,ts-order-service,e4928e6181b9e63c,,e4928e6181b9e63c,19327,200,queryOrdersForRefresh,no_parent
1650486881,ts-order-service,990fa6e3888bd14a,e4928e6181b9e63c,e4928e6181b9e63c,16326,200,POST,ts-order-service
1650486881,ts-station-service,1262109387b436bf,990fa6e3888bd14a,e4928e6181b9e63c,14809,200,queryForNameBatch,ts-order-service
1650486881,ts-verification-code-service,b2ed22a01db6431d,,b2ed22a01db6431d,2984,200,imageCode,no_parent
1650486882,ts-station-service,b900b277777def3,f3110fc1156814e6,e3aec4d167f3a78a,2446,200,queryForStationId,ts-basic-service
1650486882,ts-route-service,94c898d3e76a9164,bcfeea9eb57239f7,e3aec4d167f3a78a,2186,200,queryById,ts-travel-service
1650486882,ts-route-service,2f104565c53b9ee7,5a3fa88b0e8942ba,e3aec4d167f3a78a,2135,200,queryById,ts-travel-service
1650486882,ts-route-service,2561ff4d591b149,dd3da3f88cbd864a,e3aec4d167f3a78a,2097,200,queryById,ts-travel-service
1650486882,ts-route-service,545d8391659086e4,c079c04c687dea0e,e3aec4d167f3a78a,2160,200,queryById,ts-travel-service
1650486882,ts-travel-service,c9970add369eaeb8,e3aec4d167f3a78a,e3aec4d167f3a78a,11191,200,GET,ts-travel-service
1650486882,ts-auth-service,af29aa6f56629e74,73eab24b7473b947,73eab24b7473b947,4152,200,GET,ts-auth-service
1650486882,ts-verification-code-service,8ecce6cf331e8865,af29aa6f56629e74,73eab24b7473b947,2321,200,verifyCode,ts-auth-service
1650486882,ts-travel-service,2055f0d1bcdf18fc,e3aec4d167f3a78a,e3aec4d167f3a78a,14918,200,GET,ts-travel-service
1650486882,ts-travel-service,dd3da3f88cbd864a,e3aec4d167f3a78a,e3aec4d167f3a78a,2510,200,GET,ts-travel-service
1650486882,ts-travel-service,5a3fa88b0e8942ba,e3aec4d167f3a78a,e3aec4d167f3a78a,2237,200,GET,ts-travel-service
1650486882,ts-travel-service,c079c04c687dea0e,e3aec4d167f3a78a,e3aec4d167f3a78a,2288,200,GET,ts-travel-service
1650486882,ts-ticketinfo-service,4c8c4063ab1cf26c,c9970add369eaeb8,e3aec4d167f3a78a,9586,200,queryForStationId,ts-travel-service
1650486882,ts-travel-service,9d90d7347c65b077,e3aec4d167f3a78a,e3aec4d167f3a78a,3908,200,GET,ts-travel-service
1650486882,ts-ticketinfo-service,2d1f6bfe85602814,4c8c4063ab1cf26c,e3aec4d167f3a78a,7291,200,GET,ts-ticketinfo-service
1650486882,ts-travel-service,bcfeea9eb57239f7,e3aec4d167f3a78a,e3aec4d167f3a78a,2310,200,GET,ts-travel-service
1650486882,ts-ticketinfo-service,1361c99a1a26a4fb,f8764d1cbe9f7398,e3aec4d167f3a78a,12307,200,GET,ts-ticketinfo-service
1650486882,ts-ticketinfo-service,f8764d1cbe9f7398,2055f0d1bcdf18fc,e3aec4d167f3a78a,14508,200,queryForStationId,ts-travel-service
1650486882,ts-route-service,22586368300a26bb,9d90d7347c65b077,e3aec4d167f3a78a,2598,200,queryById,ts-travel-service
1650486882,ts-travel-service,e3aec4d167f3a78a,,e3aec4d167f3a78a,48184,200,queryInfo,no_parent
1650486882,ts-basic-service,e47c48865fbf92a6,acfcc6c2ad8c23f7,e3aec4d167f3a78a,2766,200,GET,ts-basic-service
1650486882,ts-basic-service,f3110fc1156814e6,d4bd383d32b1b14,e3aec4d167f3a78a,3617,200,GET,ts-basic-service
1650486882,ts-basic-service,d4bd383d32b1b14,2d1f6bfe85602814,e3aec4d167f3a78a,6097,200,queryForStationId,ts-ticketinfo-service
1650486882,ts-station-service,ac4b9c3d5df338a6,e47c48865fbf92a6,e3aec4d167f3a78a,2061,200,queryForStationId,ts-basic-service
1650486882,ts-basic-service,acfcc6c2ad8c23f7,1361c99a1a26a4fb,e3aec4d167f3a78a,11668,200,queryForStationId,ts-ticketinfo-service
1650486882,ts-auth-service,73eab24b7473b947,,73eab24b7473b947,114055,200,getToken,no_parent
1650486882,ts-assurance-service,ef8ac82ce31892b5,,ef8ac82ce31892b5,1597,200,getAllAssuranceType,no_parent
1650486942,ts-station-service,72b6c53be3adaca9,d81f87304e598368,5d0243522ca26bdc,2374,200,queryForStationId,ts-basic-service
1650486942,ts-station-service,ff2f95e695d5400e,3cbea9ef7805b6e4,5d0243522ca26bdc,2022,200,queryForStationId,ts-basic-service
1650486942,ts-basic-service,b0913f47ad5a429d,bf7f116e4b2faa5a,5d0243522ca26bdc,4677,200,queryForStationId,ts-ticketinfo-service
1650486942,ts-preserve-service,e7d78a20e8db26b6,,e7d78a20e8db26b6,22213,200,preserve,no_parent
1650486942,ts-route-service,55dd507a8191831b,e483137cf88519b5,5d0243522ca26bdc,2717,200,queryById,ts-travel-service
1650486942,ts-travel-service,5d0243522ca26bdc,,5d0243522ca26bdc,49284,200,queryInfo,no_parent
1650486942,ts-basic-service,f9b02ff4f0c18b11,fd95828ab1492f23,5d0243522ca26bdc,5965,200,queryForStationId,ts-ticketinfo-service
1650486942,ts-auth-service,896a05b34ea919ed,358bb078fc43944c,358bb078fc43944c,3697,200,GET,ts-auth-service
1650486942,ts-auth-service,358bb078fc43944c,,358bb078fc43944c,112154,200,getToken,no_parent
1650486942,ts-ticketinfo-service,2333de404799a355,ad35555bd6393ba,5d0243522ca26bdc,7450,200,queryForStationId,ts-travel-service
1650486942,ts-ticketinfo-service,bf7f116e4b2faa5a,2333de404799a355,5d0243522ca26bdc,5425,200,GET,ts-ticketinfo-service
1650486942,ts-travel-service,e483137cf88519b5,5d0243522ca26bdc,5d0243522ca26bdc,4046,200,GET,ts-travel-service
1650486942,ts-route-service,716b9217e0c16828,cec83497174c9c19,5d0243522ca26bdc,2212,200,queryById,ts-travel-service
1650486942,ts-route-service,72dac6dbfc618542,e11b8696540b1b5c,5d0243522ca26bdc,2171,200,queryById,ts-travel-service
1650486942,ts-travel-service,47063a7187aa10b4,5d0243522ca26bdc,5d0243522ca26bdc,9185,200,GET,ts-travel-service
1650486942,ts-ticketinfo-service,486395a5ff8d7b04,752fd5ad4f6b2a07,5d0243522ca26bdc,9527,200,queryForStationId,ts-travel-service
1650486942,ts-security-service,6807c56a43ae4c4b,a1a4f77bc9ed650e,e7d78a20e8db26b6,14234,200,check,ts-preserve-service
1650486942,ts-security-service,5f9b6e9b39da0bb0,6807c56a43ae4c4b,e7d78a20e8db26b6,4556,200,GET,ts-security-service
1650486942,ts-security-service,43fa794f2ef8d693,6807c56a43ae4c4b,e7d78a20e8db26b6,4856,200,GET,ts-security-service
1650486942,ts-travel-service,ad35555bd6393ba,5d0243522ca26bdc,5d0243522ca26bdc,7967,200,GET,ts-travel-service
1650486942,ts-ticketinfo-service,fd95828ab1492f23,486395a5ff8d7b04,5d0243522ca26bdc,7231,200,GET,ts-ticketinfo-service
1650486942,ts-basic-service,3cbea9ef7805b6e4,b0913f47ad5a429d,5d0243522ca26bdc,2635,200,GET,ts-basic-service
1650486942,ts-route-service,df35477fd93a2b5b,4a8ff46beebb1907,5d0243522ca26bdc,2186,200,queryById,ts-travel-service
1650486942,ts-route-service,29702c4fbf3533ae,47063a7187aa10b4,5d0243522ca26bdc,9064,200,queryById,ts-travel-service
1650486942,ts-travel-service,4a8ff46beebb1907,5d0243522ca26bdc,5d0243522ca26bdc,2278,200,GET,ts-travel-service
1650486942,ts-travel-service,cec83497174c9c19,5d0243522ca26bdc,5d0243522ca26bdc,2645,200,GET,ts-travel-service
1650486942,ts-preserve-service,42fef309e71789bc,e7d78a20e8db26b6,e7d78a20e8db26b6,3639,200,GET,ts-preserve-service
1650486942,ts-order-service,21c19fb755ee6181,8b59b3f604cc2a7e,8b59b3f604cc2a7e,9210,200,POST,ts-order-service
1650486942,ts-order-service,8b59b3f604cc2a7e,,8b59b3f604cc2a7e,12180,200,queryOrdersForRefresh,no_parent
1650486942,ts-basic-service,d81f87304e598368,f9b02ff4f0c18b11,5d0243522ca26bdc,3519,200,GET,ts-basic-service
1650486942,ts-verification-code-service,594f804acf2adf9f,896a05b34ea919ed,358bb078fc43944c,1990,200,verifyCode,ts-auth-service
1650486942,ts-contacts-service,7ab866fc4c9ca83e,42fef309e71789bc,e7d78a20e8db26b6,2410,200,getContactsByContactsId,ts-preserve-service
1650486942,ts-verification-code-service,f3f9b4ba024847d8,,f3f9b4ba024847d8,3271,200,imageCode,no_parent
1650486942,ts-assurance-service,9ad6ebc9cf56756e,,9ad6ebc9cf56756e,1774,200,getAllAssuranceType,no_parent
1650486942,ts-travel-service,e11b8696540b1b5c,5d0243522ca26bdc,5d0243522ca26bdc,2299,200,GET,ts-travel-service
1650486942,ts-order-service,c5b0be902bb79b8f,43fa794f2ef8d693,e7d78a20e8db26b6,3680,200,securityInfoCheck,ts-security-service
1650486942,ts-preserve-service,a1a4f77bc9ed650e,e7d78a20e8db26b6,e7d78a20e8db26b6,15877,200,GET,ts-preserve-service
1650486942,ts-order-other-service,7e6378c3ce5a9fbd,5f9b6e9b39da0bb0,e7d78a20e8db26b6,3209,200,securityInfoCheck,ts-security-service
1650486942,ts-travel-service,752fd5ad4f6b2a07,5d0243522ca26bdc,5d0243522ca26bdc,11206,200,GET,ts-travel-service
1650486942,ts-station-service,7eb566f55eda6890,21c19fb755ee6181,8b59b3f604cc2a7e,7699,200,queryForNameBatch,ts-order-service
1650486942,ts-contacts-service,5d8f014b39fbd0d1,,5d8f014b39fbd0d1,3040,200,findContactsByAccountId,no_parent
1650487002,ts-auth-service,273490e55fe2e298,,273490e55fe2e298,114233,200,getToken,no_parent
1650487002,ts-auth-service,61d7fdea1291ca0d,273490e55fe2e298,273490e55fe2e298,3719,200,GET,ts-auth-service
1650487002,ts-verification-code-service,3238e8e5ce7bd7a1,61d7fdea1291ca0d,273490e55fe2e298,2057,200,verifyCode,ts-auth-service
1650487002,ts-travel-service,60b5ccfa9881ad4,f36166c162012d3b,f36166c162012d3b,7785,200,GET,ts-travel-service
1650487002,ts-travel-service,1a31dcb086712c54,f36166c162012d3b,f36166c162012d3b,2333,200,GET,ts-travel-service
1650487002,ts-travel-service,e9ef478b065b9da0,f36166c162012d3b,f36166c162012d3b,2310,200,GET,ts-travel-service
1650487002,ts-travel-service,61524d863feca723,f36166c162012d3b,f36166c162012d3b,2289,200,GET,ts-travel-service
1650487002,ts-travel-service,f36166c162012d3b,,f36166c162012d3b,41753,200,queryInfo,no_parent
1650487002,ts-basic-service,3a77a54dba54cb19,3111108927183a74,f36166c162012d3b,5685,200,queryForStationId,ts-ticketinfo-service
1650487002,ts-basic-service,7db7ae424b80cac1,cfe3c172da946540,f36166c162012d3b,4735,200,queryForStationId,ts-ticketinfo-service
1650487002,ts-basic-service,78e8e1349c23aab2,3a77a54dba54cb19,f36166c162012d3b,3419,200,GET,ts-basic-service
1650487002,ts-station-service,b47826a489159abf,8f4f55a275df0eab,f36166c162012d3b,2063,200,queryForStationId,ts-basic-service
1650487002,ts-travel-service,972b5eb60dcfcae2,f36166c162012d3b,f36166c162012d3b,10919,200,GET,ts-travel-service
1650487002,ts-ticketinfo-service,9b253780a61dedc8,972b5eb60dcfcae2,f36166c162012d3b,9091,200,queryForStationId,ts-travel-service
1650487002,ts-ticketinfo-service,d479b9c9f5cf8555,60b5ccfa9881ad4,f36166c162012d3b,7389,200,queryForStationId,ts-travel-service
1650487002,ts-route-service,a81c6357215e9ef4,7ca58a2881cfdc97,f36166c162012d3b,2710,200,queryById,ts-travel-service
1650487002,ts-route-service,b0b56649c3a9ac9a,b880c2fa0869db5d,f36166c162012d3b,2469,200,queryById,ts-travel-service
1650487002,ts-security-service,1fde67e2d66fb75d,4e3d8ab66ffa1928,f892b060f6990201,13865,200,check,ts-preserve-service
1650487002,ts-order-service,85570bc707ed708e,58abf995390559cd,58abf995390559cd,9418,200,POST,ts-order-service
1650487002,ts-order-service,58abf995390559cd,,58abf995390559cd,12533,200,queryOrdersForRefresh,no_parent
1650487002,ts-station-service,786908f332a5050e,85570bc707ed708e,58abf995390559cd,7970,200,queryForNameBatch,ts-order-service
1650487002,ts-ticketinfo-service,cfe3c172da946540,d479b9c9f5cf8555,f36166c162012d3b,5423,200,GET,ts-ticketinfo-service
1650487002,ts-travel-service,7ca58a2881cfdc97,f36166c162012d3b,f36166c162012d3b,4035,200,GET,ts-travel-service
1650487002,ts-route-service,9a571adf87419869,e9ef478b065b9da0,f36166c162012d3b,2170,200,queryById,ts-travel-service
1650487002,ts-contacts-service,37a8e1027e1c18b9,b4fe840243de9bca,f892b060f6990201,2246,200,getContactsByContactsId,ts-preserve-service
1650487002,ts-order-service,48e79ed77df56d03,a7114af6c9919576,f892b060f6990201,3448,200,securityInfoCheck,ts-security-service
1650487002,ts-security-service,a7114af6c9919576,1fde67e2d66fb75d,f892b060f6990201,4847,200,GET,ts-security-service
1650487002,ts-security-service,757caacb95602c66,1fde67e2d66fb75d,f892b060f6990201,4525,200,GET,ts-security-service
1650487002,ts-travel-service,b880c2fa0869db5d,f36166c162012d3b,f36166c162012d3b,2937,200,GET,ts-travel-service
1650487002,ts-route-service,453f350f5a49ed1a,61524d863feca723,f36166c162012d3b,2140,200,queryById,ts-travel-service
1650487002,ts-contacts-service,c2d508898e07ecd4,,c2d508898e07ecd4,2997,200,findContactsByAccountId,no_parent
1650487002,ts-preserve-service,b4fe840243de9bca,f892b060f6990201,f892b060f6990201,3544,200,GET,ts-preserve-service
1650487002,ts-preserve-service,f892b060f6990201,,f892b060f6990201,21884,200,preserve,no_parent
1650487002,ts-order-other-service,bcaaf8ef60e33590,757caacb95602c66,f892b060f6990201,3156,200,securityInfoCheck,ts-security-service
1650487002,ts-verification-code-service,9dd61a853622c09b,,9dd61a853622c09b,3005,200,imageCode,no_parent
1650487002,ts-route-service,80cac9596daab198,1a31dcb086712c54,f36166c162012d3b,2191,200,queryById,ts-travel-service
1650487002,ts-basic-service,8f4f55a275df0eab,7db7ae424b80cac1,f36166c162012d3b,2713,200,GET,ts-basic-service
1650487002,ts-ticketinfo-service,3111108927183a74,9b253780a61dedc8,f36166c162012d3b,6714,200,GET,ts-ticketinfo-service
1650487002,ts-preserve-service,4e3d8ab66ffa1928,f892b060f6990201,f892b060f6990201,15513,200,GET,ts-preserve-service
1650487002,ts-station-service,b080b46f5b1316c3,78e8e1349c23aab2,f36166c162012d3b,2299,200,queryForStationId,ts-basic-service
1650487002,ts-assurance-service,b1ae19a16f592a64,,b1ae19a16f592a64,1578,200,getAllAssuranceType,no_parent
1650487062,ts-travel-service,c7b5899e6dbef12d,9eb78703c663c417,9eb78703c663c417,12406,200,GET,ts-travel-service
1650487062,ts-station-service,65bb78c1d47c6e3c,1ca909f777c90275,9eb78703c663c417,3118,200,queryForStationId,ts-basic-service
1650487062,ts-order-service,2f1aca7a99a18fc3,8b3eb31aa7d20857,8efed1117b1db096,3488,200,securityInfoCheck,ts-security-service
1650487062,ts-preserve-service,f1bd3f5ae06e4605,8efed1117b1db096,8efed1117b1db096,15803,200,GET,ts-preserve-service
1650487062,ts-preserve-service,d6d4c4ff17d88772,8efed1117b1db096,8efed1117b1db096,3327,200,GET,ts-preserve-service
1650487062,ts-preserve-service,8efed1117b1db096,,8efed1117b1db096,22161,200,preserve,no_parent
1650487062,ts-security-service,69f623e5370b4212,c872a89c83f04c3e,8efed1117b1db096,4660,200,GET,ts-security-service
1650487062,ts-order-service,ae72d3d4e7979988,,ae72d3d4e7979988,12956,200,queryOrdersForRefresh,no_parent
1650487062,ts-order-other-service,6f30c81829103977,69f623e5370b4212,8efed1117b1db096,3314,200,securityInfoCheck,ts-security-service
1650487062,ts-ticketinfo-service,d72d5b77d3cbeace,97859a3f5dbfe919,9eb78703c663c417,8371,200,GET,ts-ticketinfo-service
1650487062,ts-basic-service,1ca909f777c90275,bd31acf00d987096,9eb78703c663c417,4310,200,GET,ts-basic-service
1650487062,ts-basic-service,bd31acf00d987096,d72d5b77d3cbeace,9eb78703c663c417,7226,200,queryForStationId,ts-ticketinfo-service
1650487062,ts-travel-service,9eb78703c663c417,,9eb78703c663c417,42195,200,queryInfo,no_parent
1650487062,ts-ticketinfo-service,97859a3f5dbfe919,c7b5899e6dbef12d,9eb78703c663c417,10969,200,queryForStationId,ts-travel-service
1650487062,ts-security-service,8b3eb31aa7d20857,c872a89c83f04c3e,8efed1117b1db096,4946,200,GET,ts-security-service
1650487062,ts-station-service,4edc9073cdffe1a7,b4a223ceedb366f3,ae72d3d4e7979988,8098,200,queryForNameBatch,ts-order-service
1650487062,ts-contacts-service,b02bcf91f3f7fe41,d6d4c4ff17d88772,8efed1117b1db096,2047,200,getContactsByContactsId,ts-preserve-service
1650487062,ts-security-service,c872a89c83f04c3e,f1bd3f5ae06e4605,8efed1117b1db096,14111,200,check,ts-preserve-service
1650487062,ts-auth-service,decf6312c1203517,60396b3b43cc5e11,60396b3b43cc5e11,3910,200,GET,ts-auth-service
1650487062,ts-order-service,b4a223ceedb366f3,ae72d3d4e7979988,ae72d3d4e7979988,9559,200,POST,ts-order-service
1650487062,ts-contacts-service,99ff0886d30ff86b,,99ff0886d30ff86b,3003,200,findContactsByAccountId,no_parent
1650487062,ts-auth-service,60396b3b43cc5e11,,60396b3b43cc5e11,108867,200,getToken,no_parent
1650487062,ts-verification-code-service,ef5a23e19a56bf11,decf6312c1203517,60396b3b43cc5e11,2122,200,verifyCode,ts-auth-service
1650487062,ts-verification-code-service,53b31a12b2abd134,,53b31a12b2abd134,2989,200,imageCode,no_parent
1650487063,ts-travel-service,44c8e6d0fce7991a,9eb78703c663c417,9eb78703c663c417,1869,200,GET,ts-travel-service
1650487063,ts-travel-service,98ae0d2af90c74bc,9eb78703c663c417,9eb78703c663c417,4034,200,GET,ts-travel-service
1650487063,ts-travel-service,ede504dcf8221178,9eb78703c663c417,9eb78703c663c417,2212,200,GET,ts-travel-service
1650487063,ts-travel-service,d3cb1e97544b47c0,9eb78703c663c417,9eb78703c663c417,8376,200,GET,ts-travel-service
1650487063,ts-basic-service,76ff640238748dbf,80d5950cbf841b53,9eb78703c663c417,5276,200,queryForStationId,ts-ticketinfo-service
1650487063,ts-route-service,23d1efd4e4014319,8205b3f1dd693087,9eb78703c663c417,1534,200,queryById,ts-travel-service
1650487063,ts-route-service,494e39de5e0527a0,44c8e6d0fce7991a,9eb78703c663c417,1721,200,queryById,ts-travel-service
1650487063,ts-station-service,ddf0bd0a0e8e96e5,e6dada7600de6eaa,9eb78703c663c417,2343,200,queryForStationId,ts-basic-service
1650487063,ts-travel-service,8205b3f1dd693087,9eb78703c663c417,9eb78703c663c417,1630,200,GET,ts-travel-service
1650487063,ts-travel-service,5907b271c023b8b3,9eb78703c663c417,9eb78703c663c417,2247,200,GET,ts-travel-service
1650487063,ts-basic-service,e6dada7600de6eaa,76ff640238748dbf,9eb78703c663c417,3112,200,GET,ts-basic-service
1650487063,ts-ticketinfo-service,80d5950cbf841b53,4a2ed49f38f22eb0,9eb78703c663c417,5914,200,GET,ts-ticketinfo-service
1650487063,ts-route-service,31e6539c278ffde3,5907b271c023b8b3,9eb78703c663c417,2178,200,queryById,ts-travel-service
1650487063,ts-route-service,af730b56d9018d3b,ede504dcf8221178,9eb78703c663c417,1816,200,queryById,ts-travel-service
1650487063,ts-route-service,978f91d14512b14a,98ae0d2af90c74bc,9eb78703c663c417,2568,200,queryById,ts-travel-service
1650487063,ts-ticketinfo-service,4a2ed49f38f22eb0,d3cb1e97544b47c0,9eb78703c663c417,7906,200,queryForStationId,ts-travel-service
1650487063,ts-assurance-service,8b952e619286a548,,8b952e619286a548,1370,200,getAllAssuranceType,no_parent
1650487123,ts-preserve-service,3c51ac1664fd004d,f335700acdd47307,f335700acdd47307,15844,200,GET,ts-preserve-service
1650487123,ts-preserve-service,f335700acdd47307,,f335700acdd47307,22425,200,preserve,no_parent
1650487123,ts-preserve-service,d6b16a89bb4d0bc,f335700acdd47307,f335700acdd47307,3488,200,GET,ts-preserve-service
1650487123,ts-contacts-service,a8656a5b2ed72bd0,d6b16a89bb4d0bc,f335700acdd47307,2258,200,getContactsByContactsId,ts-preserve-service
1650487123,ts-order-service,369cb4f2f1500c52,63fbee66d6f3e8fe,f335700acdd47307,3431,200,securityInfoCheck,ts-security-service
1650487123,ts-order-other-service,e8e852d9287246b7,41323c0544e7d1d8,f335700acdd47307,3252,200,securityInfoCheck,ts-security-service
1650487123,ts-travel-service,6490978935ebb2ea,6c771c8c182716b6,6c771c8c182716b6,2684,200,GET,ts-travel-service
1650487123,ts-basic-service,3a7c688c822e33e2,c6c3623286e228cd,6c771c8c182716b6,6039,200,queryForStationId,ts-ticketinfo-service
1650487123,ts-travel-service,9c76951ccdbba1c3,6c771c8c182716b6,6c771c8c182716b6,17268,200,GET,ts-travel-service
1650487123,ts-travel-service,efb1545bb034aad6,6c771c8c182716b6,6c771c8c182716b6,7855,200,GET,ts-travel-service
1650487123,ts-travel-service,dc4e299c69c505c0,6c771c8c182716b6,6c771c8c182716b6,4218,200,GET,ts-travel-service
1650487123,ts-travel-service,fe9e257ceb7210f3,6c771c8c182716b6,6c771c8c182716b6,2260,200,GET,ts-travel-service
1650487123,ts-travel-service,f8a2e76be81c4afc,6c771c8c182716b6,6c771c8c182716b6,2250,200,GET,ts-travel-service
1650487123,ts-basic-service,52b23b61b0fdc534,1cb151d3ee9e21c7,6c771c8c182716b6,4859,200,queryForStationId,ts-ticketinfo-service
1650487123,ts-route-service,bb63e9d0d18f4217,6490978935ebb2ea,6c771c8c182716b6,2163,200,queryById,ts-travel-service
1650487123,ts-route-service,a16b937969b74690,ddf5d67798f2bc81,6c771c8c182716b6,2149,200,queryById,ts-travel-service
1650487123,ts-route-service,5c6fd11fafb9cc81,fe9e257ceb7210f3,6c771c8c182716b6,2153,200,queryById,ts-travel-service
1650487123,ts-travel-service,ddf5d67798f2bc81,6c771c8c182716b6,6c771c8c182716b6,2273,200,GET,ts-travel-service
1650487123,ts-security-service,49ca520289a30211,3c51ac1664fd004d,f335700acdd47307,14096,200,check,ts-preserve-service
1650487123,ts-security-service,41323c0544e7d1d8,49ca520289a30211,f335700acdd47307,4669,200,GET,ts-security-service
1650487123,ts-security-service,63fbee66d6f3e8fe,49ca520289a30211,f335700acdd47307,4923,200,GET,ts-security-service
1650487123,ts-basic-service,13ffd0ef976c4609,3a7c688c822e33e2,6c771c8c182716b6,3552,200,GET,ts-basic-service
1650487123,ts-ticketinfo-service,325ecb6826d751f7,efb1545bb034aad6,6c771c8c182716b6,7479,200,queryForStationId,ts-travel-service
1650487123,ts-ticketinfo-service,bd0f3ebae8cfc814,9c76951ccdbba1c3,6c771c8c182716b6,15611,200,queryForStationId,ts-travel-service
1650487123,ts-verification-code-service,a2bd57198ee73e29,2629876559330369,42a428cba163eabe,2013,200,verifyCode,ts-auth-service
1650487123,ts-route-service,278c07878262d5bd,f8a2e76be81c4afc,6c771c8c182716b6,2116,200,queryById,ts-travel-service
1650487123,ts-ticketinfo-service,1cb151d3ee9e21c7,325ecb6826d751f7,6c771c8c182716b6,5531,200,GET,ts-ticketinfo-service
1650487123,ts-ticketinfo-service,c6c3623286e228cd,bd0f3ebae8cfc814,6c771c8c182716b6,7337,200,GET,ts-ticketinfo-service
1650487123,ts-travel-service,6c771c8c182716b6,,6c771c8c182716b6,48242,200,queryInfo,no_parent
1650487123,ts-route-service,6ef7c2a9c95a1ee5,dc4e299c69c505c0,6c771c8c182716b6,2763,200,queryById,ts-travel-service
1650487123,ts-contacts-service,17e2295676836006,,17e2295676836006,2853,200,findContactsByAccountId,no_parent
1650487123,ts-basic-service,b8f184f361ad380c,52b23b61b0fdc534,6c771c8c182716b6,2837,200,GET,ts-basic-service
1650487123,ts-station-service,326cb07ccc72d485,29da776697b39e53,ac8834778bd929ae,7741,200,queryForNameBatch,ts-order-service
1650487123,ts-station-service,f86ef80f3bdbca64,13ffd0ef976c4609,6c771c8c182716b6,2406,200,queryForStationId,ts-basic-service
1650487123,ts-station-service,13da3c97edb58594,b8f184f361ad380c,6c771c8c182716b6,2111,200,queryForStationId,ts-basic-service
1650487123,ts-assurance-service,45434421b32333fd,,45434421b32333fd,1783,200,getAllAssuranceType,no_parent
1650487123,ts-order-service,ac8834778bd929ae,,ac8834778bd929ae,12311,200,queryOrdersForRefresh,no_parent
1650487123,ts-order-service,29da776697b39e53,ac8834778bd929ae,ac8834778bd929ae,9285,200,POST,ts-order-service
1650487123,ts-verification-code-service,79167ef27c49aa95,,79167ef27c49aa95,3163,200,imageCode,no_parent
1650487123,ts-auth-service,2629876559330369,42a428cba163eabe,42a428cba163eabe,3727,200,GET,ts-auth-service
1650487123,ts-auth-service,42a428cba163eabe,,42a428cba163eabe,108853,200,getToken,no_parent
1650487183,ts-route-service,edf8c60f28c9aa02,4017a713d92b0339,d0c9a777e0c0f8b4,2531,200,queryById,ts-travel-service
1650487183,ts-route-service,57d019ee674791c6,60f5c9dff9c74c0f,d0c9a777e0c0f8b4,2593,200,queryById,ts-travel-service
1650487183,ts-verification-code-service,be6f3dcddb745145,883e3f6691a1c5a9,4b7a4df8d4960bd0,2005,200,verifyCode,ts-auth-service
1650487183,ts-route-service,924e49cdaa2c8e05,9c5d74ec8b3c6f49,d0c9a777e0c0f8b4,6781,200,queryById,ts-travel-service
1650487183,ts-route-service,e015e1073eacfa95,98b5db9a1ba936eb,d0c9a777e0c0f8b4,2559,200,queryById,ts-travel-service
1650487183,ts-route-service,c697339e59c6a67c,b8110ac9863eb317,d0c9a777e0c0f8b4,2545,200,queryById,ts-travel-service
1650487183,ts-preserve-service,9676a7507b6d17be,884becf4b4601d01,884becf4b4601d01,15730,200,GET,ts-preserve-service
1650487183,ts-auth-service,883e3f6691a1c5a9,4b7a4df8d4960bd0,4b7a4df8d4960bd0,3767,200,GET,ts-auth-service
1650487183,ts-auth-service,4b7a4df8d4960bd0,,4b7a4df8d4960bd0,117131,200,getToken,no_parent
1650487183,ts-travel-service,faf0bf1e87ca2ffc,d0c9a777e0c0f8b4,d0c9a777e0c0f8b4,7877,200,GET,ts-travel-service
1650487183,ts-travel-service,98b5db9a1ba936eb,d0c9a777e0c0f8b4,d0c9a777e0c0f8b4,2662,200,GET,ts-travel-service
1650487183,ts-travel-service,d0c9a777e0c0f8b4,,d0c9a777e0c0f8b4,48194,200,queryInfo,no_parent
1650487183,ts-travel-service,9c5d74ec8b3c6f49,d0c9a777e0c0f8b4,d0c9a777e0c0f8b4,8634,200,GET,ts-travel-service
1650487183,ts-ticketinfo-service,3582316f9c60e59e,32105f291153894f,d0c9a777e0c0f8b4,5466,200,GET,ts-ticketinfo-service
1650487183,ts-ticketinfo-service,25c82f72182ac01c,c1b84d2742e7b876,d0c9a777e0c0f8b4,7388,200,GET,ts-ticketinfo-service
1650487183,ts-ticketinfo-service,c1b84d2742e7b876,4e81f3a53ff82368,d0c9a777e0c0f8b4,9871,200,queryForStationId,ts-travel-service
1650487183,ts-ticketinfo-service,32105f291153894f,faf0bf1e87ca2ffc,d0c9a777e0c0f8b4,7441,200,queryForStationId,ts-travel-service
1650487183,ts-basic-service,b2e78a459b610beb,a37703c39cf602d0,d0c9a777e0c0f8b4,3733,200,GET,ts-basic-service
1650487183,ts-basic-service,a37703c39cf602d0,25c82f72182ac01c,d0c9a777e0c0f8b4,6307,200,queryForStationId,ts-ticketinfo-service
1650487183,ts-basic-service,3d40a388ddb3f83,3582316f9c60e59e,d0c9a777e0c0f8b4,4734,200,queryForStationId,ts-ticketinfo-service
1650487183,ts-travel-service,4017a713d92b0339,d0c9a777e0c0f8b4,d0c9a777e0c0f8b4,3092,200,GET,ts-travel-service
1650487183,ts-travel-service,b8110ac9863eb317,d0c9a777e0c0f8b4,d0c9a777e0c0f8b4,2654,200,GET,ts-travel-service
1650487183,ts-order-service,5779af723d856173,758c1a1c32354ee,758c1a1c32354ee,9541,200,POST,ts-order-service
1650487183,ts-order-service,758c1a1c32354ee,,758c1a1c32354ee,12709,200,queryOrdersForRefresh,no_parent
1650487183,ts-preserve-service,f5cf1d2ad3b06fb9,884becf4b4601d01,884becf4b4601d01,3683,200,GET,ts-preserve-service
1650487183,ts-preserve-service,884becf4b4601d01,,884becf4b4601d01,22411,200,preserve,no_parent
1650487183,ts-basic-service,f5f42efcaf3ad482,3d40a388ddb3f83,d0c9a777e0c0f8b4,2797,200,GET,ts-basic-service
1650487183,ts-station-service,f3a5f5e8e401babe,b2e78a459b610beb,d0c9a777e0c0f8b4,2556,200,queryForStationId,ts-basic-service
1650487183,ts-station-service,8c252528f26993e4,f5f42efcaf3ad482,d0c9a777e0c0f8b4,2080,200,queryForStationId,ts-basic-service
1650487183,ts-travel-service,60f5c9dff9c74c0f,d0c9a777e0c0f8b4,d0c9a777e0c0f8b4,2704,200,GET,ts-travel-service
1650487183,ts-travel-service,4e81f3a53ff82368,d0c9a777e0c0f8b4,d0c9a777e0c0f8b4,11301,200,GET,ts-travel-service
1650487183,ts-security-service,6a921c17235a266b,6284f872cf500289,884becf4b4601d01,4524,200,GET,ts-security-service
1650487183,ts-contacts-service,dd4437ca54fff15d,f5cf1d2ad3b06fb9,884becf4b4601d01,2507,200,getContactsByContactsId,ts-preserve-service
1650487183,ts-order-service,a58f55d7b85c0e12,beb2394a7faad4b9,884becf4b4601d01,3738,200,securityInfoCheck,ts-security-service
1650487183,ts-security-service,6284f872cf500289,9676a7507b6d17be,884becf4b4601d01,14093,200,check,ts-preserve-service
1650487183,ts-station-service,d633056363c78e06,5779af723d856173,758c1a1c32354ee,7936,200,queryForNameBatch,ts-order-service
1650487183,ts-security-service,beb2394a7faad4b9,6284f872cf500289,884becf4b4601d01,5025,200,GET,ts-security-service
1650487183,ts-order-other-service,7bdfae6ca1f7c7dc,6a921c17235a266b,884becf4b4601d01,3151,200,securityInfoCheck,ts-security-service
1650487183,ts-contacts-service,9e6a275c6637557e,,9e6a275c6637557e,3059,200,findContactsByAccountId,no_parent
1650487183,ts-verification-code-service,ae443e5c250a4cc3,,ae443e5c250a4cc3,2975,200,imageCode,no_parent
1650487183,ts-assurance-service,f8e8bba3f0fe3cc4,,f8e8bba3f0fe3cc4,1585,200,getAllAssuranceType,no_parent
1650487243,ts-travel-service,fb8fe1aea154d53f,866d16639f9fb40,866d16639f9fb40,2662,200,GET,ts-travel-service
1650487243,ts-travel-service,2c390aeddbafa967,866d16639f9fb40,866d16639f9fb40,10794,200,GET,ts-travel-service
1650487243,ts-route-service,af1e800b2fdb94f8,ec737b953fd42b62,866d16639f9fb40,3044,200,queryById,ts-travel-service
1650487243,ts-route-service,5829cf10a4673070,fb8fe1aea154d53f,866d16639f9fb40,2542,200,queryById,ts-travel-service
1650487243,ts-auth-service,509f5c2946b7963e,,509f5c2946b7963e,115532,200,getToken,no_parent
1650487243,ts-station-service,309cfb608f712585,6f05c82cae24ee14,866d16639f9fb40,2073,200,queryForStationId,ts-basic-service
1650487243,ts-travel-service,7fc46dc53e006e3b,866d16639f9fb40,866d16639f9fb40,2934,200,GET,ts-travel-service
1650487243,ts-travel-service,3bb768450d30377c,866d16639f9fb40,866d16639f9fb40,7399,200,GET,ts-travel-service
1650487243,ts-basic-service,94d53d60e20cf625,26759fc9dc95259d,866d16639f9fb40,5763,200,queryForStationId,ts-ticketinfo-service
1650487243,ts-verification-code-service,98cb86922aefe7ca,c02ffa5ad6e47066,509f5c2946b7963e,2226,200,verifyCode,ts-auth-service
1650487243,ts-assurance-service,1fa3794ca95db38b,,1fa3794ca95db38b,1581,200,getAllAssuranceType,no_parent
1650487243,ts-travel-service,866d16639f9fb40,,866d16639f9fb40,42774,200,queryInfo,no_parent
1650487243,ts-route-service,503ad399c13b1f5f,e54a949cfb4f9834,866d16639f9fb40,2428,200,queryById,ts-travel-service
1650487243,ts-preserve-service,6a6f9064159bce99,,6a6f9064159bce99,22461,200,preserve,no_parent
1650487243,ts-ticketinfo-service,afe4bca2462395ba,2c390aeddbafa967,866d16639f9fb40,9140,200,queryForStationId,ts-travel-service
1650487243,ts-travel-service,aabf77400b83299a,866d16639f9fb40,866d16639f9fb40,2581,200,GET,ts-travel-service
1650487243,ts-order-other-service,62b2ecf72aed0dd4,5d4cee327d8187e4,6a6f9064159bce99,3757,200,securityInfoCheck,ts-security-service
1650487243,ts-contacts-service,9712d0584fc6b2c1,d3f61e090a33e227,6a6f9064159bce99,2417,200,getContactsByContactsId,ts-preserve-service
1650487243,ts-order-service,99ee4f292f0113d9,8042714dcf6b072,6a6f9064159bce99,3563,200,securityInfoCheck,ts-security-service
1650487243,ts-preserve-service,d3f61e090a33e227,6a6f9064159bce99,6a6f9064159bce99,3669,200,GET,ts-preserve-service
1650487243,ts-preserve-service,92fe725175cf5d7f,6a6f9064159bce99,6a6f9064159bce99,16056,200,GET,ts-preserve-service
1650487243,ts-basic-service,cd4217b5248eeb80,94d53d60e20cf625,866d16639f9fb40,3307,200,GET,ts-basic-service
1650487243,ts-travel-service,ec737b953fd42b62,866d16639f9fb40,866d16639f9fb40,4893,200,GET,ts-travel-service
1650487243,ts-ticketinfo-service,17b1e3bda752414a,a2cdff1a8224b258,866d16639f9fb40,4864,200,GET,ts-ticketinfo-service
1650487243,ts-basic-service,6f05c82cae24ee14,43871592c7a970b6,866d16639f9fb40,2667,200,GET,ts-basic-service
1650487243,ts-station-service,27abc42f648d1cc2,de121efb3feff9a2,f008e051db5d1252,8152,200,queryForNameBatch,ts-order-service
1650487243,ts-security-service,1532c7a077c9777c,92fe725175cf5d7f,6a6f9064159bce99,14476,200,check,ts-preserve-service
1650487243,ts-route-service,6abc2c2692a95489,aabf77400b83299a,866d16639f9fb40,2497,200,queryById,ts-travel-service
1650487243,ts-route-service,a899ab9175191e44,7fc46dc53e006e3b,866d16639f9fb40,2537,200,queryById,ts-travel-service
1650487243,ts-ticketinfo-service,a2cdff1a8224b258,3bb768450d30377c,866d16639f9fb40,6945,200,queryForStationId,ts-travel-service
1650487243,ts-security-service,8042714dcf6b072,1532c7a077c9777c,6a6f9064159bce99,4977,200,GET,ts-security-service
1650487243,ts-station-service,5ed8727b0a75c4bf,cd4217b5248eeb80,866d16639f9fb40,2235,200,queryForStationId,ts-basic-service
1650487243,ts-order-service,de121efb3feff9a2,f008e051db5d1252,f008e051db5d1252,9714,200,POST,ts-order-service
1650487243,ts-contacts-service,6977ea414cc80098,,6977ea414cc80098,3124,200,findContactsByAccountId,no_parent
1650487243,ts-order-service,f008e051db5d1252,,f008e051db5d1252,12729,200,queryOrdersForRefresh,no_parent
1650487243,ts-travel-service,e54a949cfb4f9834,866d16639f9fb40,866d16639f9fb40,2494,200,GET,ts-travel-service
1650487243,ts-basic-service,43871592c7a970b6,17b1e3bda752414a,866d16639f9fb40,4377,200,queryForStationId,ts-ticketinfo-service
1650487243,ts-ticketinfo-service,26759fc9dc95259d,afe4bca2462395ba,866d16639f9fb40,6789,200,GET,ts-ticketinfo-service
1650487243,ts-security-service,5d4cee327d8187e4,1532c7a077c9777c,6a6f9064159bce99,4978,200,GET,ts-security-service
1650487243,ts-auth-service,c02ffa5ad6e47066,509f5c2946b7963e,509f5c2946b7963e,3772,200,GET,ts-auth-service
1650487243,ts-verification-code-service,f7bd463ca97a5543,,f7bd463ca97a5543,3159,200,imageCode,no_parent
1650487303,ts-security-service,26e31c19567ae2ee,ae82c4106386cb30,3cf3e52dc54f2067,10261,200,GET,ts-security-service
1650487303,ts-contacts-service,40e617e3999c1dc0,77b279f901938f72,3cf3e52dc54f2067,2286,200,getContactsByContactsId,ts-preserve-service
1650487303,ts-preserve-service,77b279f901938f72,3cf3e52dc54f2067,3cf3e52dc54f2067,3546,200,GET,ts-preserve-service
1650487303,ts-preserve-service,159c0097c9a8f539,3cf3e52dc54f2067,3cf3e52dc54f2067,21281,200,GET,ts-preserve-service
1650487303,ts-auth-service,6a684eac2f26be99,,6a684eac2f26be99,119875,200,getToken,no_parent
1650487303,ts-security-service,bcad5c058daa13c2,ae82c4106386cb30,3cf3e52dc54f2067,4964,200,GET,ts-security-service
1650487303,ts-preserve-service,3cf3e52dc54f2067,,3cf3e52dc54f2067,27820,200,preserve,no_parent
1650487303,ts-security-service,ae82c4106386cb30,159c0097c9a8f539,3cf3e52dc54f2067,19679,200,check,ts-preserve-service
1650487303,ts-order-other-service,58c6c00798be67bf,26e31c19567ae2ee,3cf3e52dc54f2067,8919,200,securityInfoCheck,ts-security-service
1650487303,ts-order-service,7f07d63f6db47546,ef7fe169d77eff72,ef7fe169d77eff72,9343,200,POST,ts-order-service
1650487303,ts-order-service,ef7fe169d77eff72,,ef7fe169d77eff72,12741,200,queryOrdersForRefresh,no_parent
1650487303,ts-station-service,ac56decede55da1d,7f07d63f6db47546,ef7fe169d77eff72,7851,200,queryForNameBatch,ts-order-service
1650487303,ts-verification-code-service,3d6c33f67114a6dc,,3d6c33f67114a6dc,3005,200,imageCode,no_parent
1650487303,ts-order-service,a8a1bd82009c837,bcad5c058daa13c2,3cf3e52dc54f2067,3540,200,securityInfoCheck,ts-security-service
1650487303,ts-contacts-service,75492f3ebf2d81b7,,75492f3ebf2d81b7,2979,200,findContactsByAccountId,no_parent
1650487303,ts-verification-code-service,903db10bf8e351fe,cd5bca9a4758e1e7,6a684eac2f26be99,1999,200,verifyCode,ts-auth-service
1650487303,ts-auth-service,cd5bca9a4758e1e7,6a684eac2f26be99,6a684eac2f26be99,3757,200,GET,ts-auth-service
1650487304,ts-basic-service,6f9e814ccf8ac409,e8dceebd1429a818,4f8a2cfe8eadcde3,2777,200,GET,ts-basic-service
1650487304,ts-basic-service,187259ab5a908f51,4f9e98cb04d09e70,4f8a2cfe8eadcde3,6431,200,queryForStationId,ts-ticketinfo-service
1650487304,ts-ticketinfo-service,f74929b6bbe14d1a,8ebd383ba3aaaaae,4f8a2cfe8eadcde3,9959,200,queryForStationId,ts-travel-service
1650487304,ts-ticketinfo-service,cacb57356aad66e1,d2f6d05e04f848a9,4f8a2cfe8eadcde3,5476,200,GET,ts-ticketinfo-service
1650487304,ts-ticketinfo-service,d2f6d05e04f848a9,757d4513f92b906a,4f8a2cfe8eadcde3,7335,200,queryForStationId,ts-travel-service
1650487304,ts-station-service,da340f7db4f88c6f,6f9e814ccf8ac409,4f8a2cfe8eadcde3,2097,200,queryForStationId,ts-basic-service
1650487304,ts-station-service,939cce5f9b3eae4d,9c1b157ddd87b780,4f8a2cfe8eadcde3,2730,200,queryForStationId,ts-basic-service
1650487304,ts-route-service,6843d453a9c90368,73718567632a8949,4f8a2cfe8eadcde3,2510,200,queryById,ts-travel-service
1650487304,ts-route-service,1c9dc374be9dfc7e,c800e67eee2f3b29,4f8a2cfe8eadcde3,3003,200,queryById,ts-travel-service
1650487304,ts-route-service,509a7c2cabfb1764,793048868ea644e2,4f8a2cfe8eadcde3,2570,200,queryById,ts-travel-service
1650487304,ts-route-service,4ad163a6caaada99,27fe0d7161234e91,4f8a2cfe8eadcde3,2583,200,queryById,ts-travel-service
1650487304,ts-route-service,1f7e4ac4f907c8d1,11e1a8f8ce245efa,4f8a2cfe8eadcde3,2639,200,queryById,ts-travel-service
1650487304,ts-ticketinfo-service,4f9e98cb04d09e70,f74929b6bbe14d1a,4f8a2cfe8eadcde3,7488,200,GET,ts-ticketinfo-service
1650487304,ts-travel-service,4f8a2cfe8eadcde3,,4f8a2cfe8eadcde3,43565,200,queryInfo,no_parent
1650487304,ts-basic-service,e8dceebd1429a818,cacb57356aad66e1,4f8a2cfe8eadcde3,4781,200,queryForStationId,ts-ticketinfo-service
1650487304,ts-travel-service,27fe0d7161234e91,4f8a2cfe8eadcde3,4f8a2cfe8eadcde3,2682,200,GET,ts-travel-service
1650487304,ts-travel-service,c800e67eee2f3b29,4f8a2cfe8eadcde3,4f8a2cfe8eadcde3,4172,200,GET,ts-travel-service
1650487304,ts-travel-service,8ebd383ba3aaaaae,4f8a2cfe8eadcde3,4f8a2cfe8eadcde3,11082,200,GET,ts-travel-service
1650487304,ts-travel-service,757d4513f92b906a,4f8a2cfe8eadcde3,4f8a2cfe8eadcde3,7814,200,GET,ts-travel-service
1650487304,ts-travel-service,73718567632a8949,4f8a2cfe8eadcde3,4f8a2cfe8eadcde3,2852,200,GET,ts-travel-service
1650487304,ts-travel-service,793048868ea644e2,4f8a2cfe8eadcde3,4f8a2cfe8eadcde3,2662,200,GET,ts-travel-service
1650487304,ts-travel-service,11e1a8f8ce245efa,4f8a2cfe8eadcde3,4f8a2cfe8eadcde3,2699,200,GET,ts-travel-service
1650487304,ts-basic-service,9c1b157ddd87b780,187259ab5a908f51,4f8a2cfe8eadcde3,3916,200,GET,ts-basic-service
1650487304,ts-assurance-service,88072a414ad65585,,88072a414ad65585,1616,200,getAllAssuranceType,no_parent
1650487364,ts-ticketinfo-service,499d2c59704c9cc7,f3417c623fd89f28,ddb1d8c9381b91bb,5607,200,GET,ts-ticketinfo-service
1650487364,ts-ticketinfo-service,f3417c623fd89f28,a411678b9f6db836,ddb1d8c9381b91bb,7792,200,queryForStationId,ts-travel-service
1650487364,ts-route-service,69e3cd3202330bfd,41f31021f841cecf,ddb1d8c9381b91bb,2506,200,queryById,ts-travel-service
1650487364,ts-station-service,2d8f31c058db7208,68bb0d94440bf2f1,ddb1d8c9381b91bb,2126,200,queryForStationId,ts-basic-service
1650487364,ts-route-service,ede0bafe8df4ff02,54cdb701cd43b406,ddb1d8c9381b91bb,2492,200,queryById,ts-travel-service
1650487364,ts-verification-code-service,df4ca2f3a1ea3870,f6f053b763e3bff8,afd28ed887100662,2094,200,verifyCode,ts-auth-service
1650487364,ts-auth-service,f6f053b763e3bff8,afd28ed887100662,afd28ed887100662,3685,200,GET,ts-auth-service
1650487364,ts-basic-service,eba28bc8813c2b6c,499d2c59704c9cc7,ddb1d8c9381b91bb,4859,200,queryForStationId,ts-ticketinfo-service
1650487364,ts-basic-service,68bb0d94440bf2f1,eba28bc8813c2b6c,ddb1d8c9381b91bb,2820,200,GET,ts-basic-service
1650487364,ts-basic-service,720c6c062657d8cd,45dad4cc38048ece,ddb1d8c9381b91bb,3460,200,GET,ts-basic-service
1650487364,ts-auth-service,afd28ed887100662,,afd28ed887100662,114524,200,getToken,no_parent
1650487364,ts-travel-service,ddb1d8c9381b91bb,,ddb1d8c9381b91bb,51832,200,queryInfo,no_parent
1650487364,ts-travel-service,79711d24bfb41dba,ddb1d8c9381b91bb,ddb1d8c9381b91bb,19409,200,GET,ts-travel-service
1650487364,ts-ticketinfo-service,5dc2e1b6a53b3a38,172722be142489e5,ddb1d8c9381b91bb,6970,200,GET,ts-ticketinfo-service
1650487364,ts-ticketinfo-service,172722be142489e5,79711d24bfb41dba,ddb1d8c9381b91bb,9305,200,queryForStationId,ts-travel-service
1650487364,ts-verification-code-service,af0be663733f6152,,af0be663733f6152,2968,200,imageCode,no_parent
1650487364,ts-route-service,2cc1762cc6c4c61f,399034f6a03f6e9b,ddb1d8c9381b91bb,2797,200,queryById,ts-travel-service
1650487364,ts-basic-service,45dad4cc38048ece,5dc2e1b6a53b3a38,ddb1d8c9381b91bb,5843,200,queryForStationId,ts-ticketinfo-service
1650487364,ts-route-service,17f7544edb5f7dab,81f5f08306b0e7f4,ddb1d8c9381b91bb,2470,200,queryById,ts-travel-service
1650487364,ts-route-service,c5e8f731bde41e09,8b035b98eadc96eb,ddb1d8c9381b91bb,2525,200,queryById,ts-travel-service
1650487364,ts-travel-service,54cdb701cd43b406,ddb1d8c9381b91bb,ddb1d8c9381b91bb,2887,200,GET,ts-travel-service
1650487364,ts-travel-service,a411678b9f6db836,ddb1d8c9381b91bb,ddb1d8c9381b91bb,8311,200,GET,ts-travel-service
1650487364,ts-travel-service,399034f6a03f6e9b,ddb1d8c9381b91bb,ddb1d8c9381b91bb,4018,200,GET,ts-travel-service
1650487364,ts-travel-service,81f5f08306b0e7f4,ddb1d8c9381b91bb,ddb1d8c9381b91bb,2560,200,GET,ts-travel-service
1650487364,ts-station-service,f819c8c269416cf0,720c6c062657d8cd,ddb1d8c9381b91bb,2326,200,queryForStationId,ts-basic-service
1650487364,ts-travel-service,8b035b98eadc96eb,ddb1d8c9381b91bb,ddb1d8c9381b91bb,2572,200,GET,ts-travel-service
1650487364,ts-travel-service,41f31021f841cecf,ddb1d8c9381b91bb,ddb1d8c9381b91bb,2593,200,GET,ts-travel-service
1650487364,ts-preserve-service,338f439a9888297b,803cb90590dc76ce,803cb90590dc76ce,3551,200,GET,ts-preserve-service
1650487364,ts-station-service,77c547665e0a752a,6ca2ce214e5b5950,2ca05cf55e0cfac2,7803,200,queryForNameBatch,ts-order-service
1650487364,ts-security-service,f68f637507263a68,be4e39685aad86ad,803cb90590dc76ce,4860,200,GET,ts-security-service
1650487364,ts-preserve-service,b09d0a58e79d50c1,803cb90590dc76ce,803cb90590dc76ce,15990,200,GET,ts-preserve-service
1650487364,ts-security-service,8747f64126eb6df1,be4e39685aad86ad,803cb90590dc76ce,4916,200,GET,ts-security-service
1650487364,ts-security-service,be4e39685aad86ad,b09d0a58e79d50c1,803cb90590dc76ce,14387,200,check,ts-preserve-service
1650487364,ts-contacts-service,dc86b693d5ad2ed4,338f439a9888297b,803cb90590dc76ce,2174,200,getContactsByContactsId,ts-preserve-service
1650487364,ts-order-other-service,fcea1fab3aacc7b2,f68f637507263a68,803cb90590dc76ce,3113,200,securityInfoCheck,ts-security-service
1650487364,ts-order-service,6ca2ce214e5b5950,2ca05cf55e0cfac2,2ca05cf55e0cfac2,9156,200,POST,ts-order-service
1650487364,ts-order-service,2ca05cf55e0cfac2,,2ca05cf55e0cfac2,19949,200,queryOrdersForRefresh,no_parent
1650487364,ts-preserve-service,803cb90590dc76ce,,803cb90590dc76ce,22444,200,preserve,no_parent
1650487364,ts-order-service,c93f53971841f5d9,8747f64126eb6df1,803cb90590dc76ce,3479,200,securityInfoCheck,ts-security-service
1650487364,ts-contacts-service,e7e54543e397caf2,,e7e54543e397caf2,3039,200,findContactsByAccountId,no_parent
1650487364,ts-assurance-service,c0040e17d305da10,,c0040e17d305da10,1586,200,getAllAssuranceType,no_parent
1650487425,ts-contacts-service,6e8b418e5db64bb9,9df578a8c1033ebf,eb91792c9005ce2e,2419,200,getContactsByContactsId,ts-preserve-service
1650487425,ts-verification-code-service,2dd46629e9e61792,12ccf0cec8aea501,cb057981efb89b2a,1898,200,verifyCode,ts-auth-service
1650487425,ts-preserve-service,9df578a8c1033ebf,eb91792c9005ce2e,eb91792c9005ce2e,3674,200,GET,ts-preserve-service
1650487425,ts-security-service,3623fb80c316e3fa,5883c339a9782c31,eb91792c9005ce2e,4835,200,GET,ts-security-service
1650487425,ts-verification-code-service,900569bba748e00a,,900569bba748e00a,3165,200,imageCode,no_parent
1650487425,ts-auth-service,cb057981efb89b2a,,cb057981efb89b2a,113047,200,getToken,no_parent
1650487425,ts-auth-service,12ccf0cec8aea501,cb057981efb89b2a,cb057981efb89b2a,4254,200,GET,ts-auth-service
1650487425,ts-preserve-service,360cd1f2ea753f34,eb91792c9005ce2e,eb91792c9005ce2e,15600,200,GET,ts-preserve-service
1650487425,ts-ticketinfo-service,ea31fd03b0814465,e46df1dffedf1ae1,fa7c070bc984495a,7418,200,GET,ts-ticketinfo-service
1650487425,ts-travel-service,dfdba5499a3e633,fa7c070bc984495a,fa7c070bc984495a,2896,200,GET,ts-travel-service
1650487425,ts-travel-service,c5acf1127db01793,fa7c070bc984495a,fa7c070bc984495a,2517,200,GET,ts-travel-service
1650487425,ts-travel-service,c3e7bedd3e8af7,fa7c070bc984495a,fa7c070bc984495a,2557,200,GET,ts-travel-service
1650487425,ts-order-service,f46f6834e6f1d5bb,3623fb80c316e3fa,eb91792c9005ce2e,3766,200,securityInfoCheck,ts-security-service
1650487425,ts-ticketinfo-service,c97ab7279e6c68e3,bb03ed25c61f5c74,fa7c070bc984495a,7637,200,queryForStationId,ts-travel-service
1650487425,ts-ticketinfo-service,11782075ebabc3f9,c97ab7279e6c68e3,fa7c070bc984495a,5626,200,GET,ts-ticketinfo-service
1650487425,ts-route-service,4a878fb61899fd70,c3e7bedd3e8af7,fa7c070bc984495a,2480,200,queryById,ts-travel-service
1650487425,ts-assurance-service,638b62cf1237e352,,638b62cf1237e352,1610,200,getAllAssuranceType,no_parent
1650487425,ts-travel-service,cef9b29111e08946,fa7c070bc984495a,fa7c070bc984495a,11519,200,GET,ts-travel-service
1650487425,ts-travel-service,69e29a60e6238b5,fa7c070bc984495a,fa7c070bc984495a,4178,200,GET,ts-travel-service
1650487425,ts-station-service,41a602f9f084cc51,870b8647b36e5b84,fa7c070bc984495a,2230,200,queryForStationId,ts-basic-service
1650487425,ts-station-service,3a089c271b9b9baf,667f12e89ed7c2b5,fa7c070bc984495a,2537,200,queryForStationId,ts-basic-service
1650487425,ts-route-service,92ccaedce353f2de,c5acf1127db01793,fa7c070bc984495a,2474,200,queryById,ts-travel-service
1650487425,ts-route-service,547df86bee5a2ae9,643e879eb1f0619b,fa7c070bc984495a,2471,200,queryById,ts-travel-service
1650487425,ts-route-service,714c2bf52a0c81f0,dfdba5499a3e633,fa7c070bc984495a,2651,200,queryById,ts-travel-service
1650487425,ts-travel-service,bb03ed25c61f5c74,fa7c070bc984495a,fa7c070bc984495a,8106,200,GET,ts-travel-service
1650487425,ts-travel-service,fa7c070bc984495a,,fa7c070bc984495a,43793,200,queryInfo,no_parent
1650487425,ts-travel-service,643e879eb1f0619b,fa7c070bc984495a,fa7c070bc984495a,2535,200,GET,ts-travel-service
1650487425,ts-route-service,862332c7f57daaa0,69e29a60e6238b5,fa7c070bc984495a,2946,200,queryById,ts-travel-service
1650487425,ts-basic-service,667f12e89ed7c2b5,6526cded586bc7dc,fa7c070bc984495a,3678,200,GET,ts-basic-service
1650487425,ts-basic-service,870b8647b36e5b84,1a275b2016d0fa3,fa7c070bc984495a,2934,200,GET,ts-basic-service
1650487425,ts-basic-service,6526cded586bc7dc,ea31fd03b0814465,fa7c070bc984495a,6340,200,queryForStationId,ts-ticketinfo-service
1650487425,ts-ticketinfo-service,e46df1dffedf1ae1,cef9b29111e08946,fa7c070bc984495a,9931,200,queryForStationId,ts-travel-service
1650487425,ts-basic-service,1a275b2016d0fa3,11782075ebabc3f9,fa7c070bc984495a,4890,200,queryForStationId,ts-ticketinfo-service
1650487425,ts-security-service,5cf622029741fc7c,5883c339a9782c31,eb91792c9005ce2e,4571,200,GET,ts-security-service
1650487425,ts-preserve-service,eb91792c9005ce2e,,eb91792c9005ce2e,22211,200,preserve,no_parent
1650487425,ts-contacts-service,a72b6e5101a0c44b,,a72b6e5101a0c44b,2893,200,findContactsByAccountId,no_parent
1650487425,ts-order-other-service,49179640ff819ac3,5cf622029741fc7c,eb91792c9005ce2e,3168,200,securityInfoCheck,ts-security-service
1650487425,ts-security-service,5883c339a9782c31,360cd1f2ea753f34,eb91792c9005ce2e,14003,200,check,ts-preserve-service
1650487425,ts-station-service,2903710952012329,26aa98ece4294494,9dde8ac7a70c8379,7958,200,queryForNameBatch,ts-order-service
1650487425,ts-order-service,9dde8ac7a70c8379,,9dde8ac7a70c8379,12524,200,queryOrdersForRefresh,no_parent
1650487425,ts-order-service,26aa98ece4294494,9dde8ac7a70c8379,9dde8ac7a70c8379,9492,200,POST,ts-order-service
1650487485,ts-auth-service,8712c0cf4561136,b9fbf21b5b4963dd,b9fbf21b5b4963dd,4108,200,GET,ts-auth-service
1650487485,ts-security-service,8c0915eaeeb37dc9,320b081b0938ecd0,444732344eded84b,5025,200,GET,ts-security-service
1650487485,ts-order-service,8581540b70fd8c77,253969819f46a6c9,253969819f46a6c9,9556,200,POST,ts-order-service
1650487485,ts-order-service,253969819f46a6c9,,253969819f46a6c9,12574,200,queryOrdersForRefresh,no_parent
1650487485,ts-station-service,ba98b0ffe051bdf1,8581540b70fd8c77,253969819f46a6c9,8056,200,queryForNameBatch,ts-order-service
1650487485,ts-order-service,b8b554232669f540,8c0915eaeeb37dc9,444732344eded84b,3582,200,securityInfoCheck,ts-security-service
1650487485,ts-preserve-service,f3ffba65fef154a1,444732344eded84b,444732344eded84b,15772,200,GET,ts-preserve-service
1650487485,ts-preserve-service,fb5ff7e2de89308b,444732344eded84b,444732344eded84b,3563,200,GET,ts-preserve-service
1650487485,ts-preserve-service,444732344eded84b,,444732344eded84b,22252,200,preserve,no_parent
1650487485,ts-contacts-service,4e7bdd8cc33bddd6,fb5ff7e2de89308b,444732344eded84b,2629,200,getContactsByContactsId,ts-preserve-service
1650487485,ts-auth-service,b9fbf21b5b4963dd,,b9fbf21b5b4963dd,115103,200,getToken,no_parent
1650487485,ts-verification-code-service,3233e202b16c270d,,3233e202b16c270d,3055,200,imageCode,no_parent
1650487485,ts-verification-code-service,2df89345aabc705b,8712c0cf4561136,b9fbf21b5b4963dd,2303,200,verifyCode,ts-auth-service
1650487485,ts-security-service,20dea4746ab815ce,320b081b0938ecd0,444732344eded84b,4218,200,GET,ts-security-service
1650487485,ts-security-service,320b081b0938ecd0,f3ffba65fef154a1,444732344eded84b,13670,200,check,ts-preserve-service
1650487485,ts-order-other-service,1cdb964c5c51220c,20dea4746ab815ce,444732344eded84b,2807,200,securityInfoCheck,ts-security-service
1650487485,ts-contacts-service,41fe5e9d697b8e22,,41fe5e9d697b8e22,2972,200,findContactsByAccountId,no_parent
1650487486,ts-ticketinfo-service,43fd75b9792bb4b9,7aa7297441fa97f3,ffe125cfa508fe19,9562,200,queryForStationId,ts-travel-service
1650487486,ts-basic-service,35b7fa8c7dd7fe6a,4ff4173a9dbf9e64,ffe125cfa508fe19,4341,200,queryForStationId,ts-ticketinfo-service
1650487486,ts-route-service,93baca73c63564c7,b9da6103c4cd0421,ffe125cfa508fe19,2467,200,queryById,ts-travel-service
1650487486,ts-station-service,e6238a2e73cd5b8f,565c74ce7c6ea10a,ffe125cfa508fe19,2447,200,queryForStationId,ts-basic-service
1650487486,ts-ticketinfo-service,4a3f51cacc55453a,d0fa3e8adfe42bb0,ffe125cfa508fe19,7319,200,queryForStationId,ts-travel-service
1650487486,ts-ticketinfo-service,e84ab1961dfae01a,43fd75b9792bb4b9,ffe125cfa508fe19,7093,200,GET,ts-ticketinfo-service
1650487486,ts-basic-service,e9c798b595b373c9,e84ab1961dfae01a,ffe125cfa508fe19,6004,200,queryForStationId,ts-ticketinfo-service
1650487486,ts-basic-service,11a0f52e0b604a5b,35b7fa8c7dd7fe6a,ffe125cfa508fe19,2718,200,GET,ts-basic-service
1650487486,ts-travel-service,302914f2fdee56a0,ffe125cfa508fe19,ffe125cfa508fe19,14982,200,GET,ts-travel-service
1650487486,ts-route-service,7b9515157d71be42,c347118d088e221a,ffe125cfa508fe19,2492,200,queryById,ts-travel-service
1650487486,ts-route-service,3ab6390602a7e8da,40c3e81c260268bf,ffe125cfa508fe19,2421,200,queryById,ts-travel-service
1650487486,ts-route-service,61c08e9fc4f7daeb,ad4e8291eccc7df,ffe125cfa508fe19,2445,200,queryById,ts-travel-service
1650487486,ts-route-service,95e4c11d620fedc6,302914f2fdee56a0,ffe125cfa508fe19,13623,200,queryById,ts-travel-service
1650487486,ts-ticketinfo-service,4ff4173a9dbf9e64,4a3f51cacc55453a,ffe125cfa508fe19,5303,200,GET,ts-ticketinfo-service
1650487486,ts-basic-service,565c74ce7c6ea10a,e9c798b595b373c9,ffe125cfa508fe19,3606,200,GET,ts-basic-service
1650487486,ts-travel-service,ffe125cfa508fe19,,ffe125cfa508fe19,53997,200,queryInfo,no_parent
1650487486,ts-travel-service,d0fa3e8adfe42bb0,ffe125cfa508fe19,ffe125cfa508fe19,7807,200,GET,ts-travel-service
1650487486,ts-travel-service,40c3e81c260268bf,ffe125cfa508fe19,ffe125cfa508fe19,2514,200,GET,ts-travel-service
1650487486,ts-travel-service,b9da6103c4cd0421,ffe125cfa508fe19,ffe125cfa508fe19,2823,200,GET,ts-travel-service
1650487486,ts-travel-service,ad4e8291eccc7df,ffe125cfa508fe19,ffe125cfa508fe19,2561,200,GET,ts-travel-service
1650487486,ts-station-service,7f73f4df7b62f858,11a0f52e0b604a5b,ffe125cfa508fe19,2117,200,queryForStationId,ts-basic-service
1650487486,ts-travel-service,7aa7297441fa97f3,ffe125cfa508fe19,ffe125cfa508fe19,11103,200,GET,ts-travel-service
1650487486,ts-travel-service,c347118d088e221a,ffe125cfa508fe19,ffe125cfa508fe19,2558,200,GET,ts-travel-service
1650487486,ts-assurance-service,c2263e458ca88cb0,,c2263e458ca88cb0,1608,200,getAllAssuranceType,no_parent
1650487546,ts-security-service,c39fb62938710f7b,c39b66bce16003b9,39829cbf6d088f78,4496,200,GET,ts-security-service
1650487546,ts-auth-service,3753129aa2fd9622,85dee6f5942e471c,85dee6f5942e471c,4043,200,GET,ts-auth-service
1650487546,ts-basic-service,93bef461a5fa82ca,bf93da32354e785c,12fb1b0eba9bbc22,3244,200,GET,ts-basic-service
1650487546,ts-basic-service,bf93da32354e785c,18493237293b615,12fb1b0eba9bbc22,5784,200,queryForStationId,ts-ticketinfo-service
1650487546,ts-basic-service,8e4725db0d741fbd,6c91f464e6a11a9,12fb1b0eba9bbc22,3890,200,queryForStationId,ts-ticketinfo-service
1650487546,ts-verification-code-service,344ce440985c9c76,,344ce440985c9c76,3216,200,imageCode,no_parent
1650487546,ts-auth-service,85dee6f5942e471c,,85dee6f5942e471c,111712,200,getToken,no_parent
1650487546,ts-contacts-service,a9a0088e078ff624,d4c0d73ffdbc46c8,39829cbf6d088f78,2172,200,getContactsByContactsId,ts-preserve-service
1650487546,ts-order-other-service,c93defed5ccc6a8,c39fb62938710f7b,39829cbf6d088f78,3164,200,securityInfoCheck,ts-security-service
1650487546,ts-order-service,e601d3cdfa3be54b,a36f219ab26f1156,39829cbf6d088f78,3584,200,securityInfoCheck,ts-security-service
1650487546,ts-security-service,a36f219ab26f1156,c39b66bce16003b9,39829cbf6d088f78,4935,200,GET,ts-security-service
1650487546,ts-security-service,c39b66bce16003b9,7fc9e8e90a7f95d0,39829cbf6d088f78,13664,200,check,ts-preserve-service
1650487546,ts-order-service,4143356f1de08c4e,e58f7ca940ba1664,e58f7ca940ba1664,9094,200,POST,ts-order-service
1650487546,ts-order-service,e58f7ca940ba1664,,e58f7ca940ba1664,12090,200,queryOrdersForRefresh,no_parent
1650487546,ts-station-service,9a4bffbe5ca337a7,4143356f1de08c4e,e58f7ca940ba1664,7622,200,queryForNameBatch,ts-order-service
1650487546,ts-verification-code-service,d499c570a55be29b,3753129aa2fd9622,85dee6f5942e471c,2306,200,verifyCode,ts-auth-service
1650487546,ts-preserve-service,7fc9e8e90a7f95d0,39829cbf6d088f78,39829cbf6d088f78,15277,200,GET,ts-preserve-service
1650487546,ts-preserve-service,d4c0d73ffdbc46c8,39829cbf6d088f78,39829cbf6d088f78,3341,200,GET,ts-preserve-service
1650487546,ts-preserve-service,39829cbf6d088f78,,39829cbf6d088f78,21287,200,preserve,no_parent
1650487546,ts-travel-service,346a4aa0372a2e3a,12fb1b0eba9bbc22,12fb1b0eba9bbc22,2594,200,GET,ts-travel-service
1650487546,ts-travel-service,12fb1b0eba9bbc22,,12fb1b0eba9bbc22,42356,200,queryInfo,no_parent
1650487546,ts-route-service,8622fa3c272a59ce,346a4aa0372a2e3a,12fb1b0eba9bbc22,2464,200,queryById,ts-travel-service
1650487546,ts-travel-service,7e7cdd76c8a13311,12fb1b0eba9bbc22,12fb1b0eba9bbc22,2566,200,GET,ts-travel-service
1650487546,ts-route-service,9c1c46b04b2b8e19,b2ecf3ff5123513d,12fb1b0eba9bbc22,2945,200,queryById,ts-travel-service
1650487546,ts-route-service,3bf44e4a7561009f,fdf6f65e3e320d06,12fb1b0eba9bbc22,2435,200,queryById,ts-travel-service
1650487546,ts-route-service,c7f45fef53ae88ea,7e7cdd76c8a13311,12fb1b0eba9bbc22,2450,200,queryById,ts-travel-service
1650487546,ts-ticketinfo-service,18493237293b615,7d3db8bc4159c5df,12fb1b0eba9bbc22,7179,200,GET,ts-ticketinfo-service
1650487546,ts-ticketinfo-service,4f20d0aadba4667e,e6bd537a2d8c5c02,12fb1b0eba9bbc22,6425,200,queryForStationId,ts-travel-service
1650487546,ts-station-service,2f69ef3984fb301,2acfc124faa03e35,12fb1b0eba9bbc22,1391,200,queryForStationId,ts-basic-service
1650487546,ts-route-service,bf42e5cf9c879808,ef6e8ecae1a34fd5,12fb1b0eba9bbc22,2479,200,queryById,ts-travel-service
1650487546,ts-travel-service,b2ecf3ff5123513d,12fb1b0eba9bbc22,12fb1b0eba9bbc22,4358,200,GET,ts-travel-service
1650487546,ts-travel-service,e6bd537a2d8c5c02,12fb1b0eba9bbc22,12fb1b0eba9bbc22,6755,200,GET,ts-travel-service
1650487546,ts-travel-service,ef6e8ecae1a34fd5,12fb1b0eba9bbc22,12fb1b0eba9bbc22,2917,200,GET,ts-travel-service
1650487546,ts-travel-service,fdf6f65e3e320d06,12fb1b0eba9bbc22,12fb1b0eba9bbc22,2577,200,GET,ts-travel-service
1650487546,ts-travel-service,b5c324c1b74fe71c,12fb1b0eba9bbc22,12fb1b0eba9bbc22,11160,200,GET,ts-travel-service
1650487546,ts-ticketinfo-service,6c91f464e6a11a9,4f20d0aadba4667e,12fb1b0eba9bbc22,4444,200,GET,ts-ticketinfo-service
1650487546,ts-basic-service,2acfc124faa03e35,8e4725db0d741fbd,12fb1b0eba9bbc22,2015,200,GET,ts-basic-service
1650487546,ts-station-service,769ee2b961238124,93bef461a5fa82ca,12fb1b0eba9bbc22,2011,200,queryForStationId,ts-basic-service
1650487546,ts-ticketinfo-service,7d3db8bc4159c5df,b5c324c1b74fe71c,12fb1b0eba9bbc22,9657,200,queryForStationId,ts-travel-service
1650487546,ts-assurance-service,67731ba5c59bb8ff,,67731ba5c59bb8ff,1596,200,getAllAssuranceType,no_parent
1650487546,ts-contacts-service,81c95ba3b0412ba9,,81c95ba3b0412ba9,2918,200,findContactsByAccountId,no_parent
1650487606,ts-travel-service,13d98a37eb0f5686,a4287f981c8f59b0,a4287f981c8f59b0,10799,200,GET,ts-travel-service
1650487606,ts-preserve-service,c6836d45d4cf8f4e,2d7ca8991746d67b,2d7ca8991746d67b,16249,200,GET,ts-preserve-service
1650487606,ts-order-other-service,e8d7cc14d0414ab0,89310b839d009ef,2d7ca8991746d67b,3256,200,securityInfoCheck,ts-security-service
1650487606,ts-security-service,81ef016a24cc7165,54e20e1fcaf25d99,2d7ca8991746d67b,4917,200,GET,ts-security-service
1650487606,ts-security-service,89310b839d009ef,54e20e1fcaf25d99,2d7ca8991746d67b,4626,200,GET,ts-security-service
1650487606,ts-basic-service,33134254a905f9eb,e8b9534749e58882,a4287f981c8f59b0,5679,200,queryForStationId,ts-ticketinfo-service
1650487606,ts-basic-service,3727c2a57f1c0d2,c40fa23261fa307f,a4287f981c8f59b0,2753,200,GET,ts-basic-service
1650487606,ts-assurance-service,63cb736b30b7e74c,,63cb736b30b7e74c,1586,200,getAllAssuranceType,no_parent
1650487606,ts-preserve-service,2d7ca8991746d67b,,2d7ca8991746d67b,25254,200,preserve,no_parent
1650487606,ts-security-service,54e20e1fcaf25d99,c6836d45d4cf8f4e,2d7ca8991746d67b,14002,200,check,ts-preserve-service
1650487606,ts-contacts-service,a3039502a9073503,,a3039502a9073503,3066,200,findContactsByAccountId,no_parent
1650487606,ts-contacts-service,3c36664e993005c8,59a828f1b343f164,2d7ca8991746d67b,2419,200,getContactsByContactsId,ts-preserve-service
1650487606,ts-order-service,da287b3e1d74a089,81ef016a24cc7165,2d7ca8991746d67b,3514,200,securityInfoCheck,ts-security-service
1650487606,ts-preserve-service,59a828f1b343f164,2d7ca8991746d67b,2d7ca8991746d67b,3731,200,GET,ts-preserve-service
1650487606,ts-auth-service,2d26150b71fc4458,,2d26150b71fc4458,112603,200,getToken,no_parent
1650487606,ts-ticketinfo-service,be668f2547eb4d98,13d98a37eb0f5686,a4287f981c8f59b0,9365,200,queryForStationId,ts-travel-service
1650487606,ts-travel-service,1613c68f52db6e54,a4287f981c8f59b0,a4287f981c8f59b0,4267,200,GET,ts-travel-service
1650487606,ts-travel-service,a53dcf4c8ca3c41f,a4287f981c8f59b0,a4287f981c8f59b0,2566,200,GET,ts-travel-service
1650487606,ts-travel-service,18e4a7a5724aeda1,a4287f981c8f59b0,a4287f981c8f59b0,2594,200,GET,ts-travel-service
1650487606,ts-travel-service,a4287f981c8f59b0,,a4287f981c8f59b0,42872,200,queryInfo,no_parent
1650487606,ts-travel-service,e516402c04173cce,a4287f981c8f59b0,a4287f981c8f59b0,2846,200,GET,ts-travel-service
1650487606,ts-ticketinfo-service,6c5775d5a9f2258,253376a2bb232d89,a4287f981c8f59b0,7553,200,queryForStationId,ts-travel-service
1650487606,ts-basic-service,c40fa23261fa307f,e1a45bf2bf0aef99,a4287f981c8f59b0,4795,200,queryForStationId,ts-ticketinfo-service
1650487606,ts-station-service,c5eeb5cd1705d46d,260120c0296ddef6,a4287f981c8f59b0,2233,200,queryForStationId,ts-basic-service
1650487606,ts-station-service,d61d3d56722af3e9,3727c2a57f1c0d2,a4287f981c8f59b0,2097,200,queryForStationId,ts-basic-service
1650487606,ts-travel-service,c1dbd5ebb20a8a4,a4287f981c8f59b0,a4287f981c8f59b0,2592,200,GET,ts-travel-service
1650487606,ts-route-service,e690d6e37209e9e3,1613c68f52db6e54,a4287f981c8f59b0,2972,200,queryById,ts-travel-service
1650487606,ts-travel-service,253376a2bb232d89,a4287f981c8f59b0,a4287f981c8f59b0,8119,200,GET,ts-travel-service
1650487606,ts-route-service,7e69ed1aba55c210,18e4a7a5724aeda1,a4287f981c8f59b0,2490,200,queryById,ts-travel-service
1650487606,ts-route-service,5cabca89c5769d30,e516402c04173cce,a4287f981c8f59b0,2511,200,queryById,ts-travel-service
1650487606,ts-ticketinfo-service,e8b9534749e58882,be668f2547eb4d98,a4287f981c8f59b0,6809,200,GET,ts-ticketinfo-service
1650487606,ts-route-service,50610a0a46472dd3,c1dbd5ebb20a8a4,a4287f981c8f59b0,2516,200,queryById,ts-travel-service
1650487606,ts-basic-service,260120c0296ddef6,33134254a905f9eb,a4287f981c8f59b0,3285,200,GET,ts-basic-service
1650487606,ts-route-service,1376757520d3ad5a,a53dcf4c8ca3c41f,a4287f981c8f59b0,2531,200,queryById,ts-travel-service
1650487606,ts-order-service,72643d5dc0e1e600,,72643d5dc0e1e600,12594,200,queryOrdersForRefresh,no_parent
1650487606,ts-order-service,e45dc27ffe61dcd5,72643d5dc0e1e600,72643d5dc0e1e600,9526,200,POST,ts-order-service
1650487606,ts-station-service,9c07a89c1a9436ee,e45dc27ffe61dcd5,72643d5dc0e1e600,8063,200,queryForNameBatch,ts-order-service
1650487606,ts-ticketinfo-service,e1a45bf2bf0aef99,6c5775d5a9f2258,a4287f981c8f59b0,5464,200,GET,ts-ticketinfo-service
1650487606,ts-verification-code-service,184d8eb0b113dace,33c26205d4976240,2d26150b71fc4458,2046,200,verifyCode,ts-auth-service
1650487606,ts-auth-service,33c26205d4976240,2d26150b71fc4458,2d26150b71fc4458,3746,200,GET,ts-auth-service
1650487606,ts-verification-code-service,c8c483029081b0e3,,c8c483029081b0e3,3140,200,imageCode,no_parent
1650487666,ts-order-service,affe0711074ecbcc,db885cd974b8754,63e070d921713477,2911,200,securityInfoCheck,ts-security-service
1650487666,ts-preserve-service,bd143011c72d79bf,63e070d921713477,63e070d921713477,14791,200,GET,ts-preserve-service
1650487666,ts-preserve-service,624ba6925e0905f7,63e070d921713477,63e070d921713477,3738,200,GET,ts-preserve-service
1650487666,ts-verification-code-service,8a18bfd11993f8b7,,8a18bfd11993f8b7,2998,200,imageCode,no_parent
1650487666,ts-order-service,b9e78c48277a3635,cb3effb476fd7a13,cb3effb476fd7a13,9512,200,POST,ts-order-service
1650487666,ts-order-service,cb3effb476fd7a13,,cb3effb476fd7a13,12843,200,queryOrdersForRefresh,no_parent
1650487666,ts-station-service,b26e8eccbbda05f4,b9e78c48277a3635,cb3effb476fd7a13,8043,200,queryForNameBatch,ts-order-service
1650487666,ts-verification-code-service,8b8702b1e0788604,bcd63d2d16a81792,f14e9e3854d100ad,1994,200,verifyCode,ts-auth-service
1650487666,ts-auth-service,f14e9e3854d100ad,,f14e9e3854d100ad,115458,200,getToken,no_parent
1650487666,ts-auth-service,bcd63d2d16a81792,f14e9e3854d100ad,f14e9e3854d100ad,3655,200,GET,ts-auth-service
1650487666,ts-security-service,89ad475148e1d3f7,bd143011c72d79bf,63e070d921713477,13142,200,check,ts-preserve-service
1650487666,ts-security-service,e2510cd32a79ba2,89ad475148e1d3f7,63e070d921713477,4438,200,GET,ts-security-service
1650487666,ts-basic-service,61077e449926ceb1,7961d33f3a49feca,9c250e48a43491e3,6277,200,queryForStationId,ts-ticketinfo-service
1650487666,ts-basic-service,1fff9e25d768bc89,c9dfa51b1702c917,9c250e48a43491e3,5038,200,queryForStationId,ts-ticketinfo-service
1650487666,ts-station-service,696f3371a7fa2178,8dd21bbcecbeecd4,9c250e48a43491e3,2610,200,queryForStationId,ts-basic-service
1650487666,ts-station-service,aaa65cf22591823a,b3e7432d4aff334c,9c250e48a43491e3,2100,200,queryForStationId,ts-basic-service
1650487666,ts-travel-service,5f571eaaa32593dd,9c250e48a43491e3,9c250e48a43491e3,11208,200,GET,ts-travel-service
1650487666,ts-travel-service,127a3992cbb90d18,9c250e48a43491e3,9c250e48a43491e3,8098,200,GET,ts-travel-service
1650487666,ts-basic-service,8dd21bbcecbeecd4,61077e449926ceb1,9c250e48a43491e3,3722,200,GET,ts-basic-service
1650487666,ts-route-service,249ea2537654eb6b,93ace5fda544ef6b,9c250e48a43491e3,2835,200,queryById,ts-travel-service
1650487666,ts-route-service,6a9f12a734595de7,e75fdf2b080e448f,9c250e48a43491e3,2101,200,queryById,ts-travel-service
1650487666,ts-route-service,61096e91c0c99938,84e70d0fe9825e62,9c250e48a43491e3,2184,200,queryById,ts-travel-service
1650487666,ts-order-other-service,35da23146970ba61,e2510cd32a79ba2,63e070d921713477,3116,200,securityInfoCheck,ts-security-service
1650487666,ts-security-service,db885cd974b8754,89ad475148e1d3f7,63e070d921713477,4351,200,GET,ts-security-service
1650487666,ts-travel-service,e75fdf2b080e448f,9c250e48a43491e3,9c250e48a43491e3,2540,200,GET,ts-travel-service
1650487666,ts-travel-service,3034a269cc25f392,9c250e48a43491e3,9c250e48a43491e3,2275,200,GET,ts-travel-service
1650487666,ts-travel-service,84e70d0fe9825e62,9c250e48a43491e3,9c250e48a43491e3,2328,200,GET,ts-travel-service
1650487666,ts-travel-service,93ace5fda544ef6b,9c250e48a43491e3,9c250e48a43491e3,4265,200,GET,ts-travel-service
1650487666,ts-preserve-service,63e070d921713477,,63e070d921713477,21603,200,preserve,no_parent
1650487666,ts-route-service,70af0817e475c400,3034a269cc25f392,9c250e48a43491e3,2133,200,queryById,ts-travel-service
1650487666,ts-ticketinfo-service,b022eeb21fa145bf,5f571eaaa32593dd,9c250e48a43491e3,9757,200,queryForStationId,ts-travel-service
1650487666,ts-contacts-service,92c894e56ffd8825,624ba6925e0905f7,63e070d921713477,2468,200,getContactsByContactsId,ts-preserve-service
1650487666,ts-ticketinfo-service,c9dfa51b1702c917,91f7c8e051a94581,9c250e48a43491e3,5585,200,GET,ts-ticketinfo-service
1650487666,ts-ticketinfo-service,91f7c8e051a94581,127a3992cbb90d18,9c250e48a43491e3,7801,200,queryForStationId,ts-travel-service
1650487666,ts-travel-service,9c250e48a43491e3,,9c250e48a43491e3,42528,200,queryInfo,no_parent
1650487666,ts-travel-service,eb2fd35603c2fb6e,9c250e48a43491e3,9c250e48a43491e3,2325,200,GET,ts-travel-service
1650487666,ts-route-service,2d4807406f24fd02,eb2fd35603c2fb6e,9c250e48a43491e3,2176,200,queryById,ts-travel-service
1650487666,ts-ticketinfo-service,7961d33f3a49feca,b022eeb21fa145bf,9c250e48a43491e3,7450,200,GET,ts-ticketinfo-service
1650487666,ts-basic-service,b3e7432d4aff334c,1fff9e25d768bc89,9c250e48a43491e3,2907,200,GET,ts-basic-service
1650487666,ts-assurance-service,15b293e185309948,,15b293e185309948,1621,200,getAllAssuranceType,no_parent
1650487666,ts-contacts-service,8a586d6e499702d7,,8a586d6e499702d7,2992,200,findContactsByAccountId,no_parent
1650487727,ts-preserve-service,c643d1a0a0890666,4e067eba9492454a,4e067eba9492454a,13926,200,GET,ts-preserve-service
1650487727,ts-preserve-service,4e067eba9492454a,,4e067eba9492454a,21131,200,preserve,no_parent
1650487727,ts-security-service,3f09ba85e35207ba,b0b515a1d7098047,4e067eba9492454a,4838,200,GET,ts-security-service
1650487727,ts-basic-service,178ea1e00dda1c61,7ebd6e09fb4cc1a2,e8ae471cfe9f3362,5800,200,queryForStationId,ts-ticketinfo-service
1650487727,ts-security-service,b0b515a1d7098047,c643d1a0a0890666,4e067eba9492454a,12277,200,check,ts-preserve-service
1650487727,ts-security-service,d57d322558b9caa1,b0b515a1d7098047,4e067eba9492454a,3634,200,GET,ts-security-service
1650487727,ts-contacts-service,13e8a8f523c3dcda,b22489f573c1c7f6,4e067eba9492454a,2559,200,getContactsByContactsId,ts-preserve-service
1650487727,ts-order-service,a5c9884d69da16a0,3f09ba85e35207ba,4e067eba9492454a,3605,200,securityInfoCheck,ts-security-service
1650487727,ts-travel-service,f7cef56ff50cc9c5,e8ae471cfe9f3362,e8ae471cfe9f3362,4014,200,GET,ts-travel-service
1650487727,ts-basic-service,126b8d7487a9252c,ea1f8359fb3775d1,e8ae471cfe9f3362,2742,200,GET,ts-basic-service
1650487727,ts-basic-service,ea1f8359fb3775d1,9e2c7fa7266f4133,e8ae471cfe9f3362,4681,200,queryForStationId,ts-ticketinfo-service
1650487727,ts-route-service,1a2e80194f1473d4,276c0889c4932794,e8ae471cfe9f3362,2315,200,queryById,ts-travel-service
1650487727,ts-route-service,bfb36bf4949c8437,61d7ae282101be14,e8ae471cfe9f3362,2170,200,queryById,ts-travel-service
1650487727,ts-route-service,35914e7b273b87a7,c0985ae646a5ae92,e8ae471cfe9f3362,2127,200,queryById,ts-travel-service
1650487727,ts-route-service,524b5ce1838cb306,1ff58b26b0ced91e,e8ae471cfe9f3362,2106,200,queryById,ts-travel-service
1650487727,ts-travel-service,bf594f6f5c499ba0,e8ae471cfe9f3362,e8ae471cfe9f3362,11077,200,GET,ts-travel-service
1650487727,ts-travel-service,6605a8b5a376be09,e8ae471cfe9f3362,e8ae471cfe9f3362,7781,200,GET,ts-travel-service
1650487727,ts-travel-service,c0985ae646a5ae92,e8ae471cfe9f3362,e8ae471cfe9f3362,2263,200,GET,ts-travel-service
1650487727,ts-travel-service,276c0889c4932794,e8ae471cfe9f3362,e8ae471cfe9f3362,2831,200,GET,ts-travel-service
1650487727,ts-station-service,d6e7cc345060c514,d0206de44cd5211d,e8ae471cfe9f3362,2293,200,queryForStationId,ts-basic-service
1650487727,ts-station-service,c79e263854c39f00,126b8d7487a9252c,e8ae471cfe9f3362,2101,200,queryForStationId,ts-basic-service
1650487727,ts-ticketinfo-service,1b05bd8faba19153,6605a8b5a376be09,e8ae471cfe9f3362,7331,200,queryForStationId,ts-travel-service
1650487727,ts-basic-service,d0206de44cd5211d,178ea1e00dda1c61,e8ae471cfe9f3362,3385,200,GET,ts-basic-service
1650487727,ts-preserve-service,b22489f573c1c7f6,4e067eba9492454a,4e067eba9492454a,3880,200,GET,ts-preserve-service
1650487727,ts-order-other-service,aa24028910820d44,d57d322558b9caa1,4e067eba9492454a,2408,200,securityInfoCheck,ts-security-service
1650487727,ts-contacts-service,b00b940db449098c,,b00b940db449098c,2345,200,findContactsByAccountId,no_parent
1650487727,ts-assurance-service,3a399da8362d452,,3a399da8362d452,1630,200,getAllAssuranceType,no_parent
1650487727,ts-route-service,a25aa08fa8ff09a9,f7cef56ff50cc9c5,e8ae471cfe9f3362,2724,200,queryById,ts-travel-service
1650487727,ts-travel-service,61d7ae282101be14,e8ae471cfe9f3362,e8ae471cfe9f3362,2489,200,GET,ts-travel-service
1650487727,ts-ticketinfo-service,ed7268ea9c401c3a,bf594f6f5c499ba0,e8ae471cfe9f3362,9551,200,queryForStationId,ts-travel-service
1650487727,ts-ticketinfo-service,7ebd6e09fb4cc1a2,ed7268ea9c401c3a,e8ae471cfe9f3362,6976,200,GET,ts-ticketinfo-service
1650487727,ts-ticketinfo-service,9e2c7fa7266f4133,1b05bd8faba19153,e8ae471cfe9f3362,5394,200,GET,ts-ticketinfo-service
1650487727,ts-travel-service,1ff58b26b0ced91e,e8ae471cfe9f3362,e8ae471cfe9f3362,2263,200,GET,ts-travel-service
1650487727,ts-travel-service,e8ae471cfe9f3362,,e8ae471cfe9f3362,41273,200,queryInfo,no_parent
1650487727,ts-order-service,742a18acced6c4e,,742a18acced6c4e,12622,200,queryOrdersForRefresh,no_parent
1650487727,ts-station-service,2ab3a9d4c7c5cf2b,766431c4912c6c59,742a18acced6c4e,7966,200,queryForNameBatch,ts-order-service
1650487727,ts-order-service,766431c4912c6c59,742a18acced6c4e,742a18acced6c4e,9649,200,POST,ts-order-service
1650487727,ts-auth-service,102412072364f229,,102412072364f229,116485,200,getToken,no_parent
1650487727,ts-auth-service,70f051dcc92ea93c,102412072364f229,102412072364f229,3181,200,GET,ts-auth-service
1650487727,ts-verification-code-service,2081934ed97784e1,,2081934ed97784e1,1876,200,imageCode,no_parent
1650487727,ts-verification-code-service,5957b8f4a055dd66,70f051dcc92ea93c,102412072364f229,1295,200,verifyCode,ts-auth-service
1650487787,ts-verification-code-service,d4f9044d708a9231,59319713a4fd5765,75c312dcb9984de8,1917,200,verifyCode,ts-auth-service
1650487787,ts-auth-service,59319713a4fd5765,75c312dcb9984de8,75c312dcb9984de8,3933,200,GET,ts-auth-service
1650487787,ts-auth-service,75c312dcb9984de8,,75c312dcb9984de8,120171,200,getToken,no_parent
1650487787,ts-verification-code-service,bb508713fddb3dd8,,bb508713fddb3dd8,2979,200,imageCode,no_parent
1650487787,ts-basic-service,68399c8b3666c928,d3926fc69bcddf8d,7d9fc34da729cb00,3617,200,GET,ts-basic-service
1650487787,ts-ticketinfo-service,aeb916a2476fc16a,c087caeb37bdf4a9,7d9fc34da729cb00,9148,200,queryForStationId,ts-travel-service
1650487787,ts-route-service,b8f0f6f2eb97a85f,5a7fdce85c0edc5b,7d9fc34da729cb00,2311,200,queryById,ts-travel-service
1650487787,ts-ticketinfo-service,800975e1ac8df81f,4d9ab9c8ee77ff1d,7d9fc34da729cb00,7872,200,queryForStationId,ts-travel-service
1650487787,ts-station-service,e39c7e8c5fb66115,68399c8b3666c928,7d9fc34da729cb00,2534,200,queryForStationId,ts-basic-service
1650487787,ts-security-service,d98b485f152ad126,1f1d12cedb4b4a6f,326b98be103f78cb,5172,200,GET,ts-security-service
1650487787,ts-preserve-service,d25392ec9e4fe555,326b98be103f78cb,326b98be103f78cb,15870,200,GET,ts-preserve-service
1650487787,ts-preserve-service,640e761212797a25,326b98be103f78cb,326b98be103f78cb,4200,200,GET,ts-preserve-service
1650487787,ts-preserve-service,326b98be103f78cb,,326b98be103f78cb,23379,200,preserve,no_parent
1650487787,ts-order-other-service,2b2506fb4852a8cc,dd0d65ecad6bdebe,326b98be103f78cb,3216,200,securityInfoCheck,ts-security-service
1650487787,ts-order-service,687ee4bdd50a2f00,d98b485f152ad126,326b98be103f78cb,3885,200,securityInfoCheck,ts-security-service
1650487787,ts-basic-service,d3926fc69bcddf8d,c45e172989d4202e,7d9fc34da729cb00,6213,200,queryForStationId,ts-ticketinfo-service
1650487787,ts-travel-service,3b36026e3c43fae3,7d9fc34da729cb00,7d9fc34da729cb00,2322,200,GET,ts-travel-service
1650487787,ts-travel-service,95ec4c1b2be768e,7d9fc34da729cb00,7d9fc34da729cb00,3818,200,GET,ts-travel-service
1650487787,ts-travel-service,c087caeb37bdf4a9,7d9fc34da729cb00,7d9fc34da729cb00,10620,200,GET,ts-travel-service
1650487787,ts-basic-service,9d5d3a8e7a7ed1a3,a8c2e31c86b5cdb9,7d9fc34da729cb00,3175,200,GET,ts-basic-service
1650487787,ts-travel-service,4d9ab9c8ee77ff1d,7d9fc34da729cb00,7d9fc34da729cb00,8118,200,GET,ts-travel-service
1650487787,ts-travel-service,a2f53b32b99d3ca5,7d9fc34da729cb00,7d9fc34da729cb00,2335,200,GET,ts-travel-service
1650487787,ts-station-service,6ca75feb4c9b26ff,9d5d3a8e7a7ed1a3,7d9fc34da729cb00,2537,200,queryForStationId,ts-basic-service
1650487787,ts-travel-service,7d9fc34da729cb00,,7d9fc34da729cb00,41046,200,queryInfo,no_parent
1650487787,ts-travel-service,5a7fdce85c0edc5b,7d9fc34da729cb00,7d9fc34da729cb00,2431,200,GET,ts-travel-service
1650487787,ts-route-service,b37f9ca83815954c,95ec4c1b2be768e,7d9fc34da729cb00,2324,200,queryById,ts-travel-service
1650487787,ts-route-service,6a17dc544e815108,a2f53b32b99d3ca5,7d9fc34da729cb00,2280,200,queryById,ts-travel-service
1650487787,ts-route-service,e8954bde8afdb770,3b36026e3c43fae3,7d9fc34da729cb00,1942,200,queryById,ts-travel-service
1650487787,ts-ticketinfo-service,c45e172989d4202e,aeb916a2476fc16a,7d9fc34da729cb00,7171,200,GET,ts-ticketinfo-service
1650487787,ts-ticketinfo-service,4f95ea4be84c2044,800975e1ac8df81f,7d9fc34da729cb00,5809,200,GET,ts-ticketinfo-service
1650487787,ts-basic-service,a8c2e31c86b5cdb9,4f95ea4be84c2044,7d9fc34da729cb00,5234,200,queryForStationId,ts-ticketinfo-service
1650487787,ts-assurance-service,3316f95c576c68ed,,3316f95c576c68ed,1651,200,getAllAssuranceType,no_parent
1650487787,ts-travel-service,6654edbe00089d91,7d9fc34da729cb00,7d9fc34da729cb00,2049,200,GET,ts-travel-service
1650487787,ts-contacts-service,c3d63f580b727750,640e761212797a25,326b98be103f78cb,2733,200,getContactsByContactsId,ts-preserve-service
1650487787,ts-security-service,dd0d65ecad6bdebe,1f1d12cedb4b4a6f,326b98be103f78cb,4639,200,GET,ts-security-service
1650487787,ts-security-service,1f1d12cedb4b4a6f,d25392ec9e4fe555,326b98be103f78cb,14123,200,check,ts-preserve-service
1650487787,ts-route-service,1a6e2320d2e640b4,6654edbe00089d91,7d9fc34da729cb00,1910,200,queryById,ts-travel-service
1650487787,ts-contacts-service,773cdb53f14522ae,,773cdb53f14522ae,2959,200,findContactsByAccountId,no_parent
1650487787,ts-order-service,73ad5b91f3e3d9e1,b55d958d6ddba749,b55d958d6ddba749,9476,200,POST,ts-order-service
1650487787,ts-order-service,b55d958d6ddba749,,b55d958d6ddba749,13098,200,queryOrdersForRefresh,no_parent
1650487787,ts-station-service,1c71b161ed7a3e4c,73ad5b91f3e3d9e1,b55d958d6ddba749,8039,200,queryForNameBatch,ts-order-service
1650487847,ts-order-other-service,cf78e0d20fd98649,ef89044461e161da,c68e598669b2388f,2988,200,securityInfoCheck,ts-security-service
1650487847,ts-security-service,43433931680f3dcf,bd9f4905b03a9501,c68e598669b2388f,4671,200,GET,ts-security-service
1650487847,ts-security-service,ef89044461e161da,bd9f4905b03a9501,c68e598669b2388f,4415,200,GET,ts-security-service
1650487847,ts-ticketinfo-service,a26a901545a2e709,d0b35797565ed13d,a982fae8a22479a6,9472,200,GET,ts-ticketinfo-service
1650487847,ts-route-service,8303b3636b6af631,625703ede3d3e1f7,a982fae8a22479a6,2698,200,queryById,ts-travel-service
1650487847,ts-ticketinfo-service,5e29ddc6c3470f8e,55b8716bff04e31e,a982fae8a22479a6,8306,200,queryForStationId,ts-travel-service
1650487847,ts-travel-service,c8c273b24cf1a6d6,a982fae8a22479a6,a982fae8a22479a6,1687,200,GET,ts-travel-service
1650487847,ts-travel-service,a990c616ba1bde72,a982fae8a22479a6,a982fae8a22479a6,2333,200,GET,ts-travel-service
1650487847,ts-travel-service,c22bd3a2991b4ea3,a982fae8a22479a6,a982fae8a22479a6,2256,200,GET,ts-travel-service
1650487847,ts-route-service,a2e261a7f4bf26ba,c8c273b24cf1a6d6,a982fae8a22479a6,1217,200,queryById,ts-travel-service
1650487847,ts-travel-service,55b8716bff04e31e,a982fae8a22479a6,a982fae8a22479a6,8699,200,GET,ts-travel-service
1650487847,ts-travel-service,9a6f44f3b68cf2ad,a982fae8a22479a6,a982fae8a22479a6,2289,200,GET,ts-travel-service
1650487847,ts-travel-service,a982fae8a22479a6,,a982fae8a22479a6,44184,200,queryInfo,no_parent
1650487847,ts-route-service,989fe5f183c416af,c22bd3a2991b4ea3,a982fae8a22479a6,2145,200,queryById,ts-travel-service
1650487847,ts-basic-service,a1720ae0fefb4843,dbe7ca4cc625acf7,a982fae8a22479a6,5487,200,queryForStationId,ts-ticketinfo-service
1650487847,ts-station-service,89871b245bb559da,39f9a4b27c76845a,a982fae8a22479a6,4366,200,queryForStationId,ts-basic-service
1650487847,ts-route-service,b038809a5cf1d674,a990c616ba1bde72,a982fae8a22479a6,2229,200,queryById,ts-travel-service
1650487847,ts-ticketinfo-service,dbe7ca4cc625acf7,5e29ddc6c3470f8e,a982fae8a22479a6,6224,200,GET,ts-ticketinfo-service
1650487847,ts-basic-service,f108ef0c2ab0ed2b,a26a901545a2e709,a982fae8a22479a6,8349,200,queryForStationId,ts-ticketinfo-service
1650487847,ts-basic-service,39f9a4b27c76845a,f108ef0c2ab0ed2b,a982fae8a22479a6,5932,200,GET,ts-basic-service
1650487847,ts-basic-service,347eb0dfe3785a33,a1720ae0fefb4843,a982fae8a22479a6,3387,200,GET,ts-basic-service
1650487847,ts-ticketinfo-service,d0b35797565ed13d,393900e1e4c23f5b,a982fae8a22479a6,12067,200,queryForStationId,ts-travel-service
1650487847,ts-travel-service,393900e1e4c23f5b,a982fae8a22479a6,a982fae8a22479a6,13501,200,GET,ts-travel-service
1650487847,ts-security-service,bd9f4905b03a9501,ede2e98d31ee4889,c68e598669b2388f,20869,200,check,ts-preserve-service
1650487847,ts-travel-service,625703ede3d3e1f7,a982fae8a22479a6,a982fae8a22479a6,4017,200,GET,ts-travel-service
1650487847,ts-preserve-service,1bb37fb6a89bb817,c68e598669b2388f,c68e598669b2388f,3794,200,GET,ts-preserve-service
1650487847,ts-preserve-service,c68e598669b2388f,,c68e598669b2388f,29611,200,preserve,no_parent
1650487847,ts-station-service,e64b7e0c6f774038,e8f8299b30268d9,cd9524541e8b17d5,17683,200,queryForNameBatch,ts-order-service
1650487847,ts-contacts-service,10275c8b4c38d8a8,1bb37fb6a89bb817,c68e598669b2388f,2276,200,getContactsByContactsId,ts-preserve-service
1650487847,ts-order-service,f9f2c5ffec52dcb1,43433931680f3dcf,c68e598669b2388f,3340,200,securityInfoCheck,ts-security-service
1650487847,ts-preserve-service,ede2e98d31ee4889,c68e598669b2388f,c68e598669b2388f,22673,200,GET,ts-preserve-service
1650487847,ts-order-service,cd9524541e8b17d5,,cd9524541e8b17d5,22812,200,queryOrdersForRefresh,no_parent
1650487847,ts-order-service,e8f8299b30268d9,cd9524541e8b17d5,cd9524541e8b17d5,9092,200,POST,ts-order-service
1650487847,ts-route-service,c55038a4ef0e857d,9a6f44f3b68cf2ad,a982fae8a22479a6,2167,200,queryById,ts-travel-service
1650487847,ts-contacts-service,3126921d0326a26a,,3126921d0326a26a,2943,200,findContactsByAccountId,no_parent
1650487847,ts-station-service,a870b592075de8c9,347eb0dfe3785a33,a982fae8a22479a6,2406,200,queryForStationId,ts-basic-service
1650487847,ts-assurance-service,eb3def686aee722b,,eb3def686aee722b,1571,200,getAllAssuranceType,no_parent
1650487847,ts-auth-service,b8b0553439d0f6ad,,b8b0553439d0f6ad,119252,200,getToken,no_parent
1650487847,ts-auth-service,303d13b5bcac1dd6,b8b0553439d0f6ad,b8b0553439d0f6ad,4434,200,GET,ts-auth-service
1650487847,ts-verification-code-service,6941b4b294e8b215,303d13b5bcac1dd6,b8b0553439d0f6ad,1988,200,verifyCode,ts-auth-service
1650487847,ts-verification-code-service,1b4657692ed2c883,,1b4657692ed2c883,3013,200,imageCode,no_parent
1650487907,ts-verification-code-service,422b319dfb89c83e,,422b319dfb89c83e,3115,200,imageCode,no_parent
1650487907,ts-auth-service,5b0819a63c2234b3,,5b0819a63c2234b3,116469,200,getToken,no_parent
1650487907,ts-auth-service,27749e74a27b46f2,5b0819a63c2234b3,5b0819a63c2234b3,4113,200,GET,ts-auth-service
1650487907,ts-contacts-service,987a21223040eab6,11ba95b4af76b7fc,3cb3d21db64c20ec,2452,200,getContactsByContactsId,ts-preserve-service
1650487907,ts-security-service,66fa24ba19b150e1,38b8ee1d43fc71e8,3cb3d21db64c20ec,4927,200,GET,ts-security-service
1650487907,ts-security-service,50f7bfedb2806a43,38b8ee1d43fc71e8,3cb3d21db64c20ec,4880,200,GET,ts-security-service
1650487907,ts-order-other-service,e030f285654a3041,50f7bfedb2806a43,3cb3d21db64c20ec,3696,200,securityInfoCheck,ts-security-service
1650487907,ts-preserve-service,11ba95b4af76b7fc,3cb3d21db64c20ec,3cb3d21db64c20ec,3868,200,GET,ts-preserve-service
1650487907,ts-security-service,38b8ee1d43fc71e8,32d82761787be72f,3cb3d21db64c20ec,14589,200,check,ts-preserve-service
1650487907,ts-order-service,8f487999247fe73d,66fa24ba19b150e1,3cb3d21db64c20ec,3546,200,securityInfoCheck,ts-security-service
1650487907,ts-preserve-service,32d82761787be72f,3cb3d21db64c20ec,3cb3d21db64c20ec,16373,200,GET,ts-preserve-service
1650487907,ts-preserve-service,3cb3d21db64c20ec,,3cb3d21db64c20ec,23492,200,preserve,no_parent
1650487907,ts-order-service,1c2750a8d4086731,9a7aaa277ccd45bb,9a7aaa277ccd45bb,10232,200,POST,ts-order-service
1650487907,ts-station-service,eb6bf893534a4835,1c2750a8d4086731,9a7aaa277ccd45bb,8710,200,queryForNameBatch,ts-order-service
1650487907,ts-order-service,9a7aaa277ccd45bb,,9a7aaa277ccd45bb,13233,200,queryOrdersForRefresh,no_parent
1650487907,ts-contacts-service,880b99888f210117,,880b99888f210117,3070,200,findContactsByAccountId,no_parent
1650487907,ts-verification-code-service,76728ec4db6f8de9,27749e74a27b46f2,5b0819a63c2234b3,2272,200,verifyCode,ts-auth-service
1650487908,ts-travel-service,da89317fcf04603c,fe1315e4b21bde6a,fe1315e4b21bde6a,12559,200,GET,ts-travel-service
1650487908,ts-travel-service,bd2da8620b7947a0,fe1315e4b21bde6a,fe1315e4b21bde6a,3064,200,GET,ts-travel-service
1650487908,ts-ticketinfo-service,edfebfc6dc6bd3c7,212a57baea96c7ff,fe1315e4b21bde6a,5915,200,GET,ts-ticketinfo-service
1650487908,ts-ticketinfo-service,212a57baea96c7ff,a5f262eefdf7bb3a,fe1315e4b21bde6a,7940,200,queryForStationId,ts-travel-service
1650487908,ts-basic-service,a4e6aafe7051f2d3,65711b190fd5f1f9,fe1315e4b21bde6a,4176,200,GET,ts-basic-service
1650487908,ts-travel-service,ccf7af197a912f1f,fe1315e4b21bde6a,fe1315e4b21bde6a,2266,200,GET,ts-travel-service
1650487908,ts-basic-service,65711b190fd5f1f9,246f4f8438f431ba,fe1315e4b21bde6a,6666,200,queryForStationId,ts-ticketinfo-service
1650487908,ts-basic-service,5e3f8005d51225c3,74a08c039b7f2d78,fe1315e4b21bde6a,3151,200,GET,ts-basic-service
1650487908,ts-route-service,9adaac74ea4748c0,ccf7af197a912f1f,fe1315e4b21bde6a,2203,200,queryById,ts-travel-service
1650487908,ts-route-service,d6298fd8faa83666,92d136fd96297579,fe1315e4b21bde6a,2203,200,queryById,ts-travel-service
1650487908,ts-station-service,607637db030754bf,5e3f8005d51225c3,fe1315e4b21bde6a,2408,200,queryForStationId,ts-basic-service
1650487908,ts-station-service,31dabb2b1fb1cbdf,a4e6aafe7051f2d3,fe1315e4b21bde6a,2773,200,queryForStationId,ts-basic-service
1650487908,ts-travel-service,92d136fd96297579,fe1315e4b21bde6a,fe1315e4b21bde6a,2321,200,GET,ts-travel-service
1650487908,ts-route-service,ed05628c4dcfca2b,bd2da8620b7947a0,fe1315e4b21bde6a,2632,200,queryById,ts-travel-service
1650487908,ts-route-service,917c7fb1ded08273,4706c90ddda62c28,fe1315e4b21bde6a,2167,200,queryById,ts-travel-service
1650487908,ts-travel-service,4706c90ddda62c28,fe1315e4b21bde6a,fe1315e4b21bde6a,2276,200,GET,ts-travel-service
1650487908,ts-travel-service,47c5680c525ad22c,fe1315e4b21bde6a,fe1315e4b21bde6a,3706,200,GET,ts-travel-service
1650487908,ts-travel-service,fe1315e4b21bde6a,,fe1315e4b21bde6a,43551,200,queryInfo,no_parent
1650487908,ts-route-service,4759883b9b9b74b5,47c5680c525ad22c,fe1315e4b21bde6a,2705,200,queryById,ts-travel-service
1650487908,ts-ticketinfo-service,246f4f8438f431ba,3107f789f3a4a316,fe1315e4b21bde6a,7787,200,GET,ts-ticketinfo-service
1650487908,ts-ticketinfo-service,3107f789f3a4a316,da89317fcf04603c,fe1315e4b21bde6a,10538,200,queryForStationId,ts-travel-service
1650487908,ts-travel-service,a5f262eefdf7bb3a,fe1315e4b21bde6a,fe1315e4b21bde6a,8413,200,GET,ts-travel-service
1650487908,ts-assurance-service,ff83d112e5071b95,,ff83d112e5071b95,1509,200,getAllAssuranceType,no_parent
1650487908,ts-basic-service,74a08c039b7f2d78,edfebfc6dc6bd3c7,fe1315e4b21bde6a,5222,200,queryForStationId,ts-ticketinfo-service
1650487968,ts-preserve-service,978d7dea47521cc4,e55dbff8c35a6499,e55dbff8c35a6499,15826,200,GET,ts-preserve-service
1650487968,ts-auth-service,761e985ad651c567,978e16d44848e79,978e16d44848e79,5889,200,GET,ts-auth-service
1650487968,ts-security-service,f6bec8cac446d86,3c960e8d5a7c7f70,e55dbff8c35a6499,4938,200,GET,ts-security-service
1650487968,ts-station-service,b7579d1e14eddf61,b17bd06238710d93,66d335053fb1d3d8,2423,200,queryForStationId,ts-basic-service
1650487968,ts-station-service,7ad572c5aa9c2763,183b4eccf667ff2e,66d335053fb1d3d8,2000,200,queryForStationId,ts-basic-service
1650487968,ts-travel-service,dbf3c388720a566d,66d335053fb1d3d8,66d335053fb1d3d8,7954,200,GET,ts-travel-service
1650487968,ts-travel-service,a4f47b5d6f9ffa26,66d335053fb1d3d8,66d335053fb1d3d8,2484,200,GET,ts-travel-service
1650487968,ts-route-service,94b275ff8fc5f777,2d76a03547c5d98,66d335053fb1d3d8,2708,200,queryById,ts-travel-service
1650487968,ts-security-service,86c9232d4574ffad,3c960e8d5a7c7f70,e55dbff8c35a6499,4646,200,GET,ts-security-service
1650487968,ts-contacts-service,c1c79dce3aef51ae,31ef4aa7b5c3a730,e55dbff8c35a6499,9341,200,getContactsByContactsId,ts-preserve-service
1650487968,ts-order-service,7fae0146287b9d2,f6bec8cac446d86,e55dbff8c35a6499,3548,200,securityInfoCheck,ts-security-service
1650487968,ts-ticketinfo-service,4b741dc5faf3b75d,dbf3c388720a566d,66d335053fb1d3d8,7481,200,queryForStationId,ts-travel-service
1650487968,ts-ticketinfo-service,baa40e1a10358fc2,4b741dc5faf3b75d,66d335053fb1d3d8,5560,200,GET,ts-ticketinfo-service
1650487968,ts-basic-service,c99f3e37eabb79f3,96dcd0eb25e9a5cc,66d335053fb1d3d8,5619,200,queryForStationId,ts-ticketinfo-service
1650487968,ts-basic-service,1839dfba06c3a6bc,baa40e1a10358fc2,66d335053fb1d3d8,4697,200,queryForStationId,ts-ticketinfo-service
1650487968,ts-ticketinfo-service,efe6fbe4a0604bf9,aa898cec960e549e,66d335053fb1d3d8,9291,200,queryForStationId,ts-travel-service
1650487968,ts-order-service,bd778fff4eec0aff,74a6ece8c58ab5c9,74a6ece8c58ab5c9,9940,200,POST,ts-order-service
1650487968,ts-order-service,74a6ece8c58ab5c9,,74a6ece8c58ab5c9,13348,200,queryOrdersForRefresh,no_parent
1650487968,ts-travel-service,b55214f685f3beb0,66d335053fb1d3d8,66d335053fb1d3d8,2265,200,GET,ts-travel-service
1650487968,ts-preserve-service,e55dbff8c35a6499,,e55dbff8c35a6499,29601,200,preserve,no_parent
1650487968,ts-verification-code-service,ee5c14b54fafbe03,,ee5c14b54fafbe03,2993,200,imageCode,no_parent
1650487968,ts-auth-service,978e16d44848e79,,978e16d44848e79,131698,200,getToken,no_parent
1650487968,ts-preserve-service,31ef4aa7b5c3a730,e55dbff8c35a6499,e55dbff8c35a6499,10649,200,GET,ts-preserve-service
1650487968,ts-travel-service,f83a1d718c7b9db6,66d335053fb1d3d8,66d335053fb1d3d8,1968,200,GET,ts-travel-service
1650487968,ts-travel-service,aa898cec960e549e,66d335053fb1d3d8,66d335053fb1d3d8,10894,200,GET,ts-travel-service
1650487968,ts-travel-service,66d335053fb1d3d8,,66d335053fb1d3d8,46934,200,queryInfo,no_parent
1650487968,ts-order-other-service,ed8a0e82f172077,86c9232d4574ffad,e55dbff8c35a6499,3196,200,securityInfoCheck,ts-security-service
1650487968,ts-security-service,3c960e8d5a7c7f70,978d7dea47521cc4,e55dbff8c35a6499,14108,200,check,ts-preserve-service
1650487968,ts-station-service,dd9707b008e22f76,bd778fff4eec0aff,74a6ece8c58ab5c9,8538,200,queryForNameBatch,ts-order-service
1650487968,ts-basic-service,b17bd06238710d93,1839dfba06c3a6bc,66d335053fb1d3d8,3028,200,GET,ts-basic-service
1650487968,ts-route-service,615e88fbbe158415,b55214f685f3beb0,66d335053fb1d3d8,2124,200,queryById,ts-travel-service
1650487968,ts-ticketinfo-service,96dcd0eb25e9a5cc,efe6fbe4a0604bf9,66d335053fb1d3d8,6714,200,GET,ts-ticketinfo-service
1650487968,ts-contacts-service,7dd3431e4c4e8f8e,,7dd3431e4c4e8f8e,3058,200,findContactsByAccountId,no_parent
1650487968,ts-route-service,4a929ed2a8600609,f83a1d718c7b9db6,66d335053fb1d3d8,1844,200,queryById,ts-travel-service
1650487968,ts-route-service,2653f947be3fc684,a4f47b5d6f9ffa26,66d335053fb1d3d8,2159,200,queryById,ts-travel-service
1650487968,ts-route-service,8d7ad0612d95ad04,e7d155c2c752baba,66d335053fb1d3d8,2066,200,queryById,ts-travel-service
1650487968,ts-travel-service,e7d155c2c752baba,66d335053fb1d3d8,66d335053fb1d3d8,2177,200,GET,ts-travel-service
1650487968,ts-travel-service,2d76a03547c5d98,66d335053fb1d3d8,66d335053fb1d3d8,4016,200,GET,ts-travel-service
1650487968,ts-basic-service,183b4eccf667ff2e,c99f3e37eabb79f3,66d335053fb1d3d8,3266,200,GET,ts-basic-service
1650487968,ts-assurance-service,edb0cb8b55d0d5aa,,edb0cb8b55d0d5aa,1593,200,getAllAssuranceType,no_parent
1650487968,ts-verification-code-service,fe71d982b045853f,761e985ad651c567,978e16d44848e79,2310,200,verifyCode,ts-auth-service
1650488028,ts-basic-service,e75bb4f996241254,93c49c1a88bd02db,38d40f2a10620bb2,6115,200,queryForStationId,ts-ticketinfo-service
1650488028,ts-basic-service,f6ec5bd8e7be2f04,d416c52201f9237c,38d40f2a10620bb2,2989,200,GET,ts-basic-service
1650488028,ts-basic-service,d416c52201f9237c,2f3ade975c7029d1,38d40f2a10620bb2,4839,200,queryForStationId,ts-ticketinfo-service
1650488028,ts-station-service,723f90884ed1b513,61c112471a90576f,38d40f2a10620bb2,2560,200,queryForStationId,ts-basic-service
1650488028,ts-station-service,4f501e527f2cd15c,f6ec5bd8e7be2f04,38d40f2a10620bb2,2407,200,queryForStationId,ts-basic-service
1650488028,ts-ticketinfo-service,357bba5bc7c90d9b,93bf27688eee64b4,38d40f2a10620bb2,9840,200,queryForStationId,ts-travel-service
1650488028,ts-verification-code-service,f2e77487077b5e06,86a929bd65ffa4f8,1370ea2256026efe,2081,200,verifyCode,ts-auth-service
1650488028,ts-auth-service,86a929bd65ffa4f8,1370ea2256026efe,1370ea2256026efe,3794,200,GET,ts-auth-service
1650488028,ts-auth-service,1370ea2256026efe,,1370ea2256026efe,112048,200,getToken,no_parent
1650488028,ts-route-service,6781cfce3e95b771,d1fea79a6a887fb9,38d40f2a10620bb2,2152,200,queryById,ts-travel-service
1650488028,ts-route-service,6d59eab4378fc766,bab91f8d5bf4580,38d40f2a10620bb2,2181,200,queryById,ts-travel-service
1650488028,ts-travel-service,1ee6f970c6bf3be2,38d40f2a10620bb2,38d40f2a10620bb2,3952,200,GET,ts-travel-service
1650488028,ts-travel-service,33399cd5b313f6fb,38d40f2a10620bb2,38d40f2a10620bb2,2234,200,GET,ts-travel-service
1650488028,ts-travel-service,38d40f2a10620bb2,,38d40f2a10620bb2,42047,200,queryInfo,no_parent
1650488028,ts-travel-service,32472e4f591b5576,38d40f2a10620bb2,38d40f2a10620bb2,2269,200,GET,ts-travel-service
1650488028,ts-route-service,89484d637412b1f6,33399cd5b313f6fb,38d40f2a10620bb2,2134,200,queryById,ts-travel-service
1650488028,ts-ticketinfo-service,93c49c1a88bd02db,357bba5bc7c90d9b,38d40f2a10620bb2,7351,200,GET,ts-ticketinfo-service
1650488028,ts-travel-service,d76ce511fc66560,38d40f2a10620bb2,38d40f2a10620bb2,8010,200,GET,ts-travel-service
1650488028,ts-travel-service,bab91f8d5bf4580,38d40f2a10620bb2,38d40f2a10620bb2,2288,200,GET,ts-travel-service
1650488028,ts-route-service,8a6642360bc85c1c,1ee6f970c6bf3be2,38d40f2a10620bb2,2734,200,queryById,ts-travel-service
1650488028,ts-route-service,e17c23e0069ad007,32472e4f591b5576,38d40f2a10620bb2,2163,200,queryById,ts-travel-service
1650488028,ts-travel-service,93bf27688eee64b4,38d40f2a10620bb2,38d40f2a10620bb2,11317,200,GET,ts-travel-service
1650488028,ts-travel-service,d1fea79a6a887fb9,38d40f2a10620bb2,38d40f2a10620bb2,2477,200,GET,ts-travel-service
1650488028,ts-order-other-service,d1a75efb037c0209,4063a15b2e486ef5,7426ffb3304a344e,2105,200,securityInfoCheck,ts-security-service
1650488028,ts-security-service,6c7c5840b6a33c82,724d763f9269fab5,7426ffb3304a344e,5432,200,GET,ts-security-service
1650488028,ts-ticketinfo-service,2f3ade975c7029d1,f9057400f541e57d,38d40f2a10620bb2,5571,200,GET,ts-ticketinfo-service
1650488028,ts-preserve-service,e018653ffbfe071d,7426ffb3304a344e,7426ffb3304a344e,3966,200,GET,ts-preserve-service
1650488028,ts-preserve-service,b63b370748719905,7426ffb3304a344e,7426ffb3304a344e,15043,200,GET,ts-preserve-service
1650488028,ts-ticketinfo-service,f9057400f541e57d,d76ce511fc66560,38d40f2a10620bb2,7576,200,queryForStationId,ts-travel-service
1650488028,ts-basic-service,61c112471a90576f,e75bb4f996241254,38d40f2a10620bb2,3593,200,GET,ts-basic-service
1650488028,ts-assurance-service,13aed9c8f6da1035,,13aed9c8f6da1035,1592,200,getAllAssuranceType,no_parent
1650488028,ts-contacts-service,98e73afd79c9f7fe,e018653ffbfe071d,7426ffb3304a344e,2586,200,getContactsByContactsId,ts-preserve-service
1650488028,ts-order-service,dc425ec78ac733f4,6c7c5840b6a33c82,7426ffb3304a344e,3557,200,securityInfoCheck,ts-security-service
1650488028,ts-preserve-service,7426ffb3304a344e,,7426ffb3304a344e,22424,200,preserve,no_parent
1650488028,ts-security-service,4063a15b2e486ef5,724d763f9269fab5,7426ffb3304a344e,3275,200,GET,ts-security-service
1650488028,ts-security-service,724d763f9269fab5,b63b370748719905,7426ffb3304a344e,13113,200,check,ts-preserve-service
1650488028,ts-contacts-service,8666e496cfaa461b,,8666e496cfaa461b,2907,200,findContactsByAccountId,no_parent
1650488028,ts-order-service,b071ed28dc5e9dbe,d0736c103884a0a2,d0736c103884a0a2,9730,200,POST,ts-order-service
1650488028,ts-order-service,d0736c103884a0a2,,d0736c103884a0a2,12837,200,queryOrdersForRefresh,no_parent
1650488028,ts-station-service,bb2b6818655670fe,b071ed28dc5e9dbe,d0736c103884a0a2,8402,200,queryForNameBatch,ts-order-service
1650488028,ts-verification-code-service,4b9c20709a385e42,,4b9c20709a385e42,3048,200,imageCode,no_parent
1650488088,ts-preserve-service,82f4ae6e850b8e6,9a09aad83e5ea1e6,9a09aad83e5ea1e6,4449,200,GET,ts-preserve-service
1650488088,ts-travel-service,dbbb52a168176dc0,f0f8af81c6c7da47,f0f8af81c6c7da47,8344,200,GET,ts-travel-service
1650488088,ts-travel-service,4eea8b8ba66faf6e,f0f8af81c6c7da47,f0f8af81c6c7da47,11197,200,GET,ts-travel-service
1650488088,ts-auth-service,fdad9cdb814f9371,45eeff2ed1f7539e,45eeff2ed1f7539e,3851,200,GET,ts-auth-service
1650488088,ts-auth-service,45eeff2ed1f7539e,,45eeff2ed1f7539e,109237,200,getToken,no_parent
1650488088,ts-verification-code-service,65dc54d1f5080572,fdad9cdb814f9371,45eeff2ed1f7539e,2062,200,verifyCode,ts-auth-service
1650488088,ts-station-service,a1d2cf9b82795042,7d161526a52436f5,f0f8af81c6c7da47,2419,200,queryForStationId,ts-basic-service
1650488088,ts-station-service,b549a496ad72aa8,81f931979a71f618,f0f8af81c6c7da47,2614,200,queryForStationId,ts-basic-service
1650488088,ts-verification-code-service,507d8c005ba68e81,,507d8c005ba68e81,3126,200,imageCode,no_parent
1650488088,ts-preserve-service,9a09aad83e5ea1e6,,9a09aad83e5ea1e6,24162,200,preserve,no_parent
1650488088,ts-preserve-service,cc354696b8154270,9a09aad83e5ea1e6,9a09aad83e5ea1e6,16343,200,GET,ts-preserve-service
1650488088,ts-order-other-service,231f923c482a912d,9aa04b7c382aae38,9a09aad83e5ea1e6,3164,200,securityInfoCheck,ts-security-service
1650488088,ts-security-service,d8c2888ce978c0c7,cc354696b8154270,9a09aad83e5ea1e6,14543,200,check,ts-preserve-service
1650488088,ts-security-service,9aa04b7c382aae38,d8c2888ce978c0c7,9a09aad83e5ea1e6,4814,200,GET,ts-security-service
1650488088,ts-contacts-service,1a30f1f77d931f25,82f4ae6e850b8e6,9a09aad83e5ea1e6,2619,200,getContactsByContactsId,ts-preserve-service
1650488088,ts-order-service,66b21d6326a55c30,1b3f114fa8ba4d65,9a09aad83e5ea1e6,3562,200,securityInfoCheck,ts-security-service
1650488088,ts-basic-service,81f931979a71f618,96e33210297a1867,f0f8af81c6c7da47,3838,200,GET,ts-basic-service
1650488088,ts-basic-service,96e33210297a1867,d6589a7014f42390,f0f8af81c6c7da47,6297,200,queryForStationId,ts-ticketinfo-service
1650488088,ts-travel-service,f0f8af81c6c7da47,,f0f8af81c6c7da47,41353,200,queryInfo,no_parent
1650488088,ts-ticketinfo-service,d6589a7014f42390,a24ee37975130614,f0f8af81c6c7da47,7395,200,GET,ts-ticketinfo-service
1650488088,ts-security-service,1b3f114fa8ba4d65,d8c2888ce978c0c7,9a09aad83e5ea1e6,5081,200,GET,ts-security-service
1650488088,ts-basic-service,7d161526a52436f5,a3c8ce9656f834be,f0f8af81c6c7da47,3020,200,GET,ts-basic-service
1650488088,ts-basic-service,a3c8ce9656f834be,8daab2c69f85003b,f0f8af81c6c7da47,5189,200,queryForStationId,ts-ticketinfo-service
1650488088,ts-contacts-service,db7b00a51b15bd81,,db7b00a51b15bd81,2815,200,findContactsByAccountId,no_parent
1650488088,ts-ticketinfo-service,8daab2c69f85003b,96164fb767028619,f0f8af81c6c7da47,5955,200,GET,ts-ticketinfo-service
1650488088,ts-ticketinfo-service,a24ee37975130614,4eea8b8ba66faf6e,f0f8af81c6c7da47,9733,200,queryForStationId,ts-travel-service
1650488088,ts-ticketinfo-service,96164fb767028619,dbbb52a168176dc0,f0f8af81c6c7da47,7987,200,queryForStationId,ts-travel-service
1650488088,ts-station-service,8933c0f0803bde2b,1bc2f981e40d2bf4,f5901eb134369880,8585,200,queryForNameBatch,ts-order-service
1650488088,ts-order-service,1bc2f981e40d2bf4,f5901eb134369880,f5901eb134369880,10085,200,POST,ts-order-service
1650488088,ts-order-service,f5901eb134369880,,f5901eb134369880,21321,200,queryOrdersForRefresh,no_parent
1650488089,ts-route-service,34e6333c1028d49d,d984fce1917490d9,f0f8af81c6c7da47,2414,200,queryById,ts-travel-service
1650488089,ts-travel-service,88911712608ae227,f0f8af81c6c7da47,f0f8af81c6c7da47,1687,200,GET,ts-travel-service
1650488089,ts-route-service,e59eee58773bcb7a,5c3221cb46931bac,f0f8af81c6c7da47,1933,200,queryById,ts-travel-service
1650488089,ts-travel-service,d984fce1917490d9,f0f8af81c6c7da47,f0f8af81c6c7da47,2736,200,GET,ts-travel-service
1650488089,ts-travel-service,7bb94505704af2c1,f0f8af81c6c7da47,f0f8af81c6c7da47,4628,200,GET,ts-travel-service
1650488089,ts-route-service,58873b71fca2dda1,88911712608ae227,f0f8af81c6c7da47,1619,200,queryById,ts-travel-service
1650488089,ts-route-service,81fff994f38e379,7bb94505704af2c1,f0f8af81c6c7da47,3246,200,queryById,ts-travel-service
1650488089,ts-route-service,ba7a0fa2e7550958,78bebe720b56f66f,f0f8af81c6c7da47,1281,200,queryById,ts-travel-service
1650488089,ts-travel-service,5c3221cb46931bac,f0f8af81c6c7da47,f0f8af81c6c7da47,2215,200,GET,ts-travel-service
1650488089,ts-travel-service,78bebe720b56f66f,f0f8af81c6c7da47,f0f8af81c6c7da47,1391,200,GET,ts-travel-service
1650488089,ts-assurance-service,43c5cfec769b4dd1,,43c5cfec769b4dd1,1236,200,getAllAssuranceType,no_parent
1650488149,ts-order-service,171f648de3bcbe0d,aa502fe3870707,aa502fe3870707,10075,200,POST,ts-order-service
1650488149,ts-travel-service,a9beb155260d6eda,fca39a5888136f4f,fca39a5888136f4f,2266,200,GET,ts-travel-service
1650488149,ts-order-service,aa502fe3870707,,aa502fe3870707,13465,200,queryOrdersForRefresh,no_parent
1650488149,ts-preserve-service,933923e3a2dcbd59,,933923e3a2dcbd59,22169,200,preserve,no_parent
1650488149,ts-order-other-service,5097bd0adc5e531c,5f09324e32cb0289,933923e3a2dcbd59,3120,200,securityInfoCheck,ts-security-service
1650488149,ts-preserve-service,d8eedcd22d3f0a53,933923e3a2dcbd59,933923e3a2dcbd59,15504,200,GET,ts-preserve-service
1650488149,ts-preserve-service,2373216bf3f4105,933923e3a2dcbd59,933923e3a2dcbd59,3619,200,GET,ts-preserve-service
1650488149,ts-station-service,cfc744f4e5815b31,171f648de3bcbe0d,aa502fe3870707,8653,200,queryForNameBatch,ts-order-service
1650488149,ts-travel-service,181299874aae13dd,fca39a5888136f4f,fca39a5888136f4f,11341,200,GET,ts-travel-service
1650488149,ts-auth-service,de82a8f0de000f0,,de82a8f0de000f0,105529,200,getToken,no_parent
1650488149,ts-route-service,7ae4a62ef18aab42,a9beb155260d6eda,fca39a5888136f4f,2112,200,queryById,ts-travel-service
1650488149,ts-route-service,d600e089c034d6f8,b46e00a753afc267,fca39a5888136f4f,2137,200,queryById,ts-travel-service
1650488149,ts-station-service,1318bc1502e4ece7,ad5457a40e1a4bd0,fca39a5888136f4f,2447,200,queryForStationId,ts-basic-service
1650488149,ts-travel-service,b46e00a753afc267,fca39a5888136f4f,fca39a5888136f4f,2276,200,GET,ts-travel-service
1650488149,ts-travel-service,3c386bde803d8e28,fca39a5888136f4f,fca39a5888136f4f,3997,200,GET,ts-travel-service
1650488149,ts-ticketinfo-service,5d9ffbe8c3ec3543,53389d1618a0a46d,fca39a5888136f4f,7799,200,queryForStationId,ts-travel-service
1650488149,ts-security-service,5f09324e32cb0289,12635f487b1189c2,933923e3a2dcbd59,4492,200,GET,ts-security-service
1650488149,ts-security-service,12635f487b1189c2,d8eedcd22d3f0a53,933923e3a2dcbd59,14170,200,check,ts-preserve-service
1650488149,ts-ticketinfo-service,fc90b05597071e7d,5d9ffbe8c3ec3543,fca39a5888136f4f,5829,200,GET,ts-ticketinfo-service
1650488149,ts-travel-service,891b45743a6a7275,fca39a5888136f4f,fca39a5888136f4f,2626,200,GET,ts-travel-service
1650488149,ts-order-service,78f8d2a536e8dfb6,408058b108699a48,933923e3a2dcbd59,3589,200,securityInfoCheck,ts-security-service
1650488149,ts-security-service,408058b108699a48,12635f487b1189c2,933923e3a2dcbd59,5127,200,GET,ts-security-service
1650488149,ts-station-service,6ed0b2002c976302,dc23399dfbd7ffab,fca39a5888136f4f,2591,200,queryForStationId,ts-basic-service
1650488149,ts-travel-service,fca39a5888136f4f,,fca39a5888136f4f,41896,200,queryInfo,no_parent
1650488149,ts-travel-service,a14d78c1117ac232,fca39a5888136f4f,fca39a5888136f4f,2280,200,GET,ts-travel-service
1650488149,ts-travel-service,53389d1618a0a46d,fca39a5888136f4f,fca39a5888136f4f,8241,200,GET,ts-travel-service
1650488149,ts-route-service,82eaec98d2d4066a,3c386bde803d8e28,fca39a5888136f4f,2645,200,queryById,ts-travel-service
1650488149,ts-route-service,cf881b1afd363b40,891b45743a6a7275,fca39a5888136f4f,2212,200,queryById,ts-travel-service
1650488149,ts-ticketinfo-service,60f8cc1ea9aa1643,181299874aae13dd,fca39a5888136f4f,9745,200,queryForStationId,ts-travel-service
1650488149,ts-basic-service,ea529515561418b4,fc90b05597071e7d,fca39a5888136f4f,5149,200,queryForStationId,ts-ticketinfo-service
1650488149,ts-contacts-service,c70ca46aef97c62d,2373216bf3f4105,933923e3a2dcbd59,2192,200,getContactsByContactsId,ts-preserve-service
1650488149,ts-route-service,8fb078acfd41cd,a14d78c1117ac232,fca39a5888136f4f,2114,200,queryById,ts-travel-service
1650488149,ts-ticketinfo-service,23f94674bce34e90,60f8cc1ea9aa1643,fca39a5888136f4f,7416,200,GET,ts-ticketinfo-service
1650488149,ts-basic-service,ad5457a40e1a4bd0,ea529515561418b4,fca39a5888136f4f,3060,200,GET,ts-basic-service
1650488149,ts-basic-service,b097f6df59eed9fa,23f94674bce34e90,fca39a5888136f4f,6229,200,queryForStationId,ts-ticketinfo-service
1650488149,ts-basic-service,dc23399dfbd7ffab,b097f6df59eed9fa,fca39a5888136f4f,3645,200,GET,ts-basic-service
1650488149,ts-verification-code-service,7dc586db5aaffe5c,b516f8069a9fe999,de82a8f0de000f0,1997,200,verifyCode,ts-auth-service
1650488149,ts-contacts-service,e01b8ba8429144ff,,e01b8ba8429144ff,2969,200,findContactsByAccountId,no_parent
1650488149,ts-auth-service,b516f8069a9fe999,de82a8f0de000f0,de82a8f0de000f0,3757,200,GET,ts-auth-service
1650488149,ts-verification-code-service,9fe14ed2efe8d441,,9fe14ed2efe8d441,3047,200,imageCode,no_parent
1650488149,ts-assurance-service,fb484aaef331c8d4,,fb484aaef331c8d4,1615,200,getAllAssuranceType,no_parent
1650488209,ts-security-service,bf13c1d8cd37991f,17db5f7df880a71b,cb04cd304f6896c1,4960,200,GET,ts-security-service
1650488209,ts-security-service,7ea9aa25b169c17e,17db5f7df880a71b,cb04cd304f6896c1,4717,200,GET,ts-security-service
1650488209,ts-auth-service,cb8a753b2f60e631,,cb8a753b2f60e631,112089,200,getToken,no_parent
1650488209,ts-preserve-service,9d91642f1699dc2f,cb04cd304f6896c1,cb04cd304f6896c1,15998,200,GET,ts-preserve-service
1650488209,ts-preserve-service,c86b0002aa3b6aa9,cb04cd304f6896c1,cb04cd304f6896c1,3756,200,GET,ts-preserve-service
1650488209,ts-order-other-service,55f37636953ad406,7ea9aa25b169c17e,cb04cd304f6896c1,3244,200,securityInfoCheck,ts-security-service
1650488209,ts-assurance-service,cc853abe1d0159d0,,cc853abe1d0159d0,1587,200,getAllAssuranceType,no_parent
1650488209,ts-travel-service,8e3245b4e85ad08c,f0632d4e1e182a1b,f0632d4e1e182a1b,1758,200,GET,ts-travel-service
1650488209,ts-route-service,eeb82078c94942e8,dd61c811bdc7ce56,f0632d4e1e182a1b,2738,200,queryById,ts-travel-service
1650488209,ts-route-service,6a0b6613deafb22c,8e3245b4e85ad08c,f0632d4e1e182a1b,1622,200,queryById,ts-travel-service
1650488209,ts-security-service,17db5f7df880a71b,9d91642f1699dc2f,cb04cd304f6896c1,14298,200,check,ts-preserve-service
1650488209,ts-travel-service,985ec4dbb3fbc04a,f0632d4e1e182a1b,f0632d4e1e182a1b,10066,200,GET,ts-travel-service
1650488209,ts-station-service,5fbb77a3cc03cd05,f8be25078b69f8c8,f0632d4e1e182a1b,2451,200,queryForStationId,ts-basic-service
1650488209,ts-station-service,615b9a4f554400ad,5f29996739ce16d9,f0632d4e1e182a1b,2383,200,queryForStationId,ts-basic-service
1650488209,ts-travel-service,3e2175059b9cad5c,f0632d4e1e182a1b,f0632d4e1e182a1b,2224,200,GET,ts-travel-service
1650488209,ts-travel-service,f0632d4e1e182a1b,,f0632d4e1e182a1b,40089,200,queryInfo,no_parent
1650488209,ts-order-service,fa71e0af588145ee,bf13c1d8cd37991f,cb04cd304f6896c1,3532,200,securityInfoCheck,ts-security-service
1650488209,ts-travel-service,663722dae81398fb,f0632d4e1e182a1b,f0632d4e1e182a1b,2564,200,GET,ts-travel-service
1650488209,ts-route-service,ec08d42308356d59,95f0414c1195a69f,f0632d4e1e182a1b,2162,200,queryById,ts-travel-service
1650488209,ts-route-service,fdccfa07e8be06a4,663722dae81398fb,f0632d4e1e182a1b,2176,200,queryById,ts-travel-service
1650488209,ts-route-service,495e397690bbb0ac,3e2175059b9cad5c,f0632d4e1e182a1b,2130,200,queryById,ts-travel-service
1650488209,ts-contacts-service,783539ad470ecb35,c86b0002aa3b6aa9,cb04cd304f6896c1,2434,200,getContactsByContactsId,ts-preserve-service
1650488209,ts-basic-service,88a8cd4727d2a647,2da4fc177cc3c6e9,f0632d4e1e182a1b,5116,200,queryForStationId,ts-ticketinfo-service
1650488209,ts-travel-service,95f0414c1195a69f,f0632d4e1e182a1b,f0632d4e1e182a1b,2259,200,GET,ts-travel-service
1650488209,ts-ticketinfo-service,1fd869c388d09797,985ec4dbb3fbc04a,f0632d4e1e182a1b,8828,200,queryForStationId,ts-travel-service
1650488209,ts-ticketinfo-service,98bc130820bd9725,cf40c31af129cfdd,f0632d4e1e182a1b,5915,200,GET,ts-ticketinfo-service
1650488209,ts-ticketinfo-service,2da4fc177cc3c6e9,1fd869c388d09797,f0632d4e1e182a1b,6174,200,GET,ts-ticketinfo-service
1650488209,ts-ticketinfo-service,cf40c31af129cfdd,9f858456d6a196cd,f0632d4e1e182a1b,7722,200,queryForStationId,ts-travel-service
1650488209,ts-travel-service,9f858456d6a196cd,f0632d4e1e182a1b,f0632d4e1e182a1b,8315,200,GET,ts-travel-service
1650488209,ts-travel-service,dd61c811bdc7ce56,f0632d4e1e182a1b,f0632d4e1e182a1b,4057,200,GET,ts-travel-service
1650488209,ts-basic-service,1e6ae8bd06eadfc7,98bc130820bd9725,f0632d4e1e182a1b,5217,200,queryForStationId,ts-ticketinfo-service
1650488209,ts-basic-service,5f29996739ce16d9,1e6ae8bd06eadfc7,f0632d4e1e182a1b,3006,200,GET,ts-basic-service
1650488209,ts-basic-service,f8be25078b69f8c8,88a8cd4727d2a647,f0632d4e1e182a1b,3234,200,GET,ts-basic-service
1650488209,ts-preserve-service,cb04cd304f6896c1,,cb04cd304f6896c1,22928,200,preserve,no_parent
1650488209,ts-order-service,959d905b7a079b70,9f3028b4fd7042ea,9f3028b4fd7042ea,10201,200,POST,ts-order-service
1650488209,ts-order-service,9f3028b4fd7042ea,,9f3028b4fd7042ea,13208,200,queryOrdersForRefresh,no_parent
1650488209,ts-contacts-service,96a4a6b8ee4e758b,,96a4a6b8ee4e758b,3049,200,findContactsByAccountId,no_parent
1650488209,ts-station-service,a71c808ecfa8fe8c,959d905b7a079b70,9f3028b4fd7042ea,8649,200,queryForNameBatch,ts-order-service
1650488209,ts-verification-code-service,c02c2e88dc203d4c,c794eaf703247142,cb8a753b2f60e631,2464,200,verifyCode,ts-auth-service
1650488209,ts-auth-service,c794eaf703247142,cb8a753b2f60e631,cb8a753b2f60e631,5485,200,GET,ts-auth-service
1650488209,ts-verification-code-service,90d16b5c195afedc,,90d16b5c195afedc,3017,200,imageCode,no_parent
1650488269,ts-contacts-service,715d1f32659c9a8e,773dfc963a9897aa,ec6fb0f2cdf217ab,2285,200,getContactsByContactsId,ts-preserve-service
1650488269,ts-verification-code-service,6b822d67ed60831e,,6b822d67ed60831e,6573,200,imageCode,no_parent
1650488269,ts-verification-code-service,e88ca8f270cd5e62,94107684793fd9ce,882b81f4dc56a6f2,2706,200,verifyCode,ts-auth-service
1650488269,ts-route-service,ddb8969053271778,e08e22caae52b293,c5986d1df2caa558,2113,200,queryById,ts-travel-service
1650488269,ts-ticketinfo-service,390e70cbfff4d8f1,ace4379910ec1afb,c5986d1df2caa558,12838,200,queryForStationId,ts-travel-service
1650488269,ts-security-service,6ca1c15466e22c1b,c9644401d5cff1d6,ec6fb0f2cdf217ab,4542,200,GET,ts-security-service
1650488269,ts-security-service,c9644401d5cff1d6,e63a6be1a2d9f9bf,ec6fb0f2cdf217ab,13083,200,check,ts-preserve-service
1650488269,ts-order-service,3c1e1d0ca3285191,b892ddbcc462a533,ec6fb0f2cdf217ab,2628,200,securityInfoCheck,ts-security-service
1650488269,ts-preserve-service,ec6fb0f2cdf217ab,,ec6fb0f2cdf217ab,21578,200,preserve,no_parent
1650488269,ts-preserve-service,773dfc963a9897aa,ec6fb0f2cdf217ab,ec6fb0f2cdf217ab,3627,200,GET,ts-preserve-service
1650488269,ts-assurance-service,566336ffa699a7e4,,566336ffa699a7e4,1590,200,getAllAssuranceType,no_parent
1650488269,ts-ticketinfo-service,282daea2b0bac6c6,390e70cbfff4d8f1,c5986d1df2caa558,10807,200,GET,ts-ticketinfo-service
1650488269,ts-order-other-service,ba01cbabbfe925fa,6ca1c15466e22c1b,ec6fb0f2cdf217ab,3071,200,securityInfoCheck,ts-security-service
1650488269,ts-security-service,b892ddbcc462a533,c9644401d5cff1d6,ec6fb0f2cdf217ab,4225,200,GET,ts-security-service
1650488269,ts-route-service,155672778b588647,bc022a230860e7c,c5986d1df2caa558,2229,200,queryById,ts-travel-service
1650488269,ts-route-service,40f1408545b7a78a,50ccf61714b3de78,c5986d1df2caa558,2157,200,queryById,ts-travel-service
1650488269,ts-basic-service,7eead0595a06a41d,282daea2b0bac6c6,c5986d1df2caa558,10098,200,queryForStationId,ts-ticketinfo-service
1650488269,ts-basic-service,30ffef81566f7468,5286f1387e7889db,c5986d1df2caa558,3573,200,GET,ts-basic-service
1650488269,ts-station-service,9008af5185613c8d,30ffef81566f7468,c5986d1df2caa558,2496,200,queryForStationId,ts-basic-service
1650488269,ts-station-service,1466ca3869a25d0f,290499e10dfc4344,c5986d1df2caa558,2390,200,queryForStationId,ts-basic-service
1650488269,ts-travel-service,5817ae8861189072,c5986d1df2caa558,c5986d1df2caa558,2626,200,GET,ts-travel-service
1650488269,ts-travel-service,e08e22caae52b293,c5986d1df2caa558,c5986d1df2caa558,2234,200,GET,ts-travel-service
1650488269,ts-travel-service,c5986d1df2caa558,,c5986d1df2caa558,47699,200,queryInfo,no_parent
1650488269,ts-route-service,719ab0caf2aa35c1,5817ae8861189072,c5986d1df2caa558,2297,200,queryById,ts-travel-service
1650488269,ts-travel-service,ace4379910ec1afb,c5986d1df2caa558,c5986d1df2caa558,13338,200,GET,ts-travel-service
1650488269,ts-travel-service,564a7373852ecd86,c5986d1df2caa558,c5986d1df2caa558,11416,200,GET,ts-travel-service
1650488269,ts-travel-service,bc022a230860e7c,c5986d1df2caa558,c5986d1df2caa558,2327,200,GET,ts-travel-service
1650488269,ts-route-service,6465ebee8644e883,8330178d4aa12641,c5986d1df2caa558,2667,200,queryById,ts-travel-service
1650488269,ts-auth-service,882b81f4dc56a6f2,,882b81f4dc56a6f2,117184,200,getToken,no_parent
1650488269,ts-ticketinfo-service,75d0658dbf5cbd94,564a7373852ecd86,c5986d1df2caa558,9838,200,queryForStationId,ts-travel-service
1650488269,ts-basic-service,290499e10dfc4344,7eead0595a06a41d,c5986d1df2caa558,3159,200,GET,ts-basic-service
1650488269,ts-auth-service,94107684793fd9ce,882b81f4dc56a6f2,882b81f4dc56a6f2,4667,200,GET,ts-auth-service
1650488269,ts-travel-service,50ccf61714b3de78,c5986d1df2caa558,c5986d1df2caa558,2250,200,GET,ts-travel-service
1650488269,ts-preserve-service,e63a6be1a2d9f9bf,ec6fb0f2cdf217ab,ec6fb0f2cdf217ab,14811,200,GET,ts-preserve-service
1650488269,ts-basic-service,5286f1387e7889db,bd7fc495b614dd70,c5986d1df2caa558,6089,200,queryForStationId,ts-ticketinfo-service
1650488269,ts-travel-service,8330178d4aa12641,c5986d1df2caa558,c5986d1df2caa558,4043,200,GET,ts-travel-service
1650488269,ts-contacts-service,51900036c105d9df,,51900036c105d9df,3128,200,findContactsByAccountId,no_parent
1650488269,ts-ticketinfo-service,bd7fc495b614dd70,75d0658dbf5cbd94,c5986d1df2caa558,7310,200,GET,ts-ticketinfo-service
1650488269,ts-order-service,2640274041a5f9a5,cc7e70e08ca7f2dc,cc7e70e08ca7f2dc,10022,200,POST,ts-order-service
1650488269,ts-order-service,cc7e70e08ca7f2dc,,cc7e70e08ca7f2dc,13726,200,queryOrdersForRefresh,no_parent
1650488269,ts-station-service,de0b7963bb48634f,2640274041a5f9a5,cc7e70e08ca7f2dc,8378,200,queryForNameBatch,ts-order-service
1650488329,ts-preserve-service,efad3f789b1bf79f,76ed3a5bd909dbc8,76ed3a5bd909dbc8,3497,200,GET,ts-preserve-service
1650488329,ts-preserve-service,76ed3a5bd909dbc8,,76ed3a5bd909dbc8,48500,200,preserve,no_parent
1650488329,ts-preserve-service,3e82fd578b015db6,76ed3a5bd909dbc8,76ed3a5bd909dbc8,15508,200,GET,ts-preserve-service
1650488329,ts-security-service,18dd562d2cd11425,4fdfe2aa01a9d364,76ed3a5bd909dbc8,4622,200,GET,ts-security-service
1650488329,ts-security-service,4fdfe2aa01a9d364,3e82fd578b015db6,76ed3a5bd909dbc8,13933,200,check,ts-preserve-service
1650488329,ts-security-service,9990fce8103f7490,4fdfe2aa01a9d364,76ed3a5bd909dbc8,4885,200,GET,ts-security-service
1650488329,ts-order-other-service,c55cba86d6ae3935,18dd562d2cd11425,76ed3a5bd909dbc8,3180,200,securityInfoCheck,ts-security-service
1650488329,ts-contacts-service,571354a2d8a1dd79,efad3f789b1bf79f,76ed3a5bd909dbc8,2216,200,getContactsByContactsId,ts-preserve-service
1650488329,ts-order-service,ccd141cf907e51ee,9990fce8103f7490,76ed3a5bd909dbc8,3482,200,securityInfoCheck,ts-security-service
1650488329,ts-contacts-service,1f2fd219f7db40e6,,1f2fd219f7db40e6,3084,200,findContactsByAccountId,no_parent
1650488330,ts-travel-service,63503957767b72bf,eace1307b336d4db,eace1307b336d4db,2316,200,GET,ts-travel-service
1650488330,ts-basic-service,fd3bdd6d206727c,af51c1a63db9c1d5,eace1307b336d4db,3939,200,GET,ts-basic-service
1650488330,ts-basic-service,af51c1a63db9c1d5,22d9cd39340ca6ae,eace1307b336d4db,6494,200,queryForStationId,ts-ticketinfo-service
1650488330,ts-basic-service,e7c598523c54b600,7ff3374266016358,eace1307b336d4db,5114,200,queryForStationId,ts-ticketinfo-service
1650488330,ts-route-service,435395f6e265dc32,e81d7c7209c7ca2f,eace1307b336d4db,1933,200,queryById,ts-travel-service
1650488330,ts-station-service,d5b96ef294d95d40,a054ef37810d094,eace1307b336d4db,2453,200,queryForStationId,ts-basic-service
1650488330,ts-route-service,dd1e053f4f1bed71,97c9c5ec4a05dd9c,eace1307b336d4db,2608,200,queryById,ts-travel-service
1650488330,ts-travel-service,e81d7c7209c7ca2f,eace1307b336d4db,eace1307b336d4db,2075,200,GET,ts-travel-service
1650488330,ts-travel-service,51d5710d3603b72b,eace1307b336d4db,eace1307b336d4db,11723,200,GET,ts-travel-service
1650488330,ts-order-service,2d5272ee3ae5ad07,5264ab06d74fd135,5264ab06d74fd135,6968,200,POST,ts-order-service
1650488330,ts-order-service,5264ab06d74fd135,,5264ab06d74fd135,9948,200,queryOrdersForRefresh,no_parent
1650488330,ts-travel-service,20e14408de0a41aa,eace1307b336d4db,eace1307b336d4db,8192,200,GET,ts-travel-service
1650488330,ts-auth-service,e9caf1b90da5f484,,e9caf1b90da5f484,112948,200,getToken,no_parent
1650488330,ts-verification-code-service,8efa2a90c217300e,,8efa2a90c217300e,2221,200,imageCode,no_parent
1650488330,ts-travel-service,7b7c4df841b3b11d,eace1307b336d4db,eace1307b336d4db,2076,200,GET,ts-travel-service
1650488330,ts-travel-service,f7fd6cc6de63d2ad,eace1307b336d4db,eace1307b336d4db,2475,200,GET,ts-travel-service
1650488330,ts-travel-service,97c9c5ec4a05dd9c,eace1307b336d4db,eace1307b336d4db,3850,200,GET,ts-travel-service
1650488330,ts-station-service,9553fc45c86ed569,2d5272ee3ae5ad07,5264ab06d74fd135,5636,200,queryForNameBatch,ts-order-service
1650488330,ts-basic-service,a054ef37810d094,e7c598523c54b600,eace1307b336d4db,3088,200,GET,ts-basic-service
1650488330,ts-ticketinfo-service,22d9cd39340ca6ae,5f307a45169ef885,eace1307b336d4db,7585,200,GET,ts-ticketinfo-service
1650488330,ts-route-service,86d513ce2d0dd7cc,63503957767b72bf,eace1307b336d4db,2177,200,queryById,ts-travel-service
1650488330,ts-route-service,5da226de03925392,f7fd6cc6de63d2ad,eace1307b336d4db,1903,200,queryById,ts-travel-service
1650488330,ts-station-service,7181933effddf15b,fd3bdd6d206727c,eace1307b336d4db,2897,200,queryForStationId,ts-basic-service
1650488330,ts-ticketinfo-service,7ff3374266016358,5a9373bbfec69935,eace1307b336d4db,5831,200,GET,ts-ticketinfo-service
1650488330,ts-travel-service,eace1307b336d4db,,eace1307b336d4db,41817,200,queryInfo,no_parent
1650488330,ts-ticketinfo-service,5a9373bbfec69935,20e14408de0a41aa,eace1307b336d4db,7844,200,queryForStationId,ts-travel-service
1650488330,ts-route-service,5feb97fa17605e24,7b7c4df841b3b11d,eace1307b336d4db,1926,200,queryById,ts-travel-service
1650488330,ts-ticketinfo-service,5f307a45169ef885,51d5710d3603b72b,eace1307b336d4db,10043,200,queryForStationId,ts-travel-service
1650488330,ts-verification-code-service,794fee6c0ec47e27,f61d3b3e16ee9a65,e9caf1b90da5f484,1559,200,verifyCode,ts-auth-service
1650488330,ts-auth-service,f61d3b3e16ee9a65,e9caf1b90da5f484,e9caf1b90da5f484,3234,200,GET,ts-auth-service
1650488330,ts-assurance-service,c4dfc769b4e1e033,,c4dfc769b4e1e033,1656,200,getAllAssuranceType,no_parent
1650488390,ts-basic-service,db604468cd304954,eb1a5ed6b387ef12,b94dbccba1c99c76,3669,200,GET,ts-basic-service
1650488390,ts-basic-service,ebbf8016b9bc0912,6e2e551a50e6ede2,b94dbccba1c99c76,5291,200,queryForStationId,ts-ticketinfo-service
1650488390,ts-basic-service,eb1a5ed6b387ef12,21493a2696343665,b94dbccba1c99c76,6160,200,queryForStationId,ts-ticketinfo-service
1650488390,ts-basic-service,7a2342564583c562,ebbf8016b9bc0912,b94dbccba1c99c76,3140,200,GET,ts-basic-service
1650488390,ts-travel-service,40b6800f5d8a0336,b94dbccba1c99c76,b94dbccba1c99c76,4103,200,GET,ts-travel-service
1650488390,ts-station-service,749f3d0e49b20148,442577f44370f82,86790fa9d69dde9e,8477,200,queryForNameBatch,ts-order-service
1650488390,ts-travel-service,1e0f2229839bc802,b94dbccba1c99c76,b94dbccba1c99c76,8548,200,GET,ts-travel-service
1650488390,ts-security-service,31e3054381c1435b,5e9427538634239d,85a4c370423ef8e9,5035,200,GET,ts-security-service
1650488390,ts-security-service,d7956b41c141a645,5e9427538634239d,85a4c370423ef8e9,4713,200,GET,ts-security-service
1650488390,ts-travel-service,4385f732684d2dac,b94dbccba1c99c76,b94dbccba1c99c76,2602,200,GET,ts-travel-service
1650488390,ts-station-service,93dc32a76e18cbd6,7a2342564583c562,b94dbccba1c99c76,2453,200,queryForStationId,ts-basic-service
1650488390,ts-route-service,368e10367ad7425f,40b6800f5d8a0336,b94dbccba1c99c76,2753,200,queryById,ts-travel-service
1650488390,ts-route-service,23cc310662468a05,a928a0f36b1ee08b,b94dbccba1c99c76,2106,200,queryById,ts-travel-service
1650488390,ts-ticketinfo-service,32a32b261a6c77e7,1e0f2229839bc802,b94dbccba1c99c76,8116,200,queryForStationId,ts-travel-service
1650488390,ts-travel-service,1eecedee34de16d,b94dbccba1c99c76,b94dbccba1c99c76,2283,200,GET,ts-travel-service
1650488390,ts-route-service,6bf01d7086945ea0,c6fce37589fbb8fb,b94dbccba1c99c76,2158,200,queryById,ts-travel-service
1650488390,ts-route-service,6fd7731d874aa19e,1eecedee34de16d,b94dbccba1c99c76,2178,200,queryById,ts-travel-service
1650488390,ts-ticketinfo-service,21493a2696343665,3df5dc6d0846d79b,b94dbccba1c99c76,7253,200,GET,ts-ticketinfo-service
1650488390,ts-travel-service,a928a0f36b1ee08b,b94dbccba1c99c76,b94dbccba1c99c76,2216,200,GET,ts-travel-service
1650488390,ts-travel-service,c6fce37589fbb8fb,b94dbccba1c99c76,b94dbccba1c99c76,2262,200,GET,ts-travel-service
1650488390,ts-travel-service,b94dbccba1c99c76,,b94dbccba1c99c76,42956,200,queryInfo,no_parent
1650488390,ts-preserve-service,4fccc7785cb231b0,85a4c370423ef8e9,85a4c370423ef8e9,3767,200,GET,ts-preserve-service
1650488390,ts-preserve-service,26cb8d7cc29a2c8a,85a4c370423ef8e9,85a4c370423ef8e9,16010,200,GET,ts-preserve-service
1650488390,ts-assurance-service,d33dede6d9c1b51a,,d33dede6d9c1b51a,1763,200,getAllAssuranceType,no_parent
1650488390,ts-order-service,9b2a90073db82168,31e3054381c1435b,85a4c370423ef8e9,3562,200,securityInfoCheck,ts-security-service
1650488390,ts-preserve-service,85a4c370423ef8e9,,85a4c370423ef8e9,22956,200,preserve,no_parent
1650488390,ts-security-service,5e9427538634239d,26cb8d7cc29a2c8a,85a4c370423ef8e9,14309,200,check,ts-preserve-service
1650488390,ts-contacts-service,5cbbe1b60a02dc5f,4fccc7785cb231b0,85a4c370423ef8e9,2451,200,getContactsByContactsId,ts-preserve-service
1650488390,ts-order-other-service,65b1e30f4503b02e,d7956b41c141a645,85a4c370423ef8e9,3550,200,securityInfoCheck,ts-security-service
1650488390,ts-station-service,35ab6c22f3288f25,db604468cd304954,b94dbccba1c99c76,2671,200,queryForStationId,ts-basic-service
1650488390,ts-ticketinfo-service,6e2e551a50e6ede2,32a32b261a6c77e7,b94dbccba1c99c76,6060,200,GET,ts-ticketinfo-service
1650488390,ts-ticketinfo-service,3df5dc6d0846d79b,9fa12d1874cf6d00,b94dbccba1c99c76,9844,200,queryForStationId,ts-travel-service
1650488390,ts-order-service,442577f44370f82,86790fa9d69dde9e,86790fa9d69dde9e,9864,200,POST,ts-order-service
1650488390,ts-order-service,86790fa9d69dde9e,,86790fa9d69dde9e,13218,200,queryOrdersForRefresh,no_parent
1650488390,ts-contacts-service,a0219354c64dbc4d,,a0219354c64dbc4d,2891,200,findContactsByAccountId,no_parent
1650488390,ts-auth-service,c9c5224a85f25c8a,5cc7fcbaf09adf63,5cc7fcbaf09adf63,3881,200,GET,ts-auth-service
1650488390,ts-auth-service,5cc7fcbaf09adf63,,5cc7fcbaf09adf63,116225,200,getToken,no_parent
1650488390,ts-route-service,4840e79185a2f666,4385f732684d2dac,b94dbccba1c99c76,2233,200,queryById,ts-travel-service
1650488390,ts-travel-service,9fa12d1874cf6d00,b94dbccba1c99c76,b94dbccba1c99c76,11495,200,GET,ts-travel-service
1650488390,ts-verification-code-service,685334c284d2ad15,c9c5224a85f25c8a,5cc7fcbaf09adf63,1999,200,verifyCode,ts-auth-service
1650488390,ts-verification-code-service,ef9161d3e9addb31,,ef9161d3e9addb31,3025,200,imageCode,no_parent
1650488450,ts-travel-service,b2a60dccc8c59d17,6839ecb1e867078e,6839ecb1e867078e,8257,200,GET,ts-travel-service
1650488450,ts-route-service,d10512b660c4117d,3c7c7fa2cc7977fe,6839ecb1e867078e,2158,200,queryById,ts-travel-service
1650488450,ts-ticketinfo-service,c6e5af9ee4014ec0,76766f42166a5db4,6839ecb1e867078e,7603,200,GET,ts-ticketinfo-service
1650488450,ts-ticketinfo-service,76766f42166a5db4,3e4e48422851cb76,6839ecb1e867078e,9899,200,queryForStationId,ts-travel-service
1650488450,ts-ticketinfo-service,e1cab75d81a12658,545fb860401c2805,6839ecb1e867078e,5881,200,GET,ts-ticketinfo-service
1650488450,ts-travel-service,3e4e48422851cb76,6839ecb1e867078e,6839ecb1e867078e,11625,200,GET,ts-travel-service
1650488450,ts-station-service,e852194752173f5a,7f7b2b62a38f9f15,6839ecb1e867078e,2385,200,queryForStationId,ts-basic-service
1650488450,ts-travel-service,3c7c7fa2cc7977fe,6839ecb1e867078e,6839ecb1e867078e,2267,200,GET,ts-travel-service
1650488450,ts-order-service,271f1a312d53bed8,,271f1a312d53bed8,13241,200,queryOrdersForRefresh,no_parent
1650488450,ts-ticketinfo-service,545fb860401c2805,b2a60dccc8c59d17,6839ecb1e867078e,7854,200,queryForStationId,ts-travel-service
1650488450,ts-order-service,61af7bad065efc55,271f1a312d53bed8,271f1a312d53bed8,10235,200,POST,ts-order-service
1650488450,ts-basic-service,b492b0e4b2a4d1fc,767f20ebf98421c9,6839ecb1e867078e,3743,200,GET,ts-basic-service
1650488450,ts-basic-service,7f7b2b62a38f9f15,2a785e02fc762813,6839ecb1e867078e,3020,200,GET,ts-basic-service
1650488450,ts-station-service,6b69cdbd4b79b471,b492b0e4b2a4d1fc,6839ecb1e867078e,2681,200,queryForStationId,ts-basic-service
1650488450,ts-travel-service,98974a31df861f5,6839ecb1e867078e,6839ecb1e867078e,2234,200,GET,ts-travel-service
1650488450,ts-route-service,ea04f8ae1e83887d,4b875e7eef00203a,6839ecb1e867078e,2218,200,queryById,ts-travel-service
1650488450,ts-route-service,cea859eebcc95a71,9f7a1d4c63c26e2d,6839ecb1e867078e,7930,200,queryById,ts-travel-service
1650488450,ts-travel-service,4b875e7eef00203a,6839ecb1e867078e,6839ecb1e867078e,2346,200,GET,ts-travel-service
1650488450,ts-basic-service,767f20ebf98421c9,c6e5af9ee4014ec0,6839ecb1e867078e,6354,200,queryForStationId,ts-ticketinfo-service
1650488450,ts-preserve-service,2cdf7c0db0b4e5ee,39b0ed18758eb0aa,39b0ed18758eb0aa,3542,200,GET,ts-preserve-service
1650488450,ts-preserve-service,44b576121122e6dd,39b0ed18758eb0aa,39b0ed18758eb0aa,16253,200,GET,ts-preserve-service
1650488450,ts-order-service,a098d351cc4aa2d8,dcdf7ec5406f0961,39b0ed18758eb0aa,3539,200,securityInfoCheck,ts-security-service
1650488450,ts-contacts-service,18450136a3c44d6b,2cdf7c0db0b4e5ee,39b0ed18758eb0aa,2227,200,getContactsByContactsId,ts-preserve-service
1650488450,ts-security-service,9c821e78effdfb22,44b576121122e6dd,39b0ed18758eb0aa,14546,200,check,ts-preserve-service
1650488450,ts-travel-service,6839ecb1e867078e,,6839ecb1e867078e,48507,200,queryInfo,no_parent
1650488450,ts-security-service,c466b4037fea7ba3,9c821e78effdfb22,39b0ed18758eb0aa,4492,200,GET,ts-security-service
1650488450,ts-order-other-service,691c08b2d77004f0,c466b4037fea7ba3,39b0ed18758eb0aa,3137,200,securityInfoCheck,ts-security-service
1650488450,ts-preserve-service,39b0ed18758eb0aa,,39b0ed18758eb0aa,22967,200,preserve,no_parent
1650488450,ts-route-service,12d98efc53ef8a8f,98974a31df861f5,6839ecb1e867078e,2204,200,queryById,ts-travel-service
1650488450,ts-route-service,d4e149faaef2eb89,ea485d435df50506,6839ecb1e867078e,2622,200,queryById,ts-travel-service
1650488450,ts-assurance-service,89ef31633fe33104,,89ef31633fe33104,1615,200,getAllAssuranceType,no_parent
1650488450,ts-security-service,dcdf7ec5406f0961,9c821e78effdfb22,39b0ed18758eb0aa,5124,200,GET,ts-security-service
1650488450,ts-verification-code-service,6906b9b237d895d4,37c7eacefa921cd7,475db5184227955a,2007,200,verifyCode,ts-auth-service
1650488450,ts-verification-code-service,24e8aba3573be55d,,24e8aba3573be55d,2986,200,imageCode,no_parent
1650488450,ts-basic-service,2a785e02fc762813,e1cab75d81a12658,6839ecb1e867078e,5115,200,queryForStationId,ts-ticketinfo-service
1650488450,ts-auth-service,475db5184227955a,,475db5184227955a,118999,200,getToken,no_parent
1650488450,ts-auth-service,37c7eacefa921cd7,475db5184227955a,475db5184227955a,3804,200,GET,ts-auth-service
1650488450,ts-travel-service,9f7a1d4c63c26e2d,6839ecb1e867078e,6839ecb1e867078e,8373,200,GET,ts-travel-service
1650488450,ts-travel-service,ea485d435df50506,6839ecb1e867078e,6839ecb1e867078e,3865,200,GET,ts-travel-service
1650488450,ts-station-service,eb76e54322ddaf9f,61af7bad065efc55,271f1a312d53bed8,8735,200,queryForNameBatch,ts-order-service
1650488450,ts-contacts-service,8c3c53f82bfb32ab,,8c3c53f82bfb32ab,3141,200,findContactsByAccountId,no_parent
1650488510,ts-preserve-service,7cee0ced0f0c86c4,,7cee0ced0f0c86c4,22279,200,preserve,no_parent
1650488510,ts-station-service,376d77bd7b61b85e,fe5c65fa494678df,22116f8a65544da1,8309,200,queryForNameBatch,ts-order-service
1650488510,ts-order-service,22116f8a65544da1,,22116f8a65544da1,12913,200,queryOrdersForRefresh,no_parent
1650488510,ts-order-service,fe5c65fa494678df,22116f8a65544da1,22116f8a65544da1,9840,200,POST,ts-order-service
1650488510,ts-order-other-service,8698324b8c23e3f5,7bb44a11e4d57516,7cee0ced0f0c86c4,3250,200,securityInfoCheck,ts-security-service
1650488510,ts-preserve-service,bebc66e81ee07a08,7cee0ced0f0c86c4,7cee0ced0f0c86c4,3420,200,GET,ts-preserve-service
1650488510,ts-preserve-service,b57cc921ea0806bc,7cee0ced0f0c86c4,7cee0ced0f0c86c4,15798,200,GET,ts-preserve-service
1650488510,ts-security-service,179d169158c815a8,92362a8296ff701c,7cee0ced0f0c86c4,4935,200,GET,ts-security-service
1650488510,ts-order-service,a2056e7be5e85847,179d169158c815a8,7cee0ced0f0c86c4,3515,200,securityInfoCheck,ts-security-service
1650488510,ts-contacts-service,14de375879611535,bebc66e81ee07a08,7cee0ced0f0c86c4,2095,200,getContactsByContactsId,ts-preserve-service
1650488510,ts-auth-service,d74a8ddac52e67d8,,d74a8ddac52e67d8,115182,200,getToken,no_parent
1650488510,ts-verification-code-service,71c74c6d45a2be35,7383a53a1ade872a,d74a8ddac52e67d8,1977,200,verifyCode,ts-auth-service
1650488510,ts-auth-service,7383a53a1ade872a,d74a8ddac52e67d8,d74a8ddac52e67d8,3833,200,GET,ts-auth-service
1650488510,ts-security-service,7bb44a11e4d57516,92362a8296ff701c,7cee0ced0f0c86c4,4635,200,GET,ts-security-service
1650488510,ts-security-service,92362a8296ff701c,b57cc921ea0806bc,7cee0ced0f0c86c4,14061,200,check,ts-preserve-service
1650488510,ts-contacts-service,c0d41658bde50ef0,,c0d41658bde50ef0,3021,200,findContactsByAccountId,no_parent
1650488510,ts-verification-code-service,5b134b4cb7260f64,,5b134b4cb7260f64,2984,200,imageCode,no_parent
1650488511,ts-route-service,a47512cda931b9e6,b466ac804c93bb00,d149cb0c767e7fa1,2171,200,queryById,ts-travel-service
1650488511,ts-travel-service,86727d7aa7288d0d,d149cb0c767e7fa1,d149cb0c767e7fa1,2288,200,GET,ts-travel-service
1650488511,ts-ticketinfo-service,ffa8784a0c298997,16f4daaa18c02a0b,d149cb0c767e7fa1,7669,200,GET,ts-ticketinfo-service
1650488511,ts-ticketinfo-service,611a59687b4b250c,9aaf7a2787ef3d0f,d149cb0c767e7fa1,5729,200,GET,ts-ticketinfo-service
1650488511,ts-basic-service,e2a1fa110306ae80,85c4ba02d1a3f2c0,d149cb0c767e7fa1,3959,200,GET,ts-basic-service
1650488511,ts-basic-service,d1113d1b1415d1ac,8e76997013aeb73,d149cb0c767e7fa1,3016,200,GET,ts-basic-service
1650488511,ts-route-service,ea400ffe8e552059,12522bf21f2de9bd,d149cb0c767e7fa1,2198,200,queryById,ts-travel-service
1650488511,ts-basic-service,85c4ba02d1a3f2c0,ffa8784a0c298997,d149cb0c767e7fa1,6462,200,queryForStationId,ts-ticketinfo-service
1650488511,ts-basic-service,8e76997013aeb73,611a59687b4b250c,d149cb0c767e7fa1,5068,200,queryForStationId,ts-ticketinfo-service
1650488511,ts-route-service,783c52ea4b236591,b94bb91e95b83dd7,d149cb0c767e7fa1,2629,200,queryById,ts-travel-service
1650488511,ts-travel-service,12522bf21f2de9bd,d149cb0c767e7fa1,d149cb0c767e7fa1,2354,200,GET,ts-travel-service
1650488511,ts-travel-service,b94bb91e95b83dd7,d149cb0c767e7fa1,d149cb0c767e7fa1,4648,200,GET,ts-travel-service
1650488511,ts-travel-service,bc866bab3627a722,d149cb0c767e7fa1,d149cb0c767e7fa1,7818,200,GET,ts-travel-service
1650488511,ts-travel-service,a30d1b897b1686e,d149cb0c767e7fa1,d149cb0c767e7fa1,11421,200,GET,ts-travel-service
1650488511,ts-travel-service,d149cb0c767e7fa1,,d149cb0c767e7fa1,42576,200,queryInfo,no_parent
1650488511,ts-station-service,cfff6b641b1729c,d1113d1b1415d1ac,d149cb0c767e7fa1,2381,200,queryForStationId,ts-basic-service
1650488511,ts-ticketinfo-service,16f4daaa18c02a0b,a30d1b897b1686e,d149cb0c767e7fa1,9918,200,queryForStationId,ts-travel-service
1650488511,ts-travel-service,b466ac804c93bb00,d149cb0c767e7fa1,d149cb0c767e7fa1,2302,200,GET,ts-travel-service
1650488511,ts-route-service,88bf5e0ed0a1fd04,d734f142031105f,d149cb0c767e7fa1,2447,200,queryById,ts-travel-service
1650488511,ts-ticketinfo-service,9aaf7a2787ef3d0f,bc866bab3627a722,d149cb0c767e7fa1,7354,200,queryForStationId,ts-travel-service
1650488511,ts-station-service,cee820ff93e7ee32,e2a1fa110306ae80,d149cb0c767e7fa1,2796,200,queryForStationId,ts-basic-service
1650488511,ts-route-service,9f45e7f8dcc515ff,86727d7aa7288d0d,d149cb0c767e7fa1,2154,200,queryById,ts-travel-service
1650488511,ts-travel-service,d734f142031105f,d149cb0c767e7fa1,d149cb0c767e7fa1,2893,200,GET,ts-travel-service
1650488511,ts-assurance-service,34e8c13e2383eca3,,34e8c13e2383eca3,1851,200,getAllAssuranceType,no_parent
1650488571,ts-order-other-service,6f53c056b476cd63,efa39c6273b8c7c3,7632c9089047abc7,3092,200,securityInfoCheck,ts-security-service
1650488571,ts-security-service,21d026e1f6bff9ca,85c221b28fef993a,7632c9089047abc7,13775,200,check,ts-preserve-service
1650488571,ts-assurance-service,c5866be996637500,,c5866be996637500,1734,200,getAllAssuranceType,no_parent
1650488571,ts-security-service,efa39c6273b8c7c3,21d026e1f6bff9ca,7632c9089047abc7,4338,200,GET,ts-security-service
1650488571,ts-order-service,f0204cbeb0c0491b,3104ab282cdd9252,7632c9089047abc7,3364,200,securityInfoCheck,ts-security-service
1650488571,ts-contacts-service,eb387f6f81f942f5,,eb387f6f81f942f5,3733,200,findContactsByAccountId,no_parent
1650488571,ts-preserve-service,7632c9089047abc7,,7632c9089047abc7,22020,200,preserve,no_parent
1650488571,ts-preserve-service,85c221b28fef993a,7632c9089047abc7,7632c9089047abc7,15390,200,GET,ts-preserve-service
1650488571,ts-verification-code-service,3f5fb2be9f45e41b,603390cde1bb0abb,7467fa8370d9d60f,2050,200,verifyCode,ts-auth-service
1650488571,ts-order-service,f35ccdc79df9aa30,2bf74d789561828b,2bf74d789561828b,9855,200,POST,ts-order-service
1650488571,ts-order-service,2bf74d789561828b,,2bf74d789561828b,13369,200,queryOrdersForRefresh,no_parent
1650488571,ts-preserve-service,bf58a1b5df5cf462,7632c9089047abc7,7632c9089047abc7,3742,200,GET,ts-preserve-service
1650488571,ts-station-service,f39d3e3d295b97f5,f35ccdc79df9aa30,2bf74d789561828b,8423,200,queryForNameBatch,ts-order-service
1650488571,ts-auth-service,603390cde1bb0abb,7467fa8370d9d60f,7467fa8370d9d60f,3896,200,GET,ts-auth-service
1650488571,ts-auth-service,7467fa8370d9d60f,,7467fa8370d9d60f,115525,200,getToken,no_parent
1650488571,ts-security-service,3104ab282cdd9252,21d026e1f6bff9ca,7632c9089047abc7,4750,200,GET,ts-security-service
1650488571,ts-contacts-service,c558f2ea5d2c0da1,bf58a1b5df5cf462,7632c9089047abc7,2428,200,getContactsByContactsId,ts-preserve-service
1650488571,ts-station-service,4a112e081c6fd284,912a253bb93bcec3,bbf625420ee56eb6,2588,200,queryForStationId,ts-basic-service
1650488571,ts-station-service,5799172a715c825d,9b07f1754b31a2c9,bbf625420ee56eb6,2401,200,queryForStationId,ts-basic-service
1650488571,ts-basic-service,9b07f1754b31a2c9,2b032327a2c15beb,bbf625420ee56eb6,3040,200,GET,ts-basic-service
1650488571,ts-travel-service,685c3c13132b55f4,bbf625420ee56eb6,bbf625420ee56eb6,8343,200,GET,ts-travel-service
1650488571,ts-route-service,388847d11ea7d6dc,dc2b6ba6ce170ebb,bbf625420ee56eb6,2129,200,queryById,ts-travel-service
1650488571,ts-travel-service,e262cc0499b7019c,bbf625420ee56eb6,bbf625420ee56eb6,2255,200,GET,ts-travel-service
1650488571,ts-travel-service,bbf625420ee56eb6,,bbf625420ee56eb6,44091,200,queryInfo,no_parent
1650488571,ts-basic-service,2b032327a2c15beb,bc042be308819f2c,bbf625420ee56eb6,5186,200,queryForStationId,ts-ticketinfo-service
1650488571,ts-basic-service,b2d68ee9e3338560,1c0556c2ae1106e0,bbf625420ee56eb6,6261,200,queryForStationId,ts-ticketinfo-service
1650488571,ts-travel-service,9e2df2e5e955d9e9,bbf625420ee56eb6,bbf625420ee56eb6,2311,200,GET,ts-travel-service
1650488571,ts-route-service,425c8f9bb00b84ab,108a7be7cd11535f,bbf625420ee56eb6,1880,200,queryById,ts-travel-service
1650488571,ts-ticketinfo-service,1cdc153a9d676c20,8affc3fc50e339bf,bbf625420ee56eb6,9749,200,queryForStationId,ts-travel-service
1650488571,ts-travel-service,dc2b6ba6ce170ebb,bbf625420ee56eb6,bbf625420ee56eb6,2518,200,GET,ts-travel-service
1650488571,ts-travel-service,8affc3fc50e339bf,bbf625420ee56eb6,bbf625420ee56eb6,10921,200,GET,ts-travel-service
1650488571,ts-route-service,88fcee4d40755d25,58492792564bdb2e,bbf625420ee56eb6,2611,200,queryById,ts-travel-service
1650488571,ts-route-service,a3bfeadf60b1ec0c,e262cc0499b7019c,bbf625420ee56eb6,2129,200,queryById,ts-travel-service
1650488571,ts-travel-service,58492792564bdb2e,bbf625420ee56eb6,bbf625420ee56eb6,3935,200,GET,ts-travel-service
1650488571,ts-travel-service,108a7be7cd11535f,bbf625420ee56eb6,bbf625420ee56eb6,2112,200,GET,ts-travel-service
1650488571,ts-basic-service,912a253bb93bcec3,b2d68ee9e3338560,bbf625420ee56eb6,3745,200,GET,ts-basic-service
1650488571,ts-ticketinfo-service,bc042be308819f2c,f20111fd72c2bf85,bbf625420ee56eb6,5916,200,GET,ts-ticketinfo-service
1650488571,ts-ticketinfo-service,1c0556c2ae1106e0,1cdc153a9d676c20,bbf625420ee56eb6,7325,200,GET,ts-ticketinfo-service
1650488571,ts-ticketinfo-service,f20111fd72c2bf85,685c3c13132b55f4,bbf625420ee56eb6,7868,200,queryForStationId,ts-travel-service
1650488571,ts-route-service,b281aaac8edf28cb,9e2df2e5e955d9e9,bbf625420ee56eb6,2166,200,queryById,ts-travel-service
1650488571,ts-verification-code-service,a75d3d1e8132f35a,,a75d3d1e8132f35a,3040,200,imageCode,no_parent
1650488631,ts-ticketinfo-service,600b27255d6fe137,c2b2fc6be4fbfa9c,c874632d588304b4,6103,200,GET,ts-ticketinfo-service
1650488631,ts-basic-service,7a6ab9593d97d9ff,7ad7f235ea8384bb,c874632d588304b4,3588,200,GET,ts-basic-service
1650488631,ts-basic-service,d380a531be531690,74c2ccf1c10d9b4e,c874632d588304b4,3070,200,GET,ts-basic-service
1650488631,ts-travel-service,48b9a18fecd8ab7a,c874632d588304b4,c874632d588304b4,2213,200,GET,ts-travel-service
1650488631,ts-travel-service,e2f6633d22d0a0c7,c874632d588304b4,c874632d588304b4,8086,200,GET,ts-travel-service
1650488631,ts-route-service,cb8c82ce30c33911,702b4022fa74c0ef,c874632d588304b4,2653,200,queryById,ts-travel-service
1650488631,ts-ticketinfo-service,f04b4b770f568748,ed3e0d379c8a76c3,c874632d588304b4,7233,200,GET,ts-ticketinfo-service
1650488631,ts-basic-service,7ad7f235ea8384bb,f04b4b770f568748,c874632d588304b4,6108,200,queryForStationId,ts-ticketinfo-service
1650488631,ts-travel-service,ebf6bbd5a4e648c9,c874632d588304b4,c874632d588304b4,2285,200,GET,ts-travel-service
1650488631,ts-station-service,b0f4eca93c80222b,7a6ab9593d97d9ff,c874632d588304b4,2525,200,queryForStationId,ts-basic-service
1650488631,ts-route-service,89e1efc7e374478a,48b9a18fecd8ab7a,c874632d588304b4,2131,200,queryById,ts-travel-service
1650488631,ts-travel-service,8f49bb71ebfae907,c874632d588304b4,c874632d588304b4,11276,200,GET,ts-travel-service
1650488631,ts-route-service,787a4d85bf68b83f,ebf6bbd5a4e648c9,c874632d588304b4,2221,200,queryById,ts-travel-service
1650488631,ts-route-service,a5d99b38ecd2ff13,b86b0789bab29d07,c874632d588304b4,2119,200,queryById,ts-travel-service
1650488631,ts-ticketinfo-service,c2b2fc6be4fbfa9c,e2f6633d22d0a0c7,c874632d588304b4,13627,200,queryForStationId,ts-travel-service
1650488631,ts-ticketinfo-service,ed3e0d379c8a76c3,8f49bb71ebfae907,c874632d588304b4,9521,200,queryForStationId,ts-travel-service
1650488631,ts-travel-service,c874632d588304b4,,c874632d588304b4,54686,200,queryInfo,no_parent
1650488631,ts-travel-service,702b4022fa74c0ef,c874632d588304b4,c874632d588304b4,3949,200,GET,ts-travel-service
1650488631,ts-travel-service,b86b0789bab29d07,c874632d588304b4,c874632d588304b4,2289,200,GET,ts-travel-service
1650488631,ts-station-service,95502e11dd19d0da,9704669c8a3fa7e5,ada3292b97a52529,8342,200,queryForNameBatch,ts-order-service
1650488631,ts-travel-service,a143152f1b1da944,c874632d588304b4,c874632d588304b4,2577,200,GET,ts-travel-service
1650488631,ts-route-service,d8db2834b30143a5,a143152f1b1da944,c874632d588304b4,2168,200,queryById,ts-travel-service
1650488631,ts-order-other-service,1ce1e46cd3a50e8a,7a41850f42098094,7967af2adec6d4de,3143,200,securityInfoCheck,ts-security-service
1650488631,ts-preserve-service,7967af2adec6d4de,,7967af2adec6d4de,23050,200,preserve,no_parent
1650488631,ts-security-service,6bf416514d22c5,8c7c890452eecdf0,7967af2adec6d4de,4982,200,GET,ts-security-service
1650488631,ts-security-service,7a41850f42098094,8c7c890452eecdf0,7967af2adec6d4de,4867,200,GET,ts-security-service
1650488631,ts-security-service,8c7c890452eecdf0,357606f092dca81e,7967af2adec6d4de,14461,200,check,ts-preserve-service
1650488631,ts-preserve-service,357606f092dca81e,7967af2adec6d4de,7967af2adec6d4de,16111,200,GET,ts-preserve-service
1650488631,ts-preserve-service,7e0cdc0ca43a6952,7967af2adec6d4de,7967af2adec6d4de,3871,200,GET,ts-preserve-service
1650488631,ts-basic-service,74c2ccf1c10d9b4e,600b27255d6fe137,c874632d588304b4,5065,200,queryForStationId,ts-ticketinfo-service
1650488631,ts-assurance-service,b8304dd86b44ee68,,b8304dd86b44ee68,1608,200,getAllAssuranceType,no_parent
1650488631,ts-order-service,bdfa47541252d0c5,6bf416514d22c5,7967af2adec6d4de,3704,200,securityInfoCheck,ts-security-service
1650488631,ts-contacts-service,e42e4b03957dfdd1,7e0cdc0ca43a6952,7967af2adec6d4de,2514,200,getContactsByContactsId,ts-preserve-service
1650488631,ts-contacts-service,e77ff3626eb70381,,e77ff3626eb70381,2993,200,findContactsByAccountId,no_parent
1650488631,ts-order-service,ada3292b97a52529,,ada3292b97a52529,12747,200,queryOrdersForRefresh,no_parent
1650488631,ts-station-service,75d76dc5eb2a2d2a,d380a531be531690,c874632d588304b4,2407,200,queryForStationId,ts-basic-service
1650488631,ts-verification-code-service,f25080700002f73,,f25080700002f73,2991,200,imageCode,no_parent
1650488631,ts-verification-code-service,1a420c86f2270259,790f2ec0965a1088,49f22c8758c9c710,2024,200,verifyCode,ts-auth-service
1650488631,ts-auth-service,790f2ec0965a1088,49f22c8758c9c710,49f22c8758c9c710,4400,200,GET,ts-auth-service
1650488631,ts-auth-service,49f22c8758c9c710,,49f22c8758c9c710,110790,200,getToken,no_parent
1650488631,ts-order-service,9704669c8a3fa7e5,ada3292b97a52529,ada3292b97a52529,9778,200,POST,ts-order-service
1650488691,ts-basic-service,72a0c83ef825439d,98d66a3049bbd5b0,818bcf50f26f4598,3706,200,GET,ts-basic-service
1650488691,ts-basic-service,7d448ee296b43b20,79927067ebbd0abd,818bcf50f26f4598,2985,200,GET,ts-basic-service
1650488691,ts-route-service,5053a537cc5de215,5c71d767298fe542,818bcf50f26f4598,2027,200,queryById,ts-travel-service
1650488691,ts-travel-service,ba41270acf5e9f0c,818bcf50f26f4598,818bcf50f26f4598,2261,200,GET,ts-travel-service
1650488691,ts-travel-service,60f19a776e7b3e76,818bcf50f26f4598,818bcf50f26f4598,7980,200,GET,ts-travel-service
1650488691,ts-travel-service,680f277a601f9303,818bcf50f26f4598,818bcf50f26f4598,2472,200,GET,ts-travel-service
1650488691,ts-travel-service,5c71d767298fe542,818bcf50f26f4598,818bcf50f26f4598,2178,200,GET,ts-travel-service
1650488691,ts-travel-service,11bf49a4532c4a8e,818bcf50f26f4598,818bcf50f26f4598,2246,200,GET,ts-travel-service
1650488691,ts-station-service,9802752a49c9bbab,7d448ee296b43b20,818bcf50f26f4598,2409,200,queryForStationId,ts-basic-service
1650488691,ts-basic-service,79927067ebbd0abd,8c751c8380999891,818bcf50f26f4598,4978,200,queryForStationId,ts-ticketinfo-service
1650488691,ts-travel-service,c03bd570030db04e,818bcf50f26f4598,818bcf50f26f4598,11455,200,GET,ts-travel-service
1650488691,ts-travel-service,a5a046c96b8443ec,818bcf50f26f4598,818bcf50f26f4598,3971,200,GET,ts-travel-service
1650488691,ts-ticketinfo-service,c3491887d4d8cef9,c03bd570030db04e,818bcf50f26f4598,9974,200,queryForStationId,ts-travel-service
1650488691,ts-ticketinfo-service,8c751c8380999891,9996cf677e79f8ba,818bcf50f26f4598,5609,200,GET,ts-ticketinfo-service
1650488691,ts-ticketinfo-service,b6678f5fd216d2ca,c3491887d4d8cef9,818bcf50f26f4598,7691,200,GET,ts-ticketinfo-service
1650488691,ts-ticketinfo-service,9996cf677e79f8ba,60f19a776e7b3e76,818bcf50f26f4598,7596,200,queryForStationId,ts-travel-service
1650488691,ts-travel-service,818bcf50f26f4598,,818bcf50f26f4598,41383,200,queryInfo,no_parent
1650488691,ts-route-service,1bf94ff1f4c42b41,ba41270acf5e9f0c,818bcf50f26f4598,2159,200,queryById,ts-travel-service
1650488691,ts-route-service,525fbff22ee17c41,a5a046c96b8443ec,818bcf50f26f4598,2640,200,queryById,ts-travel-service
1650488691,ts-station-service,e0d972efa7a9e85b,72a0c83ef825439d,818bcf50f26f4598,2591,200,queryForStationId,ts-basic-service
1650488691,ts-route-service,4c19e8a0da4cb2c6,11bf49a4532c4a8e,818bcf50f26f4598,2120,200,queryById,ts-travel-service
1650488691,ts-route-service,25299738ab54db80,680f277a601f9303,818bcf50f26f4598,2083,200,queryById,ts-travel-service
1650488691,ts-basic-service,98d66a3049bbd5b0,b6678f5fd216d2ca,818bcf50f26f4598,6176,200,queryForStationId,ts-ticketinfo-service
1650488691,ts-order-other-service,a07b99e0886b7726,51dab1fb7e2e87ad,ceac14ff6eb28575,3212,200,securityInfoCheck,ts-security-service
1650488691,ts-preserve-service,52493c5b711d385c,ceac14ff6eb28575,ceac14ff6eb28575,15404,200,GET,ts-preserve-service
1650488691,ts-preserve-service,5bfeff8c5c130dd1,ceac14ff6eb28575,ceac14ff6eb28575,3767,200,GET,ts-preserve-service
1650488691,ts-security-service,918653d0825b874,1979fe9ed4f95598,ceac14ff6eb28575,4647,200,GET,ts-security-service
1650488691,ts-preserve-service,ceac14ff6eb28575,,ceac14ff6eb28575,22650,200,preserve,no_parent
1650488691,ts-security-service,1979fe9ed4f95598,52493c5b711d385c,ceac14ff6eb28575,13774,200,check,ts-preserve-service
1650488691,ts-auth-service,188c843160818e16,,188c843160818e16,130002,200,getToken,no_parent
1650488691,ts-verification-code-service,a70ef2e756c2cb22,6016084fe5156a2,188c843160818e16,14662,200,verifyCode,ts-auth-service
1650488691,ts-contacts-service,1a09c7b76f0f6237,5bfeff8c5c130dd1,ceac14ff6eb28575,2483,200,getContactsByContactsId,ts-preserve-service
1650488691,ts-order-service,bc52fab98ee429f4,918653d0825b874,ceac14ff6eb28575,3557,200,securityInfoCheck,ts-security-service
1650488691,ts-order-service,f37c4c08b59b36e9,fa4f15b98e8ffeb7,fa4f15b98e8ffeb7,9671,200,POST,ts-order-service
1650488691,ts-verification-code-service,65d59dbabcc0f77f,,65d59dbabcc0f77f,3201,200,imageCode,no_parent
1650488691,ts-security-service,51dab1fb7e2e87ad,1979fe9ed4f95598,ceac14ff6eb28575,4510,200,GET,ts-security-service
1650488691,ts-assurance-service,50ff832aebf7d9a1,,50ff832aebf7d9a1,1778,200,getAllAssuranceType,no_parent
1650488691,ts-contacts-service,70ed1955d82218f7,,70ed1955d82218f7,2875,200,findContactsByAccountId,no_parent
1650488691,ts-auth-service,6016084fe5156a2,188c843160818e16,188c843160818e16,14866,200,GET,ts-auth-service
1650488691,ts-order-service,fa4f15b98e8ffeb7,,fa4f15b98e8ffeb7,13036,200,queryOrdersForRefresh,no_parent
1650488691,ts-station-service,d2a59595c33d8353,f37c4c08b59b36e9,fa4f15b98e8ffeb7,8313,200,queryForNameBatch,ts-order-service
1650488751,ts-contacts-service,f097e33eba5dc3b,,f097e33eba5dc3b,3005,200,findContactsByAccountId,no_parent
1650488751,ts-order-service,ef9a917bb49f338e,934e0f2730f23cb5,4631b220ffc66507,3545,200,securityInfoCheck,ts-security-service
1650488751,ts-contacts-service,2607a318c43356a8,6bca8307d65b974d,4631b220ffc66507,2213,200,getContactsByContactsId,ts-preserve-service
1650488751,ts-preserve-service,6bca8307d65b974d,4631b220ffc66507,4631b220ffc66507,3214,200,GET,ts-preserve-service
1650488751,ts-preserve-service,5337fba7c0d93b01,4631b220ffc66507,4631b220ffc66507,15441,200,GET,ts-preserve-service
1650488751,ts-security-service,1536b226ad2efc35,5337fba7c0d93b01,4631b220ffc66507,13321,200,check,ts-preserve-service
1650488751,ts-order-other-service,e88a13ddfe89feaa,6fea7def041f8afb,4631b220ffc66507,3150,200,securityInfoCheck,ts-security-service
1650488751,ts-security-service,6fea7def041f8afb,1536b226ad2efc35,4631b220ffc66507,4536,200,GET,ts-security-service
1650488751,ts-preserve-service,4631b220ffc66507,,4631b220ffc66507,21816,200,preserve,no_parent
1650488751,ts-security-service,934e0f2730f23cb5,1536b226ad2efc35,4631b220ffc66507,4787,200,GET,ts-security-service
1650488751,ts-order-service,d0b97bd1153612d8,59f9b8da2c3a9257,59f9b8da2c3a9257,9982,200,POST,ts-order-service
1650488751,ts-order-service,59f9b8da2c3a9257,,59f9b8da2c3a9257,13440,200,queryOrdersForRefresh,no_parent
1650488751,ts-station-service,dc4526a365405c15,d0b97bd1153612d8,59f9b8da2c3a9257,8490,200,queryForNameBatch,ts-order-service
1650488751,ts-verification-code-service,234bac5e47a18e75,,234bac5e47a18e75,2964,200,imageCode,no_parent
1650488752,ts-travel-service,5938f84c7b07cba,fadf7946a66ae898,fadf7946a66ae898,2273,200,GET,ts-travel-service
1650488752,ts-route-service,57bb8c21a5f5e7be,e029663be5df18d4,fadf7946a66ae898,2112,200,queryById,ts-travel-service
1650488752,ts-travel-service,fadf7946a66ae898,,fadf7946a66ae898,42999,200,queryInfo,no_parent
1650488752,ts-route-service,620ac8216180d7b5,74e17f75828d5784,fadf7946a66ae898,2184,200,queryById,ts-travel-service
1650488752,ts-route-service,2d77e38afff10ea0,5938f84c7b07cba,fadf7946a66ae898,2128,200,queryById,ts-travel-service
1650488752,ts-route-service,39563227adb21809,e94e380cb4e1aaf6,fadf7946a66ae898,2663,200,queryById,ts-travel-service
1650488752,ts-travel-service,74e17f75828d5784,fadf7946a66ae898,fadf7946a66ae898,2263,200,GET,ts-travel-service
1650488752,ts-ticketinfo-service,4ec3c7e14848e5df,f065116b46865e6f,fadf7946a66ae898,5753,200,GET,ts-ticketinfo-service
1650488752,ts-ticketinfo-service,f065116b46865e6f,ca903a03a5c7be00,fadf7946a66ae898,7747,200,queryForStationId,ts-travel-service
1650488752,ts-ticketinfo-service,b4aa14d5f2a4d539,52a631d4a613ae8,fadf7946a66ae898,9932,200,queryForStationId,ts-travel-service
1650488752,ts-route-service,eefce70503e96ef3,b20e79b0b0e1a962,fadf7946a66ae898,2144,200,queryById,ts-travel-service
1650488752,ts-station-service,a63e92ec54ab357b,cecbb0ddf933c6cc,fadf7946a66ae898,2727,200,queryForStationId,ts-basic-service
1650488752,ts-travel-service,e94e380cb4e1aaf6,fadf7946a66ae898,fadf7946a66ae898,3855,200,GET,ts-travel-service
1650488752,ts-assurance-service,337649d39c0187f9,,337649d39c0187f9,1594,200,getAllAssuranceType,no_parent
1650488752,ts-travel-service,e029663be5df18d4,fadf7946a66ae898,fadf7946a66ae898,2252,200,GET,ts-travel-service
1650488752,ts-auth-service,d538d5ecf630487b,c2f34f94f531e283,c2f34f94f531e283,4191,200,GET,ts-auth-service
1650488752,ts-travel-service,52a631d4a613ae8,fadf7946a66ae898,fadf7946a66ae898,11556,200,GET,ts-travel-service
1650488752,ts-ticketinfo-service,f1448744004eb3c6,b4aa14d5f2a4d539,fadf7946a66ae898,7633,200,GET,ts-ticketinfo-service
1650488752,ts-basic-service,cecbb0ddf933c6cc,b3cde993b92f21de,fadf7946a66ae898,3936,200,GET,ts-basic-service
1650488752,ts-basic-service,b3cde993b92f21de,f1448744004eb3c6,fadf7946a66ae898,6485,200,queryForStationId,ts-ticketinfo-service
1650488752,ts-travel-service,ca903a03a5c7be00,fadf7946a66ae898,fadf7946a66ae898,8392,200,GET,ts-travel-service
1650488752,ts-travel-service,b20e79b0b0e1a962,fadf7946a66ae898,fadf7946a66ae898,2609,200,GET,ts-travel-service
1650488752,ts-station-service,57d73aee14795a79,23963f6deb90f0c2,fadf7946a66ae898,2384,200,queryForStationId,ts-basic-service
1650488752,ts-basic-service,d2bc22de6dca0fd4,4ec3c7e14848e5df,fadf7946a66ae898,5023,200,queryForStationId,ts-ticketinfo-service
1650488752,ts-basic-service,23963f6deb90f0c2,d2bc22de6dca0fd4,fadf7946a66ae898,3036,200,GET,ts-basic-service
1650488752,ts-auth-service,c2f34f94f531e283,,c2f34f94f531e283,110977,200,getToken,no_parent
1650488752,ts-verification-code-service,8da1e482ab831e00,d538d5ecf630487b,c2f34f94f531e283,2495,200,verifyCode,ts-auth-service
1650488812,ts-ticketinfo-service,686dab9bc3a06766,22d0a04726b470ab,d8a8c596d285afee,16965,200,GET,ts-ticketinfo-service
1650488812,ts-travel-service,2abad85e2375dcba,d8a8c596d285afee,d8a8c596d285afee,2191,200,GET,ts-travel-service
1650488812,ts-basic-service,596ffb7ac0cc3f25,686dab9bc3a06766,d8a8c596d285afee,15870,200,queryForStationId,ts-ticketinfo-service
1650488812,ts-route-service,373548d83bf38b3f,2abad85e2375dcba,d8a8c596d285afee,2060,200,queryById,ts-travel-service
1650488812,ts-route-service,11ffde8c85930a0,fbf316f96ca1e3ab,d8a8c596d285afee,2851,200,queryById,ts-travel-service
1650488812,ts-route-service,5bbe2da9baee2df0,24f8fd79ee73275b,d8a8c596d285afee,2113,200,queryById,ts-travel-service
1650488812,ts-preserve-service,8df9db27272aac2c,b8cebc43b4f104cb,b8cebc43b4f104cb,3733,200,GET,ts-preserve-service
1650488812,ts-preserve-service,b8cebc43b4f104cb,,b8cebc43b4f104cb,22199,200,preserve,no_parent
1650488812,ts-travel-service,d1f310f52c9e75bf,d8a8c596d285afee,d8a8c596d285afee,2831,200,GET,ts-travel-service
1650488812,ts-basic-service,cc44c3cd8371017,2a8e637ce8e68104,d8a8c596d285afee,4340,200,queryForStationId,ts-ticketinfo-service
1650488812,ts-order-other-service,a2680970f694f0bf,1e915f1fe95dd345,b8cebc43b4f104cb,3150,200,securityInfoCheck,ts-security-service
1650488812,ts-route-service,75cf147e8a7b9b3a,e977dc401116201d,d8a8c596d285afee,2087,200,queryById,ts-travel-service
1650488812,ts-ticketinfo-service,22d0a04726b470ab,5026d0632f0380a5,d8a8c596d285afee,19167,200,queryForStationId,ts-travel-service
1650488812,ts-ticketinfo-service,2a8e637ce8e68104,b26ea3688d2acc44,d8a8c596d285afee,5070,200,GET,ts-ticketinfo-service
1650488812,ts-ticketinfo-service,b26ea3688d2acc44,a43fc7e5aae0be70,d8a8c596d285afee,6911,200,queryForStationId,ts-travel-service
1650488812,ts-travel-service,d8a8c596d285afee,,d8a8c596d285afee,50714,200,queryInfo,no_parent
1650488812,ts-basic-service,5766629c3e2a808a,cc44c3cd8371017,d8a8c596d285afee,2388,200,GET,ts-basic-service
1650488812,ts-security-service,4cae753db8e0b7a,60d570cb11543ae8,b8cebc43b4f104cb,13777,200,check,ts-preserve-service
1650488812,ts-travel-service,e977dc401116201d,d8a8c596d285afee,d8a8c596d285afee,2217,200,GET,ts-travel-service
1650488812,ts-route-service,3fc50840f9632c3f,d1f310f52c9e75bf,d8a8c596d285afee,2409,200,queryById,ts-travel-service
1650488812,ts-contacts-service,6b9c28d96af9e508,8df9db27272aac2c,b8cebc43b4f104cb,2404,200,getContactsByContactsId,ts-preserve-service
1650488812,ts-order-service,cc3fb73de791be3a,d5a9a6812a93b2df,b8cebc43b4f104cb,3368,200,securityInfoCheck,ts-security-service
1650488812,ts-preserve-service,60d570cb11543ae8,b8cebc43b4f104cb,b8cebc43b4f104cb,15493,200,GET,ts-preserve-service
1650488812,ts-station-service,c5b896747c8bf290,24321fdd3a536c85,638e16d04d5624f8,8367,200,queryForNameBatch,ts-order-service
1650488812,ts-station-service,b57fb1be90aee784,85e73e90d0cb109a,d8a8c596d285afee,12345,200,queryForStationId,ts-basic-service
1650488812,ts-security-service,d5a9a6812a93b2df,4cae753db8e0b7a,b8cebc43b4f104cb,4794,200,GET,ts-security-service
1650488812,ts-travel-service,fbf316f96ca1e3ab,d8a8c596d285afee,d8a8c596d285afee,4058,200,GET,ts-travel-service
1650488812,ts-auth-service,c29c40388a4735d0,,c29c40388a4735d0,113580,200,getToken,no_parent
1650488812,ts-verification-code-service,109af26a9b2e4a71,38a2ada020152327,c29c40388a4735d0,2141,200,verifyCode,ts-auth-service
1650488812,ts-station-service,e030d8a6d1d1bfe3,5766629c3e2a808a,d8a8c596d285afee,1711,200,queryForStationId,ts-basic-service
1650488812,ts-security-service,1e915f1fe95dd345,4cae753db8e0b7a,b8cebc43b4f104cb,4473,200,GET,ts-security-service
1650488812,ts-travel-service,5026d0632f0380a5,d8a8c596d285afee,d8a8c596d285afee,20749,200,GET,ts-travel-service
1650488812,ts-contacts-service,ec3436f6bb8a4803,,ec3436f6bb8a4803,3013,200,findContactsByAccountId,no_parent
1650488812,ts-auth-service,38a2ada020152327,c29c40388a4735d0,c29c40388a4735d0,3892,200,GET,ts-auth-service
1650488812,ts-basic-service,85e73e90d0cb109a,596ffb7ac0cc3f25,d8a8c596d285afee,13480,200,GET,ts-basic-service
1650488812,ts-order-service,638e16d04d5624f8,,638e16d04d5624f8,13366,200,queryOrdersForRefresh,no_parent
1650488812,ts-order-service,24321fdd3a536c85,638e16d04d5624f8,638e16d04d5624f8,9839,200,POST,ts-order-service
1650488812,ts-verification-code-service,1c1757ad84e62852,,1c1757ad84e62852,2955,200,imageCode,no_parent
1650488812,ts-travel-service,a43fc7e5aae0be70,d8a8c596d285afee,d8a8c596d285afee,7375,200,GET,ts-travel-service
1650488812,ts-travel-service,24f8fd79ee73275b,d8a8c596d285afee,d8a8c596d285afee,2258,200,GET,ts-travel-service
1650488812,ts-assurance-service,35dfccdc97696f59,,35dfccdc97696f59,1905,200,getAllAssuranceType,no_parent
