timestamp,service_name,span_id,parent_id,trace_id,duration,status_code,operation_name,parent_service_name
1650484951,ts-preserve-service,d6c9037d29258dce,f295e7ffb38d7fbe,f295e7ffb38d7fbe,16423,200,GET,ts-preserve-service
1650484951,ts-preserve-service,f295e7ffb38d7fbe,,f295e7ffb38d7fbe,23070,200,preserve,no_parent
1650484951,ts-security-service,bf9e68e6cf91d0e9,94b7596701a37636,f295e7ffb38d7fbe,4879,200,GET,ts-security-service
1650484951,ts-security-service,94b7596701a37636,d6c9037d29258dce,f295e7ffb38d7fbe,14293,200,check,ts-preserve-service
1650484951,ts-contacts-service,a507ab829f9c9965,be12d922b905afad,f295e7ffb38d7fbe,2510,200,getContactsByContactsId,ts-preserve-service
1650484951,ts-order-service,188e0b44cc46297c,a3cd07a6bab1f080,f295e7ffb38d7fbe,3260,200,securityInfoCheck,ts-security-service
1650484951,ts-preserve-service,be12d922b905afad,f295e7ffb38d7fbe,f295e7ffb38d7fbe,3543,200,GET,ts-preserve-service
1650484951,ts-order-other-service,d4d5f1b8d917a031,bf9e68e6cf91d0e9,f295e7ffb38d7fbe,3576,200,securityInfoCheck,ts-security-service
1650484951,ts-security-service,a3cd07a6bab1f080,94b7596701a37636,f295e7ffb38d7fbe,4718,200,GET,ts-security-service
1650485012,ts-travel-service,d4aee8f62a74ca73,7207ad8bc9945eff,7207ad8bc9945eff,7948,200,GET,ts-travel-service
1650485012,ts-travel-service,7207ad8bc9945eff,,7207ad8bc9945eff,55753,200,queryInfo,no_parent
1650485012,ts-travel-service,a73a114ffd9cfef0,7207ad8bc9945eff,7207ad8bc9945eff,15277,200,GET,ts-travel-service
1650485012,ts-travel-service,71ed3773d7faeb78,7207ad8bc9945eff,7207ad8bc9945eff,2599,200,GET,ts-travel-service
1650485012,ts-travel-service,819c8b63948077fc,7207ad8bc9945eff,7207ad8bc9945eff,2603,200,GET,ts-travel-service
1650485012,ts-travel-service,6505711630926cc3,7207ad8bc9945eff,7207ad8bc9945eff,2556,200,GET,ts-travel-service
1650485012,ts-ticketinfo-service,5e8d4d6beb9cdcd0,d4aee8f62a74ca73,7207ad8bc9945eff,7538,200,queryForStationId,ts-travel-service
1650485012,ts-ticketinfo-service,224b11fc2877263f,5e8d4d6beb9cdcd0,7207ad8bc9945eff,5569,200,GET,ts-ticketinfo-service
1650485012,ts-route-service,e665b84eb3193257,71ed3773d7faeb78,7207ad8bc9945eff,2515,200,queryById,ts-travel-service
1650485012,ts-route-service,9d11dcf8f3e12fa9,a73a114ffd9cfef0,7207ad8bc9945eff,14806,200,queryById,ts-travel-service
1650485012,ts-ticketinfo-service,fbe1676087dab9a5,46e2c02c1b5234ba,7207ad8bc9945eff,7243,200,GET,ts-ticketinfo-service
1650485012,ts-ticketinfo-service,46e2c02c1b5234ba,1d516863e3950e2e,7207ad8bc9945eff,9833,200,queryForStationId,ts-travel-service
1650485012,ts-station-service,8dcff347633e2e84,adf44d128424af4d,7207ad8bc9945eff,2000,200,queryForStationId,ts-basic-service
1650485012,ts-station-service,f72179b587f39a25,54b0262df29137b2,7207ad8bc9945eff,2436,200,queryForStationId,ts-basic-service
1650485012,ts-basic-service,f6955e5c4e184247,224b11fc2877263f,7207ad8bc9945eff,4642,200,queryForStationId,ts-ticketinfo-service
1650485012,ts-basic-service,adf44d128424af4d,f6955e5c4e184247,7207ad8bc9945eff,2703,200,GET,ts-basic-service
1650485012,ts-basic-service,54b0262df29137b2,d3081273c6d5f79f,7207ad8bc9945eff,3582,200,GET,ts-basic-service
1650485012,ts-basic-service,d3081273c6d5f79f,fbe1676087dab9a5,7207ad8bc9945eff,6026,200,queryForStationId,ts-ticketinfo-service
1650485012,ts-travel-service,a2f8510c90c696c1,7207ad8bc9945eff,7207ad8bc9945eff,4285,200,GET,ts-travel-service
1650485012,ts-security-service,c22b6091ef815ba9,81d043e2b8201e11,8ecd915b0f954311,14145,200,check,ts-preserve-service
1650485012,ts-security-service,4714ff541b7ecbd1,c22b6091ef815ba9,8ecd915b0f954311,4599,200,GET,ts-security-service
1650485012,ts-route-service,5139d75a93e82bc8,819c8b63948077fc,7207ad8bc9945eff,2488,200,queryById,ts-travel-service
1650485012,ts-route-service,3b6961b36c953dbe,6505711630926cc3,7207ad8bc9945eff,2526,200,queryById,ts-travel-service
1650485012,ts-security-service,fd26b16b3b2cf374,c22b6091ef815ba9,8ecd915b0f954311,4957,200,GET,ts-security-service
1650485012,ts-travel-service,1d516863e3950e2e,7207ad8bc9945eff,7207ad8bc9945eff,11324,200,GET,ts-travel-service
1650485012,ts-route-service,500ff83d050752fa,a2f8510c90c696c1,7207ad8bc9945eff,3060,200,queryById,ts-travel-service
1650485012,ts-order-service,5a53880e80bad032,fd26b16b3b2cf374,8ecd915b0f954311,3530,200,securityInfoCheck,ts-security-service
1650485012,ts-verification-code-service,303136aae56a9172,8613981bf8bd39d,d2b25f8d46558b12,1940,200,verifyCode,ts-auth-service
1650485012,ts-preserve-service,8ecd915b0f954311,,8ecd915b0f954311,22623,200,preserve,no_parent
1650485012,ts-contacts-service,4d5e3c9fdcd45a7b,571fb97a30c215a4,8ecd915b0f954311,2608,200,getContactsByContactsId,ts-preserve-service
1650485012,ts-preserve-service,81d043e2b8201e11,8ecd915b0f954311,8ecd915b0f954311,15794,200,GET,ts-preserve-service
1650485012,ts-order-other-service,5b967994d9222b45,4714ff541b7ecbd1,8ecd915b0f954311,3160,200,securityInfoCheck,ts-security-service
1650485012,ts-preserve-service,571fb97a30c215a4,8ecd915b0f954311,8ecd915b0f954311,3782,200,GET,ts-preserve-service
1650485012,ts-assurance-service,f01aabbfd883e13b,,f01aabbfd883e13b,1600,200,getAllAssuranceType,no_parent
1650485012,ts-auth-service,d2b25f8d46558b12,,d2b25f8d46558b12,113920,200,getToken,no_parent
1650485012,ts-auth-service,8613981bf8bd39d,d2b25f8d46558b12,d2b25f8d46558b12,4205,200,GET,ts-auth-service
1650485072,ts-travel-service,8584f7e4bd83162e,f89144afad3391d2,f89144afad3391d2,11280,200,GET,ts-travel-service
1650485072,ts-route-service,b58e7cb25a940e2e,c6bf927fd4dbeb33,f89144afad3391d2,2470,200,queryById,ts-travel-service
1650485072,ts-route-service,e49c89f03cc7af8c,3c0f923b1899609e,f89144afad3391d2,2932,200,queryById,ts-travel-service
1650485072,ts-travel-service,c6bf927fd4dbeb33,f89144afad3391d2,f89144afad3391d2,2536,200,GET,ts-travel-service
1650485072,ts-travel-service,dd1b27ed8eadd3d,f89144afad3391d2,f89144afad3391d2,8558,200,GET,ts-travel-service
1650485072,ts-preserve-service,4350ca1bd3f45708,f7ca7032cbe18474,f7ca7032cbe18474,3865,200,GET,ts-preserve-service
1650485072,ts-preserve-service,f6168e15df11a912,f7ca7032cbe18474,f7ca7032cbe18474,16489,200,GET,ts-preserve-service
1650485072,ts-order-service,8e321526672e54b9,2a9df393096d8bd5,f7ca7032cbe18474,3290,200,securityInfoCheck,ts-security-service
1650485072,ts-contacts-service,a6c3974b707dd2f6,4350ca1bd3f45708,f7ca7032cbe18474,2608,200,getContactsByContactsId,ts-preserve-service
1650485072,ts-security-service,48a66c4a38d16832,a0399347f9843833,f7ca7032cbe18474,4550,200,GET,ts-security-service
1650485072,ts-security-service,a0399347f9843833,f6168e15df11a912,f7ca7032cbe18474,13738,200,check,ts-preserve-service
1650485072,ts-order-other-service,59ea55dda79ed644,48a66c4a38d16832,f7ca7032cbe18474,3170,200,securityInfoCheck,ts-security-service
1650485072,ts-security-service,2a9df393096d8bd5,a0399347f9843833,f7ca7032cbe18474,4638,200,GET,ts-security-service
1650485072,ts-preserve-service,f7ca7032cbe18474,,f7ca7032cbe18474,26028,200,preserve,no_parent
1650485072,ts-ticketinfo-service,d41129815a349004,5c737b79a98f4e56,f89144afad3391d2,5762,200,GET,ts-ticketinfo-service
1650485072,ts-basic-service,9b6ef6a6e541d521,6b952a63bd9bf1c1,f89144afad3391d2,3538,200,GET,ts-basic-service
1650485072,ts-basic-service,8aaf05cd5f51b9e0,748e1d73c0ed33a1,f89144afad3391d2,2844,200,GET,ts-basic-service
1650485072,ts-basic-service,6b952a63bd9bf1c1,c3335de7d7f9b2e3,f89144afad3391d2,6029,200,queryForStationId,ts-ticketinfo-service
1650485072,ts-basic-service,748e1d73c0ed33a1,d41129815a349004,f89144afad3391d2,5065,200,queryForStationId,ts-ticketinfo-service
1650485072,ts-station-service,7edc3a22ef59720,9b6ef6a6e541d521,f89144afad3391d2,2388,200,queryForStationId,ts-basic-service
1650485072,ts-station-service,1d344acb2f2929df,8aaf05cd5f51b9e0,f89144afad3391d2,2135,200,queryForStationId,ts-basic-service
1650485072,ts-ticketinfo-service,c3335de7d7f9b2e3,521f41c9bd66c1ad,f89144afad3391d2,7305,200,GET,ts-ticketinfo-service
1650485072,ts-ticketinfo-service,521f41c9bd66c1ad,8584f7e4bd83162e,f89144afad3391d2,9845,200,queryForStationId,ts-travel-service
1650485072,ts-travel-service,f0309a2332045654,f89144afad3391d2,f89144afad3391d2,2561,200,GET,ts-travel-service
1650485072,ts-travel-service,63c72d508080b6c3,f89144afad3391d2,f89144afad3391d2,2518,200,GET,ts-travel-service
1650485072,ts-route-service,226deee87376cab6,530422d113007dfb,f89144afad3391d2,2476,200,queryById,ts-travel-service
1650485072,ts-travel-service,3c0f923b1899609e,f89144afad3391d2,f89144afad3391d2,4303,200,GET,ts-travel-service
1650485072,ts-travel-service,530422d113007dfb,f89144afad3391d2,f89144afad3391d2,2855,200,GET,ts-travel-service
1650485072,ts-travel-service,f89144afad3391d2,,f89144afad3391d2,43965,200,queryInfo,no_parent
1650485072,ts-route-service,abbd4fe7a47586a7,f0309a2332045654,f89144afad3391d2,2525,200,queryById,ts-travel-service
1650485072,ts-route-service,7e080019914cb8ad,63c72d508080b6c3,f89144afad3391d2,2494,200,queryById,ts-travel-service
1650485072,ts-ticketinfo-service,5c737b79a98f4e56,dd1b27ed8eadd3d,f89144afad3391d2,8158,200,queryForStationId,ts-travel-service
1650485072,ts-auth-service,dcad989e050a618c,8592e69beb9e2b07,8592e69beb9e2b07,3501,200,GET,ts-auth-service
1650485072,ts-verification-code-service,52ccb35164a71254,dcad989e050a618c,8592e69beb9e2b07,2025,200,verifyCode,ts-auth-service
1650485072,ts-auth-service,8592e69beb9e2b07,,8592e69beb9e2b07,109542,200,getToken,no_parent
1650485072,ts-assurance-service,336a601ca7598bff,,336a601ca7598bff,1598,200,getAllAssuranceType,no_parent
1650485132,ts-ticketinfo-service,28769f52f8c6531b,db76693c1c8dadca,b56c3dc80a2a35e8,7805,200,queryForStationId,ts-travel-service
1650485132,ts-basic-service,c3c68233479e80e7,ef4b40f5765ec8b5,b56c3dc80a2a35e8,3576,200,GET,ts-basic-service
1650485132,ts-basic-service,ef4b40f5765ec8b5,490a5567151b39f2,b56c3dc80a2a35e8,6040,200,queryForStationId,ts-ticketinfo-service
1650485132,ts-basic-service,10530290957a9b3e,aa7de9fe84aa607b,b56c3dc80a2a35e8,2760,200,GET,ts-basic-service
1650485132,ts-travel-service,525c99d9d0e48098,b56c3dc80a2a35e8,b56c3dc80a2a35e8,11297,200,GET,ts-travel-service
1650485132,ts-travel-service,7bf44f5b803b78b,b56c3dc80a2a35e8,b56c3dc80a2a35e8,2568,200,GET,ts-travel-service
1650485132,ts-station-service,5e3714546024726,10530290957a9b3e,b56c3dc80a2a35e8,2098,200,queryForStationId,ts-basic-service
1650485132,ts-station-service,394f183583774492,c3c68233479e80e7,b56c3dc80a2a35e8,2344,200,queryForStationId,ts-basic-service
1650485132,ts-basic-service,aa7de9fe84aa607b,a8a6d3f09a91bd93,b56c3dc80a2a35e8,4801,200,queryForStationId,ts-ticketinfo-service
1650485132,ts-travel-service,1344425caf2c5157,b56c3dc80a2a35e8,b56c3dc80a2a35e8,2977,200,GET,ts-travel-service
1650485132,ts-travel-service,b56c3dc80a2a35e8,,b56c3dc80a2a35e8,44119,200,queryInfo,no_parent
1650485132,ts-travel-service,162766f43404d5b2,b56c3dc80a2a35e8,b56c3dc80a2a35e8,2590,200,GET,ts-travel-service
1650485132,ts-travel-service,db76693c1c8dadca,b56c3dc80a2a35e8,b56c3dc80a2a35e8,8175,200,GET,ts-travel-service
1650485132,ts-travel-service,4dd727477046de6c,b56c3dc80a2a35e8,b56c3dc80a2a35e8,4234,200,GET,ts-travel-service
1650485132,ts-travel-service,ff2e338bd90bc629,b56c3dc80a2a35e8,b56c3dc80a2a35e8,2540,200,GET,ts-travel-service
1650485132,ts-security-service,e83fb6877c2b9ffe,ee9efa3c0a567ea4,c468db05cb2906bd,14018,200,check,ts-preserve-service
1650485132,ts-auth-service,c3495c5282ebdd26,578f9ef589f0fb64,578f9ef589f0fb64,3422,200,GET,ts-auth-service
1650485132,ts-verification-code-service,ef649eb0cb0b953a,c3495c5282ebdd26,578f9ef589f0fb64,1691,200,verifyCode,ts-auth-service
1650485132,ts-auth-service,578f9ef589f0fb64,,578f9ef589f0fb64,109324,200,getToken,no_parent
1650485132,ts-route-service,32c62f3adcffd7d3,162766f43404d5b2,b56c3dc80a2a35e8,2467,200,queryById,ts-travel-service
1650485132,ts-route-service,3a4a55549d9f58ae,1344425caf2c5157,b56c3dc80a2a35e8,2509,200,queryById,ts-travel-service
1650485132,ts-ticketinfo-service,a8a6d3f09a91bd93,28769f52f8c6531b,b56c3dc80a2a35e8,5497,200,GET,ts-ticketinfo-service
1650485132,ts-ticketinfo-service,490a5567151b39f2,d5be357bda23ca0e,b56c3dc80a2a35e8,7192,200,GET,ts-ticketinfo-service
1650485132,ts-contacts-service,5f0184e13d6497fe,b2d7d6c9d8689542,c468db05cb2906bd,2554,200,getContactsByContactsId,ts-preserve-service
1650485132,ts-route-service,a7ff31501eff2286,7bf44f5b803b78b,b56c3dc80a2a35e8,2495,200,queryById,ts-travel-service
1650485132,ts-security-service,24d7de83bba1f3bc,e83fb6877c2b9ffe,c468db05cb2906bd,4857,200,GET,ts-security-service
1650485132,ts-security-service,dde724e52aaf8006,e83fb6877c2b9ffe,c468db05cb2906bd,4619,200,GET,ts-security-service
1650485132,ts-order-other-service,2222f1eb577adcc8,dde724e52aaf8006,c468db05cb2906bd,3297,200,securityInfoCheck,ts-security-service
1650485132,ts-preserve-service,c468db05cb2906bd,,c468db05cb2906bd,22544,200,preserve,no_parent
1650485132,ts-preserve-service,b2d7d6c9d8689542,c468db05cb2906bd,c468db05cb2906bd,3738,200,GET,ts-preserve-service
1650485132,ts-preserve-service,ee9efa3c0a567ea4,c468db05cb2906bd,c468db05cb2906bd,15687,200,GET,ts-preserve-service
1650485132,ts-order-service,9e8cd6071ffe2236,24d7de83bba1f3bc,c468db05cb2906bd,3375,200,securityInfoCheck,ts-security-service
1650485132,ts-route-service,c3f9baa6a9ed1761,4dd727477046de6c,b56c3dc80a2a35e8,2968,200,queryById,ts-travel-service
1650485132,ts-route-service,89cbcba29481aa0e,ff2e338bd90bc629,b56c3dc80a2a35e8,2456,200,queryById,ts-travel-service
1650485132,ts-ticketinfo-service,d5be357bda23ca0e,525c99d9d0e48098,b56c3dc80a2a35e8,9764,200,queryForStationId,ts-travel-service
1650485132,ts-assurance-service,e366653969edd967,,e366653969edd967,1639,200,getAllAssuranceType,no_parent
1650485193,ts-security-service,474e965e083fc6fe,fea2e6ac15adbf4d,4cee685a1e51e856,20843,200,check,ts-preserve-service
1650485193,ts-security-service,e85117e3a0d43ed6,474e965e083fc6fe,4cee685a1e51e856,11343,200,GET,ts-security-service
1650485193,ts-order-service,a9c3292a72bd0028,e85117e3a0d43ed6,4cee685a1e51e856,9970,200,securityInfoCheck,ts-security-service
1650485193,ts-preserve-service,4cee685a1e51e856,,4cee685a1e51e856,29623,200,preserve,no_parent
1650485193,ts-preserve-service,fea2e6ac15adbf4d,4cee685a1e51e856,4cee685a1e51e856,22487,200,GET,ts-preserve-service
1650485194,ts-travel-service,56ce7679a5d40893,350fc22109b579b4,350fc22109b579b4,4293,200,GET,ts-travel-service
1650485194,ts-basic-service,ad8f310d06971927,ba9bc95a2c78b206,350fc22109b579b4,5860,200,queryForStationId,ts-ticketinfo-service
1650485194,ts-ticketinfo-service,8187c0388909fbe6,731cdfdc5924a2e1,350fc22109b579b4,5975,200,GET,ts-ticketinfo-service
1650485194,ts-ticketinfo-service,731cdfdc5924a2e1,5f7df639bc5801d0,350fc22109b579b4,8190,200,queryForStationId,ts-travel-service
1650485194,ts-basic-service,f1eb19c95c508154,6c8f9dfc4504de,350fc22109b579b4,2759,200,GET,ts-basic-service
1650485194,ts-ticketinfo-service,ba9bc95a2c78b206,d6bd76e2b7744609,350fc22109b579b4,6988,200,GET,ts-ticketinfo-service
1650485194,ts-station-service,98907fe00f1d419c,eddea46ef7160f78,350fc22109b579b4,2194,200,queryForStationId,ts-basic-service
1650485194,ts-basic-service,eddea46ef7160f78,ad8f310d06971927,350fc22109b579b4,3322,200,GET,ts-basic-service
1650485194,ts-basic-service,6c8f9dfc4504de,8187c0388909fbe6,350fc22109b579b4,4842,200,queryForStationId,ts-ticketinfo-service
1650485194,ts-order-other-service,8dc84a51d802a4fc,181c726dad2e2c0e,4cee685a1e51e856,3683,200,securityInfoCheck,ts-security-service
1650485194,ts-travel-service,d3bf356af6d2ec50,350fc22109b579b4,350fc22109b579b4,2532,200,GET,ts-travel-service
1650485194,ts-station-service,d123aabd6c75338b,f1eb19c95c508154,350fc22109b579b4,2100,200,queryForStationId,ts-basic-service
1650485194,ts-contacts-service,b59a3254ee369e18,747e77c9650111e3,4cee685a1e51e856,2652,200,getContactsByContactsId,ts-preserve-service
1650485194,ts-security-service,181c726dad2e2c0e,474e965e083fc6fe,4cee685a1e51e856,5030,200,GET,ts-security-service
1650485194,ts-travel-service,350fc22109b579b4,,350fc22109b579b4,43803,200,queryInfo,no_parent
1650485194,ts-preserve-service,747e77c9650111e3,4cee685a1e51e856,4cee685a1e51e856,3923,200,GET,ts-preserve-service
1650485194,ts-auth-service,4e5bf4596e8c0981,,4e5bf4596e8c0981,107084,200,getToken,no_parent
1650485194,ts-verification-code-service,cee3890ae1220586,f6a51e1a4af63391,4e5bf4596e8c0981,1735,200,verifyCode,ts-auth-service
1650485194,ts-auth-service,f6a51e1a4af63391,4e5bf4596e8c0981,4e5bf4596e8c0981,3343,200,GET,ts-auth-service
1650485194,ts-travel-service,c5a9f6659cbfde78,350fc22109b579b4,350fc22109b579b4,2513,200,GET,ts-travel-service
1650485194,ts-travel-service,5f7df639bc5801d0,350fc22109b579b4,350fc22109b579b4,8540,200,GET,ts-travel-service
1650485194,ts-travel-service,1b9e57b734210cd6,350fc22109b579b4,350fc22109b579b4,2824,200,GET,ts-travel-service
1650485194,ts-ticketinfo-service,d6bd76e2b7744609,391542708619f2c9,350fc22109b579b4,9608,200,queryForStationId,ts-travel-service
1650485194,ts-route-service,98486c88c1cd76b5,d3bf356af6d2ec50,350fc22109b579b4,2454,200,queryById,ts-travel-service
1650485194,ts-route-service,a32f69e70fc2f73,1b9e57b734210cd6,350fc22109b579b4,2434,200,queryById,ts-travel-service
1650485194,ts-route-service,293452175f774872,c5a9f6659cbfde78,350fc22109b579b4,2429,200,queryById,ts-travel-service
1650485194,ts-route-service,3290e025a4fa746e,56ce7679a5d40893,350fc22109b579b4,3066,200,queryById,ts-travel-service
1650485194,ts-route-service,581d6a484aceb4ac,7fc4335dcfed3c38,350fc22109b579b4,2465,200,queryById,ts-travel-service
1650485194,ts-travel-service,7fc4335dcfed3c38,350fc22109b579b4,350fc22109b579b4,2541,200,GET,ts-travel-service
1650485194,ts-travel-service,391542708619f2c9,350fc22109b579b4,350fc22109b579b4,11110,200,GET,ts-travel-service
1650485194,ts-assurance-service,cc7fc089da89ea9,,cc7fc089da89ea9,1640,200,getAllAssuranceType,no_parent
1650485254,ts-travel-service,ffa8a889df6d3acd,6e75ab64fd037278,6e75ab64fd037278,11587,200,GET,ts-travel-service
1650485254,ts-travel-service,3650fe57715d7749,6e75ab64fd037278,6e75ab64fd037278,4227,200,GET,ts-travel-service
1650485254,ts-travel-service,dab47a658fc1dc0f,6e75ab64fd037278,6e75ab64fd037278,2569,200,GET,ts-travel-service
1650485254,ts-basic-service,a38fe3399a8c378b,d3c3403fe6c96963,6e75ab64fd037278,4960,200,queryForStationId,ts-ticketinfo-service
1650485254,ts-route-service,9530c2cb26ec03b1,6107836ee99e8cc0,6e75ab64fd037278,2503,200,queryById,ts-travel-service
1650485254,ts-travel-service,6107836ee99e8cc0,6e75ab64fd037278,6e75ab64fd037278,2585,200,GET,ts-travel-service
1650485254,ts-travel-service,6e75ab64fd037278,,6e75ab64fd037278,43681,200,queryInfo,no_parent
1650485254,ts-travel-service,a8da25d40a9b7a0f,6e75ab64fd037278,6e75ab64fd037278,2902,200,GET,ts-travel-service
1650485254,ts-route-service,653221968115278b,3650fe57715d7749,6e75ab64fd037278,2979,200,queryById,ts-travel-service
1650485254,ts-route-service,b2b559ee165677bd,a8da25d40a9b7a0f,6e75ab64fd037278,2577,200,queryById,ts-travel-service
1650485254,ts-route-service,52a5f2dc13a58c97,995b81848460a538,6e75ab64fd037278,2456,200,queryById,ts-travel-service
1650485254,ts-basic-service,f4550d46aa7096fe,b0284a61797c642c,6e75ab64fd037278,3440,200,GET,ts-basic-service
1650485254,ts-station-service,4fdaa3af12948dba,f4550d46aa7096fe,6e75ab64fd037278,2293,200,queryForStationId,ts-basic-service
1650485254,ts-station-service,2da276fa35b15594,4d28deba5ec34b3c,6e75ab64fd037278,2045,200,queryForStationId,ts-basic-service
1650485254,ts-travel-service,fe20b7c4ee7f0ac2,6e75ab64fd037278,6e75ab64fd037278,8208,200,GET,ts-travel-service
1650485254,ts-travel-service,995b81848460a538,6e75ab64fd037278,6e75ab64fd037278,2557,200,GET,ts-travel-service
1650485254,ts-preserve-service,5ede7dcbec726b75,56e5d92b6bebe873,56e5d92b6bebe873,15181,200,GET,ts-preserve-service
1650485254,ts-order-other-service,c39ab5bac05d3e35,e2dd2b3c0880f51e,56e5d92b6bebe873,3248,200,securityInfoCheck,ts-security-service
1650485254,ts-security-service,e2eca474dfe0ab6b,e506b9d7c2eaacb8,56e5d92b6bebe873,4580,200,GET,ts-security-service
1650485254,ts-security-service,e2dd2b3c0880f51e,e506b9d7c2eaacb8,56e5d92b6bebe873,4448,200,GET,ts-security-service
1650485254,ts-security-service,e506b9d7c2eaacb8,5ede7dcbec726b75,56e5d92b6bebe873,13494,200,check,ts-preserve-service
1650485254,ts-contacts-service,5a87248f26cdcd57,b9397e38ce78368,56e5d92b6bebe873,2507,200,getContactsByContactsId,ts-preserve-service
1650485254,ts-order-service,247ae148932df04f,e2eca474dfe0ab6b,56e5d92b6bebe873,3328,200,securityInfoCheck,ts-security-service
1650485254,ts-preserve-service,b9397e38ce78368,56e5d92b6bebe873,56e5d92b6bebe873,3778,200,GET,ts-preserve-service
1650485254,ts-preserve-service,56e5d92b6bebe873,,56e5d92b6bebe873,22061,200,preserve,no_parent
1650485254,ts-route-service,6850560df9896194,dab47a658fc1dc0f,6e75ab64fd037278,2467,200,queryById,ts-travel-service
1650485254,ts-ticketinfo-service,f5cff26ed7dd78fd,31bdedcd00d8ebfc,6e75ab64fd037278,7389,200,GET,ts-ticketinfo-service
1650485254,ts-ticketinfo-service,8d17e34fc2f895fa,fe20b7c4ee7f0ac2,6e75ab64fd037278,7850,200,queryForStationId,ts-travel-service
1650485254,ts-ticketinfo-service,31bdedcd00d8ebfc,ffa8a889df6d3acd,6e75ab64fd037278,10073,200,queryForStationId,ts-travel-service
1650485254,ts-ticketinfo-service,d3c3403fe6c96963,8d17e34fc2f895fa,6e75ab64fd037278,5623,200,GET,ts-ticketinfo-service
1650485254,ts-basic-service,4d28deba5ec34b3c,a38fe3399a8c378b,6e75ab64fd037278,2899,200,GET,ts-basic-service
1650485254,ts-basic-service,b0284a61797c642c,f5cff26ed7dd78fd,6e75ab64fd037278,5895,200,queryForStationId,ts-ticketinfo-service
1650485254,ts-auth-service,b2c0b5c7cecc4049,b7b8bb7a5675c4ee,b7b8bb7a5675c4ee,3591,200,GET,ts-auth-service
1650485254,ts-verification-code-service,3ad9d85e2cd7f6c3,b2c0b5c7cecc4049,b7b8bb7a5675c4ee,1934,200,verifyCode,ts-auth-service
1650485254,ts-auth-service,b7b8bb7a5675c4ee,,b7b8bb7a5675c4ee,110302,200,getToken,no_parent
1650485254,ts-assurance-service,6a2b02fe6bfd0ea4,,6a2b02fe6bfd0ea4,1659,200,getAllAssuranceType,no_parent
1650485314,ts-travel-service,9fa23e4aa1fcd564,1231ba4a35bb8146,1231ba4a35bb8146,2469,200,GET,ts-travel-service
1650485314,ts-route-service,ad74e09d4e2e6f56,5ac87ce090a433b3,1231ba4a35bb8146,2963,200,queryById,ts-travel-service
1650485314,ts-station-service,f340400f1cf2e8fe,f52e1171f0da32c3,1231ba4a35bb8146,2234,200,queryForStationId,ts-basic-service
1650485314,ts-ticketinfo-service,3489452b47495185,aa97e48000a74f8c,1231ba4a35bb8146,6835,200,GET,ts-ticketinfo-service
1650485314,ts-route-service,97df0877d72ef2df,4e0f5c309792cf2a,1231ba4a35bb8146,2493,200,queryById,ts-travel-service
1650485314,ts-travel-service,5ac87ce090a433b3,1231ba4a35bb8146,1231ba4a35bb8146,4350,200,GET,ts-travel-service
1650485314,ts-route-service,20656e58bc355edc,c4bdc7014bfb86fc,1231ba4a35bb8146,2506,200,queryById,ts-travel-service
1650485314,ts-travel-service,21520adc1ce7cff1,1231ba4a35bb8146,1231ba4a35bb8146,2521,200,GET,ts-travel-service
1650485314,ts-station-service,6a315fcdbfd757fa,8ac0ddf063a38dc5,1231ba4a35bb8146,2058,200,queryForStationId,ts-basic-service
1650485314,ts-assurance-service,43ca1feacc0b2ded,,43ca1feacc0b2ded,1631,200,getAllAssuranceType,no_parent
1650485314,ts-travel-service,4e0f5c309792cf2a,1231ba4a35bb8146,1231ba4a35bb8146,2793,200,GET,ts-travel-service
1650485314,ts-travel-service,1231ba4a35bb8146,,1231ba4a35bb8146,43635,200,queryInfo,no_parent
1650485314,ts-travel-service,b3260cf4ec19b2c3,1231ba4a35bb8146,1231ba4a35bb8146,8150,200,GET,ts-travel-service
1650485314,ts-travel-service,d31c9b1b9ebb2d24,1231ba4a35bb8146,1231ba4a35bb8146,10846,200,GET,ts-travel-service
1650485314,ts-travel-service,c4bdc7014bfb86fc,1231ba4a35bb8146,1231ba4a35bb8146,3150,200,GET,ts-travel-service
1650485314,ts-route-service,c9f6f3ddece0e965,9fa23e4aa1fcd564,1231ba4a35bb8146,2416,200,queryById,ts-travel-service
1650485314,ts-route-service,72bf37e5ddc8f30b,21520adc1ce7cff1,1231ba4a35bb8146,2532,200,queryById,ts-travel-service
1650485314,ts-contacts-service,e909597316ff8912,c71f311c0eaacf49,69e93dae063dddaa,2718,200,getContactsByContactsId,ts-preserve-service
1650485314,ts-security-service,384d32e9bd7fab21,8c01dfd5837fe470,69e93dae063dddaa,13890,200,check,ts-preserve-service
1650485314,ts-security-service,fe2c0d6ae6b25128,384d32e9bd7fab21,69e93dae063dddaa,4526,200,GET,ts-security-service
1650485314,ts-security-service,83ff6d462de9a63f,384d32e9bd7fab21,69e93dae063dddaa,4891,200,GET,ts-security-service
1650485314,ts-verification-code-service,691b46c507f54ede,92359763db2b901d,7eaf7a9bea470fd2,1716,200,verifyCode,ts-auth-service
1650485314,ts-auth-service,7eaf7a9bea470fd2,,7eaf7a9bea470fd2,109698,200,getToken,no_parent
1650485314,ts-preserve-service,8c01dfd5837fe470,69e93dae063dddaa,69e93dae063dddaa,15584,200,GET,ts-preserve-service
1650485314,ts-auth-service,92359763db2b901d,7eaf7a9bea470fd2,7eaf7a9bea470fd2,3453,200,GET,ts-auth-service
1650485314,ts-order-service,aa69db63eaf1488c,83ff6d462de9a63f,69e93dae063dddaa,3484,200,securityInfoCheck,ts-security-service
1650485314,ts-ticketinfo-service,aa97e48000a74f8c,d31c9b1b9ebb2d24,1231ba4a35bb8146,9470,200,queryForStationId,ts-travel-service
1650485314,ts-basic-service,de16c86a58c8bf4a,3489452b47495185,1231ba4a35bb8146,5708,200,queryForStationId,ts-ticketinfo-service
1650485314,ts-ticketinfo-service,f9a6083139d0babe,b3260cf4ec19b2c3,1231ba4a35bb8146,7573,200,queryForStationId,ts-travel-service
1650485314,ts-ticketinfo-service,a23847bc54f427e1,f9a6083139d0babe,1231ba4a35bb8146,5588,200,GET,ts-ticketinfo-service
1650485314,ts-preserve-service,69e93dae063dddaa,,69e93dae063dddaa,22606,200,preserve,no_parent
1650485314,ts-basic-service,18e2b0d8adcbc889,a23847bc54f427e1,1231ba4a35bb8146,4822,200,queryForStationId,ts-ticketinfo-service
1650485314,ts-basic-service,8ac0ddf063a38dc5,18e2b0d8adcbc889,1231ba4a35bb8146,2749,200,GET,ts-basic-service
1650485314,ts-basic-service,f52e1171f0da32c3,de16c86a58c8bf4a,1231ba4a35bb8146,3343,200,GET,ts-basic-service
1650485314,ts-preserve-service,c71f311c0eaacf49,69e93dae063dddaa,69e93dae063dddaa,3910,200,GET,ts-preserve-service
1650485314,ts-order-other-service,d9e3a2d1640d053,fe2c0d6ae6b25128,69e93dae063dddaa,3176,200,securityInfoCheck,ts-security-service
1650485374,ts-basic-service,ffdcf3bbdfe27ca9,a55dca43655c47a0,3412856acc54d3c6,6456,200,queryForStationId,ts-ticketinfo-service
1650485374,ts-order-service,c06a6d085166a162,130924e8165821e8,c77f100739373b0a,3732,200,securityInfoCheck,ts-security-service
1650485374,ts-station-service,18da31761da5aa2c,1817e014e3085079,3412856acc54d3c6,2745,200,queryForStationId,ts-basic-service
1650485374,ts-preserve-service,ef87c5d585025342,c77f100739373b0a,c77f100739373b0a,15726,200,GET,ts-preserve-service
1650485374,ts-basic-service,1817e014e3085079,ffdcf3bbdfe27ca9,3412856acc54d3c6,3941,200,GET,ts-basic-service
1650485374,ts-ticketinfo-service,a55dca43655c47a0,fb8b1c41b16974b2,3412856acc54d3c6,7586,200,GET,ts-ticketinfo-service
1650485374,ts-travel-service,3412856acc54d3c6,,3412856acc54d3c6,42003,200,queryInfo,no_parent
1650485374,ts-preserve-service,c77f100739373b0a,,c77f100739373b0a,22629,200,preserve,no_parent
1650485374,ts-security-service,130924e8165821e8,136b694e1a3f9d8b,c77f100739373b0a,5070,200,GET,ts-security-service
1650485374,ts-preserve-service,c1d461a01133c29f,c77f100739373b0a,c77f100739373b0a,3751,200,GET,ts-preserve-service
1650485374,ts-travel-service,313ab55d59be856c,3412856acc54d3c6,3412856acc54d3c6,12310,200,GET,ts-travel-service
1650485374,ts-security-service,1ccab99ccb30d0d6,136b694e1a3f9d8b,c77f100739373b0a,4495,200,GET,ts-security-service
1650485374,ts-security-service,136b694e1a3f9d8b,ef87c5d585025342,c77f100739373b0a,14061,200,check,ts-preserve-service
1650485374,ts-contacts-service,c24ccd3845f12e6d,c1d461a01133c29f,c77f100739373b0a,2462,200,getContactsByContactsId,ts-preserve-service
1650485374,ts-order-other-service,ca95d5dd1b49e2d4,1ccab99ccb30d0d6,c77f100739373b0a,3191,200,securityInfoCheck,ts-security-service
1650485374,ts-verification-code-service,647e62c8210b1241,4ebf24016a6443e5,5b24b6871575e9c9,1693,200,verifyCode,ts-auth-service
1650485374,ts-auth-service,4ebf24016a6443e5,5b24b6871575e9c9,5b24b6871575e9c9,3386,200,GET,ts-auth-service
1650485374,ts-auth-service,5b24b6871575e9c9,,5b24b6871575e9c9,121303,200,getToken,no_parent
1650485374,ts-ticketinfo-service,fb8b1c41b16974b2,313ab55d59be856c,3412856acc54d3c6,9937,200,queryForStationId,ts-travel-service
1650485375,ts-travel-service,433d0a1be6e5941,3412856acc54d3c6,3412856acc54d3c6,1647,200,GET,ts-travel-service
1650485375,ts-station-service,5f34679244aef4cf,75a836c1a52495b,3412856acc54d3c6,2263,200,queryForStationId,ts-basic-service
1650485375,ts-basic-service,a36056a8645177d4,b32e33204aed1c27,3412856acc54d3c6,5089,200,queryForStationId,ts-ticketinfo-service
1650485375,ts-basic-service,75a836c1a52495b,a36056a8645177d4,3412856acc54d3c6,2856,200,GET,ts-basic-service
1650485375,ts-travel-service,1768fdf13f878cbc,3412856acc54d3c6,3412856acc54d3c6,8195,200,GET,ts-travel-service
1650485375,ts-travel-service,abfd8cfc182cd43f,3412856acc54d3c6,3412856acc54d3c6,3319,200,GET,ts-travel-service
1650485375,ts-route-service,1df47d93da663053,433d0a1be6e5941,3412856acc54d3c6,1571,200,queryById,ts-travel-service
1650485375,ts-route-service,fb796d4e3d783a7c,abfd8cfc182cd43f,3412856acc54d3c6,1962,200,queryById,ts-travel-service
1650485375,ts-route-service,9f3531581ac8482f,dccc11f4cd713b16,3412856acc54d3c6,1525,200,queryById,ts-travel-service
1650485375,ts-route-service,90c04b10ab5b88f2,e5ab129a14fce88a,3412856acc54d3c6,1477,200,queryById,ts-travel-service
1650485375,ts-travel-service,e5ab129a14fce88a,3412856acc54d3c6,3412856acc54d3c6,1853,200,GET,ts-travel-service
1650485375,ts-travel-service,f9dc0e9976af7cdb,3412856acc54d3c6,3412856acc54d3c6,1317,200,GET,ts-travel-service
1650485375,ts-travel-service,dccc11f4cd713b16,3412856acc54d3c6,3412856acc54d3c6,1625,200,GET,ts-travel-service
1650485375,ts-ticketinfo-service,5bbd4ac297177697,1768fdf13f878cbc,3412856acc54d3c6,7677,200,queryForStationId,ts-travel-service
1650485375,ts-ticketinfo-service,b32e33204aed1c27,5bbd4ac297177697,3412856acc54d3c6,5806,200,GET,ts-ticketinfo-service
1650485375,ts-assurance-service,581ef3093a3ec7d7,,581ef3093a3ec7d7,1620,200,getAllAssuranceType,no_parent
1650485375,ts-route-service,8512262b5eb4ef10,f9dc0e9976af7cdb,3412856acc54d3c6,1239,200,queryById,ts-travel-service
1650485435,ts-basic-service,6d23af2a5fc0edd0,b9e1058df790c025,728e9c891cddc097,3337,200,GET,ts-basic-service
1650485435,ts-basic-service,b9e1058df790c025,4e18bb9aaa7dd9cc,728e9c891cddc097,5818,200,queryForStationId,ts-ticketinfo-service
1650485435,ts-basic-service,aa40769f7b691efd,1ac26b1a034f82e1,728e9c891cddc097,2822,200,GET,ts-basic-service
1650485435,ts-basic-service,1ac26b1a034f82e1,74fa8640bcd6df2a,728e9c891cddc097,4815,200,queryForStationId,ts-ticketinfo-service
1650485435,ts-station-service,51e0f0fb60839590,aa40769f7b691efd,728e9c891cddc097,2150,200,queryForStationId,ts-basic-service
1650485435,ts-station-service,9d73b4e048217568,6d23af2a5fc0edd0,728e9c891cddc097,2232,200,queryForStationId,ts-basic-service
1650485435,ts-route-service,e0dd3a0a86709a38,152efc4a484a7a1a,728e9c891cddc097,2851,200,queryById,ts-travel-service
1650485435,ts-preserve-service,3da39da64fda9acc,1d17a3e84ab29910,1d17a3e84ab29910,3214,200,GET,ts-preserve-service
1650485435,ts-ticketinfo-service,8554059ea81d4a48,eb0abf710331cc40,728e9c891cddc097,9299,200,queryForStationId,ts-travel-service
1650485435,ts-ticketinfo-service,74fa8640bcd6df2a,89afb90af2f5b3d7,728e9c891cddc097,5548,200,GET,ts-ticketinfo-service
1650485435,ts-route-service,2436176a27931b5e,bd938ae5aefc9e03,728e9c891cddc097,2263,200,queryById,ts-travel-service
1650485435,ts-security-service,e5cd530b070de6a9,f89e9c6c678babf4,1d17a3e84ab29910,5006,200,GET,ts-security-service
1650485435,ts-order-other-service,cb9e4e8b685a30b5,e4a4b9ae8d6c0009,1d17a3e84ab29910,3116,200,securityInfoCheck,ts-security-service
1650485435,ts-preserve-service,1d17a3e84ab29910,,1d17a3e84ab29910,21884,200,preserve,no_parent
1650485435,ts-preserve-service,96608f5a3726b998,1d17a3e84ab29910,1d17a3e84ab29910,15813,200,GET,ts-preserve-service
1650485435,ts-route-service,3591321b519f672a,6f155e62f10dfbff,728e9c891cddc097,2138,200,queryById,ts-travel-service
1650485435,ts-route-service,581a9b27a37d25cf,5b4eb6fbfc2d89a9,728e9c891cddc097,2230,200,queryById,ts-travel-service
1650485435,ts-ticketinfo-service,4e18bb9aaa7dd9cc,8554059ea81d4a48,728e9c891cddc097,6986,200,GET,ts-ticketinfo-service
1650485435,ts-ticketinfo-service,89afb90af2f5b3d7,3c6dfa1f0646a05,728e9c891cddc097,7544,200,queryForStationId,ts-travel-service
1650485435,ts-travel-service,6f155e62f10dfbff,728e9c891cddc097,728e9c891cddc097,2287,200,GET,ts-travel-service
1650485435,ts-route-service,50d33fe570974d04,6aa5f15f18fb8265,728e9c891cddc097,2188,200,queryById,ts-travel-service
1650485435,ts-verification-code-service,6855bcce798493a8,10d3f66d30c86f69,3db7cf79b5913bf2,1685,200,verifyCode,ts-auth-service
1650485435,ts-auth-service,10d3f66d30c86f69,3db7cf79b5913bf2,3db7cf79b5913bf2,4687,200,GET,ts-auth-service
1650485435,ts-security-service,e4a4b9ae8d6c0009,f89e9c6c678babf4,1d17a3e84ab29910,4699,200,GET,ts-security-service
1650485435,ts-security-service,f89e9c6c678babf4,96608f5a3726b998,1d17a3e84ab29910,14178,200,check,ts-preserve-service
1650485435,ts-travel-service,eb0abf710331cc40,728e9c891cddc097,728e9c891cddc097,11228,200,GET,ts-travel-service
1650485435,ts-travel-service,5b4eb6fbfc2d89a9,728e9c891cddc097,728e9c891cddc097,2684,200,GET,ts-travel-service
1650485435,ts-travel-service,6aa5f15f18fb8265,728e9c891cddc097,728e9c891cddc097,2317,200,GET,ts-travel-service
1650485435,ts-travel-service,3c6dfa1f0646a05,728e9c891cddc097,728e9c891cddc097,7979,200,GET,ts-travel-service
1650485435,ts-travel-service,728e9c891cddc097,,728e9c891cddc097,45345,200,queryInfo,no_parent
1650485435,ts-auth-service,3db7cf79b5913bf2,,3db7cf79b5913bf2,113137,200,getToken,no_parent
1650485435,ts-contacts-service,a60a9aecf5e7a5e7,3da39da64fda9acc,1d17a3e84ab29910,1869,200,getContactsByContactsId,ts-preserve-service
1650485435,ts-order-service,77d7223d2e6009e5,e5cd530b070de6a9,1d17a3e84ab29910,3525,200,securityInfoCheck,ts-security-service
1650485435,ts-travel-service,bd938ae5aefc9e03,728e9c891cddc097,728e9c891cddc097,2369,200,GET,ts-travel-service
1650485435,ts-travel-service,152efc4a484a7a1a,728e9c891cddc097,728e9c891cddc097,4183,200,GET,ts-travel-service
1650485435,ts-assurance-service,605368bec668179f,,605368bec668179f,1618,200,getAllAssuranceType,no_parent
1650485495,ts-security-service,8ee2929c0764ea3b,521f4f479618d794,e2740f85cd924bd9,14322,200,check,ts-preserve-service
1650485495,ts-security-service,fd1a8c15d2e6f517,8ee2929c0764ea3b,e2740f85cd924bd9,5404,200,GET,ts-security-service
1650485495,ts-station-service,5368953d6049076f,dcd58b3346bada35,3a4628e858bb5df8,2202,200,queryForStationId,ts-basic-service
1650485495,ts-ticketinfo-service,16b5f49ef74875dc,a33fccd9974f593a,3a4628e858bb5df8,10765,200,GET,ts-ticketinfo-service
1650485495,ts-basic-service,dcd58b3346bada35,9004e7abd9f372dd,3a4628e858bb5df8,3234,200,GET,ts-basic-service
1650485495,ts-ticketinfo-service,a33fccd9974f593a,e14036b2110480cc,3a4628e858bb5df8,12753,200,queryForStationId,ts-travel-service
1650485495,ts-ticketinfo-service,1349967634ced982,1c4e14015ec7c5b9,3a4628e858bb5df8,6950,200,GET,ts-ticketinfo-service
1650485495,ts-order-service,f58ddd5da7ae10f8,fd1a8c15d2e6f517,e2740f85cd924bd9,3511,200,securityInfoCheck,ts-security-service
1650485495,ts-travel-service,ad8fd2d551aa21f5,3a4628e858bb5df8,3a4628e858bb5df8,10377,200,GET,ts-travel-service
1650485495,ts-travel-service,8ff05adac34df5a6,3a4628e858bb5df8,3a4628e858bb5df8,2740,200,GET,ts-travel-service
1650485495,ts-travel-service,32f8afb248784a70,3a4628e858bb5df8,3a4628e858bb5df8,2421,200,GET,ts-travel-service
1650485495,ts-travel-service,7d301d72381e87fb,3a4628e858bb5df8,3a4628e858bb5df8,11875,200,GET,ts-travel-service
1650485495,ts-station-service,776bdaefe043e53f,ea87b66eef9abbbf,3a4628e858bb5df8,2083,200,queryForStationId,ts-basic-service
1650485495,ts-travel-service,8a0aaee164945581,3a4628e858bb5df8,3a4628e858bb5df8,2285,200,GET,ts-travel-service
1650485495,ts-route-service,d3bb8c86774c63ea,8a0aaee164945581,3a4628e858bb5df8,2219,200,queryById,ts-travel-service
1650485495,ts-route-service,2692564c55d5fa16,32f8afb248784a70,3a4628e858bb5df8,2299,200,queryById,ts-travel-service
1650485495,ts-basic-service,26def5e6e819a3f,16b5f49ef74875dc,3a4628e858bb5df8,10084,200,queryForStationId,ts-ticketinfo-service
1650485495,ts-travel-service,3a4628e858bb5df8,,3a4628e858bb5df8,64113,200,queryInfo,no_parent
1650485495,ts-travel-service,a327697d16c02b1f,3a4628e858bb5df8,3a4628e858bb5df8,3936,200,GET,ts-travel-service
1650485495,ts-route-service,8bd518eaf08232ff,8ff05adac34df5a6,3a4628e858bb5df8,2232,200,queryById,ts-travel-service
1650485495,ts-basic-service,ea87b66eef9abbbf,26def5e6e819a3f,3a4628e858bb5df8,2766,200,GET,ts-basic-service
1650485495,ts-auth-service,9a68748d3e414cc5,,9a68748d3e414cc5,115896,200,getToken,no_parent
1650485495,ts-auth-service,82bdc3000e9856c3,9a68748d3e414cc5,9a68748d3e414cc5,3465,200,GET,ts-auth-service
1650485495,ts-verification-code-service,c8b6e6894093a2a8,82bdc3000e9856c3,9a68748d3e414cc5,1709,200,verifyCode,ts-auth-service
1650485495,ts-contacts-service,5fb7ad925af82171,296972476c883bd,e2740f85cd924bd9,2334,200,getContactsByContactsId,ts-preserve-service
1650485495,ts-route-service,c2daa939e52add16,ad8fd2d551aa21f5,3a4628e858bb5df8,10230,200,queryById,ts-travel-service
1650485495,ts-ticketinfo-service,1c4e14015ec7c5b9,7d301d72381e87fb,3a4628e858bb5df8,9265,200,queryForStationId,ts-travel-service
1650485495,ts-route-service,fd53d713994d75e5,a327697d16c02b1f,3a4628e858bb5df8,2696,200,queryById,ts-travel-service
1650485495,ts-basic-service,9004e7abd9f372dd,1349967634ced982,3a4628e858bb5df8,5785,200,queryForStationId,ts-ticketinfo-service
1650485495,ts-preserve-service,e2740f85cd924bd9,,e2740f85cd924bd9,22496,200,preserve,no_parent
1650485495,ts-preserve-service,296972476c883bd,e2740f85cd924bd9,e2740f85cd924bd9,3562,200,GET,ts-preserve-service
1650485495,ts-preserve-service,521f4f479618d794,e2740f85cd924bd9,e2740f85cd924bd9,15958,200,GET,ts-preserve-service
1650485495,ts-order-other-service,92d9c559ee3be4be,cd415f21a4848363,e2740f85cd924bd9,3233,200,securityInfoCheck,ts-security-service
1650485495,ts-travel-service,e14036b2110480cc,3a4628e858bb5df8,3a4628e858bb5df8,13230,200,GET,ts-travel-service
1650485495,ts-security-service,cd415f21a4848363,8ee2929c0764ea3b,e2740f85cd924bd9,4350,200,GET,ts-security-service
1650485495,ts-assurance-service,c52886119bb22b3e,,c52886119bb22b3e,1628,200,getAllAssuranceType,no_parent
1650485555,ts-preserve-service,3b64cf4d01a49a36,,3b64cf4d01a49a36,23315,200,preserve,no_parent
1650485555,ts-order-service,fe705ddd3fe3c097,937142f394cb3a7a,3b64cf4d01a49a36,3505,200,securityInfoCheck,ts-security-service
1650485555,ts-basic-service,ed66dba6991eda19,e00c337f917aedd3,272cefb083be5820,5641,200,queryForStationId,ts-ticketinfo-service
1650485555,ts-preserve-service,20622a1fb33cb7ab,3b64cf4d01a49a36,3b64cf4d01a49a36,4851,200,GET,ts-preserve-service
1650485555,ts-ticketinfo-service,559612c2f32cab27,8cad5c9f8c5d00c5,272cefb083be5820,5839,200,GET,ts-ticketinfo-service
1650485555,ts-security-service,834e11b6ed08ab02,4df0b28fcda467f,3b64cf4d01a49a36,4631,200,GET,ts-security-service
1650485555,ts-station-service,907c9fccc9eaeed5,27ab5a5d578b6ec4,272cefb083be5820,2081,200,queryForStationId,ts-basic-service
1650485555,ts-station-service,3c9549ac8ccadac3,9781d042a6fa65bf,272cefb083be5820,2152,200,queryForStationId,ts-basic-service
1650485555,ts-travel-service,6c68800ce4e87a1e,272cefb083be5820,272cefb083be5820,2307,200,GET,ts-travel-service
1650485555,ts-contacts-service,8956900cfc8a09b2,20622a1fb33cb7ab,3b64cf4d01a49a36,2229,200,getContactsByContactsId,ts-preserve-service
1650485555,ts-travel-service,3ce4ae57a42d21fc,272cefb083be5820,272cefb083be5820,2270,200,GET,ts-travel-service
1650485555,ts-travel-service,4477f35c6c44ad53,272cefb083be5820,272cefb083be5820,10790,200,GET,ts-travel-service
1650485555,ts-route-service,542e6fe9d78ebb20,3ce4ae57a42d21fc,272cefb083be5820,2135,200,queryById,ts-travel-service
1650485555,ts-basic-service,9781d042a6fa65bf,ed66dba6991eda19,272cefb083be5820,3276,200,GET,ts-basic-service
1650485555,ts-basic-service,27ab5a5d578b6ec4,cd1b52b4c65b7db8,272cefb083be5820,3065,200,GET,ts-basic-service
1650485555,ts-travel-service,272cefb083be5820,,272cefb083be5820,48734,200,queryInfo,no_parent
1650485555,ts-travel-service,2b589e0b45473a41,272cefb083be5820,272cefb083be5820,4014,200,GET,ts-travel-service
1650485555,ts-travel-service,d3a2d6521f383343,272cefb083be5820,272cefb083be5820,2253,200,GET,ts-travel-service
1650485555,ts-travel-service,44912755283717f7,272cefb083be5820,272cefb083be5820,14920,200,GET,ts-travel-service
1650485555,ts-travel-service,df8931335538f3b2,272cefb083be5820,272cefb083be5820,2594,200,GET,ts-travel-service
1650485555,ts-order-other-service,1f209c342c08288e,834e11b6ed08ab02,3b64cf4d01a49a36,3282,200,securityInfoCheck,ts-security-service
1650485555,ts-preserve-service,1a76a219e9247979,3b64cf4d01a49a36,3b64cf4d01a49a36,15713,200,GET,ts-preserve-service
1650485555,ts-route-service,7351dba4c7864e1d,6c68800ce4e87a1e,272cefb083be5820,2159,200,queryById,ts-travel-service
1650485555,ts-route-service,bff317d8f6ff6d47,2b589e0b45473a41,272cefb083be5820,2733,200,queryById,ts-travel-service
1650485555,ts-ticketinfo-service,e00c337f917aedd3,f528efc7048bb18a,272cefb083be5820,6789,200,GET,ts-ticketinfo-service
1650485555,ts-ticketinfo-service,8cad5c9f8c5d00c5,44912755283717f7,272cefb083be5820,14454,200,queryForStationId,ts-travel-service
1650485555,ts-assurance-service,9cb0409ec12b7d0b,,9cb0409ec12b7d0b,1624,200,getAllAssuranceType,no_parent
1650485555,ts-route-service,44ffaf165dde38e1,df8931335538f3b2,272cefb083be5820,2161,200,queryById,ts-travel-service
1650485555,ts-route-service,8921d384ce7b209c,d3a2d6521f383343,272cefb083be5820,2104,200,queryById,ts-travel-service
1650485555,ts-basic-service,cd1b52b4c65b7db8,559612c2f32cab27,272cefb083be5820,5137,200,queryForStationId,ts-ticketinfo-service
1650485555,ts-security-service,4df0b28fcda467f,1a76a219e9247979,3b64cf4d01a49a36,14104,200,check,ts-preserve-service
1650485555,ts-ticketinfo-service,f528efc7048bb18a,4477f35c6c44ad53,272cefb083be5820,9120,200,queryForStationId,ts-travel-service
1650485555,ts-verification-code-service,282e8967438ad119,aff16fdf914fff68,bb59b29781dd6b1a,1861,200,verifyCode,ts-auth-service
1650485555,ts-auth-service,aff16fdf914fff68,bb59b29781dd6b1a,bb59b29781dd6b1a,3647,200,GET,ts-auth-service
1650485555,ts-auth-service,bb59b29781dd6b1a,,bb59b29781dd6b1a,111186,200,getToken,no_parent
1650485555,ts-security-service,937142f394cb3a7a,4df0b28fcda467f,3b64cf4d01a49a36,4944,200,GET,ts-security-service
1650485615,ts-security-service,679136df34878f48,ddfb1ae8339e5326,9f0184aeedd92e43,4917,200,GET,ts-security-service
1650485615,ts-security-service,ddfb1ae8339e5326,1f6880bed1030aca,9f0184aeedd92e43,13835,200,check,ts-preserve-service
1650485615,ts-preserve-service,acd1ae2c4d94ea69,9f0184aeedd92e43,9f0184aeedd92e43,4204,200,GET,ts-preserve-service
1650485615,ts-preserve-service,1f6880bed1030aca,9f0184aeedd92e43,9f0184aeedd92e43,15066,200,GET,ts-preserve-service
1650485615,ts-order-service,dbca3f24f3a5b232,679136df34878f48,9f0184aeedd92e43,3513,200,securityInfoCheck,ts-security-service
1650485615,ts-contacts-service,c8a46e006ae2a24c,acd1ae2c4d94ea69,9f0184aeedd92e43,2850,200,getContactsByContactsId,ts-preserve-service
1650485615,ts-order-other-service,b4f442296194f39c,1cf4f85b6c4605b9,9f0184aeedd92e43,3153,200,securityInfoCheck,ts-security-service
1650485615,ts-security-service,1cf4f85b6c4605b9,ddfb1ae8339e5326,9f0184aeedd92e43,4414,200,GET,ts-security-service
1650485615,ts-preserve-service,9f0184aeedd92e43,,9f0184aeedd92e43,22304,200,preserve,no_parent
1650485616,ts-travel-service,ff3b67d00db4ea30,35f6d26633effe45,35f6d26633effe45,2258,200,GET,ts-travel-service
1650485616,ts-travel-service,9a0004b0b0f539e3,35f6d26633effe45,35f6d26633effe45,3990,200,GET,ts-travel-service
1650485616,ts-travel-service,7f287ae856a9934e,35f6d26633effe45,35f6d26633effe45,11396,200,GET,ts-travel-service
1650485616,ts-travel-service,47ce9b894d6c49cd,35f6d26633effe45,35f6d26633effe45,7720,200,GET,ts-travel-service
1650485616,ts-travel-service,39b57431f2d673c5,35f6d26633effe45,35f6d26633effe45,2619,200,GET,ts-travel-service
1650485616,ts-travel-service,35f6d26633effe45,,35f6d26633effe45,42242,200,queryInfo,no_parent
1650485616,ts-route-service,d6b891e2c5d7c2ad,9a0004b0b0f539e3,35f6d26633effe45,2663,200,queryById,ts-travel-service
1650485616,ts-route-service,4fd581a594a2ab01,1f42bb25947d45e,35f6d26633effe45,2166,200,queryById,ts-travel-service
1650485616,ts-route-service,32f486075020c39a,ff3b67d00db4ea30,35f6d26633effe45,2138,200,queryById,ts-travel-service
1650485616,ts-route-service,adbae851f5e09cc0,39b57431f2d673c5,35f6d26633effe45,2174,200,queryById,ts-travel-service
1650485616,ts-ticketinfo-service,9713f2b7ba25075,7f287ae856a9934e,35f6d26633effe45,9703,200,queryForStationId,ts-travel-service
1650485616,ts-travel-service,1f42bb25947d45e,35f6d26633effe45,35f6d26633effe45,2318,200,GET,ts-travel-service
1650485616,ts-travel-service,8fb48c11e7497ad1,35f6d26633effe45,35f6d26633effe45,2244,200,GET,ts-travel-service
1650485616,ts-ticketinfo-service,58875badde6f53f2,9713f2b7ba25075,35f6d26633effe45,7399,200,GET,ts-ticketinfo-service
1650485616,ts-route-service,ef66708c9b927db4,8fb48c11e7497ad1,35f6d26633effe45,2130,200,queryById,ts-travel-service
1650485616,ts-ticketinfo-service,baf8dc0f15f6416,8865e54472783a48,35f6d26633effe45,5338,200,GET,ts-ticketinfo-service
1650485616,ts-basic-service,a647920a61f20b55,fddb52bedd0dc201,35f6d26633effe45,3724,200,GET,ts-basic-service
1650485616,ts-ticketinfo-service,8865e54472783a48,47ce9b894d6c49cd,35f6d26633effe45,7303,200,queryForStationId,ts-travel-service
1650485616,ts-station-service,80fdb7098247916c,a647920a61f20b55,35f6d26633effe45,2241,200,queryForStationId,ts-basic-service
1650485616,ts-station-service,f9fdfa01e26f0f82,47219a9fc501886b,35f6d26633effe45,2096,200,queryForStationId,ts-basic-service
1650485616,ts-assurance-service,8e626d5c19c3c3bf,,8e626d5c19c3c3bf,1617,200,getAllAssuranceType,no_parent
1650485616,ts-basic-service,47219a9fc501886b,523ae187172c4d0c,35f6d26633effe45,2736,200,GET,ts-basic-service
1650485616,ts-basic-service,523ae187172c4d0c,baf8dc0f15f6416,35f6d26633effe45,4741,200,queryForStationId,ts-ticketinfo-service
1650485616,ts-basic-service,fddb52bedd0dc201,58875badde6f53f2,35f6d26633effe45,6197,200,queryForStationId,ts-ticketinfo-service
1650485616,ts-auth-service,4d2e522a6319ec93,76e5f78e0b73ec2b,76e5f78e0b73ec2b,3330,200,GET,ts-auth-service
1650485616,ts-verification-code-service,f873f9ac4335115,4d2e522a6319ec93,76e5f78e0b73ec2b,1829,200,verifyCode,ts-auth-service
1650485616,ts-auth-service,76e5f78e0b73ec2b,,76e5f78e0b73ec2b,112531,200,getToken,no_parent
1650485676,ts-preserve-service,c69fd1edfdc5f633,ab20ffeed4e6a72e,ab20ffeed4e6a72e,3538,200,GET,ts-preserve-service
1650485676,ts-order-other-service,adebe95854a2e893,f88c6df414c4a758,ab20ffeed4e6a72e,2930,200,securityInfoCheck,ts-security-service
1650485676,ts-ticketinfo-service,2b5b629adce3c99a,db87b6cd3c26f0be,356f7624bafa085,9361,200,queryForStationId,ts-travel-service
1650485676,ts-ticketinfo-service,c9cb6b4df7ece476,47c2458430420,356f7624bafa085,5546,200,GET,ts-ticketinfo-service
1650485676,ts-ticketinfo-service,47c2458430420,ae4d5d1574eb642c,356f7624bafa085,7541,200,queryForStationId,ts-travel-service
1650485676,ts-ticketinfo-service,42ea99486e38ff08,2b5b629adce3c99a,356f7624bafa085,7130,200,GET,ts-ticketinfo-service
1650485676,ts-route-service,881afa4f1fc713a5,df3d52e242d37516,356f7624bafa085,2117,200,queryById,ts-travel-service
1650485676,ts-station-service,6db6fe49590749b9,7e149f964a587514,356f7624bafa085,2081,200,queryForStationId,ts-basic-service
1650485676,ts-contacts-service,14d4be11abd4ac6,c69fd1edfdc5f633,ab20ffeed4e6a72e,2362,200,getContactsByContactsId,ts-preserve-service
1650485676,ts-route-service,45fa479bd1fc935a,e9fa42bf8c9c41ff,356f7624bafa085,2215,200,queryById,ts-travel-service
1650485676,ts-basic-service,b50a061811a691cb,920128eaf3d4fca6,356f7624bafa085,3413,200,GET,ts-basic-service
1650485676,ts-basic-service,920128eaf3d4fca6,42ea99486e38ff08,356f7624bafa085,5946,200,queryForStationId,ts-ticketinfo-service
1650485676,ts-travel-service,ae4d5d1574eb642c,356f7624bafa085,356f7624bafa085,7977,200,GET,ts-travel-service
1650485676,ts-route-service,107693909294cec6,618cfa3b09b7da35,356f7624bafa085,2658,200,queryById,ts-travel-service
1650485676,ts-travel-service,db87b6cd3c26f0be,356f7624bafa085,356f7624bafa085,10938,200,GET,ts-travel-service
1650485676,ts-travel-service,618cfa3b09b7da35,356f7624bafa085,356f7624bafa085,3987,200,GET,ts-travel-service
1650485676,ts-route-service,573d8bf6886411d7,c8b82c7e4b63549,356f7624bafa085,2511,200,queryById,ts-travel-service
1650485676,ts-route-service,8ad83e769c0fac9c,338206720081b03c,356f7624bafa085,2147,200,queryById,ts-travel-service
1650485676,ts-travel-service,df3d52e242d37516,356f7624bafa085,356f7624bafa085,2267,200,GET,ts-travel-service
1650485676,ts-travel-service,356f7624bafa085,,356f7624bafa085,43399,200,queryInfo,no_parent
1650485676,ts-basic-service,93808ee8d22caf0f,c9cb6b4df7ece476,356f7624bafa085,4802,200,queryForStationId,ts-ticketinfo-service
1650485676,ts-basic-service,7e149f964a587514,93808ee8d22caf0f,356f7624bafa085,2785,200,GET,ts-basic-service
1650485676,ts-station-service,d664b90299a7a5ab,b50a061811a691cb,356f7624bafa085,2328,200,queryForStationId,ts-basic-service
1650485676,ts-verification-code-service,1996a384f1aa1aa2,d497db9c6025b4f9,2b5ec349e441e199,1740,200,verifyCode,ts-auth-service
1650485676,ts-auth-service,d497db9c6025b4f9,2b5ec349e441e199,2b5ec349e441e199,3820,200,GET,ts-auth-service
1650485676,ts-security-service,188f229d52af2801,5a4de4829de1b38c,ab20ffeed4e6a72e,4880,200,GET,ts-security-service
1650485676,ts-security-service,f88c6df414c4a758,5a4de4829de1b38c,ab20ffeed4e6a72e,4360,200,GET,ts-security-service
1650485676,ts-security-service,5a4de4829de1b38c,cf52a6e3bb8c516c,ab20ffeed4e6a72e,13735,200,check,ts-preserve-service
1650485676,ts-travel-service,c8b82c7e4b63549,356f7624bafa085,356f7624bafa085,3014,200,GET,ts-travel-service
1650485676,ts-travel-service,e9fa42bf8c9c41ff,356f7624bafa085,356f7624bafa085,2330,200,GET,ts-travel-service
1650485676,ts-travel-service,338206720081b03c,356f7624bafa085,356f7624bafa085,2295,200,GET,ts-travel-service
1650485676,ts-assurance-service,a57945c3d11fa27f,,a57945c3d11fa27f,1576,200,getAllAssuranceType,no_parent
1650485676,ts-auth-service,2b5ec349e441e199,,2b5ec349e441e199,112554,200,getToken,no_parent
1650485676,ts-preserve-service,cf52a6e3bb8c516c,ab20ffeed4e6a72e,ab20ffeed4e6a72e,15322,200,GET,ts-preserve-service
1650485676,ts-preserve-service,ab20ffeed4e6a72e,,ab20ffeed4e6a72e,21663,200,preserve,no_parent
1650485676,ts-order-service,6093c7c1c06b9cf1,188f229d52af2801,ab20ffeed4e6a72e,3504,200,securityInfoCheck,ts-security-service
1650485736,ts-security-service,bc7ba4acdc02c73b,9af7b64c085038d6,776504cf5b0c603,4655,200,GET,ts-security-service
1650485736,ts-preserve-service,6a6cabbc95f96d39,776504cf5b0c603,776504cf5b0c603,15830,200,GET,ts-preserve-service
1650485736,ts-contacts-service,ce6fb64ef4a48c28,4bdc2c8c16034f9d,776504cf5b0c603,2490,200,getContactsByContactsId,ts-preserve-service
1650485736,ts-security-service,9af7b64c085038d6,6a6cabbc95f96d39,776504cf5b0c603,14162,200,check,ts-preserve-service
1650485736,ts-order-other-service,faf79ae0d7dc0c82,bc7ba4acdc02c73b,776504cf5b0c603,3346,200,securityInfoCheck,ts-security-service
1650485736,ts-preserve-service,776504cf5b0c603,,776504cf5b0c603,22236,200,preserve,no_parent
1650485736,ts-security-service,1f617ac614b07f46,9af7b64c085038d6,776504cf5b0c603,4905,200,GET,ts-security-service
1650485736,ts-preserve-service,4bdc2c8c16034f9d,776504cf5b0c603,776504cf5b0c603,3678,200,GET,ts-preserve-service
1650485736,ts-ticketinfo-service,5bee51b1bf6473aa,9728329b8a7784d6,a2d4fedabff6c79b,5431,200,GET,ts-ticketinfo-service
1650485736,ts-basic-service,d1e2944d41fbe71,40b27c5eb0d1a32a,a2d4fedabff6c79b,2731,200,GET,ts-basic-service
1650485736,ts-ticketinfo-service,2c018e40e463b65e,9b6748e4e1549382,a2d4fedabff6c79b,9309,200,queryForStationId,ts-travel-service
1650485736,ts-basic-service,da6a12bd767b38cd,2272f74898dd4374,a2d4fedabff6c79b,5882,200,queryForStationId,ts-ticketinfo-service
1650485736,ts-basic-service,40b27c5eb0d1a32a,5bee51b1bf6473aa,a2d4fedabff6c79b,4674,200,queryForStationId,ts-ticketinfo-service
1650485736,ts-station-service,181c831cf4c2c40b,d1e2944d41fbe71,a2d4fedabff6c79b,1979,200,queryForStationId,ts-basic-service
1650485736,ts-station-service,94fc0399faf3caf7,eea66e92cb704f92,a2d4fedabff6c79b,2316,200,queryForStationId,ts-basic-service
1650485736,ts-basic-service,eea66e92cb704f92,da6a12bd767b38cd,a2d4fedabff6c79b,3464,200,GET,ts-basic-service
1650485736,ts-travel-service,8fcfcf6101572d4c,a2d4fedabff6c79b,a2d4fedabff6c79b,7812,200,GET,ts-travel-service
1650485736,ts-ticketinfo-service,9728329b8a7784d6,8fcfcf6101572d4c,a2d4fedabff6c79b,7356,200,queryForStationId,ts-travel-service
1650485736,ts-travel-service,1b92c601097b0c84,a2d4fedabff6c79b,a2d4fedabff6c79b,2207,200,GET,ts-travel-service
1650485736,ts-order-service,3c660140b07b8d4e,1f617ac614b07f46,776504cf5b0c603,3567,200,securityInfoCheck,ts-security-service
1650485736,ts-travel-service,9b6748e4e1549382,a2d4fedabff6c79b,a2d4fedabff6c79b,10830,200,GET,ts-travel-service
1650485736,ts-travel-service,a299cdf386b92954,a2d4fedabff6c79b,a2d4fedabff6c79b,3889,200,GET,ts-travel-service
1650485736,ts-travel-service,a6daf3ea53e90860,a2d4fedabff6c79b,a2d4fedabff6c79b,2989,200,GET,ts-travel-service
1650485736,ts-route-service,218f45def875261b,a6daf3ea53e90860,a2d4fedabff6c79b,2510,200,queryById,ts-travel-service
1650485736,ts-travel-service,a2d4fedabff6c79b,,a2d4fedabff6c79b,43052,200,queryInfo,no_parent
1650485736,ts-travel-service,5b12e9196f0f7842,a2d4fedabff6c79b,a2d4fedabff6c79b,2216,200,GET,ts-travel-service
1650485736,ts-auth-service,b8958cb3e931f315,5f92fb43b69865fa,5f92fb43b69865fa,3383,200,GET,ts-auth-service
1650485736,ts-route-service,55d9b87ba53a21d8,1b92c601097b0c84,a2d4fedabff6c79b,2026,200,queryById,ts-travel-service
1650485736,ts-route-service,448007ee8d07aff5,a299cdf386b92954,a2d4fedabff6c79b,2711,200,queryById,ts-travel-service
1650485736,ts-route-service,eea950f8f0537ebf,8f0d0fdff799150b,a2d4fedabff6c79b,2161,200,queryById,ts-travel-service
1650485736,ts-travel-service,8f0d0fdff799150b,a2d4fedabff6c79b,a2d4fedabff6c79b,2295,200,GET,ts-travel-service
1650485736,ts-route-service,adc0e121a1243397,5b12e9196f0f7842,a2d4fedabff6c79b,2109,200,queryById,ts-travel-service
1650485736,ts-ticketinfo-service,2272f74898dd4374,2c018e40e463b65e,a2d4fedabff6c79b,7004,200,GET,ts-ticketinfo-service
1650485736,ts-auth-service,5f92fb43b69865fa,,5f92fb43b69865fa,113281,200,getToken,no_parent
1650485736,ts-assurance-service,a0d5740069b56d18,,a0d5740069b56d18,1596,200,getAllAssuranceType,no_parent
1650485736,ts-verification-code-service,4c4fa37c6415f95,b8958cb3e931f315,5f92fb43b69865fa,1682,200,verifyCode,ts-auth-service
1650485796,ts-order-other-service,659a54cc6b189da5,435c1c2174477f7d,8e65537a611996bd,3198,200,securityInfoCheck,ts-security-service
1650485796,ts-contacts-service,ff1db38264b6b402,6d550e4b4008ce32,8e65537a611996bd,2291,200,getContactsByContactsId,ts-preserve-service
1650485796,ts-preserve-service,99568d2a186b0f0c,8e65537a611996bd,8e65537a611996bd,15494,200,GET,ts-preserve-service
1650485796,ts-order-service,a341e14095f6692a,e6d76af9cb6c04b,8e65537a611996bd,3548,200,securityInfoCheck,ts-security-service
1650485796,ts-security-service,e6d76af9cb6c04b,721e31dfd8c8243e,8e65537a611996bd,4915,200,GET,ts-security-service
1650485796,ts-auth-service,b861cf8bd6359523,c372ce4eec02c029,c372ce4eec02c029,3596,200,GET,ts-auth-service
1650485796,ts-verification-code-service,a5a60a254fec02b4,b861cf8bd6359523,c372ce4eec02c029,1707,200,verifyCode,ts-auth-service
1650485796,ts-preserve-service,8e65537a611996bd,,8e65537a611996bd,21768,200,preserve,no_parent
1650485796,ts-security-service,721e31dfd8c8243e,99568d2a186b0f0c,8e65537a611996bd,13884,200,check,ts-preserve-service
1650485796,ts-security-service,435c1c2174477f7d,721e31dfd8c8243e,8e65537a611996bd,4480,200,GET,ts-security-service
1650485796,ts-auth-service,c372ce4eec02c029,,c372ce4eec02c029,118812,200,getToken,no_parent
1650485796,ts-preserve-service,6d550e4b4008ce32,8e65537a611996bd,8e65537a611996bd,3504,200,GET,ts-preserve-service
1650485797,ts-travel-service,1e2a557846e6aa65,c878126458e5a52e,c878126458e5a52e,2258,200,GET,ts-travel-service
1650485797,ts-route-service,85f8721ffb88f35c,b59a7f7dd0f04d7d,c878126458e5a52e,2502,200,queryById,ts-travel-service
1650485797,ts-travel-service,6796f62a2df47c4b,c878126458e5a52e,c878126458e5a52e,2441,200,GET,ts-travel-service
1650485797,ts-travel-service,ebbb50dd447ca1a0,c878126458e5a52e,c878126458e5a52e,2312,200,GET,ts-travel-service
1650485797,ts-route-service,e8afb75942a8ee0a,6796f62a2df47c4b,c878126458e5a52e,2021,200,queryById,ts-travel-service
1650485797,ts-route-service,b2c1e80b7ba2f80c,1e2a557846e6aa65,c878126458e5a52e,2212,200,queryById,ts-travel-service
1650485797,ts-route-service,9b47d6027b9345fc,53ba6bf5d1045a89,c878126458e5a52e,1866,200,queryById,ts-travel-service
1650485797,ts-route-service,3f2b73d9473191e2,ebbb50dd447ca1a0,c878126458e5a52e,2183,200,queryById,ts-travel-service
1650485797,ts-travel-service,d4d05073e40ed447,c878126458e5a52e,c878126458e5a52e,7173,200,GET,ts-travel-service
1650485797,ts-travel-service,53ba6bf5d1045a89,c878126458e5a52e,c878126458e5a52e,1972,200,GET,ts-travel-service
1650485797,ts-travel-service,b59a7f7dd0f04d7d,c878126458e5a52e,c878126458e5a52e,3653,200,GET,ts-travel-service
1650485797,ts-travel-service,222a0e3178152a2e,c878126458e5a52e,c878126458e5a52e,9970,200,GET,ts-travel-service
1650485797,ts-travel-service,c878126458e5a52e,,c878126458e5a52e,39481,200,queryInfo,no_parent
1650485797,ts-ticketinfo-service,811d530dfde007f2,222a0e3178152a2e,c878126458e5a52e,8403,200,queryForStationId,ts-travel-service
1650485797,ts-basic-service,c3925f5373ca14e9,747d0f36f0feb74c,c878126458e5a52e,5514,200,queryForStationId,ts-ticketinfo-service
1650485797,ts-ticketinfo-service,d51c2336109ccd9,c793c7ead7df42ad,c878126458e5a52e,5090,200,GET,ts-ticketinfo-service
1650485797,ts-station-service,e4a52fdb9af8aafc,7898cf79a6c865f5,c878126458e5a52e,1890,200,queryForStationId,ts-basic-service
1650485797,ts-ticketinfo-service,c793c7ead7df42ad,d4d05073e40ed447,c878126458e5a52e,6785,200,queryForStationId,ts-travel-service
1650485797,ts-station-service,2ff8f19839ffe0e7,2ddbd020e723d0be,c878126458e5a52e,2297,200,queryForStationId,ts-basic-service
1650485797,ts-ticketinfo-service,747d0f36f0feb74c,811d530dfde007f2,c878126458e5a52e,6342,200,GET,ts-ticketinfo-service
1650485797,ts-basic-service,a05669cbe9a9cb29,d51c2336109ccd9,c878126458e5a52e,4367,200,queryForStationId,ts-ticketinfo-service
1650485797,ts-basic-service,7898cf79a6c865f5,a05669cbe9a9cb29,c878126458e5a52e,2527,200,GET,ts-basic-service
1650485797,ts-basic-service,2ddbd020e723d0be,c3925f5373ca14e9,c878126458e5a52e,3271,200,GET,ts-basic-service
1650485797,ts-assurance-service,7203775dbc2d2ea8,,7203775dbc2d2ea8,1497,200,getAllAssuranceType,no_parent
1650485857,ts-contacts-service,9bf7b32c0296a639,29e10cc71e92e379,1fa351f9a4d348bc,2111,200,getContactsByContactsId,ts-preserve-service
1650485857,ts-security-service,e0d28af0be952a57,1d97e19cbd1b6358,1fa351f9a4d348bc,13918,200,check,ts-preserve-service
1650485857,ts-security-service,2649c17adbe618c7,e0d28af0be952a57,1fa351f9a4d348bc,4898,200,GET,ts-security-service
1650485857,ts-travel-service,b28edf2426d01721,fc4e2545d7c2fdc4,fc4e2545d7c2fdc4,2317,200,GET,ts-travel-service
1650485857,ts-basic-service,b6dcb188a0b9db7e,77b3b6bf077e7102,fc4e2545d7c2fdc4,12533,200,queryForStationId,ts-ticketinfo-service
1650485857,ts-basic-service,d5ed38105e535dc7,9910e6186256a050,fc4e2545d7c2fdc4,3452,200,GET,ts-basic-service
1650485857,ts-ticketinfo-service,a6d94664e0a42ee3,f26b76fdd826d82a,fc4e2545d7c2fdc4,6989,200,GET,ts-ticketinfo-service
1650485857,ts-ticketinfo-service,57cf28f665c6eaba,863d95fdae91d32a,fc4e2545d7c2fdc4,15329,200,queryForStationId,ts-travel-service
1650485857,ts-ticketinfo-service,77b3b6bf077e7102,57cf28f665c6eaba,fc4e2545d7c2fdc4,13236,200,GET,ts-ticketinfo-service
1650485857,ts-ticketinfo-service,f26b76fdd826d82a,ccd1187e38a2c30,fc4e2545d7c2fdc4,9314,200,queryForStationId,ts-travel-service
1650485857,ts-route-service,7f675d75772fa146,b28edf2426d01721,fc4e2545d7c2fdc4,2145,200,queryById,ts-travel-service
1650485857,ts-route-service,f21ae76aa692a3ae,192a59c8acc9e0f0,fc4e2545d7c2fdc4,2212,200,queryById,ts-travel-service
1650485857,ts-station-service,246de486a492fc6e,d26130388e9ec10e,fc4e2545d7c2fdc4,9624,200,queryForStationId,ts-basic-service
1650485857,ts-order-service,f326a039739c756,2649c17adbe618c7,1fa351f9a4d348bc,3542,200,securityInfoCheck,ts-security-service
1650485857,ts-travel-service,ff5c4ceea79be074,fc4e2545d7c2fdc4,fc4e2545d7c2fdc4,2484,200,GET,ts-travel-service
1650485857,ts-travel-service,ccd1187e38a2c30,fc4e2545d7c2fdc4,fc4e2545d7c2fdc4,11083,200,GET,ts-travel-service
1650485857,ts-security-service,9080a3578c37d675,e0d28af0be952a57,1fa351f9a4d348bc,4506,200,GET,ts-security-service
1650485857,ts-order-other-service,50d1bd22abb69f1c,9080a3578c37d675,1fa351f9a4d348bc,3155,200,securityInfoCheck,ts-security-service
1650485857,ts-preserve-service,1d97e19cbd1b6358,1fa351f9a4d348bc,1fa351f9a4d348bc,15492,200,GET,ts-preserve-service
1650485857,ts-travel-service,b467e5a169b1167a,fc4e2545d7c2fdc4,fc4e2545d7c2fdc4,3972,200,GET,ts-travel-service
1650485857,ts-preserve-service,1fa351f9a4d348bc,,1fa351f9a4d348bc,21917,200,preserve,no_parent
1650485857,ts-preserve-service,29e10cc71e92e379,1fa351f9a4d348bc,1fa351f9a4d348bc,3422,200,GET,ts-preserve-service
1650485857,ts-auth-service,1b1bc46573e289b6,d236e0266fc91e5e,d236e0266fc91e5e,3661,200,GET,ts-auth-service
1650485857,ts-verification-code-service,c442c7eac42abf97,1b1bc46573e289b6,d236e0266fc91e5e,1867,200,verifyCode,ts-auth-service
1650485857,ts-basic-service,d26130388e9ec10e,b6dcb188a0b9db7e,fc4e2545d7c2fdc4,10440,200,GET,ts-basic-service
1650485857,ts-auth-service,d236e0266fc91e5e,,d236e0266fc91e5e,113626,200,getToken,no_parent
1650485857,ts-station-service,6133c4488fe38c9c,d5ed38105e535dc7,fc4e2545d7c2fdc4,2392,200,queryForStationId,ts-basic-service
1650485857,ts-travel-service,863d95fdae91d32a,fc4e2545d7c2fdc4,fc4e2545d7c2fdc4,15760,200,GET,ts-travel-service
1650485857,ts-basic-service,9910e6186256a050,a6d94664e0a42ee3,fc4e2545d7c2fdc4,5950,200,queryForStationId,ts-ticketinfo-service
1650485857,ts-route-service,f7c0f29baff4077a,ff5c4ceea79be074,fc4e2545d7c2fdc4,2045,200,queryById,ts-travel-service
1650485857,ts-route-service,9d04d1c73a7f78df,85a448deb48c913e,fc4e2545d7c2fdc4,2123,200,queryById,ts-travel-service
1650485857,ts-route-service,b3bbb57277ba1652,b467e5a169b1167a,fc4e2545d7c2fdc4,2644,200,queryById,ts-travel-service
1650485857,ts-assurance-service,4965ec26654dc52c,,4965ec26654dc52c,1628,200,getAllAssuranceType,no_parent
1650485857,ts-travel-service,fc4e2545d7c2fdc4,,fc4e2545d7c2fdc4,50860,200,queryInfo,no_parent
1650485857,ts-travel-service,192a59c8acc9e0f0,fc4e2545d7c2fdc4,fc4e2545d7c2fdc4,2430,200,GET,ts-travel-service
1650485857,ts-travel-service,85a448deb48c913e,fc4e2545d7c2fdc4,fc4e2545d7c2fdc4,2283,200,GET,ts-travel-service
1650485917,ts-route-service,1d755a06f5a829d6,dd7959587814e096,d0fda0ff02c3db1a,2200,200,queryById,ts-travel-service
1650485917,ts-auth-service,bee57b5f5696e75f,,bee57b5f5696e75f,113582,200,getToken,no_parent
1650485917,ts-auth-service,136fabc71227d5f5,bee57b5f5696e75f,bee57b5f5696e75f,3545,200,GET,ts-auth-service
1650485917,ts-verification-code-service,c97454600554b188,136fabc71227d5f5,bee57b5f5696e75f,1746,200,verifyCode,ts-auth-service
1650485917,ts-travel-service,3f4eff41d7697b10,d0fda0ff02c3db1a,d0fda0ff02c3db1a,3962,200,GET,ts-travel-service
1650485917,ts-route-service,b2a7521ec11535f1,3f4eff41d7697b10,d0fda0ff02c3db1a,2608,200,queryById,ts-travel-service
1650485917,ts-route-service,b9f4a3d72f7ddb3b,2067d39c0561dae5,d0fda0ff02c3db1a,2424,200,queryById,ts-travel-service
1650485917,ts-route-service,2a64ffb116f6f8a3,e752015cedc88715,d0fda0ff02c3db1a,2097,200,queryById,ts-travel-service
1650485917,ts-route-service,76e5f9ae4c63514a,f5a075916941b3df,d0fda0ff02c3db1a,2125,200,queryById,ts-travel-service
1650485917,ts-preserve-service,dd9b260c09907c24,f58ae465c266363a,f58ae465c266363a,22048,200,GET,ts-preserve-service
1650485917,ts-order-other-service,6109436e252371b4,7285a0b26f194b8d,f58ae465c266363a,3139,200,securityInfoCheck,ts-security-service
1650485917,ts-security-service,765031e2fb0ef6f0,dd9b260c09907c24,f58ae465c266363a,20394,200,check,ts-preserve-service
1650485917,ts-travel-service,d0fda0ff02c3db1a,,d0fda0ff02c3db1a,43558,200,queryInfo,no_parent
1650485917,ts-ticketinfo-service,f36dbb75d435a78a,d3ce3db0ec324cb6,d0fda0ff02c3db1a,5490,200,GET,ts-ticketinfo-service
1650485917,ts-ticketinfo-service,e66c5ee8d2e0e534,583d568c790555a7,d0fda0ff02c3db1a,7210,200,GET,ts-ticketinfo-service
1650485917,ts-ticketinfo-service,d3ce3db0ec324cb6,7fef99ade3112aee,d0fda0ff02c3db1a,7463,200,queryForStationId,ts-travel-service
1650485917,ts-basic-service,18ed0151c60898b3,d812a61a25f9563a,d0fda0ff02c3db1a,3499,200,GET,ts-basic-service
1650485917,ts-basic-service,b61da89ed89fcb28,4cfedf76ea14fb07,d0fda0ff02c3db1a,2762,200,GET,ts-basic-service
1650485917,ts-basic-service,4cfedf76ea14fb07,f36dbb75d435a78a,d0fda0ff02c3db1a,4757,200,queryForStationId,ts-ticketinfo-service
1650485917,ts-basic-service,d812a61a25f9563a,e66c5ee8d2e0e534,d0fda0ff02c3db1a,5967,200,queryForStationId,ts-ticketinfo-service
1650485917,ts-station-service,e2181e4a8951137c,18ed0151c60898b3,d0fda0ff02c3db1a,2374,200,queryForStationId,ts-basic-service
1650485917,ts-station-service,5924600ff3734e16,b61da89ed89fcb28,d0fda0ff02c3db1a,2090,200,queryForStationId,ts-basic-service
1650485917,ts-travel-service,f5b7e747ff6855aa,d0fda0ff02c3db1a,d0fda0ff02c3db1a,11070,200,GET,ts-travel-service
1650485917,ts-travel-service,dd7959587814e096,d0fda0ff02c3db1a,d0fda0ff02c3db1a,2662,200,GET,ts-travel-service
1650485917,ts-travel-service,e752015cedc88715,d0fda0ff02c3db1a,d0fda0ff02c3db1a,2243,200,GET,ts-travel-service
1650485917,ts-travel-service,f5a075916941b3df,d0fda0ff02c3db1a,d0fda0ff02c3db1a,2304,200,GET,ts-travel-service
1650485917,ts-travel-service,7fef99ade3112aee,d0fda0ff02c3db1a,d0fda0ff02c3db1a,7984,200,GET,ts-travel-service
1650485917,ts-ticketinfo-service,583d568c790555a7,f5b7e747ff6855aa,d0fda0ff02c3db1a,9479,200,queryForStationId,ts-travel-service
1650485917,ts-assurance-service,24be8670db01ebc5,,24be8670db01ebc5,1648,200,getAllAssuranceType,no_parent
1650485917,ts-travel-service,2067d39c0561dae5,d0fda0ff02c3db1a,d0fda0ff02c3db1a,2566,200,GET,ts-travel-service
1650485917,ts-preserve-service,f58ae465c266363a,,f58ae465c266363a,28615,200,preserve,no_parent
1650485917,ts-security-service,7285a0b26f194b8d,765031e2fb0ef6f0,f58ae465c266363a,4515,200,GET,ts-security-service
1650485917,ts-security-service,ad028bf44b746876,765031e2fb0ef6f0,f58ae465c266363a,4920,200,GET,ts-security-service
1650485917,ts-contacts-service,ee98e823d46b4087,c9b603f4957769ce,f58ae465c266363a,2466,200,getContactsByContactsId,ts-preserve-service
1650485917,ts-order-service,516cd99f3cb915d2,ad028bf44b746876,f58ae465c266363a,9993,200,securityInfoCheck,ts-security-service
1650485917,ts-preserve-service,c9b603f4957769ce,f58ae465c266363a,f58ae465c266363a,3674,200,GET,ts-preserve-service
1650485977,ts-ticketinfo-service,3bf0959c06a63727,24d2b4c17f36a660,2928937fd9d26056,9270,200,queryForStationId,ts-travel-service
1650485977,ts-station-service,a6f4f506fc6e3aa4,b7744dfe7da1891f,2928937fd9d26056,2270,200,queryForStationId,ts-basic-service
1650485977,ts-ticketinfo-service,4a02b4a3d00d0131,b852481509521731,2928937fd9d26056,7374,200,queryForStationId,ts-travel-service
1650485977,ts-basic-service,c466724dd23c9dd3,2c0bbbc74ef175dd,2928937fd9d26056,5855,200,queryForStationId,ts-ticketinfo-service
1650485977,ts-basic-service,b7744dfe7da1891f,c466724dd23c9dd3,2928937fd9d26056,3431,200,GET,ts-basic-service
1650485977,ts-basic-service,eac84113bf34a222,b07f5b93cdc46140,2928937fd9d26056,2717,200,GET,ts-basic-service
1650485977,ts-basic-service,b07f5b93cdc46140,15cab1879fa879aa,2928937fd9d26056,4718,200,queryForStationId,ts-ticketinfo-service
1650485977,ts-station-service,79bab0ca794009f9,eac84113bf34a222,2928937fd9d26056,2088,200,queryForStationId,ts-basic-service
1650485977,ts-verification-code-service,8bd558b7fb226975,ba96cf4ad177e7aa,f9d2c8483da328bc,1277,200,verifyCode,ts-auth-service
1650485977,ts-auth-service,f9d2c8483da328bc,,f9d2c8483da328bc,117542,200,getToken,no_parent
1650485977,ts-travel-service,4f6ba1cd131b1eb0,2928937fd9d26056,2928937fd9d26056,4507,200,GET,ts-travel-service
1650485977,ts-travel-service,24d2b4c17f36a660,2928937fd9d26056,2928937fd9d26056,10899,200,GET,ts-travel-service
1650485977,ts-travel-service,b852481509521731,2928937fd9d26056,2928937fd9d26056,7861,200,GET,ts-travel-service
1650485977,ts-travel-service,a307bfc542eccdad,2928937fd9d26056,2928937fd9d26056,10618,200,GET,ts-travel-service
1650485977,ts-travel-service,3701303948650680,2928937fd9d26056,2928937fd9d26056,2312,200,GET,ts-travel-service
1650485977,ts-travel-service,d00ec8ae5444a0e7,2928937fd9d26056,2928937fd9d26056,2999,200,GET,ts-travel-service
1650485977,ts-travel-service,bd7606345f9fc0df,2928937fd9d26056,2928937fd9d26056,2265,200,GET,ts-travel-service
1650485977,ts-travel-service,2928937fd9d26056,,2928937fd9d26056,51439,200,queryInfo,no_parent
1650485977,ts-auth-service,ba96cf4ad177e7aa,f9d2c8483da328bc,f9d2c8483da328bc,3252,200,GET,ts-auth-service
1650485977,ts-security-service,5b9c073f32f05cd2,6dcd30ef9909cd3f,a4f7968c3ce10fd4,4581,200,GET,ts-security-service
1650485977,ts-security-service,6dcd30ef9909cd3f,121733ae2a0188a2,a4f7968c3ce10fd4,14034,200,check,ts-preserve-service
1650485977,ts-contacts-service,ed3a87ade5260d21,d8cb90f5d005559c,a4f7968c3ce10fd4,2174,200,getContactsByContactsId,ts-preserve-service
1650485977,ts-route-service,960fd93a2e206cc1,d00ec8ae5444a0e7,2928937fd9d26056,2607,200,queryById,ts-travel-service
1650485977,ts-route-service,93882ac913ee0207,3701303948650680,2928937fd9d26056,2194,200,queryById,ts-travel-service
1650485977,ts-order-service,f404312b676914ba,c8cf3796c2cac3fb,a4f7968c3ce10fd4,3531,200,securityInfoCheck,ts-security-service
1650485977,ts-preserve-service,121733ae2a0188a2,a4f7968c3ce10fd4,a4f7968c3ce10fd4,15575,200,GET,ts-preserve-service
1650485977,ts-preserve-service,d8cb90f5d005559c,a4f7968c3ce10fd4,a4f7968c3ce10fd4,3483,200,GET,ts-preserve-service
1650485977,ts-preserve-service,a4f7968c3ce10fd4,,a4f7968c3ce10fd4,31916,200,preserve,no_parent
1650485977,ts-order-other-service,d608906ddf196b37,5b9c073f32f05cd2,a4f7968c3ce10fd4,3206,200,securityInfoCheck,ts-security-service
1650485977,ts-route-service,1faad232b16399a2,a307bfc542eccdad,2928937fd9d26056,10616,200,queryById,ts-travel-service
1650485977,ts-ticketinfo-service,2c0bbbc74ef175dd,3bf0959c06a63727,2928937fd9d26056,7022,200,GET,ts-ticketinfo-service
1650485977,ts-route-service,7eb0d7e81a0625d1,4f6ba1cd131b1eb0,2928937fd9d26056,2747,200,queryById,ts-travel-service
1650485977,ts-security-service,c8cf3796c2cac3fb,6dcd30ef9909cd3f,a4f7968c3ce10fd4,4982,200,GET,ts-security-service
1650485977,ts-ticketinfo-service,15cab1879fa879aa,4a02b4a3d00d0131,2928937fd9d26056,5390,200,GET,ts-ticketinfo-service
1650485977,ts-route-service,921ce0205f0a1344,bd7606345f9fc0df,2928937fd9d26056,2145,200,queryById,ts-travel-service
1650485977,ts-assurance-service,9c2b55fb2183a9a4,,9c2b55fb2183a9a4,1624,200,getAllAssuranceType,no_parent
1650486038,ts-preserve-service,4bf87e6bd5c4f9af,b761f0068c7341b4,b761f0068c7341b4,16444,200,GET,ts-preserve-service
1650486038,ts-preserve-service,b7974ad2ea1fec44,b761f0068c7341b4,b761f0068c7341b4,3397,200,GET,ts-preserve-service
1650486038,ts-preserve-service,b761f0068c7341b4,,b761f0068c7341b4,22716,200,preserve,no_parent
1650486038,ts-order-other-service,2e5c0226b558706c,337edcda70c1a5c6,b761f0068c7341b4,3588,200,securityInfoCheck,ts-security-service
1650486038,ts-travel-service,4505117324cde953,d4c7bda264b3d78c,d4c7bda264b3d78c,1797,200,GET,ts-travel-service
1650486038,ts-route-service,190379a19b859ec8,49564994766779f8,d4c7bda264b3d78c,5884,200,queryById,ts-travel-service
1650486038,ts-travel-service,9d1567f566e587b,d4c7bda264b3d78c,d4c7bda264b3d78c,10471,200,GET,ts-travel-service
1650486038,ts-security-service,9d81011ae047cca4,4bf87e6bd5c4f9af,b761f0068c7341b4,14438,200,check,ts-preserve-service
1650486038,ts-ticketinfo-service,8a3c13224e36cb2,d40a6ba0ba6e9b8f,d4c7bda264b3d78c,7755,200,queryForStationId,ts-travel-service
1650486038,ts-travel-service,49564994766779f8,d4c7bda264b3d78c,d4c7bda264b3d78c,7567,200,GET,ts-travel-service
1650486038,ts-station-service,306cc0cb058b92bf,8f325cda7d69e31c,d4c7bda264b3d78c,2308,200,queryForStationId,ts-basic-service
1650486038,ts-basic-service,8f325cda7d69e31c,37a6ec5f35dc41df,d4c7bda264b3d78c,3372,200,GET,ts-basic-service
1650486038,ts-basic-service,62db3355485f1a89,3f7288eb8e63d14a,d4c7bda264b3d78c,5052,200,queryForStationId,ts-ticketinfo-service
1650486038,ts-ticketinfo-service,1745da63997d47c,9d1567f566e587b,d4c7bda264b3d78c,9308,200,queryForStationId,ts-travel-service
1650486038,ts-basic-service,2b78bb0f475c869a,62db3355485f1a89,d4c7bda264b3d78c,2806,200,GET,ts-basic-service
1650486038,ts-route-service,2d73330b2018080d,4505117324cde953,d4c7bda264b3d78c,1706,200,queryById,ts-travel-service
1650486038,ts-ticketinfo-service,3f7288eb8e63d14a,8a3c13224e36cb2,d4c7bda264b3d78c,5754,200,GET,ts-ticketinfo-service
1650486038,ts-travel-service,d40a6ba0ba6e9b8f,d4c7bda264b3d78c,d4c7bda264b3d78c,8198,200,GET,ts-travel-service
1650486038,ts-travel-service,9d64ff1ee838253e,d4c7bda264b3d78c,d4c7bda264b3d78c,1853,200,GET,ts-travel-service
1650486038,ts-security-service,aceeb9de8b9f91e4,9d81011ae047cca4,b761f0068c7341b4,5479,200,GET,ts-security-service
1650486038,ts-travel-service,d4c7bda264b3d78c,,d4c7bda264b3d78c,56948,200,queryInfo,no_parent
1650486038,ts-ticketinfo-service,9d752a71b7fad274,1745da63997d47c,d4c7bda264b3d78c,7067,200,GET,ts-ticketinfo-service
1650486038,ts-route-service,fce18eb7624196e1,259ab626f2a2b4c3,d4c7bda264b3d78c,2181,200,queryById,ts-travel-service
1650486038,ts-route-service,a3dc3f075eda2a4b,9d64ff1ee838253e,d4c7bda264b3d78c,1721,200,queryById,ts-travel-service
1650486038,ts-basic-service,37a6ec5f35dc41df,9d752a71b7fad274,d4c7bda264b3d78c,5854,200,queryForStationId,ts-ticketinfo-service
1650486038,ts-route-service,5f3be5ad7a628d75,85b82c24ad8a0216,d4c7bda264b3d78c,2259,200,queryById,ts-travel-service
1650486038,ts-security-service,337edcda70c1a5c6,9d81011ae047cca4,b761f0068c7341b4,4769,200,GET,ts-security-service
1650486038,ts-travel-service,85b82c24ad8a0216,d4c7bda264b3d78c,d4c7bda264b3d78c,3029,200,GET,ts-travel-service
1650486038,ts-travel-service,259ab626f2a2b4c3,d4c7bda264b3d78c,d4c7bda264b3d78c,2320,200,GET,ts-travel-service
1650486038,ts-station-service,ce963f2dd6cbaabb,2b78bb0f475c869a,d4c7bda264b3d78c,2060,200,queryForStationId,ts-basic-service
1650486038,ts-contacts-service,a40ce875d606b36,b7974ad2ea1fec44,b761f0068c7341b4,2432,200,getContactsByContactsId,ts-preserve-service
1650486038,ts-order-service,a2c90c55fdf72b9,aceeb9de8b9f91e4,b761f0068c7341b4,4093,200,securityInfoCheck,ts-security-service
1650486038,ts-auth-service,e4b380354e7d2de0,,e4b380354e7d2de0,116405,200,getToken,no_parent
1650486038,ts-auth-service,5a797b7a5429100a,e4b380354e7d2de0,e4b380354e7d2de0,3529,200,GET,ts-auth-service
1650486038,ts-verification-code-service,ebf550dbb4239d43,5a797b7a5429100a,e4b380354e7d2de0,1704,200,verifyCode,ts-auth-service
1650486038,ts-assurance-service,c05d28fde5b0f0f,,c05d28fde5b0f0f,1605,200,getAllAssuranceType,no_parent
1650486098,ts-route-service,d2d67c5045b5f064,81491db0ea9b4de0,67a5c8ca6b470b55,2210,200,queryById,ts-travel-service
1650486098,ts-basic-service,512d0e7b948fa4d3,b95a849fd4da1201,67a5c8ca6b470b55,5930,200,queryForStationId,ts-ticketinfo-service
1650486098,ts-ticketinfo-service,b95a849fd4da1201,ee2a15c74056971b,67a5c8ca6b470b55,7231,200,GET,ts-ticketinfo-service
1650486098,ts-route-service,d479ce893ba6152b,36a7e4a3bc6fac21,67a5c8ca6b470b55,2185,200,queryById,ts-travel-service
1650486098,ts-basic-service,875d152c4edd657c,e15f142cf4fdc77f,67a5c8ca6b470b55,2857,200,GET,ts-basic-service
1650486098,ts-travel-service,9bf0a7eb8356ea1c,67a5c8ca6b470b55,67a5c8ca6b470b55,11088,200,GET,ts-travel-service
1650486098,ts-travel-service,1c2080552dc71ba7,67a5c8ca6b470b55,67a5c8ca6b470b55,2558,200,GET,ts-travel-service
1650486098,ts-security-service,f3617073817f0dd2,ae76468b63ca8b2d,e601bc22a3f4f75d,4831,200,GET,ts-security-service
1650486098,ts-security-service,9f2db98d0769df87,ae76468b63ca8b2d,e601bc22a3f4f75d,4861,200,GET,ts-security-service
1650486098,ts-security-service,ae76468b63ca8b2d,c86cb63c2f0f533f,e601bc22a3f4f75d,14373,200,check,ts-preserve-service
1650486098,ts-ticketinfo-service,1be09bf8ba90d5fd,8aced21197afdd1b,67a5c8ca6b470b55,5557,200,GET,ts-ticketinfo-service
1650486098,ts-order-service,10b6fc50733597c2,f3617073817f0dd2,e601bc22a3f4f75d,3712,200,securityInfoCheck,ts-security-service
1650486098,ts-contacts-service,bb6b100945619dd9,a279ab12b27a09cc,e601bc22a3f4f75d,2109,200,getContactsByContactsId,ts-preserve-service
1650486098,ts-ticketinfo-service,8aced21197afdd1b,d92845e2b30f506a,67a5c8ca6b470b55,7611,200,queryForStationId,ts-travel-service
1650486098,ts-ticketinfo-service,ee2a15c74056971b,9bf0a7eb8356ea1c,67a5c8ca6b470b55,9545,200,queryForStationId,ts-travel-service
1650486098,ts-order-other-service,bc2724818bb6fc91,9f2db98d0769df87,e601bc22a3f4f75d,3194,200,securityInfoCheck,ts-security-service
1650486098,ts-travel-service,81491db0ea9b4de0,67a5c8ca6b470b55,67a5c8ca6b470b55,2203,200,GET,ts-travel-service
1650486098,ts-route-service,ef0d0e5f0182a758,54fa606b7e6d0699,67a5c8ca6b470b55,2699,200,queryById,ts-travel-service
1650486098,ts-station-service,5ebdbc66615798db,875d152c4edd657c,67a5c8ca6b470b55,2177,200,queryForStationId,ts-basic-service
1650486098,ts-route-service,d2aa93a45f453b45,1c2080552dc71ba7,67a5c8ca6b470b55,2141,200,queryById,ts-travel-service
1650486098,ts-preserve-service,e601bc22a3f4f75d,,e601bc22a3f4f75d,22314,200,preserve,no_parent
1650486098,ts-basic-service,e15f142cf4fdc77f,1be09bf8ba90d5fd,67a5c8ca6b470b55,4846,200,queryForStationId,ts-ticketinfo-service
1650486098,ts-station-service,c90f2775bed94fc5,83d2ef9a35dd6298,67a5c8ca6b470b55,2355,200,queryForStationId,ts-basic-service
1650486098,ts-travel-service,dad1ccc36eb13be,67a5c8ca6b470b55,67a5c8ca6b470b55,1309,200,GET,ts-travel-service
1650486098,ts-travel-service,54fa606b7e6d0699,67a5c8ca6b470b55,67a5c8ca6b470b55,4106,200,GET,ts-travel-service
1650486098,ts-route-service,3c3fac5103d89572,dad1ccc36eb13be,67a5c8ca6b470b55,1336,200,queryById,ts-travel-service
1650486098,ts-travel-service,67a5c8ca6b470b55,,67a5c8ca6b470b55,40608,200,queryInfo,no_parent
1650486098,ts-travel-service,36a7e4a3bc6fac21,67a5c8ca6b470b55,67a5c8ca6b470b55,2169,200,GET,ts-travel-service
1650486098,ts-basic-service,83d2ef9a35dd6298,512d0e7b948fa4d3,67a5c8ca6b470b55,3487,200,GET,ts-basic-service
1650486098,ts-travel-service,d92845e2b30f506a,67a5c8ca6b470b55,67a5c8ca6b470b55,7988,200,GET,ts-travel-service
1650486098,ts-preserve-service,a279ab12b27a09cc,e601bc22a3f4f75d,e601bc22a3f4f75d,3348,200,GET,ts-preserve-service
1650486098,ts-preserve-service,c86cb63c2f0f533f,e601bc22a3f4f75d,e601bc22a3f4f75d,15957,200,GET,ts-preserve-service
1650486098,ts-assurance-service,e619855b969396f5,,e619855b969396f5,1664,200,getAllAssuranceType,no_parent
1650486098,ts-auth-service,b806e15b911d47c5,,b806e15b911d47c5,112088,200,getToken,no_parent
1650486098,ts-auth-service,32ee6c1926b29642,b806e15b911d47c5,b806e15b911d47c5,3444,200,GET,ts-auth-service
1650486098,ts-verification-code-service,9c2826bff05b1f8a,32ee6c1926b29642,b806e15b911d47c5,1777,200,verifyCode,ts-auth-service
1650486158,ts-auth-service,2a1791fb872ceb58,,2a1791fb872ceb58,110993,200,getToken,no_parent
1650486158,ts-station-service,10de321d139a898d,301965d9a638474c,3ef8d3d6ff207129,2135,200,queryForStationId,ts-basic-service
1650486158,ts-preserve-service,e5046522431d66ff,90f771922044feb5,90f771922044feb5,14686,200,GET,ts-preserve-service
1650486158,ts-verification-code-service,f651a0742a977d6b,13dfc64c3a75628c,2a1791fb872ceb58,1765,200,verifyCode,ts-auth-service
1650486158,ts-travel-service,deabc0a73415875b,3ef8d3d6ff207129,3ef8d3d6ff207129,8113,200,GET,ts-travel-service
1650486158,ts-security-service,5f33cfff102699bc,4376a7daac6a5945,90f771922044feb5,4625,200,GET,ts-security-service
1650486158,ts-travel-service,479562bd08a03ff1,3ef8d3d6ff207129,3ef8d3d6ff207129,2475,200,GET,ts-travel-service
1650486158,ts-travel-service,152924adf9b81b0e,3ef8d3d6ff207129,3ef8d3d6ff207129,11667,200,GET,ts-travel-service
1650486158,ts-station-service,a61e4bf0936ed969,8a502a49d433b79e,3ef8d3d6ff207129,2376,200,queryForStationId,ts-basic-service
1650486158,ts-basic-service,aea15280a85c6856,958d175083786a0c,3ef8d3d6ff207129,5923,200,queryForStationId,ts-ticketinfo-service
1650486158,ts-basic-service,301965d9a638474c,b1d1028dea6c7007,3ef8d3d6ff207129,2877,200,GET,ts-basic-service
1650486158,ts-ticketinfo-service,360fbec6a20fcd85,152924adf9b81b0e,3ef8d3d6ff207129,10132,200,queryForStationId,ts-travel-service
1650486158,ts-basic-service,b1d1028dea6c7007,8c6c3c0199affa3a,3ef8d3d6ff207129,4896,200,queryForStationId,ts-ticketinfo-service
1650486158,ts-route-service,da0c1880155edd8b,479562bd08a03ff1,3ef8d3d6ff207129,2260,200,queryById,ts-travel-service
1650486158,ts-route-service,69da51cfdb72b61d,3d45f091beb51d4a,3ef8d3d6ff207129,2172,200,queryById,ts-travel-service
1650486158,ts-ticketinfo-service,958d175083786a0c,360fbec6a20fcd85,3ef8d3d6ff207129,7470,200,GET,ts-ticketinfo-service
1650486158,ts-basic-service,8a502a49d433b79e,aea15280a85c6856,3ef8d3d6ff207129,3467,200,GET,ts-basic-service
1650486158,ts-contacts-service,235c4ac2e6ec0459,6d6bd60e78f073a1,90f771922044feb5,2208,200,getContactsByContactsId,ts-preserve-service
1650486158,ts-ticketinfo-service,212e094be7d0b189,deabc0a73415875b,3ef8d3d6ff207129,7678,200,queryForStationId,ts-travel-service
1650486158,ts-route-service,650f3940cc761442,ee3315b225fd57a3,3ef8d3d6ff207129,2286,200,queryById,ts-travel-service
1650486158,ts-travel-service,ee3315b225fd57a3,3ef8d3d6ff207129,3ef8d3d6ff207129,2434,200,GET,ts-travel-service
1650486158,ts-route-service,a214d59e3b167462,953fd5885ca4bd8e,3ef8d3d6ff207129,2206,200,queryById,ts-travel-service
1650486158,ts-ticketinfo-service,8c6c3c0199affa3a,212e094be7d0b189,3ef8d3d6ff207129,5655,200,GET,ts-ticketinfo-service
1650486158,ts-travel-service,953fd5885ca4bd8e,3ef8d3d6ff207129,3ef8d3d6ff207129,2369,200,GET,ts-travel-service
1650486158,ts-travel-service,3ef8d3d6ff207129,,3ef8d3d6ff207129,45077,200,queryInfo,no_parent
1650486158,ts-route-service,31660153c9736155,8778e7777b1308f8,3ef8d3d6ff207129,2818,200,queryById,ts-travel-service
1650486158,ts-travel-service,3d45f091beb51d4a,3ef8d3d6ff207129,3ef8d3d6ff207129,2671,200,GET,ts-travel-service
1650486158,ts-travel-service,8778e7777b1308f8,3ef8d3d6ff207129,3ef8d3d6ff207129,4260,200,GET,ts-travel-service
1650486158,ts-assurance-service,66b334b7596a5788,,66b334b7596a5788,1623,200,getAllAssuranceType,no_parent
1650486158,ts-preserve-service,90f771922044feb5,,90f771922044feb5,21039,200,preserve,no_parent
1650486158,ts-order-other-service,35d56cead0bd6377,4245399fea387126,90f771922044feb5,2575,200,securityInfoCheck,ts-security-service
1650486158,ts-order-service,5cddbea63bdcbc6d,5f33cfff102699bc,90f771922044feb5,3502,200,securityInfoCheck,ts-security-service
1650486158,ts-preserve-service,6d6bd60e78f073a1,90f771922044feb5,90f771922044feb5,3357,200,GET,ts-preserve-service
1650486158,ts-security-service,4376a7daac6a5945,e5046522431d66ff,90f771922044feb5,13058,200,check,ts-preserve-service
1650486158,ts-security-service,4245399fea387126,4376a7daac6a5945,90f771922044feb5,3990,200,GET,ts-security-service
1650486158,ts-auth-service,13dfc64c3a75628c,2a1791fb872ceb58,2a1791fb872ceb58,3504,200,GET,ts-auth-service
1650486218,ts-contacts-service,61b23338fa066398,2081c67ffc389b92,c9490d83bfa88e43,8929,200,getContactsByContactsId,ts-preserve-service
1650486218,ts-auth-service,67389fc311e7f6e,692dad0a1b6faa5a,692dad0a1b6faa5a,4256,200,GET,ts-auth-service
1650486218,ts-verification-code-service,cc66f5ff3d9c1ebc,67389fc311e7f6e,692dad0a1b6faa5a,1738,200,verifyCode,ts-auth-service
1650486218,ts-security-service,18ed5f407683452a,bc358351a9176dbe,c9490d83bfa88e43,14089,200,check,ts-preserve-service
1650486218,ts-auth-service,692dad0a1b6faa5a,,692dad0a1b6faa5a,118598,200,getToken,no_parent
1650486218,ts-order-service,aebb2c63551ef3c2,3d6b9d7a1404a62a,c9490d83bfa88e43,3543,200,securityInfoCheck,ts-security-service
1650486218,ts-security-service,4c00a028ac44521d,18ed5f407683452a,c9490d83bfa88e43,4631,200,GET,ts-security-service
1650486218,ts-preserve-service,bc358351a9176dbe,c9490d83bfa88e43,c9490d83bfa88e43,16159,200,GET,ts-preserve-service
1650486218,ts-security-service,3d6b9d7a1404a62a,18ed5f407683452a,c9490d83bfa88e43,4975,200,GET,ts-security-service
1650486218,ts-preserve-service,2081c67ffc389b92,c9490d83bfa88e43,c9490d83bfa88e43,3431,200,GET,ts-preserve-service
1650486218,ts-order-other-service,51177b98527b225f,4c00a028ac44521d,c9490d83bfa88e43,3262,200,securityInfoCheck,ts-security-service
1650486218,ts-preserve-service,c9490d83bfa88e43,,c9490d83bfa88e43,29215,200,preserve,no_parent
1650486219,ts-route-service,3c26deb92d3f958e,9dd1172dd21200ec,1517be0d87d7899e,2138,200,queryById,ts-travel-service
1650486219,ts-route-service,dd311e3369ed40cc,bb5829755f2663f5,1517be0d87d7899e,2262,200,queryById,ts-travel-service
1650486219,ts-route-service,472432a88981f238,32a2bf456d004f8c,1517be0d87d7899e,2066,200,queryById,ts-travel-service
1650486219,ts-basic-service,f4d4d0ac612645df,66fb05e2d7e851f8,1517be0d87d7899e,4598,200,queryForStationId,ts-ticketinfo-service
1650486219,ts-travel-service,c46048cbe7116e74,1517be0d87d7899e,1517be0d87d7899e,4177,200,GET,ts-travel-service
1650486219,ts-basic-service,5dd850bb8b8d5ac,e6c9d33b56cf626b,1517be0d87d7899e,5817,200,queryForStationId,ts-ticketinfo-service
1650486219,ts-station-service,d6ca7e8cda7565c7,456875d80829c91f,1517be0d87d7899e,2164,200,queryForStationId,ts-basic-service
1650486219,ts-basic-service,24089a3ac8fb1ba3,5dd850bb8b8d5ac,1517be0d87d7899e,3611,200,GET,ts-basic-service
1650486219,ts-travel-service,dc30fb969dedbbcb,1517be0d87d7899e,1517be0d87d7899e,2633,200,GET,ts-travel-service
1650486219,ts-travel-service,fdef1505d8f465fa,1517be0d87d7899e,1517be0d87d7899e,7487,200,GET,ts-travel-service
1650486219,ts-travel-service,3ffbf52cba0c314e,1517be0d87d7899e,1517be0d87d7899e,10005,200,GET,ts-travel-service
1650486219,ts-ticketinfo-service,4c446459259314f8,3ffbf52cba0c314e,1517be0d87d7899e,8573,200,queryForStationId,ts-travel-service
1650486219,ts-ticketinfo-service,e6c9d33b56cf626b,4c446459259314f8,1517be0d87d7899e,6705,200,GET,ts-ticketinfo-service
1650486219,ts-basic-service,456875d80829c91f,f4d4d0ac612645df,1517be0d87d7899e,2764,200,GET,ts-basic-service
1650486219,ts-travel-service,bb5829755f2663f5,1517be0d87d7899e,1517be0d87d7899e,2301,200,GET,ts-travel-service
1650486219,ts-travel-service,1517be0d87d7899e,,1517be0d87d7899e,41954,200,queryInfo,no_parent
1650486219,ts-travel-service,32a2bf456d004f8c,1517be0d87d7899e,1517be0d87d7899e,2200,200,GET,ts-travel-service
1650486219,ts-route-service,d420398ba0da9ec4,c46048cbe7116e74,1517be0d87d7899e,2643,200,queryById,ts-travel-service
1650486219,ts-station-service,5cb2d66b595cfb9b,24089a3ac8fb1ba3,1517be0d87d7899e,2511,200,queryForStationId,ts-basic-service
1650486219,ts-ticketinfo-service,fe239b0756b1f19a,fdef1505d8f465fa,1517be0d87d7899e,7059,200,queryForStationId,ts-travel-service
1650486219,ts-travel-service,9dd1172dd21200ec,1517be0d87d7899e,1517be0d87d7899e,2261,200,GET,ts-travel-service
1650486219,ts-ticketinfo-service,66fb05e2d7e851f8,fe239b0756b1f19a,1517be0d87d7899e,5196,200,GET,ts-ticketinfo-service
1650486219,ts-route-service,462ee49ed70ac2b2,dc30fb969dedbbcb,1517be0d87d7899e,2200,200,queryById,ts-travel-service
1650486219,ts-assurance-service,a3a7d25b642592cc,,a3a7d25b642592cc,1613,200,getAllAssuranceType,no_parent
1650486279,ts-basic-service,78afa39b941d26ae,94d10fdf98dbdf4a,177c2cc8fc1650ce,5805,200,queryForStationId,ts-ticketinfo-service
1650486279,ts-station-service,3fc028023259cfc3,81737f6fb6a9dac3,177c2cc8fc1650ce,2210,200,queryForStationId,ts-basic-service
1650486279,ts-verification-code-service,b159499b3f5c11ca,1c42b214b630859a,4ca1e92f90bc3f85,1706,200,verifyCode,ts-auth-service
1650486279,ts-auth-service,1c42b214b630859a,4ca1e92f90bc3f85,4ca1e92f90bc3f85,3457,200,GET,ts-auth-service
1650486279,ts-security-service,f232dbc90d74d6a7,5fe660db687851cd,dd4f4672afdf26db,4477,200,GET,ts-security-service
1650486279,ts-basic-service,e08a900650d69b9,1bc77a76ceb7a7fe,177c2cc8fc1650ce,2761,200,GET,ts-basic-service
1650486279,ts-basic-service,1bc77a76ceb7a7fe,357eb934a97c5834,177c2cc8fc1650ce,4860,200,queryForStationId,ts-ticketinfo-service
1650486279,ts-travel-service,9ed6967755c7c72b,177c2cc8fc1650ce,177c2cc8fc1650ce,10731,200,GET,ts-travel-service
1650486279,ts-station-service,76b655acd3ee3c87,e08a900650d69b9,177c2cc8fc1650ce,2079,200,queryForStationId,ts-basic-service
1650486279,ts-travel-service,a5e7471f416251b9,177c2cc8fc1650ce,177c2cc8fc1650ce,2309,200,GET,ts-travel-service
1650486279,ts-preserve-service,6c640e5045c3d932,dd4f4672afdf26db,dd4f4672afdf26db,15815,200,GET,ts-preserve-service
1650486279,ts-preserve-service,da63918cc9642203,dd4f4672afdf26db,dd4f4672afdf26db,3770,200,GET,ts-preserve-service
1650486279,ts-preserve-service,dd4f4672afdf26db,,dd4f4672afdf26db,22323,200,preserve,no_parent
1650486279,ts-contacts-service,60b62e994046ac30,da63918cc9642203,dd4f4672afdf26db,2604,200,getContactsByContactsId,ts-preserve-service
1650486279,ts-order-service,6604d216138d1ff,7528d7e3082f6d79,dd4f4672afdf26db,3557,200,securityInfoCheck,ts-security-service
1650486279,ts-travel-service,177c2cc8fc1650ce,,177c2cc8fc1650ce,42999,200,queryInfo,no_parent
1650486279,ts-auth-service,4ca1e92f90bc3f85,,4ca1e92f90bc3f85,112927,200,getToken,no_parent
1650486279,ts-security-service,7528d7e3082f6d79,5fe660db687851cd,dd4f4672afdf26db,5081,200,GET,ts-security-service
1650486279,ts-route-service,f587f367141c4767,21a0a338cf563dc3,177c2cc8fc1650ce,2609,200,queryById,ts-travel-service
1650486279,ts-travel-service,ac8ba63649ee561e,177c2cc8fc1650ce,177c2cc8fc1650ce,4013,200,GET,ts-travel-service
1650486279,ts-ticketinfo-service,fb8891075d20f728,9ed6967755c7c72b,177c2cc8fc1650ce,9241,200,queryForStationId,ts-travel-service
1650486279,ts-route-service,14ecb579a312eab3,fc610b07a8ab1938,177c2cc8fc1650ce,2203,200,queryById,ts-travel-service
1650486279,ts-ticketinfo-service,cf9834199630b2fd,84cb70241be21ae2,177c2cc8fc1650ce,7600,200,queryForStationId,ts-travel-service
1650486279,ts-basic-service,81737f6fb6a9dac3,78afa39b941d26ae,177c2cc8fc1650ce,3332,200,GET,ts-basic-service
1650486279,ts-travel-service,8e2c20eac86e2d83,177c2cc8fc1650ce,177c2cc8fc1650ce,2298,200,GET,ts-travel-service
1650486279,ts-ticketinfo-service,357eb934a97c5834,cf9834199630b2fd,177c2cc8fc1650ce,5605,200,GET,ts-ticketinfo-service
1650486279,ts-travel-service,84cb70241be21ae2,177c2cc8fc1650ce,177c2cc8fc1650ce,8020,200,GET,ts-travel-service
1650486279,ts-travel-service,fc610b07a8ab1938,177c2cc8fc1650ce,177c2cc8fc1650ce,2329,200,GET,ts-travel-service
1650486279,ts-route-service,15b27c634432cd5f,a5e7471f416251b9,177c2cc8fc1650ce,2182,200,queryById,ts-travel-service
1650486279,ts-route-service,8e7bb16a4a7b8588,8e2c20eac86e2d83,177c2cc8fc1650ce,2182,200,queryById,ts-travel-service
1650486279,ts-route-service,337c9508eff6bda3,ac8ba63649ee561e,177c2cc8fc1650ce,2630,200,queryById,ts-travel-service
1650486279,ts-ticketinfo-service,94d10fdf98dbdf4a,fb8891075d20f728,177c2cc8fc1650ce,6807,200,GET,ts-ticketinfo-service
1650486279,ts-travel-service,21a0a338cf563dc3,177c2cc8fc1650ce,177c2cc8fc1650ce,2987,200,GET,ts-travel-service
1650486279,ts-assurance-service,18982c5625bb93fa,,18982c5625bb93fa,1613,200,getAllAssuranceType,no_parent
1650486279,ts-order-other-service,f6cd361a1c8fcaf5,f232dbc90d74d6a7,dd4f4672afdf26db,3133,200,securityInfoCheck,ts-security-service
1650486279,ts-security-service,5fe660db687851cd,6c640e5045c3d932,dd4f4672afdf26db,14131,200,check,ts-preserve-service
1650486339,ts-security-service,816ceb7bcd91da01,6b380ee27551548,e13325743e239943,20931,200,check,ts-preserve-service
1650486339,ts-security-service,c00b9e6b1d515bb8,816ceb7bcd91da01,e13325743e239943,4846,200,GET,ts-security-service
1650486339,ts-ticketinfo-service,86bff4e530051f18,d93a1cb19ca161d7,305312b026a3a68a,9186,200,queryForStationId,ts-travel-service
1650486339,ts-ticketinfo-service,bacd1084ba9d6478,20dfb8d3c4ba7199,305312b026a3a68a,5948,200,GET,ts-ticketinfo-service
1650486339,ts-basic-service,dc9579b424c3114d,7ffa57d2ebe2072,305312b026a3a68a,3371,200,GET,ts-basic-service
1650486339,ts-station-service,21c0479cc6e9f794,5cfab7a69a42f3b,305312b026a3a68a,2042,200,queryForStationId,ts-basic-service
1650486339,ts-station-service,2e1ac0df82e20174,dc9579b424c3114d,305312b026a3a68a,2265,200,queryForStationId,ts-basic-service
1650486339,ts-ticketinfo-service,7488d6ce8764c831,86bff4e530051f18,305312b026a3a68a,6851,200,GET,ts-ticketinfo-service
1650486339,ts-ticketinfo-service,20dfb8d3c4ba7199,46de89f2b8698cab,305312b026a3a68a,7993,200,queryForStationId,ts-travel-service
1650486339,ts-travel-service,305312b026a3a68a,,305312b026a3a68a,44703,200,queryInfo,no_parent
1650486339,ts-travel-service,3537e660bbf2d5fa,305312b026a3a68a,305312b026a3a68a,2318,200,GET,ts-travel-service
1650486339,ts-travel-service,bfb515917ba6686b,305312b026a3a68a,305312b026a3a68a,2771,200,GET,ts-travel-service
1650486339,ts-route-service,42dac3d093d52720,bfb515917ba6686b,305312b026a3a68a,2300,200,queryById,ts-travel-service
1650486339,ts-route-service,90a9b411d4b2c256,a4231663392c90ec,305312b026a3a68a,2912,200,queryById,ts-travel-service
1650486339,ts-route-service,7872a1f2c414dd34,c83b335995b064e3,305312b026a3a68a,2273,200,queryById,ts-travel-service
1650486339,ts-route-service,d7f27e3d23365f70,3537e660bbf2d5fa,305312b026a3a68a,2171,200,queryById,ts-travel-service
1650486339,ts-preserve-service,e13325743e239943,,e13325743e239943,29157,200,preserve,no_parent
1650486339,ts-order-other-service,66f3d995fed55bb1,c00b9e6b1d515bb8,e13325743e239943,3428,200,securityInfoCheck,ts-security-service
1650486339,ts-security-service,9015084454d39041,816ceb7bcd91da01,e13325743e239943,11462,200,GET,ts-security-service
1650486339,ts-contacts-service,45fbcf9b07d9269b,6d12135556a0288b,e13325743e239943,2309,200,getContactsByContactsId,ts-preserve-service
1650486339,ts-route-service,b4abe14ae5f280ed,e37431a26a6013dd,305312b026a3a68a,2147,200,queryById,ts-travel-service
1650486339,ts-order-service,ad05121a04c071a6,9015084454d39041,e13325743e239943,3583,200,securityInfoCheck,ts-security-service
1650486339,ts-preserve-service,6b380ee27551548,e13325743e239943,e13325743e239943,22449,200,GET,ts-preserve-service
1650486339,ts-preserve-service,6d12135556a0288b,e13325743e239943,e13325743e239943,3581,200,GET,ts-preserve-service
1650486339,ts-travel-service,e37431a26a6013dd,305312b026a3a68a,305312b026a3a68a,2284,200,GET,ts-travel-service
1650486339,ts-travel-service,c83b335995b064e3,305312b026a3a68a,305312b026a3a68a,2364,200,GET,ts-travel-service
1650486339,ts-travel-service,a4231663392c90ec,305312b026a3a68a,305312b026a3a68a,4362,200,GET,ts-travel-service
1650486339,ts-basic-service,5cfab7a69a42f3b,8855014550305e7a,305312b026a3a68a,2702,200,GET,ts-basic-service
1650486339,ts-travel-service,d93a1cb19ca161d7,305312b026a3a68a,305312b026a3a68a,10873,200,GET,ts-travel-service
1650486339,ts-travel-service,46de89f2b8698cab,305312b026a3a68a,305312b026a3a68a,8383,200,GET,ts-travel-service
1650486339,ts-basic-service,7ffa57d2ebe2072,7488d6ce8764c831,305312b026a3a68a,5768,200,queryForStationId,ts-ticketinfo-service
1650486339,ts-basic-service,8855014550305e7a,bacd1084ba9d6478,305312b026a3a68a,4820,200,queryForStationId,ts-ticketinfo-service
1650486339,ts-verification-code-service,415d8b2d7c30ce78,3270f4792cb84aff,7728fe5714bc7d75,1867,200,verifyCode,ts-auth-service
1650486339,ts-auth-service,3270f4792cb84aff,7728fe5714bc7d75,7728fe5714bc7d75,3623,200,GET,ts-auth-service
1650486339,ts-auth-service,7728fe5714bc7d75,,7728fe5714bc7d75,113001,200,getToken,no_parent
1650486339,ts-assurance-service,59c71eee2cf7a44,,59c71eee2cf7a44,1818,200,getAllAssuranceType,no_parent
1650486399,ts-travel-service,8b73ae606e825663,53d953408d2b649b,53d953408d2b649b,2319,200,GET,ts-travel-service
1650486399,ts-route-service,2c65cf882c11c0b4,8b73ae606e825663,53d953408d2b649b,2172,200,queryById,ts-travel-service
1650486399,ts-route-service,c6c106d557a4e601,a2b2cca11ad51ad2,53d953408d2b649b,2200,200,queryById,ts-travel-service
1650486399,ts-ticketinfo-service,f5519b34d42be1f4,c60f9ed05db5b706,53d953408d2b649b,7335,200,queryForStationId,ts-travel-service
1650486399,ts-ticketinfo-service,5c5b02753cd19f6,4035b9fc480404b9,53d953408d2b649b,7211,200,GET,ts-ticketinfo-service
1650486399,ts-basic-service,ebe3b9a1863d0ab6,7addb8f1dc42e57a,53d953408d2b649b,3324,200,GET,ts-basic-service
1650486399,ts-basic-service,b23b8e2f70470b47,66df9c76524247cf,53d953408d2b649b,2757,200,GET,ts-basic-service
1650486399,ts-route-service,8f98157562d86c0f,af954a1485372be0,53d953408d2b649b,2165,200,queryById,ts-travel-service
1650486399,ts-ticketinfo-service,4035b9fc480404b9,932fd5f54fa486b6,53d953408d2b649b,10244,200,queryForStationId,ts-travel-service
1650486399,ts-ticketinfo-service,12490b4c4d68d197,f5519b34d42be1f4,53d953408d2b649b,5430,200,GET,ts-ticketinfo-service
1650486399,ts-station-service,8a6c2188405f2689,b23b8e2f70470b47,53d953408d2b649b,2071,200,queryForStationId,ts-basic-service
1650486399,ts-preserve-service,2f128e5adabefd5f,8fa8325dfcb97183,8fa8325dfcb97183,14433,200,GET,ts-preserve-service
1650486399,ts-station-service,1ba5bbd66ea523a9,ebe3b9a1863d0ab6,53d953408d2b649b,2277,200,queryForStationId,ts-basic-service
1650486399,ts-travel-service,932fd5f54fa486b6,53d953408d2b649b,53d953408d2b649b,11877,200,GET,ts-travel-service
1650486399,ts-travel-service,c60f9ed05db5b706,53d953408d2b649b,53d953408d2b649b,7683,200,GET,ts-travel-service
1650486399,ts-security-service,fff483f63280c00a,794703452775477d,8fa8325dfcb97183,4396,200,GET,ts-security-service
1650486399,ts-preserve-service,8fa8325dfcb97183,,8fa8325dfcb97183,20854,200,preserve,no_parent
1650486399,ts-contacts-service,54e723997139d8c,d019dc4abb564dc5,8fa8325dfcb97183,2244,200,getContactsByContactsId,ts-preserve-service
1650486399,ts-travel-service,c8d7ca08694dfda6,53d953408d2b649b,53d953408d2b649b,2659,200,GET,ts-travel-service
1650486399,ts-security-service,a7c9398f4c9d4646,794703452775477d,8fa8325dfcb97183,4596,200,GET,ts-security-service
1650486399,ts-order-other-service,f2ee36b9b3f7cada,fff483f63280c00a,8fa8325dfcb97183,3132,200,securityInfoCheck,ts-security-service
1650486399,ts-security-service,794703452775477d,2f128e5adabefd5f,8fa8325dfcb97183,12905,200,check,ts-preserve-service
1650486399,ts-route-service,1086c2df6b25a889,bf6ab544b6675dc9,53d953408d2b649b,2658,200,queryById,ts-travel-service
1650486399,ts-route-service,9b6d36199a5c127d,c8d7ca08694dfda6,53d953408d2b649b,2199,200,queryById,ts-travel-service
1650486399,ts-travel-service,bf6ab544b6675dc9,53d953408d2b649b,53d953408d2b649b,4071,200,GET,ts-travel-service
1650486399,ts-travel-service,53d953408d2b649b,,53d953408d2b649b,43255,200,queryInfo,no_parent
1650486399,ts-preserve-service,d019dc4abb564dc5,8fa8325dfcb97183,8fa8325dfcb97183,3390,200,GET,ts-preserve-service
1650486399,ts-order-service,76c8d21f16b6f727,a7c9398f4c9d4646,8fa8325dfcb97183,3501,200,securityInfoCheck,ts-security-service
1650486399,ts-travel-service,a2b2cca11ad51ad2,53d953408d2b649b,53d953408d2b649b,2341,200,GET,ts-travel-service
1650486399,ts-basic-service,66df9c76524247cf,12490b4c4d68d197,53d953408d2b649b,4813,200,queryForStationId,ts-ticketinfo-service
1650486399,ts-basic-service,7addb8f1dc42e57a,5c5b02753cd19f6,53d953408d2b649b,5711,200,queryForStationId,ts-ticketinfo-service
1650486399,ts-travel-service,af954a1485372be0,53d953408d2b649b,53d953408d2b649b,2295,200,GET,ts-travel-service
1650486399,ts-assurance-service,4815740246786cb9,,4815740246786cb9,1639,200,getAllAssuranceType,no_parent
1650486399,ts-auth-service,8f28ccf86e4f00c7,809b5d30ef937a33,809b5d30ef937a33,13850,200,GET,ts-auth-service
1650486399,ts-verification-code-service,e91ee32d760f110b,8f28ccf86e4f00c7,809b5d30ef937a33,12716,200,verifyCode,ts-auth-service
1650486399,ts-auth-service,809b5d30ef937a33,,809b5d30ef937a33,124313,200,getToken,no_parent
1650486460,ts-route-service,69d08ab1a94119d,fad59e2799889dbc,8800d78db869817f,2280,200,queryById,ts-travel-service
1650486460,ts-basic-service,14d1382f635d7e,92eda1580676a3ad,8800d78db869817f,4805,200,queryForStationId,ts-ticketinfo-service
1650486460,ts-route-service,c72281933d249966,707902a5a4eca8f,8800d78db869817f,1622,200,queryById,ts-travel-service
1650486460,ts-travel-service,abae21194b9ebbf4,8800d78db869817f,8800d78db869817f,2324,200,GET,ts-travel-service
1650486460,ts-travel-service,96b93247aa092b81,8800d78db869817f,8800d78db869817f,3965,200,GET,ts-travel-service
1650486460,ts-contacts-service,1783898953850606,7c1cafda0deef35f,c0ea637dfa48b8e9,2331,200,getContactsByContactsId,ts-preserve-service
1650486460,ts-security-service,81a6b9f26dd636a6,fbdb2736a3ae014d,c0ea637dfa48b8e9,5088,200,GET,ts-security-service
1650486460,ts-travel-service,fad59e2799889dbc,8800d78db869817f,8800d78db869817f,2436,200,GET,ts-travel-service
1650486460,ts-route-service,82d5011145685fd7,96b93247aa092b81,8800d78db869817f,2685,200,queryById,ts-travel-service
1650486460,ts-travel-service,707902a5a4eca8f,8800d78db869817f,8800d78db869817f,2038,200,GET,ts-travel-service
1650486460,ts-ticketinfo-service,f61a432e78afbd8d,93d5cbc4be66ec90,8800d78db869817f,9322,200,queryForStationId,ts-travel-service
1650486460,ts-ticketinfo-service,539198714225ee5b,f7fbebbf19d009a8,8800d78db869817f,7531,200,queryForStationId,ts-travel-service
1650486460,ts-ticketinfo-service,92eda1580676a3ad,539198714225ee5b,8800d78db869817f,5504,200,GET,ts-ticketinfo-service
1650486460,ts-travel-service,e9ffccdd658955a5,8800d78db869817f,8800d78db869817f,2328,200,GET,ts-travel-service
1650486460,ts-travel-service,f7fbebbf19d009a8,8800d78db869817f,8800d78db869817f,8076,200,GET,ts-travel-service
1650486460,ts-basic-service,b4a55adc4f8081c2,8bdcc0a9edb65491,8800d78db869817f,5749,200,queryForStationId,ts-ticketinfo-service
1650486460,ts-travel-service,8800d78db869817f,,8800d78db869817f,49850,200,queryInfo,no_parent
1650486460,ts-basic-service,64a142d0b5799aa0,b4a55adc4f8081c2,8800d78db869817f,3321,200,GET,ts-basic-service
1650486460,ts-order-service,f2e829e3dfa5f00c,6ec148e53203a62c,c0ea637dfa48b8e9,2984,200,securityInfoCheck,ts-security-service
1650486460,ts-ticketinfo-service,8bdcc0a9edb65491,f61a432e78afbd8d,8800d78db869817f,6988,200,GET,ts-ticketinfo-service
1650486460,ts-route-service,ddca77ab559f2fe0,e9ffccdd658955a5,8800d78db869817f,9653,200,queryById,ts-travel-service
1650486460,ts-route-service,4302c93c898e8a4b,abae21194b9ebbf4,8800d78db869817f,2196,200,queryById,ts-travel-service
1650486460,ts-travel-service,93d5cbc4be66ec90,8800d78db869817f,8800d78db869817f,10823,200,GET,ts-travel-service
1650486460,ts-basic-service,abfaf880b88ae1d0,14d1382f635d7e,8800d78db869817f,2898,200,GET,ts-basic-service
1650486460,ts-station-service,8d34f2a1890373eb,abfaf880b88ae1d0,8800d78db869817f,1995,200,queryForStationId,ts-basic-service
1650486460,ts-auth-service,8accd6c64e55420a,,8accd6c64e55420a,113526,200,getToken,no_parent
1650486460,ts-preserve-service,7c1cafda0deef35f,c0ea637dfa48b8e9,c0ea637dfa48b8e9,3567,200,GET,ts-preserve-service
1650486460,ts-preserve-service,c0ea637dfa48b8e9,,c0ea637dfa48b8e9,23068,200,preserve,no_parent
1650486460,ts-preserve-service,2e647e336ad6eaf1,c0ea637dfa48b8e9,c0ea637dfa48b8e9,16576,200,GET,ts-preserve-service
1650486460,ts-order-other-service,86e65cd3cebc559c,81a6b9f26dd636a6,c0ea637dfa48b8e9,3586,200,securityInfoCheck,ts-security-service
1650486460,ts-security-service,6ec148e53203a62c,fbdb2736a3ae014d,c0ea637dfa48b8e9,4788,200,GET,ts-security-service
1650486460,ts-security-service,fbdb2736a3ae014d,2e647e336ad6eaf1,c0ea637dfa48b8e9,14880,200,check,ts-preserve-service
1650486460,ts-station-service,62a76ee6b90c90ea,64a142d0b5799aa0,8800d78db869817f,2199,200,queryForStationId,ts-basic-service
1650486460,ts-assurance-service,dbbe6cec6c18891a,,dbbe6cec6c18891a,1646,200,getAllAssuranceType,no_parent
1650486460,ts-verification-code-service,7bcd04bec3e955d1,7863a66c4d0c6742,8accd6c64e55420a,2176,200,verifyCode,ts-auth-service
1650486460,ts-auth-service,7863a66c4d0c6742,8accd6c64e55420a,8accd6c64e55420a,4050,200,GET,ts-auth-service
1650486520,ts-preserve-service,94c543506a850703,,94c543506a850703,21969,200,preserve,no_parent
1650486520,ts-contacts-service,af630de4ac1b4dbb,3c49d2078f5078f0,94c543506a850703,2272,200,getContactsByContactsId,ts-preserve-service
1650486520,ts-auth-service,fa71a77b8835778c,,fa71a77b8835778c,112795,200,getToken,no_parent
1650486520,ts-order-service,f420a0beed2579ff,e34b83f2f87bd243,94c543506a850703,3538,200,securityInfoCheck,ts-security-service
1650486520,ts-preserve-service,69c7659af7f29a21,94c543506a850703,94c543506a850703,15601,200,GET,ts-preserve-service
1650486520,ts-travel-service,b12b9e4ea72ea4da,3f33df157575096b,3f33df157575096b,3388,200,GET,ts-travel-service
1650486520,ts-travel-service,be8f0622af6ac925,3f33df157575096b,3f33df157575096b,2556,200,GET,ts-travel-service
1650486520,ts-travel-service,3545f908b4f43414,3f33df157575096b,3f33df157575096b,7737,200,GET,ts-travel-service
1650486520,ts-travel-service,3f33df157575096b,,3f33df157575096b,43533,200,queryInfo,no_parent
1650486520,ts-travel-service,3497ce2b41b1aeb6,3f33df157575096b,3f33df157575096b,2266,200,GET,ts-travel-service
1650486520,ts-travel-service,4c5981607c777a99,3f33df157575096b,3f33df157575096b,2274,200,GET,ts-travel-service
1650486520,ts-travel-service,684f14a3047a142f,3f33df157575096b,3f33df157575096b,10918,200,GET,ts-travel-service
1650486520,ts-route-service,9b0b1f7fa1f3bf11,b12b9e4ea72ea4da,3f33df157575096b,2508,200,queryById,ts-travel-service
1650486520,ts-ticketinfo-service,780e4e23c0715335,f8072e2ce5c74162,3f33df157575096b,7107,200,GET,ts-ticketinfo-service
1650486520,ts-ticketinfo-service,f8072e2ce5c74162,684f14a3047a142f,3f33df157575096b,9364,200,queryForStationId,ts-travel-service
1650486520,ts-ticketinfo-service,1646908291c536a2,adc226ab80b71545,3f33df157575096b,5389,200,GET,ts-ticketinfo-service
1650486520,ts-basic-service,2f0a3642aa5971c5,1646908291c536a2,3f33df157575096b,4695,200,queryForStationId,ts-ticketinfo-service
1650486520,ts-station-service,8cd45818206bea78,6b6ca6e6e44c6b53,3f33df157575096b,2355,200,queryForStationId,ts-basic-service
1650486520,ts-assurance-service,30eae4784e79fd85,,30eae4784e79fd85,1607,200,getAllAssuranceType,no_parent
1650486520,ts-travel-service,126c3de7db19bf99,3f33df157575096b,3f33df157575096b,3937,200,GET,ts-travel-service
1650486520,ts-route-service,b601583f70253f7f,126c3de7db19bf99,3f33df157575096b,2611,200,queryById,ts-travel-service
1650486520,ts-route-service,8c72c02f4f7ab2c2,be8f0622af6ac925,3f33df157575096b,2170,200,queryById,ts-travel-service
1650486520,ts-route-service,346f2a0bfee0e9e1,3497ce2b41b1aeb6,3f33df157575096b,2113,200,queryById,ts-travel-service
1650486520,ts-route-service,efce9079d9733591,4c5981607c777a99,3f33df157575096b,2134,200,queryById,ts-travel-service
1650486520,ts-ticketinfo-service,adc226ab80b71545,3545f908b4f43414,3f33df157575096b,7316,200,queryForStationId,ts-travel-service
1650486520,ts-basic-service,6b6ca6e6e44c6b53,6fca47c41b243368,3f33df157575096b,3405,200,GET,ts-basic-service
1650486520,ts-basic-service,6fca47c41b243368,780e4e23c0715335,3f33df157575096b,5927,200,queryForStationId,ts-ticketinfo-service
1650486520,ts-basic-service,9511fa5c27165936,2f0a3642aa5971c5,3f33df157575096b,2736,200,GET,ts-basic-service
1650486520,ts-station-service,24467389a123c356,9511fa5c27165936,3f33df157575096b,2113,200,queryForStationId,ts-basic-service
1650486520,ts-security-service,e34b83f2f87bd243,f85adeabd1e53ad2,94c543506a850703,4941,200,GET,ts-security-service
1650486520,ts-security-service,2997aa8acb625203,f85adeabd1e53ad2,94c543506a850703,4402,200,GET,ts-security-service
1650486520,ts-preserve-service,3c49d2078f5078f0,94c543506a850703,94c543506a850703,3530,200,GET,ts-preserve-service
1650486520,ts-order-other-service,d931817ff22e926e,2997aa8acb625203,94c543506a850703,3123,200,securityInfoCheck,ts-security-service
1650486520,ts-security-service,f85adeabd1e53ad2,69c7659af7f29a21,94c543506a850703,14174,200,check,ts-preserve-service
1650486520,ts-verification-code-service,59c948a3210162c,c0b237b16f27eb33,fa71a77b8835778c,1846,200,verifyCode,ts-auth-service
1650486520,ts-auth-service,c0b237b16f27eb33,fa71a77b8835778c,fa71a77b8835778c,3474,200,GET,ts-auth-service
1650486580,ts-route-service,81ec5ced70332f2c,e9b2b63a533d311c,32a76623b3eb4d28,2158,200,queryById,ts-travel-service
1650486580,ts-contacts-service,d2a7371c3ef14fa7,da3ba782cb6aa53e,f06d0a4619cd6886,2424,200,getContactsByContactsId,ts-preserve-service
1650486580,ts-order-service,1a14268af6181b16,7c9004a00d74123b,f06d0a4619cd6886,3488,200,securityInfoCheck,ts-security-service
1650486580,ts-preserve-service,f06d0a4619cd6886,,f06d0a4619cd6886,22249,200,preserve,no_parent
1650486580,ts-travel-service,32a76623b3eb4d28,,32a76623b3eb4d28,42963,200,queryInfo,no_parent
1650486580,ts-route-service,50daaa3d1893f2a9,9ef8d8c09466ae8b,32a76623b3eb4d28,2617,200,queryById,ts-travel-service
1650486580,ts-route-service,3a2213deada30ad8,8d4970b378e0ebe5,32a76623b3eb4d28,2156,200,queryById,ts-travel-service
1650486580,ts-ticketinfo-service,6a4dfcee23196439,c6305d368c9eaede,32a76623b3eb4d28,5632,200,GET,ts-ticketinfo-service
1650486580,ts-route-service,ccad8cdda7c7c1e5,9e86f676e5718372,32a76623b3eb4d28,2159,200,queryById,ts-travel-service
1650486580,ts-route-service,81faa91a44d6e9eb,a537d2550ad1db39,32a76623b3eb4d28,2156,200,queryById,ts-travel-service
1650486580,ts-ticketinfo-service,a220f53388f4a80e,267adb9601475d96,32a76623b3eb4d28,7374,200,GET,ts-ticketinfo-service
1650486580,ts-ticketinfo-service,c6305d368c9eaede,2f91a5329c29a23,32a76623b3eb4d28,7656,200,queryForStationId,ts-travel-service
1650486580,ts-station-service,cf9683ff1ce55e07,cdd13330135a0fa3,32a76623b3eb4d28,2559,200,queryForStationId,ts-basic-service
1650486580,ts-travel-service,8d4970b378e0ebe5,32a76623b3eb4d28,32a76623b3eb4d28,2580,200,GET,ts-travel-service
1650486580,ts-travel-service,2f91a5329c29a23,32a76623b3eb4d28,32a76623b3eb4d28,8157,200,GET,ts-travel-service
1650486580,ts-travel-service,e9b2b63a533d311c,32a76623b3eb4d28,32a76623b3eb4d28,2242,200,GET,ts-travel-service
1650486580,ts-preserve-service,b54e9bbe760ce4a0,f06d0a4619cd6886,f06d0a4619cd6886,15623,200,GET,ts-preserve-service
1650486580,ts-basic-service,6bf6a5fd8fe161d7,a220f53388f4a80e,32a76623b3eb4d28,6348,200,queryForStationId,ts-ticketinfo-service
1650486580,ts-basic-service,f3243e06e334fba7,8baeab091faa7d05,32a76623b3eb4d28,2899,200,GET,ts-basic-service
1650486580,ts-travel-service,9ef8d8c09466ae8b,32a76623b3eb4d28,32a76623b3eb4d28,3920,200,GET,ts-travel-service
1650486580,ts-travel-service,a537d2550ad1db39,32a76623b3eb4d28,32a76623b3eb4d28,2300,200,GET,ts-travel-service
1650486580,ts-travel-service,9e86f676e5718372,32a76623b3eb4d28,32a76623b3eb4d28,2284,200,GET,ts-travel-service
1650486580,ts-security-service,18f22641db840ff0,b54e9bbe760ce4a0,f06d0a4619cd6886,14035,200,check,ts-preserve-service
1650486580,ts-travel-service,5f02baa4253c903e,32a76623b3eb4d28,32a76623b3eb4d28,11311,200,GET,ts-travel-service
1650486580,ts-basic-service,cdd13330135a0fa3,6bf6a5fd8fe161d7,32a76623b3eb4d28,3722,200,GET,ts-basic-service
1650486580,ts-preserve-service,da3ba782cb6aa53e,f06d0a4619cd6886,f06d0a4619cd6886,3749,200,GET,ts-preserve-service
1650486580,ts-order-other-service,ae105e68af04a10a,b80c9682ab5463f8,f06d0a4619cd6886,3132,200,securityInfoCheck,ts-security-service
1650486580,ts-security-service,7c9004a00d74123b,18f22641db840ff0,f06d0a4619cd6886,4906,200,GET,ts-security-service
1650486580,ts-security-service,b80c9682ab5463f8,18f22641db840ff0,f06d0a4619cd6886,4523,200,GET,ts-security-service
1650486580,ts-ticketinfo-service,267adb9601475d96,5f02baa4253c903e,32a76623b3eb4d28,9852,200,queryForStationId,ts-travel-service
1650486580,ts-basic-service,8baeab091faa7d05,6a4dfcee23196439,32a76623b3eb4d28,4937,200,queryForStationId,ts-ticketinfo-service
1650486580,ts-station-service,358673c0c1dc1cc8,f3243e06e334fba7,32a76623b3eb4d28,2259,200,queryForStationId,ts-basic-service
1650486580,ts-assurance-service,ce92756164e6ddb,,ce92756164e6ddb,1642,200,getAllAssuranceType,no_parent
1650486580,ts-auth-service,d11512b125402133,,d11512b125402133,116003,200,getToken,no_parent
1650486580,ts-auth-service,92830fcc7236514b,d11512b125402133,d11512b125402133,4375,200,GET,ts-auth-service
1650486580,ts-verification-code-service,38640ea5097d29a5,92830fcc7236514b,d11512b125402133,2603,200,verifyCode,ts-auth-service
1650486640,ts-auth-service,5b07f1c85b084fd9,798d030b4c413e0e,798d030b4c413e0e,4030,200,GET,ts-auth-service
1650486640,ts-security-service,6b682d6cd37687b,ee1a4b97c3f32eae,e02e156c081fd97e,4674,200,GET,ts-security-service
1650486640,ts-auth-service,798d030b4c413e0e,,798d030b4c413e0e,113948,200,getToken,no_parent
1650486640,ts-preserve-service,e02e156c081fd97e,,e02e156c081fd97e,21131,200,preserve,no_parent
1650486640,ts-contacts-service,b79f8b3d6564af29,819a6c2b6236abce,e02e156c081fd97e,2312,200,getContactsByContactsId,ts-preserve-service
1650486640,ts-preserve-service,819a6c2b6236abce,e02e156c081fd97e,e02e156c081fd97e,3547,200,GET,ts-preserve-service
1650486640,ts-security-service,ec75c2dec841f36e,ee1a4b97c3f32eae,e02e156c081fd97e,4572,200,GET,ts-security-service
1650486640,ts-order-other-service,2b6a0625bfce6aa4,ec75c2dec841f36e,e02e156c081fd97e,3283,200,securityInfoCheck,ts-security-service
1650486640,ts-order-service,a32b886e8268cef9,6b682d6cd37687b,e02e156c081fd97e,3695,200,securityInfoCheck,ts-security-service
1650486640,ts-preserve-service,2d0ce5308a456a96,e02e156c081fd97e,e02e156c081fd97e,15041,200,GET,ts-preserve-service
1650486640,ts-security-service,ee1a4b97c3f32eae,2d0ce5308a456a96,e02e156c081fd97e,13404,200,check,ts-preserve-service
1650486640,ts-verification-code-service,483195770a027234,5b07f1c85b084fd9,798d030b4c413e0e,2210,200,verifyCode,ts-auth-service
1650486641,ts-travel-service,1f93f1982cd48087,5c88a9134dcfa2e,5c88a9134dcfa2e,2066,200,GET,ts-travel-service
1650486641,ts-travel-service,5c88a9134dcfa2e,,5c88a9134dcfa2e,39011,200,queryInfo,no_parent
1650486641,ts-travel-service,6ce7fe99d871af6d,5c88a9134dcfa2e,5c88a9134dcfa2e,2309,200,GET,ts-travel-service
1650486641,ts-station-service,bd9892c3763f5bd6,728478f4479d7e45,5c88a9134dcfa2e,2362,200,queryForStationId,ts-basic-service
1650486641,ts-route-service,e697c024c32962ac,a4d90079c6350dcc,5c88a9134dcfa2e,1905,200,queryById,ts-travel-service
1650486641,ts-route-service,8c5e9d833d55e2c9,1f93f1982cd48087,5c88a9134dcfa2e,1910,200,queryById,ts-travel-service
1650486641,ts-route-service,fc6109ceda5725e4,91d46e71235dcbdf,5c88a9134dcfa2e,2079,200,queryById,ts-travel-service
1650486641,ts-route-service,4b0a2f019e01499a,1e0852912825bece,5c88a9134dcfa2e,2654,200,queryById,ts-travel-service
1650486641,ts-travel-service,1e0852912825bece,5c88a9134dcfa2e,5c88a9134dcfa2e,3824,200,GET,ts-travel-service
1650486641,ts-travel-service,a4d90079c6350dcc,5c88a9134dcfa2e,5c88a9134dcfa2e,2038,200,GET,ts-travel-service
1650486641,ts-travel-service,e4aa85afb5596961,5c88a9134dcfa2e,5c88a9134dcfa2e,6382,200,GET,ts-travel-service
1650486641,ts-route-service,bc3c467b5fc430df,6ce7fe99d871af6d,5c88a9134dcfa2e,2171,200,queryById,ts-travel-service
1650486641,ts-station-service,6bfdd11376cc74e4,209e4c658c11e6b9,5c88a9134dcfa2e,1728,200,queryForStationId,ts-basic-service
1650486641,ts-basic-service,ab78c25c494fab96,90bfed0d8661ee51,5c88a9134dcfa2e,4111,200,queryForStationId,ts-ticketinfo-service
1650486641,ts-basic-service,728478f4479d7e45,92acea75fe630d7,5c88a9134dcfa2e,3245,200,GET,ts-basic-service
1650486641,ts-ticketinfo-service,90bfed0d8661ee51,3eaae8870e1eaa17,5c88a9134dcfa2e,4711,200,GET,ts-ticketinfo-service
1650486641,ts-ticketinfo-service,f509dddec121c3d1,43013e4f8f164123,5c88a9134dcfa2e,8382,200,queryForStationId,ts-travel-service
1650486641,ts-basic-service,92acea75fe630d7,6b0bcc5f0ac8c3be,5c88a9134dcfa2e,5000,200,queryForStationId,ts-ticketinfo-service
1650486641,ts-basic-service,209e4c658c11e6b9,ab78c25c494fab96,5c88a9134dcfa2e,2302,200,GET,ts-basic-service
1650486641,ts-travel-service,91d46e71235dcbdf,5c88a9134dcfa2e,5c88a9134dcfa2e,2494,200,GET,ts-travel-service
1650486641,ts-ticketinfo-service,3eaae8870e1eaa17,e4aa85afb5596961,5c88a9134dcfa2e,5930,200,queryForStationId,ts-travel-service
1650486641,ts-ticketinfo-service,6b0bcc5f0ac8c3be,f509dddec121c3d1,5c88a9134dcfa2e,6171,200,GET,ts-ticketinfo-service
1650486641,ts-travel-service,43013e4f8f164123,5c88a9134dcfa2e,5c88a9134dcfa2e,10402,200,GET,ts-travel-service
1650486641,ts-assurance-service,dddbd4f26e7990e1,,dddbd4f26e7990e1,1959,200,getAllAssuranceType,no_parent
1650486701,ts-travel-service,93a75238bc2347c,,93a75238bc2347c,42609,200,queryInfo,no_parent
1650486701,ts-station-service,a480ebcd162e6eec,803bb89d209242e6,93a75238bc2347c,2544,200,queryForStationId,ts-basic-service
1650486701,ts-station-service,d187b3c4e745d876,70bec531d74213b8,93a75238bc2347c,2258,200,queryForStationId,ts-basic-service
1650486701,ts-travel-service,60629c7fac8810fe,93a75238bc2347c,93a75238bc2347c,3865,200,GET,ts-travel-service
1650486701,ts-travel-service,8e0e6d042013d083,93a75238bc2347c,93a75238bc2347c,2519,200,GET,ts-travel-service
1650486701,ts-travel-service,2ec401f2f6fba02f,93a75238bc2347c,93a75238bc2347c,2303,200,GET,ts-travel-service
1650486701,ts-travel-service,6b7722d984939708,93a75238bc2347c,93a75238bc2347c,2350,200,GET,ts-travel-service
1650486701,ts-travel-service,c7f1834833d48c8a,93a75238bc2347c,93a75238bc2347c,2287,200,GET,ts-travel-service
1650486701,ts-travel-service,21c7703ffe9109b6,93a75238bc2347c,93a75238bc2347c,8590,200,GET,ts-travel-service
1650486701,ts-ticketinfo-service,1f507d3ff92a5f2a,21c7703ffe9109b6,93a75238bc2347c,8142,200,queryForStationId,ts-travel-service
1650486701,ts-ticketinfo-service,ceacc417ae4e48dd,1f507d3ff92a5f2a,93a75238bc2347c,6140,200,GET,ts-ticketinfo-service
1650486701,ts-ticketinfo-service,297dee328a1a0199,c2bebb268f60f7df,93a75238bc2347c,9957,200,queryForStationId,ts-travel-service
1650486701,ts-ticketinfo-service,48fd27121b16c71c,297dee328a1a0199,93a75238bc2347c,7399,200,GET,ts-ticketinfo-service
1650486701,ts-travel-service,c2bebb268f60f7df,93a75238bc2347c,93a75238bc2347c,11333,200,GET,ts-travel-service
1650486701,ts-basic-service,926d5b2b6265f030,ceacc417ae4e48dd,93a75238bc2347c,5407,200,queryForStationId,ts-ticketinfo-service
1650486701,ts-basic-service,70bec531d74213b8,926d5b2b6265f030,93a75238bc2347c,3398,200,GET,ts-basic-service
1650486701,ts-route-service,37400174cea83384,2ec401f2f6fba02f,93a75238bc2347c,2173,200,queryById,ts-travel-service
1650486701,ts-basic-service,803bb89d209242e6,1b01a0703282445f,93a75238bc2347c,3696,200,GET,ts-basic-service
1650486701,ts-basic-service,1b01a0703282445f,48fd27121b16c71c,93a75238bc2347c,6251,200,queryForStationId,ts-ticketinfo-service
1650486701,ts-preserve-service,f4ade086b6061f17,,f4ade086b6061f17,22719,200,preserve,no_parent
1650486701,ts-security-service,77f6ddf75fbc5533,4bc7144855781f21,f4ade086b6061f17,13806,200,check,ts-preserve-service
1650486701,ts-security-service,302cfda26a4d1936,77f6ddf75fbc5533,f4ade086b6061f17,4906,200,GET,ts-security-service
1650486701,ts-security-service,a5ecfc73223e02cc,77f6ddf75fbc5533,f4ade086b6061f17,4398,200,GET,ts-security-service
1650486701,ts-contacts-service,69a657239ed165d0,4011ff8c24f6c0a9,f4ade086b6061f17,2959,200,getContactsByContactsId,ts-preserve-service
1650486701,ts-order-service,fdd5cbb2831d0bad,302cfda26a4d1936,f4ade086b6061f17,3524,200,securityInfoCheck,ts-security-service
1650486701,ts-preserve-service,4011ff8c24f6c0a9,f4ade086b6061f17,f4ade086b6061f17,4064,200,GET,ts-preserve-service
1650486701,ts-route-service,99ad163a2adf3497,6b7722d984939708,93a75238bc2347c,2213,200,queryById,ts-travel-service
1650486701,ts-route-service,f5bbc80c67e4761,c7f1834833d48c8a,93a75238bc2347c,2190,200,queryById,ts-travel-service
1650486701,ts-route-service,3f718fa04d88ea47,60629c7fac8810fe,93a75238bc2347c,2691,200,queryById,ts-travel-service
1650486701,ts-route-service,c5ba97dfd957c5c8,8e0e6d042013d083,93a75238bc2347c,2097,200,queryById,ts-travel-service
1650486701,ts-preserve-service,4bc7144855781f21,f4ade086b6061f17,f4ade086b6061f17,15472,200,GET,ts-preserve-service
1650486701,ts-order-other-service,21a168aed4bf42e3,a5ecfc73223e02cc,f4ade086b6061f17,3118,200,securityInfoCheck,ts-security-service
1650486701,ts-assurance-service,faa4de155827812b,,faa4de155827812b,1623,200,getAllAssuranceType,no_parent
1650486701,ts-auth-service,33da552247567038,,33da552247567038,114953,200,getToken,no_parent
1650486701,ts-auth-service,a3abe4883a378774,33da552247567038,33da552247567038,3756,200,GET,ts-auth-service
1650486701,ts-verification-code-service,98f21687f7ae6e1c,a3abe4883a378774,33da552247567038,2006,200,verifyCode,ts-auth-service
1650486761,ts-station-service,c43e424d5997fee,9ffacd02ca5397bc,107c17d0f0a97f45,2253,200,queryForStationId,ts-basic-service
1650486761,ts-station-service,34a2e271b939a673,91d3bb31577ea89b,107c17d0f0a97f45,2152,200,queryForStationId,ts-basic-service
1650486761,ts-auth-service,624aed204ee99002,e1a3bc617622af,e1a3bc617622af,4026,200,GET,ts-auth-service
1650486761,ts-basic-service,91d3bb31577ea89b,8cefa8857ab10edf,107c17d0f0a97f45,2849,200,GET,ts-basic-service
1650486761,ts-basic-service,8cefa8857ab10edf,2e0dd164ecdac6ae,107c17d0f0a97f45,4822,200,queryForStationId,ts-ticketinfo-service
1650486761,ts-route-service,a245835f19e28206,6218e869f6cbf24e,107c17d0f0a97f45,2643,200,queryById,ts-travel-service
1650486761,ts-basic-service,f434168057d1fde5,43ba33dd6e3e63f9,107c17d0f0a97f45,6170,200,queryForStationId,ts-ticketinfo-service
1650486761,ts-auth-service,e1a3bc617622af,,e1a3bc617622af,114967,200,getToken,no_parent
1650486761,ts-route-service,a139de27d5c05ffd,d9edc69d1fe5c055,107c17d0f0a97f45,2112,200,queryById,ts-travel-service
1650486761,ts-travel-service,a358027dc99b50e4,107c17d0f0a97f45,107c17d0f0a97f45,2299,200,GET,ts-travel-service
1650486761,ts-travel-service,a3512a2ff129e716,107c17d0f0a97f45,107c17d0f0a97f45,7992,200,GET,ts-travel-service
1650486761,ts-travel-service,107c17d0f0a97f45,,107c17d0f0a97f45,42071,200,queryInfo,no_parent
1650486761,ts-travel-service,d9edc69d1fe5c055,107c17d0f0a97f45,107c17d0f0a97f45,2547,200,GET,ts-travel-service
1650486761,ts-contacts-service,2b344df5f1cf47e3,1a2aca6ca056ee0f,d53672af2a195b34,2117,200,getContactsByContactsId,ts-preserve-service
1650486761,ts-order-service,5a9cea2c20cc10fb,52ec105f4a884cb,d53672af2a195b34,3490,200,securityInfoCheck,ts-security-service
1650486761,ts-preserve-service,fbf7e131ef48a6cd,d53672af2a195b34,d53672af2a195b34,15739,200,GET,ts-preserve-service
1650486761,ts-security-service,84377d5ae4637b4a,fbf7e131ef48a6cd,d53672af2a195b34,14142,200,check,ts-preserve-service
1650486761,ts-security-service,ca8bd6a9e2f47377,84377d5ae4637b4a,d53672af2a195b34,4312,200,GET,ts-security-service
1650486761,ts-ticketinfo-service,2e0dd164ecdac6ae,1e354b02932a6d06,107c17d0f0a97f45,5485,200,GET,ts-ticketinfo-service
1650486761,ts-travel-service,3ae1911eeff2819d,107c17d0f0a97f45,107c17d0f0a97f45,2220,200,GET,ts-travel-service
1650486761,ts-travel-service,7f6af1f972167da6,107c17d0f0a97f45,107c17d0f0a97f45,11027,200,GET,ts-travel-service
1650486761,ts-travel-service,6218e869f6cbf24e,107c17d0f0a97f45,107c17d0f0a97f45,3917,200,GET,ts-travel-service
1650486761,ts-travel-service,482dd74d5e159f99,107c17d0f0a97f45,107c17d0f0a97f45,2247,200,GET,ts-travel-service
1650486761,ts-route-service,451386f995511492,3ae1911eeff2819d,107c17d0f0a97f45,2116,200,queryById,ts-travel-service
1650486761,ts-route-service,a0ca8848ccdc6f8e,a358027dc99b50e4,107c17d0f0a97f45,2168,200,queryById,ts-travel-service
1650486761,ts-route-service,79e75cbedc44dd46,482dd74d5e159f99,107c17d0f0a97f45,2120,200,queryById,ts-travel-service
1650486761,ts-ticketinfo-service,fcdba062ce349287,7f6af1f972167da6,107c17d0f0a97f45,9610,200,queryForStationId,ts-travel-service
1650486761,ts-ticketinfo-service,1e354b02932a6d06,a3512a2ff129e716,107c17d0f0a97f45,7526,200,queryForStationId,ts-travel-service
1650486761,ts-ticketinfo-service,43ba33dd6e3e63f9,fcdba062ce349287,107c17d0f0a97f45,7282,200,GET,ts-ticketinfo-service
1650486761,ts-basic-service,9ffacd02ca5397bc,f434168057d1fde5,107c17d0f0a97f45,3780,200,GET,ts-basic-service
1650486761,ts-preserve-service,1a2aca6ca056ee0f,d53672af2a195b34,d53672af2a195b34,3367,200,GET,ts-preserve-service
1650486761,ts-order-other-service,afd5ca1f58491165,ca8bd6a9e2f47377,d53672af2a195b34,3218,200,securityInfoCheck,ts-security-service
1650486761,ts-security-service,52ec105f4a884cb,84377d5ae4637b4a,d53672af2a195b34,5372,200,GET,ts-security-service
1650486761,ts-preserve-service,d53672af2a195b34,,d53672af2a195b34,21915,200,preserve,no_parent
1650486761,ts-verification-code-service,a9795dffbe8bdd9d,624aed204ee99002,e1a3bc617622af,2356,200,verifyCode,ts-auth-service
1650486761,ts-assurance-service,e9f900bd87bc2e40,,e9f900bd87bc2e40,1631,200,getAllAssuranceType,no_parent
1650486821,ts-assurance-service,1a6aaa1f27f2a9a9,,1a6aaa1f27f2a9a9,1808,200,getAllAssuranceType,no_parent
1650486821,ts-basic-service,7aa93750680d8648,af5edb79e01a7e6b,d33d4535c3aff7e3,3404,200,GET,ts-basic-service
1650486821,ts-basic-service,4ae710114b1c02f3,36b72eef25170d06,d33d4535c3aff7e3,2764,200,GET,ts-basic-service
1650486821,ts-basic-service,af5edb79e01a7e6b,1f7999491530f5fe,d33d4535c3aff7e3,5877,200,queryForStationId,ts-ticketinfo-service
1650486821,ts-basic-service,36b72eef25170d06,93fbedb64d02e4f,d33d4535c3aff7e3,4709,200,queryForStationId,ts-ticketinfo-service
1650486821,ts-route-service,1833b491d2e9944,48c2535a9ada7e6d,d33d4535c3aff7e3,2205,200,queryById,ts-travel-service
1650486821,ts-route-service,424e840ffdacd567,9f26ac06eb1f5b97,d33d4535c3aff7e3,2636,200,queryById,ts-travel-service
1650486821,ts-route-service,61e88e08a59ca1f6,b5cc42555246a988,d33d4535c3aff7e3,2166,200,queryById,ts-travel-service
1650486821,ts-route-service,21e32ba9211950ad,287f0152ce4ea8f5,d33d4535c3aff7e3,2115,200,queryById,ts-travel-service
1650486821,ts-ticketinfo-service,1f7999491530f5fe,31b64385a256b2b3,d33d4535c3aff7e3,7063,200,GET,ts-ticketinfo-service
1650486821,ts-ticketinfo-service,93fbedb64d02e4f,5e493c4891cdd591,d33d4535c3aff7e3,5495,200,GET,ts-ticketinfo-service
1650486821,ts-route-service,15c15f88f4875a32,ac932f18cbdf2436,d33d4535c3aff7e3,2166,200,queryById,ts-travel-service
1650486821,ts-ticketinfo-service,5e493c4891cdd591,af6056bb59adcf13,d33d4535c3aff7e3,7425,200,queryForStationId,ts-travel-service
1650486821,ts-security-service,eb300b40757bdb8a,5d5be8599ce96726,8eb24e01cec21372,14090,200,check,ts-preserve-service
1650486821,ts-security-service,7678a6480d4d1e4e,eb300b40757bdb8a,8eb24e01cec21372,4989,200,GET,ts-security-service
1650486821,ts-security-service,894cccfae301d62d,eb300b40757bdb8a,8eb24e01cec21372,4445,200,GET,ts-security-service
1650486821,ts-preserve-service,5d5be8599ce96726,8eb24e01cec21372,8eb24e01cec21372,15681,200,GET,ts-preserve-service
1650486821,ts-preserve-service,56f1adf05c178352,8eb24e01cec21372,8eb24e01cec21372,3958,200,GET,ts-preserve-service
1650486821,ts-preserve-service,8eb24e01cec21372,,8eb24e01cec21372,22453,200,preserve,no_parent
1650486821,ts-contacts-service,b1f0beaf0827998f,56f1adf05c178352,8eb24e01cec21372,2240,200,getContactsByContactsId,ts-preserve-service
1650486821,ts-order-service,48e472783927dbfb,7678a6480d4d1e4e,8eb24e01cec21372,3486,200,securityInfoCheck,ts-security-service
1650486821,ts-order-other-service,bb7bffd0d5d34395,894cccfae301d62d,8eb24e01cec21372,3121,200,securityInfoCheck,ts-security-service
1650486821,ts-travel-service,287f0152ce4ea8f5,d33d4535c3aff7e3,d33d4535c3aff7e3,2221,200,GET,ts-travel-service
1650486821,ts-travel-service,4bb547ff74cf106,d33d4535c3aff7e3,d33d4535c3aff7e3,10880,200,GET,ts-travel-service
1650486821,ts-station-service,7f9d737de1b78a3c,4ae710114b1c02f3,d33d4535c3aff7e3,2072,200,queryForStationId,ts-basic-service
1650486821,ts-auth-service,831da5d221f5ddc7,,831da5d221f5ddc7,113167,200,getToken,no_parent
1650486821,ts-verification-code-service,81f4f50c23df90f6,61487af8bc29195c,831da5d221f5ddc7,2043,200,verifyCode,ts-auth-service
1650486821,ts-station-service,9037c332f2ae7156,7aa93750680d8648,d33d4535c3aff7e3,2235,200,queryForStationId,ts-basic-service
1650486821,ts-travel-service,48c2535a9ada7e6d,d33d4535c3aff7e3,d33d4535c3aff7e3,2651,200,GET,ts-travel-service
1650486821,ts-travel-service,d33d4535c3aff7e3,,d33d4535c3aff7e3,41049,200,queryInfo,no_parent
1650486821,ts-ticketinfo-service,31b64385a256b2b3,4bb547ff74cf106,d33d4535c3aff7e3,9390,200,queryForStationId,ts-travel-service
1650486821,ts-travel-service,b5cc42555246a988,d33d4535c3aff7e3,d33d4535c3aff7e3,2292,200,GET,ts-travel-service
1650486821,ts-travel-service,af6056bb59adcf13,d33d4535c3aff7e3,d33d4535c3aff7e3,7883,200,GET,ts-travel-service
1650486821,ts-travel-service,ac932f18cbdf2436,d33d4535c3aff7e3,d33d4535c3aff7e3,2272,200,GET,ts-travel-service
1650486821,ts-travel-service,9f26ac06eb1f5b97,d33d4535c3aff7e3,d33d4535c3aff7e3,3932,200,GET,ts-travel-service
1650486821,ts-auth-service,61487af8bc29195c,831da5d221f5ddc7,831da5d221f5ddc7,3787,200,GET,ts-auth-service
1650486881,ts-contacts-service,c3ee7813743416f0,6865b48c2e405220,6da3b6bb3c05b520,2392,200,getContactsByContactsId,ts-preserve-service
1650486881,ts-preserve-service,6865b48c2e405220,6da3b6bb3c05b520,6da3b6bb3c05b520,3802,200,GET,ts-preserve-service
1650486881,ts-security-service,f4501b9f4e2ef2bd,2c01e4078c4e7d11,6da3b6bb3c05b520,4558,200,GET,ts-security-service
1650486881,ts-order-service,bff363862fe8f771,f4501b9f4e2ef2bd,6da3b6bb3c05b520,3185,200,securityInfoCheck,ts-security-service
1650486881,ts-security-service,2c01e4078c4e7d11,3826a90bd53f7718,6da3b6bb3c05b520,13703,200,check,ts-preserve-service
1650486881,ts-security-service,1943b23fa19d34cc,2c01e4078c4e7d11,6da3b6bb3c05b520,4313,200,GET,ts-security-service
1650486881,ts-preserve-service,3826a90bd53f7718,6da3b6bb3c05b520,6da3b6bb3c05b520,14886,200,GET,ts-preserve-service
1650486881,ts-preserve-service,6da3b6bb3c05b520,,6da3b6bb3c05b520,21631,200,preserve,no_parent
1650486881,ts-order-other-service,8d0e95f0aeeb14ab,1943b23fa19d34cc,6da3b6bb3c05b520,3027,200,securityInfoCheck,ts-security-service
1650486882,ts-station-service,b900b277777def3,f3110fc1156814e6,e3aec4d167f3a78a,2446,200,queryForStationId,ts-basic-service
1650486882,ts-station-service,ac4b9c3d5df338a6,e47c48865fbf92a6,e3aec4d167f3a78a,2061,200,queryForStationId,ts-basic-service
1650486882,ts-basic-service,acfcc6c2ad8c23f7,1361c99a1a26a4fb,e3aec4d167f3a78a,11668,200,queryForStationId,ts-ticketinfo-service
1650486882,ts-travel-service,c9970add369eaeb8,e3aec4d167f3a78a,e3aec4d167f3a78a,11191,200,GET,ts-travel-service
1650486882,ts-basic-service,d4bd383d32b1b14,2d1f6bfe85602814,e3aec4d167f3a78a,6097,200,queryForStationId,ts-ticketinfo-service
1650486882,ts-basic-service,f3110fc1156814e6,d4bd383d32b1b14,e3aec4d167f3a78a,3617,200,GET,ts-basic-service
1650486882,ts-ticketinfo-service,f8764d1cbe9f7398,2055f0d1bcdf18fc,e3aec4d167f3a78a,14508,200,queryForStationId,ts-travel-service
1650486882,ts-ticketinfo-service,1361c99a1a26a4fb,f8764d1cbe9f7398,e3aec4d167f3a78a,12307,200,GET,ts-ticketinfo-service
1650486882,ts-route-service,22586368300a26bb,9d90d7347c65b077,e3aec4d167f3a78a,2598,200,queryById,ts-travel-service
1650486882,ts-route-service,2561ff4d591b149,dd3da3f88cbd864a,e3aec4d167f3a78a,2097,200,queryById,ts-travel-service
1650486882,ts-assurance-service,ef8ac82ce31892b5,,ef8ac82ce31892b5,1597,200,getAllAssuranceType,no_parent
1650486882,ts-auth-service,af29aa6f56629e74,73eab24b7473b947,73eab24b7473b947,4152,200,GET,ts-auth-service
1650486882,ts-route-service,94c898d3e76a9164,bcfeea9eb57239f7,e3aec4d167f3a78a,2186,200,queryById,ts-travel-service
1650486882,ts-travel-service,bcfeea9eb57239f7,e3aec4d167f3a78a,e3aec4d167f3a78a,2310,200,GET,ts-travel-service
1650486882,ts-ticketinfo-service,2d1f6bfe85602814,4c8c4063ab1cf26c,e3aec4d167f3a78a,7291,200,GET,ts-ticketinfo-service
1650486882,ts-auth-service,73eab24b7473b947,,73eab24b7473b947,114055,200,getToken,no_parent
1650486882,ts-basic-service,e47c48865fbf92a6,acfcc6c2ad8c23f7,e3aec4d167f3a78a,2766,200,GET,ts-basic-service
1650486882,ts-travel-service,e3aec4d167f3a78a,,e3aec4d167f3a78a,48184,200,queryInfo,no_parent
1650486882,ts-travel-service,2055f0d1bcdf18fc,e3aec4d167f3a78a,e3aec4d167f3a78a,14918,200,GET,ts-travel-service
1650486882,ts-travel-service,dd3da3f88cbd864a,e3aec4d167f3a78a,e3aec4d167f3a78a,2510,200,GET,ts-travel-service
1650486882,ts-route-service,545d8391659086e4,c079c04c687dea0e,e3aec4d167f3a78a,2160,200,queryById,ts-travel-service
1650486882,ts-route-service,2f104565c53b9ee7,5a3fa88b0e8942ba,e3aec4d167f3a78a,2135,200,queryById,ts-travel-service
1650486882,ts-ticketinfo-service,4c8c4063ab1cf26c,c9970add369eaeb8,e3aec4d167f3a78a,9586,200,queryForStationId,ts-travel-service
1650486882,ts-travel-service,c079c04c687dea0e,e3aec4d167f3a78a,e3aec4d167f3a78a,2288,200,GET,ts-travel-service
1650486882,ts-travel-service,5a3fa88b0e8942ba,e3aec4d167f3a78a,e3aec4d167f3a78a,2237,200,GET,ts-travel-service
1650486882,ts-travel-service,9d90d7347c65b077,e3aec4d167f3a78a,e3aec4d167f3a78a,3908,200,GET,ts-travel-service
1650486882,ts-verification-code-service,8ecce6cf331e8865,af29aa6f56629e74,73eab24b7473b947,2321,200,verifyCode,ts-auth-service
1650486942,ts-verification-code-service,594f804acf2adf9f,896a05b34ea919ed,358bb078fc43944c,1990,200,verifyCode,ts-auth-service
1650486942,ts-station-service,ff2f95e695d5400e,3cbea9ef7805b6e4,5d0243522ca26bdc,2022,200,queryForStationId,ts-basic-service
1650486942,ts-station-service,72b6c53be3adaca9,d81f87304e598368,5d0243522ca26bdc,2374,200,queryForStationId,ts-basic-service
1650486942,ts-basic-service,d81f87304e598368,f9b02ff4f0c18b11,5d0243522ca26bdc,3519,200,GET,ts-basic-service
1650486942,ts-ticketinfo-service,bf7f116e4b2faa5a,2333de404799a355,5d0243522ca26bdc,5425,200,GET,ts-ticketinfo-service
1650486942,ts-travel-service,e483137cf88519b5,5d0243522ca26bdc,5d0243522ca26bdc,4046,200,GET,ts-travel-service
1650486942,ts-travel-service,5d0243522ca26bdc,,5d0243522ca26bdc,49284,200,queryInfo,no_parent
1650486942,ts-travel-service,47063a7187aa10b4,5d0243522ca26bdc,5d0243522ca26bdc,9185,200,GET,ts-travel-service
1650486942,ts-route-service,55dd507a8191831b,e483137cf88519b5,5d0243522ca26bdc,2717,200,queryById,ts-travel-service
1650486942,ts-route-service,29702c4fbf3533ae,47063a7187aa10b4,5d0243522ca26bdc,9064,200,queryById,ts-travel-service
1650486942,ts-ticketinfo-service,486395a5ff8d7b04,752fd5ad4f6b2a07,5d0243522ca26bdc,9527,200,queryForStationId,ts-travel-service
1650486942,ts-ticketinfo-service,2333de404799a355,ad35555bd6393ba,5d0243522ca26bdc,7450,200,queryForStationId,ts-travel-service
1650486942,ts-basic-service,f9b02ff4f0c18b11,fd95828ab1492f23,5d0243522ca26bdc,5965,200,queryForStationId,ts-ticketinfo-service
1650486942,ts-travel-service,752fd5ad4f6b2a07,5d0243522ca26bdc,5d0243522ca26bdc,11206,200,GET,ts-travel-service
1650486942,ts-travel-service,e11b8696540b1b5c,5d0243522ca26bdc,5d0243522ca26bdc,2299,200,GET,ts-travel-service
1650486942,ts-travel-service,ad35555bd6393ba,5d0243522ca26bdc,5d0243522ca26bdc,7967,200,GET,ts-travel-service
1650486942,ts-route-service,716b9217e0c16828,cec83497174c9c19,5d0243522ca26bdc,2212,200,queryById,ts-travel-service
1650486942,ts-route-service,72dac6dbfc618542,e11b8696540b1b5c,5d0243522ca26bdc,2171,200,queryById,ts-travel-service
1650486942,ts-route-service,df35477fd93a2b5b,4a8ff46beebb1907,5d0243522ca26bdc,2186,200,queryById,ts-travel-service
1650486942,ts-ticketinfo-service,fd95828ab1492f23,486395a5ff8d7b04,5d0243522ca26bdc,7231,200,GET,ts-ticketinfo-service
1650486942,ts-basic-service,3cbea9ef7805b6e4,b0913f47ad5a429d,5d0243522ca26bdc,2635,200,GET,ts-basic-service
1650486942,ts-basic-service,b0913f47ad5a429d,bf7f116e4b2faa5a,5d0243522ca26bdc,4677,200,queryForStationId,ts-ticketinfo-service
1650486942,ts-preserve-service,a1a4f77bc9ed650e,e7d78a20e8db26b6,e7d78a20e8db26b6,15877,200,GET,ts-preserve-service
1650486942,ts-preserve-service,42fef309e71789bc,e7d78a20e8db26b6,e7d78a20e8db26b6,3639,200,GET,ts-preserve-service
1650486942,ts-preserve-service,e7d78a20e8db26b6,,e7d78a20e8db26b6,22213,200,preserve,no_parent
1650486942,ts-order-other-service,7e6378c3ce5a9fbd,5f9b6e9b39da0bb0,e7d78a20e8db26b6,3209,200,securityInfoCheck,ts-security-service
1650486942,ts-order-service,c5b0be902bb79b8f,43fa794f2ef8d693,e7d78a20e8db26b6,3680,200,securityInfoCheck,ts-security-service
1650486942,ts-travel-service,4a8ff46beebb1907,5d0243522ca26bdc,5d0243522ca26bdc,2278,200,GET,ts-travel-service
1650486942,ts-security-service,5f9b6e9b39da0bb0,6807c56a43ae4c4b,e7d78a20e8db26b6,4556,200,GET,ts-security-service
1650486942,ts-security-service,43fa794f2ef8d693,6807c56a43ae4c4b,e7d78a20e8db26b6,4856,200,GET,ts-security-service
1650486942,ts-security-service,6807c56a43ae4c4b,a1a4f77bc9ed650e,e7d78a20e8db26b6,14234,200,check,ts-preserve-service
1650486942,ts-contacts-service,7ab866fc4c9ca83e,42fef309e71789bc,e7d78a20e8db26b6,2410,200,getContactsByContactsId,ts-preserve-service
1650486942,ts-travel-service,cec83497174c9c19,5d0243522ca26bdc,5d0243522ca26bdc,2645,200,GET,ts-travel-service
1650486942,ts-auth-service,896a05b34ea919ed,358bb078fc43944c,358bb078fc43944c,3697,200,GET,ts-auth-service
1650486942,ts-auth-service,358bb078fc43944c,,358bb078fc43944c,112154,200,getToken,no_parent
1650486942,ts-assurance-service,9ad6ebc9cf56756e,,9ad6ebc9cf56756e,1774,200,getAllAssuranceType,no_parent
1650487002,ts-ticketinfo-service,3111108927183a74,9b253780a61dedc8,f36166c162012d3b,6714,200,GET,ts-ticketinfo-service
1650487002,ts-travel-service,1a31dcb086712c54,f36166c162012d3b,f36166c162012d3b,2333,200,GET,ts-travel-service
1650487002,ts-travel-service,e9ef478b065b9da0,f36166c162012d3b,f36166c162012d3b,2310,200,GET,ts-travel-service
1650487002,ts-travel-service,61524d863feca723,f36166c162012d3b,f36166c162012d3b,2289,200,GET,ts-travel-service
1650487002,ts-travel-service,f36166c162012d3b,,f36166c162012d3b,41753,200,queryInfo,no_parent
1650487002,ts-travel-service,7ca58a2881cfdc97,f36166c162012d3b,f36166c162012d3b,4035,200,GET,ts-travel-service
1650487002,ts-ticketinfo-service,cfe3c172da946540,d479b9c9f5cf8555,f36166c162012d3b,5423,200,GET,ts-ticketinfo-service
1650487002,ts-basic-service,8f4f55a275df0eab,7db7ae424b80cac1,f36166c162012d3b,2713,200,GET,ts-basic-service
1650487002,ts-verification-code-service,3238e8e5ce7bd7a1,61d7fdea1291ca0d,273490e55fe2e298,2057,200,verifyCode,ts-auth-service
1650487002,ts-route-service,9a571adf87419869,e9ef478b065b9da0,f36166c162012d3b,2170,200,queryById,ts-travel-service
1650487002,ts-route-service,80cac9596daab198,1a31dcb086712c54,f36166c162012d3b,2191,200,queryById,ts-travel-service
1650487002,ts-basic-service,3a77a54dba54cb19,3111108927183a74,f36166c162012d3b,5685,200,queryForStationId,ts-ticketinfo-service
1650487002,ts-basic-service,7db7ae424b80cac1,cfe3c172da946540,f36166c162012d3b,4735,200,queryForStationId,ts-ticketinfo-service
1650487002,ts-basic-service,78e8e1349c23aab2,3a77a54dba54cb19,f36166c162012d3b,3419,200,GET,ts-basic-service
1650487002,ts-station-service,b080b46f5b1316c3,78e8e1349c23aab2,f36166c162012d3b,2299,200,queryForStationId,ts-basic-service
1650487002,ts-route-service,a81c6357215e9ef4,7ca58a2881cfdc97,f36166c162012d3b,2710,200,queryById,ts-travel-service
1650487002,ts-travel-service,60b5ccfa9881ad4,f36166c162012d3b,f36166c162012d3b,7785,200,GET,ts-travel-service
1650487002,ts-travel-service,b880c2fa0869db5d,f36166c162012d3b,f36166c162012d3b,2937,200,GET,ts-travel-service
1650487002,ts-travel-service,972b5eb60dcfcae2,f36166c162012d3b,f36166c162012d3b,10919,200,GET,ts-travel-service
1650487002,ts-station-service,b47826a489159abf,8f4f55a275df0eab,f36166c162012d3b,2063,200,queryForStationId,ts-basic-service
1650487002,ts-ticketinfo-service,9b253780a61dedc8,972b5eb60dcfcae2,f36166c162012d3b,9091,200,queryForStationId,ts-travel-service
1650487002,ts-ticketinfo-service,d479b9c9f5cf8555,60b5ccfa9881ad4,f36166c162012d3b,7389,200,queryForStationId,ts-travel-service
1650487002,ts-preserve-service,b4fe840243de9bca,f892b060f6990201,f892b060f6990201,3544,200,GET,ts-preserve-service
1650487002,ts-order-service,48e79ed77df56d03,a7114af6c9919576,f892b060f6990201,3448,200,securityInfoCheck,ts-security-service
1650487002,ts-preserve-service,4e3d8ab66ffa1928,f892b060f6990201,f892b060f6990201,15513,200,GET,ts-preserve-service
1650487002,ts-contacts-service,37a8e1027e1c18b9,b4fe840243de9bca,f892b060f6990201,2246,200,getContactsByContactsId,ts-preserve-service
1650487002,ts-order-other-service,bcaaf8ef60e33590,757caacb95602c66,f892b060f6990201,3156,200,securityInfoCheck,ts-security-service
1650487002,ts-security-service,a7114af6c9919576,1fde67e2d66fb75d,f892b060f6990201,4847,200,GET,ts-security-service
1650487002,ts-security-service,757caacb95602c66,1fde67e2d66fb75d,f892b060f6990201,4525,200,GET,ts-security-service
1650487002,ts-security-service,1fde67e2d66fb75d,4e3d8ab66ffa1928,f892b060f6990201,13865,200,check,ts-preserve-service
1650487002,ts-route-service,b0b56649c3a9ac9a,b880c2fa0869db5d,f36166c162012d3b,2469,200,queryById,ts-travel-service
1650487002,ts-route-service,453f350f5a49ed1a,61524d863feca723,f36166c162012d3b,2140,200,queryById,ts-travel-service
1650487002,ts-preserve-service,f892b060f6990201,,f892b060f6990201,21884,200,preserve,no_parent
1650487002,ts-auth-service,61d7fdea1291ca0d,273490e55fe2e298,273490e55fe2e298,3719,200,GET,ts-auth-service
1650487002,ts-auth-service,273490e55fe2e298,,273490e55fe2e298,114233,200,getToken,no_parent
1650487002,ts-assurance-service,b1ae19a16f592a64,,b1ae19a16f592a64,1578,200,getAllAssuranceType,no_parent
1650487062,ts-order-other-service,6f30c81829103977,69f623e5370b4212,8efed1117b1db096,3314,200,securityInfoCheck,ts-security-service
1650487062,ts-ticketinfo-service,d72d5b77d3cbeace,97859a3f5dbfe919,9eb78703c663c417,8371,200,GET,ts-ticketinfo-service
1650487062,ts-security-service,69f623e5370b4212,c872a89c83f04c3e,8efed1117b1db096,4660,200,GET,ts-security-service
1650487062,ts-security-service,c872a89c83f04c3e,f1bd3f5ae06e4605,8efed1117b1db096,14111,200,check,ts-preserve-service
1650487062,ts-security-service,8b3eb31aa7d20857,c872a89c83f04c3e,8efed1117b1db096,4946,200,GET,ts-security-service
1650487062,ts-ticketinfo-service,97859a3f5dbfe919,c7b5899e6dbef12d,9eb78703c663c417,10969,200,queryForStationId,ts-travel-service
1650487062,ts-travel-service,9eb78703c663c417,,9eb78703c663c417,42195,200,queryInfo,no_parent
1650487062,ts-preserve-service,f1bd3f5ae06e4605,8efed1117b1db096,8efed1117b1db096,15803,200,GET,ts-preserve-service
1650487062,ts-basic-service,bd31acf00d987096,d72d5b77d3cbeace,9eb78703c663c417,7226,200,queryForStationId,ts-ticketinfo-service
1650487062,ts-order-service,2f1aca7a99a18fc3,8b3eb31aa7d20857,8efed1117b1db096,3488,200,securityInfoCheck,ts-security-service
1650487062,ts-preserve-service,8efed1117b1db096,,8efed1117b1db096,22161,200,preserve,no_parent
1650487062,ts-preserve-service,d6d4c4ff17d88772,8efed1117b1db096,8efed1117b1db096,3327,200,GET,ts-preserve-service
1650487062,ts-basic-service,1ca909f777c90275,bd31acf00d987096,9eb78703c663c417,4310,200,GET,ts-basic-service
1650487062,ts-contacts-service,b02bcf91f3f7fe41,d6d4c4ff17d88772,8efed1117b1db096,2047,200,getContactsByContactsId,ts-preserve-service
1650487062,ts-travel-service,c7b5899e6dbef12d,9eb78703c663c417,9eb78703c663c417,12406,200,GET,ts-travel-service
1650487062,ts-station-service,65bb78c1d47c6e3c,1ca909f777c90275,9eb78703c663c417,3118,200,queryForStationId,ts-basic-service
1650487062,ts-auth-service,60396b3b43cc5e11,,60396b3b43cc5e11,108867,200,getToken,no_parent
1650487062,ts-auth-service,decf6312c1203517,60396b3b43cc5e11,60396b3b43cc5e11,3910,200,GET,ts-auth-service
1650487062,ts-verification-code-service,ef5a23e19a56bf11,decf6312c1203517,60396b3b43cc5e11,2122,200,verifyCode,ts-auth-service
1650487063,ts-assurance-service,8b952e619286a548,,8b952e619286a548,1370,200,getAllAssuranceType,no_parent
1650487063,ts-route-service,494e39de5e0527a0,44c8e6d0fce7991a,9eb78703c663c417,1721,200,queryById,ts-travel-service
1650487063,ts-ticketinfo-service,4a2ed49f38f22eb0,d3cb1e97544b47c0,9eb78703c663c417,7906,200,queryForStationId,ts-travel-service
1650487063,ts-ticketinfo-service,80d5950cbf841b53,4a2ed49f38f22eb0,9eb78703c663c417,5914,200,GET,ts-ticketinfo-service
1650487063,ts-station-service,ddf0bd0a0e8e96e5,e6dada7600de6eaa,9eb78703c663c417,2343,200,queryForStationId,ts-basic-service
1650487063,ts-travel-service,44c8e6d0fce7991a,9eb78703c663c417,9eb78703c663c417,1869,200,GET,ts-travel-service
1650487063,ts-basic-service,76ff640238748dbf,80d5950cbf841b53,9eb78703c663c417,5276,200,queryForStationId,ts-ticketinfo-service
1650487063,ts-travel-service,98ae0d2af90c74bc,9eb78703c663c417,9eb78703c663c417,4034,200,GET,ts-travel-service
1650487063,ts-route-service,31e6539c278ffde3,5907b271c023b8b3,9eb78703c663c417,2178,200,queryById,ts-travel-service
1650487063,ts-route-service,23d1efd4e4014319,8205b3f1dd693087,9eb78703c663c417,1534,200,queryById,ts-travel-service
1650487063,ts-route-service,978f91d14512b14a,98ae0d2af90c74bc,9eb78703c663c417,2568,200,queryById,ts-travel-service
1650487063,ts-travel-service,d3cb1e97544b47c0,9eb78703c663c417,9eb78703c663c417,8376,200,GET,ts-travel-service
1650487063,ts-travel-service,8205b3f1dd693087,9eb78703c663c417,9eb78703c663c417,1630,200,GET,ts-travel-service
1650487063,ts-travel-service,ede504dcf8221178,9eb78703c663c417,9eb78703c663c417,2212,200,GET,ts-travel-service
1650487063,ts-travel-service,5907b271c023b8b3,9eb78703c663c417,9eb78703c663c417,2247,200,GET,ts-travel-service
1650487063,ts-route-service,af730b56d9018d3b,ede504dcf8221178,9eb78703c663c417,1816,200,queryById,ts-travel-service
1650487063,ts-basic-service,e6dada7600de6eaa,76ff640238748dbf,9eb78703c663c417,3112,200,GET,ts-basic-service
1650487123,ts-travel-service,6c771c8c182716b6,,6c771c8c182716b6,48242,200,queryInfo,no_parent
1650487123,ts-travel-service,f8a2e76be81c4afc,6c771c8c182716b6,6c771c8c182716b6,2250,200,GET,ts-travel-service
1650487123,ts-travel-service,ddf5d67798f2bc81,6c771c8c182716b6,6c771c8c182716b6,2273,200,GET,ts-travel-service
1650487123,ts-travel-service,efb1545bb034aad6,6c771c8c182716b6,6c771c8c182716b6,7855,200,GET,ts-travel-service
1650487123,ts-travel-service,9c76951ccdbba1c3,6c771c8c182716b6,6c771c8c182716b6,17268,200,GET,ts-travel-service
1650487123,ts-travel-service,6490978935ebb2ea,6c771c8c182716b6,6c771c8c182716b6,2684,200,GET,ts-travel-service
1650487123,ts-ticketinfo-service,1cb151d3ee9e21c7,325ecb6826d751f7,6c771c8c182716b6,5531,200,GET,ts-ticketinfo-service
1650487123,ts-ticketinfo-service,bd0f3ebae8cfc814,9c76951ccdbba1c3,6c771c8c182716b6,15611,200,queryForStationId,ts-travel-service
1650487123,ts-route-service,5c6fd11fafb9cc81,fe9e257ceb7210f3,6c771c8c182716b6,2153,200,queryById,ts-travel-service
1650487123,ts-ticketinfo-service,c6c3623286e228cd,bd0f3ebae8cfc814,6c771c8c182716b6,7337,200,GET,ts-ticketinfo-service
1650487123,ts-station-service,f86ef80f3bdbca64,13ffd0ef976c4609,6c771c8c182716b6,2406,200,queryForStationId,ts-basic-service
1650487123,ts-travel-service,dc4e299c69c505c0,6c771c8c182716b6,6c771c8c182716b6,4218,200,GET,ts-travel-service
1650487123,ts-travel-service,fe9e257ceb7210f3,6c771c8c182716b6,6c771c8c182716b6,2260,200,GET,ts-travel-service
1650487123,ts-contacts-service,a8656a5b2ed72bd0,d6b16a89bb4d0bc,f335700acdd47307,2258,200,getContactsByContactsId,ts-preserve-service
1650487123,ts-order-service,369cb4f2f1500c52,63fbee66d6f3e8fe,f335700acdd47307,3431,200,securityInfoCheck,ts-security-service
1650487123,ts-preserve-service,3c51ac1664fd004d,f335700acdd47307,f335700acdd47307,15844,200,GET,ts-preserve-service
1650487123,ts-preserve-service,d6b16a89bb4d0bc,f335700acdd47307,f335700acdd47307,3488,200,GET,ts-preserve-service
1650487123,ts-order-other-service,e8e852d9287246b7,41323c0544e7d1d8,f335700acdd47307,3252,200,securityInfoCheck,ts-security-service
1650487123,ts-security-service,63fbee66d6f3e8fe,49ca520289a30211,f335700acdd47307,4923,200,GET,ts-security-service
1650487123,ts-security-service,41323c0544e7d1d8,49ca520289a30211,f335700acdd47307,4669,200,GET,ts-security-service
1650487123,ts-security-service,49ca520289a30211,3c51ac1664fd004d,f335700acdd47307,14096,200,check,ts-preserve-service
1650487123,ts-ticketinfo-service,325ecb6826d751f7,efb1545bb034aad6,6c771c8c182716b6,7479,200,queryForStationId,ts-travel-service
1650487123,ts-station-service,13da3c97edb58594,b8f184f361ad380c,6c771c8c182716b6,2111,200,queryForStationId,ts-basic-service
1650487123,ts-basic-service,52b23b61b0fdc534,1cb151d3ee9e21c7,6c771c8c182716b6,4859,200,queryForStationId,ts-ticketinfo-service
1650487123,ts-basic-service,13ffd0ef976c4609,3a7c688c822e33e2,6c771c8c182716b6,3552,200,GET,ts-basic-service
1650487123,ts-route-service,a16b937969b74690,ddf5d67798f2bc81,6c771c8c182716b6,2149,200,queryById,ts-travel-service
1650487123,ts-route-service,278c07878262d5bd,f8a2e76be81c4afc,6c771c8c182716b6,2116,200,queryById,ts-travel-service
1650487123,ts-preserve-service,f335700acdd47307,,f335700acdd47307,22425,200,preserve,no_parent
1650487123,ts-route-service,bb63e9d0d18f4217,6490978935ebb2ea,6c771c8c182716b6,2163,200,queryById,ts-travel-service
1650487123,ts-verification-code-service,a2bd57198ee73e29,2629876559330369,42a428cba163eabe,2013,200,verifyCode,ts-auth-service
1650487123,ts-assurance-service,45434421b32333fd,,45434421b32333fd,1783,200,getAllAssuranceType,no_parent
1650487123,ts-auth-service,2629876559330369,42a428cba163eabe,42a428cba163eabe,3727,200,GET,ts-auth-service
1650487123,ts-auth-service,42a428cba163eabe,,42a428cba163eabe,108853,200,getToken,no_parent
1650487123,ts-route-service,6ef7c2a9c95a1ee5,dc4e299c69c505c0,6c771c8c182716b6,2763,200,queryById,ts-travel-service
1650487123,ts-basic-service,3a7c688c822e33e2,c6c3623286e228cd,6c771c8c182716b6,6039,200,queryForStationId,ts-ticketinfo-service
1650487123,ts-basic-service,b8f184f361ad380c,52b23b61b0fdc534,6c771c8c182716b6,2837,200,GET,ts-basic-service
1650487183,ts-auth-service,883e3f6691a1c5a9,4b7a4df8d4960bd0,4b7a4df8d4960bd0,3767,200,GET,ts-auth-service
1650487183,ts-auth-service,4b7a4df8d4960bd0,,4b7a4df8d4960bd0,117131,200,getToken,no_parent
1650487183,ts-travel-service,98b5db9a1ba936eb,d0c9a777e0c0f8b4,d0c9a777e0c0f8b4,2662,200,GET,ts-travel-service
1650487183,ts-travel-service,d0c9a777e0c0f8b4,,d0c9a777e0c0f8b4,48194,200,queryInfo,no_parent
1650487183,ts-route-service,e015e1073eacfa95,98b5db9a1ba936eb,d0c9a777e0c0f8b4,2559,200,queryById,ts-travel-service
1650487183,ts-route-service,edf8c60f28c9aa02,4017a713d92b0339,d0c9a777e0c0f8b4,2531,200,queryById,ts-travel-service
1650487183,ts-ticketinfo-service,25c82f72182ac01c,c1b84d2742e7b876,d0c9a777e0c0f8b4,7388,200,GET,ts-ticketinfo-service
1650487183,ts-ticketinfo-service,c1b84d2742e7b876,4e81f3a53ff82368,d0c9a777e0c0f8b4,9871,200,queryForStationId,ts-travel-service
1650487183,ts-route-service,924e49cdaa2c8e05,9c5d74ec8b3c6f49,d0c9a777e0c0f8b4,6781,200,queryById,ts-travel-service
1650487183,ts-route-service,57d019ee674791c6,60f5c9dff9c74c0f,d0c9a777e0c0f8b4,2593,200,queryById,ts-travel-service
1650487183,ts-route-service,c697339e59c6a67c,b8110ac9863eb317,d0c9a777e0c0f8b4,2545,200,queryById,ts-travel-service
1650487183,ts-contacts-service,dd4437ca54fff15d,f5cf1d2ad3b06fb9,884becf4b4601d01,2507,200,getContactsByContactsId,ts-preserve-service
1650487183,ts-order-service,a58f55d7b85c0e12,beb2394a7faad4b9,884becf4b4601d01,3738,200,securityInfoCheck,ts-security-service
1650487183,ts-preserve-service,9676a7507b6d17be,884becf4b4601d01,884becf4b4601d01,15730,200,GET,ts-preserve-service
1650487183,ts-preserve-service,f5cf1d2ad3b06fb9,884becf4b4601d01,884becf4b4601d01,3683,200,GET,ts-preserve-service
1650487183,ts-preserve-service,884becf4b4601d01,,884becf4b4601d01,22411,200,preserve,no_parent
1650487183,ts-security-service,6284f872cf500289,9676a7507b6d17be,884becf4b4601d01,14093,200,check,ts-preserve-service
1650487183,ts-ticketinfo-service,32105f291153894f,faf0bf1e87ca2ffc,d0c9a777e0c0f8b4,7441,200,queryForStationId,ts-travel-service
1650487183,ts-travel-service,faf0bf1e87ca2ffc,d0c9a777e0c0f8b4,d0c9a777e0c0f8b4,7877,200,GET,ts-travel-service
1650487183,ts-security-service,6a921c17235a266b,6284f872cf500289,884becf4b4601d01,4524,200,GET,ts-security-service
1650487183,ts-basic-service,a37703c39cf602d0,25c82f72182ac01c,d0c9a777e0c0f8b4,6307,200,queryForStationId,ts-ticketinfo-service
1650487183,ts-basic-service,3d40a388ddb3f83,3582316f9c60e59e,d0c9a777e0c0f8b4,4734,200,queryForStationId,ts-ticketinfo-service
1650487183,ts-basic-service,f5f42efcaf3ad482,3d40a388ddb3f83,d0c9a777e0c0f8b4,2797,200,GET,ts-basic-service
1650487183,ts-station-service,f3a5f5e8e401babe,b2e78a459b610beb,d0c9a777e0c0f8b4,2556,200,queryForStationId,ts-basic-service
1650487183,ts-station-service,8c252528f26993e4,f5f42efcaf3ad482,d0c9a777e0c0f8b4,2080,200,queryForStationId,ts-basic-service
1650487183,ts-ticketinfo-service,3582316f9c60e59e,32105f291153894f,d0c9a777e0c0f8b4,5466,200,GET,ts-ticketinfo-service
1650487183,ts-travel-service,4e81f3a53ff82368,d0c9a777e0c0f8b4,d0c9a777e0c0f8b4,11301,200,GET,ts-travel-service
1650487183,ts-travel-service,4017a713d92b0339,d0c9a777e0c0f8b4,d0c9a777e0c0f8b4,3092,200,GET,ts-travel-service
1650487183,ts-travel-service,b8110ac9863eb317,d0c9a777e0c0f8b4,d0c9a777e0c0f8b4,2654,200,GET,ts-travel-service
1650487183,ts-basic-service,b2e78a459b610beb,a37703c39cf602d0,d0c9a777e0c0f8b4,3733,200,GET,ts-basic-service
1650487183,ts-travel-service,60f5c9dff9c74c0f,d0c9a777e0c0f8b4,d0c9a777e0c0f8b4,2704,200,GET,ts-travel-service
1650487183,ts-travel-service,9c5d74ec8b3c6f49,d0c9a777e0c0f8b4,d0c9a777e0c0f8b4,8634,200,GET,ts-travel-service
1650487183,ts-order-other-service,7bdfae6ca1f7c7dc,6a921c17235a266b,884becf4b4601d01,3151,200,securityInfoCheck,ts-security-service
1650487183,ts-security-service,beb2394a7faad4b9,6284f872cf500289,884becf4b4601d01,5025,200,GET,ts-security-service
1650487183,ts-verification-code-service,be6f3dcddb745145,883e3f6691a1c5a9,4b7a4df8d4960bd0,2005,200,verifyCode,ts-auth-service
1650487183,ts-assurance-service,f8e8bba3f0fe3cc4,,f8e8bba3f0fe3cc4,1585,200,getAllAssuranceType,no_parent
1650487243,ts-verification-code-service,98cb86922aefe7ca,c02ffa5ad6e47066,509f5c2946b7963e,2226,200,verifyCode,ts-auth-service
1650487243,ts-preserve-service,6a6f9064159bce99,,6a6f9064159bce99,22461,200,preserve,no_parent
1650487243,ts-security-service,8042714dcf6b072,1532c7a077c9777c,6a6f9064159bce99,4977,200,GET,ts-security-service
1650487243,ts-order-other-service,62b2ecf72aed0dd4,5d4cee327d8187e4,6a6f9064159bce99,3757,200,securityInfoCheck,ts-security-service
1650487243,ts-contacts-service,9712d0584fc6b2c1,d3f61e090a33e227,6a6f9064159bce99,2417,200,getContactsByContactsId,ts-preserve-service
1650487243,ts-assurance-service,1fa3794ca95db38b,,1fa3794ca95db38b,1581,200,getAllAssuranceType,no_parent
1650487243,ts-security-service,1532c7a077c9777c,92fe725175cf5d7f,6a6f9064159bce99,14476,200,check,ts-preserve-service
1650487243,ts-security-service,5d4cee327d8187e4,1532c7a077c9777c,6a6f9064159bce99,4978,200,GET,ts-security-service
1650487243,ts-route-service,a899ab9175191e44,7fc46dc53e006e3b,866d16639f9fb40,2537,200,queryById,ts-travel-service
1650487243,ts-preserve-service,d3f61e090a33e227,6a6f9064159bce99,6a6f9064159bce99,3669,200,GET,ts-preserve-service
1650487243,ts-preserve-service,92fe725175cf5d7f,6a6f9064159bce99,6a6f9064159bce99,16056,200,GET,ts-preserve-service
1650487243,ts-order-service,99ee4f292f0113d9,8042714dcf6b072,6a6f9064159bce99,3563,200,securityInfoCheck,ts-security-service
1650487243,ts-route-service,6abc2c2692a95489,aabf77400b83299a,866d16639f9fb40,2497,200,queryById,ts-travel-service
1650487243,ts-auth-service,509f5c2946b7963e,,509f5c2946b7963e,115532,200,getToken,no_parent
1650487243,ts-basic-service,43871592c7a970b6,17b1e3bda752414a,866d16639f9fb40,4377,200,queryForStationId,ts-ticketinfo-service
1650487243,ts-route-service,503ad399c13b1f5f,e54a949cfb4f9834,866d16639f9fb40,2428,200,queryById,ts-travel-service
1650487243,ts-basic-service,94d53d60e20cf625,26759fc9dc95259d,866d16639f9fb40,5763,200,queryForStationId,ts-ticketinfo-service
1650487243,ts-basic-service,6f05c82cae24ee14,43871592c7a970b6,866d16639f9fb40,2667,200,GET,ts-basic-service
1650487243,ts-ticketinfo-service,a2cdff1a8224b258,3bb768450d30377c,866d16639f9fb40,6945,200,queryForStationId,ts-travel-service
1650487243,ts-basic-service,cd4217b5248eeb80,94d53d60e20cf625,866d16639f9fb40,3307,200,GET,ts-basic-service
1650487243,ts-station-service,309cfb608f712585,6f05c82cae24ee14,866d16639f9fb40,2073,200,queryForStationId,ts-basic-service
1650487243,ts-travel-service,7fc46dc53e006e3b,866d16639f9fb40,866d16639f9fb40,2934,200,GET,ts-travel-service
1650487243,ts-travel-service,3bb768450d30377c,866d16639f9fb40,866d16639f9fb40,7399,200,GET,ts-travel-service
1650487243,ts-travel-service,aabf77400b83299a,866d16639f9fb40,866d16639f9fb40,2581,200,GET,ts-travel-service
1650487243,ts-travel-service,fb8fe1aea154d53f,866d16639f9fb40,866d16639f9fb40,2662,200,GET,ts-travel-service
1650487243,ts-route-service,af1e800b2fdb94f8,ec737b953fd42b62,866d16639f9fb40,3044,200,queryById,ts-travel-service
1650487243,ts-travel-service,2c390aeddbafa967,866d16639f9fb40,866d16639f9fb40,10794,200,GET,ts-travel-service
1650487243,ts-ticketinfo-service,17b1e3bda752414a,a2cdff1a8224b258,866d16639f9fb40,4864,200,GET,ts-ticketinfo-service
1650487243,ts-ticketinfo-service,afe4bca2462395ba,2c390aeddbafa967,866d16639f9fb40,9140,200,queryForStationId,ts-travel-service
1650487243,ts-travel-service,e54a949cfb4f9834,866d16639f9fb40,866d16639f9fb40,2494,200,GET,ts-travel-service
1650487243,ts-travel-service,ec737b953fd42b62,866d16639f9fb40,866d16639f9fb40,4893,200,GET,ts-travel-service
1650487243,ts-station-service,5ed8727b0a75c4bf,cd4217b5248eeb80,866d16639f9fb40,2235,200,queryForStationId,ts-basic-service
1650487243,ts-travel-service,866d16639f9fb40,,866d16639f9fb40,42774,200,queryInfo,no_parent
1650487243,ts-route-service,5829cf10a4673070,fb8fe1aea154d53f,866d16639f9fb40,2542,200,queryById,ts-travel-service
1650487243,ts-ticketinfo-service,26759fc9dc95259d,afe4bca2462395ba,866d16639f9fb40,6789,200,GET,ts-ticketinfo-service
1650487243,ts-auth-service,c02ffa5ad6e47066,509f5c2946b7963e,509f5c2946b7963e,3772,200,GET,ts-auth-service
1650487303,ts-auth-service,cd5bca9a4758e1e7,6a684eac2f26be99,6a684eac2f26be99,3757,200,GET,ts-auth-service
1650487303,ts-security-service,bcad5c058daa13c2,ae82c4106386cb30,3cf3e52dc54f2067,4964,200,GET,ts-security-service
1650487303,ts-verification-code-service,903db10bf8e351fe,cd5bca9a4758e1e7,6a684eac2f26be99,1999,200,verifyCode,ts-auth-service
1650487303,ts-security-service,ae82c4106386cb30,159c0097c9a8f539,3cf3e52dc54f2067,19679,200,check,ts-preserve-service
1650487303,ts-security-service,26e31c19567ae2ee,ae82c4106386cb30,3cf3e52dc54f2067,10261,200,GET,ts-security-service
1650487303,ts-preserve-service,3cf3e52dc54f2067,,3cf3e52dc54f2067,27820,200,preserve,no_parent
1650487303,ts-order-other-service,58c6c00798be67bf,26e31c19567ae2ee,3cf3e52dc54f2067,8919,200,securityInfoCheck,ts-security-service
1650487303,ts-auth-service,6a684eac2f26be99,,6a684eac2f26be99,119875,200,getToken,no_parent
1650487303,ts-preserve-service,77b279f901938f72,3cf3e52dc54f2067,3cf3e52dc54f2067,3546,200,GET,ts-preserve-service
1650487303,ts-contacts-service,40e617e3999c1dc0,77b279f901938f72,3cf3e52dc54f2067,2286,200,getContactsByContactsId,ts-preserve-service
1650487303,ts-order-service,a8a1bd82009c837,bcad5c058daa13c2,3cf3e52dc54f2067,3540,200,securityInfoCheck,ts-security-service
1650487303,ts-preserve-service,159c0097c9a8f539,3cf3e52dc54f2067,3cf3e52dc54f2067,21281,200,GET,ts-preserve-service
1650487304,ts-route-service,509a7c2cabfb1764,793048868ea644e2,4f8a2cfe8eadcde3,2570,200,queryById,ts-travel-service
1650487304,ts-route-service,6843d453a9c90368,73718567632a8949,4f8a2cfe8eadcde3,2510,200,queryById,ts-travel-service
1650487304,ts-route-service,1c9dc374be9dfc7e,c800e67eee2f3b29,4f8a2cfe8eadcde3,3003,200,queryById,ts-travel-service
1650487304,ts-travel-service,73718567632a8949,4f8a2cfe8eadcde3,4f8a2cfe8eadcde3,2852,200,GET,ts-travel-service
1650487304,ts-travel-service,27fe0d7161234e91,4f8a2cfe8eadcde3,4f8a2cfe8eadcde3,2682,200,GET,ts-travel-service
1650487304,ts-ticketinfo-service,4f9e98cb04d09e70,f74929b6bbe14d1a,4f8a2cfe8eadcde3,7488,200,GET,ts-ticketinfo-service
1650487304,ts-route-service,1f7e4ac4f907c8d1,11e1a8f8ce245efa,4f8a2cfe8eadcde3,2639,200,queryById,ts-travel-service
1650487304,ts-basic-service,e8dceebd1429a818,cacb57356aad66e1,4f8a2cfe8eadcde3,4781,200,queryForStationId,ts-ticketinfo-service
1650487304,ts-travel-service,11e1a8f8ce245efa,4f8a2cfe8eadcde3,4f8a2cfe8eadcde3,2699,200,GET,ts-travel-service
1650487304,ts-assurance-service,88072a414ad65585,,88072a414ad65585,1616,200,getAllAssuranceType,no_parent
1650487304,ts-travel-service,757d4513f92b906a,4f8a2cfe8eadcde3,4f8a2cfe8eadcde3,7814,200,GET,ts-travel-service
1650487304,ts-basic-service,9c1b157ddd87b780,187259ab5a908f51,4f8a2cfe8eadcde3,3916,200,GET,ts-basic-service
1650487304,ts-ticketinfo-service,d2f6d05e04f848a9,757d4513f92b906a,4f8a2cfe8eadcde3,7335,200,queryForStationId,ts-travel-service
1650487304,ts-travel-service,4f8a2cfe8eadcde3,,4f8a2cfe8eadcde3,43565,200,queryInfo,no_parent
1650487304,ts-route-service,4ad163a6caaada99,27fe0d7161234e91,4f8a2cfe8eadcde3,2583,200,queryById,ts-travel-service
1650487304,ts-travel-service,793048868ea644e2,4f8a2cfe8eadcde3,4f8a2cfe8eadcde3,2662,200,GET,ts-travel-service
1650487304,ts-travel-service,c800e67eee2f3b29,4f8a2cfe8eadcde3,4f8a2cfe8eadcde3,4172,200,GET,ts-travel-service
1650487304,ts-travel-service,8ebd383ba3aaaaae,4f8a2cfe8eadcde3,4f8a2cfe8eadcde3,11082,200,GET,ts-travel-service
1650487304,ts-basic-service,6f9e814ccf8ac409,e8dceebd1429a818,4f8a2cfe8eadcde3,2777,200,GET,ts-basic-service
1650487304,ts-basic-service,187259ab5a908f51,4f9e98cb04d09e70,4f8a2cfe8eadcde3,6431,200,queryForStationId,ts-ticketinfo-service
1650487304,ts-ticketinfo-service,f74929b6bbe14d1a,8ebd383ba3aaaaae,4f8a2cfe8eadcde3,9959,200,queryForStationId,ts-travel-service
1650487304,ts-station-service,da340f7db4f88c6f,6f9e814ccf8ac409,4f8a2cfe8eadcde3,2097,200,queryForStationId,ts-basic-service
1650487304,ts-station-service,939cce5f9b3eae4d,9c1b157ddd87b780,4f8a2cfe8eadcde3,2730,200,queryForStationId,ts-basic-service
1650487304,ts-ticketinfo-service,cacb57356aad66e1,d2f6d05e04f848a9,4f8a2cfe8eadcde3,5476,200,GET,ts-ticketinfo-service
1650487364,ts-travel-service,79711d24bfb41dba,ddb1d8c9381b91bb,ddb1d8c9381b91bb,19409,200,GET,ts-travel-service
1650487364,ts-travel-service,54cdb701cd43b406,ddb1d8c9381b91bb,ddb1d8c9381b91bb,2887,200,GET,ts-travel-service
1650487364,ts-travel-service,399034f6a03f6e9b,ddb1d8c9381b91bb,ddb1d8c9381b91bb,4018,200,GET,ts-travel-service
1650487364,ts-travel-service,81f5f08306b0e7f4,ddb1d8c9381b91bb,ddb1d8c9381b91bb,2560,200,GET,ts-travel-service
1650487364,ts-travel-service,8b035b98eadc96eb,ddb1d8c9381b91bb,ddb1d8c9381b91bb,2572,200,GET,ts-travel-service
1650487364,ts-travel-service,41f31021f841cecf,ddb1d8c9381b91bb,ddb1d8c9381b91bb,2593,200,GET,ts-travel-service
1650487364,ts-verification-code-service,df4ca2f3a1ea3870,f6f053b763e3bff8,afd28ed887100662,2094,200,verifyCode,ts-auth-service
1650487364,ts-basic-service,eba28bc8813c2b6c,499d2c59704c9cc7,ddb1d8c9381b91bb,4859,200,queryForStationId,ts-ticketinfo-service
1650487364,ts-route-service,69e3cd3202330bfd,41f31021f841cecf,ddb1d8c9381b91bb,2506,200,queryById,ts-travel-service
1650487364,ts-route-service,ede0bafe8df4ff02,54cdb701cd43b406,ddb1d8c9381b91bb,2492,200,queryById,ts-travel-service
1650487364,ts-preserve-service,338f439a9888297b,803cb90590dc76ce,803cb90590dc76ce,3551,200,GET,ts-preserve-service
1650487364,ts-preserve-service,b09d0a58e79d50c1,803cb90590dc76ce,803cb90590dc76ce,15990,200,GET,ts-preserve-service
1650487364,ts-preserve-service,803cb90590dc76ce,,803cb90590dc76ce,22444,200,preserve,no_parent
1650487364,ts-order-other-service,fcea1fab3aacc7b2,f68f637507263a68,803cb90590dc76ce,3113,200,securityInfoCheck,ts-security-service
1650487364,ts-security-service,f68f637507263a68,be4e39685aad86ad,803cb90590dc76ce,4860,200,GET,ts-security-service
1650487364,ts-security-service,be4e39685aad86ad,b09d0a58e79d50c1,803cb90590dc76ce,14387,200,check,ts-preserve-service
1650487364,ts-contacts-service,dc86b693d5ad2ed4,338f439a9888297b,803cb90590dc76ce,2174,200,getContactsByContactsId,ts-preserve-service
1650487364,ts-order-service,c93f53971841f5d9,8747f64126eb6df1,803cb90590dc76ce,3479,200,securityInfoCheck,ts-security-service
1650487364,ts-ticketinfo-service,f3417c623fd89f28,a411678b9f6db836,ddb1d8c9381b91bb,7792,200,queryForStationId,ts-travel-service
1650487364,ts-route-service,c5e8f731bde41e09,8b035b98eadc96eb,ddb1d8c9381b91bb,2525,200,queryById,ts-travel-service
1650487364,ts-ticketinfo-service,5dc2e1b6a53b3a38,172722be142489e5,ddb1d8c9381b91bb,6970,200,GET,ts-ticketinfo-service
1650487364,ts-ticketinfo-service,172722be142489e5,79711d24bfb41dba,ddb1d8c9381b91bb,9305,200,queryForStationId,ts-travel-service
1650487364,ts-ticketinfo-service,499d2c59704c9cc7,f3417c623fd89f28,ddb1d8c9381b91bb,5607,200,GET,ts-ticketinfo-service
1650487364,ts-basic-service,45dad4cc38048ece,5dc2e1b6a53b3a38,ddb1d8c9381b91bb,5843,200,queryForStationId,ts-ticketinfo-service
1650487364,ts-basic-service,68bb0d94440bf2f1,eba28bc8813c2b6c,ddb1d8c9381b91bb,2820,200,GET,ts-basic-service
1650487364,ts-travel-service,a411678b9f6db836,ddb1d8c9381b91bb,ddb1d8c9381b91bb,8311,200,GET,ts-travel-service
1650487364,ts-station-service,2d8f31c058db7208,68bb0d94440bf2f1,ddb1d8c9381b91bb,2126,200,queryForStationId,ts-basic-service
1650487364,ts-station-service,f819c8c269416cf0,720c6c062657d8cd,ddb1d8c9381b91bb,2326,200,queryForStationId,ts-basic-service
1650487364,ts-basic-service,720c6c062657d8cd,45dad4cc38048ece,ddb1d8c9381b91bb,3460,200,GET,ts-basic-service
1650487364,ts-travel-service,ddb1d8c9381b91bb,,ddb1d8c9381b91bb,51832,200,queryInfo,no_parent
1650487364,ts-route-service,2cc1762cc6c4c61f,399034f6a03f6e9b,ddb1d8c9381b91bb,2797,200,queryById,ts-travel-service
1650487364,ts-route-service,17f7544edb5f7dab,81f5f08306b0e7f4,ddb1d8c9381b91bb,2470,200,queryById,ts-travel-service
1650487364,ts-security-service,8747f64126eb6df1,be4e39685aad86ad,803cb90590dc76ce,4916,200,GET,ts-security-service
1650487364,ts-auth-service,f6f053b763e3bff8,afd28ed887100662,afd28ed887100662,3685,200,GET,ts-auth-service
1650487364,ts-auth-service,afd28ed887100662,,afd28ed887100662,114524,200,getToken,no_parent
1650487364,ts-assurance-service,c0040e17d305da10,,c0040e17d305da10,1586,200,getAllAssuranceType,no_parent
1650487425,ts-basic-service,6526cded586bc7dc,ea31fd03b0814465,fa7c070bc984495a,6340,200,queryForStationId,ts-ticketinfo-service
1650487425,ts-basic-service,1a275b2016d0fa3,11782075ebabc3f9,fa7c070bc984495a,4890,200,queryForStationId,ts-ticketinfo-service
1650487425,ts-basic-service,667f12e89ed7c2b5,6526cded586bc7dc,fa7c070bc984495a,3678,200,GET,ts-basic-service
1650487425,ts-station-service,3a089c271b9b9baf,667f12e89ed7c2b5,fa7c070bc984495a,2537,200,queryForStationId,ts-basic-service
1650487425,ts-station-service,41a602f9f084cc51,870b8647b36e5b84,fa7c070bc984495a,2230,200,queryForStationId,ts-basic-service
1650487425,ts-travel-service,cef9b29111e08946,fa7c070bc984495a,fa7c070bc984495a,11519,200,GET,ts-travel-service
1650487425,ts-ticketinfo-service,e46df1dffedf1ae1,cef9b29111e08946,fa7c070bc984495a,9931,200,queryForStationId,ts-travel-service
1650487425,ts-ticketinfo-service,c97ab7279e6c68e3,bb03ed25c61f5c74,fa7c070bc984495a,7637,200,queryForStationId,ts-travel-service
1650487425,ts-basic-service,870b8647b36e5b84,1a275b2016d0fa3,fa7c070bc984495a,2934,200,GET,ts-basic-service
1650487425,ts-ticketinfo-service,11782075ebabc3f9,c97ab7279e6c68e3,fa7c070bc984495a,5626,200,GET,ts-ticketinfo-service
1650487425,ts-travel-service,69e29a60e6238b5,fa7c070bc984495a,fa7c070bc984495a,4178,200,GET,ts-travel-service
1650487425,ts-verification-code-service,2dd46629e9e61792,12ccf0cec8aea501,cb057981efb89b2a,1898,200,verifyCode,ts-auth-service
1650487425,ts-auth-service,12ccf0cec8aea501,cb057981efb89b2a,cb057981efb89b2a,4254,200,GET,ts-auth-service
1650487425,ts-auth-service,cb057981efb89b2a,,cb057981efb89b2a,113047,200,getToken,no_parent
1650487425,ts-travel-service,bb03ed25c61f5c74,fa7c070bc984495a,fa7c070bc984495a,8106,200,GET,ts-travel-service
1650487425,ts-ticketinfo-service,ea31fd03b0814465,e46df1dffedf1ae1,fa7c070bc984495a,7418,200,GET,ts-ticketinfo-service
1650487425,ts-route-service,714c2bf52a0c81f0,dfdba5499a3e633,fa7c070bc984495a,2651,200,queryById,ts-travel-service
1650487425,ts-travel-service,643e879eb1f0619b,fa7c070bc984495a,fa7c070bc984495a,2535,200,GET,ts-travel-service
1650487425,ts-travel-service,c5acf1127db01793,fa7c070bc984495a,fa7c070bc984495a,2517,200,GET,ts-travel-service
1650487425,ts-travel-service,c3e7bedd3e8af7,fa7c070bc984495a,fa7c070bc984495a,2557,200,GET,ts-travel-service
1650487425,ts-route-service,92ccaedce353f2de,c5acf1127db01793,fa7c070bc984495a,2474,200,queryById,ts-travel-service
1650487425,ts-route-service,862332c7f57daaa0,69e29a60e6238b5,fa7c070bc984495a,2946,200,queryById,ts-travel-service
1650487425,ts-route-service,547df86bee5a2ae9,643e879eb1f0619b,fa7c070bc984495a,2471,200,queryById,ts-travel-service
1650487425,ts-route-service,4a878fb61899fd70,c3e7bedd3e8af7,fa7c070bc984495a,2480,200,queryById,ts-travel-service
1650487425,ts-travel-service,fa7c070bc984495a,,fa7c070bc984495a,43793,200,queryInfo,no_parent
1650487425,ts-security-service,5cf622029741fc7c,5883c339a9782c31,eb91792c9005ce2e,4571,200,GET,ts-security-service
1650487425,ts-security-service,3623fb80c316e3fa,5883c339a9782c31,eb91792c9005ce2e,4835,200,GET,ts-security-service
1650487425,ts-order-service,f46f6834e6f1d5bb,3623fb80c316e3fa,eb91792c9005ce2e,3766,200,securityInfoCheck,ts-security-service
1650487425,ts-preserve-service,360cd1f2ea753f34,eb91792c9005ce2e,eb91792c9005ce2e,15600,200,GET,ts-preserve-service
1650487425,ts-preserve-service,9df578a8c1033ebf,eb91792c9005ce2e,eb91792c9005ce2e,3674,200,GET,ts-preserve-service
1650487425,ts-travel-service,dfdba5499a3e633,fa7c070bc984495a,fa7c070bc984495a,2896,200,GET,ts-travel-service
1650487425,ts-contacts-service,6e8b418e5db64bb9,9df578a8c1033ebf,eb91792c9005ce2e,2419,200,getContactsByContactsId,ts-preserve-service
1650487425,ts-preserve-service,eb91792c9005ce2e,,eb91792c9005ce2e,22211,200,preserve,no_parent
1650487425,ts-order-other-service,49179640ff819ac3,5cf622029741fc7c,eb91792c9005ce2e,3168,200,securityInfoCheck,ts-security-service
1650487425,ts-security-service,5883c339a9782c31,360cd1f2ea753f34,eb91792c9005ce2e,14003,200,check,ts-preserve-service
1650487425,ts-assurance-service,638b62cf1237e352,,638b62cf1237e352,1610,200,getAllAssuranceType,no_parent
1650487485,ts-security-service,20dea4746ab815ce,320b081b0938ecd0,444732344eded84b,4218,200,GET,ts-security-service
1650487485,ts-preserve-service,444732344eded84b,,444732344eded84b,22252,200,preserve,no_parent
1650487485,ts-order-other-service,1cdb964c5c51220c,20dea4746ab815ce,444732344eded84b,2807,200,securityInfoCheck,ts-security-service
1650487485,ts-preserve-service,fb5ff7e2de89308b,444732344eded84b,444732344eded84b,3563,200,GET,ts-preserve-service
1650487485,ts-security-service,320b081b0938ecd0,f3ffba65fef154a1,444732344eded84b,13670,200,check,ts-preserve-service
1650487485,ts-preserve-service,f3ffba65fef154a1,444732344eded84b,444732344eded84b,15772,200,GET,ts-preserve-service
1650487485,ts-order-service,b8b554232669f540,8c0915eaeeb37dc9,444732344eded84b,3582,200,securityInfoCheck,ts-security-service
1650487485,ts-contacts-service,4e7bdd8cc33bddd6,fb5ff7e2de89308b,444732344eded84b,2629,200,getContactsByContactsId,ts-preserve-service
1650487485,ts-security-service,8c0915eaeeb37dc9,320b081b0938ecd0,444732344eded84b,5025,200,GET,ts-security-service
1650487485,ts-auth-service,b9fbf21b5b4963dd,,b9fbf21b5b4963dd,115103,200,getToken,no_parent
1650487485,ts-verification-code-service,2df89345aabc705b,8712c0cf4561136,b9fbf21b5b4963dd,2303,200,verifyCode,ts-auth-service
1650487485,ts-auth-service,8712c0cf4561136,b9fbf21b5b4963dd,b9fbf21b5b4963dd,4108,200,GET,ts-auth-service
1650487486,ts-route-service,93baca73c63564c7,b9da6103c4cd0421,ffe125cfa508fe19,2467,200,queryById,ts-travel-service
1650487486,ts-route-service,95e4c11d620fedc6,302914f2fdee56a0,ffe125cfa508fe19,13623,200,queryById,ts-travel-service
1650487486,ts-ticketinfo-service,4ff4173a9dbf9e64,4a3f51cacc55453a,ffe125cfa508fe19,5303,200,GET,ts-ticketinfo-service
1650487486,ts-ticketinfo-service,43fd75b9792bb4b9,7aa7297441fa97f3,ffe125cfa508fe19,9562,200,queryForStationId,ts-travel-service
1650487486,ts-route-service,61c08e9fc4f7daeb,ad4e8291eccc7df,ffe125cfa508fe19,2445,200,queryById,ts-travel-service
1650487486,ts-travel-service,ffe125cfa508fe19,,ffe125cfa508fe19,53997,200,queryInfo,no_parent
1650487486,ts-travel-service,d0fa3e8adfe42bb0,ffe125cfa508fe19,ffe125cfa508fe19,7807,200,GET,ts-travel-service
1650487486,ts-travel-service,40c3e81c260268bf,ffe125cfa508fe19,ffe125cfa508fe19,2514,200,GET,ts-travel-service
1650487486,ts-travel-service,302914f2fdee56a0,ffe125cfa508fe19,ffe125cfa508fe19,14982,200,GET,ts-travel-service
1650487486,ts-route-service,7b9515157d71be42,c347118d088e221a,ffe125cfa508fe19,2492,200,queryById,ts-travel-service
1650487486,ts-station-service,e6238a2e73cd5b8f,565c74ce7c6ea10a,ffe125cfa508fe19,2447,200,queryForStationId,ts-basic-service
1650487486,ts-station-service,7f73f4df7b62f858,11a0f52e0b604a5b,ffe125cfa508fe19,2117,200,queryForStationId,ts-basic-service
1650487486,ts-travel-service,7aa7297441fa97f3,ffe125cfa508fe19,ffe125cfa508fe19,11103,200,GET,ts-travel-service
1650487486,ts-route-service,3ab6390602a7e8da,40c3e81c260268bf,ffe125cfa508fe19,2421,200,queryById,ts-travel-service
1650487486,ts-travel-service,b9da6103c4cd0421,ffe125cfa508fe19,ffe125cfa508fe19,2823,200,GET,ts-travel-service
1650487486,ts-travel-service,ad4e8291eccc7df,ffe125cfa508fe19,ffe125cfa508fe19,2561,200,GET,ts-travel-service
1650487486,ts-travel-service,c347118d088e221a,ffe125cfa508fe19,ffe125cfa508fe19,2558,200,GET,ts-travel-service
1650487486,ts-ticketinfo-service,e84ab1961dfae01a,43fd75b9792bb4b9,ffe125cfa508fe19,7093,200,GET,ts-ticketinfo-service
1650487486,ts-basic-service,565c74ce7c6ea10a,e9c798b595b373c9,ffe125cfa508fe19,3606,200,GET,ts-basic-service
1650487486,ts-basic-service,35b7fa8c7dd7fe6a,4ff4173a9dbf9e64,ffe125cfa508fe19,4341,200,queryForStationId,ts-ticketinfo-service
1650487486,ts-basic-service,11a0f52e0b604a5b,35b7fa8c7dd7fe6a,ffe125cfa508fe19,2718,200,GET,ts-basic-service
1650487486,ts-ticketinfo-service,4a3f51cacc55453a,d0fa3e8adfe42bb0,ffe125cfa508fe19,7319,200,queryForStationId,ts-travel-service
1650487486,ts-basic-service,e9c798b595b373c9,e84ab1961dfae01a,ffe125cfa508fe19,6004,200,queryForStationId,ts-ticketinfo-service
1650487486,ts-assurance-service,c2263e458ca88cb0,,c2263e458ca88cb0,1608,200,getAllAssuranceType,no_parent
1650487546,ts-basic-service,bf93da32354e785c,18493237293b615,12fb1b0eba9bbc22,5784,200,queryForStationId,ts-ticketinfo-service
1650487546,ts-route-service,bf42e5cf9c879808,ef6e8ecae1a34fd5,12fb1b0eba9bbc22,2479,200,queryById,ts-travel-service
1650487546,ts-route-service,9c1c46b04b2b8e19,b2ecf3ff5123513d,12fb1b0eba9bbc22,2945,200,queryById,ts-travel-service
1650487546,ts-route-service,3bf44e4a7561009f,fdf6f65e3e320d06,12fb1b0eba9bbc22,2435,200,queryById,ts-travel-service
1650487546,ts-station-service,769ee2b961238124,93bef461a5fa82ca,12fb1b0eba9bbc22,2011,200,queryForStationId,ts-basic-service
1650487546,ts-verification-code-service,d499c570a55be29b,3753129aa2fd9622,85dee6f5942e471c,2306,200,verifyCode,ts-auth-service
1650487546,ts-auth-service,3753129aa2fd9622,85dee6f5942e471c,85dee6f5942e471c,4043,200,GET,ts-auth-service
1650487546,ts-ticketinfo-service,18493237293b615,7d3db8bc4159c5df,12fb1b0eba9bbc22,7179,200,GET,ts-ticketinfo-service
1650487546,ts-travel-service,7e7cdd76c8a13311,12fb1b0eba9bbc22,12fb1b0eba9bbc22,2566,200,GET,ts-travel-service
1650487546,ts-auth-service,85dee6f5942e471c,,85dee6f5942e471c,111712,200,getToken,no_parent
1650487546,ts-preserve-service,39829cbf6d088f78,,39829cbf6d088f78,21287,200,preserve,no_parent
1650487546,ts-security-service,a36f219ab26f1156,c39b66bce16003b9,39829cbf6d088f78,4935,200,GET,ts-security-service
1650487546,ts-security-service,c39fb62938710f7b,c39b66bce16003b9,39829cbf6d088f78,4496,200,GET,ts-security-service
1650487546,ts-order-other-service,c93defed5ccc6a8,c39fb62938710f7b,39829cbf6d088f78,3164,200,securityInfoCheck,ts-security-service
1650487546,ts-route-service,c7f45fef53ae88ea,7e7cdd76c8a13311,12fb1b0eba9bbc22,2450,200,queryById,ts-travel-service
1650487546,ts-contacts-service,a9a0088e078ff624,d4c0d73ffdbc46c8,39829cbf6d088f78,2172,200,getContactsByContactsId,ts-preserve-service
1650487546,ts-security-service,c39b66bce16003b9,7fc9e8e90a7f95d0,39829cbf6d088f78,13664,200,check,ts-preserve-service
1650487546,ts-route-service,8622fa3c272a59ce,346a4aa0372a2e3a,12fb1b0eba9bbc22,2464,200,queryById,ts-travel-service
1650487546,ts-travel-service,12fb1b0eba9bbc22,,12fb1b0eba9bbc22,42356,200,queryInfo,no_parent
1650487546,ts-ticketinfo-service,6c91f464e6a11a9,4f20d0aadba4667e,12fb1b0eba9bbc22,4444,200,GET,ts-ticketinfo-service
1650487546,ts-ticketinfo-service,4f20d0aadba4667e,e6bd537a2d8c5c02,12fb1b0eba9bbc22,6425,200,queryForStationId,ts-travel-service
1650487546,ts-basic-service,93bef461a5fa82ca,bf93da32354e785c,12fb1b0eba9bbc22,3244,200,GET,ts-basic-service
1650487546,ts-travel-service,346a4aa0372a2e3a,12fb1b0eba9bbc22,12fb1b0eba9bbc22,2594,200,GET,ts-travel-service
1650487546,ts-basic-service,2acfc124faa03e35,8e4725db0d741fbd,12fb1b0eba9bbc22,2015,200,GET,ts-basic-service
1650487546,ts-ticketinfo-service,7d3db8bc4159c5df,b5c324c1b74fe71c,12fb1b0eba9bbc22,9657,200,queryForStationId,ts-travel-service
1650487546,ts-station-service,2f69ef3984fb301,2acfc124faa03e35,12fb1b0eba9bbc22,1391,200,queryForStationId,ts-basic-service
1650487546,ts-travel-service,e6bd537a2d8c5c02,12fb1b0eba9bbc22,12fb1b0eba9bbc22,6755,200,GET,ts-travel-service
1650487546,ts-travel-service,ef6e8ecae1a34fd5,12fb1b0eba9bbc22,12fb1b0eba9bbc22,2917,200,GET,ts-travel-service
1650487546,ts-order-service,e601d3cdfa3be54b,a36f219ab26f1156,39829cbf6d088f78,3584,200,securityInfoCheck,ts-security-service
1650487546,ts-basic-service,8e4725db0d741fbd,6c91f464e6a11a9,12fb1b0eba9bbc22,3890,200,queryForStationId,ts-ticketinfo-service
1650487546,ts-preserve-service,7fc9e8e90a7f95d0,39829cbf6d088f78,39829cbf6d088f78,15277,200,GET,ts-preserve-service
1650487546,ts-preserve-service,d4c0d73ffdbc46c8,39829cbf6d088f78,39829cbf6d088f78,3341,200,GET,ts-preserve-service
1650487546,ts-travel-service,b5c324c1b74fe71c,12fb1b0eba9bbc22,12fb1b0eba9bbc22,11160,200,GET,ts-travel-service
1650487546,ts-travel-service,fdf6f65e3e320d06,12fb1b0eba9bbc22,12fb1b0eba9bbc22,2577,200,GET,ts-travel-service
1650487546,ts-travel-service,b2ecf3ff5123513d,12fb1b0eba9bbc22,12fb1b0eba9bbc22,4358,200,GET,ts-travel-service
1650487546,ts-assurance-service,67731ba5c59bb8ff,,67731ba5c59bb8ff,1596,200,getAllAssuranceType,no_parent
1650487606,ts-route-service,1376757520d3ad5a,a53dcf4c8ca3c41f,a4287f981c8f59b0,2531,200,queryById,ts-travel-service
1650487606,ts-ticketinfo-service,6c5775d5a9f2258,253376a2bb232d89,a4287f981c8f59b0,7553,200,queryForStationId,ts-travel-service
1650487606,ts-ticketinfo-service,e1a45bf2bf0aef99,6c5775d5a9f2258,a4287f981c8f59b0,5464,200,GET,ts-ticketinfo-service
1650487606,ts-travel-service,253376a2bb232d89,a4287f981c8f59b0,a4287f981c8f59b0,8119,200,GET,ts-travel-service
1650487606,ts-basic-service,3727c2a57f1c0d2,c40fa23261fa307f,a4287f981c8f59b0,2753,200,GET,ts-basic-service
1650487606,ts-route-service,7e69ed1aba55c210,18e4a7a5724aeda1,a4287f981c8f59b0,2490,200,queryById,ts-travel-service
1650487606,ts-travel-service,a53dcf4c8ca3c41f,a4287f981c8f59b0,a4287f981c8f59b0,2566,200,GET,ts-travel-service
1650487606,ts-travel-service,13d98a37eb0f5686,a4287f981c8f59b0,a4287f981c8f59b0,10799,200,GET,ts-travel-service
1650487606,ts-basic-service,33134254a905f9eb,e8b9534749e58882,a4287f981c8f59b0,5679,200,queryForStationId,ts-ticketinfo-service
1650487606,ts-security-service,54e20e1fcaf25d99,c6836d45d4cf8f4e,2d7ca8991746d67b,14002,200,check,ts-preserve-service
1650487606,ts-route-service,5cabca89c5769d30,e516402c04173cce,a4287f981c8f59b0,2511,200,queryById,ts-travel-service
1650487606,ts-order-service,da287b3e1d74a089,81ef016a24cc7165,2d7ca8991746d67b,3514,200,securityInfoCheck,ts-security-service
1650487606,ts-travel-service,c1dbd5ebb20a8a4,a4287f981c8f59b0,a4287f981c8f59b0,2592,200,GET,ts-travel-service
1650487606,ts-travel-service,e516402c04173cce,a4287f981c8f59b0,a4287f981c8f59b0,2846,200,GET,ts-travel-service
1650487606,ts-travel-service,1613c68f52db6e54,a4287f981c8f59b0,a4287f981c8f59b0,4267,200,GET,ts-travel-service
1650487606,ts-security-service,81ef016a24cc7165,54e20e1fcaf25d99,2d7ca8991746d67b,4917,200,GET,ts-security-service
1650487606,ts-security-service,89310b839d009ef,54e20e1fcaf25d99,2d7ca8991746d67b,4626,200,GET,ts-security-service
1650487606,ts-ticketinfo-service,e8b9534749e58882,be668f2547eb4d98,a4287f981c8f59b0,6809,200,GET,ts-ticketinfo-service
1650487606,ts-ticketinfo-service,be668f2547eb4d98,13d98a37eb0f5686,a4287f981c8f59b0,9365,200,queryForStationId,ts-travel-service
1650487606,ts-station-service,c5eeb5cd1705d46d,260120c0296ddef6,a4287f981c8f59b0,2233,200,queryForStationId,ts-basic-service
1650487606,ts-preserve-service,2d7ca8991746d67b,,2d7ca8991746d67b,25254,200,preserve,no_parent
1650487606,ts-travel-service,a4287f981c8f59b0,,a4287f981c8f59b0,42872,200,queryInfo,no_parent
1650487606,ts-basic-service,260120c0296ddef6,33134254a905f9eb,a4287f981c8f59b0,3285,200,GET,ts-basic-service
1650487606,ts-basic-service,c40fa23261fa307f,e1a45bf2bf0aef99,a4287f981c8f59b0,4795,200,queryForStationId,ts-ticketinfo-service
1650487606,ts-route-service,50610a0a46472dd3,c1dbd5ebb20a8a4,a4287f981c8f59b0,2516,200,queryById,ts-travel-service
1650487606,ts-route-service,e690d6e37209e9e3,1613c68f52db6e54,a4287f981c8f59b0,2972,200,queryById,ts-travel-service
1650487606,ts-station-service,d61d3d56722af3e9,3727c2a57f1c0d2,a4287f981c8f59b0,2097,200,queryForStationId,ts-basic-service
1650487606,ts-preserve-service,c6836d45d4cf8f4e,2d7ca8991746d67b,2d7ca8991746d67b,16249,200,GET,ts-preserve-service
1650487606,ts-preserve-service,59a828f1b343f164,2d7ca8991746d67b,2d7ca8991746d67b,3731,200,GET,ts-preserve-service
1650487606,ts-verification-code-service,184d8eb0b113dace,33c26205d4976240,2d26150b71fc4458,2046,200,verifyCode,ts-auth-service
1650487606,ts-contacts-service,3c36664e993005c8,59a828f1b343f164,2d7ca8991746d67b,2419,200,getContactsByContactsId,ts-preserve-service
1650487606,ts-travel-service,18e4a7a5724aeda1,a4287f981c8f59b0,a4287f981c8f59b0,2594,200,GET,ts-travel-service
1650487606,ts-order-other-service,e8d7cc14d0414ab0,89310b839d009ef,2d7ca8991746d67b,3256,200,securityInfoCheck,ts-security-service
1650487606,ts-auth-service,2d26150b71fc4458,,2d26150b71fc4458,112603,200,getToken,no_parent
1650487606,ts-assurance-service,63cb736b30b7e74c,,63cb736b30b7e74c,1586,200,getAllAssuranceType,no_parent
1650487606,ts-auth-service,33c26205d4976240,2d26150b71fc4458,2d26150b71fc4458,3746,200,GET,ts-auth-service
1650487666,ts-order-other-service,35da23146970ba61,e2510cd32a79ba2,63e070d921713477,3116,200,securityInfoCheck,ts-security-service
1650487666,ts-security-service,db885cd974b8754,89ad475148e1d3f7,63e070d921713477,4351,200,GET,ts-security-service
1650487666,ts-security-service,e2510cd32a79ba2,89ad475148e1d3f7,63e070d921713477,4438,200,GET,ts-security-service
1650487666,ts-security-service,89ad475148e1d3f7,bd143011c72d79bf,63e070d921713477,13142,200,check,ts-preserve-service
1650487666,ts-auth-service,f14e9e3854d100ad,,f14e9e3854d100ad,115458,200,getToken,no_parent
1650487666,ts-verification-code-service,8b8702b1e0788604,bcd63d2d16a81792,f14e9e3854d100ad,1994,200,verifyCode,ts-auth-service
1650487666,ts-assurance-service,15b293e185309948,,15b293e185309948,1621,200,getAllAssuranceType,no_parent
1650487666,ts-travel-service,eb2fd35603c2fb6e,9c250e48a43491e3,9c250e48a43491e3,2325,200,GET,ts-travel-service
1650487666,ts-auth-service,bcd63d2d16a81792,f14e9e3854d100ad,f14e9e3854d100ad,3655,200,GET,ts-auth-service
1650487666,ts-travel-service,9c250e48a43491e3,,9c250e48a43491e3,42528,200,queryInfo,no_parent
1650487666,ts-route-service,6a9f12a734595de7,e75fdf2b080e448f,9c250e48a43491e3,2101,200,queryById,ts-travel-service
1650487666,ts-route-service,2d4807406f24fd02,eb2fd35603c2fb6e,9c250e48a43491e3,2176,200,queryById,ts-travel-service
1650487666,ts-contacts-service,92c894e56ffd8825,624ba6925e0905f7,63e070d921713477,2468,200,getContactsByContactsId,ts-preserve-service
1650487666,ts-basic-service,8dd21bbcecbeecd4,61077e449926ceb1,9c250e48a43491e3,3722,200,GET,ts-basic-service
1650487666,ts-order-service,affe0711074ecbcc,db885cd974b8754,63e070d921713477,2911,200,securityInfoCheck,ts-security-service
1650487666,ts-preserve-service,bd143011c72d79bf,63e070d921713477,63e070d921713477,14791,200,GET,ts-preserve-service
1650487666,ts-preserve-service,624ba6925e0905f7,63e070d921713477,63e070d921713477,3738,200,GET,ts-preserve-service
1650487666,ts-ticketinfo-service,7961d33f3a49feca,b022eeb21fa145bf,9c250e48a43491e3,7450,200,GET,ts-ticketinfo-service
1650487666,ts-station-service,aaa65cf22591823a,b3e7432d4aff334c,9c250e48a43491e3,2100,200,queryForStationId,ts-basic-service
1650487666,ts-travel-service,5f571eaaa32593dd,9c250e48a43491e3,9c250e48a43491e3,11208,200,GET,ts-travel-service
1650487666,ts-travel-service,127a3992cbb90d18,9c250e48a43491e3,9c250e48a43491e3,8098,200,GET,ts-travel-service
1650487666,ts-station-service,696f3371a7fa2178,8dd21bbcecbeecd4,9c250e48a43491e3,2610,200,queryForStationId,ts-basic-service
1650487666,ts-preserve-service,63e070d921713477,,63e070d921713477,21603,200,preserve,no_parent
1650487666,ts-travel-service,e75fdf2b080e448f,9c250e48a43491e3,9c250e48a43491e3,2540,200,GET,ts-travel-service
1650487666,ts-travel-service,3034a269cc25f392,9c250e48a43491e3,9c250e48a43491e3,2275,200,GET,ts-travel-service
1650487666,ts-basic-service,61077e449926ceb1,7961d33f3a49feca,9c250e48a43491e3,6277,200,queryForStationId,ts-ticketinfo-service
1650487666,ts-ticketinfo-service,91f7c8e051a94581,127a3992cbb90d18,9c250e48a43491e3,7801,200,queryForStationId,ts-travel-service
1650487666,ts-basic-service,1fff9e25d768bc89,c9dfa51b1702c917,9c250e48a43491e3,5038,200,queryForStationId,ts-ticketinfo-service
1650487666,ts-ticketinfo-service,b022eeb21fa145bf,5f571eaaa32593dd,9c250e48a43491e3,9757,200,queryForStationId,ts-travel-service
1650487666,ts-travel-service,84e70d0fe9825e62,9c250e48a43491e3,9c250e48a43491e3,2328,200,GET,ts-travel-service
1650487666,ts-ticketinfo-service,c9dfa51b1702c917,91f7c8e051a94581,9c250e48a43491e3,5585,200,GET,ts-ticketinfo-service
1650487666,ts-basic-service,b3e7432d4aff334c,1fff9e25d768bc89,9c250e48a43491e3,2907,200,GET,ts-basic-service
1650487666,ts-route-service,61096e91c0c99938,84e70d0fe9825e62,9c250e48a43491e3,2184,200,queryById,ts-travel-service
1650487666,ts-route-service,249ea2537654eb6b,93ace5fda544ef6b,9c250e48a43491e3,2835,200,queryById,ts-travel-service
1650487666,ts-travel-service,93ace5fda544ef6b,9c250e48a43491e3,9c250e48a43491e3,4265,200,GET,ts-travel-service
1650487666,ts-route-service,70af0817e475c400,3034a269cc25f392,9c250e48a43491e3,2133,200,queryById,ts-travel-service
1650487727,ts-auth-service,70f051dcc92ea93c,102412072364f229,102412072364f229,3181,200,GET,ts-auth-service
1650487727,ts-auth-service,102412072364f229,,102412072364f229,116485,200,getToken,no_parent
1650487727,ts-verification-code-service,5957b8f4a055dd66,70f051dcc92ea93c,102412072364f229,1295,200,verifyCode,ts-auth-service
1650487727,ts-assurance-service,3a399da8362d452,,3a399da8362d452,1630,200,getAllAssuranceType,no_parent
1650487727,ts-ticketinfo-service,ed7268ea9c401c3a,bf594f6f5c499ba0,e8ae471cfe9f3362,9551,200,queryForStationId,ts-travel-service
1650487727,ts-ticketinfo-service,7ebd6e09fb4cc1a2,ed7268ea9c401c3a,e8ae471cfe9f3362,6976,200,GET,ts-ticketinfo-service
1650487727,ts-basic-service,126b8d7487a9252c,ea1f8359fb3775d1,e8ae471cfe9f3362,2742,200,GET,ts-basic-service
1650487727,ts-basic-service,d0206de44cd5211d,178ea1e00dda1c61,e8ae471cfe9f3362,3385,200,GET,ts-basic-service
1650487727,ts-preserve-service,4e067eba9492454a,,4e067eba9492454a,21131,200,preserve,no_parent
1650487727,ts-order-other-service,aa24028910820d44,d57d322558b9caa1,4e067eba9492454a,2408,200,securityInfoCheck,ts-security-service
1650487727,ts-preserve-service,b22489f573c1c7f6,4e067eba9492454a,4e067eba9492454a,3880,200,GET,ts-preserve-service
1650487727,ts-preserve-service,c643d1a0a0890666,4e067eba9492454a,4e067eba9492454a,13926,200,GET,ts-preserve-service
1650487727,ts-station-service,c79e263854c39f00,126b8d7487a9252c,e8ae471cfe9f3362,2101,200,queryForStationId,ts-basic-service
1650487727,ts-station-service,d6e7cc345060c514,d0206de44cd5211d,e8ae471cfe9f3362,2293,200,queryForStationId,ts-basic-service
1650487727,ts-basic-service,178ea1e00dda1c61,7ebd6e09fb4cc1a2,e8ae471cfe9f3362,5800,200,queryForStationId,ts-ticketinfo-service
1650487727,ts-basic-service,ea1f8359fb3775d1,9e2c7fa7266f4133,e8ae471cfe9f3362,4681,200,queryForStationId,ts-ticketinfo-service
1650487727,ts-contacts-service,13e8a8f523c3dcda,b22489f573c1c7f6,4e067eba9492454a,2559,200,getContactsByContactsId,ts-preserve-service
1650487727,ts-order-service,a5c9884d69da16a0,3f09ba85e35207ba,4e067eba9492454a,3605,200,securityInfoCheck,ts-security-service
1650487727,ts-ticketinfo-service,1b05bd8faba19153,6605a8b5a376be09,e8ae471cfe9f3362,7331,200,queryForStationId,ts-travel-service
1650487727,ts-security-service,d57d322558b9caa1,b0b515a1d7098047,4e067eba9492454a,3634,200,GET,ts-security-service
1650487727,ts-security-service,3f09ba85e35207ba,b0b515a1d7098047,4e067eba9492454a,4838,200,GET,ts-security-service
1650487727,ts-security-service,b0b515a1d7098047,c643d1a0a0890666,4e067eba9492454a,12277,200,check,ts-preserve-service
1650487727,ts-travel-service,276c0889c4932794,e8ae471cfe9f3362,e8ae471cfe9f3362,2831,200,GET,ts-travel-service
1650487727,ts-route-service,1a2e80194f1473d4,276c0889c4932794,e8ae471cfe9f3362,2315,200,queryById,ts-travel-service
1650487727,ts-route-service,bfb36bf4949c8437,61d7ae282101be14,e8ae471cfe9f3362,2170,200,queryById,ts-travel-service
1650487727,ts-route-service,35914e7b273b87a7,c0985ae646a5ae92,e8ae471cfe9f3362,2127,200,queryById,ts-travel-service
1650487727,ts-route-service,524b5ce1838cb306,1ff58b26b0ced91e,e8ae471cfe9f3362,2106,200,queryById,ts-travel-service
1650487727,ts-ticketinfo-service,9e2c7fa7266f4133,1b05bd8faba19153,e8ae471cfe9f3362,5394,200,GET,ts-ticketinfo-service
1650487727,ts-travel-service,f7cef56ff50cc9c5,e8ae471cfe9f3362,e8ae471cfe9f3362,4014,200,GET,ts-travel-service
1650487727,ts-travel-service,bf594f6f5c499ba0,e8ae471cfe9f3362,e8ae471cfe9f3362,11077,200,GET,ts-travel-service
1650487727,ts-travel-service,1ff58b26b0ced91e,e8ae471cfe9f3362,e8ae471cfe9f3362,2263,200,GET,ts-travel-service
1650487727,ts-travel-service,e8ae471cfe9f3362,,e8ae471cfe9f3362,41273,200,queryInfo,no_parent
1650487727,ts-travel-service,6605a8b5a376be09,e8ae471cfe9f3362,e8ae471cfe9f3362,7781,200,GET,ts-travel-service
1650487727,ts-travel-service,61d7ae282101be14,e8ae471cfe9f3362,e8ae471cfe9f3362,2489,200,GET,ts-travel-service
1650487727,ts-travel-service,c0985ae646a5ae92,e8ae471cfe9f3362,e8ae471cfe9f3362,2263,200,GET,ts-travel-service
1650487727,ts-route-service,a25aa08fa8ff09a9,f7cef56ff50cc9c5,e8ae471cfe9f3362,2724,200,queryById,ts-travel-service
1650487787,ts-travel-service,4d9ab9c8ee77ff1d,7d9fc34da729cb00,7d9fc34da729cb00,8118,200,GET,ts-travel-service
1650487787,ts-basic-service,9d5d3a8e7a7ed1a3,a8c2e31c86b5cdb9,7d9fc34da729cb00,3175,200,GET,ts-basic-service
1650487787,ts-travel-service,c087caeb37bdf4a9,7d9fc34da729cb00,7d9fc34da729cb00,10620,200,GET,ts-travel-service
1650487787,ts-basic-service,68399c8b3666c928,d3926fc69bcddf8d,7d9fc34da729cb00,3617,200,GET,ts-basic-service
1650487787,ts-basic-service,a8c2e31c86b5cdb9,4f95ea4be84c2044,7d9fc34da729cb00,5234,200,queryForStationId,ts-ticketinfo-service
1650487787,ts-route-service,b8f0f6f2eb97a85f,5a7fdce85c0edc5b,7d9fc34da729cb00,2311,200,queryById,ts-travel-service
1650487787,ts-route-service,e8954bde8afdb770,3b36026e3c43fae3,7d9fc34da729cb00,1942,200,queryById,ts-travel-service
1650487787,ts-travel-service,6654edbe00089d91,7d9fc34da729cb00,7d9fc34da729cb00,2049,200,GET,ts-travel-service
1650487787,ts-travel-service,a2f53b32b99d3ca5,7d9fc34da729cb00,7d9fc34da729cb00,2335,200,GET,ts-travel-service
1650487787,ts-station-service,e39c7e8c5fb66115,68399c8b3666c928,7d9fc34da729cb00,2534,200,queryForStationId,ts-basic-service
1650487787,ts-ticketinfo-service,800975e1ac8df81f,4d9ab9c8ee77ff1d,7d9fc34da729cb00,7872,200,queryForStationId,ts-travel-service
1650487787,ts-station-service,6ca75feb4c9b26ff,9d5d3a8e7a7ed1a3,7d9fc34da729cb00,2537,200,queryForStationId,ts-basic-service
1650487787,ts-route-service,6a17dc544e815108,a2f53b32b99d3ca5,7d9fc34da729cb00,2280,200,queryById,ts-travel-service
1650487787,ts-travel-service,7d9fc34da729cb00,,7d9fc34da729cb00,41046,200,queryInfo,no_parent
1650487787,ts-travel-service,5a7fdce85c0edc5b,7d9fc34da729cb00,7d9fc34da729cb00,2431,200,GET,ts-travel-service
1650487787,ts-route-service,b37f9ca83815954c,95ec4c1b2be768e,7d9fc34da729cb00,2324,200,queryById,ts-travel-service
1650487787,ts-route-service,1a6e2320d2e640b4,6654edbe00089d91,7d9fc34da729cb00,1910,200,queryById,ts-travel-service
1650487787,ts-ticketinfo-service,c45e172989d4202e,aeb916a2476fc16a,7d9fc34da729cb00,7171,200,GET,ts-ticketinfo-service
1650487787,ts-ticketinfo-service,4f95ea4be84c2044,800975e1ac8df81f,7d9fc34da729cb00,5809,200,GET,ts-ticketinfo-service
1650487787,ts-basic-service,d3926fc69bcddf8d,c45e172989d4202e,7d9fc34da729cb00,6213,200,queryForStationId,ts-ticketinfo-service
1650487787,ts-assurance-service,3316f95c576c68ed,,3316f95c576c68ed,1651,200,getAllAssuranceType,no_parent
1650487787,ts-contacts-service,c3d63f580b727750,640e761212797a25,326b98be103f78cb,2733,200,getContactsByContactsId,ts-preserve-service
1650487787,ts-order-service,687ee4bdd50a2f00,d98b485f152ad126,326b98be103f78cb,3885,200,securityInfoCheck,ts-security-service
1650487787,ts-preserve-service,d25392ec9e4fe555,326b98be103f78cb,326b98be103f78cb,15870,200,GET,ts-preserve-service
1650487787,ts-security-service,1f1d12cedb4b4a6f,d25392ec9e4fe555,326b98be103f78cb,14123,200,check,ts-preserve-service
1650487787,ts-preserve-service,640e761212797a25,326b98be103f78cb,326b98be103f78cb,4200,200,GET,ts-preserve-service
1650487787,ts-preserve-service,326b98be103f78cb,,326b98be103f78cb,23379,200,preserve,no_parent
1650487787,ts-order-other-service,2b2506fb4852a8cc,dd0d65ecad6bdebe,326b98be103f78cb,3216,200,securityInfoCheck,ts-security-service
1650487787,ts-ticketinfo-service,aeb916a2476fc16a,c087caeb37bdf4a9,7d9fc34da729cb00,9148,200,queryForStationId,ts-travel-service
1650487787,ts-travel-service,3b36026e3c43fae3,7d9fc34da729cb00,7d9fc34da729cb00,2322,200,GET,ts-travel-service
1650487787,ts-auth-service,75c312dcb9984de8,,75c312dcb9984de8,120171,200,getToken,no_parent
1650487787,ts-auth-service,59319713a4fd5765,75c312dcb9984de8,75c312dcb9984de8,3933,200,GET,ts-auth-service
1650487787,ts-travel-service,95ec4c1b2be768e,7d9fc34da729cb00,7d9fc34da729cb00,3818,200,GET,ts-travel-service
1650487787,ts-verification-code-service,d4f9044d708a9231,59319713a4fd5765,75c312dcb9984de8,1917,200,verifyCode,ts-auth-service
1650487787,ts-security-service,dd0d65ecad6bdebe,1f1d12cedb4b4a6f,326b98be103f78cb,4639,200,GET,ts-security-service
1650487787,ts-security-service,d98b485f152ad126,1f1d12cedb4b4a6f,326b98be103f78cb,5172,200,GET,ts-security-service
1650487847,ts-ticketinfo-service,5e29ddc6c3470f8e,55b8716bff04e31e,a982fae8a22479a6,8306,200,queryForStationId,ts-travel-service
1650487847,ts-station-service,89871b245bb559da,39f9a4b27c76845a,a982fae8a22479a6,4366,200,queryForStationId,ts-basic-service
1650487847,ts-ticketinfo-service,a26a901545a2e709,d0b35797565ed13d,a982fae8a22479a6,9472,200,GET,ts-ticketinfo-service
1650487847,ts-ticketinfo-service,d0b35797565ed13d,393900e1e4c23f5b,a982fae8a22479a6,12067,200,queryForStationId,ts-travel-service
1650487847,ts-auth-service,b8b0553439d0f6ad,,b8b0553439d0f6ad,119252,200,getToken,no_parent
1650487847,ts-travel-service,9a6f44f3b68cf2ad,a982fae8a22479a6,a982fae8a22479a6,2289,200,GET,ts-travel-service
1650487847,ts-travel-service,a982fae8a22479a6,,a982fae8a22479a6,44184,200,queryInfo,no_parent
1650487847,ts-route-service,a2e261a7f4bf26ba,c8c273b24cf1a6d6,a982fae8a22479a6,1217,200,queryById,ts-travel-service
1650487847,ts-route-service,c55038a4ef0e857d,9a6f44f3b68cf2ad,a982fae8a22479a6,2167,200,queryById,ts-travel-service
1650487847,ts-route-service,989fe5f183c416af,c22bd3a2991b4ea3,a982fae8a22479a6,2145,200,queryById,ts-travel-service
1650487847,ts-travel-service,c8c273b24cf1a6d6,a982fae8a22479a6,a982fae8a22479a6,1687,200,GET,ts-travel-service
1650487847,ts-travel-service,a990c616ba1bde72,a982fae8a22479a6,a982fae8a22479a6,2333,200,GET,ts-travel-service
1650487847,ts-travel-service,c22bd3a2991b4ea3,a982fae8a22479a6,a982fae8a22479a6,2256,200,GET,ts-travel-service
1650487847,ts-route-service,8303b3636b6af631,625703ede3d3e1f7,a982fae8a22479a6,2698,200,queryById,ts-travel-service
1650487847,ts-route-service,b038809a5cf1d674,a990c616ba1bde72,a982fae8a22479a6,2229,200,queryById,ts-travel-service
1650487847,ts-security-service,43433931680f3dcf,bd9f4905b03a9501,c68e598669b2388f,4671,200,GET,ts-security-service
1650487847,ts-security-service,ef89044461e161da,bd9f4905b03a9501,c68e598669b2388f,4415,200,GET,ts-security-service
1650487847,ts-preserve-service,ede2e98d31ee4889,c68e598669b2388f,c68e598669b2388f,22673,200,GET,ts-preserve-service
1650487847,ts-preserve-service,1bb37fb6a89bb817,c68e598669b2388f,c68e598669b2388f,3794,200,GET,ts-preserve-service
1650487847,ts-preserve-service,c68e598669b2388f,,c68e598669b2388f,29611,200,preserve,no_parent
1650487847,ts-order-other-service,cf78e0d20fd98649,ef89044461e161da,c68e598669b2388f,2988,200,securityInfoCheck,ts-security-service
1650487847,ts-security-service,bd9f4905b03a9501,ede2e98d31ee4889,c68e598669b2388f,20869,200,check,ts-preserve-service
1650487847,ts-contacts-service,10275c8b4c38d8a8,1bb37fb6a89bb817,c68e598669b2388f,2276,200,getContactsByContactsId,ts-preserve-service
1650487847,ts-order-service,f9f2c5ffec52dcb1,43433931680f3dcf,c68e598669b2388f,3340,200,securityInfoCheck,ts-security-service
1650487847,ts-assurance-service,eb3def686aee722b,,eb3def686aee722b,1571,200,getAllAssuranceType,no_parent
1650487847,ts-travel-service,393900e1e4c23f5b,a982fae8a22479a6,a982fae8a22479a6,13501,200,GET,ts-travel-service
1650487847,ts-basic-service,f108ef0c2ab0ed2b,a26a901545a2e709,a982fae8a22479a6,8349,200,queryForStationId,ts-ticketinfo-service
1650487847,ts-basic-service,39f9a4b27c76845a,f108ef0c2ab0ed2b,a982fae8a22479a6,5932,200,GET,ts-basic-service
1650487847,ts-basic-service,347eb0dfe3785a33,a1720ae0fefb4843,a982fae8a22479a6,3387,200,GET,ts-basic-service
1650487847,ts-station-service,a870b592075de8c9,347eb0dfe3785a33,a982fae8a22479a6,2406,200,queryForStationId,ts-basic-service
1650487847,ts-travel-service,625703ede3d3e1f7,a982fae8a22479a6,a982fae8a22479a6,4017,200,GET,ts-travel-service
1650487847,ts-travel-service,55b8716bff04e31e,a982fae8a22479a6,a982fae8a22479a6,8699,200,GET,ts-travel-service
1650487847,ts-basic-service,a1720ae0fefb4843,dbe7ca4cc625acf7,a982fae8a22479a6,5487,200,queryForStationId,ts-ticketinfo-service
1650487847,ts-ticketinfo-service,dbe7ca4cc625acf7,5e29ddc6c3470f8e,a982fae8a22479a6,6224,200,GET,ts-ticketinfo-service
1650487847,ts-auth-service,303d13b5bcac1dd6,b8b0553439d0f6ad,b8b0553439d0f6ad,4434,200,GET,ts-auth-service
1650487847,ts-verification-code-service,6941b4b294e8b215,303d13b5bcac1dd6,b8b0553439d0f6ad,1988,200,verifyCode,ts-auth-service
1650487907,ts-auth-service,5b0819a63c2234b3,,5b0819a63c2234b3,116469,200,getToken,no_parent
1650487907,ts-verification-code-service,76728ec4db6f8de9,27749e74a27b46f2,5b0819a63c2234b3,2272,200,verifyCode,ts-auth-service
1650487907,ts-order-service,8f487999247fe73d,66fa24ba19b150e1,3cb3d21db64c20ec,3546,200,securityInfoCheck,ts-security-service
1650487907,ts-contacts-service,987a21223040eab6,11ba95b4af76b7fc,3cb3d21db64c20ec,2452,200,getContactsByContactsId,ts-preserve-service
1650487907,ts-order-service,9a7aaa277ccd45bb,,9a7aaa277ccd45bb,13233,200,queryOrdersForRefresh,no_parent
1650487907,ts-order-other-service,e030f285654a3041,50f7bfedb2806a43,3cb3d21db64c20ec,3696,200,securityInfoCheck,ts-security-service
1650487907,ts-preserve-service,11ba95b4af76b7fc,3cb3d21db64c20ec,3cb3d21db64c20ec,3868,200,GET,ts-preserve-service
1650487907,ts-preserve-service,3cb3d21db64c20ec,,3cb3d21db64c20ec,23492,200,preserve,no_parent
1650487907,ts-preserve-service,32d82761787be72f,3cb3d21db64c20ec,3cb3d21db64c20ec,16373,200,GET,ts-preserve-service
1650487907,ts-security-service,66fa24ba19b150e1,38b8ee1d43fc71e8,3cb3d21db64c20ec,4927,200,GET,ts-security-service
1650487907,ts-station-service,eb6bf893534a4835,1c2750a8d4086731,9a7aaa277ccd45bb,8710,200,queryForNameBatch,ts-order-service
1650487907,ts-security-service,50f7bfedb2806a43,38b8ee1d43fc71e8,3cb3d21db64c20ec,4880,200,GET,ts-security-service
1650487907,ts-order-service,1c2750a8d4086731,9a7aaa277ccd45bb,9a7aaa277ccd45bb,10232,200,POST,ts-order-service
1650487907,ts-security-service,38b8ee1d43fc71e8,32d82761787be72f,3cb3d21db64c20ec,14589,200,check,ts-preserve-service
1650487907,ts-auth-service,27749e74a27b46f2,5b0819a63c2234b3,5b0819a63c2234b3,4113,200,GET,ts-auth-service
1650487908,ts-travel-service,92d136fd96297579,fe1315e4b21bde6a,fe1315e4b21bde6a,2321,200,GET,ts-travel-service
1650487908,ts-travel-service,ccf7af197a912f1f,fe1315e4b21bde6a,fe1315e4b21bde6a,2266,200,GET,ts-travel-service
1650487908,ts-basic-service,74a08c039b7f2d78,edfebfc6dc6bd3c7,fe1315e4b21bde6a,5222,200,queryForStationId,ts-ticketinfo-service
1650487908,ts-route-service,917c7fb1ded08273,4706c90ddda62c28,fe1315e4b21bde6a,2167,200,queryById,ts-travel-service
1650487908,ts-route-service,4759883b9b9b74b5,47c5680c525ad22c,fe1315e4b21bde6a,2705,200,queryById,ts-travel-service
1650487908,ts-route-service,ed05628c4dcfca2b,bd2da8620b7947a0,fe1315e4b21bde6a,2632,200,queryById,ts-travel-service
1650487908,ts-ticketinfo-service,246f4f8438f431ba,3107f789f3a4a316,fe1315e4b21bde6a,7787,200,GET,ts-ticketinfo-service
1650487908,ts-travel-service,47c5680c525ad22c,fe1315e4b21bde6a,fe1315e4b21bde6a,3706,200,GET,ts-travel-service
1650487908,ts-route-service,9adaac74ea4748c0,ccf7af197a912f1f,fe1315e4b21bde6a,2203,200,queryById,ts-travel-service
1650487908,ts-basic-service,a4e6aafe7051f2d3,65711b190fd5f1f9,fe1315e4b21bde6a,4176,200,GET,ts-basic-service
1650487908,ts-travel-service,fe1315e4b21bde6a,,fe1315e4b21bde6a,43551,200,queryInfo,no_parent
1650487908,ts-travel-service,4706c90ddda62c28,fe1315e4b21bde6a,fe1315e4b21bde6a,2276,200,GET,ts-travel-service
1650487908,ts-basic-service,65711b190fd5f1f9,246f4f8438f431ba,fe1315e4b21bde6a,6666,200,queryForStationId,ts-ticketinfo-service
1650487908,ts-ticketinfo-service,3107f789f3a4a316,da89317fcf04603c,fe1315e4b21bde6a,10538,200,queryForStationId,ts-travel-service
1650487908,ts-route-service,d6298fd8faa83666,92d136fd96297579,fe1315e4b21bde6a,2203,200,queryById,ts-travel-service
1650487908,ts-basic-service,5e3f8005d51225c3,74a08c039b7f2d78,fe1315e4b21bde6a,3151,200,GET,ts-basic-service
1650487908,ts-travel-service,a5f262eefdf7bb3a,fe1315e4b21bde6a,fe1315e4b21bde6a,8413,200,GET,ts-travel-service
1650487908,ts-travel-service,bd2da8620b7947a0,fe1315e4b21bde6a,fe1315e4b21bde6a,3064,200,GET,ts-travel-service
1650487908,ts-assurance-service,ff83d112e5071b95,,ff83d112e5071b95,1509,200,getAllAssuranceType,no_parent
1650487908,ts-travel-service,da89317fcf04603c,fe1315e4b21bde6a,fe1315e4b21bde6a,12559,200,GET,ts-travel-service
1650487908,ts-station-service,607637db030754bf,5e3f8005d51225c3,fe1315e4b21bde6a,2408,200,queryForStationId,ts-basic-service
1650487908,ts-station-service,31dabb2b1fb1cbdf,a4e6aafe7051f2d3,fe1315e4b21bde6a,2773,200,queryForStationId,ts-basic-service
1650487908,ts-ticketinfo-service,212a57baea96c7ff,a5f262eefdf7bb3a,fe1315e4b21bde6a,7940,200,queryForStationId,ts-travel-service
1650487908,ts-ticketinfo-service,edfebfc6dc6bd3c7,212a57baea96c7ff,fe1315e4b21bde6a,5915,200,GET,ts-ticketinfo-service
1650487968,ts-route-service,94b275ff8fc5f777,2d76a03547c5d98,66d335053fb1d3d8,2708,200,queryById,ts-travel-service
1650487968,ts-route-service,2653f947be3fc684,a4f47b5d6f9ffa26,66d335053fb1d3d8,2159,200,queryById,ts-travel-service
1650487968,ts-travel-service,2d76a03547c5d98,66d335053fb1d3d8,66d335053fb1d3d8,4016,200,GET,ts-travel-service
1650487968,ts-travel-service,f83a1d718c7b9db6,66d335053fb1d3d8,66d335053fb1d3d8,1968,200,GET,ts-travel-service
1650487968,ts-basic-service,c99f3e37eabb79f3,96dcd0eb25e9a5cc,66d335053fb1d3d8,5619,200,queryForStationId,ts-ticketinfo-service
1650487968,ts-basic-service,1839dfba06c3a6bc,baa40e1a10358fc2,66d335053fb1d3d8,4697,200,queryForStationId,ts-ticketinfo-service
1650487968,ts-basic-service,b17bd06238710d93,1839dfba06c3a6bc,66d335053fb1d3d8,3028,200,GET,ts-basic-service
1650487968,ts-station-service,7ad572c5aa9c2763,183b4eccf667ff2e,66d335053fb1d3d8,2000,200,queryForStationId,ts-basic-service
1650487968,ts-travel-service,dbf3c388720a566d,66d335053fb1d3d8,66d335053fb1d3d8,7954,200,GET,ts-travel-service
1650487968,ts-travel-service,b55214f685f3beb0,66d335053fb1d3d8,66d335053fb1d3d8,2265,200,GET,ts-travel-service
1650487968,ts-travel-service,aa898cec960e549e,66d335053fb1d3d8,66d335053fb1d3d8,10894,200,GET,ts-travel-service
1650487968,ts-travel-service,66d335053fb1d3d8,,66d335053fb1d3d8,46934,200,queryInfo,no_parent
1650487968,ts-ticketinfo-service,efe6fbe4a0604bf9,aa898cec960e549e,66d335053fb1d3d8,9291,200,queryForStationId,ts-travel-service
1650487968,ts-ticketinfo-service,4b741dc5faf3b75d,dbf3c388720a566d,66d335053fb1d3d8,7481,200,queryForStationId,ts-travel-service
1650487968,ts-security-service,3c960e8d5a7c7f70,978d7dea47521cc4,e55dbff8c35a6499,14108,200,check,ts-preserve-service
1650487968,ts-preserve-service,978d7dea47521cc4,e55dbff8c35a6499,e55dbff8c35a6499,15826,200,GET,ts-preserve-service
1650487968,ts-preserve-service,31ef4aa7b5c3a730,e55dbff8c35a6499,e55dbff8c35a6499,10649,200,GET,ts-preserve-service
1650487968,ts-security-service,f6bec8cac446d86,3c960e8d5a7c7f70,e55dbff8c35a6499,4938,200,GET,ts-security-service
1650487968,ts-ticketinfo-service,baa40e1a10358fc2,4b741dc5faf3b75d,66d335053fb1d3d8,5560,200,GET,ts-ticketinfo-service
1650487968,ts-station-service,b7579d1e14eddf61,b17bd06238710d93,66d335053fb1d3d8,2423,200,queryForStationId,ts-basic-service
1650487968,ts-basic-service,183b4eccf667ff2e,c99f3e37eabb79f3,66d335053fb1d3d8,3266,200,GET,ts-basic-service
1650487968,ts-preserve-service,e55dbff8c35a6499,,e55dbff8c35a6499,29601,200,preserve,no_parent
1650487968,ts-order-other-service,ed8a0e82f172077,86c9232d4574ffad,e55dbff8c35a6499,3196,200,securityInfoCheck,ts-security-service
1650487968,ts-security-service,86c9232d4574ffad,3c960e8d5a7c7f70,e55dbff8c35a6499,4646,200,GET,ts-security-service
1650487968,ts-contacts-service,c1c79dce3aef51ae,31ef4aa7b5c3a730,e55dbff8c35a6499,9341,200,getContactsByContactsId,ts-preserve-service
1650487968,ts-contacts-service,7dd3431e4c4e8f8e,,7dd3431e4c4e8f8e,3058,200,findContactsByAccountId,no_parent
1650487968,ts-order-service,7fae0146287b9d2,f6bec8cac446d86,e55dbff8c35a6499,3548,200,securityInfoCheck,ts-security-service
1650487968,ts-route-service,615e88fbbe158415,b55214f685f3beb0,66d335053fb1d3d8,2124,200,queryById,ts-travel-service
1650487968,ts-ticketinfo-service,96dcd0eb25e9a5cc,efe6fbe4a0604bf9,66d335053fb1d3d8,6714,200,GET,ts-ticketinfo-service
1650487968,ts-travel-service,e7d155c2c752baba,66d335053fb1d3d8,66d335053fb1d3d8,2177,200,GET,ts-travel-service
1650487968,ts-route-service,4a929ed2a8600609,f83a1d718c7b9db6,66d335053fb1d3d8,1844,200,queryById,ts-travel-service
1650487968,ts-route-service,8d7ad0612d95ad04,e7d155c2c752baba,66d335053fb1d3d8,2066,200,queryById,ts-travel-service
1650487968,ts-order-service,bd778fff4eec0aff,74a6ece8c58ab5c9,74a6ece8c58ab5c9,9940,200,POST,ts-order-service
1650487968,ts-order-service,74a6ece8c58ab5c9,,74a6ece8c58ab5c9,13348,200,queryOrdersForRefresh,no_parent
1650487968,ts-station-service,dd9707b008e22f76,bd778fff4eec0aff,74a6ece8c58ab5c9,8538,200,queryForNameBatch,ts-order-service
1650487968,ts-travel-service,a4f47b5d6f9ffa26,66d335053fb1d3d8,66d335053fb1d3d8,2484,200,GET,ts-travel-service
1650487968,ts-auth-service,761e985ad651c567,978e16d44848e79,978e16d44848e79,5889,200,GET,ts-auth-service
1650487968,ts-auth-service,978e16d44848e79,,978e16d44848e79,131698,200,getToken,no_parent
1650487968,ts-verification-code-service,fe71d982b045853f,761e985ad651c567,978e16d44848e79,2310,200,verifyCode,ts-auth-service
1650487968,ts-assurance-service,edb0cb8b55d0d5aa,,edb0cb8b55d0d5aa,1593,200,getAllAssuranceType,no_parent
1650488028,ts-verification-code-service,f2e77487077b5e06,86a929bd65ffa4f8,1370ea2256026efe,2081,200,verifyCode,ts-auth-service
1650488028,ts-auth-service,86a929bd65ffa4f8,1370ea2256026efe,1370ea2256026efe,3794,200,GET,ts-auth-service
1650488028,ts-auth-service,1370ea2256026efe,,1370ea2256026efe,112048,200,getToken,no_parent
1650488028,ts-travel-service,d76ce511fc66560,38d40f2a10620bb2,38d40f2a10620bb2,8010,200,GET,ts-travel-service
1650488028,ts-travel-service,bab91f8d5bf4580,38d40f2a10620bb2,38d40f2a10620bb2,2288,200,GET,ts-travel-service
1650488028,ts-ticketinfo-service,2f3ade975c7029d1,f9057400f541e57d,38d40f2a10620bb2,5571,200,GET,ts-ticketinfo-service
1650488028,ts-ticketinfo-service,f9057400f541e57d,d76ce511fc66560,38d40f2a10620bb2,7576,200,queryForStationId,ts-travel-service
1650488028,ts-basic-service,61c112471a90576f,e75bb4f996241254,38d40f2a10620bb2,3593,200,GET,ts-basic-service
1650488028,ts-basic-service,e75bb4f996241254,93c49c1a88bd02db,38d40f2a10620bb2,6115,200,queryForStationId,ts-ticketinfo-service
1650488028,ts-basic-service,d416c52201f9237c,2f3ade975c7029d1,38d40f2a10620bb2,4839,200,queryForStationId,ts-ticketinfo-service
1650488028,ts-travel-service,d1fea79a6a887fb9,38d40f2a10620bb2,38d40f2a10620bb2,2477,200,GET,ts-travel-service
1650488028,ts-travel-service,1ee6f970c6bf3be2,38d40f2a10620bb2,38d40f2a10620bb2,3952,200,GET,ts-travel-service
1650488028,ts-route-service,e17c23e0069ad007,32472e4f591b5576,38d40f2a10620bb2,2163,200,queryById,ts-travel-service
1650488028,ts-route-service,89484d637412b1f6,33399cd5b313f6fb,38d40f2a10620bb2,2134,200,queryById,ts-travel-service
1650488028,ts-ticketinfo-service,93c49c1a88bd02db,357bba5bc7c90d9b,38d40f2a10620bb2,7351,200,GET,ts-ticketinfo-service
1650488028,ts-ticketinfo-service,357bba5bc7c90d9b,93bf27688eee64b4,38d40f2a10620bb2,9840,200,queryForStationId,ts-travel-service
1650488028,ts-travel-service,33399cd5b313f6fb,38d40f2a10620bb2,38d40f2a10620bb2,2234,200,GET,ts-travel-service
1650488028,ts-travel-service,38d40f2a10620bb2,,38d40f2a10620bb2,42047,200,queryInfo,no_parent
1650488028,ts-basic-service,f6ec5bd8e7be2f04,d416c52201f9237c,38d40f2a10620bb2,2989,200,GET,ts-basic-service
1650488028,ts-assurance-service,13aed9c8f6da1035,,13aed9c8f6da1035,1592,200,getAllAssuranceType,no_parent
1650488028,ts-travel-service,93bf27688eee64b4,38d40f2a10620bb2,38d40f2a10620bb2,11317,200,GET,ts-travel-service
1650488028,ts-order-service,d0736c103884a0a2,,d0736c103884a0a2,12837,200,queryOrdersForRefresh,no_parent
1650488028,ts-order-service,dc425ec78ac733f4,6c7c5840b6a33c82,7426ffb3304a344e,3557,200,securityInfoCheck,ts-security-service
1650488028,ts-preserve-service,e018653ffbfe071d,7426ffb3304a344e,7426ffb3304a344e,3966,200,GET,ts-preserve-service
1650488028,ts-preserve-service,b63b370748719905,7426ffb3304a344e,7426ffb3304a344e,15043,200,GET,ts-preserve-service
1650488028,ts-preserve-service,7426ffb3304a344e,,7426ffb3304a344e,22424,200,preserve,no_parent
1650488028,ts-order-other-service,d1a75efb037c0209,4063a15b2e486ef5,7426ffb3304a344e,2105,200,securityInfoCheck,ts-security-service
1650488028,ts-security-service,6c7c5840b6a33c82,724d763f9269fab5,7426ffb3304a344e,5432,200,GET,ts-security-service
1650488028,ts-security-service,4063a15b2e486ef5,724d763f9269fab5,7426ffb3304a344e,3275,200,GET,ts-security-service
1650488028,ts-security-service,724d763f9269fab5,b63b370748719905,7426ffb3304a344e,13113,200,check,ts-preserve-service
1650488028,ts-order-service,b071ed28dc5e9dbe,d0736c103884a0a2,d0736c103884a0a2,9730,200,POST,ts-order-service
1650488028,ts-contacts-service,98e73afd79c9f7fe,e018653ffbfe071d,7426ffb3304a344e,2586,200,getContactsByContactsId,ts-preserve-service
1650488028,ts-route-service,8a6642360bc85c1c,1ee6f970c6bf3be2,38d40f2a10620bb2,2734,200,queryById,ts-travel-service
1650488028,ts-travel-service,32472e4f591b5576,38d40f2a10620bb2,38d40f2a10620bb2,2269,200,GET,ts-travel-service
1650488028,ts-route-service,6781cfce3e95b771,d1fea79a6a887fb9,38d40f2a10620bb2,2152,200,queryById,ts-travel-service
1650488028,ts-route-service,6d59eab4378fc766,bab91f8d5bf4580,38d40f2a10620bb2,2181,200,queryById,ts-travel-service
1650488028,ts-station-service,723f90884ed1b513,61c112471a90576f,38d40f2a10620bb2,2560,200,queryForStationId,ts-basic-service
1650488028,ts-station-service,4f501e527f2cd15c,f6ec5bd8e7be2f04,38d40f2a10620bb2,2407,200,queryForStationId,ts-basic-service
1650488028,ts-contacts-service,8666e496cfaa461b,,8666e496cfaa461b,2907,200,findContactsByAccountId,no_parent
1650488028,ts-station-service,bb2b6818655670fe,b071ed28dc5e9dbe,d0736c103884a0a2,8402,200,queryForNameBatch,ts-order-service
1650488028,ts-verification-code-service,4b9c20709a385e42,,4b9c20709a385e42,3048,200,imageCode,no_parent
1650488088,ts-auth-service,fdad9cdb814f9371,45eeff2ed1f7539e,45eeff2ed1f7539e,3851,200,GET,ts-auth-service
1650488088,ts-auth-service,45eeff2ed1f7539e,,45eeff2ed1f7539e,109237,200,getToken,no_parent
1650488088,ts-verification-code-service,65dc54d1f5080572,fdad9cdb814f9371,45eeff2ed1f7539e,2062,200,verifyCode,ts-auth-service
1650488088,ts-verification-code-service,507d8c005ba68e81,,507d8c005ba68e81,3126,200,imageCode,no_parent
1650488088,ts-ticketinfo-service,8daab2c69f85003b,96164fb767028619,f0f8af81c6c7da47,5955,200,GET,ts-ticketinfo-service
1650488088,ts-ticketinfo-service,a24ee37975130614,4eea8b8ba66faf6e,f0f8af81c6c7da47,9733,200,queryForStationId,ts-travel-service
1650488088,ts-ticketinfo-service,96164fb767028619,dbbb52a168176dc0,f0f8af81c6c7da47,7987,200,queryForStationId,ts-travel-service
1650488088,ts-ticketinfo-service,d6589a7014f42390,a24ee37975130614,f0f8af81c6c7da47,7395,200,GET,ts-ticketinfo-service
1650488088,ts-basic-service,81f931979a71f618,96e33210297a1867,f0f8af81c6c7da47,3838,200,GET,ts-basic-service
1650488088,ts-basic-service,96e33210297a1867,d6589a7014f42390,f0f8af81c6c7da47,6297,200,queryForStationId,ts-ticketinfo-service
1650488088,ts-basic-service,7d161526a52436f5,a3c8ce9656f834be,f0f8af81c6c7da47,3020,200,GET,ts-basic-service
1650488088,ts-basic-service,a3c8ce9656f834be,8daab2c69f85003b,f0f8af81c6c7da47,5189,200,queryForStationId,ts-ticketinfo-service
1650488088,ts-travel-service,4eea8b8ba66faf6e,f0f8af81c6c7da47,f0f8af81c6c7da47,11197,200,GET,ts-travel-service
1650488088,ts-travel-service,f0f8af81c6c7da47,,f0f8af81c6c7da47,41353,200,queryInfo,no_parent
1650488088,ts-contacts-service,1a30f1f77d931f25,82f4ae6e850b8e6,9a09aad83e5ea1e6,2619,200,getContactsByContactsId,ts-preserve-service
1650488088,ts-travel-service,dbbb52a168176dc0,f0f8af81c6c7da47,f0f8af81c6c7da47,8344,200,GET,ts-travel-service
1650488088,ts-order-service,66b21d6326a55c30,1b3f114fa8ba4d65,9a09aad83e5ea1e6,3562,200,securityInfoCheck,ts-security-service
1650488088,ts-preserve-service,9a09aad83e5ea1e6,,9a09aad83e5ea1e6,24162,200,preserve,no_parent
1650488088,ts-preserve-service,cc354696b8154270,9a09aad83e5ea1e6,9a09aad83e5ea1e6,16343,200,GET,ts-preserve-service
1650488088,ts-station-service,a1d2cf9b82795042,7d161526a52436f5,f0f8af81c6c7da47,2419,200,queryForStationId,ts-basic-service
1650488088,ts-station-service,b549a496ad72aa8,81f931979a71f618,f0f8af81c6c7da47,2614,200,queryForStationId,ts-basic-service
1650488088,ts-security-service,1b3f114fa8ba4d65,d8c2888ce978c0c7,9a09aad83e5ea1e6,5081,200,GET,ts-security-service
1650488088,ts-contacts-service,db7b00a51b15bd81,,db7b00a51b15bd81,2815,200,findContactsByAccountId,no_parent
1650488088,ts-preserve-service,82f4ae6e850b8e6,9a09aad83e5ea1e6,9a09aad83e5ea1e6,4449,200,GET,ts-preserve-service
1650488088,ts-order-other-service,231f923c482a912d,9aa04b7c382aae38,9a09aad83e5ea1e6,3164,200,securityInfoCheck,ts-security-service
1650488088,ts-security-service,d8c2888ce978c0c7,cc354696b8154270,9a09aad83e5ea1e6,14543,200,check,ts-preserve-service
1650488088,ts-security-service,9aa04b7c382aae38,d8c2888ce978c0c7,9a09aad83e5ea1e6,4814,200,GET,ts-security-service
1650488088,ts-order-service,1bc2f981e40d2bf4,f5901eb134369880,f5901eb134369880,10085,200,POST,ts-order-service
1650488088,ts-order-service,f5901eb134369880,,f5901eb134369880,21321,200,queryOrdersForRefresh,no_parent
1650488088,ts-station-service,8933c0f0803bde2b,1bc2f981e40d2bf4,f5901eb134369880,8585,200,queryForNameBatch,ts-order-service
1650488089,ts-assurance-service,43c5cfec769b4dd1,,43c5cfec769b4dd1,1236,200,getAllAssuranceType,no_parent
1650488089,ts-route-service,e59eee58773bcb7a,5c3221cb46931bac,f0f8af81c6c7da47,1933,200,queryById,ts-travel-service
1650488089,ts-route-service,58873b71fca2dda1,88911712608ae227,f0f8af81c6c7da47,1619,200,queryById,ts-travel-service
1650488089,ts-route-service,ba7a0fa2e7550958,78bebe720b56f66f,f0f8af81c6c7da47,1281,200,queryById,ts-travel-service
1650488089,ts-travel-service,5c3221cb46931bac,f0f8af81c6c7da47,f0f8af81c6c7da47,2215,200,GET,ts-travel-service
1650488089,ts-travel-service,d984fce1917490d9,f0f8af81c6c7da47,f0f8af81c6c7da47,2736,200,GET,ts-travel-service
1650488089,ts-travel-service,7bb94505704af2c1,f0f8af81c6c7da47,f0f8af81c6c7da47,4628,200,GET,ts-travel-service
1650488089,ts-route-service,34e6333c1028d49d,d984fce1917490d9,f0f8af81c6c7da47,2414,200,queryById,ts-travel-service
1650488089,ts-travel-service,78bebe720b56f66f,f0f8af81c6c7da47,f0f8af81c6c7da47,1391,200,GET,ts-travel-service
1650488089,ts-route-service,81fff994f38e379,7bb94505704af2c1,f0f8af81c6c7da47,3246,200,queryById,ts-travel-service
1650488089,ts-travel-service,88911712608ae227,f0f8af81c6c7da47,f0f8af81c6c7da47,1687,200,GET,ts-travel-service
1650488149,ts-preserve-service,933923e3a2dcbd59,,933923e3a2dcbd59,22169,200,preserve,no_parent
1650488149,ts-preserve-service,2373216bf3f4105,933923e3a2dcbd59,933923e3a2dcbd59,3619,200,GET,ts-preserve-service
1650488149,ts-travel-service,3c386bde803d8e28,fca39a5888136f4f,fca39a5888136f4f,3997,200,GET,ts-travel-service
1650488149,ts-order-service,78f8d2a536e8dfb6,408058b108699a48,933923e3a2dcbd59,3589,200,securityInfoCheck,ts-security-service
1650488149,ts-contacts-service,c70ca46aef97c62d,2373216bf3f4105,933923e3a2dcbd59,2192,200,getContactsByContactsId,ts-preserve-service
1650488149,ts-security-service,12635f487b1189c2,d8eedcd22d3f0a53,933923e3a2dcbd59,14170,200,check,ts-preserve-service
1650488149,ts-security-service,5f09324e32cb0289,12635f487b1189c2,933923e3a2dcbd59,4492,200,GET,ts-security-service
1650488149,ts-security-service,408058b108699a48,12635f487b1189c2,933923e3a2dcbd59,5127,200,GET,ts-security-service
1650488149,ts-order-other-service,5097bd0adc5e531c,5f09324e32cb0289,933923e3a2dcbd59,3120,200,securityInfoCheck,ts-security-service
1650488149,ts-preserve-service,d8eedcd22d3f0a53,933923e3a2dcbd59,933923e3a2dcbd59,15504,200,GET,ts-preserve-service
1650488149,ts-ticketinfo-service,60f8cc1ea9aa1643,181299874aae13dd,fca39a5888136f4f,9745,200,queryForStationId,ts-travel-service
1650488149,ts-travel-service,b46e00a753afc267,fca39a5888136f4f,fca39a5888136f4f,2276,200,GET,ts-travel-service
1650488149,ts-route-service,cf881b1afd363b40,891b45743a6a7275,fca39a5888136f4f,2212,200,queryById,ts-travel-service
1650488149,ts-route-service,7ae4a62ef18aab42,a9beb155260d6eda,fca39a5888136f4f,2112,200,queryById,ts-travel-service
1650488149,ts-route-service,d600e089c034d6f8,b46e00a753afc267,fca39a5888136f4f,2137,200,queryById,ts-travel-service
1650488149,ts-route-service,8fb078acfd41cd,a14d78c1117ac232,fca39a5888136f4f,2114,200,queryById,ts-travel-service
1650488149,ts-ticketinfo-service,23f94674bce34e90,60f8cc1ea9aa1643,fca39a5888136f4f,7416,200,GET,ts-ticketinfo-service
1650488149,ts-ticketinfo-service,fc90b05597071e7d,5d9ffbe8c3ec3543,fca39a5888136f4f,5829,200,GET,ts-ticketinfo-service
1650488149,ts-travel-service,181299874aae13dd,fca39a5888136f4f,fca39a5888136f4f,11341,200,GET,ts-travel-service
1650488149,ts-travel-service,891b45743a6a7275,fca39a5888136f4f,fca39a5888136f4f,2626,200,GET,ts-travel-service
1650488149,ts-travel-service,53389d1618a0a46d,fca39a5888136f4f,fca39a5888136f4f,8241,200,GET,ts-travel-service
1650488149,ts-assurance-service,fb484aaef331c8d4,,fb484aaef331c8d4,1615,200,getAllAssuranceType,no_parent
1650488149,ts-station-service,cfc744f4e5815b31,171f648de3bcbe0d,aa502fe3870707,8653,200,queryForNameBatch,ts-order-service
1650488149,ts-basic-service,ea529515561418b4,fc90b05597071e7d,fca39a5888136f4f,5149,200,queryForStationId,ts-ticketinfo-service
1650488149,ts-station-service,6ed0b2002c976302,dc23399dfbd7ffab,fca39a5888136f4f,2591,200,queryForStationId,ts-basic-service
1650488149,ts-travel-service,a14d78c1117ac232,fca39a5888136f4f,fca39a5888136f4f,2280,200,GET,ts-travel-service
1650488149,ts-travel-service,a9beb155260d6eda,fca39a5888136f4f,fca39a5888136f4f,2266,200,GET,ts-travel-service
1650488149,ts-ticketinfo-service,5d9ffbe8c3ec3543,53389d1618a0a46d,fca39a5888136f4f,7799,200,queryForStationId,ts-travel-service
1650488149,ts-basic-service,dc23399dfbd7ffab,b097f6df59eed9fa,fca39a5888136f4f,3645,200,GET,ts-basic-service
1650488149,ts-basic-service,b097f6df59eed9fa,23f94674bce34e90,fca39a5888136f4f,6229,200,queryForStationId,ts-ticketinfo-service
1650488149,ts-basic-service,ad5457a40e1a4bd0,ea529515561418b4,fca39a5888136f4f,3060,200,GET,ts-basic-service
1650488149,ts-station-service,1318bc1502e4ece7,ad5457a40e1a4bd0,fca39a5888136f4f,2447,200,queryForStationId,ts-basic-service
1650488149,ts-travel-service,fca39a5888136f4f,,fca39a5888136f4f,41896,200,queryInfo,no_parent
1650488149,ts-contacts-service,e01b8ba8429144ff,,e01b8ba8429144ff,2969,200,findContactsByAccountId,no_parent
1650488149,ts-route-service,82eaec98d2d4066a,3c386bde803d8e28,fca39a5888136f4f,2645,200,queryById,ts-travel-service
1650488149,ts-verification-code-service,9fe14ed2efe8d441,,9fe14ed2efe8d441,3047,200,imageCode,no_parent
1650488149,ts-verification-code-service,7dc586db5aaffe5c,b516f8069a9fe999,de82a8f0de000f0,1997,200,verifyCode,ts-auth-service
1650488149,ts-auth-service,b516f8069a9fe999,de82a8f0de000f0,de82a8f0de000f0,3757,200,GET,ts-auth-service
1650488149,ts-auth-service,de82a8f0de000f0,,de82a8f0de000f0,105529,200,getToken,no_parent
1650488149,ts-order-service,171f648de3bcbe0d,aa502fe3870707,aa502fe3870707,10075,200,POST,ts-order-service
1650488149,ts-order-service,aa502fe3870707,,aa502fe3870707,13465,200,queryOrdersForRefresh,no_parent
1650488209,ts-route-service,eeb82078c94942e8,dd61c811bdc7ce56,f0632d4e1e182a1b,2738,200,queryById,ts-travel-service
1650488209,ts-ticketinfo-service,cf40c31af129cfdd,9f858456d6a196cd,f0632d4e1e182a1b,7722,200,queryForStationId,ts-travel-service
1650488209,ts-travel-service,9f858456d6a196cd,f0632d4e1e182a1b,f0632d4e1e182a1b,8315,200,GET,ts-travel-service
1650488209,ts-travel-service,95f0414c1195a69f,f0632d4e1e182a1b,f0632d4e1e182a1b,2259,200,GET,ts-travel-service
1650488209,ts-travel-service,dd61c811bdc7ce56,f0632d4e1e182a1b,f0632d4e1e182a1b,4057,200,GET,ts-travel-service
1650488209,ts-travel-service,663722dae81398fb,f0632d4e1e182a1b,f0632d4e1e182a1b,2564,200,GET,ts-travel-service
1650488209,ts-travel-service,3e2175059b9cad5c,f0632d4e1e182a1b,f0632d4e1e182a1b,2224,200,GET,ts-travel-service
1650488209,ts-travel-service,f0632d4e1e182a1b,,f0632d4e1e182a1b,40089,200,queryInfo,no_parent
1650488209,ts-travel-service,8e3245b4e85ad08c,f0632d4e1e182a1b,f0632d4e1e182a1b,1758,200,GET,ts-travel-service
1650488209,ts-basic-service,1e6ae8bd06eadfc7,98bc130820bd9725,f0632d4e1e182a1b,5217,200,queryForStationId,ts-ticketinfo-service
1650488209,ts-route-service,6a0b6613deafb22c,8e3245b4e85ad08c,f0632d4e1e182a1b,1622,200,queryById,ts-travel-service
1650488209,ts-route-service,ec08d42308356d59,95f0414c1195a69f,f0632d4e1e182a1b,2162,200,queryById,ts-travel-service
1650488209,ts-route-service,fdccfa07e8be06a4,663722dae81398fb,f0632d4e1e182a1b,2176,200,queryById,ts-travel-service
1650488209,ts-route-service,495e397690bbb0ac,3e2175059b9cad5c,f0632d4e1e182a1b,2130,200,queryById,ts-travel-service
1650488209,ts-ticketinfo-service,1fd869c388d09797,985ec4dbb3fbc04a,f0632d4e1e182a1b,8828,200,queryForStationId,ts-travel-service
1650488209,ts-ticketinfo-service,98bc130820bd9725,cf40c31af129cfdd,f0632d4e1e182a1b,5915,200,GET,ts-ticketinfo-service
1650488209,ts-ticketinfo-service,2da4fc177cc3c6e9,1fd869c388d09797,f0632d4e1e182a1b,6174,200,GET,ts-ticketinfo-service
1650488209,ts-order-other-service,55f37636953ad406,7ea9aa25b169c17e,cb04cd304f6896c1,3244,200,securityInfoCheck,ts-security-service
1650488209,ts-security-service,bf13c1d8cd37991f,17db5f7df880a71b,cb04cd304f6896c1,4960,200,GET,ts-security-service
1650488209,ts-security-service,7ea9aa25b169c17e,17db5f7df880a71b,cb04cd304f6896c1,4717,200,GET,ts-security-service
1650488209,ts-security-service,17db5f7df880a71b,9d91642f1699dc2f,cb04cd304f6896c1,14298,200,check,ts-preserve-service
1650488209,ts-order-service,fa71e0af588145ee,bf13c1d8cd37991f,cb04cd304f6896c1,3532,200,securityInfoCheck,ts-security-service
1650488209,ts-preserve-service,9d91642f1699dc2f,cb04cd304f6896c1,cb04cd304f6896c1,15998,200,GET,ts-preserve-service
1650488209,ts-preserve-service,c86b0002aa3b6aa9,cb04cd304f6896c1,cb04cd304f6896c1,3756,200,GET,ts-preserve-service
1650488209,ts-preserve-service,cb04cd304f6896c1,,cb04cd304f6896c1,22928,200,preserve,no_parent
1650488209,ts-station-service,615b9a4f554400ad,5f29996739ce16d9,f0632d4e1e182a1b,2383,200,queryForStationId,ts-basic-service
1650488209,ts-basic-service,88a8cd4727d2a647,2da4fc177cc3c6e9,f0632d4e1e182a1b,5116,200,queryForStationId,ts-ticketinfo-service
1650488209,ts-auth-service,cb8a753b2f60e631,,cb8a753b2f60e631,112089,200,getToken,no_parent
1650488209,ts-contacts-service,96a4a6b8ee4e758b,,96a4a6b8ee4e758b,3049,200,findContactsByAccountId,no_parent
1650488209,ts-contacts-service,783539ad470ecb35,c86b0002aa3b6aa9,cb04cd304f6896c1,2434,200,getContactsByContactsId,ts-preserve-service
1650488209,ts-station-service,5fbb77a3cc03cd05,f8be25078b69f8c8,f0632d4e1e182a1b,2451,200,queryForStationId,ts-basic-service
1650488209,ts-verification-code-service,c02c2e88dc203d4c,c794eaf703247142,cb8a753b2f60e631,2464,200,verifyCode,ts-auth-service
1650488209,ts-basic-service,5f29996739ce16d9,1e6ae8bd06eadfc7,f0632d4e1e182a1b,3006,200,GET,ts-basic-service
1650488209,ts-basic-service,f8be25078b69f8c8,88a8cd4727d2a647,f0632d4e1e182a1b,3234,200,GET,ts-basic-service
1650488209,ts-travel-service,985ec4dbb3fbc04a,f0632d4e1e182a1b,f0632d4e1e182a1b,10066,200,GET,ts-travel-service
1650488209,ts-auth-service,c794eaf703247142,cb8a753b2f60e631,cb8a753b2f60e631,5485,200,GET,ts-auth-service
1650488209,ts-order-service,959d905b7a079b70,9f3028b4fd7042ea,9f3028b4fd7042ea,10201,200,POST,ts-order-service
1650488209,ts-order-service,9f3028b4fd7042ea,,9f3028b4fd7042ea,13208,200,queryOrdersForRefresh,no_parent
1650488209,ts-station-service,a71c808ecfa8fe8c,959d905b7a079b70,9f3028b4fd7042ea,8649,200,queryForNameBatch,ts-order-service
1650488209,ts-assurance-service,cc853abe1d0159d0,,cc853abe1d0159d0,1587,200,getAllAssuranceType,no_parent
1650488209,ts-verification-code-service,90d16b5c195afedc,,90d16b5c195afedc,3017,200,imageCode,no_parent
1650488269,ts-preserve-service,773dfc963a9897aa,ec6fb0f2cdf217ab,ec6fb0f2cdf217ab,3627,200,GET,ts-preserve-service
1650488269,ts-preserve-service,ec6fb0f2cdf217ab,,ec6fb0f2cdf217ab,21578,200,preserve,no_parent
1650488269,ts-order-service,3c1e1d0ca3285191,b892ddbcc462a533,ec6fb0f2cdf217ab,2628,200,securityInfoCheck,ts-security-service
1650488269,ts-contacts-service,715d1f32659c9a8e,773dfc963a9897aa,ec6fb0f2cdf217ab,2285,200,getContactsByContactsId,ts-preserve-service
1650488269,ts-security-service,6ca1c15466e22c1b,c9644401d5cff1d6,ec6fb0f2cdf217ab,4542,200,GET,ts-security-service
1650488269,ts-security-service,b892ddbcc462a533,c9644401d5cff1d6,ec6fb0f2cdf217ab,4225,200,GET,ts-security-service
1650488269,ts-order-other-service,ba01cbabbfe925fa,6ca1c15466e22c1b,ec6fb0f2cdf217ab,3071,200,securityInfoCheck,ts-security-service
1650488269,ts-preserve-service,e63a6be1a2d9f9bf,ec6fb0f2cdf217ab,ec6fb0f2cdf217ab,14811,200,GET,ts-preserve-service
1650488269,ts-ticketinfo-service,bd7fc495b614dd70,75d0658dbf5cbd94,c5986d1df2caa558,7310,200,GET,ts-ticketinfo-service
1650488269,ts-ticketinfo-service,282daea2b0bac6c6,390e70cbfff4d8f1,c5986d1df2caa558,10807,200,GET,ts-ticketinfo-service
1650488269,ts-ticketinfo-service,390e70cbfff4d8f1,ace4379910ec1afb,c5986d1df2caa558,12838,200,queryForStationId,ts-travel-service
1650488269,ts-travel-service,bc022a230860e7c,c5986d1df2caa558,c5986d1df2caa558,2327,200,GET,ts-travel-service
1650488269,ts-station-service,9008af5185613c8d,30ffef81566f7468,c5986d1df2caa558,2496,200,queryForStationId,ts-basic-service
1650488269,ts-basic-service,30ffef81566f7468,5286f1387e7889db,c5986d1df2caa558,3573,200,GET,ts-basic-service
1650488269,ts-basic-service,7eead0595a06a41d,282daea2b0bac6c6,c5986d1df2caa558,10098,200,queryForStationId,ts-ticketinfo-service
1650488269,ts-security-service,c9644401d5cff1d6,e63a6be1a2d9f9bf,ec6fb0f2cdf217ab,13083,200,check,ts-preserve-service
1650488269,ts-ticketinfo-service,75d0658dbf5cbd94,564a7373852ecd86,c5986d1df2caa558,9838,200,queryForStationId,ts-travel-service
1650488269,ts-travel-service,e08e22caae52b293,c5986d1df2caa558,c5986d1df2caa558,2234,200,GET,ts-travel-service
1650488269,ts-order-service,cc7e70e08ca7f2dc,,cc7e70e08ca7f2dc,13726,200,queryOrdersForRefresh,no_parent
1650488269,ts-station-service,de0b7963bb48634f,2640274041a5f9a5,cc7e70e08ca7f2dc,8378,200,queryForNameBatch,ts-order-service
1650488269,ts-route-service,155672778b588647,bc022a230860e7c,c5986d1df2caa558,2229,200,queryById,ts-travel-service
1650488269,ts-route-service,40f1408545b7a78a,50ccf61714b3de78,c5986d1df2caa558,2157,200,queryById,ts-travel-service
1650488269,ts-route-service,6465ebee8644e883,8330178d4aa12641,c5986d1df2caa558,2667,200,queryById,ts-travel-service
1650488269,ts-route-service,719ab0caf2aa35c1,5817ae8861189072,c5986d1df2caa558,2297,200,queryById,ts-travel-service
1650488269,ts-order-service,2640274041a5f9a5,cc7e70e08ca7f2dc,cc7e70e08ca7f2dc,10022,200,POST,ts-order-service
1650488269,ts-assurance-service,566336ffa699a7e4,,566336ffa699a7e4,1590,200,getAllAssuranceType,no_parent
1650488269,ts-travel-service,c5986d1df2caa558,,c5986d1df2caa558,47699,200,queryInfo,no_parent
1650488269,ts-basic-service,5286f1387e7889db,bd7fc495b614dd70,c5986d1df2caa558,6089,200,queryForStationId,ts-ticketinfo-service
1650488269,ts-basic-service,290499e10dfc4344,7eead0595a06a41d,c5986d1df2caa558,3159,200,GET,ts-basic-service
1650488269,ts-travel-service,564a7373852ecd86,c5986d1df2caa558,c5986d1df2caa558,11416,200,GET,ts-travel-service
1650488269,ts-travel-service,50ccf61714b3de78,c5986d1df2caa558,c5986d1df2caa558,2250,200,GET,ts-travel-service
1650488269,ts-travel-service,5817ae8861189072,c5986d1df2caa558,c5986d1df2caa558,2626,200,GET,ts-travel-service
1650488269,ts-travel-service,ace4379910ec1afb,c5986d1df2caa558,c5986d1df2caa558,13338,200,GET,ts-travel-service
1650488269,ts-station-service,1466ca3869a25d0f,290499e10dfc4344,c5986d1df2caa558,2390,200,queryForStationId,ts-basic-service
1650488269,ts-route-service,ddb8969053271778,e08e22caae52b293,c5986d1df2caa558,2113,200,queryById,ts-travel-service
1650488269,ts-travel-service,8330178d4aa12641,c5986d1df2caa558,c5986d1df2caa558,4043,200,GET,ts-travel-service
1650488269,ts-contacts-service,51900036c105d9df,,51900036c105d9df,3128,200,findContactsByAccountId,no_parent
1650488269,ts-auth-service,94107684793fd9ce,882b81f4dc56a6f2,882b81f4dc56a6f2,4667,200,GET,ts-auth-service
1650488269,ts-verification-code-service,e88ca8f270cd5e62,94107684793fd9ce,882b81f4dc56a6f2,2706,200,verifyCode,ts-auth-service
1650488269,ts-auth-service,882b81f4dc56a6f2,,882b81f4dc56a6f2,117184,200,getToken,no_parent
1650488269,ts-verification-code-service,6b822d67ed60831e,,6b822d67ed60831e,6573,200,imageCode,no_parent
1650488329,ts-preserve-service,76ed3a5bd909dbc8,,76ed3a5bd909dbc8,48500,200,preserve,no_parent
1650488329,ts-order-other-service,c55cba86d6ae3935,18dd562d2cd11425,76ed3a5bd909dbc8,3180,200,securityInfoCheck,ts-security-service
1650488329,ts-preserve-service,3e82fd578b015db6,76ed3a5bd909dbc8,76ed3a5bd909dbc8,15508,200,GET,ts-preserve-service
1650488329,ts-order-service,ccd141cf907e51ee,9990fce8103f7490,76ed3a5bd909dbc8,3482,200,securityInfoCheck,ts-security-service
1650488329,ts-preserve-service,efad3f789b1bf79f,76ed3a5bd909dbc8,76ed3a5bd909dbc8,3497,200,GET,ts-preserve-service
1650488329,ts-security-service,9990fce8103f7490,4fdfe2aa01a9d364,76ed3a5bd909dbc8,4885,200,GET,ts-security-service
1650488329,ts-security-service,4fdfe2aa01a9d364,3e82fd578b015db6,76ed3a5bd909dbc8,13933,200,check,ts-preserve-service
1650488329,ts-contacts-service,1f2fd219f7db40e6,,1f2fd219f7db40e6,3084,200,findContactsByAccountId,no_parent
1650488329,ts-security-service,18dd562d2cd11425,4fdfe2aa01a9d364,76ed3a5bd909dbc8,4622,200,GET,ts-security-service
1650488329,ts-contacts-service,571354a2d8a1dd79,efad3f789b1bf79f,76ed3a5bd909dbc8,2216,200,getContactsByContactsId,ts-preserve-service
1650488330,ts-travel-service,97c9c5ec4a05dd9c,eace1307b336d4db,eace1307b336d4db,3850,200,GET,ts-travel-service
1650488330,ts-order-service,5264ab06d74fd135,,5264ab06d74fd135,9948,200,queryOrdersForRefresh,no_parent
1650488330,ts-order-service,2d5272ee3ae5ad07,5264ab06d74fd135,5264ab06d74fd135,6968,200,POST,ts-order-service
1650488330,ts-station-service,9553fc45c86ed569,2d5272ee3ae5ad07,5264ab06d74fd135,5636,200,queryForNameBatch,ts-order-service
1650488330,ts-ticketinfo-service,7ff3374266016358,5a9373bbfec69935,eace1307b336d4db,5831,200,GET,ts-ticketinfo-service
1650488330,ts-ticketinfo-service,5f307a45169ef885,51d5710d3603b72b,eace1307b336d4db,10043,200,queryForStationId,ts-travel-service
1650488330,ts-travel-service,51d5710d3603b72b,eace1307b336d4db,eace1307b336d4db,11723,200,GET,ts-travel-service
1650488330,ts-travel-service,7b7c4df841b3b11d,eace1307b336d4db,eace1307b336d4db,2076,200,GET,ts-travel-service
1650488330,ts-basic-service,af51c1a63db9c1d5,22d9cd39340ca6ae,eace1307b336d4db,6494,200,queryForStationId,ts-ticketinfo-service
1650488330,ts-basic-service,a054ef37810d094,e7c598523c54b600,eace1307b336d4db,3088,200,GET,ts-basic-service
1650488330,ts-basic-service,e7c598523c54b600,7ff3374266016358,eace1307b336d4db,5114,200,queryForStationId,ts-ticketinfo-service
1650488330,ts-station-service,7181933effddf15b,fd3bdd6d206727c,eace1307b336d4db,2897,200,queryForStationId,ts-basic-service
1650488330,ts-station-service,d5b96ef294d95d40,a054ef37810d094,eace1307b336d4db,2453,200,queryForStationId,ts-basic-service
1650488330,ts-travel-service,f7fd6cc6de63d2ad,eace1307b336d4db,eace1307b336d4db,2475,200,GET,ts-travel-service
1650488330,ts-route-service,dd1e053f4f1bed71,97c9c5ec4a05dd9c,eace1307b336d4db,2608,200,queryById,ts-travel-service
1650488330,ts-route-service,5feb97fa17605e24,7b7c4df841b3b11d,eace1307b336d4db,1926,200,queryById,ts-travel-service
1650488330,ts-travel-service,e81d7c7209c7ca2f,eace1307b336d4db,eace1307b336d4db,2075,200,GET,ts-travel-service
1650488330,ts-travel-service,eace1307b336d4db,,eace1307b336d4db,41817,200,queryInfo,no_parent
1650488330,ts-verification-code-service,8efa2a90c217300e,,8efa2a90c217300e,2221,200,imageCode,no_parent
1650488330,ts-auth-service,f61d3b3e16ee9a65,e9caf1b90da5f484,e9caf1b90da5f484,3234,200,GET,ts-auth-service
1650488330,ts-verification-code-service,794fee6c0ec47e27,f61d3b3e16ee9a65,e9caf1b90da5f484,1559,200,verifyCode,ts-auth-service
1650488330,ts-auth-service,e9caf1b90da5f484,,e9caf1b90da5f484,112948,200,getToken,no_parent
1650488330,ts-route-service,435395f6e265dc32,e81d7c7209c7ca2f,eace1307b336d4db,1933,200,queryById,ts-travel-service
1650488330,ts-route-service,5da226de03925392,f7fd6cc6de63d2ad,eace1307b336d4db,1903,200,queryById,ts-travel-service
1650488330,ts-route-service,86d513ce2d0dd7cc,63503957767b72bf,eace1307b336d4db,2177,200,queryById,ts-travel-service
1650488330,ts-ticketinfo-service,22d9cd39340ca6ae,5f307a45169ef885,eace1307b336d4db,7585,200,GET,ts-ticketinfo-service
1650488330,ts-ticketinfo-service,5a9373bbfec69935,20e14408de0a41aa,eace1307b336d4db,7844,200,queryForStationId,ts-travel-service
1650488330,ts-basic-service,fd3bdd6d206727c,af51c1a63db9c1d5,eace1307b336d4db,3939,200,GET,ts-basic-service
1650488330,ts-travel-service,63503957767b72bf,eace1307b336d4db,eace1307b336d4db,2316,200,GET,ts-travel-service
1650488330,ts-travel-service,20e14408de0a41aa,eace1307b336d4db,eace1307b336d4db,8192,200,GET,ts-travel-service
1650488330,ts-assurance-service,c4dfc769b4e1e033,,c4dfc769b4e1e033,1656,200,getAllAssuranceType,no_parent
1650488390,ts-basic-service,db604468cd304954,eb1a5ed6b387ef12,b94dbccba1c99c76,3669,200,GET,ts-basic-service
1650488390,ts-basic-service,ebbf8016b9bc0912,6e2e551a50e6ede2,b94dbccba1c99c76,5291,200,queryForStationId,ts-ticketinfo-service
1650488390,ts-travel-service,a928a0f36b1ee08b,b94dbccba1c99c76,b94dbccba1c99c76,2216,200,GET,ts-travel-service
1650488390,ts-travel-service,1eecedee34de16d,b94dbccba1c99c76,b94dbccba1c99c76,2283,200,GET,ts-travel-service
1650488390,ts-ticketinfo-service,21493a2696343665,3df5dc6d0846d79b,b94dbccba1c99c76,7253,200,GET,ts-ticketinfo-service
1650488390,ts-travel-service,c6fce37589fbb8fb,b94dbccba1c99c76,b94dbccba1c99c76,2262,200,GET,ts-travel-service
1650488390,ts-security-service,31e3054381c1435b,5e9427538634239d,85a4c370423ef8e9,5035,200,GET,ts-security-service
1650488390,ts-preserve-service,26cb8d7cc29a2c8a,85a4c370423ef8e9,85a4c370423ef8e9,16010,200,GET,ts-preserve-service
1650488390,ts-order-other-service,65b1e30f4503b02e,d7956b41c141a645,85a4c370423ef8e9,3550,200,securityInfoCheck,ts-security-service
1650488390,ts-security-service,d7956b41c141a645,5e9427538634239d,85a4c370423ef8e9,4713,200,GET,ts-security-service
1650488390,ts-station-service,35ab6c22f3288f25,db604468cd304954,b94dbccba1c99c76,2671,200,queryForStationId,ts-basic-service
1650488390,ts-station-service,93dc32a76e18cbd6,7a2342564583c562,b94dbccba1c99c76,2453,200,queryForStationId,ts-basic-service
1650488390,ts-station-service,749f3d0e49b20148,442577f44370f82,86790fa9d69dde9e,8477,200,queryForNameBatch,ts-order-service
1650488390,ts-ticketinfo-service,6e2e551a50e6ede2,32a32b261a6c77e7,b94dbccba1c99c76,6060,200,GET,ts-ticketinfo-service
1650488390,ts-ticketinfo-service,3df5dc6d0846d79b,9fa12d1874cf6d00,b94dbccba1c99c76,9844,200,queryForStationId,ts-travel-service
1650488390,ts-travel-service,4385f732684d2dac,b94dbccba1c99c76,b94dbccba1c99c76,2602,200,GET,ts-travel-service
1650488390,ts-travel-service,b94dbccba1c99c76,,b94dbccba1c99c76,42956,200,queryInfo,no_parent
1650488390,ts-route-service,4840e79185a2f666,4385f732684d2dac,b94dbccba1c99c76,2233,200,queryById,ts-travel-service
1650488390,ts-travel-service,40b6800f5d8a0336,b94dbccba1c99c76,b94dbccba1c99c76,4103,200,GET,ts-travel-service
1650488390,ts-route-service,6fd7731d874aa19e,1eecedee34de16d,b94dbccba1c99c76,2178,200,queryById,ts-travel-service
1650488390,ts-travel-service,9fa12d1874cf6d00,b94dbccba1c99c76,b94dbccba1c99c76,11495,200,GET,ts-travel-service
1650488390,ts-travel-service,1e0f2229839bc802,b94dbccba1c99c76,b94dbccba1c99c76,8548,200,GET,ts-travel-service
1650488390,ts-route-service,6bf01d7086945ea0,c6fce37589fbb8fb,b94dbccba1c99c76,2158,200,queryById,ts-travel-service
1650488390,ts-ticketinfo-service,32a32b261a6c77e7,1e0f2229839bc802,b94dbccba1c99c76,8116,200,queryForStationId,ts-travel-service
1650488390,ts-basic-service,7a2342564583c562,ebbf8016b9bc0912,b94dbccba1c99c76,3140,200,GET,ts-basic-service
1650488390,ts-basic-service,eb1a5ed6b387ef12,21493a2696343665,b94dbccba1c99c76,6160,200,queryForStationId,ts-ticketinfo-service
1650488390,ts-route-service,368e10367ad7425f,40b6800f5d8a0336,b94dbccba1c99c76,2753,200,queryById,ts-travel-service
1650488390,ts-route-service,23cc310662468a05,a928a0f36b1ee08b,b94dbccba1c99c76,2106,200,queryById,ts-travel-service
1650488390,ts-order-service,442577f44370f82,86790fa9d69dde9e,86790fa9d69dde9e,9864,200,POST,ts-order-service
1650488390,ts-order-service,86790fa9d69dde9e,,86790fa9d69dde9e,13218,200,queryOrdersForRefresh,no_parent
1650488390,ts-security-service,5e9427538634239d,26cb8d7cc29a2c8a,85a4c370423ef8e9,14309,200,check,ts-preserve-service
1650488390,ts-contacts-service,5cbbe1b60a02dc5f,4fccc7785cb231b0,85a4c370423ef8e9,2451,200,getContactsByContactsId,ts-preserve-service
1650488390,ts-order-service,9b2a90073db82168,31e3054381c1435b,85a4c370423ef8e9,3562,200,securityInfoCheck,ts-security-service
1650488390,ts-preserve-service,85a4c370423ef8e9,,85a4c370423ef8e9,22956,200,preserve,no_parent
1650488390,ts-contacts-service,a0219354c64dbc4d,,a0219354c64dbc4d,2891,200,findContactsByAccountId,no_parent
1650488390,ts-auth-service,c9c5224a85f25c8a,5cc7fcbaf09adf63,5cc7fcbaf09adf63,3881,200,GET,ts-auth-service
1650488390,ts-preserve-service,4fccc7785cb231b0,85a4c370423ef8e9,85a4c370423ef8e9,3767,200,GET,ts-preserve-service
1650488390,ts-verification-code-service,685334c284d2ad15,c9c5224a85f25c8a,5cc7fcbaf09adf63,1999,200,verifyCode,ts-auth-service
1650488390,ts-auth-service,5cc7fcbaf09adf63,,5cc7fcbaf09adf63,116225,200,getToken,no_parent
1650488390,ts-verification-code-service,ef9161d3e9addb31,,ef9161d3e9addb31,3025,200,imageCode,no_parent
1650488390,ts-assurance-service,d33dede6d9c1b51a,,d33dede6d9c1b51a,1763,200,getAllAssuranceType,no_parent
1650488450,ts-route-service,d4e149faaef2eb89,ea485d435df50506,6839ecb1e867078e,2622,200,queryById,ts-travel-service
1650488450,ts-travel-service,b2a60dccc8c59d17,6839ecb1e867078e,6839ecb1e867078e,8257,200,GET,ts-travel-service
1650488450,ts-route-service,ea04f8ae1e83887d,4b875e7eef00203a,6839ecb1e867078e,2218,200,queryById,ts-travel-service
1650488450,ts-security-service,9c821e78effdfb22,44b576121122e6dd,39b0ed18758eb0aa,14546,200,check,ts-preserve-service
1650488450,ts-preserve-service,44b576121122e6dd,39b0ed18758eb0aa,39b0ed18758eb0aa,16253,200,GET,ts-preserve-service
1650488450,ts-preserve-service,2cdf7c0db0b4e5ee,39b0ed18758eb0aa,39b0ed18758eb0aa,3542,200,GET,ts-preserve-service
1650488450,ts-preserve-service,39b0ed18758eb0aa,,39b0ed18758eb0aa,22967,200,preserve,no_parent
1650488450,ts-order-service,a098d351cc4aa2d8,dcdf7ec5406f0961,39b0ed18758eb0aa,3539,200,securityInfoCheck,ts-security-service
1650488450,ts-station-service,e852194752173f5a,7f7b2b62a38f9f15,6839ecb1e867078e,2385,200,queryForStationId,ts-basic-service
1650488450,ts-ticketinfo-service,e1cab75d81a12658,545fb860401c2805,6839ecb1e867078e,5881,200,GET,ts-ticketinfo-service
1650488450,ts-travel-service,98974a31df861f5,6839ecb1e867078e,6839ecb1e867078e,2234,200,GET,ts-travel-service
1650488450,ts-contacts-service,18450136a3c44d6b,2cdf7c0db0b4e5ee,39b0ed18758eb0aa,2227,200,getContactsByContactsId,ts-preserve-service
1650488450,ts-security-service,c466b4037fea7ba3,9c821e78effdfb22,39b0ed18758eb0aa,4492,200,GET,ts-security-service
1650488450,ts-security-service,dcdf7ec5406f0961,9c821e78effdfb22,39b0ed18758eb0aa,5124,200,GET,ts-security-service
1650488450,ts-order-other-service,691c08b2d77004f0,c466b4037fea7ba3,39b0ed18758eb0aa,3137,200,securityInfoCheck,ts-security-service
1650488450,ts-travel-service,6839ecb1e867078e,,6839ecb1e867078e,48507,200,queryInfo,no_parent
1650488450,ts-basic-service,2a785e02fc762813,e1cab75d81a12658,6839ecb1e867078e,5115,200,queryForStationId,ts-ticketinfo-service
1650488450,ts-travel-service,3c7c7fa2cc7977fe,6839ecb1e867078e,6839ecb1e867078e,2267,200,GET,ts-travel-service
1650488450,ts-travel-service,4b875e7eef00203a,6839ecb1e867078e,6839ecb1e867078e,2346,200,GET,ts-travel-service
1650488450,ts-route-service,12d98efc53ef8a8f,98974a31df861f5,6839ecb1e867078e,2204,200,queryById,ts-travel-service
1650488450,ts-route-service,d10512b660c4117d,3c7c7fa2cc7977fe,6839ecb1e867078e,2158,200,queryById,ts-travel-service
1650488450,ts-ticketinfo-service,545fb860401c2805,b2a60dccc8c59d17,6839ecb1e867078e,7854,200,queryForStationId,ts-travel-service
1650488450,ts-verification-code-service,24e8aba3573be55d,,24e8aba3573be55d,2986,200,imageCode,no_parent
1650488450,ts-ticketinfo-service,c6e5af9ee4014ec0,76766f42166a5db4,6839ecb1e867078e,7603,200,GET,ts-ticketinfo-service
1650488450,ts-assurance-service,89ef31633fe33104,,89ef31633fe33104,1615,200,getAllAssuranceType,no_parent
1650488450,ts-route-service,cea859eebcc95a71,9f7a1d4c63c26e2d,6839ecb1e867078e,7930,200,queryById,ts-travel-service
1650488450,ts-auth-service,37c7eacefa921cd7,475db5184227955a,475db5184227955a,3804,200,GET,ts-auth-service
1650488450,ts-auth-service,475db5184227955a,,475db5184227955a,118999,200,getToken,no_parent
1650488450,ts-basic-service,7f7b2b62a38f9f15,2a785e02fc762813,6839ecb1e867078e,3020,200,GET,ts-basic-service
1650488450,ts-verification-code-service,6906b9b237d895d4,37c7eacefa921cd7,475db5184227955a,2007,200,verifyCode,ts-auth-service
1650488450,ts-travel-service,9f7a1d4c63c26e2d,6839ecb1e867078e,6839ecb1e867078e,8373,200,GET,ts-travel-service
1650488450,ts-basic-service,767f20ebf98421c9,c6e5af9ee4014ec0,6839ecb1e867078e,6354,200,queryForStationId,ts-ticketinfo-service
1650488450,ts-basic-service,b492b0e4b2a4d1fc,767f20ebf98421c9,6839ecb1e867078e,3743,200,GET,ts-basic-service
1650488450,ts-station-service,6b69cdbd4b79b471,b492b0e4b2a4d1fc,6839ecb1e867078e,2681,200,queryForStationId,ts-basic-service
1650488450,ts-contacts-service,8c3c53f82bfb32ab,,8c3c53f82bfb32ab,3141,200,findContactsByAccountId,no_parent
1650488450,ts-ticketinfo-service,76766f42166a5db4,3e4e48422851cb76,6839ecb1e867078e,9899,200,queryForStationId,ts-travel-service
1650488450,ts-travel-service,3e4e48422851cb76,6839ecb1e867078e,6839ecb1e867078e,11625,200,GET,ts-travel-service
1650488450,ts-travel-service,ea485d435df50506,6839ecb1e867078e,6839ecb1e867078e,3865,200,GET,ts-travel-service
1650488450,ts-station-service,eb76e54322ddaf9f,61af7bad065efc55,271f1a312d53bed8,8735,200,queryForNameBatch,ts-order-service
1650488450,ts-order-service,271f1a312d53bed8,,271f1a312d53bed8,13241,200,queryOrdersForRefresh,no_parent
1650488450,ts-order-service,61af7bad065efc55,271f1a312d53bed8,271f1a312d53bed8,10235,200,POST,ts-order-service
1650488510,ts-contacts-service,14de375879611535,bebc66e81ee07a08,7cee0ced0f0c86c4,2095,200,getContactsByContactsId,ts-preserve-service
1650488510,ts-order-service,22116f8a65544da1,,22116f8a65544da1,12913,200,queryOrdersForRefresh,no_parent
1650488510,ts-order-service,fe5c65fa494678df,22116f8a65544da1,22116f8a65544da1,9840,200,POST,ts-order-service
1650488510,ts-security-service,179d169158c815a8,92362a8296ff701c,7cee0ced0f0c86c4,4935,200,GET,ts-security-service
1650488510,ts-security-service,7bb44a11e4d57516,92362a8296ff701c,7cee0ced0f0c86c4,4635,200,GET,ts-security-service
1650488510,ts-preserve-service,bebc66e81ee07a08,7cee0ced0f0c86c4,7cee0ced0f0c86c4,3420,200,GET,ts-preserve-service
1650488510,ts-order-other-service,8698324b8c23e3f5,7bb44a11e4d57516,7cee0ced0f0c86c4,3250,200,securityInfoCheck,ts-security-service
1650488510,ts-security-service,92362a8296ff701c,b57cc921ea0806bc,7cee0ced0f0c86c4,14061,200,check,ts-preserve-service
1650488510,ts-order-service,a2056e7be5e85847,179d169158c815a8,7cee0ced0f0c86c4,3515,200,securityInfoCheck,ts-security-service
1650488510,ts-preserve-service,b57cc921ea0806bc,7cee0ced0f0c86c4,7cee0ced0f0c86c4,15798,200,GET,ts-preserve-service
1650488510,ts-preserve-service,7cee0ced0f0c86c4,,7cee0ced0f0c86c4,22279,200,preserve,no_parent
1650488510,ts-auth-service,7383a53a1ade872a,d74a8ddac52e67d8,d74a8ddac52e67d8,3833,200,GET,ts-auth-service
1650488510,ts-verification-code-service,5b134b4cb7260f64,,5b134b4cb7260f64,2984,200,imageCode,no_parent
1650488510,ts-contacts-service,c0d41658bde50ef0,,c0d41658bde50ef0,3021,200,findContactsByAccountId,no_parent
1650488510,ts-verification-code-service,71c74c6d45a2be35,7383a53a1ade872a,d74a8ddac52e67d8,1977,200,verifyCode,ts-auth-service
1650488510,ts-auth-service,d74a8ddac52e67d8,,d74a8ddac52e67d8,115182,200,getToken,no_parent
1650488510,ts-station-service,376d77bd7b61b85e,fe5c65fa494678df,22116f8a65544da1,8309,200,queryForNameBatch,ts-order-service
1650488511,ts-travel-service,d149cb0c767e7fa1,,d149cb0c767e7fa1,42576,200,queryInfo,no_parent
1650488511,ts-travel-service,b466ac804c93bb00,d149cb0c767e7fa1,d149cb0c767e7fa1,2302,200,GET,ts-travel-service
1650488511,ts-travel-service,12522bf21f2de9bd,d149cb0c767e7fa1,d149cb0c767e7fa1,2354,200,GET,ts-travel-service
1650488511,ts-route-service,9f45e7f8dcc515ff,86727d7aa7288d0d,d149cb0c767e7fa1,2154,200,queryById,ts-travel-service
1650488511,ts-basic-service,8e76997013aeb73,611a59687b4b250c,d149cb0c767e7fa1,5068,200,queryForStationId,ts-ticketinfo-service
1650488511,ts-route-service,783c52ea4b236591,b94bb91e95b83dd7,d149cb0c767e7fa1,2629,200,queryById,ts-travel-service
1650488511,ts-route-service,88bf5e0ed0a1fd04,d734f142031105f,d149cb0c767e7fa1,2447,200,queryById,ts-travel-service
1650488511,ts-station-service,cfff6b641b1729c,d1113d1b1415d1ac,d149cb0c767e7fa1,2381,200,queryForStationId,ts-basic-service
1650488511,ts-basic-service,d1113d1b1415d1ac,8e76997013aeb73,d149cb0c767e7fa1,3016,200,GET,ts-basic-service
1650488511,ts-travel-service,d734f142031105f,d149cb0c767e7fa1,d149cb0c767e7fa1,2893,200,GET,ts-travel-service
1650488511,ts-route-service,ea400ffe8e552059,12522bf21f2de9bd,d149cb0c767e7fa1,2198,200,queryById,ts-travel-service
1650488511,ts-route-service,a47512cda931b9e6,b466ac804c93bb00,d149cb0c767e7fa1,2171,200,queryById,ts-travel-service
1650488511,ts-ticketinfo-service,ffa8784a0c298997,16f4daaa18c02a0b,d149cb0c767e7fa1,7669,200,GET,ts-ticketinfo-service
1650488511,ts-station-service,cee820ff93e7ee32,e2a1fa110306ae80,d149cb0c767e7fa1,2796,200,queryForStationId,ts-basic-service
1650488511,ts-travel-service,bc866bab3627a722,d149cb0c767e7fa1,d149cb0c767e7fa1,7818,200,GET,ts-travel-service
1650488511,ts-travel-service,a30d1b897b1686e,d149cb0c767e7fa1,d149cb0c767e7fa1,11421,200,GET,ts-travel-service
1650488511,ts-travel-service,86727d7aa7288d0d,d149cb0c767e7fa1,d149cb0c767e7fa1,2288,200,GET,ts-travel-service
1650488511,ts-basic-service,e2a1fa110306ae80,85c4ba02d1a3f2c0,d149cb0c767e7fa1,3959,200,GET,ts-basic-service
1650488511,ts-basic-service,85c4ba02d1a3f2c0,ffa8784a0c298997,d149cb0c767e7fa1,6462,200,queryForStationId,ts-ticketinfo-service
1650488511,ts-ticketinfo-service,611a59687b4b250c,9aaf7a2787ef3d0f,d149cb0c767e7fa1,5729,200,GET,ts-ticketinfo-service
1650488511,ts-ticketinfo-service,16f4daaa18c02a0b,a30d1b897b1686e,d149cb0c767e7fa1,9918,200,queryForStationId,ts-travel-service
1650488511,ts-ticketinfo-service,9aaf7a2787ef3d0f,bc866bab3627a722,d149cb0c767e7fa1,7354,200,queryForStationId,ts-travel-service
1650488511,ts-travel-service,b94bb91e95b83dd7,d149cb0c767e7fa1,d149cb0c767e7fa1,4648,200,GET,ts-travel-service
1650488511,ts-assurance-service,34e8c13e2383eca3,,34e8c13e2383eca3,1851,200,getAllAssuranceType,no_parent
1650488571,ts-ticketinfo-service,1cdc153a9d676c20,8affc3fc50e339bf,bbf625420ee56eb6,9749,200,queryForStationId,ts-travel-service
1650488571,ts-ticketinfo-service,bc042be308819f2c,f20111fd72c2bf85,bbf625420ee56eb6,5916,200,GET,ts-ticketinfo-service
1650488571,ts-ticketinfo-service,1c0556c2ae1106e0,1cdc153a9d676c20,bbf625420ee56eb6,7325,200,GET,ts-ticketinfo-service
1650488571,ts-travel-service,bbf625420ee56eb6,,bbf625420ee56eb6,44091,200,queryInfo,no_parent
1650488571,ts-basic-service,912a253bb93bcec3,b2d68ee9e3338560,bbf625420ee56eb6,3745,200,GET,ts-basic-service
1650488571,ts-basic-service,b2d68ee9e3338560,1c0556c2ae1106e0,bbf625420ee56eb6,6261,200,queryForStationId,ts-ticketinfo-service
1650488571,ts-basic-service,2b032327a2c15beb,bc042be308819f2c,bbf625420ee56eb6,5186,200,queryForStationId,ts-ticketinfo-service
1650488571,ts-route-service,b281aaac8edf28cb,9e2df2e5e955d9e9,bbf625420ee56eb6,2166,200,queryById,ts-travel-service
1650488571,ts-ticketinfo-service,f20111fd72c2bf85,685c3c13132b55f4,bbf625420ee56eb6,7868,200,queryForStationId,ts-travel-service
1650488571,ts-station-service,5799172a715c825d,9b07f1754b31a2c9,bbf625420ee56eb6,2401,200,queryForStationId,ts-basic-service
1650488571,ts-travel-service,108a7be7cd11535f,bbf625420ee56eb6,bbf625420ee56eb6,2112,200,GET,ts-travel-service
1650488571,ts-travel-service,58492792564bdb2e,bbf625420ee56eb6,bbf625420ee56eb6,3935,200,GET,ts-travel-service
1650488571,ts-basic-service,9b07f1754b31a2c9,2b032327a2c15beb,bbf625420ee56eb6,3040,200,GET,ts-basic-service
1650488571,ts-security-service,3104ab282cdd9252,21d026e1f6bff9ca,7632c9089047abc7,4750,200,GET,ts-security-service
1650488571,ts-contacts-service,c558f2ea5d2c0da1,bf58a1b5df5cf462,7632c9089047abc7,2428,200,getContactsByContactsId,ts-preserve-service
1650488571,ts-order-service,f0204cbeb0c0491b,3104ab282cdd9252,7632c9089047abc7,3364,200,securityInfoCheck,ts-security-service
1650488571,ts-security-service,21d026e1f6bff9ca,85c221b28fef993a,7632c9089047abc7,13775,200,check,ts-preserve-service
1650488571,ts-security-service,efa39c6273b8c7c3,21d026e1f6bff9ca,7632c9089047abc7,4338,200,GET,ts-security-service
1650488571,ts-travel-service,9e2df2e5e955d9e9,bbf625420ee56eb6,bbf625420ee56eb6,2311,200,GET,ts-travel-service
1650488571,ts-travel-service,e262cc0499b7019c,bbf625420ee56eb6,bbf625420ee56eb6,2255,200,GET,ts-travel-service
1650488571,ts-travel-service,dc2b6ba6ce170ebb,bbf625420ee56eb6,bbf625420ee56eb6,2518,200,GET,ts-travel-service
1650488571,ts-travel-service,8affc3fc50e339bf,bbf625420ee56eb6,bbf625420ee56eb6,10921,200,GET,ts-travel-service
1650488571,ts-assurance-service,c5866be996637500,,c5866be996637500,1734,200,getAllAssuranceType,no_parent
1650488571,ts-order-service,f35ccdc79df9aa30,2bf74d789561828b,2bf74d789561828b,9855,200,POST,ts-order-service
1650488571,ts-order-service,2bf74d789561828b,,2bf74d789561828b,13369,200,queryOrdersForRefresh,no_parent
1650488571,ts-station-service,4a112e081c6fd284,912a253bb93bcec3,bbf625420ee56eb6,2588,200,queryForStationId,ts-basic-service
1650488571,ts-order-other-service,6f53c056b476cd63,efa39c6273b8c7c3,7632c9089047abc7,3092,200,securityInfoCheck,ts-security-service
1650488571,ts-preserve-service,85c221b28fef993a,7632c9089047abc7,7632c9089047abc7,15390,200,GET,ts-preserve-service
1650488571,ts-preserve-service,bf58a1b5df5cf462,7632c9089047abc7,7632c9089047abc7,3742,200,GET,ts-preserve-service
1650488571,ts-preserve-service,7632c9089047abc7,,7632c9089047abc7,22020,200,preserve,no_parent
1650488571,ts-travel-service,685c3c13132b55f4,bbf625420ee56eb6,bbf625420ee56eb6,8343,200,GET,ts-travel-service
1650488571,ts-route-service,88fcee4d40755d25,58492792564bdb2e,bbf625420ee56eb6,2611,200,queryById,ts-travel-service
1650488571,ts-route-service,a3bfeadf60b1ec0c,e262cc0499b7019c,bbf625420ee56eb6,2129,200,queryById,ts-travel-service
1650488571,ts-route-service,388847d11ea7d6dc,dc2b6ba6ce170ebb,bbf625420ee56eb6,2129,200,queryById,ts-travel-service
1650488571,ts-route-service,425c8f9bb00b84ab,108a7be7cd11535f,bbf625420ee56eb6,1880,200,queryById,ts-travel-service
1650488571,ts-verification-code-service,3f5fb2be9f45e41b,603390cde1bb0abb,7467fa8370d9d60f,2050,200,verifyCode,ts-auth-service
1650488571,ts-contacts-service,eb387f6f81f942f5,,eb387f6f81f942f5,3733,200,findContactsByAccountId,no_parent
1650488571,ts-auth-service,603390cde1bb0abb,7467fa8370d9d60f,7467fa8370d9d60f,3896,200,GET,ts-auth-service
1650488571,ts-auth-service,7467fa8370d9d60f,,7467fa8370d9d60f,115525,200,getToken,no_parent
1650488571,ts-verification-code-service,a75d3d1e8132f35a,,a75d3d1e8132f35a,3040,200,imageCode,no_parent
1650488571,ts-station-service,f39d3e3d295b97f5,f35ccdc79df9aa30,2bf74d789561828b,8423,200,queryForNameBatch,ts-order-service
1650488631,ts-ticketinfo-service,c2b2fc6be4fbfa9c,e2f6633d22d0a0c7,c874632d588304b4,13627,200,queryForStationId,ts-travel-service
1650488631,ts-travel-service,e2f6633d22d0a0c7,c874632d588304b4,c874632d588304b4,8086,200,GET,ts-travel-service
1650488631,ts-travel-service,b86b0789bab29d07,c874632d588304b4,c874632d588304b4,2289,200,GET,ts-travel-service
1650488631,ts-ticketinfo-service,f04b4b770f568748,ed3e0d379c8a76c3,c874632d588304b4,7233,200,GET,ts-ticketinfo-service
1650488631,ts-travel-service,c874632d588304b4,,c874632d588304b4,54686,200,queryInfo,no_parent
1650488631,ts-travel-service,702b4022fa74c0ef,c874632d588304b4,c874632d588304b4,3949,200,GET,ts-travel-service
1650488631,ts-travel-service,48b9a18fecd8ab7a,c874632d588304b4,c874632d588304b4,2213,200,GET,ts-travel-service
1650488631,ts-travel-service,ebf6bbd5a4e648c9,c874632d588304b4,c874632d588304b4,2285,200,GET,ts-travel-service
1650488631,ts-security-service,7a41850f42098094,8c7c890452eecdf0,7967af2adec6d4de,4867,200,GET,ts-security-service
1650488631,ts-security-service,6bf416514d22c5,8c7c890452eecdf0,7967af2adec6d4de,4982,200,GET,ts-security-service
1650488631,ts-basic-service,d380a531be531690,74c2ccf1c10d9b4e,c874632d588304b4,3070,200,GET,ts-basic-service
1650488631,ts-basic-service,7ad7f235ea8384bb,f04b4b770f568748,c874632d588304b4,6108,200,queryForStationId,ts-ticketinfo-service
1650488631,ts-basic-service,74c2ccf1c10d9b4e,600b27255d6fe137,c874632d588304b4,5065,200,queryForStationId,ts-ticketinfo-service
1650488631,ts-station-service,75d76dc5eb2a2d2a,d380a531be531690,c874632d588304b4,2407,200,queryForStationId,ts-basic-service
1650488631,ts-security-service,8c7c890452eecdf0,357606f092dca81e,7967af2adec6d4de,14461,200,check,ts-preserve-service
1650488631,ts-station-service,b0f4eca93c80222b,7a6ab9593d97d9ff,c874632d588304b4,2525,200,queryForStationId,ts-basic-service
1650488631,ts-route-service,d8db2834b30143a5,a143152f1b1da944,c874632d588304b4,2168,200,queryById,ts-travel-service
1650488631,ts-assurance-service,b8304dd86b44ee68,,b8304dd86b44ee68,1608,200,getAllAssuranceType,no_parent
1650488631,ts-basic-service,7a6ab9593d97d9ff,7ad7f235ea8384bb,c874632d588304b4,3588,200,GET,ts-basic-service
1650488631,ts-travel-service,8f49bb71ebfae907,c874632d588304b4,c874632d588304b4,11276,200,GET,ts-travel-service
1650488631,ts-route-service,787a4d85bf68b83f,ebf6bbd5a4e648c9,c874632d588304b4,2221,200,queryById,ts-travel-service
1650488631,ts-route-service,a5d99b38ecd2ff13,b86b0789bab29d07,c874632d588304b4,2119,200,queryById,ts-travel-service
1650488631,ts-order-other-service,1ce1e46cd3a50e8a,7a41850f42098094,7967af2adec6d4de,3143,200,securityInfoCheck,ts-security-service
1650488631,ts-contacts-service,e77ff3626eb70381,,e77ff3626eb70381,2993,200,findContactsByAccountId,no_parent
1650488631,ts-ticketinfo-service,600b27255d6fe137,c2b2fc6be4fbfa9c,c874632d588304b4,6103,200,GET,ts-ticketinfo-service
1650488631,ts-travel-service,a143152f1b1da944,c874632d588304b4,c874632d588304b4,2577,200,GET,ts-travel-service
1650488631,ts-order-service,bdfa47541252d0c5,6bf416514d22c5,7967af2adec6d4de,3704,200,securityInfoCheck,ts-security-service
1650488631,ts-ticketinfo-service,ed3e0d379c8a76c3,8f49bb71ebfae907,c874632d588304b4,9521,200,queryForStationId,ts-travel-service
1650488631,ts-preserve-service,7967af2adec6d4de,,7967af2adec6d4de,23050,200,preserve,no_parent
1650488631,ts-verification-code-service,f25080700002f73,,f25080700002f73,2991,200,imageCode,no_parent
1650488631,ts-order-service,9704669c8a3fa7e5,ada3292b97a52529,ada3292b97a52529,9778,200,POST,ts-order-service
1650488631,ts-order-service,ada3292b97a52529,,ada3292b97a52529,12747,200,queryOrdersForRefresh,no_parent
1650488631,ts-station-service,95502e11dd19d0da,9704669c8a3fa7e5,ada3292b97a52529,8342,200,queryForNameBatch,ts-order-service
1650488631,ts-auth-service,790f2ec0965a1088,49f22c8758c9c710,49f22c8758c9c710,4400,200,GET,ts-auth-service
1650488631,ts-auth-service,49f22c8758c9c710,,49f22c8758c9c710,110790,200,getToken,no_parent
1650488631,ts-preserve-service,7e0cdc0ca43a6952,7967af2adec6d4de,7967af2adec6d4de,3871,200,GET,ts-preserve-service
1650488631,ts-route-service,89e1efc7e374478a,48b9a18fecd8ab7a,c874632d588304b4,2131,200,queryById,ts-travel-service
1650488631,ts-route-service,cb8c82ce30c33911,702b4022fa74c0ef,c874632d588304b4,2653,200,queryById,ts-travel-service
1650488631,ts-verification-code-service,1a420c86f2270259,790f2ec0965a1088,49f22c8758c9c710,2024,200,verifyCode,ts-auth-service
1650488631,ts-contacts-service,e42e4b03957dfdd1,7e0cdc0ca43a6952,7967af2adec6d4de,2514,200,getContactsByContactsId,ts-preserve-service
1650488631,ts-preserve-service,357606f092dca81e,7967af2adec6d4de,7967af2adec6d4de,16111,200,GET,ts-preserve-service
1650488691,ts-route-service,25299738ab54db80,680f277a601f9303,818bcf50f26f4598,2083,200,queryById,ts-travel-service
1650488691,ts-basic-service,79927067ebbd0abd,8c751c8380999891,818bcf50f26f4598,4978,200,queryForStationId,ts-ticketinfo-service
1650488691,ts-travel-service,11bf49a4532c4a8e,818bcf50f26f4598,818bcf50f26f4598,2246,200,GET,ts-travel-service
1650488691,ts-travel-service,5c71d767298fe542,818bcf50f26f4598,818bcf50f26f4598,2178,200,GET,ts-travel-service
1650488691,ts-travel-service,818bcf50f26f4598,,818bcf50f26f4598,41383,200,queryInfo,no_parent
1650488691,ts-route-service,525fbff22ee17c41,a5a046c96b8443ec,818bcf50f26f4598,2640,200,queryById,ts-travel-service
1650488691,ts-route-service,1bf94ff1f4c42b41,ba41270acf5e9f0c,818bcf50f26f4598,2159,200,queryById,ts-travel-service
1650488691,ts-route-service,5053a537cc5de215,5c71d767298fe542,818bcf50f26f4598,2027,200,queryById,ts-travel-service
1650488691,ts-security-service,1979fe9ed4f95598,52493c5b711d385c,ceac14ff6eb28575,13774,200,check,ts-preserve-service
1650488691,ts-security-service,51dab1fb7e2e87ad,1979fe9ed4f95598,ceac14ff6eb28575,4510,200,GET,ts-security-service
1650488691,ts-travel-service,680f277a601f9303,818bcf50f26f4598,818bcf50f26f4598,2472,200,GET,ts-travel-service
1650488691,ts-security-service,918653d0825b874,1979fe9ed4f95598,ceac14ff6eb28575,4647,200,GET,ts-security-service
1650488691,ts-station-service,9802752a49c9bbab,7d448ee296b43b20,818bcf50f26f4598,2409,200,queryForStationId,ts-basic-service
1650488691,ts-preserve-service,52493c5b711d385c,ceac14ff6eb28575,ceac14ff6eb28575,15404,200,GET,ts-preserve-service
1650488691,ts-preserve-service,5bfeff8c5c130dd1,ceac14ff6eb28575,ceac14ff6eb28575,3767,200,GET,ts-preserve-service
1650488691,ts-contacts-service,1a09c7b76f0f6237,5bfeff8c5c130dd1,ceac14ff6eb28575,2483,200,getContactsByContactsId,ts-preserve-service
1650488691,ts-order-service,bc52fab98ee429f4,918653d0825b874,ceac14ff6eb28575,3557,200,securityInfoCheck,ts-security-service
1650488691,ts-preserve-service,ceac14ff6eb28575,,ceac14ff6eb28575,22650,200,preserve,no_parent
1650488691,ts-order-other-service,a07b99e0886b7726,51dab1fb7e2e87ad,ceac14ff6eb28575,3212,200,securityInfoCheck,ts-security-service
1650488691,ts-ticketinfo-service,9996cf677e79f8ba,60f19a776e7b3e76,818bcf50f26f4598,7596,200,queryForStationId,ts-travel-service
1650488691,ts-basic-service,98d66a3049bbd5b0,b6678f5fd216d2ca,818bcf50f26f4598,6176,200,queryForStationId,ts-ticketinfo-service
1650488691,ts-basic-service,7d448ee296b43b20,79927067ebbd0abd,818bcf50f26f4598,2985,200,GET,ts-basic-service
1650488691,ts-basic-service,72a0c83ef825439d,98d66a3049bbd5b0,818bcf50f26f4598,3706,200,GET,ts-basic-service
1650488691,ts-travel-service,60f19a776e7b3e76,818bcf50f26f4598,818bcf50f26f4598,7980,200,GET,ts-travel-service
1650488691,ts-ticketinfo-service,c3491887d4d8cef9,c03bd570030db04e,818bcf50f26f4598,9974,200,queryForStationId,ts-travel-service
1650488691,ts-ticketinfo-service,8c751c8380999891,9996cf677e79f8ba,818bcf50f26f4598,5609,200,GET,ts-ticketinfo-service
1650488691,ts-ticketinfo-service,b6678f5fd216d2ca,c3491887d4d8cef9,818bcf50f26f4598,7691,200,GET,ts-ticketinfo-service
1650488691,ts-station-service,e0d972efa7a9e85b,72a0c83ef825439d,818bcf50f26f4598,2591,200,queryForStationId,ts-basic-service
1650488691,ts-travel-service,c03bd570030db04e,818bcf50f26f4598,818bcf50f26f4598,11455,200,GET,ts-travel-service
1650488691,ts-travel-service,a5a046c96b8443ec,818bcf50f26f4598,818bcf50f26f4598,3971,200,GET,ts-travel-service
1650488691,ts-travel-service,ba41270acf5e9f0c,818bcf50f26f4598,818bcf50f26f4598,2261,200,GET,ts-travel-service
1650488691,ts-order-service,f37c4c08b59b36e9,fa4f15b98e8ffeb7,fa4f15b98e8ffeb7,9671,200,POST,ts-order-service
1650488691,ts-station-service,d2a59595c33d8353,f37c4c08b59b36e9,fa4f15b98e8ffeb7,8313,200,queryForNameBatch,ts-order-service
1650488691,ts-route-service,4c19e8a0da4cb2c6,11bf49a4532c4a8e,818bcf50f26f4598,2120,200,queryById,ts-travel-service
1650488691,ts-verification-code-service,65d59dbabcc0f77f,,65d59dbabcc0f77f,3201,200,imageCode,no_parent
1650488691,ts-verification-code-service,a70ef2e756c2cb22,6016084fe5156a2,188c843160818e16,14662,200,verifyCode,ts-auth-service
1650488691,ts-auth-service,6016084fe5156a2,188c843160818e16,188c843160818e16,14866,200,GET,ts-auth-service
1650488691,ts-order-service,fa4f15b98e8ffeb7,,fa4f15b98e8ffeb7,13036,200,queryOrdersForRefresh,no_parent
1650488691,ts-auth-service,188c843160818e16,,188c843160818e16,130002,200,getToken,no_parent
1650488691,ts-contacts-service,70ed1955d82218f7,,70ed1955d82218f7,2875,200,findContactsByAccountId,no_parent
1650488691,ts-assurance-service,50ff832aebf7d9a1,,50ff832aebf7d9a1,1778,200,getAllAssuranceType,no_parent
1650488751,ts-verification-code-service,234bac5e47a18e75,,234bac5e47a18e75,2964,200,imageCode,no_parent
1650488751,ts-preserve-service,4631b220ffc66507,,4631b220ffc66507,21816,200,preserve,no_parent
1650488751,ts-order-service,d0b97bd1153612d8,59f9b8da2c3a9257,59f9b8da2c3a9257,9982,200,POST,ts-order-service
1650488751,ts-order-service,59f9b8da2c3a9257,,59f9b8da2c3a9257,13440,200,queryOrdersForRefresh,no_parent
1650488751,ts-station-service,dc4526a365405c15,d0b97bd1153612d8,59f9b8da2c3a9257,8490,200,queryForNameBatch,ts-order-service
1650488751,ts-order-other-service,e88a13ddfe89feaa,6fea7def041f8afb,4631b220ffc66507,3150,200,securityInfoCheck,ts-security-service
1650488751,ts-security-service,6fea7def041f8afb,1536b226ad2efc35,4631b220ffc66507,4536,200,GET,ts-security-service
1650488751,ts-security-service,934e0f2730f23cb5,1536b226ad2efc35,4631b220ffc66507,4787,200,GET,ts-security-service
1650488751,ts-order-service,ef9a917bb49f338e,934e0f2730f23cb5,4631b220ffc66507,3545,200,securityInfoCheck,ts-security-service
1650488751,ts-security-service,1536b226ad2efc35,5337fba7c0d93b01,4631b220ffc66507,13321,200,check,ts-preserve-service
1650488751,ts-contacts-service,2607a318c43356a8,6bca8307d65b974d,4631b220ffc66507,2213,200,getContactsByContactsId,ts-preserve-service
1650488751,ts-preserve-service,6bca8307d65b974d,4631b220ffc66507,4631b220ffc66507,3214,200,GET,ts-preserve-service
1650488751,ts-preserve-service,5337fba7c0d93b01,4631b220ffc66507,4631b220ffc66507,15441,200,GET,ts-preserve-service
1650488751,ts-contacts-service,f097e33eba5dc3b,,f097e33eba5dc3b,3005,200,findContactsByAccountId,no_parent
1650488752,ts-route-service,57bb8c21a5f5e7be,e029663be5df18d4,fadf7946a66ae898,2112,200,queryById,ts-travel-service
1650488752,ts-ticketinfo-service,b4aa14d5f2a4d539,52a631d4a613ae8,fadf7946a66ae898,9932,200,queryForStationId,ts-travel-service
1650488752,ts-route-service,620ac8216180d7b5,74e17f75828d5784,fadf7946a66ae898,2184,200,queryById,ts-travel-service
1650488752,ts-station-service,57d73aee14795a79,23963f6deb90f0c2,fadf7946a66ae898,2384,200,queryForStationId,ts-basic-service
1650488752,ts-ticketinfo-service,f065116b46865e6f,ca903a03a5c7be00,fadf7946a66ae898,7747,200,queryForStationId,ts-travel-service
1650488752,ts-assurance-service,337649d39c0187f9,,337649d39c0187f9,1594,200,getAllAssuranceType,no_parent
1650488752,ts-travel-service,e029663be5df18d4,fadf7946a66ae898,fadf7946a66ae898,2252,200,GET,ts-travel-service
1650488752,ts-travel-service,74e17f75828d5784,fadf7946a66ae898,fadf7946a66ae898,2263,200,GET,ts-travel-service
1650488752,ts-travel-service,b20e79b0b0e1a962,fadf7946a66ae898,fadf7946a66ae898,2609,200,GET,ts-travel-service
1650488752,ts-travel-service,52a631d4a613ae8,fadf7946a66ae898,fadf7946a66ae898,11556,200,GET,ts-travel-service
1650488752,ts-travel-service,ca903a03a5c7be00,fadf7946a66ae898,fadf7946a66ae898,8392,200,GET,ts-travel-service
1650488752,ts-travel-service,5938f84c7b07cba,fadf7946a66ae898,fadf7946a66ae898,2273,200,GET,ts-travel-service
1650488752,ts-route-service,eefce70503e96ef3,b20e79b0b0e1a962,fadf7946a66ae898,2144,200,queryById,ts-travel-service
1650488752,ts-route-service,2d77e38afff10ea0,5938f84c7b07cba,fadf7946a66ae898,2128,200,queryById,ts-travel-service
1650488752,ts-station-service,a63e92ec54ab357b,cecbb0ddf933c6cc,fadf7946a66ae898,2727,200,queryForStationId,ts-basic-service
1650488752,ts-route-service,39563227adb21809,e94e380cb4e1aaf6,fadf7946a66ae898,2663,200,queryById,ts-travel-service
1650488752,ts-basic-service,b3cde993b92f21de,f1448744004eb3c6,fadf7946a66ae898,6485,200,queryForStationId,ts-ticketinfo-service
1650488752,ts-ticketinfo-service,4ec3c7e14848e5df,f065116b46865e6f,fadf7946a66ae898,5753,200,GET,ts-ticketinfo-service
1650488752,ts-ticketinfo-service,f1448744004eb3c6,b4aa14d5f2a4d539,fadf7946a66ae898,7633,200,GET,ts-ticketinfo-service
1650488752,ts-travel-service,e94e380cb4e1aaf6,fadf7946a66ae898,fadf7946a66ae898,3855,200,GET,ts-travel-service
1650488752,ts-travel-service,fadf7946a66ae898,,fadf7946a66ae898,42999,200,queryInfo,no_parent
1650488752,ts-basic-service,cecbb0ddf933c6cc,b3cde993b92f21de,fadf7946a66ae898,3936,200,GET,ts-basic-service
1650488752,ts-basic-service,23963f6deb90f0c2,d2bc22de6dca0fd4,fadf7946a66ae898,3036,200,GET,ts-basic-service
1650488752,ts-basic-service,d2bc22de6dca0fd4,4ec3c7e14848e5df,fadf7946a66ae898,5023,200,queryForStationId,ts-ticketinfo-service
1650488752,ts-auth-service,c2f34f94f531e283,,c2f34f94f531e283,110977,200,getToken,no_parent
1650488752,ts-auth-service,d538d5ecf630487b,c2f34f94f531e283,c2f34f94f531e283,4191,200,GET,ts-auth-service
1650488752,ts-verification-code-service,8da1e482ab831e00,d538d5ecf630487b,c2f34f94f531e283,2495,200,verifyCode,ts-auth-service
1650488812,ts-route-service,11ffde8c85930a0,fbf316f96ca1e3ab,d8a8c596d285afee,2851,200,queryById,ts-travel-service
1650488812,ts-route-service,75cf147e8a7b9b3a,e977dc401116201d,d8a8c596d285afee,2087,200,queryById,ts-travel-service
1650488812,ts-route-service,3fc50840f9632c3f,d1f310f52c9e75bf,d8a8c596d285afee,2409,200,queryById,ts-travel-service
1650488812,ts-travel-service,5026d0632f0380a5,d8a8c596d285afee,d8a8c596d285afee,20749,200,GET,ts-travel-service
1650488812,ts-travel-service,fbf316f96ca1e3ab,d8a8c596d285afee,d8a8c596d285afee,4058,200,GET,ts-travel-service
1650488812,ts-travel-service,a43fc7e5aae0be70,d8a8c596d285afee,d8a8c596d285afee,7375,200,GET,ts-travel-service
1650488812,ts-travel-service,24f8fd79ee73275b,d8a8c596d285afee,d8a8c596d285afee,2258,200,GET,ts-travel-service
1650488812,ts-security-service,4cae753db8e0b7a,60d570cb11543ae8,b8cebc43b4f104cb,13777,200,check,ts-preserve-service
1650488812,ts-contacts-service,6b9c28d96af9e508,8df9db27272aac2c,b8cebc43b4f104cb,2404,200,getContactsByContactsId,ts-preserve-service
1650488812,ts-order-service,cc3fb73de791be3a,d5a9a6812a93b2df,b8cebc43b4f104cb,3368,200,securityInfoCheck,ts-security-service
1650488812,ts-preserve-service,60d570cb11543ae8,b8cebc43b4f104cb,b8cebc43b4f104cb,15493,200,GET,ts-preserve-service
1650488812,ts-travel-service,d1f310f52c9e75bf,d8a8c596d285afee,d8a8c596d285afee,2831,200,GET,ts-travel-service
1650488812,ts-travel-service,2abad85e2375dcba,d8a8c596d285afee,d8a8c596d285afee,2191,200,GET,ts-travel-service
1650488812,ts-security-service,1e915f1fe95dd345,4cae753db8e0b7a,b8cebc43b4f104cb,4473,200,GET,ts-security-service
1650488812,ts-auth-service,38a2ada020152327,c29c40388a4735d0,c29c40388a4735d0,3892,200,GET,ts-auth-service
1650488812,ts-auth-service,c29c40388a4735d0,,c29c40388a4735d0,113580,200,getToken,no_parent
1650488812,ts-station-service,e030d8a6d1d1bfe3,5766629c3e2a808a,d8a8c596d285afee,1711,200,queryForStationId,ts-basic-service
1650488812,ts-station-service,b57fb1be90aee784,85e73e90d0cb109a,d8a8c596d285afee,12345,200,queryForStationId,ts-basic-service
1650488812,ts-route-service,5bbe2da9baee2df0,24f8fd79ee73275b,d8a8c596d285afee,2113,200,queryById,ts-travel-service
1650488812,ts-ticketinfo-service,686dab9bc3a06766,22d0a04726b470ab,d8a8c596d285afee,16965,200,GET,ts-ticketinfo-service
1650488812,ts-ticketinfo-service,22d0a04726b470ab,5026d0632f0380a5,d8a8c596d285afee,19167,200,queryForStationId,ts-travel-service
1650488812,ts-order-other-service,a2680970f694f0bf,1e915f1fe95dd345,b8cebc43b4f104cb,3150,200,securityInfoCheck,ts-security-service
1650488812,ts-security-service,d5a9a6812a93b2df,4cae753db8e0b7a,b8cebc43b4f104cb,4794,200,GET,ts-security-service
1650488812,ts-basic-service,5766629c3e2a808a,cc44c3cd8371017,d8a8c596d285afee,2388,200,GET,ts-basic-service
1650488812,ts-basic-service,cc44c3cd8371017,2a8e637ce8e68104,d8a8c596d285afee,4340,200,queryForStationId,ts-ticketinfo-service
1650488812,ts-basic-service,596ffb7ac0cc3f25,686dab9bc3a06766,d8a8c596d285afee,15870,200,queryForStationId,ts-ticketinfo-service
1650488812,ts-preserve-service,8df9db27272aac2c,b8cebc43b4f104cb,b8cebc43b4f104cb,3733,200,GET,ts-preserve-service
1650488812,ts-preserve-service,b8cebc43b4f104cb,,b8cebc43b4f104cb,22199,200,preserve,no_parent
1650488812,ts-route-service,373548d83bf38b3f,2abad85e2375dcba,d8a8c596d285afee,2060,200,queryById,ts-travel-service
1650488812,ts-basic-service,85e73e90d0cb109a,596ffb7ac0cc3f25,d8a8c596d285afee,13480,200,GET,ts-basic-service
1650488812,ts-order-service,638e16d04d5624f8,,638e16d04d5624f8,13366,200,queryOrdersForRefresh,no_parent
1650488812,ts-assurance-service,35dfccdc97696f59,,35dfccdc97696f59,1905,200,getAllAssuranceType,no_parent
1650488812,ts-station-service,c5b896747c8bf290,24321fdd3a536c85,638e16d04d5624f8,8367,200,queryForNameBatch,ts-order-service
1650488812,ts-order-service,24321fdd3a536c85,638e16d04d5624f8,638e16d04d5624f8,9839,200,POST,ts-order-service
1650488812,ts-ticketinfo-service,2a8e637ce8e68104,b26ea3688d2acc44,d8a8c596d285afee,5070,200,GET,ts-ticketinfo-service
1650488812,ts-verification-code-service,109af26a9b2e4a71,38a2ada020152327,c29c40388a4735d0,2141,200,verifyCode,ts-auth-service
1650488812,ts-travel-service,e977dc401116201d,d8a8c596d285afee,d8a8c596d285afee,2217,200,GET,ts-travel-service
1650488812,ts-travel-service,d8a8c596d285afee,,d8a8c596d285afee,50714,200,queryInfo,no_parent
1650488812,ts-ticketinfo-service,b26ea3688d2acc44,a43fc7e5aae0be70,d8a8c596d285afee,6911,200,queryForStationId,ts-travel-service
1650488812,ts-verification-code-service,1c1757ad84e62852,,1c1757ad84e62852,2955,200,imageCode,no_parent
1650488812,ts-contacts-service,ec3436f6bb8a4803,,ec3436f6bb8a4803,3013,200,findContactsByAccountId,no_parent
1650497566,ts-station-service,ebba4578e035468,ae818770a942806d,9d667228b0650f71,2172,200,queryForStationId,ts-basic-service
1650497566,ts-route-service,547d24f6de9ba150,cde0b9b38311d02c,9d667228b0650f71,8874,200,queryById,ts-travel-service
1650497566,ts-verification-code-service,3233457d2045a231,7f44d8e78f4cc93b,9fbb1e49974adfeb,2646,200,verifyCode,ts-auth-service
1650497566,ts-basic-service,487ae18963babf98,f25a039b3d4577fe,9d667228b0650f71,3951,200,GET,ts-basic-service
1650497566,ts-ticketinfo-service,5326d8fc7b020070,22fb493be3f0bc27,9d667228b0650f71,7721,200,GET,ts-ticketinfo-service
1650497566,ts-ticketinfo-service,22fb493be3f0bc27,8e00b950fe158a20,9d667228b0650f71,10180,200,queryForStationId,ts-travel-service
1650497566,ts-ticketinfo-service,df1b6bc2fe9035cb,102eb82be89c55f,9d667228b0650f71,7348,200,queryForStationId,ts-travel-service
1650497566,ts-basic-service,f25a039b3d4577fe,5326d8fc7b020070,9d667228b0650f71,6458,200,queryForStationId,ts-ticketinfo-service
1650497566,ts-basic-service,ae818770a942806d,7f4178f0e28abb76,9d667228b0650f71,3123,200,GET,ts-basic-service
1650497566,ts-basic-service,7f4178f0e28abb76,5c096850ccdf0616,9d667228b0650f71,4671,200,queryForStationId,ts-ticketinfo-service
1650497566,ts-travel-service,8e00b950fe158a20,9d667228b0650f71,9d667228b0650f71,13473,200,GET,ts-travel-service
1650497566,ts-travel-service,807f5afa7a968f29,9d667228b0650f71,9d667228b0650f71,2538,200,GET,ts-travel-service
1650497566,ts-travel-service,cde0b9b38311d02c,9d667228b0650f71,9d667228b0650f71,11054,200,GET,ts-travel-service
1650497566,ts-travel-service,102eb82be89c55f,9d667228b0650f71,9d667228b0650f71,7818,200,GET,ts-travel-service
1650497566,ts-travel-service,9d5ae55802b5cf0,9d667228b0650f71,9d667228b0650f71,2255,200,GET,ts-travel-service
1650497566,ts-travel-service,1f34b83886fb8d82,9d667228b0650f71,9d667228b0650f71,2660,200,GET,ts-travel-service
1650497566,ts-travel-service,305a87ab30526051,9d667228b0650f71,9d667228b0650f71,3012,200,GET,ts-travel-service
1650497566,ts-travel-service,9d667228b0650f71,,9d667228b0650f71,64345,200,queryInfo,no_parent
1650497566,ts-ticketinfo-service,5c096850ccdf0616,df1b6bc2fe9035cb,9d667228b0650f71,5456,200,GET,ts-ticketinfo-service
1650497566,ts-station-service,8ffaec052f164988,487ae18963babf98,9d667228b0650f71,2739,200,queryForStationId,ts-basic-service
1650497566,ts-route-service,5560a0a565b7d8c0,807f5afa7a968f29,9d667228b0650f71,1646,200,queryById,ts-travel-service
1650497566,ts-route-service,751aedb8bca8bcf7,1f34b83886fb8d82,9d667228b0650f71,2462,200,queryById,ts-travel-service
1650497566,ts-route-service,6de60489a527e9d4,9d5ae55802b5cf0,9d667228b0650f71,2062,200,queryById,ts-travel-service
1650497566,ts-route-service,fbf603bd1c53a76,305a87ab30526051,9d667228b0650f71,2885,200,queryById,ts-travel-service
1650497566,ts-auth-service,9fbb1e49974adfeb,,9fbb1e49974adfeb,124315,200,getToken,no_parent
1650497566,ts-auth-service,7f44d8e78f4cc93b,9fbb1e49974adfeb,9fbb1e49974adfeb,6409,200,GET,ts-auth-service
1650497566,ts-assurance-service,32868581c831d1d4,,32868581c831d1d4,3821,200,getAllAssuranceType,no_parent
1650497566,ts-verification-code-service,9cfd723167e5f720,,9cfd723167e5f720,8213,200,imageCode,no_parent
1650497627,ts-basic-service,606625684d9136c1,9e5fab08c606d782,af2aca0f707bbe64,3605,200,GET,ts-basic-service
1650497627,ts-basic-service,62d06a45e778f21e,c3a0711b4e688dab,af2aca0f707bbe64,4674,200,queryForStationId,ts-ticketinfo-service
1650497627,ts-basic-service,9e5fab08c606d782,677873c8e8690352,af2aca0f707bbe64,6022,200,queryForStationId,ts-ticketinfo-service
1650497627,ts-basic-service,f96658fbfb883d5,62d06a45e778f21e,af2aca0f707bbe64,2646,200,GET,ts-basic-service
1650497627,ts-preserve-service,101cd4478546c5e0,,101cd4478546c5e0,38079,200,preserve,no_parent
1650497627,ts-preserve-service,9bd0b2faa1246fd7,101cd4478546c5e0,101cd4478546c5e0,27193,200,GET,ts-preserve-service
1650497627,ts-order-service,77139b937c4f357c,8555e68541f94ba4,101cd4478546c5e0,3573,200,securityInfoCheck,ts-security-service
1650497627,ts-preserve-service,eeee25d3b109bee9,101cd4478546c5e0,101cd4478546c5e0,3677,200,GET,ts-preserve-service
1650497627,ts-order-other-service,a5cc41007973fcb2,adec4c6f73a55131,101cd4478546c5e0,8488,200,securityInfoCheck,ts-security-service
1650497627,ts-security-service,8555e68541f94ba4,2432a42c8ea69b94,101cd4478546c5e0,5439,200,GET,ts-security-service
1650497627,ts-ticketinfo-service,677873c8e8690352,3ceacf998a005517,af2aca0f707bbe64,7243,200,GET,ts-ticketinfo-service
1650497627,ts-ticketinfo-service,c1163c0e5966fc80,4f4a969369dd50ee,af2aca0f707bbe64,7305,200,queryForStationId,ts-travel-service
1650497627,ts-station-service,92ef414354f89f00,606625684d9136c1,af2aca0f707bbe64,2509,200,queryForStationId,ts-basic-service
1650497627,ts-route-service,f2cbfd02a43de0ef,67371d9eb889ec08,af2aca0f707bbe64,2238,200,queryById,ts-travel-service
1650497627,ts-travel-service,4f4a969369dd50ee,af2aca0f707bbe64,af2aca0f707bbe64,7805,200,GET,ts-travel-service
1650497627,ts-travel-service,bed8cf1cecc1660e,af2aca0f707bbe64,af2aca0f707bbe64,2524,200,GET,ts-travel-service
1650497627,ts-ticketinfo-service,c3a0711b4e688dab,c1163c0e5966fc80,af2aca0f707bbe64,5272,200,GET,ts-ticketinfo-service
1650497627,ts-route-service,3b2050547087fb94,bed8cf1cecc1660e,af2aca0f707bbe64,2460,200,queryById,ts-travel-service
1650497627,ts-travel-service,7c2d972bce4cfeab,af2aca0f707bbe64,af2aca0f707bbe64,4408,200,GET,ts-travel-service
1650497627,ts-travel-service,966ebcac2c355e66,af2aca0f707bbe64,af2aca0f707bbe64,11231,200,GET,ts-travel-service
1650497627,ts-travel-service,67371d9eb889ec08,af2aca0f707bbe64,af2aca0f707bbe64,2367,200,GET,ts-travel-service
1650497627,ts-travel-service,af2aca0f707bbe64,,af2aca0f707bbe64,45560,200,queryInfo,no_parent
1650497627,ts-travel-service,46abe1453916e2e,af2aca0f707bbe64,af2aca0f707bbe64,3299,200,GET,ts-travel-service
1650497627,ts-route-service,db9a954faee591c3,7c2d972bce4cfeab,af2aca0f707bbe64,3053,200,queryById,ts-travel-service
1650497627,ts-route-service,504177dd16142965,292bd226bb3cbf2c,af2aca0f707bbe64,2601,200,queryById,ts-travel-service
1650497627,ts-ticketinfo-service,3ceacf998a005517,966ebcac2c355e66,af2aca0f707bbe64,9710,200,queryForStationId,ts-travel-service
1650497627,ts-route-service,c3fa9fe01e0ebec9,46abe1453916e2e,af2aca0f707bbe64,2531,200,queryById,ts-travel-service
1650497627,ts-station-service,a9b4cc4605bc0b8e,f96658fbfb883d5,af2aca0f707bbe64,2087,200,queryForStationId,ts-basic-service
1650497627,ts-security-service,2432a42c8ea69b94,9bd0b2faa1246fd7,101cd4478546c5e0,23058,200,check,ts-preserve-service
1650497627,ts-contacts-service,271974443d255dd6,eeee25d3b109bee9,101cd4478546c5e0,2391,200,getContactsByContactsId,ts-preserve-service
1650497627,ts-contacts-service,f0a96db075c12be6,,f0a96db075c12be6,2947,200,findContactsByAccountId,no_parent
1650497627,ts-security-service,adec4c6f73a55131,2432a42c8ea69b94,101cd4478546c5e0,10875,200,GET,ts-security-service
1650497627,ts-travel-service,292bd226bb3cbf2c,af2aca0f707bbe64,af2aca0f707bbe64,2889,200,GET,ts-travel-service
1650497627,ts-auth-service,b8bf6da63d012758,8e0da44a99bfdb48,8e0da44a99bfdb48,4152,200,GET,ts-auth-service
1650497627,ts-verification-code-service,186f4cdf21ee7bf6,b8bf6da63d012758,8e0da44a99bfdb48,2127,200,verifyCode,ts-auth-service
1650497627,ts-auth-service,8e0da44a99bfdb48,,8e0da44a99bfdb48,109739,200,getToken,no_parent
1650497627,ts-verification-code-service,bed5435c8b06e006,,bed5435c8b06e006,4436,200,imageCode,no_parent
1650497627,ts-station-service,8d1ee8263bb3dfe5,a8649ae81c5ad1da,df9ff109e4504f59,8368,200,queryForNameBatch,ts-order-service
1650497627,ts-assurance-service,bb747f699aaae1a4,,bb747f699aaae1a4,1889,200,getAllAssuranceType,no_parent
1650497627,ts-order-service,a8649ae81c5ad1da,df9ff109e4504f59,df9ff109e4504f59,9831,200,POST,ts-order-service
1650497627,ts-order-service,df9ff109e4504f59,,df9ff109e4504f59,13151,200,queryOrdersForRefresh,no_parent
1650497687,ts-security-service,a79665537fe948fb,a8d0261d622da3f0,5eb9abb5fed3b759,14665,200,check,ts-preserve-service
1650497687,ts-preserve-service,d57d83b936337d5d,5eb9abb5fed3b759,5eb9abb5fed3b759,3585,200,GET,ts-preserve-service
1650497687,ts-preserve-service,5eb9abb5fed3b759,,5eb9abb5fed3b759,23372,200,preserve,no_parent
1650497687,ts-order-other-service,4695cc527fac3f91,3a01269d2718f664,5eb9abb5fed3b759,3570,200,securityInfoCheck,ts-security-service
1650497687,ts-security-service,3a01269d2718f664,a79665537fe948fb,5eb9abb5fed3b759,4885,200,GET,ts-security-service
1650497687,ts-route-service,8799ad71914c753b,7e9dcfed6e58dd6a,b61d477978ca7b38,2566,200,queryById,ts-travel-service
1650497687,ts-ticketinfo-service,5c42261be0c311e7,2c620b3000637086,b61d477978ca7b38,9495,200,queryForStationId,ts-travel-service
1650497687,ts-station-service,9dca15bd057000a9,2f53b1cef50cdad5,b61d477978ca7b38,2042,200,queryForStationId,ts-basic-service
1650497687,ts-ticketinfo-service,4a3c9b7190ff8068,4989fa190570620b,b61d477978ca7b38,7697,200,queryForStationId,ts-travel-service
1650497687,ts-security-service,3aec4171cd864b68,a79665537fe948fb,5eb9abb5fed3b759,4821,200,GET,ts-security-service
1650497687,ts-contacts-service,5dcd21dddb79a2b4,d57d83b936337d5d,5eb9abb5fed3b759,2284,200,getContactsByContactsId,ts-preserve-service
1650497687,ts-order-service,219c65a17dbfd960,3aec4171cd864b68,5eb9abb5fed3b759,3333,200,securityInfoCheck,ts-security-service
1650497687,ts-preserve-service,a8d0261d622da3f0,5eb9abb5fed3b759,5eb9abb5fed3b759,16369,200,GET,ts-preserve-service
1650497687,ts-station-service,638a65c8ec2fa1f2,defe0b8dd5285776,4559f4c8e9d1bb74,8495,200,queryForNameBatch,ts-order-service
1650497687,ts-travel-service,4989fa190570620b,b61d477978ca7b38,b61d477978ca7b38,8056,200,GET,ts-travel-service
1650497687,ts-basic-service,2f53b1cef50cdad5,279629e65e11736a,b61d477978ca7b38,2992,200,GET,ts-basic-service
1650497687,ts-basic-service,ff19e15bdd6ba13f,6ff73e5b4a9d6548,b61d477978ca7b38,6089,200,queryForStationId,ts-ticketinfo-service
1650497687,ts-basic-service,91100a2c36b0af23,ff19e15bdd6ba13f,b61d477978ca7b38,3583,200,GET,ts-basic-service
1650497687,ts-station-service,b07ad51c0e0bc0d,91100a2c36b0af23,b61d477978ca7b38,2519,200,queryForStationId,ts-basic-service
1650497687,ts-route-service,7721151149c5197b,ca548a9a14d3f7aa,b61d477978ca7b38,3089,200,queryById,ts-travel-service
1650497687,ts-route-service,2870eecedc2cc212,e76d7bcb38a2d21d,b61d477978ca7b38,2639,200,queryById,ts-travel-service
1650497687,ts-route-service,e0239493461ea467,4addce4cbc4a110c,b61d477978ca7b38,2536,200,queryById,ts-travel-service
1650497687,ts-ticketinfo-service,f7e17b68190ef47f,4a3c9b7190ff8068,b61d477978ca7b38,5711,200,GET,ts-ticketinfo-service
1650497687,ts-travel-service,88811055b80cd407,b61d477978ca7b38,b61d477978ca7b38,2887,200,GET,ts-travel-service
1650497687,ts-travel-service,7e9dcfed6e58dd6a,b61d477978ca7b38,b61d477978ca7b38,2702,200,GET,ts-travel-service
1650497687,ts-travel-service,2c620b3000637086,b61d477978ca7b38,b61d477978ca7b38,11002,200,GET,ts-travel-service
1650497687,ts-order-service,4559f4c8e9d1bb74,,4559f4c8e9d1bb74,13476,200,queryOrdersForRefresh,no_parent
1650497687,ts-assurance-service,98032c4e1f1e633c,,98032c4e1f1e633c,1890,200,getAllAssuranceType,no_parent
1650497687,ts-order-service,defe0b8dd5285776,4559f4c8e9d1bb74,4559f4c8e9d1bb74,10336,200,POST,ts-order-service
1650497687,ts-basic-service,279629e65e11736a,f7e17b68190ef47f,b61d477978ca7b38,5026,200,queryForStationId,ts-ticketinfo-service
1650497687,ts-ticketinfo-service,6ff73e5b4a9d6548,5c42261be0c311e7,b61d477978ca7b38,7226,200,GET,ts-ticketinfo-service
1650497687,ts-travel-service,b61d477978ca7b38,,b61d477978ca7b38,44696,200,queryInfo,no_parent
1650497687,ts-travel-service,ca548a9a14d3f7aa,b61d477978ca7b38,b61d477978ca7b38,4266,200,GET,ts-travel-service
1650497687,ts-travel-service,e76d7bcb38a2d21d,b61d477978ca7b38,b61d477978ca7b38,2680,200,GET,ts-travel-service
1650497687,ts-route-service,3c7079a5111499be,88811055b80cd407,b61d477978ca7b38,2476,200,queryById,ts-travel-service
1650497687,ts-auth-service,3ac00c049cba055a,,3ac00c049cba055a,112366,200,getToken,no_parent
1650497687,ts-contacts-service,aa6009419377fd9c,,aa6009419377fd9c,3278,200,findContactsByAccountId,no_parent
1650497687,ts-travel-service,4addce4cbc4a110c,b61d477978ca7b38,b61d477978ca7b38,2643,200,GET,ts-travel-service
1650497687,ts-verification-code-service,fd6a06de22702c36,,fd6a06de22702c36,3066,200,imageCode,no_parent
1650497687,ts-verification-code-service,1f0f3c7fe6fe034e,f65452913f6d4dd1,3ac00c049cba055a,1926,200,verifyCode,ts-auth-service
1650497687,ts-auth-service,f65452913f6d4dd1,3ac00c049cba055a,3ac00c049cba055a,3672,200,GET,ts-auth-service
1650497747,ts-security-service,1c881ee3397b04d1,4bb165dbb3fe4393,bb47209c4b8bcadd,5136,200,GET,ts-security-service
1650497747,ts-security-service,33257cc52b39b87d,4bb165dbb3fe4393,bb47209c4b8bcadd,4892,200,GET,ts-security-service
1650497747,ts-contacts-service,82a9b8c3ce76f17d,1bf190215d88149b,bb47209c4b8bcadd,2284,200,getContactsByContactsId,ts-preserve-service
1650497747,ts-preserve-service,642afe1469f1ab9e,bb47209c4b8bcadd,bb47209c4b8bcadd,16730,200,GET,ts-preserve-service
1650497747,ts-order-other-service,ca001842b8bedf38,33257cc52b39b87d,bb47209c4b8bcadd,3562,200,securityInfoCheck,ts-security-service
1650497747,ts-route-service,c9ade8a64125b030,e530e47be7296c0,13a43766ef300944,3178,200,queryById,ts-travel-service
1650497747,ts-route-service,9be4340d98a7d595,812c1ff68d3fd056,13a43766ef300944,2687,200,queryById,ts-travel-service
1650497747,ts-route-service,78b8b80169d946b2,bc702acb303d027f,13a43766ef300944,2580,200,queryById,ts-travel-service
1650497747,ts-route-service,7c264f6a6a48e8bc,385404bb9aa5d8ba,13a43766ef300944,2563,200,queryById,ts-travel-service
1650497747,ts-ticketinfo-service,78e01d8b14ff9e6a,7605650211669dd7,13a43766ef300944,5585,200,GET,ts-ticketinfo-service
1650497747,ts-order-service,171aaa158c922f52,1c881ee3397b04d1,bb47209c4b8bcadd,3586,200,securityInfoCheck,ts-security-service
1650497747,ts-preserve-service,1bf190215d88149b,bb47209c4b8bcadd,bb47209c4b8bcadd,3668,200,GET,ts-preserve-service
1650497747,ts-route-service,701ff8137465171c,c4b79e666cf852e,13a43766ef300944,2656,200,queryById,ts-travel-service
1650497747,ts-travel-service,131b634d767b33f7,13a43766ef300944,13a43766ef300944,11397,200,GET,ts-travel-service
1650497747,ts-assurance-service,60019109853947e5,,60019109853947e5,1980,200,getAllAssuranceType,no_parent
1650497747,ts-security-service,4bb165dbb3fe4393,642afe1469f1ab9e,bb47209c4b8bcadd,15054,200,check,ts-preserve-service
1650497747,ts-preserve-service,bb47209c4b8bcadd,,bb47209c4b8bcadd,23588,200,preserve,no_parent
1650497747,ts-travel-service,13a43766ef300944,,13a43766ef300944,45886,200,queryInfo,no_parent
1650497747,ts-ticketinfo-service,2286fdfe43c2172b,ba714123da161f23,13a43766ef300944,7427,200,GET,ts-ticketinfo-service
1650497747,ts-ticketinfo-service,ba714123da161f23,131b634d767b33f7,13a43766ef300944,9834,200,queryForStationId,ts-travel-service
1650497747,ts-station-service,28e7a7509763a1a1,62f89beb33079089,13a43766ef300944,2444,200,queryForStationId,ts-basic-service
1650497747,ts-travel-service,acbbf41a6390ee68,13a43766ef300944,13a43766ef300944,8052,200,GET,ts-travel-service
1650497747,ts-ticketinfo-service,7605650211669dd7,acbbf41a6390ee68,13a43766ef300944,7584,200,queryForStationId,ts-travel-service
1650497747,ts-travel-service,812c1ff68d3fd056,13a43766ef300944,13a43766ef300944,2823,200,GET,ts-travel-service
1650497747,ts-basic-service,62f89beb33079089,77ccb6cca3bcc9ce,13a43766ef300944,3893,200,GET,ts-basic-service
1650497747,ts-basic-service,77ccb6cca3bcc9ce,2286fdfe43c2172b,13a43766ef300944,6363,200,queryForStationId,ts-ticketinfo-service
1650497747,ts-basic-service,1ff5b1547bd7e309,c3a688da2ca19750,13a43766ef300944,2757,200,GET,ts-basic-service
1650497747,ts-basic-service,c3a688da2ca19750,78e01d8b14ff9e6a,13a43766ef300944,4863,200,queryForStationId,ts-ticketinfo-service
1650497747,ts-station-service,534d68933827a16f,24c126988187705e,6f6bbec19b697f4e,8267,200,queryForNameBatch,ts-order-service
1650497747,ts-travel-service,e530e47be7296c0,13a43766ef300944,13a43766ef300944,4563,200,GET,ts-travel-service
1650497747,ts-travel-service,bc702acb303d027f,13a43766ef300944,13a43766ef300944,2689,200,GET,ts-travel-service
1650497747,ts-order-service,24c126988187705e,6f6bbec19b697f4e,6f6bbec19b697f4e,9669,200,POST,ts-order-service
1650497747,ts-order-service,6f6bbec19b697f4e,,6f6bbec19b697f4e,12920,200,queryOrdersForRefresh,no_parent
1650497747,ts-travel-service,385404bb9aa5d8ba,13a43766ef300944,13a43766ef300944,2676,200,GET,ts-travel-service
1650497747,ts-travel-service,c4b79e666cf852e,13a43766ef300944,13a43766ef300944,3090,200,GET,ts-travel-service
1650497747,ts-station-service,74bc54f844117851,1ff5b1547bd7e309,13a43766ef300944,2150,200,queryForStationId,ts-basic-service
1650497747,ts-auth-service,3a8f09b471b4c1fb,,3a8f09b471b4c1fb,107001,200,getToken,no_parent
1650497747,ts-auth-service,df60ea4e0fc63b85,3a8f09b471b4c1fb,3a8f09b471b4c1fb,3856,200,GET,ts-auth-service
1650497747,ts-verification-code-service,899cfb0b9e422168,,899cfb0b9e422168,3062,200,imageCode,no_parent
1650497747,ts-verification-code-service,5e1019bee2ff8230,df60ea4e0fc63b85,3a8f09b471b4c1fb,2141,200,verifyCode,ts-auth-service
1650497747,ts-contacts-service,731c0100769e6f8,,731c0100769e6f8,3186,200,findContactsByAccountId,no_parent
1650497807,ts-order-service,bb358b8ca84932a4,3889fc9e4292e24e,b0bdd94f715402ec,3467,200,securityInfoCheck,ts-security-service
1650497807,ts-preserve-service,ba491fd7177bec23,b0bdd94f715402ec,b0bdd94f715402ec,16631,200,GET,ts-preserve-service
1650497807,ts-security-service,3889fc9e4292e24e,91180e8ba1a99484,b0bdd94f715402ec,4922,200,GET,ts-security-service
1650497807,ts-security-service,fadd4f8b795c2ce4,91180e8ba1a99484,b0bdd94f715402ec,5025,200,GET,ts-security-service
1650497807,ts-security-service,91180e8ba1a99484,ba491fd7177bec23,b0bdd94f715402ec,14966,200,check,ts-preserve-service
1650497807,ts-contacts-service,c182233aa4eaaf35,7c9f21ddd8f07d33,b0bdd94f715402ec,2254,200,getContactsByContactsId,ts-preserve-service
1650497807,ts-order-service,a397ef728cf7e2c5,547d9ff6e0192d3d,547d9ff6e0192d3d,9155,200,POST,ts-order-service
1650497807,ts-station-service,dffee78053c668ae,a397ef728cf7e2c5,547d9ff6e0192d3d,7694,200,queryForNameBatch,ts-order-service
1650497807,ts-order-service,547d9ff6e0192d3d,,547d9ff6e0192d3d,12452,200,queryOrdersForRefresh,no_parent
1650497807,ts-order-other-service,3003135684a238c8,fadd4f8b795c2ce4,b0bdd94f715402ec,3610,200,securityInfoCheck,ts-security-service
1650497807,ts-preserve-service,7c9f21ddd8f07d33,b0bdd94f715402ec,b0bdd94f715402ec,3537,200,GET,ts-preserve-service
1650497807,ts-preserve-service,b0bdd94f715402ec,,b0bdd94f715402ec,23404,200,preserve,no_parent
1650497807,ts-contacts-service,3e3f0ad3e8b49dac,,3e3f0ad3e8b49dac,3261,200,findContactsByAccountId,no_parent
1650497807,ts-verification-code-service,5cb15730fff2c257,c3213bfbdacd57e6,3e0ad52fbeafc316,2412,200,verifyCode,ts-auth-service
1650497807,ts-auth-service,3e0ad52fbeafc316,,3e0ad52fbeafc316,110241,200,getToken,no_parent
1650497807,ts-auth-service,c3213bfbdacd57e6,3e0ad52fbeafc316,3e0ad52fbeafc316,4480,200,GET,ts-auth-service
1650497807,ts-verification-code-service,b80e4aefbfdd4e21,,b80e4aefbfdd4e21,3134,200,imageCode,no_parent
1650497808,ts-travel-service,fa5b606e88cf66e6,6ed4682e00568cd6,6ed4682e00568cd6,2564,200,GET,ts-travel-service
1650497808,ts-travel-service,2c08d84ad15e6f8,6ed4682e00568cd6,6ed4682e00568cd6,2855,200,GET,ts-travel-service
1650497808,ts-ticketinfo-service,751385907118d3fe,aecac96ad71e7360,6ed4682e00568cd6,5648,200,GET,ts-ticketinfo-service
1650497808,ts-travel-service,b58d848efc59f746,6ed4682e00568cd6,6ed4682e00568cd6,12001,200,GET,ts-travel-service
1650497808,ts-ticketinfo-service,aecac96ad71e7360,de6e2a47701657a0,6ed4682e00568cd6,7594,200,queryForStationId,ts-travel-service
1650497808,ts-travel-service,6ed4682e00568cd6,,6ed4682e00568cd6,51661,200,queryInfo,no_parent
1650497808,ts-travel-service,56489b2f9af554f1,6ed4682e00568cd6,6ed4682e00568cd6,2618,200,GET,ts-travel-service
1650497808,ts-travel-service,5fed9ec3fd3295f7,6ed4682e00568cd6,6ed4682e00568cd6,2574,200,GET,ts-travel-service
1650497808,ts-route-service,8a4978539a41444f,56489b2f9af554f1,6ed4682e00568cd6,2535,200,queryById,ts-travel-service
1650497808,ts-basic-service,4a30f609aac166e0,973a7aecf9acf3a1,6ed4682e00568cd6,5964,200,queryForStationId,ts-ticketinfo-service
1650497808,ts-basic-service,2191a4c43e35f41a,751385907118d3fe,6ed4682e00568cd6,4901,200,queryForStationId,ts-ticketinfo-service
1650497808,ts-basic-service,b899d4fd46a6961a,2191a4c43e35f41a,6ed4682e00568cd6,2756,200,GET,ts-basic-service
1650497808,ts-basic-service,9b2ae18f4d00786d,4a30f609aac166e0,6ed4682e00568cd6,3611,200,GET,ts-basic-service
1650497808,ts-ticketinfo-service,99cbbba9064012d8,b58d848efc59f746,6ed4682e00568cd6,9393,200,queryForStationId,ts-travel-service
1650497808,ts-travel-service,de6e2a47701657a0,6ed4682e00568cd6,6ed4682e00568cd6,8052,200,GET,ts-travel-service
1650497808,ts-route-service,9d231bc7ec3069c1,2c08d84ad15e6f8,6ed4682e00568cd6,2497,200,queryById,ts-travel-service
1650497808,ts-route-service,bbbb0b84e42e2431,fa5b606e88cf66e6,6ed4682e00568cd6,2447,200,queryById,ts-travel-service
1650497808,ts-ticketinfo-service,973a7aecf9acf3a1,99cbbba9064012d8,6ed4682e00568cd6,7149,200,GET,ts-ticketinfo-service
1650497808,ts-route-service,45a670237f5a460b,5fed9ec3fd3295f7,6ed4682e00568cd6,2530,200,queryById,ts-travel-service
1650497808,ts-travel-service,313f9278efe0e517,6ed4682e00568cd6,6ed4682e00568cd6,4325,200,GET,ts-travel-service
1650497808,ts-station-service,51f922b54ce224e4,9b2ae18f4d00786d,6ed4682e00568cd6,2416,200,queryForStationId,ts-basic-service
1650497808,ts-station-service,6efa8bac07f7d8e,b899d4fd46a6961a,6ed4682e00568cd6,2071,200,queryForStationId,ts-basic-service
1650497808,ts-route-service,2fb310381f8b7092,313f9278efe0e517,6ed4682e00568cd6,2919,200,queryById,ts-travel-service
1650497808,ts-assurance-service,237f3d465bf142c4,,237f3d465bf142c4,4342,200,getAllAssuranceType,no_parent
1650497868,ts-route-service,d8a2f05b92822325,f12584e92dfc7e14,e0c7e594ed5bf8ee,3064,200,queryById,ts-travel-service
1650497868,ts-route-service,221b051adb7fb342,462345783a353ebc,e0c7e594ed5bf8ee,14037,200,queryById,ts-travel-service
1650497868,ts-route-service,14a06eecfa38d306,d29345ee0e11243a,e0c7e594ed5bf8ee,2476,200,queryById,ts-travel-service
1650497868,ts-route-service,fa20ee817f606a9f,b852f158a2d19a6f,e0c7e594ed5bf8ee,2588,200,queryById,ts-travel-service
1650497868,ts-route-service,6b320f828a2c8a2e,e4f213dd1e59d06f,e0c7e594ed5bf8ee,2007,200,queryById,ts-travel-service
1650497868,ts-travel-service,4e57fe8c675bfcc7,e0c7e594ed5bf8ee,e0c7e594ed5bf8ee,11338,200,GET,ts-travel-service
1650497868,ts-travel-service,d29345ee0e11243a,e0c7e594ed5bf8ee,e0c7e594ed5bf8ee,2573,200,GET,ts-travel-service
1650497868,ts-travel-service,f12584e92dfc7e14,e0c7e594ed5bf8ee,e0c7e594ed5bf8ee,4019,200,GET,ts-travel-service
1650497868,ts-travel-service,b852f158a2d19a6f,e0c7e594ed5bf8ee,e0c7e594ed5bf8ee,2936,200,GET,ts-travel-service
1650497868,ts-travel-service,37a9efa05d3575eb,e0c7e594ed5bf8ee,e0c7e594ed5bf8ee,7997,200,GET,ts-travel-service
1650497868,ts-travel-service,e0c7e594ed5bf8ee,,e0c7e594ed5bf8ee,55686,200,queryInfo,no_parent
1650497868,ts-travel-service,462345783a353ebc,e0c7e594ed5bf8ee,e0c7e594ed5bf8ee,14119,200,GET,ts-travel-service
1650497868,ts-travel-service,e4f213dd1e59d06f,e0c7e594ed5bf8ee,e0c7e594ed5bf8ee,2131,200,GET,ts-travel-service
1650497868,ts-basic-service,65436dff1e335218,e05c238abae30971,e0c7e594ed5bf8ee,2749,200,GET,ts-basic-service
1650497868,ts-verification-code-service,c2c59c185900b681,e8f504c7116154d3,405188d79d85f8d9,2051,200,verifyCode,ts-auth-service
1650497868,ts-contacts-service,2cc144123d6f8b4b,,2cc144123d6f8b4b,2998,200,findContactsByAccountId,no_parent
1650497868,ts-preserve-service,d7255523d9bad997,8d39b57c03bb558f,8d39b57c03bb558f,3456,200,GET,ts-preserve-service
1650497868,ts-preserve-service,e560d1e957bf8e56,8d39b57c03bb558f,8d39b57c03bb558f,16520,200,GET,ts-preserve-service
1650497868,ts-preserve-service,8d39b57c03bb558f,,8d39b57c03bb558f,23151,200,preserve,no_parent
1650497868,ts-order-other-service,c678b166d6ed53e6,61989ef718536692,8d39b57c03bb558f,3610,200,securityInfoCheck,ts-security-service
1650497868,ts-security-service,623a81b40c03015b,b41be375373f894a,8d39b57c03bb558f,5048,200,GET,ts-security-service
1650497868,ts-security-service,61989ef718536692,b41be375373f894a,8d39b57c03bb558f,5146,200,GET,ts-security-service
1650497868,ts-security-service,b41be375373f894a,e560d1e957bf8e56,8d39b57c03bb558f,14931,200,check,ts-preserve-service
1650497868,ts-contacts-service,b7bdbda4d4bedec8,d7255523d9bad997,8d39b57c03bb558f,2102,200,getContactsByContactsId,ts-preserve-service
1650497868,ts-order-service,dd3f1eb97a75ca63,623a81b40c03015b,8d39b57c03bb558f,3527,200,securityInfoCheck,ts-security-service
1650497868,ts-basic-service,14f8f94125889e87,148126dd53201137,e0c7e594ed5bf8ee,3506,200,GET,ts-basic-service
1650497868,ts-ticketinfo-service,efd53567921f6724,ef83e739a0046bae,e0c7e594ed5bf8ee,5563,200,GET,ts-ticketinfo-service
1650497868,ts-ticketinfo-service,ef83e739a0046bae,37a9efa05d3575eb,e0c7e594ed5bf8ee,7528,200,queryForStationId,ts-travel-service
1650497868,ts-station-service,e21830fd7d07ffa9,14f8f94125889e87,e0c7e594ed5bf8ee,2437,200,queryForStationId,ts-basic-service
1650497868,ts-station-service,10687e6051201e23,65436dff1e335218,e0c7e594ed5bf8ee,2133,200,queryForStationId,ts-basic-service
1650497868,ts-basic-service,148126dd53201137,17d5cbdf22c58168,e0c7e594ed5bf8ee,5915,200,queryForStationId,ts-ticketinfo-service
1650497868,ts-assurance-service,a446a846a3eb1755,,a446a846a3eb1755,1877,200,getAllAssuranceType,no_parent
1650497868,ts-auth-service,e8f504c7116154d3,405188d79d85f8d9,405188d79d85f8d9,3761,200,GET,ts-auth-service
1650497868,ts-auth-service,405188d79d85f8d9,,405188d79d85f8d9,117790,200,getToken,no_parent
1650497868,ts-station-service,d91b214fd03de66f,12bcde4028290bd4,b25f23ac3412cb34,8564,200,queryForNameBatch,ts-order-service
1650497868,ts-order-service,12bcde4028290bd4,b25f23ac3412cb34,b25f23ac3412cb34,10027,200,POST,ts-order-service
1650497868,ts-order-service,b25f23ac3412cb34,,b25f23ac3412cb34,19213,200,queryOrdersForRefresh,no_parent
1650497868,ts-ticketinfo-service,8663e8b06ff8d27b,4e57fe8c675bfcc7,e0c7e594ed5bf8ee,9295,200,queryForStationId,ts-travel-service
1650497868,ts-basic-service,e05c238abae30971,efd53567921f6724,e0c7e594ed5bf8ee,4823,200,queryForStationId,ts-ticketinfo-service
1650497868,ts-ticketinfo-service,17d5cbdf22c58168,8663e8b06ff8d27b,e0c7e594ed5bf8ee,6978,200,GET,ts-ticketinfo-service
1650497868,ts-verification-code-service,219b46581dd7e440,,219b46581dd7e440,3191,200,imageCode,no_parent
1650497928,ts-auth-service,50b73c2afa56cda1,,50b73c2afa56cda1,113132,200,getToken,no_parent
1650497928,ts-verification-code-service,d3f64a3bdea54fb3,,d3f64a3bdea54fb3,3157,200,imageCode,no_parent
1650497928,ts-travel-service,e4a80f25ed15068e,b5034606dc14f54c,b5034606dc14f54c,2595,200,GET,ts-travel-service
1650497928,ts-travel-service,b5034606dc14f54c,,b5034606dc14f54c,44381,200,queryInfo,no_parent
1650497928,ts-travel-service,141902bcaf607dc3,b5034606dc14f54c,b5034606dc14f54c,7837,200,GET,ts-travel-service
1650497928,ts-travel-service,fadb3799b3b996ac,b5034606dc14f54c,b5034606dc14f54c,4363,200,GET,ts-travel-service
1650497928,ts-travel-service,b895341ac2454102,b5034606dc14f54c,b5034606dc14f54c,11068,200,GET,ts-travel-service
1650497928,ts-basic-service,c30bbf03621e738a,de3d0d1e213ba9be,b5034606dc14f54c,3460,200,GET,ts-basic-service
1650497928,ts-verification-code-service,c1452bfad46b35a7,eeab5b258b7a967f,50b73c2afa56cda1,2783,200,verifyCode,ts-auth-service
1650497928,ts-auth-service,eeab5b258b7a967f,50b73c2afa56cda1,50b73c2afa56cda1,4277,200,GET,ts-auth-service
1650497928,ts-route-service,8580ccc0ac9a0d57,fadb3799b3b996ac,b5034606dc14f54c,2984,200,queryById,ts-travel-service
1650497928,ts-route-service,8ce32623ec9f4115,e4a80f25ed15068e,b5034606dc14f54c,2520,200,queryById,ts-travel-service
1650497928,ts-route-service,90639980e14f19e6,8a4e312ebbbb8045,b5034606dc14f54c,2520,200,queryById,ts-travel-service
1650497928,ts-route-service,443bd91c9f4faeb4,afa56c3cf38d349d,b5034606dc14f54c,2570,200,queryById,ts-travel-service
1650497928,ts-travel-service,afa56c3cf38d349d,b5034606dc14f54c,b5034606dc14f54c,2952,200,GET,ts-travel-service
1650497928,ts-travel-service,8a4e312ebbbb8045,b5034606dc14f54c,b5034606dc14f54c,2598,200,GET,ts-travel-service
1650497928,ts-basic-service,8bafb81b0a41ea12,a81f3673f0358e87,b5034606dc14f54c,2735,200,GET,ts-basic-service
1650497928,ts-basic-service,a81f3673f0358e87,52cca437e92c53fa,b5034606dc14f54c,4727,200,queryForStationId,ts-ticketinfo-service
1650497928,ts-preserve-service,54851345f209baa,974fc0dc61a9b598,974fc0dc61a9b598,16732,200,GET,ts-preserve-service
1650497928,ts-preserve-service,44a0c64cf4518150,974fc0dc61a9b598,974fc0dc61a9b598,10492,200,GET,ts-preserve-service
1650497928,ts-preserve-service,974fc0dc61a9b598,,974fc0dc61a9b598,30745,200,preserve,no_parent
1650497928,ts-travel-service,5616192d205961ed,b5034606dc14f54c,b5034606dc14f54c,2618,200,GET,ts-travel-service
1650497928,ts-route-service,c2b8ce77e6a3b08a,5616192d205961ed,b5034606dc14f54c,2535,200,queryById,ts-travel-service
1650497928,ts-contacts-service,84e29137d7678a0d,44a0c64cf4518150,974fc0dc61a9b598,9093,200,getContactsByContactsId,ts-preserve-service
1650497928,ts-order-service,c95b9dac9a66d665,12b7aedc9e1dfd03,974fc0dc61a9b598,3531,200,securityInfoCheck,ts-security-service
1650497928,ts-order-other-service,8e98e461f2c54d8f,34f5cdd0fbfea0a2,974fc0dc61a9b598,3621,200,securityInfoCheck,ts-security-service
1650497928,ts-ticketinfo-service,edc94b3c033263ce,22f72a6daab68776,b5034606dc14f54c,7250,200,GET,ts-ticketinfo-service
1650497928,ts-security-service,12b7aedc9e1dfd03,c7c32378124470cb,974fc0dc61a9b598,5082,200,GET,ts-security-service
1650497928,ts-security-service,c7c32378124470cb,54851345f209baa,974fc0dc61a9b598,15173,200,check,ts-preserve-service
1650497928,ts-ticketinfo-service,50702b9ddf93015e,141902bcaf607dc3,b5034606dc14f54c,7391,200,queryForStationId,ts-travel-service
1650497928,ts-station-service,5caa6b86234fac06,8bafb81b0a41ea12,b5034606dc14f54c,2042,200,queryForStationId,ts-basic-service
1650497928,ts-station-service,6c05d0c78d6ad0ba,c30bbf03621e738a,b5034606dc14f54c,2473,200,queryForStationId,ts-basic-service
1650497928,ts-ticketinfo-service,22f72a6daab68776,b895341ac2454102,b5034606dc14f54c,9627,200,queryForStationId,ts-travel-service
1650497928,ts-ticketinfo-service,52cca437e92c53fa,50702b9ddf93015e,b5034606dc14f54c,5394,200,GET,ts-ticketinfo-service
1650497928,ts-basic-service,de3d0d1e213ba9be,edc94b3c033263ce,b5034606dc14f54c,5970,200,queryForStationId,ts-ticketinfo-service
1650497928,ts-security-service,34f5cdd0fbfea0a2,c7c32378124470cb,974fc0dc61a9b598,5041,200,GET,ts-security-service
1650497928,ts-station-service,ebf18a5775bf0bd9,2153154c54b71104,ad492d3adce4ad6a,8241,200,queryForNameBatch,ts-order-service
1650497928,ts-order-service,ad492d3adce4ad6a,,ad492d3adce4ad6a,12758,200,queryOrdersForRefresh,no_parent
1650497928,ts-order-service,2153154c54b71104,ad492d3adce4ad6a,ad492d3adce4ad6a,9683,200,POST,ts-order-service
1650497928,ts-assurance-service,c57efe9b0ff793b9,,c57efe9b0ff793b9,1852,200,getAllAssuranceType,no_parent
1650497928,ts-contacts-service,c9127cf623cd13be,,c9127cf623cd13be,3042,200,findContactsByAccountId,no_parent
1650497988,ts-station-service,84fd2152f2da4673,de4a27dec88453af,d2eeb515283626ae,2095,200,queryForStationId,ts-basic-service
1650497988,ts-route-service,7f1da6c7fa8500a2,24a9213c15e87e26,d2eeb515283626ae,3000,200,queryById,ts-travel-service
1650497988,ts-route-service,48efb0199f19dcad,6514a0f0a697a4ec,d2eeb515283626ae,2265,200,queryById,ts-travel-service
1650497988,ts-basic-service,84d31de00c105510,bf010008a6937622,d2eeb515283626ae,5728,200,queryForStationId,ts-ticketinfo-service
1650497988,ts-basic-service,ec16cabe857d4abd,492067feaf4742c4,d2eeb515283626ae,4654,200,queryForStationId,ts-ticketinfo-service
1650497988,ts-basic-service,66b28fcd98336bf4,84d31de00c105510,d2eeb515283626ae,3434,200,GET,ts-basic-service
1650497988,ts-ticketinfo-service,8599555889086341,e4bff5664c29286b,d2eeb515283626ae,9169,200,queryForStationId,ts-travel-service
1650497988,ts-ticketinfo-service,bf010008a6937622,8599555889086341,d2eeb515283626ae,6995,200,GET,ts-ticketinfo-service
1650497988,ts-basic-service,de4a27dec88453af,ec16cabe857d4abd,d2eeb515283626ae,2688,200,GET,ts-basic-service
1650497988,ts-auth-service,fe3bde96e38cd999,,fe3bde96e38cd999,109916,200,getToken,no_parent
1650497988,ts-verification-code-service,c43e1efebaba50e9,24c5357d37f01633,fe3bde96e38cd999,2026,200,verifyCode,ts-auth-service
1650497988,ts-contacts-service,8231c4908a7f69bc,22d1f646f1b5b8e5,4ebae430adaa2775,2512,200,getContactsByContactsId,ts-preserve-service
1650497988,ts-security-service,6650e4ba0fef4f9,1bb5324a58bd6f1,4ebae430adaa2775,4133,200,GET,ts-security-service
1650497988,ts-travel-service,6514a0f0a697a4ec,d2eeb515283626ae,d2eeb515283626ae,2738,200,GET,ts-travel-service
1650497988,ts-travel-service,6c83cba9e1e5b6da,d2eeb515283626ae,d2eeb515283626ae,7864,200,GET,ts-travel-service
1650497988,ts-travel-service,24a9213c15e87e26,d2eeb515283626ae,d2eeb515283626ae,4241,200,GET,ts-travel-service
1650497988,ts-order-other-service,60c45defd8548e57,ef61691e09b32498,4ebae430adaa2775,3503,200,securityInfoCheck,ts-security-service
1650497988,ts-travel-service,d2eeb515283626ae,,d2eeb515283626ae,44139,200,queryInfo,no_parent
1650497988,ts-station-service,28bd0ad94afaceb1,66b28fcd98336bf4,d2eeb515283626ae,2510,200,queryForStationId,ts-basic-service
1650497988,ts-security-service,ef61691e09b32498,1bb5324a58bd6f1,4ebae430adaa2775,4864,200,GET,ts-security-service
1650497988,ts-preserve-service,4ebae430adaa2775,,4ebae430adaa2775,22657,200,preserve,no_parent
1650497988,ts-preserve-service,22d1f646f1b5b8e5,4ebae430adaa2775,4ebae430adaa2775,3777,200,GET,ts-preserve-service
1650497988,ts-security-service,1bb5324a58bd6f1,428e65bc0d3e1186,4ebae430adaa2775,13829,200,check,ts-preserve-service
1650497988,ts-travel-service,e4bff5664c29286b,d2eeb515283626ae,d2eeb515283626ae,10521,200,GET,ts-travel-service
1650497988,ts-order-service,4ce47626858e9f31,6650e4ba0fef4f9,4ebae430adaa2775,2702,200,securityInfoCheck,ts-security-service
1650497988,ts-preserve-service,428e65bc0d3e1186,4ebae430adaa2775,4ebae430adaa2775,15511,200,GET,ts-preserve-service
1650497988,ts-ticketinfo-service,9dfe0c53be36088b,6c83cba9e1e5b6da,d2eeb515283626ae,7390,200,queryForStationId,ts-travel-service
1650497988,ts-ticketinfo-service,492067feaf4742c4,9dfe0c53be36088b,d2eeb515283626ae,5391,200,GET,ts-ticketinfo-service
1650497988,ts-station-service,4435bfe166b42caf,9ed627edd15b0e83,4d26906ac3a4fe75,8383,200,queryForNameBatch,ts-order-service
1650497988,ts-order-service,4d26906ac3a4fe75,,4d26906ac3a4fe75,13309,200,queryOrdersForRefresh,no_parent
1650497988,ts-order-service,9ed627edd15b0e83,4d26906ac3a4fe75,4d26906ac3a4fe75,9919,200,POST,ts-order-service
1650497988,ts-auth-service,24c5357d37f01633,fe3bde96e38cd999,fe3bde96e38cd999,3795,200,GET,ts-auth-service
1650497988,ts-contacts-service,8fc8ecf1a97ed90f,,8fc8ecf1a97ed90f,2858,200,findContactsByAccountId,no_parent
1650497988,ts-verification-code-service,50a5b0840ca84c36,,50a5b0840ca84c36,2994,200,imageCode,no_parent
1650497989,ts-route-service,5a1e80760469204d,59133443d96ec0a7,d2eeb515283626ae,2988,200,queryById,ts-travel-service
1650497989,ts-travel-service,59133443d96ec0a7,d2eeb515283626ae,d2eeb515283626ae,3148,200,GET,ts-travel-service
1650497989,ts-travel-service,5f0842dc86d9d218,d2eeb515283626ae,d2eeb515283626ae,2594,200,GET,ts-travel-service
1650497989,ts-travel-service,a62fd8ac1add4733,d2eeb515283626ae,d2eeb515283626ae,2249,200,GET,ts-travel-service
1650497989,ts-route-service,57e6c0574e0fa7c2,5f0842dc86d9d218,d2eeb515283626ae,2374,200,queryById,ts-travel-service
1650497989,ts-route-service,47c8d13ef0bb93fd,a62fd8ac1add4733,d2eeb515283626ae,2217,200,queryById,ts-travel-service
1650497989,ts-assurance-service,d0364569786d9a0f,,d0364569786d9a0f,1297,200,getAllAssuranceType,no_parent
1650498049,ts-verification-code-service,8f2f63a4f3201f09,,8f2f63a4f3201f09,3031,200,imageCode,no_parent
1650498049,ts-travel-service,6812e7581d9e3ee3,c339cca61a94fdea,c339cca61a94fdea,2325,200,GET,ts-travel-service
1650498049,ts-basic-service,78da00e0f419c245,9d7c19374b15cd4a,c339cca61a94fdea,6148,200,queryForStationId,ts-ticketinfo-service
1650498049,ts-basic-service,2a56b3821b48387c,481df9c50892b7d3,c339cca61a94fdea,2731,200,GET,ts-basic-service
1650498049,ts-basic-service,b64d13c10e96b297,78da00e0f419c245,c339cca61a94fdea,3684,200,GET,ts-basic-service
1650498049,ts-basic-service,481df9c50892b7d3,8369cab5d1b9f5cb,c339cca61a94fdea,4669,200,queryForStationId,ts-ticketinfo-service
1650498049,ts-auth-service,bcf3ff6b973cd0c5,,bcf3ff6b973cd0c5,103098,200,getToken,no_parent
1650498049,ts-ticketinfo-service,9d7c19374b15cd4a,e9d9db87037fb374,c339cca61a94fdea,7272,200,GET,ts-ticketinfo-service
1650498049,ts-ticketinfo-service,8369cab5d1b9f5cb,c4fc40c1b7300a51,c339cca61a94fdea,5390,200,GET,ts-ticketinfo-service
1650498049,ts-station-service,cae27bf68071ff67,2a56b3821b48387c,c339cca61a94fdea,2077,200,queryForStationId,ts-basic-service
1650498049,ts-station-service,330e81d485815bec,b64d13c10e96b297,c339cca61a94fdea,2482,200,queryForStationId,ts-basic-service
1650498049,ts-travel-service,c8971907852e6797,c339cca61a94fdea,c339cca61a94fdea,3970,200,GET,ts-travel-service
1650498049,ts-ticketinfo-service,e9d9db87037fb374,d0aa56caeb341038,c339cca61a94fdea,9503,200,queryForStationId,ts-travel-service
1650498049,ts-ticketinfo-service,c4fc40c1b7300a51,e43fbd93e1a37c11,c339cca61a94fdea,7373,200,queryForStationId,ts-travel-service
1650498049,ts-route-service,ed7015f5e5708ab1,66bc80d350d6440e,c339cca61a94fdea,2286,200,queryById,ts-travel-service
1650498049,ts-preserve-service,e52d6f71e91ff15b,23a3322fba920ba,23a3322fba920ba,15903,200,GET,ts-preserve-service
1650498049,ts-contacts-service,20e545d9b20f3c2b,,20e545d9b20f3c2b,2611,200,findContactsByAccountId,no_parent
1650498049,ts-order-service,67da2170c2f69812,99b16c7e1e78c2cd,23a3322fba920ba,3534,200,securityInfoCheck,ts-security-service
1650498049,ts-security-service,ca532cdbad5d9c3,e52d6f71e91ff15b,23a3322fba920ba,14216,200,check,ts-preserve-service
1650498049,ts-contacts-service,4ae25337b996aceb,a8257c52eaf37c63,23a3322fba920ba,1941,200,getContactsByContactsId,ts-preserve-service
1650498049,ts-preserve-service,a8257c52eaf37c63,23a3322fba920ba,23a3322fba920ba,3283,200,GET,ts-preserve-service
1650498049,ts-preserve-service,23a3322fba920ba,,23a3322fba920ba,22456,200,preserve,no_parent
1650498049,ts-order-other-service,7580bd5f0d4d96b8,3e80de6f1489778,23a3322fba920ba,3218,200,securityInfoCheck,ts-security-service
1650498049,ts-security-service,99b16c7e1e78c2cd,ca532cdbad5d9c3,23a3322fba920ba,5647,200,GET,ts-security-service
1650498049,ts-security-service,3e80de6f1489778,ca532cdbad5d9c3,23a3322fba920ba,4343,200,GET,ts-security-service
1650498049,ts-travel-service,e43fbd93e1a37c11,c339cca61a94fdea,c339cca61a94fdea,7828,200,GET,ts-travel-service
1650498049,ts-route-service,81669dabc62a5203,6812e7581d9e3ee3,c339cca61a94fdea,2267,200,queryById,ts-travel-service
1650498049,ts-route-service,c18b6f99ad384b68,799a0005d4f5ab9f,c339cca61a94fdea,2145,200,queryById,ts-travel-service
1650498049,ts-travel-service,d0aa56caeb341038,c339cca61a94fdea,c339cca61a94fdea,11077,200,GET,ts-travel-service
1650498049,ts-travel-service,66bc80d350d6440e,c339cca61a94fdea,c339cca61a94fdea,2600,200,GET,ts-travel-service
1650498049,ts-travel-service,30bdd07bf174ba74,c339cca61a94fdea,c339cca61a94fdea,2328,200,GET,ts-travel-service
1650498049,ts-order-service,7a578f5ef4a85528,2994c21dfdee3c17,2994c21dfdee3c17,9565,200,POST,ts-order-service
1650498049,ts-order-service,2994c21dfdee3c17,,2994c21dfdee3c17,12634,200,queryOrdersForRefresh,no_parent
1650498049,ts-travel-service,c339cca61a94fdea,,c339cca61a94fdea,42365,200,queryInfo,no_parent
1650498049,ts-assurance-service,774f5d55ff067890,,774f5d55ff067890,14717,200,getAllAssuranceType,no_parent
1650498049,ts-auth-service,9ad427a98b244576,bcf3ff6b973cd0c5,bcf3ff6b973cd0c5,3959,200,GET,ts-auth-service
1650498049,ts-verification-code-service,85913e06b5233a3d,9ad427a98b244576,bcf3ff6b973cd0c5,2215,200,verifyCode,ts-auth-service
1650498049,ts-travel-service,799a0005d4f5ab9f,c339cca61a94fdea,c339cca61a94fdea,2270,200,GET,ts-travel-service
1650498049,ts-station-service,6e2076e4dfd5c3d7,7a578f5ef4a85528,2994c21dfdee3c17,8154,200,queryForNameBatch,ts-order-service
1650498049,ts-route-service,5146bdeac9cd9f31,c8971907852e6797,c339cca61a94fdea,2692,200,queryById,ts-travel-service
1650498049,ts-route-service,a1062ed9ecf5667d,30bdd07bf174ba74,c339cca61a94fdea,2223,200,queryById,ts-travel-service
1650498109,ts-travel-service,b5b447f0832cf2b5,26e4ef5231954ec0,26e4ef5231954ec0,2998,200,GET,ts-travel-service
1650498109,ts-ticketinfo-service,36270aa133c551f0,509f33b7c83400a2,26e4ef5231954ec0,7558,200,queryForStationId,ts-travel-service
1650498109,ts-preserve-service,90929f7bc04ee5d0,,90929f7bc04ee5d0,24983,200,preserve,no_parent
1650498109,ts-ticketinfo-service,82dcc3eb6f8b80a,36270aa133c551f0,26e4ef5231954ec0,5514,200,GET,ts-ticketinfo-service
1650498109,ts-travel-service,509f33b7c83400a2,26e4ef5231954ec0,26e4ef5231954ec0,8003,200,GET,ts-travel-service
1650498109,ts-travel-service,26e4ef5231954ec0,,26e4ef5231954ec0,42735,200,queryInfo,no_parent
1650498109,ts-route-service,2677ec2d3f3b25c9,6a27e1549d534d93,26e4ef5231954ec0,2153,200,queryById,ts-travel-service
1650498109,ts-route-service,9e74afd434edb4a,b5b447f0832cf2b5,26e4ef5231954ec0,2523,200,queryById,ts-travel-service
1650498109,ts-verification-code-service,c2dfc02535fc2e8d,750b8b223c45bcde,eb2b00ca710628dc,1963,200,verifyCode,ts-auth-service
1650498109,ts-travel-service,7451cd38d00a864a,26e4ef5231954ec0,26e4ef5231954ec0,2348,200,GET,ts-travel-service
1650498109,ts-order-service,2319ebe57c20fe25,,2319ebe57c20fe25,13510,200,queryOrdersForRefresh,no_parent
1650498109,ts-station-service,65d994db9c48765e,2fa3f9c16b6d5c56,2319ebe57c20fe25,8708,200,queryForNameBatch,ts-order-service
1650498109,ts-security-service,d3c2a9ca4ff6f1c9,d7f1687febbb2003,90929f7bc04ee5d0,4912,200,GET,ts-security-service
1650498109,ts-station-service,ef4d97f0b23b5b66,35882c9d957445e9,26e4ef5231954ec0,2365,200,queryForStationId,ts-basic-service
1650498109,ts-contacts-service,ea36a2f381d35196,,ea36a2f381d35196,3010,200,findContactsByAccountId,no_parent
1650498109,ts-security-service,d7f1687febbb2003,887994007c4961b1,90929f7bc04ee5d0,15039,200,check,ts-preserve-service
1650498109,ts-security-service,16a6e95d12ddef30,d7f1687febbb2003,90929f7bc04ee5d0,5038,200,GET,ts-security-service
1650498109,ts-contacts-service,75a477c7c82cbbc,259c4a22afb0b4c2,90929f7bc04ee5d0,2431,200,getContactsByContactsId,ts-preserve-service
1650498109,ts-order-service,76fe2906762b7975,d3c2a9ca4ff6f1c9,90929f7bc04ee5d0,3515,200,securityInfoCheck,ts-security-service
1650498109,ts-preserve-service,259c4a22afb0b4c2,90929f7bc04ee5d0,90929f7bc04ee5d0,5165,200,GET,ts-preserve-service
1650498109,ts-route-service,860c2828c18e9b3,7451cd38d00a864a,26e4ef5231954ec0,2212,200,queryById,ts-travel-service
1650498109,ts-preserve-service,887994007c4961b1,90929f7bc04ee5d0,90929f7bc04ee5d0,16557,200,GET,ts-preserve-service
1650498109,ts-basic-service,8a47ee363e08d77,400b1691f9b21fbb,26e4ef5231954ec0,2774,200,GET,ts-basic-service
1650498109,ts-basic-service,400b1691f9b21fbb,82dcc3eb6f8b80a,26e4ef5231954ec0,4782,200,queryForStationId,ts-ticketinfo-service
1650498109,ts-station-service,e59842f01357e1e2,8a47ee363e08d77,26e4ef5231954ec0,2088,200,queryForStationId,ts-basic-service
1650498109,ts-auth-service,750b8b223c45bcde,eb2b00ca710628dc,eb2b00ca710628dc,3665,200,GET,ts-auth-service
1650498109,ts-auth-service,eb2b00ca710628dc,,eb2b00ca710628dc,113840,200,getToken,no_parent
1650498109,ts-ticketinfo-service,58a568b6caa94a8a,8d7f9b69ac6ce727,26e4ef5231954ec0,9013,200,queryForStationId,ts-travel-service
1650498109,ts-travel-service,6a27e1549d534d93,26e4ef5231954ec0,26e4ef5231954ec0,2319,200,GET,ts-travel-service
1650498109,ts-travel-service,8d7f9b69ac6ce727,26e4ef5231954ec0,26e4ef5231954ec0,10432,200,GET,ts-travel-service
1650498109,ts-travel-service,322ab2f719f4fc0b,26e4ef5231954ec0,26e4ef5231954ec0,2370,200,GET,ts-travel-service
1650498109,ts-travel-service,649f0f2f2cc16c7c,26e4ef5231954ec0,26e4ef5231954ec0,3857,200,GET,ts-travel-service
1650498109,ts-route-service,6dbccb313a7988fe,649f0f2f2cc16c7c,26e4ef5231954ec0,2597,200,queryById,ts-travel-service
1650498109,ts-route-service,f92185ab50ea7c79,322ab2f719f4fc0b,26e4ef5231954ec0,2195,200,queryById,ts-travel-service
1650498109,ts-ticketinfo-service,b0800ed6159d7f80,58a568b6caa94a8a,26e4ef5231954ec0,7002,200,GET,ts-ticketinfo-service
1650498109,ts-basic-service,35882c9d957445e9,30d3a5d4e10175ec,26e4ef5231954ec0,3494,200,GET,ts-basic-service
1650498109,ts-assurance-service,58b63059532f6c,,58b63059532f6c,1877,200,getAllAssuranceType,no_parent
1650498109,ts-order-other-service,ae2c11de4148a2bd,16a6e95d12ddef30,90929f7bc04ee5d0,3648,200,securityInfoCheck,ts-security-service
1650498109,ts-order-service,2fa3f9c16b6d5c56,2319ebe57c20fe25,2319ebe57c20fe25,10095,200,POST,ts-order-service
1650498109,ts-basic-service,30d3a5d4e10175ec,b0800ed6159d7f80,26e4ef5231954ec0,5949,200,queryForStationId,ts-ticketinfo-service
1650498109,ts-verification-code-service,9fd187315536f1b6,,9fd187315536f1b6,3034,200,imageCode,no_parent
1650498169,ts-travel-service,be6cc286aa9f664c,600e6a389514a75,600e6a389514a75,18196,200,GET,ts-travel-service
1650498169,ts-travel-service,e3626089516dcde5,600e6a389514a75,600e6a389514a75,8287,200,GET,ts-travel-service
1650498169,ts-basic-service,22a84b2e7d78ef81,8dcaefbb39dfd5fc,600e6a389514a75,13232,200,queryForStationId,ts-ticketinfo-service
1650498169,ts-order-other-service,a3ead93c37bd92e7,bc351fc33be6c216,4aae327ec50d42cc,3728,200,securityInfoCheck,ts-security-service
1650498169,ts-travel-service,c85bb1a2d46dc9ff,600e6a389514a75,600e6a389514a75,3952,200,GET,ts-travel-service
1650498169,ts-order-service,9c457b009d80c6a0,a875557f690f459,a875557f690f459,9690,200,POST,ts-order-service
1650498169,ts-order-service,a875557f690f459,,a875557f690f459,12934,200,queryOrdersForRefresh,no_parent
1650498169,ts-basic-service,89ea4f2d41365d09,fd98d4176177a38f,600e6a389514a75,5041,200,queryForStationId,ts-ticketinfo-service
1650498169,ts-station-service,17d9a57e4b158092,4f760a02146119d4,600e6a389514a75,2620,200,queryForStationId,ts-basic-service
1650498169,ts-route-service,3459829edac19729,c85bb1a2d46dc9ff,600e6a389514a75,2666,200,queryById,ts-travel-service
1650498169,ts-station-service,d2721935f3759a0a,799d475e8a430266,600e6a389514a75,2271,200,queryForStationId,ts-basic-service
1650498169,ts-route-service,f6561f0fccbba89,af252d80721a06ad,600e6a389514a75,2550,200,queryById,ts-travel-service
1650498169,ts-station-service,bc602639dc9e6cd0,9c457b009d80c6a0,a875557f690f459,8183,200,queryForNameBatch,ts-order-service
1650498169,ts-basic-service,4f760a02146119d4,22a84b2e7d78ef81,600e6a389514a75,10650,200,GET,ts-basic-service
1650498169,ts-preserve-service,2bcf61c0c6947cab,4aae327ec50d42cc,4aae327ec50d42cc,3730,200,GET,ts-preserve-service
1650498169,ts-travel-service,4a2c2a9e50848033,600e6a389514a75,600e6a389514a75,2223,200,GET,ts-travel-service
1650498169,ts-travel-service,58a5db9c1f55b65c,600e6a389514a75,600e6a389514a75,2270,200,GET,ts-travel-service
1650498169,ts-travel-service,600e6a389514a75,,600e6a389514a75,50661,200,queryInfo,no_parent
1650498169,ts-travel-service,af252d80721a06ad,600e6a389514a75,600e6a389514a75,3026,200,GET,ts-travel-service
1650498169,ts-travel-service,f64e4f8082229fa0,600e6a389514a75,600e6a389514a75,2254,200,GET,ts-travel-service
1650498169,ts-contacts-service,ab31178567ae0806,,ab31178567ae0806,3277,200,findContactsByAccountId,no_parent
1650498169,ts-contacts-service,13920673f34e1853,2bcf61c0c6947cab,4aae327ec50d42cc,2288,200,getContactsByContactsId,ts-preserve-service
1650498169,ts-preserve-service,4aae327ec50d42cc,,4aae327ec50d42cc,23261,200,preserve,no_parent
1650498169,ts-preserve-service,90f3708e094984cc,4aae327ec50d42cc,4aae327ec50d42cc,16224,200,GET,ts-preserve-service
1650498169,ts-security-service,2fb2dba127cc384a,71d82d604bd19b44,4aae327ec50d42cc,4864,200,GET,ts-security-service
1650498169,ts-order-service,3b191031db8aab29,2fb2dba127cc384a,4aae327ec50d42cc,3562,200,securityInfoCheck,ts-security-service
1650498169,ts-security-service,71d82d604bd19b44,90f3708e094984cc,4aae327ec50d42cc,15072,200,check,ts-preserve-service
1650498169,ts-security-service,bc351fc33be6c216,71d82d604bd19b44,4aae327ec50d42cc,5048,200,GET,ts-security-service
1650498169,ts-ticketinfo-service,8dcaefbb39dfd5fc,4b505ac9c4ac9b8c,600e6a389514a75,14302,200,GET,ts-ticketinfo-service
1650498169,ts-ticketinfo-service,4b505ac9c4ac9b8c,be6cc286aa9f664c,600e6a389514a75,16578,200,queryForStationId,ts-travel-service
1650498169,ts-ticketinfo-service,fd98d4176177a38f,2bcfe5701ff296e3,600e6a389514a75,5739,200,GET,ts-ticketinfo-service
1650498169,ts-ticketinfo-service,2bcfe5701ff296e3,e3626089516dcde5,600e6a389514a75,7799,200,queryForStationId,ts-travel-service
1650498169,ts-route-service,b550936a649abca8,4a2c2a9e50848033,600e6a389514a75,2122,200,queryById,ts-travel-service
1650498169,ts-basic-service,799d475e8a430266,89ea4f2d41365d09,600e6a389514a75,3024,200,GET,ts-basic-service
1650498169,ts-assurance-service,f3a65ac248402105,,f3a65ac248402105,1860,200,getAllAssuranceType,no_parent
1650498169,ts-route-service,18b1d4183c7a2149,f64e4f8082229fa0,600e6a389514a75,2175,200,queryById,ts-travel-service
1650498169,ts-route-service,b91bcec0ee4804e3,58a5db9c1f55b65c,600e6a389514a75,2130,200,queryById,ts-travel-service
1650498169,ts-auth-service,c2718fe45118ab5b,3a4396fcd9623d8d,3a4396fcd9623d8d,3735,200,GET,ts-auth-service
1650498169,ts-verification-code-service,f426aa04ec8fd2ba,c2718fe45118ab5b,3a4396fcd9623d8d,1970,200,verifyCode,ts-auth-service
1650498169,ts-auth-service,3a4396fcd9623d8d,,3a4396fcd9623d8d,116482,200,getToken,no_parent
1650498169,ts-verification-code-service,d5feb32c84226786,,d5feb32c84226786,3046,200,imageCode,no_parent
1650498229,ts-contacts-service,510ed9bb15a59faa,,510ed9bb15a59faa,2987,200,findContactsByAccountId,no_parent
1650498230,ts-travel-service,2d0e578b080b9428,eb76218ad6afff8b,eb76218ad6afff8b,2021,200,GET,ts-travel-service
1650498230,ts-travel-service,d5cad40e3dcee84d,eb76218ad6afff8b,eb76218ad6afff8b,1993,200,GET,ts-travel-service
1650498230,ts-verification-code-service,33562af8665d5276,e24d3861b026f8e,7b7306ffcbd0eebc,1560,200,verifyCode,ts-auth-service
1650498230,ts-auth-service,7b7306ffcbd0eebc,,7b7306ffcbd0eebc,110786,200,getToken,no_parent
1650498230,ts-auth-service,e24d3861b026f8e,7b7306ffcbd0eebc,7b7306ffcbd0eebc,3712,200,GET,ts-auth-service
1650498230,ts-travel-service,805ba70e17fe979c,eb76218ad6afff8b,eb76218ad6afff8b,2223,200,GET,ts-travel-service
1650498230,ts-travel-service,c18377b0f8f121b6,eb76218ad6afff8b,eb76218ad6afff8b,15571,200,GET,ts-travel-service
1650498230,ts-travel-service,b45572daf63fffcb,eb76218ad6afff8b,eb76218ad6afff8b,7875,200,GET,ts-travel-service
1650498230,ts-basic-service,854b333423027938,49c7e2a058848acb,eb76218ad6afff8b,6233,200,queryForStationId,ts-ticketinfo-service
1650498230,ts-basic-service,950cd1275f99b030,f31d68f95be1aae0,eb76218ad6afff8b,2837,200,GET,ts-basic-service
1650498230,ts-basic-service,f0137714a6a454e4,854b333423027938,eb76218ad6afff8b,3705,200,GET,ts-basic-service
1650498230,ts-route-service,205382141cfe62d8,2d0e578b080b9428,eb76218ad6afff8b,1880,200,queryById,ts-travel-service
1650498230,ts-route-service,2215c97f05ac641c,c18377b0f8f121b6,eb76218ad6afff8b,2575,200,queryById,ts-travel-service
1650498230,ts-route-service,ac9147ce3c4c06c4,805ba70e17fe979c,eb76218ad6afff8b,2119,200,queryById,ts-travel-service
1650498230,ts-route-service,ddcf0178877f4133,c2e51369e058c7be,eb76218ad6afff8b,2092,200,queryById,ts-travel-service
1650498230,ts-travel-service,bdc2cc68c4c338e2,eb76218ad6afff8b,eb76218ad6afff8b,11408,200,GET,ts-travel-service
1650498230,ts-travel-service,c2e51369e058c7be,eb76218ad6afff8b,eb76218ad6afff8b,2468,200,GET,ts-travel-service
1650498230,ts-ticketinfo-service,b23bd376b5c4078a,7cec0bb2cc96bea6,eb76218ad6afff8b,5473,200,GET,ts-ticketinfo-service
1650498230,ts-preserve-service,77822259948eca38,,77822259948eca38,24407,200,preserve,no_parent
1650498230,ts-order-other-service,a7090ec992448251,8f2c8206ff35e580,77822259948eca38,2618,200,securityInfoCheck,ts-security-service
1650498230,ts-security-service,7f7476e1ffbb3724,f6069781278636b0,77822259948eca38,5332,200,GET,ts-security-service
1650498230,ts-security-service,8f2c8206ff35e580,f6069781278636b0,77822259948eca38,4052,200,GET,ts-security-service
1650498230,ts-ticketinfo-service,7cec0bb2cc96bea6,b45572daf63fffcb,eb76218ad6afff8b,7450,200,queryForStationId,ts-travel-service
1650498230,ts-basic-service,f31d68f95be1aae0,b23bd376b5c4078a,eb76218ad6afff8b,4780,200,queryForStationId,ts-ticketinfo-service
1650498230,ts-ticketinfo-service,49c7e2a058848acb,41f8fa5ebe464d1e,eb76218ad6afff8b,7456,200,GET,ts-ticketinfo-service
1650498230,ts-ticketinfo-service,41f8fa5ebe464d1e,bdc2cc68c4c338e2,eb76218ad6afff8b,9728,200,queryForStationId,ts-travel-service
1650498230,ts-station-service,b589f103a17fdaf7,f0137714a6a454e4,eb76218ad6afff8b,2572,200,queryForStationId,ts-basic-service
1650498230,ts-travel-service,eb76218ad6afff8b,,eb76218ad6afff8b,52943,200,queryInfo,no_parent
1650498230,ts-security-service,f6069781278636b0,8e782c425d3b1e41,77822259948eca38,14975,200,check,ts-preserve-service
1650498230,ts-contacts-service,98cbebce0b175fb9,bde724063ae29aaa,77822259948eca38,2148,200,getContactsByContactsId,ts-preserve-service
1650498230,ts-order-service,642e7754685c8ce5,,642e7754685c8ce5,12354,200,queryOrdersForRefresh,no_parent
1650498230,ts-order-service,50b9d815057e842f,642e7754685c8ce5,642e7754685c8ce5,8194,200,POST,ts-order-service
1650498230,ts-station-service,3b2486fcb02395bc,50b9d815057e842f,642e7754685c8ce5,6445,200,queryForNameBatch,ts-order-service
1650498230,ts-assurance-service,cd4ebde2313489c8,,cd4ebde2313489c8,1888,200,getAllAssuranceType,no_parent
1650498230,ts-preserve-service,8e782c425d3b1e41,77822259948eca38,77822259948eca38,16827,200,GET,ts-preserve-service
1650498230,ts-preserve-service,bde724063ae29aaa,77822259948eca38,77822259948eca38,3824,200,GET,ts-preserve-service
1650498230,ts-order-service,8134b72a15b9c519,7f7476e1ffbb3724,77822259948eca38,3631,200,securityInfoCheck,ts-security-service
1650498230,ts-route-service,6cd0fd54cf8d91c6,d5cad40e3dcee84d,eb76218ad6afff8b,1880,200,queryById,ts-travel-service
1650498230,ts-station-service,68bdef21c6001eae,950cd1275f99b030,eb76218ad6afff8b,2158,200,queryForStationId,ts-basic-service
1650498230,ts-verification-code-service,d8d652128b0a728c,,d8d652128b0a728c,3044,200,imageCode,no_parent
1650498290,ts-auth-service,556cfe51c77efad3,384e2c8419dbbfdf,384e2c8419dbbfdf,3783,200,GET,ts-auth-service
1650498290,ts-verification-code-service,93a8b8e93d8947d1,556cfe51c77efad3,384e2c8419dbbfdf,1957,200,verifyCode,ts-auth-service
1650498290,ts-travel-service,c942ab75539d32f9,7c2457f2780d194,7c2457f2780d194,2567,200,GET,ts-travel-service
1650498290,ts-verification-code-service,8f657d723f2b7103,,8f657d723f2b7103,2949,200,imageCode,no_parent
1650498290,ts-auth-service,384e2c8419dbbfdf,,384e2c8419dbbfdf,108423,200,getToken,no_parent
1650498290,ts-order-service,d15f2498351e02e1,9791e89e6ebc092b,7b06d55032e315b7,3550,200,securityInfoCheck,ts-security-service
1650498290,ts-security-service,21310460c5a573f6,6ed6b9667b1c891c,7b06d55032e315b7,4918,200,GET,ts-security-service
1650498290,ts-basic-service,ae927b3f25827fad,6dc2d6b3ceabf445,7c2457f2780d194,3928,200,GET,ts-basic-service
1650498290,ts-basic-service,6dc2d6b3ceabf445,9b43ab38d72cdd00,7c2457f2780d194,6536,200,queryForStationId,ts-ticketinfo-service
1650498290,ts-basic-service,bf3236bab6f299df,cfb56db9e31c077c,7c2457f2780d194,4572,200,queryForStationId,ts-ticketinfo-service
1650498290,ts-contacts-service,43eafc0dd6f79e7f,ef3006ddeab78ff8,7b06d55032e315b7,2301,200,getContactsByContactsId,ts-preserve-service
1650498290,ts-security-service,9791e89e6ebc092b,6ed6b9667b1c891c,7b06d55032e315b7,4974,200,GET,ts-security-service
1650498290,ts-ticketinfo-service,cfb56db9e31c077c,235befebc75fe780,7c2457f2780d194,5227,200,GET,ts-ticketinfo-service
1650498290,ts-ticketinfo-service,235befebc75fe780,613a5cf4d8deadd2,7c2457f2780d194,7212,200,queryForStationId,ts-travel-service
1650498290,ts-station-service,19fe43ccd9f68306,ae927b3f25827fad,7c2457f2780d194,2683,200,queryForStationId,ts-basic-service
1650498290,ts-travel-service,2f1929748d30c1ff,7c2457f2780d194,7c2457f2780d194,4031,200,GET,ts-travel-service
1650498290,ts-travel-service,5ff5050c283161bf,7c2457f2780d194,7c2457f2780d194,11529,200,GET,ts-travel-service
1650498290,ts-travel-service,2a980ff21bc4effa,7c2457f2780d194,7c2457f2780d194,2753,200,GET,ts-travel-service
1650498290,ts-travel-service,613a5cf4d8deadd2,7c2457f2780d194,7c2457f2780d194,7699,200,GET,ts-travel-service
1650498290,ts-route-service,2bb6d2facb10e648,c942ab75539d32f9,7c2457f2780d194,2121,200,queryById,ts-travel-service
1650498290,ts-station-service,434b1c9668d88b82,bfc76e9a9550e32c,35a29d40a01e0407,7251,200,queryForNameBatch,ts-order-service
1650498290,ts-route-service,7f40057d5b1c79a0,d20859bdeeb88261,7c2457f2780d194,2196,200,queryById,ts-travel-service
1650498290,ts-route-service,7e34f68be26b4308,2a980ff21bc4effa,7c2457f2780d194,2570,200,queryById,ts-travel-service
1650498290,ts-order-service,35a29d40a01e0407,,35a29d40a01e0407,11779,200,queryOrdersForRefresh,no_parent
1650498290,ts-order-service,bfc76e9a9550e32c,35a29d40a01e0407,35a29d40a01e0407,8768,200,POST,ts-order-service
1650498290,ts-preserve-service,e6b6a051b00baf81,7b06d55032e315b7,7b06d55032e315b7,16551,200,GET,ts-preserve-service
1650498290,ts-preserve-service,ef3006ddeab78ff8,7b06d55032e315b7,7b06d55032e315b7,3598,200,GET,ts-preserve-service
1650498290,ts-preserve-service,7b06d55032e315b7,,7b06d55032e315b7,23477,200,preserve,no_parent
1650498290,ts-order-other-service,ac5118b6a42e9139,21310460c5a573f6,7b06d55032e315b7,3565,200,securityInfoCheck,ts-security-service
1650498290,ts-basic-service,71348d5e7f1ac6c4,bf3236bab6f299df,7c2457f2780d194,2801,200,GET,ts-basic-service
1650498290,ts-ticketinfo-service,9b43ab38d72cdd00,22c4c644927d676f,7c2457f2780d194,7603,200,GET,ts-ticketinfo-service
1650498290,ts-ticketinfo-service,22c4c644927d676f,5ff5050c283161bf,7c2457f2780d194,10019,200,queryForStationId,ts-travel-service
1650498290,ts-travel-service,d20859bdeeb88261,7c2457f2780d194,7c2457f2780d194,2359,200,GET,ts-travel-service
1650498290,ts-station-service,64e4e4050bf504ca,71348d5e7f1ac6c4,7c2457f2780d194,2261,200,queryForStationId,ts-basic-service
1650498290,ts-contacts-service,7b1384c96293202b,,7b1384c96293202b,3129,200,findContactsByAccountId,no_parent
1650498290,ts-travel-service,e1c1326029b478ad,7c2457f2780d194,7c2457f2780d194,2343,200,GET,ts-travel-service
1650498290,ts-security-service,6ed6b9667b1c891c,e6b6a051b00baf81,7b06d55032e315b7,14809,200,check,ts-preserve-service
1650498290,ts-assurance-service,78d94401dcdfb91a,,78d94401dcdfb91a,1857,200,getAllAssuranceType,no_parent
1650498290,ts-route-service,25daaa74bd1b12cd,2f1929748d30c1ff,7c2457f2780d194,2631,200,queryById,ts-travel-service
1650498290,ts-travel-service,7c2457f2780d194,,7c2457f2780d194,43247,200,queryInfo,no_parent
1650498290,ts-route-service,35fd734dcae822b1,e1c1326029b478ad,7c2457f2780d194,2214,200,queryById,ts-travel-service
1650498350,ts-basic-service,46615178d2f3be37,709013d3db23188a,1525197d0f259e84,3440,200,GET,ts-basic-service
1650498350,ts-travel-service,e6198f37430e91d1,1525197d0f259e84,1525197d0f259e84,2662,200,GET,ts-travel-service
1650498350,ts-travel-service,89c5900cc661523e,1525197d0f259e84,1525197d0f259e84,2370,200,GET,ts-travel-service
1650498350,ts-route-service,3222dfffe161dc69,b5bdf38e3f4cbc7,1525197d0f259e84,2157,200,queryById,ts-travel-service
1650498350,ts-route-service,142ca1dcd1a30a93,e6198f37430e91d1,1525197d0f259e84,2211,200,queryById,ts-travel-service
1650498350,ts-route-service,25eb9aeefa54ddbe,5faeb77219f6667c,1525197d0f259e84,9640,200,queryById,ts-travel-service
1650498350,ts-travel-service,7a6db3396fab3976,1525197d0f259e84,1525197d0f259e84,4152,200,GET,ts-travel-service
1650498350,ts-travel-service,1525197d0f259e84,,1525197d0f259e84,50677,200,queryInfo,no_parent
1650498350,ts-travel-service,5faeb77219f6667c,1525197d0f259e84,1525197d0f259e84,9682,200,GET,ts-travel-service
1650498350,ts-travel-service,b5bdf38e3f4cbc7,1525197d0f259e84,1525197d0f259e84,2303,200,GET,ts-travel-service
1650498350,ts-preserve-service,536d82b53b47f758,,536d82b53b47f758,18914,200,preserve,no_parent
1650498350,ts-order-other-service,aa7c087a082e32bb,ccbf418463d97c5e,536d82b53b47f758,2193,200,securityInfoCheck,ts-security-service
1650498350,ts-security-service,ccbf418463d97c5e,381053469965287c,536d82b53b47f758,3283,200,GET,ts-security-service
1650498350,ts-ticketinfo-service,b1cfc1b84aec19b5,b4da347cf3a71630,1525197d0f259e84,7520,200,queryForStationId,ts-travel-service
1650498350,ts-station-service,bc12e41535083846,46615178d2f3be37,1525197d0f259e84,2360,200,queryForStationId,ts-basic-service
1650498350,ts-station-service,450bf44d8b1f33ac,5dd3a85eaa8f5da3,1525197d0f259e84,2092,200,queryForStationId,ts-basic-service
1650498350,ts-travel-service,8e6f26a9df8928e1,1525197d0f259e84,1525197d0f259e84,11121,200,GET,ts-travel-service
1650498350,ts-ticketinfo-service,ec5e67fb98e42801,b1cfc1b84aec19b5,1525197d0f259e84,5358,200,GET,ts-ticketinfo-service
1650498350,ts-order-service,9e58d66453873ac4,7fef7ed7ffe329b1,7fef7ed7ffe329b1,9455,200,POST,ts-order-service
1650498350,ts-basic-service,709013d3db23188a,55aa634ae26cd90a,1525197d0f259e84,5902,200,queryForStationId,ts-ticketinfo-service
1650498350,ts-basic-service,6b9de1d5f8678f90,ec5e67fb98e42801,1525197d0f259e84,4666,200,queryForStationId,ts-ticketinfo-service
1650498350,ts-basic-service,5dd3a85eaa8f5da3,6b9de1d5f8678f90,1525197d0f259e84,2770,200,GET,ts-basic-service
1650498350,ts-order-service,7fef7ed7ffe329b1,,7fef7ed7ffe329b1,12840,200,queryOrdersForRefresh,no_parent
1650498350,ts-station-service,ba4cba2b49fe976e,9e58d66453873ac4,7fef7ed7ffe329b1,7981,200,queryForNameBatch,ts-order-service
1650498350,ts-route-service,897bec36af9fbe3,7a6db3396fab3976,1525197d0f259e84,2805,200,queryById,ts-travel-service
1650498350,ts-travel-service,b4da347cf3a71630,1525197d0f259e84,1525197d0f259e84,8023,200,GET,ts-travel-service
1650498350,ts-security-service,381053469965287c,b09ecbd604c0b1bf,536d82b53b47f758,11781,200,check,ts-preserve-service
1650498350,ts-route-service,9355863235a70b79,89c5900cc661523e,1525197d0f259e84,2219,200,queryById,ts-travel-service
1650498350,ts-contacts-service,6153e519fe5fbe8a,620dfef946fb2ff8,536d82b53b47f758,2087,200,getContactsByContactsId,ts-preserve-service
1650498350,ts-order-service,2109fd1d289117d6,824bbdc00a8bf1da,536d82b53b47f758,3328,200,securityInfoCheck,ts-security-service
1650498350,ts-security-service,824bbdc00a8bf1da,381053469965287c,536d82b53b47f758,4428,200,GET,ts-security-service
1650498350,ts-ticketinfo-service,55aa634ae26cd90a,9951422dab238902,1525197d0f259e84,7138,200,GET,ts-ticketinfo-service
1650498350,ts-ticketinfo-service,9951422dab238902,8e6f26a9df8928e1,1525197d0f259e84,9527,200,queryForStationId,ts-travel-service
1650498350,ts-assurance-service,f3d3a85eb115a6b0,,f3d3a85eb115a6b0,1835,200,getAllAssuranceType,no_parent
1650498350,ts-auth-service,eb9053a99803182f,d3949365b67090a9,d3949365b67090a9,3793,200,GET,ts-auth-service
1650498350,ts-auth-service,d3949365b67090a9,,d3949365b67090a9,106310,200,getToken,no_parent
1650498350,ts-verification-code-service,5f3d648cb7c3a8d8,eb9053a99803182f,d3949365b67090a9,2086,200,verifyCode,ts-auth-service
1650498350,ts-preserve-service,b09ecbd604c0b1bf,536d82b53b47f758,536d82b53b47f758,13209,200,GET,ts-preserve-service
1650498350,ts-preserve-service,620dfef946fb2ff8,536d82b53b47f758,536d82b53b47f758,3121,200,GET,ts-preserve-service
1650498350,ts-contacts-service,bdedd35af17da1d4,,bdedd35af17da1d4,2943,200,findContactsByAccountId,no_parent
1650498350,ts-verification-code-service,af2d163361b5f75f,,af2d163361b5f75f,2982,200,imageCode,no_parent
1650498410,ts-preserve-service,af7e1e7e6757ff0f,a1d3724144c6d43a,a1d3724144c6d43a,16498,200,GET,ts-preserve-service
1650498410,ts-order-other-service,64b0a89f8611b68b,f583313f839122b9,a1d3724144c6d43a,3636,200,securityInfoCheck,ts-security-service
1650498410,ts-security-service,c736195fc2244c48,af7e1e7e6757ff0f,a1d3724144c6d43a,15067,200,check,ts-preserve-service
1650498410,ts-security-service,f583313f839122b9,c736195fc2244c48,a1d3724144c6d43a,4967,200,GET,ts-security-service
1650498410,ts-security-service,381ffd59b0440673,c736195fc2244c48,a1d3724144c6d43a,5033,200,GET,ts-security-service
1650498410,ts-contacts-service,72e46f301d4090b5,f89e1fa09ce47800,a1d3724144c6d43a,2179,200,getContactsByContactsId,ts-preserve-service
1650498410,ts-order-service,72acfa5132b4bc1b,381ffd59b0440673,a1d3724144c6d43a,3607,200,securityInfoCheck,ts-security-service
1650498410,ts-preserve-service,f89e1fa09ce47800,a1d3724144c6d43a,a1d3724144c6d43a,3453,200,GET,ts-preserve-service
1650498410,ts-preserve-service,a1d3724144c6d43a,,a1d3724144c6d43a,23244,200,preserve,no_parent
1650498410,ts-order-service,681aff7094fcd623,,681aff7094fcd623,11789,200,queryOrdersForRefresh,no_parent
1650498410,ts-order-service,7efefa34eb86fced,681aff7094fcd623,681aff7094fcd623,8762,200,POST,ts-order-service
1650498410,ts-station-service,84e31156a47dd285,7efefa34eb86fced,681aff7094fcd623,7299,200,queryForNameBatch,ts-order-service
1650498410,ts-verification-code-service,69422ea25e0cac8c,5b45942565709c41,5f687fbeebacae15,2139,200,verifyCode,ts-auth-service
1650498410,ts-auth-service,5b45942565709c41,5f687fbeebacae15,5f687fbeebacae15,3827,200,GET,ts-auth-service
1650498410,ts-auth-service,5f687fbeebacae15,,5f687fbeebacae15,109159,200,getToken,no_parent
1650498410,ts-contacts-service,33ff4b261f708d62,,33ff4b261f708d62,2600,200,findContactsByAccountId,no_parent
1650498410,ts-verification-code-service,d553cf06a5471cff,,d553cf06a5471cff,3086,200,imageCode,no_parent
1650498411,ts-travel-service,4a4194dc0a0490f5,b935bc36e7316b9b,b935bc36e7316b9b,4230,200,GET,ts-travel-service
1650498411,ts-travel-service,956b54a2c7625881,b935bc36e7316b9b,b935bc36e7316b9b,6923,200,GET,ts-travel-service
1650498411,ts-travel-service,77e5d2298a445156,b935bc36e7316b9b,b935bc36e7316b9b,2298,200,GET,ts-travel-service
1650498411,ts-station-service,ef2f8d2173460c9e,e13643cdbda0174c,b935bc36e7316b9b,2013,200,queryForStationId,ts-basic-service
1650498411,ts-station-service,373af6022b9f0c75,a436918740fac054,b935bc36e7316b9b,1929,200,queryForStationId,ts-basic-service
1650498411,ts-ticketinfo-service,f0eaa2b086990386,a792a653cac92d03,b935bc36e7316b9b,7032,200,GET,ts-ticketinfo-service
1650498411,ts-ticketinfo-service,2b658ba4c2b4fb61,956b54a2c7625881,b935bc36e7316b9b,6377,200,queryForStationId,ts-travel-service
1650498411,ts-ticketinfo-service,8f8566fc2c7834fa,2b658ba4c2b4fb61,b935bc36e7316b9b,4635,200,GET,ts-ticketinfo-service
1650498411,ts-travel-service,b935bc36e7316b9b,,b935bc36e7316b9b,42075,200,queryInfo,no_parent
1650498411,ts-travel-service,45967a64324a4c61,b935bc36e7316b9b,b935bc36e7316b9b,2457,200,GET,ts-travel-service
1650498411,ts-travel-service,86f6556b65ed0113,b935bc36e7316b9b,b935bc36e7316b9b,2246,200,GET,ts-travel-service
1650498411,ts-travel-service,94b11601f1e1137d,b935bc36e7316b9b,b935bc36e7316b9b,2056,200,GET,ts-travel-service
1650498411,ts-travel-service,dcb070183c426606,b935bc36e7316b9b,b935bc36e7316b9b,11615,200,GET,ts-travel-service
1650498411,ts-ticketinfo-service,a792a653cac92d03,dcb070183c426606,b935bc36e7316b9b,10064,200,queryForStationId,ts-travel-service
1650498411,ts-route-service,54bf59c796f23549,94b11601f1e1137d,b935bc36e7316b9b,1935,200,queryById,ts-travel-service
1650498411,ts-route-service,6023af0a51aff83d,86f6556b65ed0113,b935bc36e7316b9b,2104,200,queryById,ts-travel-service
1650498411,ts-route-service,382193a0795d6cbe,4a4194dc0a0490f5,b935bc36e7316b9b,2851,200,queryById,ts-travel-service
1650498411,ts-route-service,d6fa11b0f2f15f60,77e5d2298a445156,b935bc36e7316b9b,2156,200,queryById,ts-travel-service
1650498411,ts-route-service,ed5f2538d19bf67d,45967a64324a4c61,b935bc36e7316b9b,2103,200,queryById,ts-travel-service
1650498411,ts-basic-service,a436918740fac054,16a9ca09bcb2c004,b935bc36e7316b9b,2444,200,GET,ts-basic-service
1650498411,ts-basic-service,16a9ca09bcb2c004,8f8566fc2c7834fa,b935bc36e7316b9b,3904,200,queryForStationId,ts-ticketinfo-service
1650498411,ts-basic-service,d7e4c741f0a6d27b,f0eaa2b086990386,b935bc36e7316b9b,5713,200,queryForStationId,ts-ticketinfo-service
1650498411,ts-basic-service,e13643cdbda0174c,d7e4c741f0a6d27b,b935bc36e7316b9b,3309,200,GET,ts-basic-service
1650498411,ts-assurance-service,aaa182be01c47b00,,aaa182be01c47b00,1744,200,getAllAssuranceType,no_parent
1650498471,ts-travel-service,c52a1675a83d0eb1,,c52a1675a83d0eb1,45015,200,queryInfo,no_parent
1650498471,ts-travel-service,e787e898838b7726,c52a1675a83d0eb1,c52a1675a83d0eb1,4471,200,GET,ts-travel-service
1650498471,ts-station-service,816031a33c1fde31,54d19e135350e559,c52a1675a83d0eb1,2069,200,queryForStationId,ts-basic-service
1650498471,ts-ticketinfo-service,98fa443fb220c227,a867ec7d75492367,c52a1675a83d0eb1,9428,200,queryForStationId,ts-travel-service
1650498471,ts-ticketinfo-service,ccaccf18360df856,f6dffbf9b54db131,c52a1675a83d0eb1,6135,200,GET,ts-ticketinfo-service
1650498471,ts-ticketinfo-service,f3c17dcbe9ae953f,98fa443fb220c227,c52a1675a83d0eb1,7154,200,GET,ts-ticketinfo-service
1650498471,ts-order-service,2846eb1b3db9ae50,,2846eb1b3db9ae50,12690,200,queryOrdersForRefresh,no_parent
1650498471,ts-order-service,f4da131e919c2a6c,2846eb1b3db9ae50,2846eb1b3db9ae50,9342,200,POST,ts-order-service
1650498471,ts-travel-service,93ce890e47dcd11f,c52a1675a83d0eb1,c52a1675a83d0eb1,2756,200,GET,ts-travel-service
1650498471,ts-route-service,43b161a8a4efd8ac,e787e898838b7726,c52a1675a83d0eb1,2660,200,queryById,ts-travel-service
1650498471,ts-travel-service,a867ec7d75492367,c52a1675a83d0eb1,c52a1675a83d0eb1,11098,200,GET,ts-travel-service
1650498471,ts-order-other-service,121c406b7d50d57c,439f37e65f647ed3,2d3c31576e31a4b7,3576,200,securityInfoCheck,ts-security-service
1650498471,ts-security-service,9dcae76c2442fc1e,baf9d4a320e60a60,2d3c31576e31a4b7,5024,200,GET,ts-security-service
1650498471,ts-basic-service,cf08555854bdfb21,d73dcdcffdcd30a4,c52a1675a83d0eb1,3495,200,GET,ts-basic-service
1650498471,ts-auth-service,ceb29722bc50732,e7e38291dfab1c55,e7e38291dfab1c55,3906,200,GET,ts-auth-service
1650498471,ts-verification-code-service,53dbcf65349a6017,ceb29722bc50732,e7e38291dfab1c55,2014,200,verifyCode,ts-auth-service
1650498471,ts-auth-service,e7e38291dfab1c55,,e7e38291dfab1c55,113586,200,getToken,no_parent
1650498471,ts-assurance-service,cdeae15639d94856,,cdeae15639d94856,1831,200,getAllAssuranceType,no_parent
1650498471,ts-basic-service,d73dcdcffdcd30a4,f3c17dcbe9ae953f,c52a1675a83d0eb1,5913,200,queryForStationId,ts-ticketinfo-service
1650498471,ts-basic-service,6c01245f051adcaa,ccaccf18360df856,c52a1675a83d0eb1,4952,200,queryForStationId,ts-ticketinfo-service
1650498471,ts-basic-service,54d19e135350e559,6c01245f051adcaa,c52a1675a83d0eb1,2791,200,GET,ts-basic-service
1650498471,ts-ticketinfo-service,f6dffbf9b54db131,b10dc8dd554dba19,c52a1675a83d0eb1,8393,200,queryForStationId,ts-travel-service
1650498471,ts-station-service,36002e932f2547f4,cf08555854bdfb21,c52a1675a83d0eb1,2399,200,queryForStationId,ts-basic-service
1650498471,ts-preserve-service,9c487c98960032e6,2d3c31576e31a4b7,2d3c31576e31a4b7,3551,200,GET,ts-preserve-service
1650498471,ts-route-service,43b664a9b7c980ea,3128ef29a9bd5bfd,c52a1675a83d0eb1,2213,200,queryById,ts-travel-service
1650498471,ts-route-service,62e5af96d666cde6,971748df46ed0b05,c52a1675a83d0eb1,2150,200,queryById,ts-travel-service
1650498471,ts-route-service,6b00347606fe8316,93ce890e47dcd11f,c52a1675a83d0eb1,2570,200,queryById,ts-travel-service
1650498471,ts-travel-service,b10dc8dd554dba19,c52a1675a83d0eb1,c52a1675a83d0eb1,8821,200,GET,ts-travel-service
1650498471,ts-travel-service,3128ef29a9bd5bfd,c52a1675a83d0eb1,c52a1675a83d0eb1,2678,200,GET,ts-travel-service
1650498471,ts-preserve-service,2d3c31576e31a4b7,,2d3c31576e31a4b7,23727,200,preserve,no_parent
1650498471,ts-security-service,439f37e65f647ed3,baf9d4a320e60a60,2d3c31576e31a4b7,5054,200,GET,ts-security-service
1650498471,ts-security-service,baf9d4a320e60a60,fabda1bb819a1b6b,2d3c31576e31a4b7,15075,200,check,ts-preserve-service
1650498471,ts-contacts-service,55a1bbe3fc86f693,9c487c98960032e6,2d3c31576e31a4b7,2122,200,getContactsByContactsId,ts-preserve-service
1650498471,ts-route-service,e86c9c10568feaad,69df437ac8d13f70,c52a1675a83d0eb1,2200,200,queryById,ts-travel-service
1650498471,ts-travel-service,971748df46ed0b05,c52a1675a83d0eb1,c52a1675a83d0eb1,2286,200,GET,ts-travel-service
1650498471,ts-travel-service,69df437ac8d13f70,c52a1675a83d0eb1,c52a1675a83d0eb1,2354,200,GET,ts-travel-service
1650498471,ts-station-service,3765ba59aaac4604,f4da131e919c2a6c,2846eb1b3db9ae50,7881,200,queryForNameBatch,ts-order-service
1650498471,ts-order-service,7f752cbfaca14461,9dcae76c2442fc1e,2d3c31576e31a4b7,3532,200,securityInfoCheck,ts-security-service
1650498471,ts-preserve-service,fabda1bb819a1b6b,2d3c31576e31a4b7,2d3c31576e31a4b7,16850,200,GET,ts-preserve-service
1650498471,ts-verification-code-service,bee84ecd2ed2a14d,,bee84ecd2ed2a14d,2980,200,imageCode,no_parent
1650498471,ts-contacts-service,222d1fc4253d7d74,,222d1fc4253d7d74,3010,200,findContactsByAccountId,no_parent
1650498531,ts-travel-service,6eeef3e2b9eae173,43b16108babc42f9,43b16108babc42f9,4126,200,GET,ts-travel-service
1650498531,ts-travel-service,817214f89de47dde,43b16108babc42f9,43b16108babc42f9,11374,200,GET,ts-travel-service
1650498531,ts-travel-service,f2a8c29453ddbbec,43b16108babc42f9,43b16108babc42f9,2229,200,GET,ts-travel-service
1650498531,ts-basic-service,ff8d5d6856a5c76c,c026b2364c03f9f3,43b16108babc42f9,3782,200,GET,ts-basic-service
1650498531,ts-basic-service,c026b2364c03f9f3,97392103ed5cb4e0,43b16108babc42f9,6375,200,queryForStationId,ts-ticketinfo-service
1650498531,ts-basic-service,e7ad3ae5bf1325fb,2ae1fd57b770cdf7,43b16108babc42f9,4974,200,queryForStationId,ts-ticketinfo-service
1650498531,ts-station-service,54efa34c33e277ae,5f6ba907854fbfe0,f3362c338ab3b3b5,7234,200,queryForNameBatch,ts-order-service
1650498531,ts-basic-service,2476405c43efb835,e7ad3ae5bf1325fb,43b16108babc42f9,2878,200,GET,ts-basic-service
1650498531,ts-ticketinfo-service,c7302425167a47f6,817214f89de47dde,43b16108babc42f9,10207,200,queryForStationId,ts-travel-service
1650498531,ts-security-service,e36dfaeb1b040cbd,9fc005a3854e0e05,33d9eaa5573cb00c,4907,200,GET,ts-security-service
1650498531,ts-route-service,7ea4eee2925f1267,8c4706176c653465,43b16108babc42f9,2532,200,queryById,ts-travel-service
1650498531,ts-security-service,40117465992045a3,9fc005a3854e0e05,33d9eaa5573cb00c,4847,200,GET,ts-security-service
1650498531,ts-contacts-service,e0f60ae2210485bb,9b27cd372ed494d0,33d9eaa5573cb00c,2086,200,getContactsByContactsId,ts-preserve-service
1650498531,ts-order-other-service,4e510404993497f2,e36dfaeb1b040cbd,33d9eaa5573cb00c,3598,200,securityInfoCheck,ts-security-service
1650498531,ts-order-service,9c0b5b730ecc6965,40117465992045a3,33d9eaa5573cb00c,3477,200,securityInfoCheck,ts-security-service
1650498531,ts-preserve-service,7f5d7e45d49f4492,33d9eaa5573cb00c,33d9eaa5573cb00c,16004,200,GET,ts-preserve-service
1650498531,ts-preserve-service,33d9eaa5573cb00c,,33d9eaa5573cb00c,22598,200,preserve,no_parent
1650498531,ts-preserve-service,9b27cd372ed494d0,33d9eaa5573cb00c,33d9eaa5573cb00c,3382,200,GET,ts-preserve-service
1650498531,ts-contacts-service,925265f3fdebb9da,,925265f3fdebb9da,3056,200,findContactsByAccountId,no_parent
1650498531,ts-security-service,9fc005a3854e0e05,7f5d7e45d49f4492,33d9eaa5573cb00c,14399,200,check,ts-preserve-service
1650498531,ts-auth-service,b84df529c7059bf6,,b84df529c7059bf6,113284,200,getToken,no_parent
1650498531,ts-travel-service,544d0b4500d404d6,43b16108babc42f9,43b16108babc42f9,2268,200,GET,ts-travel-service
1650498531,ts-travel-service,43b16108babc42f9,,43b16108babc42f9,42986,200,queryInfo,no_parent
1650498531,ts-travel-service,8c4706176c653465,43b16108babc42f9,43b16108babc42f9,2983,200,GET,ts-travel-service
1650498531,ts-travel-service,27999173a483e0e5,43b16108babc42f9,43b16108babc42f9,7904,200,GET,ts-travel-service
1650498531,ts-travel-service,bca17537846cbcd9,43b16108babc42f9,43b16108babc42f9,2191,200,GET,ts-travel-service
1650498531,ts-verification-code-service,5a002455d4453162,,5a002455d4453162,6105,200,imageCode,no_parent
1650498531,ts-auth-service,6b45678f4759be6d,b84df529c7059bf6,b84df529c7059bf6,5629,200,GET,ts-auth-service
1650498531,ts-ticketinfo-service,2ae1fd57b770cdf7,252986099ef19c53,43b16108babc42f9,5546,200,GET,ts-ticketinfo-service
1650498531,ts-route-service,eb2332bac23c3665,bca17537846cbcd9,43b16108babc42f9,2153,200,queryById,ts-travel-service
1650498531,ts-order-service,5f6ba907854fbfe0,f3362c338ab3b3b5,f3362c338ab3b3b5,8729,200,POST,ts-order-service
1650498531,ts-order-service,f3362c338ab3b3b5,,f3362c338ab3b3b5,11773,200,queryOrdersForRefresh,no_parent
1650498531,ts-station-service,616d7edcdab560df,2476405c43efb835,43b16108babc42f9,2326,200,queryForStationId,ts-basic-service
1650498531,ts-station-service,6b25d84b102c0989,ff8d5d6856a5c76c,43b16108babc42f9,2587,200,queryForStationId,ts-basic-service
1650498531,ts-ticketinfo-service,97392103ed5cb4e0,c7302425167a47f6,43b16108babc42f9,7811,200,GET,ts-ticketinfo-service
1650498531,ts-ticketinfo-service,252986099ef19c53,27999173a483e0e5,43b16108babc42f9,7561,200,queryForStationId,ts-travel-service
1650498531,ts-route-service,5edb31333694d193,f2a8c29453ddbbec,43b16108babc42f9,2119,200,queryById,ts-travel-service
1650498531,ts-route-service,4f877e920e0e6d8e,544d0b4500d404d6,43b16108babc42f9,2163,200,queryById,ts-travel-service
1650498531,ts-route-service,d81ad2e55b073769,6eeef3e2b9eae173,43b16108babc42f9,2883,200,queryById,ts-travel-service
1650498531,ts-assurance-service,58df14da136e40d3,,58df14da136e40d3,1932,200,getAllAssuranceType,no_parent
1650498531,ts-verification-code-service,de0dbb3988ab148f,6b45678f4759be6d,b84df529c7059bf6,2704,200,verifyCode,ts-auth-service
1650498591,ts-station-service,aa13eeffa3aee1cf,324c82226605727f,a9d9a428b354a9d5,2062,200,queryForStationId,ts-basic-service
1650498591,ts-ticketinfo-service,54c0a64070bed6fa,736b06edc5b138c9,a9d9a428b354a9d5,7550,200,queryForStationId,ts-travel-service
1650498591,ts-station-service,fa0f12ca0c4bfa8c,d46f69e1c5f9d0d0,a9d9a428b354a9d5,2289,200,queryForStationId,ts-basic-service
1650498591,ts-route-service,313e6edb90e960c2,2171029724d32ab5,a9d9a428b354a9d5,2185,200,queryById,ts-travel-service
1650498591,ts-route-service,a6e0c4cb2ab566d4,b8d6608dc2df0c25,a9d9a428b354a9d5,2610,200,queryById,ts-travel-service
1650498591,ts-route-service,8f2385c8afb0cdf7,1bfd101b14c5b043,a9d9a428b354a9d5,2588,200,queryById,ts-travel-service
1650498591,ts-travel-service,1bfd101b14c5b043,a9d9a428b354a9d5,a9d9a428b354a9d5,3873,200,GET,ts-travel-service
1650498591,ts-travel-service,2171029724d32ab5,a9d9a428b354a9d5,a9d9a428b354a9d5,2612,200,GET,ts-travel-service
1650498591,ts-route-service,7b510078be9988cf,12ea430e975a2e7f,a9d9a428b354a9d5,2214,200,queryById,ts-travel-service
1650498591,ts-route-service,8d2a2e2b5f6cc3f5,691d4096b6347b96,a9d9a428b354a9d5,2195,200,queryById,ts-travel-service
1650498591,ts-travel-service,7a11d7640fd46e7a,a9d9a428b354a9d5,a9d9a428b354a9d5,11153,200,GET,ts-travel-service
1650498591,ts-ticketinfo-service,209cb21fe3a893d9,7a11d7640fd46e7a,a9d9a428b354a9d5,9505,200,queryForStationId,ts-travel-service
1650498591,ts-travel-service,b8d6608dc2df0c25,a9d9a428b354a9d5,a9d9a428b354a9d5,2789,200,GET,ts-travel-service
1650498591,ts-basic-service,3a69776381a6b300,2e551d2a6b08a445,a9d9a428b354a9d5,4869,200,queryForStationId,ts-ticketinfo-service
1650498591,ts-basic-service,324c82226605727f,3a69776381a6b300,a9d9a428b354a9d5,2704,200,GET,ts-basic-service
1650498591,ts-basic-service,d5ba09c40a69fa29,a6f7139020afb0bb,a9d9a428b354a9d5,5838,200,queryForStationId,ts-ticketinfo-service
1650498591,ts-verification-code-service,43154726d01b3b8,,43154726d01b3b8,3083,200,imageCode,no_parent
1650498591,ts-verification-code-service,7916e61fa0db1d14,59488d0f619409f2,327ccaef91198c80,2016,200,verifyCode,ts-auth-service
1650498591,ts-auth-service,59488d0f619409f2,327ccaef91198c80,327ccaef91198c80,3803,200,GET,ts-auth-service
1650498591,ts-auth-service,327ccaef91198c80,,327ccaef91198c80,111375,200,getToken,no_parent
1650498591,ts-order-service,19077589c86ed180,8b67cab101be14a6,3faa6964bf1b4a4,3327,200,securityInfoCheck,ts-security-service
1650498591,ts-preserve-service,84346b0ecbec0005,3faa6964bf1b4a4,3faa6964bf1b4a4,3399,200,GET,ts-preserve-service
1650498591,ts-security-service,8b67cab101be14a6,6a38071eb3c6e49b,3faa6964bf1b4a4,4660,200,GET,ts-security-service
1650498591,ts-order-other-service,2e85aeb4f0443245,444705fed52637c6,3faa6964bf1b4a4,3525,200,securityInfoCheck,ts-security-service
1650498591,ts-preserve-service,3faa6964bf1b4a4,,3faa6964bf1b4a4,22178,200,preserve,no_parent
1650498591,ts-security-service,6a38071eb3c6e49b,6f44f313f34b020d,3faa6964bf1b4a4,13907,200,check,ts-preserve-service
1650498591,ts-preserve-service,6f44f313f34b020d,3faa6964bf1b4a4,3faa6964bf1b4a4,15548,200,GET,ts-preserve-service
1650498591,ts-order-service,8798d7a82a31fe53,782efdc3ba220a2c,782efdc3ba220a2c,9298,200,POST,ts-order-service
1650498591,ts-order-service,782efdc3ba220a2c,,782efdc3ba220a2c,12482,200,queryOrdersForRefresh,no_parent
1650498591,ts-security-service,444705fed52637c6,6a38071eb3c6e49b,3faa6964bf1b4a4,4684,200,GET,ts-security-service
1650498591,ts-contacts-service,42e0454063b306d2,84346b0ecbec0005,3faa6964bf1b4a4,2105,200,getContactsByContactsId,ts-preserve-service
1650498591,ts-station-service,b88f02176f756f1e,8798d7a82a31fe53,782efdc3ba220a2c,7827,200,queryForNameBatch,ts-order-service
1650498591,ts-travel-service,a9d9a428b354a9d5,,a9d9a428b354a9d5,43755,200,queryInfo,no_parent
1650498591,ts-basic-service,d46f69e1c5f9d0d0,d5ba09c40a69fa29,a9d9a428b354a9d5,3388,200,GET,ts-basic-service
1650498591,ts-assurance-service,defb94ed0ebd4ed,,defb94ed0ebd4ed,1842,200,getAllAssuranceType,no_parent
1650498591,ts-travel-service,691d4096b6347b96,a9d9a428b354a9d5,a9d9a428b354a9d5,2352,200,GET,ts-travel-service
1650498591,ts-travel-service,736b06edc5b138c9,a9d9a428b354a9d5,a9d9a428b354a9d5,8180,200,GET,ts-travel-service
1650498591,ts-ticketinfo-service,2e551d2a6b08a445,54c0a64070bed6fa,a9d9a428b354a9d5,5569,200,GET,ts-ticketinfo-service
1650498591,ts-travel-service,12ea430e975a2e7f,a9d9a428b354a9d5,a9d9a428b354a9d5,2375,200,GET,ts-travel-service
1650498591,ts-ticketinfo-service,a6f7139020afb0bb,209cb21fe3a893d9,a9d9a428b354a9d5,7059,200,GET,ts-ticketinfo-service
1650498591,ts-contacts-service,79f73cea228a650a,,79f73cea228a650a,3072,200,findContactsByAccountId,no_parent
1650498651,ts-security-service,c84cb0d5a46be5bc,6a2814d8e70d0426,399fa3c09f0feffb,5816,200,GET,ts-security-service
1650498651,ts-order-service,56553b4b5fded97c,ecceee2b2addfe69,399fa3c09f0feffb,3560,200,securityInfoCheck,ts-security-service
1650498651,ts-preserve-service,a0d33f0ac19fdf20,399fa3c09f0feffb,399fa3c09f0feffb,22561,200,GET,ts-preserve-service
1650498651,ts-preserve-service,399fa3c09f0feffb,,399fa3c09f0feffb,30072,200,preserve,no_parent
1650498651,ts-order-other-service,827e5eba8ea6768f,c84cb0d5a46be5bc,399fa3c09f0feffb,3624,200,securityInfoCheck,ts-security-service
1650498651,ts-security-service,ecceee2b2addfe69,6a2814d8e70d0426,399fa3c09f0feffb,5733,200,GET,ts-security-service
1650498651,ts-security-service,6a2814d8e70d0426,a0d33f0ac19fdf20,399fa3c09f0feffb,20506,200,check,ts-preserve-service
1650498651,ts-contacts-service,d6e318cb987e4a2e,,d6e318cb987e4a2e,6666,200,findContactsByAccountId,no_parent
1650498652,ts-ticketinfo-service,64360315b393c6c6,2e5a2c4a942f282f,33aeab891225e10f,7506,200,GET,ts-ticketinfo-service
1650498652,ts-station-service,ba43b19f36d83b07,a5e86266f289d4bd,6000a81d00642bc7,3770,200,queryForNameBatch,ts-order-service
1650498652,ts-contacts-service,598782d354143418,f8262dad41751565,399fa3c09f0feffb,2524,200,getContactsByContactsId,ts-preserve-service
1650498652,ts-preserve-service,f8262dad41751565,399fa3c09f0feffb,399fa3c09f0feffb,3847,200,GET,ts-preserve-service
1650498652,ts-station-service,8d78b8761f4f7730,e07d2b877de1ecc9,33aeab891225e10f,2706,200,queryForStationId,ts-basic-service
1650498652,ts-route-service,dd334893c6457de,eeb7fde6410a50ae,33aeab891225e10f,2233,200,queryById,ts-travel-service
1650498652,ts-route-service,b93f58ab8472867d,75bcc41e7564cb57,33aeab891225e10f,2154,200,queryById,ts-travel-service
1650498652,ts-station-service,67dca9384ff83ca,24df56673abbff85,33aeab891225e10f,2231,200,queryForStationId,ts-basic-service
1650498652,ts-order-service,a5e86266f289d4bd,6000a81d00642bc7,6000a81d00642bc7,4819,200,POST,ts-order-service
1650498652,ts-order-service,6000a81d00642bc7,,6000a81d00642bc7,7126,200,queryOrdersForRefresh,no_parent
1650498652,ts-route-service,83c62de46dbbe74c,7203d9dbd8481860,33aeab891225e10f,2198,200,queryById,ts-travel-service
1650498652,ts-travel-service,33aeab891225e10f,,33aeab891225e10f,46928,200,queryInfo,no_parent
1650498652,ts-travel-service,75bcc41e7564cb57,33aeab891225e10f,33aeab891225e10f,2296,200,GET,ts-travel-service
1650498652,ts-travel-service,77fced35f5e123f0,33aeab891225e10f,33aeab891225e10f,2605,200,GET,ts-travel-service
1650498652,ts-basic-service,e07d2b877de1ecc9,c67c572a9bc2246,33aeab891225e10f,3837,200,GET,ts-basic-service
1650498652,ts-basic-service,8882dc344442c336,fb0e438c673ce73f,33aeab891225e10f,5008,200,queryForStationId,ts-ticketinfo-service
1650498652,ts-basic-service,24df56673abbff85,8882dc344442c336,33aeab891225e10f,2941,200,GET,ts-basic-service
1650498652,ts-route-service,d68321653f713da7,e43d3f4eb6a0617a,33aeab891225e10f,2607,200,queryById,ts-travel-service
1650498652,ts-route-service,2e97bdf6f5bf0b0d,77fced35f5e123f0,33aeab891225e10f,2134,200,queryById,ts-travel-service
1650498652,ts-travel-service,e32c6a6bc594ce33,33aeab891225e10f,33aeab891225e10f,11949,200,GET,ts-travel-service
1650498652,ts-travel-service,e43d3f4eb6a0617a,33aeab891225e10f,33aeab891225e10f,3958,200,GET,ts-travel-service
1650498652,ts-basic-service,c67c572a9bc2246,64360315b393c6c6,33aeab891225e10f,6418,200,queryForStationId,ts-ticketinfo-service
1650498652,ts-ticketinfo-service,2e5a2c4a942f282f,e32c6a6bc594ce33,33aeab891225e10f,9932,200,queryForStationId,ts-travel-service
1650498652,ts-ticketinfo-service,39e5117f08f4a882,b104e882686aaba1,33aeab891225e10f,7983,200,queryForStationId,ts-travel-service
1650498652,ts-ticketinfo-service,fb0e438c673ce73f,39e5117f08f4a882,33aeab891225e10f,5751,200,GET,ts-ticketinfo-service
1650498652,ts-travel-service,eeb7fde6410a50ae,33aeab891225e10f,33aeab891225e10f,2386,200,GET,ts-travel-service
1650498652,ts-travel-service,7203d9dbd8481860,33aeab891225e10f,33aeab891225e10f,2322,200,GET,ts-travel-service
1650498652,ts-verification-code-service,bd82ea1b0d74c462,e50042fe65022c5b,13d8751b0f868a15,1416,200,verifyCode,ts-auth-service
1650498652,ts-auth-service,e50042fe65022c5b,13d8751b0f868a15,13d8751b0f868a15,3042,200,GET,ts-auth-service
1650498652,ts-auth-service,13d8751b0f868a15,,13d8751b0f868a15,110050,200,getToken,no_parent
1650498652,ts-assurance-service,6631a2cdb33867,,6631a2cdb33867,1817,200,getAllAssuranceType,no_parent
1650498652,ts-travel-service,b104e882686aaba1,33aeab891225e10f,33aeab891225e10f,8468,200,GET,ts-travel-service
1650498652,ts-verification-code-service,b1d7408c8537a167,,b1d7408c8537a167,2570,200,imageCode,no_parent
1650498712,ts-route-service,51e89760cb8b741c,1e214a6bc8cc8eae,d764fafbff7ac707,2538,200,queryById,ts-travel-service
1650498712,ts-order-service,c0ab050ab5a07602,b6b156faf6e25aee,b6b156faf6e25aee,9453,200,POST,ts-order-service
1650498712,ts-security-service,cfbd40334976111f,5745c2ada1600ef8,f7bdd6ecb1b30e8d,4686,200,GET,ts-security-service
1650498712,ts-security-service,5745c2ada1600ef8,9f650837633f01ba,f7bdd6ecb1b30e8d,13951,200,check,ts-preserve-service
1650498712,ts-contacts-service,2d52f964cef76efe,954881c0082ed4ae,f7bdd6ecb1b30e8d,2270,200,getContactsByContactsId,ts-preserve-service
1650498712,ts-contacts-service,303ad53424298473,,303ad53424298473,3179,200,findContactsByAccountId,no_parent
1650498712,ts-order-service,ac797a5e7607b1a2,17d32a502b0b6dde,f7bdd6ecb1b30e8d,3584,200,securityInfoCheck,ts-security-service
1650498712,ts-station-service,4e5804fff0db9c51,c0ab050ab5a07602,b6b156faf6e25aee,8100,200,queryForNameBatch,ts-order-service
1650498712,ts-preserve-service,f7bdd6ecb1b30e8d,,f7bdd6ecb1b30e8d,22614,200,preserve,no_parent
1650498712,ts-preserve-service,954881c0082ed4ae,f7bdd6ecb1b30e8d,f7bdd6ecb1b30e8d,3515,200,GET,ts-preserve-service
1650498712,ts-order-other-service,6fb32a35d35d6771,cfbd40334976111f,f7bdd6ecb1b30e8d,3503,200,securityInfoCheck,ts-security-service
1650498712,ts-security-service,17d32a502b0b6dde,5745c2ada1600ef8,f7bdd6ecb1b30e8d,4733,200,GET,ts-security-service
1650498712,ts-route-service,123e403f5e69f163,c935852538be79cf,d764fafbff7ac707,2085,200,queryById,ts-travel-service
1650498712,ts-route-service,72d2e0096cf395e6,f08657ac3c8cce87,d764fafbff7ac707,2209,200,queryById,ts-travel-service
1650498712,ts-station-service,40d9b6bb675fe847,218315a2c40832d8,d764fafbff7ac707,2257,200,queryForStationId,ts-basic-service
1650498712,ts-auth-service,c8b72e63e0a8c1a7,,c8b72e63e0a8c1a7,111729,200,getToken,no_parent
1650498712,ts-route-service,2a3ca8f7056ddfc4,8fc19ef0428a8228,d764fafbff7ac707,2932,200,queryById,ts-travel-service
1650498712,ts-route-service,649bfb9b8f784725,8284c2f77e3c7c75,d764fafbff7ac707,2173,200,queryById,ts-travel-service
1650498712,ts-basic-service,d009e5447b7ba62b,f5f54fe3e5034b26,d764fafbff7ac707,5751,200,queryForStationId,ts-ticketinfo-service
1650498712,ts-basic-service,688eaf43bbd6994,133e1ef7e6780b7,d764fafbff7ac707,4964,200,queryForStationId,ts-ticketinfo-service
1650498712,ts-ticketinfo-service,133e1ef7e6780b7,bd4f5364cf8059c7,d764fafbff7ac707,5633,200,GET,ts-ticketinfo-service
1650498712,ts-preserve-service,9f650837633f01ba,f7bdd6ecb1b30e8d,f7bdd6ecb1b30e8d,15625,200,GET,ts-preserve-service
1650498712,ts-basic-service,e7c5bbbfc1ffc41b,688eaf43bbd6994,d764fafbff7ac707,2786,200,GET,ts-basic-service
1650498712,ts-travel-service,1e214a6bc8cc8eae,d764fafbff7ac707,d764fafbff7ac707,2962,200,GET,ts-travel-service
1650498712,ts-basic-service,218315a2c40832d8,d009e5447b7ba62b,d764fafbff7ac707,3290,200,GET,ts-basic-service
1650498712,ts-ticketinfo-service,bd4f5364cf8059c7,f5cd6b805c2a6f3a,d764fafbff7ac707,7251,200,queryForStationId,ts-travel-service
1650498712,ts-assurance-service,eaff44cbd4bb6776,,eaff44cbd4bb6776,1820,200,getAllAssuranceType,no_parent
1650498712,ts-auth-service,3fe3999da5e0ca71,c8b72e63e0a8c1a7,c8b72e63e0a8c1a7,3718,200,GET,ts-auth-service
1650498712,ts-ticketinfo-service,921f2d6940d1f9bb,275fb7e060ddd72b,d764fafbff7ac707,8675,200,queryForStationId,ts-travel-service
1650498712,ts-ticketinfo-service,f5f54fe3e5034b26,921f2d6940d1f9bb,d764fafbff7ac707,6707,200,GET,ts-ticketinfo-service
1650498712,ts-station-service,44cc512745629df1,e7c5bbbfc1ffc41b,d764fafbff7ac707,2056,200,queryForStationId,ts-basic-service
1650498712,ts-verification-code-service,135a3c6a25b64173,3fe3999da5e0ca71,c8b72e63e0a8c1a7,1993,200,verifyCode,ts-auth-service
1650498712,ts-travel-service,8284c2f77e3c7c75,d764fafbff7ac707,d764fafbff7ac707,2245,200,GET,ts-travel-service
1650498712,ts-travel-service,f08657ac3c8cce87,d764fafbff7ac707,d764fafbff7ac707,2329,200,GET,ts-travel-service
1650498712,ts-travel-service,275fb7e060ddd72b,d764fafbff7ac707,d764fafbff7ac707,10141,200,GET,ts-travel-service
1650498712,ts-travel-service,f5cd6b805c2a6f3a,d764fafbff7ac707,d764fafbff7ac707,7699,200,GET,ts-travel-service
1650498712,ts-travel-service,d764fafbff7ac707,,d764fafbff7ac707,42003,200,queryInfo,no_parent
1650498712,ts-travel-service,8fc19ef0428a8228,d764fafbff7ac707,d764fafbff7ac707,4243,200,GET,ts-travel-service
1650498712,ts-travel-service,c935852538be79cf,d764fafbff7ac707,d764fafbff7ac707,2202,200,GET,ts-travel-service
1650498712,ts-order-service,b6b156faf6e25aee,,b6b156faf6e25aee,12637,200,queryOrdersForRefresh,no_parent
1650498712,ts-verification-code-service,aa156f731d81b753,,aa156f731d81b753,3182,200,imageCode,no_parent
1650498772,ts-travel-service,bbe3b6354ed8be36,4e716cc4afee0348,4e716cc4afee0348,2264,200,GET,ts-travel-service
1650498772,ts-route-service,8c9c28d69d59927,bbe3b6354ed8be36,4e716cc4afee0348,2160,200,queryById,ts-travel-service
1650498772,ts-route-service,4d948324469a9916,8dbb5660a118355a,4e716cc4afee0348,2532,200,queryById,ts-travel-service
1650498772,ts-route-service,d6985a17b356188,8558976edd1e9c0a,4e716cc4afee0348,2084,200,queryById,ts-travel-service
1650498772,ts-route-service,841bca22d151e130,4572a18c22a726fd,4e716cc4afee0348,2174,200,queryById,ts-travel-service
1650498772,ts-ticketinfo-service,b85d36d7926bcf61,c2ded02f434969c9,4e716cc4afee0348,14547,200,queryForStationId,ts-travel-service
1650498772,ts-ticketinfo-service,5761a6d10bdcd2bb,9e9a8128f8e607f5,4e716cc4afee0348,7366,200,GET,ts-ticketinfo-service
1650498772,ts-travel-service,c2ded02f434969c9,4e716cc4afee0348,4e716cc4afee0348,8555,200,GET,ts-travel-service
1650498772,ts-station-service,ca547508cd54a6ce,189627fcb114f6bb,4e716cc4afee0348,2685,200,queryForStationId,ts-basic-service
1650498772,ts-route-service,3a75e467d7312333,86d17de5627eba78,4e716cc4afee0348,2646,200,queryById,ts-travel-service
1650498772,ts-travel-service,86d17de5627eba78,4e716cc4afee0348,4e716cc4afee0348,3998,200,GET,ts-travel-service
1650498772,ts-travel-service,8558976edd1e9c0a,4e716cc4afee0348,4e716cc4afee0348,2553,200,GET,ts-travel-service
1650498772,ts-travel-service,8dbb5660a118355a,4e716cc4afee0348,4e716cc4afee0348,2713,200,GET,ts-travel-service
1650498772,ts-basic-service,7e5ae92e9fe68c95,68e06cd8e1b341e5,4e716cc4afee0348,5279,200,queryForStationId,ts-ticketinfo-service
1650498772,ts-basic-service,7fa2eaf742c4b0ae,7e5ae92e9fe68c95,4e716cc4afee0348,3137,200,GET,ts-basic-service
1650498772,ts-basic-service,c0ba288ff4da09f2,5761a6d10bdcd2bb,4e716cc4afee0348,6419,200,queryForStationId,ts-ticketinfo-service
1650498772,ts-ticketinfo-service,68e06cd8e1b341e5,b85d36d7926bcf61,4e716cc4afee0348,6006,200,GET,ts-ticketinfo-service
1650498772,ts-ticketinfo-service,9e9a8128f8e607f5,809bc651e9eb8fa4,4e716cc4afee0348,9432,200,queryForStationId,ts-travel-service
1650498772,ts-station-service,68366e4ace431eb,7fa2eaf742c4b0ae,4e716cc4afee0348,2352,200,queryForStationId,ts-basic-service
1650498772,ts-travel-service,809bc651e9eb8fa4,4e716cc4afee0348,4e716cc4afee0348,10979,200,GET,ts-travel-service
1650498772,ts-travel-service,4572a18c22a726fd,4e716cc4afee0348,4e716cc4afee0348,2302,200,GET,ts-travel-service
1650498772,ts-security-service,473ed144690f55bf,9883ddda118c46e3,70a46012d30ae763,4950,200,GET,ts-security-service
1650498772,ts-preserve-service,68c82b3f2639c849,70a46012d30ae763,70a46012d30ae763,3347,200,GET,ts-preserve-service
1650498772,ts-preserve-service,70a46012d30ae763,,70a46012d30ae763,23472,200,preserve,no_parent
1650498772,ts-order-other-service,71f335796a384eed,4578ca19a031f756,70a46012d30ae763,3558,200,securityInfoCheck,ts-security-service
1650498772,ts-contacts-service,dcd249f8ef2b27a8,,dcd249f8ef2b27a8,3219,200,findContactsByAccountId,no_parent
1650498772,ts-security-service,4578ca19a031f756,9883ddda118c46e3,70a46012d30ae763,4866,200,GET,ts-security-service
1650498772,ts-security-service,9883ddda118c46e3,97a0fe4a0bf4f4ea,70a46012d30ae763,14397,200,check,ts-preserve-service
1650498772,ts-contacts-service,938dc1ae16230930,68c82b3f2639c849,70a46012d30ae763,2379,200,getContactsByContactsId,ts-preserve-service
1650498772,ts-order-service,d97ca7365f0244f9,473ed144690f55bf,70a46012d30ae763,3523,200,securityInfoCheck,ts-security-service
1650498772,ts-preserve-service,97a0fe4a0bf4f4ea,70a46012d30ae763,70a46012d30ae763,16492,200,GET,ts-preserve-service
1650498772,ts-travel-service,4e716cc4afee0348,,4e716cc4afee0348,50593,200,queryInfo,no_parent
1650498772,ts-basic-service,189627fcb114f6bb,c0ba288ff4da09f2,4e716cc4afee0348,3874,200,GET,ts-basic-service
1650498772,ts-assurance-service,d2368a51991714e7,,d2368a51991714e7,1850,200,getAllAssuranceType,no_parent
1650498772,ts-verification-code-service,97f98da0d3cf5206,e43d867b2b32293,3300b130004e2983,2010,200,verifyCode,ts-auth-service
1650498772,ts-auth-service,e43d867b2b32293,3300b130004e2983,3300b130004e2983,3653,200,GET,ts-auth-service
1650498772,ts-auth-service,3300b130004e2983,,3300b130004e2983,106648,200,getToken,no_parent
1650498772,ts-station-service,b1bb91d7ad0d06a4,804a5fdfa900bb97,29d5a65919bcb084,7262,200,queryForNameBatch,ts-order-service
1650498772,ts-order-service,804a5fdfa900bb97,29d5a65919bcb084,29d5a65919bcb084,8813,200,POST,ts-order-service
1650498772,ts-order-service,29d5a65919bcb084,,29d5a65919bcb084,11836,200,queryOrdersForRefresh,no_parent
1650498772,ts-verification-code-service,5c7790d176e0dd43,,5c7790d176e0dd43,3069,200,imageCode,no_parent
1650498832,ts-ticketinfo-service,e263fe9d1ce762cb,72d8358f3f3bfd87,8afe3272e4c41f2e,7908,200,queryForStationId,ts-travel-service
1650498832,ts-ticketinfo-service,1a6b9f769ad2011,e263fe9d1ce762cb,8afe3272e4c41f2e,5970,200,GET,ts-ticketinfo-service
1650498832,ts-order-service,1a62c3bf3713bb66,,1a62c3bf3713bb66,12657,200,queryOrdersForRefresh,no_parent
1650498832,ts-security-service,cd70a26a9416a102,d381205b366522e3,e76bb37d25fe899d,14502,200,check,ts-preserve-service
1650498832,ts-travel-service,9435306c6a441b6,8afe3272e4c41f2e,8afe3272e4c41f2e,3976,200,GET,ts-travel-service
1650498832,ts-travel-service,48788bbf6f3c68df,8afe3272e4c41f2e,8afe3272e4c41f2e,10636,200,GET,ts-travel-service
1650498832,ts-travel-service,72d8358f3f3bfd87,8afe3272e4c41f2e,8afe3272e4c41f2e,8520,200,GET,ts-travel-service
1650498832,ts-order-service,34780403c5dc44bc,1a62c3bf3713bb66,1a62c3bf3713bb66,9637,200,POST,ts-order-service
1650498832,ts-ticketinfo-service,d5b64465148e0ede,66361969e27d00ef,8afe3272e4c41f2e,6423,200,GET,ts-ticketinfo-service
1650498832,ts-station-service,cf2e6e0f4b1b76f3,34780403c5dc44bc,1a62c3bf3713bb66,8199,200,queryForNameBatch,ts-order-service
1650498832,ts-basic-service,7c240cdc8a13f249,768b8832aa1f91a0,8afe3272e4c41f2e,2824,200,GET,ts-basic-service
1650498832,ts-station-service,3da47f1697792ddd,7c240cdc8a13f249,8afe3272e4c41f2e,1587,200,queryForStationId,ts-basic-service
1650498832,ts-travel-service,8afe3272e4c41f2e,,8afe3272e4c41f2e,45713,200,queryInfo,no_parent
1650498832,ts-order-other-service,b9994a0fdba03916,cda96d48b6f3f625,e76bb37d25fe899d,3562,200,securityInfoCheck,ts-security-service
1650498832,ts-route-service,c5f9788994fac067,9435306c6a441b6,8afe3272e4c41f2e,3424,200,queryById,ts-travel-service
1650498832,ts-travel-service,e8e40df4fea8dd8e,8afe3272e4c41f2e,8afe3272e4c41f2e,4293,200,GET,ts-travel-service
1650498832,ts-basic-service,7fbecab0317ef241,1a6b9f769ad2011,8afe3272e4c41f2e,5275,200,queryForStationId,ts-ticketinfo-service
1650498832,ts-basic-service,ae2e01de9cc90747,7fbecab0317ef241,8afe3272e4c41f2e,3193,200,GET,ts-basic-service
1650498832,ts-security-service,cda96d48b6f3f625,cd70a26a9416a102,e76bb37d25fe899d,4919,200,GET,ts-security-service
1650498832,ts-security-service,67143ee77d1d7fb4,cd70a26a9416a102,e76bb37d25fe899d,4896,200,GET,ts-security-service
1650498832,ts-station-service,db93e0cbbeebcef7,ae2e01de9cc90747,8afe3272e4c41f2e,2076,200,queryForStationId,ts-basic-service
1650498832,ts-contacts-service,8aa90b8f85c54362,1ce241d98962ac2e,e76bb37d25fe899d,2397,200,getContactsByContactsId,ts-preserve-service
1650498832,ts-order-service,f0dea57b32eb63b8,67143ee77d1d7fb4,e76bb37d25fe899d,3499,200,securityInfoCheck,ts-security-service
1650498832,ts-preserve-service,e76bb37d25fe899d,,e76bb37d25fe899d,23014,200,preserve,no_parent
1650498832,ts-basic-service,768b8832aa1f91a0,d5b64465148e0ede,8afe3272e4c41f2e,5395,200,queryForStationId,ts-ticketinfo-service
1650498832,ts-preserve-service,1ce241d98962ac2e,e76bb37d25fe899d,e76bb37d25fe899d,3673,200,GET,ts-preserve-service
1650498832,ts-preserve-service,d381205b366522e3,e76bb37d25fe899d,e76bb37d25fe899d,16183,200,GET,ts-preserve-service
1650498832,ts-route-service,12cd6e8171e18dc8,e8e40df4fea8dd8e,8afe3272e4c41f2e,2989,200,queryById,ts-travel-service
1650498832,ts-ticketinfo-service,66361969e27d00ef,48788bbf6f3c68df,8afe3272e4c41f2e,8963,200,queryForStationId,ts-travel-service
1650498832,ts-contacts-service,bcad465ad3bf645b,,bcad465ad3bf645b,3198,200,findContactsByAccountId,no_parent
1650498832,ts-verification-code-service,b19356a057635210,48022e9265d242d0,1bcc02948e9a0a9a,1985,200,verifyCode,ts-auth-service
1650498832,ts-auth-service,48022e9265d242d0,1bcc02948e9a0a9a,1bcc02948e9a0a9a,3732,200,GET,ts-auth-service
1650498832,ts-auth-service,1bcc02948e9a0a9a,,1bcc02948e9a0a9a,109733,200,getToken,no_parent
1650498832,ts-verification-code-service,ce039c292b9151f8,,ce039c292b9151f8,3004,200,imageCode,no_parent
1650498833,ts-travel-service,2ad0bc94820f4fbc,8afe3272e4c41f2e,8afe3272e4c41f2e,1968,200,GET,ts-travel-service
1650498833,ts-travel-service,7f817464f95a9116,8afe3272e4c41f2e,8afe3272e4c41f2e,3026,200,GET,ts-travel-service
1650498833,ts-travel-service,1a72cd9cc5f06afa,8afe3272e4c41f2e,8afe3272e4c41f2e,2198,200,GET,ts-travel-service
1650498833,ts-route-service,a1a47b52778c44ad,1a72cd9cc5f06afa,8afe3272e4c41f2e,2121,200,queryById,ts-travel-service
1650498833,ts-assurance-service,e201c17cbdc36241,,e201c17cbdc36241,1206,200,getAllAssuranceType,no_parent
1650498833,ts-route-service,18e11035328d1ac6,2ad0bc94820f4fbc,8afe3272e4c41f2e,1881,200,queryById,ts-travel-service
1650498833,ts-route-service,b75102c691e403b5,7f817464f95a9116,8afe3272e4c41f2e,2694,200,queryById,ts-travel-service
1650498893,ts-travel-service,3605741ece2e6430,10f5d18547b7ead5,10f5d18547b7ead5,11955,200,GET,ts-travel-service
1650498893,ts-travel-service,98010217944a3157,10f5d18547b7ead5,10f5d18547b7ead5,8096,200,GET,ts-travel-service
1650498893,ts-route-service,b608c9105bd67dd0,d21e29c6799d46f4,10f5d18547b7ead5,2130,200,queryById,ts-travel-service
1650498893,ts-verification-code-service,7ff5829c2b434156,4cecd4a7079b9f90,844897d177a45a68,1757,200,verifyCode,ts-auth-service
1650498893,ts-travel-service,4338590ef0c95fb,10f5d18547b7ead5,10f5d18547b7ead5,2622,200,GET,ts-travel-service
1650498893,ts-basic-service,2005901b85ce16a0,e78413b6dc3f717d,10f5d18547b7ead5,4892,200,queryForStationId,ts-ticketinfo-service
1650498893,ts-basic-service,ca72af40ce516cd0,811542a0fbf3a6e6,10f5d18547b7ead5,4094,200,GET,ts-basic-service
1650498893,ts-ticketinfo-service,808a8e258fd0d2f6,c27b18f4cef5057f,10f5d18547b7ead5,7821,200,GET,ts-ticketinfo-service
1650498893,ts-station-service,ccd3bed195005773,ca72af40ce516cd0,10f5d18547b7ead5,2675,200,queryForStationId,ts-basic-service
1650498893,ts-station-service,c818118ddf50dfa9,b0d196421fcb00cd,10f5d18547b7ead5,2241,200,queryForStationId,ts-basic-service
1650498893,ts-route-service,5fe045027fdce48,49bae65176018ca,10f5d18547b7ead5,2623,200,queryById,ts-travel-service
1650498893,ts-route-service,ee69e0f3333683c8,466cd05f2983a087,10f5d18547b7ead5,2535,200,queryById,ts-travel-service
1650498893,ts-ticketinfo-service,c27b18f4cef5057f,3605741ece2e6430,10f5d18547b7ead5,10334,200,queryForStationId,ts-travel-service
1650498893,ts-route-service,f6cf935d4a4f1a4,f9d84fe2512da4d9,10f5d18547b7ead5,2163,200,queryById,ts-travel-service
1650498893,ts-route-service,2dfbfa7480b8d0cb,4338590ef0c95fb,10f5d18547b7ead5,2196,200,queryById,ts-travel-service
1650498893,ts-travel-service,f9d84fe2512da4d9,10f5d18547b7ead5,10f5d18547b7ead5,2321,200,GET,ts-travel-service
1650498893,ts-travel-service,466cd05f2983a087,10f5d18547b7ead5,10f5d18547b7ead5,2693,200,GET,ts-travel-service
1650498893,ts-travel-service,10f5d18547b7ead5,,10f5d18547b7ead5,44174,200,queryInfo,no_parent
1650498893,ts-contacts-service,a797c49d5fe66702,,a797c49d5fe66702,3016,200,findContactsByAccountId,no_parent
1650498893,ts-order-service,885a3bf3df72f6e9,488996b4ae0d0f61,f0c8dcaae09690bd,3534,200,securityInfoCheck,ts-security-service
1650498893,ts-preserve-service,d03cc6db819893d,f0c8dcaae09690bd,f0c8dcaae09690bd,16631,200,GET,ts-preserve-service
1650498893,ts-preserve-service,7763e1d7781a8bfa,f0c8dcaae09690bd,f0c8dcaae09690bd,3624,200,GET,ts-preserve-service
1650498893,ts-preserve-service,f0c8dcaae09690bd,,f0c8dcaae09690bd,23397,200,preserve,no_parent
1650498893,ts-travel-service,49bae65176018ca,10f5d18547b7ead5,10f5d18547b7ead5,3909,200,GET,ts-travel-service
1650498893,ts-order-other-service,2778904e3f34b0a0,cb1c03611ce2d27d,f0c8dcaae09690bd,3626,200,securityInfoCheck,ts-security-service
1650498893,ts-security-service,488996b4ae0d0f61,eee296f16e7135d6,f0c8dcaae09690bd,5073,200,GET,ts-security-service
1650498893,ts-security-service,cb1c03611ce2d27d,eee296f16e7135d6,f0c8dcaae09690bd,5225,200,GET,ts-security-service
1650498893,ts-security-service,eee296f16e7135d6,d03cc6db819893d,f0c8dcaae09690bd,14953,200,check,ts-preserve-service
1650498893,ts-order-service,27284bd4fd751925,5a44eadd9f6278e1,5a44eadd9f6278e1,9553,200,POST,ts-order-service
1650498893,ts-basic-service,811542a0fbf3a6e6,808a8e258fd0d2f6,10f5d18547b7ead5,6606,200,queryForStationId,ts-ticketinfo-service
1650498893,ts-basic-service,b0d196421fcb00cd,2005901b85ce16a0,10f5d18547b7ead5,2903,200,GET,ts-basic-service
1650498893,ts-ticketinfo-service,914d721a3b925226,98010217944a3157,10f5d18547b7ead5,7609,200,queryForStationId,ts-travel-service
1650498893,ts-travel-service,d21e29c6799d46f4,10f5d18547b7ead5,10f5d18547b7ead5,2326,200,GET,ts-travel-service
1650498893,ts-contacts-service,dc3acd4bc08c489c,7763e1d7781a8bfa,f0c8dcaae09690bd,2226,200,getContactsByContactsId,ts-preserve-service
1650498893,ts-ticketinfo-service,e78413b6dc3f717d,914d721a3b925226,10f5d18547b7ead5,5537,200,GET,ts-ticketinfo-service
1650498893,ts-order-service,5a44eadd9f6278e1,,5a44eadd9f6278e1,12616,200,queryOrdersForRefresh,no_parent
1650498893,ts-station-service,a283329ea96ad7b2,27284bd4fd751925,5a44eadd9f6278e1,7354,200,queryForNameBatch,ts-order-service
1650498893,ts-auth-service,4cecd4a7079b9f90,844897d177a45a68,844897d177a45a68,3464,200,GET,ts-auth-service
1650498893,ts-auth-service,844897d177a45a68,,844897d177a45a68,111999,200,getToken,no_parent
1650498893,ts-assurance-service,bda53cd5af6d1834,,bda53cd5af6d1834,1828,200,getAllAssuranceType,no_parent
1650498893,ts-verification-code-service,7b384f082c7aac5b,,7b384f082c7aac5b,2614,200,imageCode,no_parent
1650498953,ts-travel-service,5949d3f549c4f560,691810ccaebf31d5,691810ccaebf31d5,2556,200,GET,ts-travel-service
1650498953,ts-travel-service,691810ccaebf31d5,,691810ccaebf31d5,43118,200,queryInfo,no_parent
1650498953,ts-basic-service,c22e9874424e33a0,80c0a309eebfc68f,691810ccaebf31d5,3545,200,GET,ts-basic-service
1650498953,ts-travel-service,2cd862df4f71529b,691810ccaebf31d5,691810ccaebf31d5,11292,200,GET,ts-travel-service
1650498953,ts-travel-service,91a87f383f3058e,691810ccaebf31d5,691810ccaebf31d5,2275,200,GET,ts-travel-service
1650498953,ts-route-service,a1fed4da2095d90a,83a6e4198007e2a9,691810ccaebf31d5,2604,200,queryById,ts-travel-service
1650498953,ts-route-service,af393bf7b87f404b,5949d3f549c4f560,691810ccaebf31d5,2129,200,queryById,ts-travel-service
1650498953,ts-route-service,53cccd83eef809de,400452890cd79f2f,691810ccaebf31d5,2144,200,queryById,ts-travel-service
1650498953,ts-basic-service,bb83f5f1eafa7051,f4683f7e521fc77,691810ccaebf31d5,2892,200,GET,ts-basic-service
1650498953,ts-basic-service,80c0a309eebfc68f,9f51cd7f2d171b0c,691810ccaebf31d5,6012,200,queryForStationId,ts-ticketinfo-service
1650498953,ts-basic-service,f4683f7e521fc77,88dad7674d9c365d,691810ccaebf31d5,4956,200,queryForStationId,ts-ticketinfo-service
1650498953,ts-auth-service,cfec9baf26c4ea8f,,cfec9baf26c4ea8f,111655,200,getToken,no_parent
1650498953,ts-verification-code-service,b3473b5c2e15c1f2,,b3473b5c2e15c1f2,2956,200,imageCode,no_parent
1650498953,ts-route-service,33c0a485d2289aa8,bc3eaba583368145,691810ccaebf31d5,2127,200,queryById,ts-travel-service
1650498953,ts-route-service,9562da5250832e1,91a87f383f3058e,691810ccaebf31d5,2106,200,queryById,ts-travel-service
1650498953,ts-station-service,84d3db439652d953,bb83f5f1eafa7051,691810ccaebf31d5,2174,200,queryForStationId,ts-basic-service
1650498953,ts-travel-service,83a6e4198007e2a9,691810ccaebf31d5,691810ccaebf31d5,3985,200,GET,ts-travel-service
1650498953,ts-travel-service,400452890cd79f2f,691810ccaebf31d5,691810ccaebf31d5,2326,200,GET,ts-travel-service
1650498953,ts-ticketinfo-service,9f51cd7f2d171b0c,2ac7f599263b5a66,691810ccaebf31d5,7120,200,GET,ts-ticketinfo-service
1650498953,ts-travel-service,25a7f13b2a7f4a06,691810ccaebf31d5,691810ccaebf31d5,8251,200,GET,ts-travel-service
1650498953,ts-preserve-service,a5a3174992b25d44,491be097cb75e049,491be097cb75e049,3669,200,GET,ts-preserve-service
1650498953,ts-order-other-service,993a2c62faad0f2e,257b54f36aea782,491be097cb75e049,2926,200,securityInfoCheck,ts-security-service
1650498953,ts-order-service,3279690460a17345,4e672067ce230261,491be097cb75e049,3386,200,securityInfoCheck,ts-security-service
1650498953,ts-preserve-service,e46a8dc7302fa487,491be097cb75e049,491be097cb75e049,24628,200,GET,ts-preserve-service
1650498953,ts-assurance-service,7c45e7b934750cdc,,7c45e7b934750cdc,1823,200,getAllAssuranceType,no_parent
1650498953,ts-station-service,8f37f618202a150a,c22e9874424e33a0,691810ccaebf31d5,2427,200,queryForStationId,ts-basic-service
1650498953,ts-security-service,4e672067ce230261,f4d9ea9223368622,491be097cb75e049,4770,200,GET,ts-security-service
1650498953,ts-security-service,257b54f36aea782,f4d9ea9223368622,491be097cb75e049,4405,200,GET,ts-security-service
1650498953,ts-security-service,f4d9ea9223368622,e46a8dc7302fa487,491be097cb75e049,13676,200,check,ts-preserve-service
1650498953,ts-contacts-service,4dc3c8755e14ff31,a5a3174992b25d44,491be097cb75e049,2377,200,getContactsByContactsId,ts-preserve-service
1650498953,ts-preserve-service,491be097cb75e049,,491be097cb75e049,31489,200,preserve,no_parent
1650498953,ts-ticketinfo-service,9e203df00f83caa0,25a7f13b2a7f4a06,691810ccaebf31d5,7777,200,queryForStationId,ts-travel-service
1650498953,ts-travel-service,bc3eaba583368145,691810ccaebf31d5,691810ccaebf31d5,2279,200,GET,ts-travel-service
1650498953,ts-contacts-service,6040ae4c251ae4f1,,6040ae4c251ae4f1,3183,200,findContactsByAccountId,no_parent
1650498953,ts-verification-code-service,82f16092f2f138ef,a48d91629ef2336a,cfec9baf26c4ea8f,1766,200,verifyCode,ts-auth-service
1650498953,ts-auth-service,a48d91629ef2336a,cfec9baf26c4ea8f,cfec9baf26c4ea8f,3474,200,GET,ts-auth-service
1650498953,ts-ticketinfo-service,2ac7f599263b5a66,2cd862df4f71529b,691810ccaebf31d5,9505,200,queryForStationId,ts-travel-service
1650498953,ts-ticketinfo-service,88dad7674d9c365d,9e203df00f83caa0,691810ccaebf31d5,5616,200,GET,ts-ticketinfo-service
1650498953,ts-order-service,f0f0e0a615422452,fd92ff0e5826003d,fd92ff0e5826003d,9451,200,POST,ts-order-service
1650498953,ts-station-service,8a8150a27261397c,f0f0e0a615422452,fd92ff0e5826003d,7892,200,queryForNameBatch,ts-order-service
1650498953,ts-order-service,fd92ff0e5826003d,,fd92ff0e5826003d,12326,200,queryOrdersForRefresh,no_parent
1650499013,ts-contacts-service,4b759ca749697aee,,4b759ca749697aee,4523,200,findContactsByAccountId,no_parent
1650499013,ts-contacts-service,1b8e505c2c2a803,863f36b129436478,3af42817b2b4e3a5,2664,200,getContactsByContactsId,ts-preserve-service
1650499013,ts-basic-service,7034f41371953747,2252a6b7818b59c8,35bbf6e3b19b8414,3231,200,queryForStationId,ts-ticketinfo-service
1650499013,ts-ticketinfo-service,ed7f04916fefb8be,7d35bcc9e7e5119b,35bbf6e3b19b8414,8790,200,queryForStationId,ts-travel-service
1650499013,ts-route-service,86bff13e53dd1a18,f972cf2ab3526514,35bbf6e3b19b8414,1477,200,queryById,ts-travel-service
1650499013,ts-route-service,a7ba0f780899df1d,94c9a5975293db4,35bbf6e3b19b8414,1524,200,queryById,ts-travel-service
1650499013,ts-basic-service,959246ed12176068,7034f41371953747,35bbf6e3b19b8414,1786,200,GET,ts-basic-service
1650499013,ts-basic-service,4f01d2b657eaa12,4d1acff48dc8795b,35bbf6e3b19b8414,5700,200,queryForStationId,ts-ticketinfo-service
1650499013,ts-route-service,c86bc6848f3eac38,d602eb0211a8aeda,35bbf6e3b19b8414,1277,200,queryById,ts-travel-service
1650499013,ts-route-service,44a5555d41050e7,fdf59d34a9a79b4e,35bbf6e3b19b8414,2138,200,queryById,ts-travel-service
1650499013,ts-route-service,a55dbd99b4241a02,818d39e6ba93a32e,35bbf6e3b19b8414,1866,200,queryById,ts-travel-service
1650499013,ts-travel-service,35bbf6e3b19b8414,,35bbf6e3b19b8414,34011,200,queryInfo,no_parent
1650499013,ts-travel-service,fdf59d34a9a79b4e,35bbf6e3b19b8414,35bbf6e3b19b8414,3040,200,GET,ts-travel-service
1650499013,ts-travel-service,f972cf2ab3526514,35bbf6e3b19b8414,35bbf6e3b19b8414,1598,200,GET,ts-travel-service
1650499013,ts-travel-service,e572f2371d9bb8da,35bbf6e3b19b8414,35bbf6e3b19b8414,5599,200,GET,ts-travel-service
1650499013,ts-travel-service,7d35bcc9e7e5119b,35bbf6e3b19b8414,35bbf6e3b19b8414,10405,200,GET,ts-travel-service
1650499013,ts-travel-service,818d39e6ba93a32e,35bbf6e3b19b8414,35bbf6e3b19b8414,2275,200,GET,ts-travel-service
1650499013,ts-ticketinfo-service,2252a6b7818b59c8,afc31fd6275d1f71,35bbf6e3b19b8414,3818,200,GET,ts-ticketinfo-service
1650499013,ts-travel-service,d602eb0211a8aeda,35bbf6e3b19b8414,35bbf6e3b19b8414,1361,200,GET,ts-travel-service
1650499013,ts-travel-service,94c9a5975293db4,35bbf6e3b19b8414,35bbf6e3b19b8414,1625,200,GET,ts-travel-service
1650499013,ts-basic-service,f2f622a4cf723212,4f01d2b657eaa12,35bbf6e3b19b8414,3201,200,GET,ts-basic-service
1650499013,ts-ticketinfo-service,4d1acff48dc8795b,ed7f04916fefb8be,35bbf6e3b19b8414,6548,200,GET,ts-ticketinfo-service
1650499013,ts-security-service,2f717a2f604b8b28,4fd76a62aaf19452,3af42817b2b4e3a5,13140,200,check,ts-preserve-service
1650499013,ts-security-service,28b57e1414205c5d,2f717a2f604b8b28,3af42817b2b4e3a5,4508,200,GET,ts-security-service
1650499013,ts-station-service,ee021c01683d8239,959246ed12176068,35bbf6e3b19b8414,1266,200,queryForStationId,ts-basic-service
1650499013,ts-station-service,d2fac614fcec2bcb,f2f622a4cf723212,35bbf6e3b19b8414,2150,200,queryForStationId,ts-basic-service
1650499013,ts-ticketinfo-service,afc31fd6275d1f71,e572f2371d9bb8da,35bbf6e3b19b8414,5195,200,queryForStationId,ts-travel-service
1650499013,ts-order-other-service,a90ecabdde1d5f6e,28b57e1414205c5d,3af42817b2b4e3a5,3051,200,securityInfoCheck,ts-security-service
1650499013,ts-preserve-service,863f36b129436478,3af42817b2b4e3a5,3af42817b2b4e3a5,4111,200,GET,ts-preserve-service
1650499013,ts-preserve-service,4fd76a62aaf19452,3af42817b2b4e3a5,3af42817b2b4e3a5,14985,200,GET,ts-preserve-service
1650499013,ts-preserve-service,3af42817b2b4e3a5,,3af42817b2b4e3a5,21750,200,preserve,no_parent
1650499013,ts-security-service,273a934ae0e5d90e,2f717a2f604b8b28,3af42817b2b4e3a5,4612,200,GET,ts-security-service
1650499013,ts-assurance-service,90aacd7a5b9516fc,,90aacd7a5b9516fc,1526,200,getAllAssuranceType,no_parent
1650499013,ts-order-service,3e2cd27fcf637914,273a934ae0e5d90e,3af42817b2b4e3a5,3403,200,securityInfoCheck,ts-security-service
1650499013,ts-order-service,d7c30195fa87a6c7,10b9b4700262a686,10b9b4700262a686,6467,200,POST,ts-order-service
1650499013,ts-order-service,10b9b4700262a686,,10b9b4700262a686,10260,200,queryOrdersForRefresh,no_parent
1650499013,ts-station-service,17ec8babcf58c314,d7c30195fa87a6c7,10b9b4700262a686,5086,200,queryForNameBatch,ts-order-service
1650499013,ts-verification-code-service,d298f9e599faf55e,af2753011c08717d,94c4c26e22057e10,1928,200,verifyCode,ts-auth-service
1650499013,ts-auth-service,94c4c26e22057e10,,94c4c26e22057e10,136439,200,getToken,no_parent
1650499013,ts-auth-service,af2753011c08717d,94c4c26e22057e10,94c4c26e22057e10,3846,200,GET,ts-auth-service
1650499013,ts-verification-code-service,28b641751ca9a6ab,,28b641751ca9a6ab,2537,200,imageCode,no_parent
1650499073,ts-auth-service,c521093154a8036,b620c0ebb1f81287,b620c0ebb1f81287,4001,200,GET,ts-auth-service
1650499073,ts-auth-service,b620c0ebb1f81287,,b620c0ebb1f81287,112227,200,getToken,no_parent
1650499073,ts-verification-code-service,4c8fe05408aeab6f,c521093154a8036,b620c0ebb1f81287,2026,200,verifyCode,ts-auth-service
1650499073,ts-verification-code-service,df03994fa074786b,,df03994fa074786b,3234,200,imageCode,no_parent
1650499073,ts-order-service,7f462ffd0fca9108,88fde2995251ceda,5f4f87b7ea037610,3530,200,securityInfoCheck,ts-security-service
1650499073,ts-contacts-service,a4b880c16c40bc62,5452236ff9d51c1c,5f4f87b7ea037610,2566,200,getContactsByContactsId,ts-preserve-service
1650499073,ts-security-service,2f2f63a0cd2758f0,167a416095adb299,5f4f87b7ea037610,14382,200,check,ts-preserve-service
1650499073,ts-security-service,f6df903a0a867394,2f2f63a0cd2758f0,5f4f87b7ea037610,4895,200,GET,ts-security-service
1650499073,ts-security-service,88fde2995251ceda,2f2f63a0cd2758f0,5f4f87b7ea037610,4954,200,GET,ts-security-service
1650499073,ts-preserve-service,5452236ff9d51c1c,5f4f87b7ea037610,5f4f87b7ea037610,4002,200,GET,ts-preserve-service
1650499073,ts-preserve-service,167a416095adb299,5f4f87b7ea037610,5f4f87b7ea037610,16091,200,GET,ts-preserve-service
1650499073,ts-order-other-service,c5a3056b8e873b3,f6df903a0a867394,5f4f87b7ea037610,3532,200,securityInfoCheck,ts-security-service
1650499073,ts-preserve-service,5f4f87b7ea037610,,5f4f87b7ea037610,23182,200,preserve,no_parent
1650499073,ts-order-service,99716a35c297464e,24cd12a05551df14,24cd12a05551df14,9744,200,POST,ts-order-service
1650499073,ts-order-service,24cd12a05551df14,,24cd12a05551df14,12753,200,queryOrdersForRefresh,no_parent
1650499073,ts-station-service,f35d711815277118,99716a35c297464e,24cd12a05551df14,8146,200,queryForNameBatch,ts-order-service
1650499073,ts-contacts-service,1b7ca2b36e889247,,1b7ca2b36e889247,3384,200,findContactsByAccountId,no_parent
1650499074,ts-travel-service,8db57189e6e80650,ac53aa99d71cf688,ac53aa99d71cf688,8379,200,GET,ts-travel-service
1650499074,ts-travel-service,11fd2a5e757d6eeb,ac53aa99d71cf688,ac53aa99d71cf688,2372,200,GET,ts-travel-service
1650499074,ts-travel-service,6866e076604b2dbf,ac53aa99d71cf688,ac53aa99d71cf688,11736,200,GET,ts-travel-service
1650499074,ts-route-service,5b227786fe6a628f,623ba688a0cdd487,ac53aa99d71cf688,2612,200,queryById,ts-travel-service
1650499074,ts-route-service,8105540d1a60f7d4,ed8ff80ee69ccb0f,ac53aa99d71cf688,2233,200,queryById,ts-travel-service
1650499074,ts-route-service,273ff177eae7c6be,11fd2a5e757d6eeb,ac53aa99d71cf688,2236,200,queryById,ts-travel-service
1650499074,ts-route-service,7e3491ce1e0f7045,a49f21bb811587ac,ac53aa99d71cf688,2250,200,queryById,ts-travel-service
1650499074,ts-travel-service,ac53aa99d71cf688,,ac53aa99d71cf688,46392,200,queryInfo,no_parent
1650499074,ts-travel-service,a49f21bb811587ac,ac53aa99d71cf688,ac53aa99d71cf688,2688,200,GET,ts-travel-service
1650499074,ts-travel-service,2f0c6e6dc2234f47,ac53aa99d71cf688,ac53aa99d71cf688,2410,200,GET,ts-travel-service
1650499074,ts-travel-service,ed8ff80ee69ccb0f,ac53aa99d71cf688,ac53aa99d71cf688,3674,200,GET,ts-travel-service
1650499074,ts-travel-service,623ba688a0cdd487,ac53aa99d71cf688,ac53aa99d71cf688,2775,200,GET,ts-travel-service
1650499074,ts-ticketinfo-service,90f1af367c1b8c62,6866e076604b2dbf,ac53aa99d71cf688,9919,200,queryForStationId,ts-travel-service
1650499074,ts-ticketinfo-service,fe7493f97cf59c40,90f1af367c1b8c62,ac53aa99d71cf688,7422,200,GET,ts-ticketinfo-service
1650499074,ts-ticketinfo-service,c9814d87a5a1e81b,aa85b05214a995c5,ac53aa99d71cf688,5811,200,GET,ts-ticketinfo-service
1650499074,ts-ticketinfo-service,aa85b05214a995c5,8db57189e6e80650,ac53aa99d71cf688,7885,200,queryForStationId,ts-travel-service
1650499074,ts-station-service,dda0d5658f5db666,48a21dc3a7e8efd,ac53aa99d71cf688,2828,200,queryForStationId,ts-basic-service
1650499074,ts-station-service,1da982d0547185,c437be447d03c4b9,ac53aa99d71cf688,2363,200,queryForStationId,ts-basic-service
1650499074,ts-route-service,59b9b8373f8c5e2d,2f0c6e6dc2234f47,ac53aa99d71cf688,2275,200,queryById,ts-travel-service
1650499074,ts-basic-service,c437be447d03c4b9,fca820b206fc015c,ac53aa99d71cf688,3040,200,GET,ts-basic-service
1650499074,ts-basic-service,fca820b206fc015c,c9814d87a5a1e81b,ac53aa99d71cf688,5060,200,queryForStationId,ts-ticketinfo-service
1650499074,ts-basic-service,48a21dc3a7e8efd,71ba473bb9f74279,ac53aa99d71cf688,3861,200,GET,ts-basic-service
1650499074,ts-basic-service,71ba473bb9f74279,fe7493f97cf59c40,ac53aa99d71cf688,6263,200,queryForStationId,ts-ticketinfo-service
1650499074,ts-assurance-service,4ab6b3ffa9c698a5,,4ab6b3ffa9c698a5,1886,200,getAllAssuranceType,no_parent
1650499134,ts-preserve-service,abab6a3897c8b2,48b82815bedd13b2,48b82815bedd13b2,16318,200,GET,ts-preserve-service
1650499134,ts-preserve-service,1fd8ebb02e510042,48b82815bedd13b2,48b82815bedd13b2,4029,200,GET,ts-preserve-service
1650499134,ts-security-service,386f3938e180131a,abab6a3897c8b2,48b82815bedd13b2,14563,200,check,ts-preserve-service
1650499134,ts-security-service,63b097e74202ec91,386f3938e180131a,48b82815bedd13b2,4991,200,GET,ts-security-service
1650499134,ts-security-service,a2b75cfccbe4f3a3,386f3938e180131a,48b82815bedd13b2,5037,200,GET,ts-security-service
1650499134,ts-contacts-service,27363b281e3b176d,1fd8ebb02e510042,48b82815bedd13b2,2716,200,getContactsByContactsId,ts-preserve-service
1650499134,ts-route-service,73e1ad3fd91da478,3eccd82491f1be5a,18cf4fb610f3f5b3,2292,200,queryById,ts-travel-service
1650499134,ts-travel-service,175454d8d04fd86,18cf4fb610f3f5b3,18cf4fb610f3f5b3,17023,200,GET,ts-travel-service
1650499134,ts-verification-code-service,6c37d6f70e98481c,,6c37d6f70e98481c,3085,200,imageCode,no_parent
1650499134,ts-auth-service,ced388df300cbaee,765306f0b6229a5a,765306f0b6229a5a,3690,200,GET,ts-auth-service
1650499134,ts-verification-code-service,13687ed08a708349,ced388df300cbaee,765306f0b6229a5a,1972,200,verifyCode,ts-auth-service
1650499134,ts-contacts-service,43240f24c14cd09,,43240f24c14cd09,3645,200,findContactsByAccountId,no_parent
1650499134,ts-order-service,a4985a677020d59f,63b097e74202ec91,48b82815bedd13b2,3594,200,securityInfoCheck,ts-security-service
1650499134,ts-preserve-service,48b82815bedd13b2,,48b82815bedd13b2,23457,200,preserve,no_parent
1650499134,ts-travel-service,c6cb76bad973c738,18cf4fb610f3f5b3,18cf4fb610f3f5b3,2440,200,GET,ts-travel-service
1650499134,ts-basic-service,22107e7282c9ba79,731832f644e5475,18cf4fb610f3f5b3,10566,200,queryForStationId,ts-ticketinfo-service
1650499134,ts-order-service,68cd5162c12958be,,68cd5162c12958be,12747,200,queryOrdersForRefresh,no_parent
1650499134,ts-ticketinfo-service,6de981cec4bbf652,d300d9cddc0006c6,18cf4fb610f3f5b3,8443,200,queryForStationId,ts-travel-service
1650499134,ts-station-service,d3eb0086347da5a0,568a129282b456db,18cf4fb610f3f5b3,6667,200,queryForStationId,ts-basic-service
1650499134,ts-station-service,5cefad7fd0be38b8,83bcb1861e6c5ec0,18cf4fb610f3f5b3,2640,200,queryForStationId,ts-basic-service
1650499134,ts-order-service,8d972912eda4cf36,68cd5162c12958be,68cd5162c12958be,9654,200,POST,ts-order-service
1650499134,ts-travel-service,d5a20cfbdf99c1f2,18cf4fb610f3f5b3,18cf4fb610f3f5b3,2103,200,GET,ts-travel-service
1650499134,ts-travel-service,d300d9cddc0006c6,18cf4fb610f3f5b3,18cf4fb610f3f5b3,8659,200,GET,ts-travel-service
1650499134,ts-travel-service,18cf4fb610f3f5b3,,18cf4fb610f3f5b3,52210,200,queryInfo,no_parent
1650499134,ts-travel-service,3eccd82491f1be5a,18cf4fb610f3f5b3,18cf4fb610f3f5b3,3193,200,GET,ts-travel-service
1650499134,ts-travel-service,b465f40f1c2d4ffa,18cf4fb610f3f5b3,18cf4fb610f3f5b3,4038,200,GET,ts-travel-service
1650499134,ts-basic-service,c7c1df125bf0b807,f71bf04f55cfb00,18cf4fb610f3f5b3,5395,200,queryForStationId,ts-ticketinfo-service
1650499134,ts-route-service,153102aa75d2505e,b465f40f1c2d4ffa,18cf4fb610f3f5b3,3010,200,queryById,ts-travel-service
1650499134,ts-route-service,74df5075655f04a0,d5a20cfbdf99c1f2,18cf4fb610f3f5b3,1967,200,queryById,ts-travel-service
1650499134,ts-ticketinfo-service,f71bf04f55cfb00,6de981cec4bbf652,18cf4fb610f3f5b3,5868,200,GET,ts-ticketinfo-service
1650499134,ts-travel-service,4abb79faf7e2f666,18cf4fb610f3f5b3,18cf4fb610f3f5b3,2029,200,GET,ts-travel-service
1650499134,ts-basic-service,83bcb1861e6c5ec0,c7c1df125bf0b807,18cf4fb610f3f5b3,2897,200,GET,ts-basic-service
1650499134,ts-basic-service,568a129282b456db,22107e7282c9ba79,18cf4fb610f3f5b3,8225,200,GET,ts-basic-service
1650499134,ts-auth-service,765306f0b6229a5a,,765306f0b6229a5a,136445,200,getToken,no_parent
1650499134,ts-ticketinfo-service,17a7440c7f703ea5,175454d8d04fd86,18cf4fb610f3f5b3,14066,200,queryForStationId,ts-travel-service
1650499134,ts-ticketinfo-service,731832f644e5475,17a7440c7f703ea5,18cf4fb610f3f5b3,12201,200,GET,ts-ticketinfo-service
1650499134,ts-route-service,dead05e1883e6566,4abb79faf7e2f666,18cf4fb610f3f5b3,1928,200,queryById,ts-travel-service
1650499134,ts-order-other-service,f05bd8839fcc49e5,a2b75cfccbe4f3a3,48b82815bedd13b2,3616,200,securityInfoCheck,ts-security-service
1650499134,ts-route-service,7818edbe640e25f8,c6cb76bad973c738,18cf4fb610f3f5b3,1939,200,queryById,ts-travel-service
1650499134,ts-assurance-service,75c4ab196161bbd9,,75c4ab196161bbd9,1512,200,getAllAssuranceType,no_parent
1650499134,ts-station-service,b2c5d0e59cc92d45,8d972912eda4cf36,68cd5162c12958be,8146,200,queryForNameBatch,ts-order-service
1650499194,ts-ticketinfo-service,9c824731d2c83f48,b6470fa870c9c2f7,2dc6f6e0cc3b57b8,7598,200,queryForStationId,ts-travel-service
1650499194,ts-station-service,e28dae1b12a6e4ca,d2cfdf74bda11cd8,2dc6f6e0cc3b57b8,2631,200,queryForStationId,ts-basic-service
1650499194,ts-basic-service,aa01dd85a7d58926,a1ec8d65f9164094,2dc6f6e0cc3b57b8,6337,200,queryForStationId,ts-ticketinfo-service
1650499194,ts-basic-service,db4ab897c17b4663,f69b90d091b4f853,2dc6f6e0cc3b57b8,2873,200,GET,ts-basic-service
1650499194,ts-basic-service,f69b90d091b4f853,cb2855abb60b8cdd,2dc6f6e0cc3b57b8,4859,200,queryForStationId,ts-ticketinfo-service
1650499194,ts-ticketinfo-service,2e8366b790156ae3,4844491ce6fcbac1,2dc6f6e0cc3b57b8,9874,200,queryForStationId,ts-travel-service
1650499194,ts-travel-service,70dd2cb73d0cc92,2dc6f6e0cc3b57b8,2dc6f6e0cc3b57b8,2626,200,GET,ts-travel-service
1650499194,ts-travel-service,b6470fa870c9c2f7,2dc6f6e0cc3b57b8,2dc6f6e0cc3b57b8,8081,200,GET,ts-travel-service
1650499194,ts-contacts-service,9e0c42702f3ca2a8,,9e0c42702f3ca2a8,3190,200,findContactsByAccountId,no_parent
1650499194,ts-verification-code-service,ff49f6e2d4e5aebd,a93f9b107b722a11,5269bd7503391e4a,2359,200,verifyCode,ts-auth-service
1650499194,ts-route-service,d8d1480cb2d8a870,40b4b4c5b579dd82,2dc6f6e0cc3b57b8,2708,200,queryById,ts-travel-service
1650499194,ts-travel-service,dc3219770253637b,2dc6f6e0cc3b57b8,2dc6f6e0cc3b57b8,2715,200,GET,ts-travel-service
1650499194,ts-travel-service,40b4b4c5b579dd82,2dc6f6e0cc3b57b8,2dc6f6e0cc3b57b8,4037,200,GET,ts-travel-service
1650499194,ts-travel-service,61f926e5a3b3ac57,2dc6f6e0cc3b57b8,2dc6f6e0cc3b57b8,2275,200,GET,ts-travel-service
1650499194,ts-ticketinfo-service,a1ec8d65f9164094,2e8366b790156ae3,2dc6f6e0cc3b57b8,7429,200,GET,ts-ticketinfo-service
1650499194,ts-security-service,5af7a0f54d2b5102,c0707df8d77c96a7,88995a20a07d440a,4796,200,GET,ts-security-service
1650499194,ts-security-service,c0707df8d77c96a7,4ed824c4c99b2cb8,88995a20a07d440a,14279,200,check,ts-preserve-service
1650499194,ts-verification-code-service,27a4967c34afb476,,27a4967c34afb476,3073,200,imageCode,no_parent
1650499194,ts-auth-service,5269bd7503391e4a,,5269bd7503391e4a,107051,200,getToken,no_parent
1650499194,ts-route-service,3b8e2c64fd3c5e7b,62168238d8fe727b,2dc6f6e0cc3b57b8,2181,200,queryById,ts-travel-service
1650499194,ts-route-service,2ea8bcec2e2c292d,70dd2cb73d0cc92,2dc6f6e0cc3b57b8,2199,200,queryById,ts-travel-service
1650499194,ts-security-service,4aa0374c03586dfd,c0707df8d77c96a7,88995a20a07d440a,4982,200,GET,ts-security-service
1650499194,ts-auth-service,a93f9b107b722a11,5269bd7503391e4a,5269bd7503391e4a,4219,200,GET,ts-auth-service
1650499194,ts-preserve-service,4ed824c4c99b2cb8,88995a20a07d440a,88995a20a07d440a,15853,200,GET,ts-preserve-service
1650499194,ts-order-other-service,e04b20d20b9b0329,5af7a0f54d2b5102,88995a20a07d440a,3456,200,securityInfoCheck,ts-security-service
1650499194,ts-ticketinfo-service,cb2855abb60b8cdd,9c824731d2c83f48,2dc6f6e0cc3b57b8,5544,200,GET,ts-ticketinfo-service
1650499194,ts-travel-service,4844491ce6fcbac1,2dc6f6e0cc3b57b8,2dc6f6e0cc3b57b8,11439,200,GET,ts-travel-service
1650499194,ts-station-service,309c67ff07c98d4c,db4ab897c17b4663,2dc6f6e0cc3b57b8,2213,200,queryForStationId,ts-basic-service
1650499194,ts-preserve-service,88995a20a07d440a,,88995a20a07d440a,22760,200,preserve,no_parent
1650499194,ts-order-service,20746c7b9d69b58,82d991af23d6d1ff,82d991af23d6d1ff,9747,200,POST,ts-order-service
1650499194,ts-route-service,b49dd1b80994628c,dc3219770253637b,2dc6f6e0cc3b57b8,2602,200,queryById,ts-travel-service
1650499194,ts-travel-service,2dc6f6e0cc3b57b8,,2dc6f6e0cc3b57b8,44940,200,queryInfo,no_parent
1650499194,ts-basic-service,d2cfdf74bda11cd8,aa01dd85a7d58926,2dc6f6e0cc3b57b8,3753,200,GET,ts-basic-service
1650499194,ts-travel-service,62168238d8fe727b,2dc6f6e0cc3b57b8,2dc6f6e0cc3b57b8,2303,200,GET,ts-travel-service
1650499194,ts-order-service,e830e5fafa28a7ea,4aa0374c03586dfd,88995a20a07d440a,3561,200,securityInfoCheck,ts-security-service
1650499194,ts-contacts-service,9c0591a78b2daec9,e7564ba484ada948,88995a20a07d440a,2637,200,getContactsByContactsId,ts-preserve-service
1650499194,ts-route-service,10495661d8260a81,61f926e5a3b3ac57,2dc6f6e0cc3b57b8,2102,200,queryById,ts-travel-service
1650499194,ts-preserve-service,e7564ba484ada948,88995a20a07d440a,88995a20a07d440a,3841,200,GET,ts-preserve-service
1650499194,ts-order-service,82d991af23d6d1ff,,82d991af23d6d1ff,12707,200,queryOrdersForRefresh,no_parent
1650499194,ts-station-service,f4e085127a6a1175,20746c7b9d69b58,82d991af23d6d1ff,8234,200,queryForNameBatch,ts-order-service
1650499194,ts-assurance-service,5d52771ea7b44031,,5d52771ea7b44031,1897,200,getAllAssuranceType,no_parent
1650499254,ts-station-service,b37e88c8669cab67,4a94030a273ee6a2,7435ec207c14b7f6,2343,200,queryForStationId,ts-basic-service
1650499254,ts-station-service,a5faa88feafbaf4,2614fe351a1bcbbf,7435ec207c14b7f6,2091,200,queryForStationId,ts-basic-service
1650499254,ts-travel-service,3d5687817c43e737,7435ec207c14b7f6,7435ec207c14b7f6,2313,200,GET,ts-travel-service
1650499254,ts-travel-service,811cb357b95dd8f2,7435ec207c14b7f6,7435ec207c14b7f6,2577,200,GET,ts-travel-service
1650499254,ts-travel-service,f605348538aba3f2,7435ec207c14b7f6,7435ec207c14b7f6,2284,200,GET,ts-travel-service
1650499254,ts-route-service,f172b981a75eab99,811cb357b95dd8f2,7435ec207c14b7f6,2118,200,queryById,ts-travel-service
1650499254,ts-route-service,8f7941bb367f08bd,163a4591ba417fd6,7435ec207c14b7f6,2210,200,queryById,ts-travel-service
1650499254,ts-route-service,d2ded0b4789a7cb0,f605348538aba3f2,7435ec207c14b7f6,2202,200,queryById,ts-travel-service
1650499254,ts-ticketinfo-service,da2bb422a7d678a5,dfbd78e87b24df67,7435ec207c14b7f6,10147,200,queryForStationId,ts-travel-service
1650499254,ts-ticketinfo-service,64842b52f0e4b9d5,c902ccf3ac8914fd,7435ec207c14b7f6,5592,200,GET,ts-ticketinfo-service
1650499254,ts-ticketinfo-service,4f4078c5990b6563,da2bb422a7d678a5,7435ec207c14b7f6,7351,200,GET,ts-ticketinfo-service
1650499254,ts-travel-service,58ee45f6f7947fa1,7435ec207c14b7f6,7435ec207c14b7f6,8159,200,GET,ts-travel-service
1650499254,ts-travel-service,d3af81cab29eda7a,7435ec207c14b7f6,7435ec207c14b7f6,4001,200,GET,ts-travel-service
1650499254,ts-travel-service,7435ec207c14b7f6,,7435ec207c14b7f6,44027,200,queryInfo,no_parent
1650499254,ts-travel-service,dfbd78e87b24df67,7435ec207c14b7f6,7435ec207c14b7f6,11745,200,GET,ts-travel-service
1650499254,ts-basic-service,d23d054967303079,64842b52f0e4b9d5,7435ec207c14b7f6,4901,200,queryForStationId,ts-ticketinfo-service
1650499254,ts-auth-service,f7f67d5311dc7bf,,f7f67d5311dc7bf,107425,200,getToken,no_parent
1650499254,ts-basic-service,4a94030a273ee6a2,8399aa2eec483298,7435ec207c14b7f6,3547,200,GET,ts-basic-service
1650499254,ts-basic-service,8399aa2eec483298,4f4078c5990b6563,7435ec207c14b7f6,6421,200,queryForStationId,ts-ticketinfo-service
1650499254,ts-basic-service,2614fe351a1bcbbf,d23d054967303079,7435ec207c14b7f6,2822,200,GET,ts-basic-service
1650499254,ts-travel-service,163a4591ba417fd6,7435ec207c14b7f6,7435ec207c14b7f6,2250,200,GET,ts-travel-service
1650499254,ts-route-service,dc77dceace538da3,3d5687817c43e737,7435ec207c14b7f6,2167,200,queryById,ts-travel-service
1650499254,ts-route-service,5e395e83e4e4098d,d3af81cab29eda7a,7435ec207c14b7f6,2637,200,queryById,ts-travel-service
1650499254,ts-preserve-service,3934ead17ae38230,61d52c30b9fc2c98,61d52c30b9fc2c98,3643,200,GET,ts-preserve-service
1650499254,ts-preserve-service,61d52c30b9fc2c98,,61d52c30b9fc2c98,22601,200,preserve,no_parent
1650499254,ts-order-other-service,ddcd984a461e6db1,e5022993d8ebf5b4,61d52c30b9fc2c98,3549,200,securityInfoCheck,ts-security-service
1650499254,ts-contacts-service,bb34db545ce02245,3934ead17ae38230,61d52c30b9fc2c98,2366,200,getContactsByContactsId,ts-preserve-service
1650499254,ts-security-service,acb6d2c3f5ba35bc,1c986f6b75729c79,61d52c30b9fc2c98,5009,200,GET,ts-security-service
1650499254,ts-preserve-service,42015333a94342b1,61d52c30b9fc2c98,61d52c30b9fc2c98,15837,200,GET,ts-preserve-service
1650499254,ts-security-service,e5022993d8ebf5b4,1c986f6b75729c79,61d52c30b9fc2c98,4837,200,GET,ts-security-service
1650499254,ts-security-service,1c986f6b75729c79,42015333a94342b1,61d52c30b9fc2c98,14423,200,check,ts-preserve-service
1650499254,ts-order-service,cdca1a094c006c91,acb6d2c3f5ba35bc,61d52c30b9fc2c98,3554,200,securityInfoCheck,ts-security-service
1650499254,ts-ticketinfo-service,c902ccf3ac8914fd,58ee45f6f7947fa1,7435ec207c14b7f6,7681,200,queryForStationId,ts-travel-service
1650499254,ts-assurance-service,e6563546d44f5412,,e6563546d44f5412,1835,200,getAllAssuranceType,no_parent
1650499254,ts-order-service,403b50a2013b3d0c,8b289e566503c95a,8b289e566503c95a,9223,200,POST,ts-order-service
1650499254,ts-station-service,cca988df8cc27d01,403b50a2013b3d0c,8b289e566503c95a,7687,200,queryForNameBatch,ts-order-service
1650499254,ts-verification-code-service,217d2a36d0b95639,f5ebb5c1bdf72801,f7f67d5311dc7bf,1997,200,verifyCode,ts-auth-service
1650499254,ts-auth-service,f5ebb5c1bdf72801,f7f67d5311dc7bf,f7f67d5311dc7bf,3661,200,GET,ts-auth-service
1650499254,ts-order-service,8b289e566503c95a,,8b289e566503c95a,12262,200,queryOrdersForRefresh,no_parent
1650499254,ts-contacts-service,5c8ff192fa7f92d4,,5c8ff192fa7f92d4,3344,200,findContactsByAccountId,no_parent
1650499254,ts-verification-code-service,6c13af609df7ff15,,6c13af609df7ff15,2995,200,imageCode,no_parent
1650499315,ts-verification-code-service,b0191e3766b92481,9bd438bccae89507,ac590a8fa01ec00f,1830,200,verifyCode,ts-auth-service
1650499315,ts-basic-service,ac5dca3a9aa98d86,ea6fcad560265cc1,f6899f8febd048fb,2815,200,GET,ts-basic-service
1650499315,ts-basic-service,b69e26d4da0c3a4,214f3e692c0b421a,f6899f8febd048fb,3701,200,GET,ts-basic-service
1650499315,ts-ticketinfo-service,3cbca8e2a7dabcc7,e708959072a7e30e,f6899f8febd048fb,7408,200,GET,ts-ticketinfo-service
1650499315,ts-ticketinfo-service,e708959072a7e30e,d527ed39c301ed43,f6899f8febd048fb,9911,200,queryForStationId,ts-travel-service
1650499315,ts-ticketinfo-service,c48daf6f22b3e6d4,ca3a4766a80fd828,f6899f8febd048fb,7545,200,queryForStationId,ts-travel-service
1650499315,ts-route-service,8a5df359648fb5ba,e989e1d593d7a515,f6899f8febd048fb,2176,200,queryById,ts-travel-service
1650499315,ts-basic-service,ea6fcad560265cc1,b2f6ac8a1f7f14c8,f6899f8febd048fb,4831,200,queryForStationId,ts-ticketinfo-service
1650499315,ts-ticketinfo-service,b2f6ac8a1f7f14c8,c48daf6f22b3e6d4,f6899f8febd048fb,5542,200,GET,ts-ticketinfo-service
1650499315,ts-auth-service,ac590a8fa01ec00f,,ac590a8fa01ec00f,112522,200,getToken,no_parent
1650499315,ts-security-service,1c36dcacb31ff22e,9fed3783345b903b,cd14395fee7f943c,4208,200,GET,ts-security-service
1650499315,ts-security-service,fd1862875937d527,9fed3783345b903b,cd14395fee7f943c,5287,200,GET,ts-security-service
1650499315,ts-security-service,9fed3783345b903b,362c61d816edad0d,cd14395fee7f943c,13594,200,check,ts-preserve-service
1650499315,ts-preserve-service,fa4ab360c37ea38b,cd14395fee7f943c,cd14395fee7f943c,4798,200,GET,ts-preserve-service
1650499315,ts-order-other-service,87207b00c18bbf,1c36dcacb31ff22e,cd14395fee7f943c,3151,200,securityInfoCheck,ts-security-service
1650499315,ts-contacts-service,82178f5d1817a3f2,,82178f5d1817a3f2,2693,200,findContactsByAccountId,no_parent
1650499315,ts-contacts-service,5d23c8e1d4e18f28,fa4ab360c37ea38b,cd14395fee7f943c,3553,200,getContactsByContactsId,ts-preserve-service
1650499315,ts-order-service,487440f334a17080,fd1862875937d527,cd14395fee7f943c,3567,200,securityInfoCheck,ts-security-service
1650499315,ts-preserve-service,cd14395fee7f943c,,cd14395fee7f943c,36487,200,preserve,no_parent
1650499315,ts-preserve-service,362c61d816edad0d,cd14395fee7f943c,cd14395fee7f943c,26005,200,GET,ts-preserve-service
1650499315,ts-travel-service,49d5c8a7e7b0c56c,f6899f8febd048fb,f6899f8febd048fb,2332,200,GET,ts-travel-service
1650499315,ts-travel-service,bf1074e421d66390,f6899f8febd048fb,f6899f8febd048fb,2293,200,GET,ts-travel-service
1650499315,ts-travel-service,d527ed39c301ed43,f6899f8febd048fb,f6899f8febd048fb,11483,200,GET,ts-travel-service
1650499315,ts-travel-service,ca3a4766a80fd828,f6899f8febd048fb,f6899f8febd048fb,8042,200,GET,ts-travel-service
1650499315,ts-route-service,a71e47158161cbc2,cdd8c423b70ab41d,f6899f8febd048fb,2512,200,queryById,ts-travel-service
1650499315,ts-auth-service,9bd438bccae89507,ac590a8fa01ec00f,ac590a8fa01ec00f,3523,200,GET,ts-auth-service
1650499315,ts-route-service,1bc4b68e5d7a3217,49d5c8a7e7b0c56c,f6899f8febd048fb,2185,200,queryById,ts-travel-service
1650499315,ts-travel-service,42de2f727d3bf15b,f6899f8febd048fb,f6899f8febd048fb,4326,200,GET,ts-travel-service
1650499315,ts-basic-service,214f3e692c0b421a,3cbca8e2a7dabcc7,f6899f8febd048fb,6279,200,queryForStationId,ts-ticketinfo-service
1650499315,ts-route-service,f05f9aa4ca630c8d,bf1074e421d66390,f6899f8febd048fb,2130,200,queryById,ts-travel-service
1650499315,ts-travel-service,f6899f8febd048fb,,f6899f8febd048fb,44485,200,queryInfo,no_parent
1650499315,ts-travel-service,cdd8c423b70ab41d,f6899f8febd048fb,f6899f8febd048fb,2971,200,GET,ts-travel-service
1650499315,ts-travel-service,e989e1d593d7a515,f6899f8febd048fb,f6899f8febd048fb,2338,200,GET,ts-travel-service
1650499315,ts-station-service,611b3d89d4a17cb3,ac5dca3a9aa98d86,f6899f8febd048fb,2169,200,queryForStationId,ts-basic-service
1650499315,ts-station-service,761339143c36f31c,b69e26d4da0c3a4,f6899f8febd048fb,2504,200,queryForStationId,ts-basic-service
1650499315,ts-route-service,2c3e505d6cfc9878,42de2f727d3bf15b,f6899f8febd048fb,2960,200,queryById,ts-travel-service
1650499315,ts-assurance-service,7c7dfcb82169a841,,7c7dfcb82169a841,1859,200,getAllAssuranceType,no_parent
1650499315,ts-order-service,7682aabe39290def,45ec2facd7c7d67d,45ec2facd7c7d67d,8859,200,POST,ts-order-service
1650499315,ts-order-service,45ec2facd7c7d67d,,45ec2facd7c7d67d,11973,200,queryOrdersForRefresh,no_parent
1650499315,ts-station-service,f570847f68471030,7682aabe39290def,45ec2facd7c7d67d,7222,200,queryForNameBatch,ts-order-service
1650499315,ts-verification-code-service,b1ba0eb50ec7db8e,,b1ba0eb50ec7db8e,2953,200,imageCode,no_parent
1650499375,ts-travel-service,532e880b01a16e95,1f6a3d7da25241f3,1f6a3d7da25241f3,11311,200,GET,ts-travel-service
1650499375,ts-travel-service,5715d4db11bed41e,1f6a3d7da25241f3,1f6a3d7da25241f3,2075,200,GET,ts-travel-service
1650499375,ts-station-service,c2ab8ce08766dd7f,b3d55717611c671f,c6ee2c8399182951,7920,200,queryForNameBatch,ts-order-service
1650499375,ts-basic-service,a40f2f35533f3dee,efc00f8894d2257,1f6a3d7da25241f3,3860,200,GET,ts-basic-service
1650499375,ts-ticketinfo-service,227d600eec1ba885,cdc71d773962cd4,1f6a3d7da25241f3,7322,200,GET,ts-ticketinfo-service
1650499375,ts-route-service,a416148b06c7962f,8892642e61023354,1f6a3d7da25241f3,11631,200,queryById,ts-travel-service
1650499375,ts-route-service,b4ea30870fb9b29d,a03e529582fcfeaa,1f6a3d7da25241f3,2751,200,queryById,ts-travel-service
1650499375,ts-verification-code-service,3a83296fda1f1a1d,fec222402d61856c,cf061337c15b328e,2291,200,verifyCode,ts-auth-service
1650499375,ts-auth-service,fec222402d61856c,cf061337c15b328e,cf061337c15b328e,4208,200,GET,ts-auth-service
1650499375,ts-contacts-service,f1016de23f4a65fc,cc7768c41de41857,1c9f30d0371d8db9,2673,200,getContactsByContactsId,ts-preserve-service
1650499375,ts-security-service,a0391188e1866081,a82e61b8ac891834,1c9f30d0371d8db9,21729,200,check,ts-preserve-service
1650499375,ts-security-service,edca38f7d00b6606,a0391188e1866081,1c9f30d0371d8db9,12416,200,GET,ts-security-service
1650499375,ts-security-service,288ab0850e6ca49b,a0391188e1866081,1c9f30d0371d8db9,4861,200,GET,ts-security-service
1650499375,ts-route-service,bb28b9a781e2130c,22d6bac9cf1eee72,1f6a3d7da25241f3,3298,200,queryById,ts-travel-service
1650499375,ts-route-service,697c6beb1d3d04da,1b82a5294d89aa30,1f6a3d7da25241f3,2756,200,queryById,ts-travel-service
1650499375,ts-preserve-service,a82e61b8ac891834,1c9f30d0371d8db9,1c9f30d0371d8db9,23317,200,GET,ts-preserve-service
1650499375,ts-basic-service,e341d58cc5cc425,b5b5cc0bef1dc465,1f6a3d7da25241f3,5436,200,queryForStationId,ts-ticketinfo-service
1650499375,ts-basic-service,d58b5ac8e4de5308,e341d58cc5cc425,1f6a3d7da25241f3,3329,200,GET,ts-basic-service
1650499375,ts-ticketinfo-service,cdc71d773962cd4,532e880b01a16e95,1f6a3d7da25241f3,9447,200,queryForStationId,ts-travel-service
1650499375,ts-ticketinfo-service,c3df621941919c02,bb1b8aabf890dc76,1f6a3d7da25241f3,8579,200,queryForStationId,ts-travel-service
1650499375,ts-order-service,a30d3424805dc69c,edca38f7d00b6606,1c9f30d0371d8db9,11070,200,securityInfoCheck,ts-security-service
1650499375,ts-ticketinfo-service,b5b5cc0bef1dc465,c3df621941919c02,1f6a3d7da25241f3,5982,200,GET,ts-ticketinfo-service
1650499375,ts-preserve-service,cc7768c41de41857,1c9f30d0371d8db9,1c9f30d0371d8db9,5016,200,GET,ts-preserve-service
1650499375,ts-preserve-service,1c9f30d0371d8db9,,1c9f30d0371d8db9,31569,200,preserve,no_parent
1650499375,ts-order-other-service,18dcb6d46cfd6e0c,288ab0850e6ca49b,1c9f30d0371d8db9,3548,200,securityInfoCheck,ts-security-service
1650499375,ts-travel-service,a03e529582fcfeaa,1f6a3d7da25241f3,1f6a3d7da25241f3,2294,200,GET,ts-travel-service
1650499375,ts-travel-service,1f6a3d7da25241f3,,1f6a3d7da25241f3,65547,200,queryInfo,no_parent
1650499375,ts-travel-service,1b82a5294d89aa30,1f6a3d7da25241f3,1f6a3d7da25241f3,9501,200,GET,ts-travel-service
1650499375,ts-travel-service,8892642e61023354,1f6a3d7da25241f3,1f6a3d7da25241f3,13381,200,GET,ts-travel-service
1650499375,ts-travel-service,bb1b8aabf890dc76,1f6a3d7da25241f3,1f6a3d7da25241f3,8816,200,GET,ts-travel-service
1650499375,ts-basic-service,efc00f8894d2257,227d600eec1ba885,1f6a3d7da25241f3,6419,200,queryForStationId,ts-ticketinfo-service
1650499375,ts-route-service,ded618e246615dbd,5715d4db11bed41e,1f6a3d7da25241f3,2589,200,queryById,ts-travel-service
1650499375,ts-station-service,a9a24aa7fee07a84,a40f2f35533f3dee,1f6a3d7da25241f3,2906,200,queryForStationId,ts-basic-service
1650499375,ts-station-service,661b1796c5113603,d58b5ac8e4de5308,1f6a3d7da25241f3,2180,200,queryForStationId,ts-basic-service
1650499375,ts-travel-service,22d6bac9cf1eee72,1f6a3d7da25241f3,1f6a3d7da25241f3,5702,200,GET,ts-travel-service
1650499375,ts-assurance-service,e131bd4385ca5e4,,e131bd4385ca5e4,1645,200,getAllAssuranceType,no_parent
1650499375,ts-auth-service,cf061337c15b328e,,cf061337c15b328e,133665,200,getToken,no_parent
1650499375,ts-order-service,b3d55717611c671f,c6ee2c8399182951,c6ee2c8399182951,9305,200,POST,ts-order-service
1650499375,ts-order-service,c6ee2c8399182951,,c6ee2c8399182951,12326,200,queryOrdersForRefresh,no_parent
1650499375,ts-contacts-service,95f1c4003a5b6eb9,,95f1c4003a5b6eb9,3634,200,findContactsByAccountId,no_parent
1650499375,ts-verification-code-service,b4f0df83e4e01e04,,b4f0df83e4e01e04,3193,200,imageCode,no_parent
1650499435,ts-verification-code-service,f31829c23ef7ffb2,2fb352376776d628,bb93a5cd7eb70b03,2409,200,verifyCode,ts-auth-service
1650499435,ts-verification-code-service,8b29f2555c27154,,8b29f2555c27154,3009,200,imageCode,no_parent
1650499435,ts-auth-service,2fb352376776d628,bb93a5cd7eb70b03,bb93a5cd7eb70b03,4103,200,GET,ts-auth-service
1650499435,ts-auth-service,bb93a5cd7eb70b03,,bb93a5cd7eb70b03,109604,200,getToken,no_parent
1650499435,ts-travel-service,a8897694af8d2bf1,,a8897694af8d2bf1,53481,200,queryInfo,no_parent
1650499435,ts-ticketinfo-service,412e8ecb5bb43e23,12dab92358844a3a,a8897694af8d2bf1,7286,200,queryForStationId,ts-travel-service
1650499435,ts-ticketinfo-service,c13a7cc424e94764,9d5d8e03a1e83534,a8897694af8d2bf1,9804,200,queryForStationId,ts-travel-service
1650499435,ts-travel-service,214de0c84571e25a,a8897694af8d2bf1,a8897694af8d2bf1,4260,200,GET,ts-travel-service
1650499435,ts-basic-service,bcf2da14d32a92ac,f70fdde1ca2e061c,a8897694af8d2bf1,6202,200,queryForStationId,ts-ticketinfo-service
1650499435,ts-route-service,c1d69ac1af921cf7,8130e95090466de6,a8897694af8d2bf1,2213,200,queryById,ts-travel-service
1650499435,ts-route-service,4147e0f21e4f8387,214de0c84571e25a,a8897694af8d2bf1,2935,200,queryById,ts-travel-service
1650499435,ts-ticketinfo-service,94d33663374e441b,412e8ecb5bb43e23,a8897694af8d2bf1,5179,200,GET,ts-ticketinfo-service
1650499435,ts-station-service,95b0bc6ad836167e,259ad83bf0eb22ad,a8897694af8d2bf1,2495,200,queryForStationId,ts-basic-service
1650499435,ts-travel-service,9d5d8e03a1e83534,a8897694af8d2bf1,a8897694af8d2bf1,11269,200,GET,ts-travel-service
1650499435,ts-ticketinfo-service,f70fdde1ca2e061c,c13a7cc424e94764,a8897694af8d2bf1,7299,200,GET,ts-ticketinfo-service
1650499435,ts-route-service,3a7f3389acc09944,651a4a370fd36761,a8897694af8d2bf1,2174,200,queryById,ts-travel-service
1650499435,ts-travel-service,12dab92358844a3a,a8897694af8d2bf1,a8897694af8d2bf1,7771,200,GET,ts-travel-service
1650499435,ts-station-service,be486751280fd666,25488e0138d51aad,a8897694af8d2bf1,2160,200,queryForStationId,ts-basic-service
1650499435,ts-security-service,84ea03d7a3701edb,ec868045fdc17fc3,2081bd6e027a9462,14531,200,check,ts-preserve-service
1650499435,ts-security-service,aa4a2a543dc1700d,84ea03d7a3701edb,2081bd6e027a9462,4971,200,GET,ts-security-service
1650499435,ts-order-other-service,4f354250360e92e3,dd0bf6d793ca4a24,2081bd6e027a9462,3659,200,securityInfoCheck,ts-security-service
1650499435,ts-contacts-service,30a8ea805d0b8359,43c1f8afe336aa4b,2081bd6e027a9462,2588,200,getContactsByContactsId,ts-preserve-service
1650499435,ts-order-service,fced337c68f2261f,aa4a2a543dc1700d,2081bd6e027a9462,3553,200,securityInfoCheck,ts-security-service
1650499435,ts-route-service,c7ac34100c1b9570,c230a5d0087113ff,a8897694af8d2bf1,2161,200,queryById,ts-travel-service
1650499435,ts-basic-service,259ad83bf0eb22ad,bcf2da14d32a92ac,a8897694af8d2bf1,3611,200,GET,ts-basic-service
1650499435,ts-security-service,dd0bf6d793ca4a24,84ea03d7a3701edb,2081bd6e027a9462,4966,200,GET,ts-security-service
1650499435,ts-preserve-service,ec868045fdc17fc3,2081bd6e027a9462,2081bd6e027a9462,15700,200,GET,ts-preserve-service
1650499435,ts-preserve-service,43c1f8afe336aa4b,2081bd6e027a9462,2081bd6e027a9462,3949,200,GET,ts-preserve-service
1650499435,ts-preserve-service,2081bd6e027a9462,,2081bd6e027a9462,22736,200,preserve,no_parent
1650499435,ts-travel-service,8130e95090466de6,a8897694af8d2bf1,a8897694af8d2bf1,2381,200,GET,ts-travel-service
1650499435,ts-basic-service,25488e0138d51aad,8ae4353352e2cb7,a8897694af8d2bf1,2777,200,GET,ts-basic-service
1650499435,ts-basic-service,8ae4353352e2cb7,94d33663374e441b,a8897694af8d2bf1,4533,200,queryForStationId,ts-ticketinfo-service
1650499435,ts-route-service,ffeff95867fdac3e,95e4a6ad34fab0e3,a8897694af8d2bf1,2176,200,queryById,ts-travel-service
1650499435,ts-travel-service,95e4a6ad34fab0e3,a8897694af8d2bf1,a8897694af8d2bf1,2703,200,GET,ts-travel-service
1650499435,ts-travel-service,c230a5d0087113ff,a8897694af8d2bf1,a8897694af8d2bf1,2296,200,GET,ts-travel-service
1650499435,ts-assurance-service,8b646e4f808ae886,,8b646e4f808ae886,1342,200,getAllAssuranceType,no_parent
1650499435,ts-travel-service,651a4a370fd36761,a8897694af8d2bf1,a8897694af8d2bf1,2344,200,GET,ts-travel-service
1650499435,ts-order-service,c347471b2aa8197f,515682b2303f1eea,515682b2303f1eea,9829,200,POST,ts-order-service
1650499435,ts-order-service,515682b2303f1eea,,515682b2303f1eea,12781,200,queryOrdersForRefresh,no_parent
1650499435,ts-station-service,b30ab4a555daf68e,c347471b2aa8197f,515682b2303f1eea,8357,200,queryForNameBatch,ts-order-service
1650499435,ts-contacts-service,bb2d28311fc7f3cc,,bb2d28311fc7f3cc,3626,200,findContactsByAccountId,no_parent
1650499495,ts-contacts-service,44b41f617c6cf114,32049ff0d3eb2650,51eed42498d56e6b,2620,200,getContactsByContactsId,ts-preserve-service
1650499495,ts-preserve-service,e9a13ba9f58122a6,51eed42498d56e6b,51eed42498d56e6b,15999,200,GET,ts-preserve-service
1650499495,ts-order-service,a0a5f1b56de8d3d3,4c7ecfca6bb9588d,51eed42498d56e6b,3483,200,securityInfoCheck,ts-security-service
1650499495,ts-station-service,27d0646f7036e9d4,e87cf9851370bfaa,db0a3d46ad9dde81,7798,200,queryForNameBatch,ts-order-service
1650499495,ts-preserve-service,51eed42498d56e6b,,51eed42498d56e6b,22900,200,preserve,no_parent
1650499495,ts-preserve-service,32049ff0d3eb2650,51eed42498d56e6b,51eed42498d56e6b,3812,200,GET,ts-preserve-service
1650499495,ts-auth-service,d2109b16428fa64d,,d2109b16428fa64d,123000,200,getToken,no_parent
1650499495,ts-auth-service,855e7e492eac14e1,d2109b16428fa64d,d2109b16428fa64d,3585,200,GET,ts-auth-service
1650499495,ts-security-service,be7ba050a22767c4,e9a13ba9f58122a6,51eed42498d56e6b,14391,200,check,ts-preserve-service
1650499495,ts-verification-code-service,96d0355390b97876,855e7e492eac14e1,d2109b16428fa64d,2032,200,verifyCode,ts-auth-service
1650499495,ts-security-service,4c7ecfca6bb9588d,be7ba050a22767c4,51eed42498d56e6b,4850,200,GET,ts-security-service
1650499495,ts-order-other-service,b87ee83cbb47e392,e170835717c77184,51eed42498d56e6b,3621,200,securityInfoCheck,ts-security-service
1650499495,ts-order-service,e87cf9851370bfaa,db0a3d46ad9dde81,db0a3d46ad9dde81,9315,200,POST,ts-order-service
1650499495,ts-order-service,db0a3d46ad9dde81,,db0a3d46ad9dde81,12390,200,queryOrdersForRefresh,no_parent
1650499495,ts-security-service,e170835717c77184,be7ba050a22767c4,51eed42498d56e6b,4994,200,GET,ts-security-service
1650499495,ts-contacts-service,fdf7ecd392766317,,fdf7ecd392766317,3587,200,findContactsByAccountId,no_parent
1650499495,ts-verification-code-service,4e01413c48902c87,,4e01413c48902c87,2989,200,imageCode,no_parent
1650499496,ts-route-service,c8a91abe435d1883,51ddecb3f3b6686,52ca9ac5b734d523,2009,200,queryById,ts-travel-service
1650499496,ts-route-service,57b9d9942bfcccde,c1244bc8cd9f5139,52ca9ac5b734d523,2244,200,queryById,ts-travel-service
1650499496,ts-route-service,55989aad049ed2f6,f3ad59db2fc7fd31,52ca9ac5b734d523,1912,200,queryById,ts-travel-service
1650499496,ts-route-service,44f2169873d8e1a,2c7cc8ad1ca57a7f,52ca9ac5b734d523,2181,200,queryById,ts-travel-service
1650499496,ts-station-service,5ee05aa598dbe27b,350e742809a8298c,52ca9ac5b734d523,2159,200,queryForStationId,ts-basic-service
1650499496,ts-ticketinfo-service,d201a732f4f71a38,60ceb866f3171a90,52ca9ac5b734d523,6412,200,GET,ts-ticketinfo-service
1650499496,ts-travel-service,ef1303d63dcf680e,52ca9ac5b734d523,52ca9ac5b734d523,3313,200,GET,ts-travel-service
1650499496,ts-travel-service,52ca9ac5b734d523,,52ca9ac5b734d523,45224,200,queryInfo,no_parent
1650499496,ts-ticketinfo-service,a05239f9b34faff1,19cfed0aa6fb7e1f,52ca9ac5b734d523,9398,200,queryForStationId,ts-travel-service
1650499496,ts-basic-service,ad0235e3c4e5cecd,ed714f6aea4c7d0e,52ca9ac5b734d523,3304,200,GET,ts-basic-service
1650499496,ts-travel-service,f3ad59db2fc7fd31,52ca9ac5b734d523,52ca9ac5b734d523,2366,200,GET,ts-travel-service
1650499496,ts-route-service,6112bf43ea60069c,ef1303d63dcf680e,52ca9ac5b734d523,2709,200,queryById,ts-travel-service
1650499496,ts-station-service,4f2c18e956be35e,ad0235e3c4e5cecd,52ca9ac5b734d523,2221,200,queryForStationId,ts-basic-service
1650499496,ts-ticketinfo-service,60ceb866f3171a90,66d4028656b9f71a,52ca9ac5b734d523,8391,200,queryForStationId,ts-travel-service
1650499496,ts-travel-service,c1244bc8cd9f5139,52ca9ac5b734d523,52ca9ac5b734d523,3848,200,GET,ts-travel-service
1650499496,ts-travel-service,66d4028656b9f71a,52ca9ac5b734d523,52ca9ac5b734d523,9207,200,GET,ts-travel-service
1650499496,ts-assurance-service,aa2354ad14f8bbd5,,aa2354ad14f8bbd5,1560,200,getAllAssuranceType,no_parent
1650499496,ts-basic-service,ed714f6aea4c7d0e,d201a732f4f71a38,52ca9ac5b734d523,5301,200,queryForStationId,ts-ticketinfo-service
1650499496,ts-basic-service,703befc485d32c97,942657c09399164a,52ca9ac5b734d523,6042,200,queryForStationId,ts-ticketinfo-service
1650499496,ts-travel-service,2c7cc8ad1ca57a7f,52ca9ac5b734d523,52ca9ac5b734d523,2669,200,GET,ts-travel-service
1650499496,ts-ticketinfo-service,942657c09399164a,a05239f9b34faff1,52ca9ac5b734d523,7519,200,GET,ts-ticketinfo-service
1650499496,ts-travel-service,19cfed0aa6fb7e1f,52ca9ac5b734d523,52ca9ac5b734d523,11358,200,GET,ts-travel-service
1650499496,ts-basic-service,350e742809a8298c,703befc485d32c97,52ca9ac5b734d523,3700,200,GET,ts-basic-service
1650499496,ts-travel-service,51ddecb3f3b6686,52ca9ac5b734d523,52ca9ac5b734d523,2727,200,GET,ts-travel-service
1650499556,ts-verification-code-service,51c792c22e516827,a948e5157e0b52e9,b51e4c03ac3b9c50,11175,200,verifyCode,ts-auth-service
1650499556,ts-route-service,f286d8af140a7624,49b60d189f65912b,f4baa2dcb6a6992b,2192,200,queryById,ts-travel-service
1650499556,ts-travel-service,6a4c793286e54123,f4baa2dcb6a6992b,f4baa2dcb6a6992b,2635,200,GET,ts-travel-service
1650499556,ts-travel-service,21751ae899908c27,f4baa2dcb6a6992b,f4baa2dcb6a6992b,9316,200,GET,ts-travel-service
1650499556,ts-travel-service,c322d5224a292b6c,f4baa2dcb6a6992b,f4baa2dcb6a6992b,2048,200,GET,ts-travel-service
1650499556,ts-travel-service,4a39008248629b52,f4baa2dcb6a6992b,f4baa2dcb6a6992b,18084,200,GET,ts-travel-service
1650499556,ts-route-service,ffc06d08abbfb9cf,c386506b40e3b78b,f4baa2dcb6a6992b,2200,200,queryById,ts-travel-service
1650499556,ts-ticketinfo-service,7bf0d34c74f72059,21751ae899908c27,f4baa2dcb6a6992b,8817,200,queryForStationId,ts-travel-service
1650499556,ts-route-service,e44f6eba207f5c6c,c322d5224a292b6c,f4baa2dcb6a6992b,1893,200,queryById,ts-travel-service
1650499556,ts-ticketinfo-service,a8c5b36c09db105,7bf0d34c74f72059,f4baa2dcb6a6992b,6514,200,GET,ts-ticketinfo-service
1650499556,ts-ticketinfo-service,e076c7fa9f1d45fc,bcccf6f44d34dc28,f4baa2dcb6a6992b,14039,200,GET,ts-ticketinfo-service
1650499556,ts-basic-service,aaff229ec10b883e,e076c7fa9f1d45fc,f4baa2dcb6a6992b,8974,200,queryForStationId,ts-ticketinfo-service
1650499556,ts-basic-service,61593fe73e34c6ec,a8c5b36c09db105,f4baa2dcb6a6992b,5507,200,queryForStationId,ts-ticketinfo-service
1650499556,ts-travel-service,49b60d189f65912b,f4baa2dcb6a6992b,f4baa2dcb6a6992b,2285,200,GET,ts-travel-service
1650499556,ts-assurance-service,5a861f201e094ce7,,5a861f201e094ce7,1876,200,getAllAssuranceType,no_parent
1650499556,ts-ticketinfo-service,bcccf6f44d34dc28,4a39008248629b52,f4baa2dcb6a6992b,16491,200,queryForStationId,ts-travel-service
1650499556,ts-auth-service,b51e4c03ac3b9c50,,b51e4c03ac3b9c50,126629,200,getToken,no_parent
1650499556,ts-verification-code-service,a850e61c11a9b6a8,,a850e61c11a9b6a8,3016,200,imageCode,no_parent
1650499556,ts-auth-service,a948e5157e0b52e9,b51e4c03ac3b9c50,b51e4c03ac3b9c50,3704,200,GET,ts-auth-service
1650499556,ts-station-service,f8b4e5e24d4865b,d7d935531ab72111,f4baa2dcb6a6992b,2524,200,queryForStationId,ts-basic-service
1650499556,ts-station-service,857ba767d987601e,7d6c14094c1b5182,f4baa2dcb6a6992b,2204,200,queryForStationId,ts-basic-service
1650499556,ts-preserve-service,bb079a6b70336c0,4e5973cf59bf026f,4e5973cf59bf026f,3940,200,GET,ts-preserve-service
1650499556,ts-travel-service,ebe992e3b05e84d1,f4baa2dcb6a6992b,f4baa2dcb6a6992b,3930,200,GET,ts-travel-service
1650499556,ts-travel-service,f4baa2dcb6a6992b,,f4baa2dcb6a6992b,50779,200,queryInfo,no_parent
1650499556,ts-route-service,915b85696144b77,ebe992e3b05e84d1,f4baa2dcb6a6992b,2632,200,queryById,ts-travel-service
1650499556,ts-route-service,40f908e224be98ad,6a4c793286e54123,f4baa2dcb6a6992b,2187,200,queryById,ts-travel-service
1650499556,ts-order-other-service,f8b23180f89ca114,c4f51cabbe46bce1,4e5973cf59bf026f,3570,200,securityInfoCheck,ts-security-service
1650499556,ts-security-service,c4f51cabbe46bce1,24a03e226683d08b,4e5973cf59bf026f,4924,200,GET,ts-security-service
1650499556,ts-contacts-service,c3e3ddf5da826a57,bb079a6b70336c0,4e5973cf59bf026f,2583,200,getContactsByContactsId,ts-preserve-service
1650499556,ts-order-service,df77f9276aae444b,c0140f239cbcd081,4e5973cf59bf026f,3564,200,securityInfoCheck,ts-security-service
1650499556,ts-security-service,24a03e226683d08b,1197fcfd07a2defa,4e5973cf59bf026f,14625,200,check,ts-preserve-service
1650499556,ts-security-service,c0140f239cbcd081,24a03e226683d08b,4e5973cf59bf026f,5070,200,GET,ts-security-service
1650499556,ts-preserve-service,1197fcfd07a2defa,4e5973cf59bf026f,4e5973cf59bf026f,16313,200,GET,ts-preserve-service
1650499556,ts-preserve-service,4e5973cf59bf026f,,4e5973cf59bf026f,23355,200,preserve,no_parent
1650499556,ts-order-service,924f1a7335a97b0d,7fa83dd822adae7a,7fa83dd822adae7a,9789,200,POST,ts-order-service
1650499556,ts-station-service,c27dd34c8a9fb2ee,924f1a7335a97b0d,7fa83dd822adae7a,8212,200,queryForNameBatch,ts-order-service
1650499556,ts-travel-service,c386506b40e3b78b,f4baa2dcb6a6992b,f4baa2dcb6a6992b,2308,200,GET,ts-travel-service
1650499556,ts-order-service,7fa83dd822adae7a,,7fa83dd822adae7a,12818,200,queryOrdersForRefresh,no_parent
1650499556,ts-basic-service,d7d935531ab72111,aaff229ec10b883e,f4baa2dcb6a6992b,4175,200,GET,ts-basic-service
1650499556,ts-basic-service,7d6c14094c1b5182,61593fe73e34c6ec,f4baa2dcb6a6992b,2952,200,GET,ts-basic-service
1650499556,ts-contacts-service,187873a8fa246334,,187873a8fa246334,3422,200,findContactsByAccountId,no_parent
1650499616,ts-travel-service,30551c8f5713433d,f36319c594cfd2f,f36319c594cfd2f,5235,200,GET,ts-travel-service
1650499616,ts-travel-service,508ced37e0b9ac77,f36319c594cfd2f,f36319c594cfd2f,2309,200,GET,ts-travel-service
1650499616,ts-route-service,79cfef6dc1c38a21,78880ee227065bd2,f36319c594cfd2f,2223,200,queryById,ts-travel-service
1650499616,ts-basic-service,ac9f608cb836c11c,a622e9f0142007ff,f36319c594cfd2f,6283,200,queryForStationId,ts-ticketinfo-service
1650499616,ts-basic-service,9752df73a4551464,ca3e81903b5df4a3,f36319c594cfd2f,5648,200,queryForStationId,ts-ticketinfo-service
1650499616,ts-basic-service,54fb06be27db33d0,ac9f608cb836c11c,f36319c594cfd2f,3774,200,GET,ts-basic-service
1650499616,ts-basic-service,4dafab00b7b4dded,9752df73a4551464,f36319c594cfd2f,3336,200,GET,ts-basic-service
1650499616,ts-route-service,4f1e12c9104f4880,30551c8f5713433d,f36319c594cfd2f,2149,200,queryById,ts-travel-service
1650499616,ts-route-service,7bd5fd78ae168810,b055afde27a76d61,f36319c594cfd2f,1905,200,queryById,ts-travel-service
1650499616,ts-route-service,ddd7a2ecbc3f2d3a,508ced37e0b9ac77,f36319c594cfd2f,1862,200,queryById,ts-travel-service
1650499616,ts-route-service,9991445ec0a21d8,dff695673ae9dc15,f36319c594cfd2f,2265,200,queryById,ts-travel-service
1650499616,ts-travel-service,dff695673ae9dc15,f36319c594cfd2f,f36319c594cfd2f,4023,200,GET,ts-travel-service
1650499616,ts-ticketinfo-service,266cda4bac26722a,fc9f3ac639fb05d5,f36319c594cfd2f,9868,200,queryForStationId,ts-travel-service
1650499616,ts-ticketinfo-service,dfb48a4cb587b884,c7ab18b2bbe9fbd2,f36319c594cfd2f,9402,200,queryForStationId,ts-travel-service
1650499616,ts-ticketinfo-service,ca3e81903b5df4a3,dfb48a4cb587b884,f36319c594cfd2f,7400,200,GET,ts-ticketinfo-service
1650499616,ts-travel-service,c7ab18b2bbe9fbd2,f36319c594cfd2f,f36319c594cfd2f,10246,200,GET,ts-travel-service
1650499616,ts-travel-service,b055afde27a76d61,f36319c594cfd2f,f36319c594cfd2f,2374,200,GET,ts-travel-service
1650499616,ts-travel-service,78880ee227065bd2,f36319c594cfd2f,f36319c594cfd2f,2796,200,GET,ts-travel-service
1650499616,ts-travel-service,f36319c594cfd2f,,f36319c594cfd2f,53550,200,queryInfo,no_parent
1650499616,ts-order-service,a8db5be3754ea6d8,b70891c3b4bd5a4e,ebbb785b54d6eb1e,3297,200,securityInfoCheck,ts-security-service
1650499616,ts-preserve-service,9c8eeefa744fc103,ebbb785b54d6eb1e,ebbb785b54d6eb1e,14290,200,GET,ts-preserve-service
1650499616,ts-preserve-service,2f112a032c6ba5a9,ebbb785b54d6eb1e,ebbb785b54d6eb1e,3950,200,GET,ts-preserve-service
1650499616,ts-station-service,2a9c03a1586e8b25,4dafab00b7b4dded,f36319c594cfd2f,2166,200,queryForStationId,ts-basic-service
1650499616,ts-order-service,df700e3a121e286b,,df700e3a121e286b,10229,200,queryOrdersForRefresh,no_parent
1650499616,ts-station-service,e04bf4427321df2a,9f5c1e9842467f50,df700e3a121e286b,5132,200,queryForNameBatch,ts-order-service
1650499616,ts-ticketinfo-service,a622e9f0142007ff,266cda4bac26722a,f36319c594cfd2f,8024,200,GET,ts-ticketinfo-service
1650499616,ts-station-service,eec79ce9cc63845e,54fb06be27db33d0,f36319c594cfd2f,2266,200,queryForStationId,ts-basic-service
1650499616,ts-security-service,b70891c3b4bd5a4e,adb7d4205fad5f6f,ebbb785b54d6eb1e,4522,200,GET,ts-security-service
1650499616,ts-security-service,14b601fc74aeb918,adb7d4205fad5f6f,ebbb785b54d6eb1e,4440,200,GET,ts-security-service
1650499616,ts-order-other-service,2b221fe5e35b923e,14b601fc74aeb918,ebbb785b54d6eb1e,3051,200,securityInfoCheck,ts-security-service
1650499616,ts-contacts-service,7c1cb0f141891dd2,,7c1cb0f141891dd2,2887,200,findContactsByAccountId,no_parent
1650499616,ts-security-service,adb7d4205fad5f6f,9c8eeefa744fc103,ebbb785b54d6eb1e,12919,200,check,ts-preserve-service
1650499616,ts-order-service,9f5c1e9842467f50,df700e3a121e286b,df700e3a121e286b,6533,200,POST,ts-order-service
1650499616,ts-travel-service,fc9f3ac639fb05d5,f36319c594cfd2f,f36319c594cfd2f,12311,200,GET,ts-travel-service
1650499616,ts-preserve-service,ebbb785b54d6eb1e,,ebbb785b54d6eb1e,21015,200,preserve,no_parent
1650499616,ts-contacts-service,bfefb327ab3a3f27,2f112a032c6ba5a9,ebbb785b54d6eb1e,2528,200,getContactsByContactsId,ts-preserve-service
1650499616,ts-verification-code-service,50e85a6f9c566a93,,50e85a6f9c566a93,2524,200,imageCode,no_parent
1650499616,ts-verification-code-service,58be33fc29d76292,cdc1e41af005c41d,1b6eae9a07a33bdd,1928,200,verifyCode,ts-auth-service
1650499616,ts-auth-service,cdc1e41af005c41d,1b6eae9a07a33bdd,1b6eae9a07a33bdd,3800,200,GET,ts-auth-service
1650499616,ts-auth-service,1b6eae9a07a33bdd,,1b6eae9a07a33bdd,135214,200,getToken,no_parent
1650499616,ts-assurance-service,a0fa9c6d90b59e0c,,a0fa9c6d90b59e0c,1627,200,getAllAssuranceType,no_parent
1650499676,ts-verification-code-service,eaf1f8be51e9f503,f5d1ee948b8a8f6c,4760fb5ef30cd0fd,1965,200,verifyCode,ts-auth-service
1650499676,ts-auth-service,4760fb5ef30cd0fd,,4760fb5ef30cd0fd,112570,200,getToken,no_parent
1650499676,ts-preserve-service,e12f6b911d5a9d59,897258ea586f9cee,897258ea586f9cee,15594,200,GET,ts-preserve-service
1650499676,ts-contacts-service,e5f3f4a7816f3d56,e12f6b911d5a9d59,897258ea586f9cee,14417,200,getContactsByContactsId,ts-preserve-service
1650499676,ts-order-service,799698666d1ee897,f80b0e0670df8c34,897258ea586f9cee,3729,200,securityInfoCheck,ts-security-service
1650499676,ts-preserve-service,26a3fc18b148edf2,897258ea586f9cee,897258ea586f9cee,16129,200,GET,ts-preserve-service
1650499676,ts-security-service,22cb8013237b1991,26a3fc18b148edf2,897258ea586f9cee,14555,200,check,ts-preserve-service
1650499676,ts-security-service,c26cae93780e2cf8,22cb8013237b1991,897258ea586f9cee,4886,200,GET,ts-security-service
1650499676,ts-security-service,f80b0e0670df8c34,22cb8013237b1991,897258ea586f9cee,5140,200,GET,ts-security-service
1650499676,ts-auth-service,f5d1ee948b8a8f6c,4760fb5ef30cd0fd,4760fb5ef30cd0fd,3614,200,GET,ts-auth-service
1650499676,ts-verification-code-service,437e74088b4a4055,,437e74088b4a4055,2777,200,imageCode,no_parent
1650499676,ts-order-other-service,c19d693247695504,c26cae93780e2cf8,897258ea586f9cee,3539,200,securityInfoCheck,ts-security-service
1650499676,ts-preserve-service,897258ea586f9cee,,897258ea586f9cee,34838,200,preserve,no_parent
1650499676,ts-order-service,a1d1681bbf380916,adc7141976cb002d,adc7141976cb002d,9464,200,POST,ts-order-service
1650499676,ts-order-service,adc7141976cb002d,,adc7141976cb002d,12423,200,queryOrdersForRefresh,no_parent
1650499676,ts-station-service,77d588588e45389e,a1d1681bbf380916,adc7141976cb002d,8153,200,queryForNameBatch,ts-order-service
1650499676,ts-contacts-service,bee8f48b40a64bed,,bee8f48b40a64bed,3390,200,findContactsByAccountId,no_parent
1650499677,ts-station-service,3564688f97df86c9,d5e9d7e587c944e5,b4ad1cc44945711d,2860,200,queryForStationId,ts-basic-service
1650499677,ts-travel-service,f5dfca5a6a907d04,b4ad1cc44945711d,b4ad1cc44945711d,2258,200,GET,ts-travel-service
1650499677,ts-travel-service,44e156a14e8afb41,b4ad1cc44945711d,b4ad1cc44945711d,2441,200,GET,ts-travel-service
1650499677,ts-travel-service,a0c57ceef9fd1e8d,b4ad1cc44945711d,b4ad1cc44945711d,12348,200,GET,ts-travel-service
1650499677,ts-route-service,ce9c53e6c01fe5db,6ebf3301f1164d7a,b4ad1cc44945711d,2301,200,queryById,ts-travel-service
1650499677,ts-travel-service,4c98e1a80fd3fb63,b4ad1cc44945711d,b4ad1cc44945711d,12547,200,GET,ts-travel-service
1650499677,ts-route-service,a4fcc6ae47b07e47,3661a8c1146fad8b,b4ad1cc44945711d,2150,200,queryById,ts-travel-service
1650499677,ts-basic-service,11ff3147a335b95,cd8efcd15ab11f51,b4ad1cc44945711d,6852,200,queryForStationId,ts-ticketinfo-service
1650499677,ts-basic-service,99815687c7c0d577,875ff66e7122538a,b4ad1cc44945711d,6794,200,GET,ts-basic-service
1650499677,ts-basic-service,875ff66e7122538a,ba5ccd4b54b9a1d7,b4ad1cc44945711d,9327,200,queryForStationId,ts-ticketinfo-service
1650499677,ts-ticketinfo-service,e4ea431b16012657,4c98e1a80fd3fb63,b4ad1cc44945711d,11024,200,queryForStationId,ts-travel-service
1650499677,ts-ticketinfo-service,cd8efcd15ab11f51,e4ea431b16012657,b4ad1cc44945711d,8548,200,GET,ts-ticketinfo-service
1650499677,ts-ticketinfo-service,34e4a00de9f74dbb,a0c57ceef9fd1e8d,b4ad1cc44945711d,11929,200,queryForStationId,ts-travel-service
1650499677,ts-ticketinfo-service,ba5ccd4b54b9a1d7,34e4a00de9f74dbb,b4ad1cc44945711d,9982,200,GET,ts-ticketinfo-service
1650499677,ts-station-service,56a139cce718ddf9,99815687c7c0d577,b4ad1cc44945711d,5419,200,queryForStationId,ts-basic-service
1650499677,ts-route-service,29edd99b9e2dab12,f5dfca5a6a907d04,b4ad1cc44945711d,2148,200,queryById,ts-travel-service
1650499677,ts-route-service,cdd84816ec53a882,44e156a14e8afb41,b4ad1cc44945711d,2014,200,queryById,ts-travel-service
1650499677,ts-travel-service,f6b344e574835943,b4ad1cc44945711d,b4ad1cc44945711d,2187,200,GET,ts-travel-service
1650499677,ts-travel-service,6ebf3301f1164d7a,b4ad1cc44945711d,b4ad1cc44945711d,3609,200,GET,ts-travel-service
1650499677,ts-travel-service,b4ad1cc44945711d,,b4ad1cc44945711d,47039,200,queryInfo,no_parent
1650499677,ts-travel-service,3661a8c1146fad8b,b4ad1cc44945711d,b4ad1cc44945711d,2257,200,GET,ts-travel-service
1650499677,ts-basic-service,d5e9d7e587c944e5,11ff3147a335b95,b4ad1cc44945711d,3953,200,GET,ts-basic-service
1650499677,ts-assurance-service,8a1049b450f264ad,,8a1049b450f264ad,1950,200,getAllAssuranceType,no_parent
1650499677,ts-route-service,6320a9ffa0101c16,f6b344e574835943,b4ad1cc44945711d,2022,200,queryById,ts-travel-service
1650499737,ts-verification-code-service,2df3f94d5ee53c2e,65338d3bfa27ef5b,e5ef4f4d5fc2bccf,1956,200,verifyCode,ts-auth-service
1650499737,ts-auth-service,65338d3bfa27ef5b,e5ef4f4d5fc2bccf,e5ef4f4d5fc2bccf,4236,200,GET,ts-auth-service
1650499737,ts-auth-service,e5ef4f4d5fc2bccf,,e5ef4f4d5fc2bccf,114985,200,getToken,no_parent
1650499737,ts-ticketinfo-service,93b97cb7f133b779,91bfc5a4d15eec3d,dccccf1f4ed982f5,8167,200,queryForStationId,ts-travel-service
1650499737,ts-ticketinfo-service,12519eed88921239,93b97cb7f133b779,dccccf1f4ed982f5,5659,200,GET,ts-ticketinfo-service
1650499737,ts-order-service,9c1107296486bbe6,27fa597ea1a8431d,77a547f597e2568e,3529,200,securityInfoCheck,ts-security-service
1650499737,ts-ticketinfo-service,55b131f2dde692ab,66e51a96602cec58,dccccf1f4ed982f5,10511,200,GET,ts-ticketinfo-service
1650499737,ts-ticketinfo-service,66e51a96602cec58,f8be51362047e755,dccccf1f4ed982f5,13480,200,queryForStationId,ts-travel-service
1650499737,ts-contacts-service,3680d080996ac245,22c4015de2512381,77a547f597e2568e,2861,200,getContactsByContactsId,ts-preserve-service
1650499737,ts-order-service,29f94c48b5267dd4,db451b0c85b51e6e,db451b0c85b51e6e,9606,200,POST,ts-order-service
1650499737,ts-order-service,db451b0c85b51e6e,,db451b0c85b51e6e,12662,200,queryOrdersForRefresh,no_parent
1650499737,ts-station-service,ba49b644b1df37fa,29f94c48b5267dd4,db451b0c85b51e6e,7976,200,queryForNameBatch,ts-order-service
1650499737,ts-route-service,fedc8b7ab870540a,46fc3a18446ad580,dccccf1f4ed982f5,2271,200,queryById,ts-travel-service
1650499737,ts-route-service,e47a776c8fd596b9,aa04079679c0e129,dccccf1f4ed982f5,1737,200,queryById,ts-travel-service
1650499737,ts-route-service,a6e80f69f729e6d6,14c69381e55ecf1d,dccccf1f4ed982f5,1832,200,queryById,ts-travel-service
1650499737,ts-route-service,879a954a4b63ec48,d5e1be015c0c4c18,dccccf1f4ed982f5,1946,200,queryById,ts-travel-service
1650499737,ts-route-service,408cc87e835ca860,92021810e32cdac8,dccccf1f4ed982f5,1768,200,queryById,ts-travel-service
1650499737,ts-travel-service,f8be51362047e755,dccccf1f4ed982f5,dccccf1f4ed982f5,15789,200,GET,ts-travel-service
1650499737,ts-travel-service,d5e1be015c0c4c18,dccccf1f4ed982f5,dccccf1f4ed982f5,2429,200,GET,ts-travel-service
1650499737,ts-travel-service,91bfc5a4d15eec3d,dccccf1f4ed982f5,dccccf1f4ed982f5,8854,200,GET,ts-travel-service
1650499737,ts-travel-service,46fc3a18446ad580,dccccf1f4ed982f5,dccccf1f4ed982f5,4124,200,GET,ts-travel-service
1650499737,ts-travel-service,14c69381e55ecf1d,dccccf1f4ed982f5,dccccf1f4ed982f5,2023,200,GET,ts-travel-service
1650499737,ts-travel-service,dccccf1f4ed982f5,,dccccf1f4ed982f5,51470,200,queryInfo,no_parent
1650499737,ts-travel-service,aa04079679c0e129,dccccf1f4ed982f5,dccccf1f4ed982f5,1932,200,GET,ts-travel-service
1650499737,ts-basic-service,29bd196bb01e9aed,70d980851068d77d,dccccf1f4ed982f5,5014,200,GET,ts-basic-service
1650499737,ts-basic-service,70d980851068d77d,55b131f2dde692ab,dccccf1f4ed982f5,8563,200,queryForStationId,ts-ticketinfo-service
1650499737,ts-basic-service,d3ccdc8c81bda2cd,b9ecd9c2f67230f,dccccf1f4ed982f5,2760,200,GET,ts-basic-service
1650499737,ts-basic-service,b9ecd9c2f67230f,12519eed88921239,dccccf1f4ed982f5,5064,200,queryForStationId,ts-ticketinfo-service
1650499737,ts-preserve-service,e4dc0ed61173d443,77a547f597e2568e,77a547f597e2568e,16230,200,GET,ts-preserve-service
1650499737,ts-preserve-service,22c4015de2512381,77a547f597e2568e,77a547f597e2568e,4012,200,GET,ts-preserve-service
1650499737,ts-order-other-service,7a3b59ea3b062b7d,bf7e8f5589a26642,77a547f597e2568e,3599,200,securityInfoCheck,ts-security-service
1650499737,ts-security-service,27fa597ea1a8431d,abc8b48e234b95cf,77a547f597e2568e,4985,200,GET,ts-security-service
1650499737,ts-security-service,abc8b48e234b95cf,e4dc0ed61173d443,77a547f597e2568e,14557,200,check,ts-preserve-service
1650499737,ts-security-service,bf7e8f5589a26642,abc8b48e234b95cf,77a547f597e2568e,4949,200,GET,ts-security-service
1650499737,ts-station-service,62ec9fba9e2b3af7,d3ccdc8c81bda2cd,dccccf1f4ed982f5,2130,200,queryForStationId,ts-basic-service
1650499737,ts-station-service,776b786b6bb53a5f,29bd196bb01e9aed,dccccf1f4ed982f5,3730,200,queryForStationId,ts-basic-service
1650499737,ts-travel-service,92021810e32cdac8,dccccf1f4ed982f5,dccccf1f4ed982f5,1970,200,GET,ts-travel-service
1650499737,ts-verification-code-service,b73dcc8bb3d46d3b,,b73dcc8bb3d46d3b,3056,200,imageCode,no_parent
1650499737,ts-preserve-service,77a547f597e2568e,,77a547f597e2568e,23605,200,preserve,no_parent
1650499737,ts-contacts-service,72b62b0328aad781,,72b62b0328aad781,3494,200,findContactsByAccountId,no_parent
1650499737,ts-assurance-service,e40ba21dea1a113,,e40ba21dea1a113,1491,200,getAllAssuranceType,no_parent
1650499797,ts-route-service,38721dba5af406f4,92da70d38c0e2dfc,7838a3dea4285d5,2843,200,queryById,ts-travel-service
1650499797,ts-route-service,fa7de5ab4023a80,74c9cff7ed75a83f,7838a3dea4285d5,2484,200,queryById,ts-travel-service
1650499797,ts-route-service,4205276a862f77ef,963403391e92eb5,7838a3dea4285d5,2180,200,queryById,ts-travel-service
1650499797,ts-route-service,9ffb0fd28e74d6d8,62f23dc52aa49a0f,7838a3dea4285d5,2142,200,queryById,ts-travel-service
1650499797,ts-route-service,b1dc34a889d47c9c,60853b6855f35510,7838a3dea4285d5,2125,200,queryById,ts-travel-service
1650499797,ts-travel-service,95a93537ab36db62,7838a3dea4285d5,7838a3dea4285d5,11383,200,GET,ts-travel-service
1650499797,ts-travel-service,963403391e92eb5,7838a3dea4285d5,7838a3dea4285d5,2337,200,GET,ts-travel-service
1650499797,ts-travel-service,a906cc4b05bbf729,7838a3dea4285d5,7838a3dea4285d5,8811,200,GET,ts-travel-service
1650499797,ts-travel-service,74c9cff7ed75a83f,7838a3dea4285d5,7838a3dea4285d5,2868,200,GET,ts-travel-service
1650499797,ts-travel-service,62f23dc52aa49a0f,7838a3dea4285d5,7838a3dea4285d5,2300,200,GET,ts-travel-service
1650499797,ts-travel-service,60853b6855f35510,7838a3dea4285d5,7838a3dea4285d5,2301,200,GET,ts-travel-service
1650499797,ts-travel-service,7838a3dea4285d5,,7838a3dea4285d5,43952,200,queryInfo,no_parent
1650499797,ts-security-service,ae40401df9da9894,763cd233afbeb62b,74fc793f574d22d1,4981,200,GET,ts-security-service
1650499797,ts-preserve-service,74fc793f574d22d1,,74fc793f574d22d1,22341,200,preserve,no_parent
1650499797,ts-order-other-service,26c7f47799939ef3,76facf6708c98bba,74fc793f574d22d1,3203,200,securityInfoCheck,ts-security-service
1650499797,ts-ticketinfo-service,4d7a9d958c2cece2,95a93537ab36db62,7838a3dea4285d5,10224,200,queryForStationId,ts-travel-service
1650499797,ts-assurance-service,dba619160b7da4d5,,dba619160b7da4d5,1888,200,getAllAssuranceType,no_parent
1650499797,ts-travel-service,92da70d38c0e2dfc,7838a3dea4285d5,7838a3dea4285d5,4050,200,GET,ts-travel-service
1650499797,ts-ticketinfo-service,bddac5b4c09539d,bfcd79b4ac63c69a,7838a3dea4285d5,6070,200,GET,ts-ticketinfo-service
1650499797,ts-contacts-service,b9fbe31d07a14745,,b9fbe31d07a14745,3260,200,findContactsByAccountId,no_parent
1650499797,ts-basic-service,aaf3e128c3b2565c,cc5511198de0daea,7838a3dea4285d5,3709,200,GET,ts-basic-service
1650499797,ts-ticketinfo-service,bfcd79b4ac63c69a,a906cc4b05bbf729,7838a3dea4285d5,8400,200,queryForStationId,ts-travel-service
1650499797,ts-ticketinfo-service,a2d3d4035d78098a,4d7a9d958c2cece2,7838a3dea4285d5,7625,200,GET,ts-ticketinfo-service
1650499797,ts-station-service,d45d170b0ad246ca,aaf3e128c3b2565c,7838a3dea4285d5,2477,200,queryForStationId,ts-basic-service
1650499797,ts-verification-code-service,b78a122c53569a15,,b78a122c53569a15,3004,200,imageCode,no_parent
1650499797,ts-verification-code-service,76fca2253be97b6c,6e464f67719abfa7,8fd0cb33fb0882cb,1997,200,verifyCode,ts-auth-service
1650499797,ts-auth-service,6e464f67719abfa7,8fd0cb33fb0882cb,8fd0cb33fb0882cb,3659,200,GET,ts-auth-service
1650499797,ts-auth-service,8fd0cb33fb0882cb,,8fd0cb33fb0882cb,111078,200,getToken,no_parent
1650499797,ts-station-service,62439a2422e89c19,d3a47d10e8420cb6,7838a3dea4285d5,2211,200,queryForStationId,ts-basic-service
1650499797,ts-basic-service,cc5511198de0daea,a2d3d4035d78098a,7838a3dea4285d5,6477,200,queryForStationId,ts-ticketinfo-service
1650499797,ts-basic-service,e798bfec43ee9dd5,bddac5b4c09539d,7838a3dea4285d5,5377,200,queryForStationId,ts-ticketinfo-service
1650499797,ts-basic-service,d3a47d10e8420cb6,e798bfec43ee9dd5,7838a3dea4285d5,2964,200,GET,ts-basic-service
1650499797,ts-order-service,b54f4d6c0e26c6ff,8456dca3f7a2666b,8456dca3f7a2666b,9617,200,POST,ts-order-service
1650499797,ts-order-service,b181225c04385a95,ae40401df9da9894,74fc793f574d22d1,3573,200,securityInfoCheck,ts-security-service
1650499797,ts-security-service,763cd233afbeb62b,fa8ba0de07cb19c,74fc793f574d22d1,13993,200,check,ts-preserve-service
1650499797,ts-contacts-service,997312f93e0cee76,aa4361c948fff1e0,74fc793f574d22d1,2525,200,getContactsByContactsId,ts-preserve-service
1650499797,ts-preserve-service,fa8ba0de07cb19c,74fc793f574d22d1,74fc793f574d22d1,15599,200,GET,ts-preserve-service
1650499797,ts-preserve-service,aa4361c948fff1e0,74fc793f574d22d1,74fc793f574d22d1,3669,200,GET,ts-preserve-service
1650499797,ts-security-service,76facf6708c98bba,763cd233afbeb62b,74fc793f574d22d1,4573,200,GET,ts-security-service
1650499797,ts-order-service,8456dca3f7a2666b,,8456dca3f7a2666b,12632,200,queryOrdersForRefresh,no_parent
1650499797,ts-station-service,3cc99c5a42d1b979,b54f4d6c0e26c6ff,8456dca3f7a2666b,8123,200,queryForNameBatch,ts-order-service
1650499857,ts-auth-service,76ce3592b944adbe,2012b69330c98743,2012b69330c98743,3963,200,GET,ts-auth-service
1650499857,ts-verification-code-service,5879efb4ceaf1be7,76ce3592b944adbe,2012b69330c98743,2241,200,verifyCode,ts-auth-service
1650499857,ts-travel-service,c2b2d6ae39fb55e4,c9aaa032b5911052,c9aaa032b5911052,2599,200,GET,ts-travel-service
1650499857,ts-travel-service,367eba3442a51b61,c9aaa032b5911052,c9aaa032b5911052,2262,200,GET,ts-travel-service
1650499857,ts-travel-service,f67006b79d97dd66,c9aaa032b5911052,c9aaa032b5911052,2235,200,GET,ts-travel-service
1650499857,ts-travel-service,f39c29a4f4671eb6,c9aaa032b5911052,c9aaa032b5911052,11055,200,GET,ts-travel-service
1650499857,ts-travel-service,7b7b500bf8838928,c9aaa032b5911052,c9aaa032b5911052,4044,200,GET,ts-travel-service
1650499857,ts-travel-service,87c5c677e6384adf,c9aaa032b5911052,c9aaa032b5911052,8509,200,GET,ts-travel-service
1650499857,ts-station-service,f758d7a2805407b0,44be13e4e9b90be3,c9aaa032b5911052,2085,200,queryForStationId,ts-basic-service
1650499857,ts-station-service,357324eb11cf6957,d3e7a7dbe30ae41b,c9aaa032b5911052,2247,200,queryForStationId,ts-basic-service
1650499857,ts-route-service,66aea187fb8e8376,f67006b79d97dd66,c9aaa032b5911052,2144,200,queryById,ts-travel-service
1650499857,ts-route-service,aae2512fb322a981,367eba3442a51b61,c9aaa032b5911052,2133,200,queryById,ts-travel-service
1650499857,ts-basic-service,57ca95627733f5c2,b493ee5819433653,c9aaa032b5911052,5458,200,queryForStationId,ts-ticketinfo-service
1650499857,ts-basic-service,44be13e4e9b90be3,6457cf3c96df8f33,c9aaa032b5911052,2784,200,GET,ts-basic-service
1650499857,ts-ticketinfo-service,b493ee5819433653,cb683262aa0cc200,c9aaa032b5911052,6634,200,GET,ts-ticketinfo-service
1650499857,ts-ticketinfo-service,cb683262aa0cc200,6eac5beaddbecbd9,c9aaa032b5911052,9214,200,queryForStationId,ts-travel-service
1650499857,ts-security-service,86869b341bfa879e,f1554418c2b369d,8d95cbf859ade857,21067,200,check,ts-preserve-service
1650499857,ts-security-service,4965e9b7dd4db8a6,86869b341bfa879e,8d95cbf859ade857,4979,200,GET,ts-security-service
1650499857,ts-route-service,40e04377fef44b14,c2b2d6ae39fb55e4,c9aaa032b5911052,2459,200,queryById,ts-travel-service
1650499857,ts-route-service,b3aecb460e0aa0b2,7b7b500bf8838928,c9aaa032b5911052,2671,200,queryById,ts-travel-service
1650499857,ts-route-service,404faab49912a9bb,f39c29a4f4671eb6,c9aaa032b5911052,10610,200,queryById,ts-travel-service
1650499857,ts-travel-service,c9aaa032b5911052,,c9aaa032b5911052,51346,200,queryInfo,no_parent
1650499857,ts-travel-service,6eac5beaddbecbd9,c9aaa032b5911052,c9aaa032b5911052,10772,200,GET,ts-travel-service
1650499857,ts-basic-service,6457cf3c96df8f33,8f55d4c5e94fb176,c9aaa032b5911052,5292,200,queryForStationId,ts-ticketinfo-service
1650499857,ts-basic-service,d3e7a7dbe30ae41b,57ca95627733f5c2,c9aaa032b5911052,3143,200,GET,ts-basic-service
1650499857,ts-verification-code-service,19006f8da5d5466,,19006f8da5d5466,2995,200,imageCode,no_parent
1650499857,ts-ticketinfo-service,8f55d4c5e94fb176,575deee35f462a82,c9aaa032b5911052,5996,200,GET,ts-ticketinfo-service
1650499857,ts-order-service,fe9a890abcf182e2,,fe9a890abcf182e2,12711,200,queryOrdersForRefresh,no_parent
1650499857,ts-order-service,5b5de7061843cc2f,fe9a890abcf182e2,fe9a890abcf182e2,9474,200,POST,ts-order-service
1650499857,ts-preserve-service,f1554418c2b369d,8d95cbf859ade857,8d95cbf859ade857,22709,200,GET,ts-preserve-service
1650499857,ts-preserve-service,bceb139c229bc37c,8d95cbf859ade857,8d95cbf859ade857,3915,200,GET,ts-preserve-service
1650499857,ts-preserve-service,8d95cbf859ade857,,8d95cbf859ade857,29753,200,preserve,no_parent
1650499857,ts-order-other-service,c6fffe8f0122af5d,6a112bc71f02470b,8d95cbf859ade857,10256,200,securityInfoCheck,ts-security-service
1650499857,ts-security-service,6a112bc71f02470b,86869b341bfa879e,8d95cbf859ade857,11559,200,GET,ts-security-service
1650499857,ts-station-service,39f188f5ed823aa5,5b5de7061843cc2f,fe9a890abcf182e2,7985,200,queryForNameBatch,ts-order-service
1650499857,ts-contacts-service,4dc1e467530e6698,bceb139c229bc37c,8d95cbf859ade857,2646,200,getContactsByContactsId,ts-preserve-service
1650499857,ts-order-service,134a1448a5c36352,4965e9b7dd4db8a6,8d95cbf859ade857,3567,200,securityInfoCheck,ts-security-service
1650499857,ts-ticketinfo-service,575deee35f462a82,87c5c677e6384adf,c9aaa032b5911052,8045,200,queryForStationId,ts-travel-service
1650499857,ts-assurance-service,84b3964ef977d60b,,84b3964ef977d60b,1863,200,getAllAssuranceType,no_parent
1650499857,ts-contacts-service,17763543ebb8e196,,17763543ebb8e196,3365,200,findContactsByAccountId,no_parent
1650499857,ts-auth-service,2012b69330c98743,,2012b69330c98743,111215,200,getToken,no_parent
1650499918,ts-preserve-service,bab28b29916a74bc,6d27e7591af8175f,6d27e7591af8175f,3727,200,GET,ts-preserve-service
1650499918,ts-preserve-service,6d27e7591af8175f,,6d27e7591af8175f,22479,200,preserve,no_parent
1650499918,ts-order-other-service,c49a6adffb0c229d,7f8e93e4a0789ab2,6d27e7591af8175f,3124,200,securityInfoCheck,ts-security-service
1650499918,ts-security-service,d480da108d99a3c0,8328fb025d4c9dab,6d27e7591af8175f,4790,200,GET,ts-security-service
1650499918,ts-security-service,7f8e93e4a0789ab2,8328fb025d4c9dab,6d27e7591af8175f,4794,200,GET,ts-security-service
1650499918,ts-basic-service,8965712585540a5,7f36f7c8cf967442,f2fc3b5fee980b41,5104,200,queryForStationId,ts-ticketinfo-service
1650499918,ts-travel-service,345194fbb356d42e,f2fc3b5fee980b41,f2fc3b5fee980b41,3853,200,GET,ts-travel-service
1650499918,ts-travel-service,f2fc3b5fee980b41,,f2fc3b5fee980b41,41868,200,queryInfo,no_parent
1650499918,ts-basic-service,13e839266f98538e,8965712585540a5,f2fc3b5fee980b41,2838,200,GET,ts-basic-service
1650499918,ts-route-service,2a94c4bc85358a5f,99ce07946fb43401,f2fc3b5fee980b41,2149,200,queryById,ts-travel-service
1650499918,ts-station-service,d30f272b25204197,b37b1e3ec2c7b495,f2fc3b5fee980b41,2306,200,queryForStationId,ts-basic-service
1650499918,ts-station-service,eecd4c9fbe25682a,13e839266f98538e,f2fc3b5fee980b41,2102,200,queryForStationId,ts-basic-service
1650499918,ts-ticketinfo-service,7f36f7c8cf967442,82cde5abc4c65c6e,f2fc3b5fee980b41,5771,200,GET,ts-ticketinfo-service
1650499918,ts-route-service,35afcac98ddbcf9a,345194fbb356d42e,f2fc3b5fee980b41,2589,200,queryById,ts-travel-service
1650499918,ts-route-service,476bee7fd6517546,8b2d23391e8f7b84,f2fc3b5fee980b41,2124,200,queryById,ts-travel-service
1650499918,ts-route-service,71b4cff1896ed35a,3c3e510ad0c9423,f2fc3b5fee980b41,2151,200,queryById,ts-travel-service
1650499918,ts-route-service,1b66d4e9b6dc5b5e,fa0280d28638870f,f2fc3b5fee980b41,2133,200,queryById,ts-travel-service
1650499918,ts-verification-code-service,63af1a6d45ffee9a,,63af1a6d45ffee9a,2938,200,imageCode,no_parent
1650499918,ts-auth-service,60edd6fa4891d043,27f5785701651005,27f5785701651005,3751,200,GET,ts-auth-service
1650499918,ts-auth-service,27f5785701651005,,27f5785701651005,114441,200,getToken,no_parent
1650499918,ts-basic-service,b37b1e3ec2c7b495,2ffcc08bdc60b0e,f2fc3b5fee980b41,3619,200,GET,ts-basic-service
1650499918,ts-basic-service,2ffcc08bdc60b0e,f9af9aaaff1d4ae5,f2fc3b5fee980b41,6398,200,queryForStationId,ts-ticketinfo-service
1650499918,ts-ticketinfo-service,f9af9aaaff1d4ae5,8fc732a0ea7fb0a6,f2fc3b5fee980b41,7573,200,GET,ts-ticketinfo-service
1650499918,ts-ticketinfo-service,82cde5abc4c65c6e,da6aadb0bb573f11,f2fc3b5fee980b41,7806,200,queryForStationId,ts-travel-service
1650499918,ts-ticketinfo-service,8fc732a0ea7fb0a6,52d4d67b312aaaac,f2fc3b5fee980b41,10156,200,queryForStationId,ts-travel-service
1650499918,ts-travel-service,8b2d23391e8f7b84,f2fc3b5fee980b41,f2fc3b5fee980b41,2261,200,GET,ts-travel-service
1650499918,ts-travel-service,52d4d67b312aaaac,f2fc3b5fee980b41,f2fc3b5fee980b41,11562,200,GET,ts-travel-service
1650499918,ts-travel-service,3c3e510ad0c9423,f2fc3b5fee980b41,f2fc3b5fee980b41,2562,200,GET,ts-travel-service
1650499918,ts-travel-service,fa0280d28638870f,f2fc3b5fee980b41,f2fc3b5fee980b41,2260,200,GET,ts-travel-service
1650499918,ts-travel-service,da6aadb0bb573f11,f2fc3b5fee980b41,f2fc3b5fee980b41,8243,200,GET,ts-travel-service
1650499918,ts-travel-service,99ce07946fb43401,f2fc3b5fee980b41,f2fc3b5fee980b41,2252,200,GET,ts-travel-service
1650499918,ts-security-service,8328fb025d4c9dab,1ab3e05da57fe888,6d27e7591af8175f,13890,200,check,ts-preserve-service
1650499918,ts-contacts-service,da6bf01c71186577,bab28b29916a74bc,6d27e7591af8175f,2587,200,getContactsByContactsId,ts-preserve-service
1650499918,ts-order-service,7f22e3aa1bf0bb1c,d480da108d99a3c0,6d27e7591af8175f,3317,200,securityInfoCheck,ts-security-service
1650499918,ts-preserve-service,1ab3e05da57fe888,6d27e7591af8175f,6d27e7591af8175f,15574,200,GET,ts-preserve-service
1650499918,ts-assurance-service,df0e22c194a09734,,df0e22c194a09734,1293,200,getAllAssuranceType,no_parent
1650499918,ts-order-service,1121dd7be79ecc3,6be3994a44f075df,6be3994a44f075df,9476,200,POST,ts-order-service
1650499918,ts-order-service,6be3994a44f075df,,6be3994a44f075df,12792,200,queryOrdersForRefresh,no_parent
1650499918,ts-station-service,6d63cfe5a88b2828,1121dd7be79ecc3,6be3994a44f075df,8018,200,queryForNameBatch,ts-order-service
1650499918,ts-verification-code-service,76c8505fd09f8a65,60edd6fa4891d043,27f5785701651005,2019,200,verifyCode,ts-auth-service
1650499918,ts-contacts-service,e4edaa2029ffdcd7,,e4edaa2029ffdcd7,3188,200,findContactsByAccountId,no_parent
1650499978,ts-auth-service,4991609595f8a3c8,,4991609595f8a3c8,126110,200,getToken,no_parent
1650499978,ts-auth-service,1956a2c29f6a327b,4991609595f8a3c8,4991609595f8a3c8,4032,200,GET,ts-auth-service
1650499978,ts-verification-code-service,8a59fddf5030d302,1956a2c29f6a327b,4991609595f8a3c8,2256,200,verifyCode,ts-auth-service
1650499978,ts-ticketinfo-service,bd6cecc4d39e35f9,8b6a6dca48632129,ebeab9de64a30768,6378,200,GET,ts-ticketinfo-service
1650499978,ts-ticketinfo-service,8b6a6dca48632129,c954567cc0ce91b3,ebeab9de64a30768,8828,200,queryForStationId,ts-travel-service
1650499978,ts-station-service,95b70b909df9cfe0,de08cf4dea1360a9,ebeab9de64a30768,2145,200,queryForStationId,ts-basic-service
1650499978,ts-station-service,1ff468929a24413a,d0fcda68500ee57,ebeab9de64a30768,2139,200,queryForStationId,ts-basic-service
1650499978,ts-basic-service,679454e4cabb8c7f,bd6cecc4d39e35f9,ebeab9de64a30768,5830,200,queryForStationId,ts-ticketinfo-service
1650499978,ts-basic-service,d0fcda68500ee57,f6ea3141c3a36e34,ebeab9de64a30768,3207,200,GET,ts-basic-service
1650499978,ts-travel-service,a16790609af253d7,ebeab9de64a30768,ebeab9de64a30768,3367,200,GET,ts-travel-service
1650499978,ts-travel-service,c954567cc0ce91b3,ebeab9de64a30768,ebeab9de64a30768,9033,200,GET,ts-travel-service
1650499978,ts-route-service,1d5aed8f838418ec,a16790609af253d7,ebeab9de64a30768,2200,200,queryById,ts-travel-service
1650499978,ts-route-service,a95bb85be36967c1,ebd0199eed215a9f,ebeab9de64a30768,2130,200,queryById,ts-travel-service
1650499978,ts-route-service,20ab19741b50fe03,4140faa562cfc484,ebeab9de64a30768,1938,200,queryById,ts-travel-service
1650499978,ts-route-service,542d126fe6b83c6b,5aa9beea9d626f69,ebeab9de64a30768,1925,200,queryById,ts-travel-service
1650499978,ts-travel-service,7656090c87437a9c,ebeab9de64a30768,ebeab9de64a30768,9822,200,GET,ts-travel-service
1650499978,ts-travel-service,5aa9beea9d626f69,ebeab9de64a30768,ebeab9de64a30768,2299,200,GET,ts-travel-service
1650499978,ts-preserve-service,ae00a263bac78e62,bd071ed83564036c,bd071ed83564036c,15114,200,GET,ts-preserve-service
1650499978,ts-order-service,2b29fd5b2d1521c6,bcd84aa7269a6e25,bd071ed83564036c,3375,200,securityInfoCheck,ts-security-service
1650499978,ts-route-service,4b966626bf58b007,bab365e24f8ca87f,ebeab9de64a30768,2660,200,queryById,ts-travel-service
1650499978,ts-verification-code-service,cfa74b3625a874af,,cfa74b3625a874af,2925,200,imageCode,no_parent
1650499978,ts-travel-service,4140faa562cfc484,ebeab9de64a30768,ebeab9de64a30768,2397,200,GET,ts-travel-service
1650499978,ts-preserve-service,6c0325e8e01c9b2e,bd071ed83564036c,bd071ed83564036c,3833,200,GET,ts-preserve-service
1650499978,ts-preserve-service,bd071ed83564036c,,bd071ed83564036c,21937,200,preserve,no_parent
1650499978,ts-contacts-service,dfbe8e90a764976e,6c0325e8e01c9b2e,bd071ed83564036c,2587,200,getContactsByContactsId,ts-preserve-service
1650499978,ts-contacts-service,d863f269e7497152,,d863f269e7497152,3596,200,findContactsByAccountId,no_parent
1650499978,ts-order-other-service,32fa94f9016d15e,500122bc36cff66f,bd071ed83564036c,3101,200,securityInfoCheck,ts-security-service
1650499978,ts-security-service,debbb5aeae29bb29,ae00a263bac78e62,bd071ed83564036c,13575,200,check,ts-preserve-service
1650499978,ts-security-service,bcd84aa7269a6e25,debbb5aeae29bb29,bd071ed83564036c,4453,200,GET,ts-security-service
1650499978,ts-security-service,500122bc36cff66f,debbb5aeae29bb29,bd071ed83564036c,4595,200,GET,ts-security-service
1650499978,ts-ticketinfo-service,2b635c4046e3ef25,80e11faae272dd6c,ebeab9de64a30768,6365,200,GET,ts-ticketinfo-service
1650499978,ts-ticketinfo-service,80e11faae272dd6c,7656090c87437a9c,ebeab9de64a30768,8500,200,queryForStationId,ts-travel-service
1650499978,ts-travel-service,ebd0199eed215a9f,ebeab9de64a30768,ebeab9de64a30768,2609,200,GET,ts-travel-service
1650499978,ts-travel-service,bab365e24f8ca87f,ebeab9de64a30768,ebeab9de64a30768,2735,200,GET,ts-travel-service
1650499978,ts-order-service,733bc22378323c76,582f32b5d5ba3ce8,582f32b5d5ba3ce8,9325,200,POST,ts-order-service
1650499978,ts-travel-service,ebeab9de64a30768,,ebeab9de64a30768,41723,200,queryInfo,no_parent
1650499978,ts-basic-service,de08cf4dea1360a9,679454e4cabb8c7f,ebeab9de64a30768,3481,200,GET,ts-basic-service
1650499978,ts-basic-service,f6ea3141c3a36e34,2b635c4046e3ef25,ebeab9de64a30768,5530,200,queryForStationId,ts-ticketinfo-service
1650499978,ts-assurance-service,8ee9653e075925fd,,8ee9653e075925fd,1696,200,getAllAssuranceType,no_parent
1650499978,ts-order-service,582f32b5d5ba3ce8,,582f32b5d5ba3ce8,12358,200,queryOrdersForRefresh,no_parent
1650499978,ts-station-service,67ef770f5afabef5,733bc22378323c76,582f32b5d5ba3ce8,7832,200,queryForNameBatch,ts-order-service
1650500038,ts-order-service,d279760e6b895b4f,f847885941300947,7f0009b30f8d35a2,3226,200,securityInfoCheck,ts-security-service
1650500038,ts-preserve-service,2915829557f05fbe,7f0009b30f8d35a2,7f0009b30f8d35a2,15811,200,GET,ts-preserve-service
1650500038,ts-basic-service,1f699c12342847ad,eba4c7259a1e1548,ab4fe86da0406ce,2929,200,GET,ts-basic-service
1650500038,ts-verification-code-service,3ea7df8245a30b24,f6ccdfae9e2249aa,b0c30b78d261683d,2019,200,verifyCode,ts-auth-service
1650500038,ts-auth-service,f6ccdfae9e2249aa,b0c30b78d261683d,b0c30b78d261683d,3762,200,GET,ts-auth-service
1650500038,ts-travel-service,9f552577e347aca9,ab4fe86da0406ce,ab4fe86da0406ce,2227,200,GET,ts-travel-service
1650500038,ts-security-service,4127f18238dedfce,3e4554369c2aab51,7f0009b30f8d35a2,4491,200,GET,ts-security-service
1650500038,ts-security-service,3e4554369c2aab51,2915829557f05fbe,7f0009b30f8d35a2,13513,200,check,ts-preserve-service
1650500038,ts-contacts-service,b614b760e440f14,5ff3a344196ad002,7f0009b30f8d35a2,2770,200,getContactsByContactsId,ts-preserve-service
1650500038,ts-ticketinfo-service,8a8e49dd217ced92,b83facedf2088eab,ab4fe86da0406ce,10094,200,queryForStationId,ts-travel-service
1650500038,ts-ticketinfo-service,381d2656ce34763b,8a8e49dd217ced92,ab4fe86da0406ce,7765,200,GET,ts-ticketinfo-service
1650500038,ts-security-service,f847885941300947,3e4554369c2aab51,7f0009b30f8d35a2,4617,200,GET,ts-security-service
1650500038,ts-order-other-service,890c5e4387f4cb81,4127f18238dedfce,7f0009b30f8d35a2,3286,200,securityInfoCheck,ts-security-service
1650500038,ts-route-service,7f474fce986b1e64,dcabb7a510a11f92,ab4fe86da0406ce,1651,200,queryById,ts-travel-service
1650500038,ts-route-service,b0f4ab9a2894dc69,9f552577e347aca9,ab4fe86da0406ce,2136,200,queryById,ts-travel-service
1650500038,ts-route-service,253521ddd6b4c005,4b3fc5fc114cfb86,ab4fe86da0406ce,1820,200,queryById,ts-travel-service
1650500038,ts-route-service,cacadeb4f976bc33,6445768c056e260,ab4fe86da0406ce,2585,200,queryById,ts-travel-service
1650500038,ts-route-service,fc0e6b32893c7ef6,91be4af14b65555f,ab4fe86da0406ce,2088,200,queryById,ts-travel-service
1650500038,ts-travel-service,4b3fc5fc114cfb86,ab4fe86da0406ce,ab4fe86da0406ce,3162,200,GET,ts-travel-service
1650500038,ts-travel-service,91be4af14b65555f,ab4fe86da0406ce,ab4fe86da0406ce,2270,200,GET,ts-travel-service
1650500038,ts-verification-code-service,cb7aece7510efda3,,cb7aece7510efda3,2922,200,imageCode,no_parent
1650500038,ts-basic-service,eba4c7259a1e1548,be720090dc080fdd,ab4fe86da0406ce,5431,200,queryForStationId,ts-ticketinfo-service
1650500038,ts-ticketinfo-service,a66548679f7bb866,68bef357c76b9709,ab4fe86da0406ce,8199,200,queryForStationId,ts-travel-service
1650500038,ts-basic-service,1fda339763b087cc,dbfb6507912b1084,ab4fe86da0406ce,3850,200,GET,ts-basic-service
1650500038,ts-basic-service,dbfb6507912b1084,381d2656ce34763b,ab4fe86da0406ce,6611,200,queryForStationId,ts-ticketinfo-service
1650500038,ts-auth-service,b0c30b78d261683d,,b0c30b78d261683d,113921,200,getToken,no_parent
1650500038,ts-travel-service,b83facedf2088eab,ab4fe86da0406ce,ab4fe86da0406ce,11674,200,GET,ts-travel-service
1650500038,ts-travel-service,6445768c056e260,ab4fe86da0406ce,ab4fe86da0406ce,3109,200,GET,ts-travel-service
1650500038,ts-travel-service,ab4fe86da0406ce,,ab4fe86da0406ce,41937,200,queryInfo,no_parent
1650500038,ts-contacts-service,ab71f51b6b7de503,,ab71f51b6b7de503,3659,200,findContactsByAccountId,no_parent
1650500038,ts-preserve-service,5ff3a344196ad002,7f0009b30f8d35a2,7f0009b30f8d35a2,3600,200,GET,ts-preserve-service
1650500038,ts-preserve-service,7f0009b30f8d35a2,,7f0009b30f8d35a2,22337,200,preserve,no_parent
1650500038,ts-travel-service,68bef357c76b9709,ab4fe86da0406ce,ab4fe86da0406ce,8639,200,GET,ts-travel-service
1650500038,ts-travel-service,dcabb7a510a11f92,ab4fe86da0406ce,ab4fe86da0406ce,2092,200,GET,ts-travel-service
1650500038,ts-order-service,dbb3440d4497277a,,dbb3440d4497277a,12358,200,queryOrdersForRefresh,no_parent
1650500038,ts-station-service,93f3eba55ed0be92,b1f235331b472c0c,dbb3440d4497277a,7771,200,queryForNameBatch,ts-order-service
1650500038,ts-order-service,b1f235331b472c0c,dbb3440d4497277a,dbb3440d4497277a,9278,200,POST,ts-order-service
1650500038,ts-station-service,f7a0a41f74468741,1f699c12342847ad,ab4fe86da0406ce,2170,200,queryForStationId,ts-basic-service
1650500038,ts-ticketinfo-service,be720090dc080fdd,a66548679f7bb866,ab4fe86da0406ce,6150,200,GET,ts-ticketinfo-service
1650500038,ts-station-service,76c0a9518f56faa8,1fda339763b087cc,ab4fe86da0406ce,2231,200,queryForStationId,ts-basic-service
1650500038,ts-assurance-service,dd1f0a232ec5a10e,,dd1f0a232ec5a10e,1865,200,getAllAssuranceType,no_parent
1650500098,ts-order-other-service,672047b4de9a1e86,1822213f14d83ab7,72c38cf080c2332b,3267,200,securityInfoCheck,ts-security-service
1650500098,ts-security-service,a88bb37ba8c91332,89eb1ddf437c51a2,72c38cf080c2332b,13824,200,GET,ts-security-service
1650500098,ts-preserve-service,ef2e31646e6f388a,72c38cf080c2332b,72c38cf080c2332b,24695,200,GET,ts-preserve-service
1650500098,ts-security-service,89eb1ddf437c51a2,ef2e31646e6f388a,72c38cf080c2332b,23206,200,check,ts-preserve-service
1650500098,ts-auth-service,a993d7cc6518f92e,1f1988d0d4a92b81,1f1988d0d4a92b81,3864,200,GET,ts-auth-service
1650500098,ts-contacts-service,733474f7d9e0e212,f8dbe9dc117a1781,72c38cf080c2332b,2604,200,getContactsByContactsId,ts-preserve-service
1650500098,ts-security-service,1822213f14d83ab7,89eb1ddf437c51a2,72c38cf080c2332b,4724,200,GET,ts-security-service
1650500098,ts-order-service,200f950363f3ae09,a88bb37ba8c91332,72c38cf080c2332b,12349,200,securityInfoCheck,ts-security-service
1650500098,ts-station-service,229fcb925744d249,da007a4f591aa590,d0084a2650a12b0f,8263,200,queryForNameBatch,ts-order-service
1650500098,ts-preserve-service,72c38cf080c2332b,,72c38cf080c2332b,31766,200,preserve,no_parent
1650500098,ts-order-service,d0084a2650a12b0f,,d0084a2650a12b0f,12930,200,queryOrdersForRefresh,no_parent
1650500098,ts-order-service,da007a4f591aa590,d0084a2650a12b0f,d0084a2650a12b0f,10002,200,POST,ts-order-service
1650500098,ts-preserve-service,f8dbe9dc117a1781,72c38cf080c2332b,72c38cf080c2332b,4125,200,GET,ts-preserve-service
1650500098,ts-verification-code-service,cdba63201a19824e,,cdba63201a19824e,3125,200,imageCode,no_parent
1650500098,ts-auth-service,1f1988d0d4a92b81,,1f1988d0d4a92b81,119678,200,getToken,no_parent
1650500098,ts-contacts-service,5a708a2870f10646,,5a708a2870f10646,3480,200,findContactsByAccountId,no_parent
1650500098,ts-verification-code-service,804e94053562304c,a993d7cc6518f92e,1f1988d0d4a92b81,2226,200,verifyCode,ts-auth-service
1650500099,ts-route-service,b2c4ca96daeacb8b,ac9bd5e86dd50dc9,ad43ffeb2338da7c,2204,200,queryById,ts-travel-service
1650500099,ts-route-service,ef7a1a675a80054,6ce3a7b82ee4aa76,ad43ffeb2338da7c,1919,200,queryById,ts-travel-service
1650500099,ts-route-service,4f747a250d98b973,41d10b6c5f37774a,ad43ffeb2338da7c,2071,200,queryById,ts-travel-service
1650500099,ts-ticketinfo-service,7f68ab8fbcbaa44e,f6bc787c1fe3fb33,ad43ffeb2338da7c,15923,200,queryForStationId,ts-travel-service
1650500099,ts-basic-service,9e0296b83e7112ee,de40abeab3daa104,ad43ffeb2338da7c,13340,200,queryForStationId,ts-ticketinfo-service
1650500099,ts-travel-service,ac9bd5e86dd50dc9,ad43ffeb2338da7c,ad43ffeb2338da7c,2945,200,GET,ts-travel-service
1650500099,ts-basic-service,ac685c0bb5254ecf,5496dd41d4c299d1,ad43ffeb2338da7c,5335,200,queryForStationId,ts-ticketinfo-service
1650500099,ts-travel-service,c9cef7566053d4d6,ad43ffeb2338da7c,ad43ffeb2338da7c,10258,200,GET,ts-travel-service
1650500099,ts-travel-service,ad43ffeb2338da7c,,ad43ffeb2338da7c,51859,200,queryInfo,no_parent
1650500099,ts-route-service,ef2143ae99834c14,de381def15034de8,ad43ffeb2338da7c,1944,200,queryById,ts-travel-service
1650500099,ts-ticketinfo-service,b343cbb627b6c7ca,c9cef7566053d4d6,ad43ffeb2338da7c,8973,200,queryForStationId,ts-travel-service
1650500099,ts-route-service,5c977bd8e82cb40a,5581cca76bb28037,ad43ffeb2338da7c,2955,200,queryById,ts-travel-service
1650500099,ts-travel-service,de381def15034de8,ad43ffeb2338da7c,ad43ffeb2338da7c,2402,200,GET,ts-travel-service
1650500099,ts-travel-service,5581cca76bb28037,ad43ffeb2338da7c,ad43ffeb2338da7c,4656,200,GET,ts-travel-service
1650500099,ts-station-service,49cffee918224907,8e24336d8a56928f,ad43ffeb2338da7c,10290,200,queryForStationId,ts-basic-service
1650500099,ts-ticketinfo-service,5496dd41d4c299d1,b343cbb627b6c7ca,ad43ffeb2338da7c,6401,200,GET,ts-ticketinfo-service
1650500099,ts-basic-service,dffd3fbc614589b3,ac685c0bb5254ecf,ad43ffeb2338da7c,3101,200,GET,ts-basic-service
1650500099,ts-ticketinfo-service,de40abeab3daa104,7f68ab8fbcbaa44e,ad43ffeb2338da7c,13737,200,GET,ts-ticketinfo-service
1650500099,ts-travel-service,41d10b6c5f37774a,ad43ffeb2338da7c,ad43ffeb2338da7c,2553,200,GET,ts-travel-service
1650500099,ts-travel-service,6ce3a7b82ee4aa76,ad43ffeb2338da7c,ad43ffeb2338da7c,2376,200,GET,ts-travel-service
1650500099,ts-basic-service,8e24336d8a56928f,9e0296b83e7112ee,ad43ffeb2338da7c,10575,200,GET,ts-basic-service
1650500099,ts-station-service,fa464d4f09754e33,dffd3fbc614589b3,ad43ffeb2338da7c,2192,200,queryForStationId,ts-basic-service
1650500099,ts-travel-service,f6bc787c1fe3fb33,ad43ffeb2338da7c,ad43ffeb2338da7c,16228,200,GET,ts-travel-service
1650500099,ts-assurance-service,d7f06325c123c374,,d7f06325c123c374,1530,200,getAllAssuranceType,no_parent
1650500159,ts-verification-code-service,2670fdb4cd48af0,8d1b0d4bd0007de5,e1ea36de3e71581f,1996,200,verifyCode,ts-auth-service
1650500159,ts-auth-service,8d1b0d4bd0007de5,e1ea36de3e71581f,e1ea36de3e71581f,3945,200,GET,ts-auth-service
1650500159,ts-verification-code-service,2b1d020d3d984959,,2b1d020d3d984959,3076,200,imageCode,no_parent
1650500159,ts-auth-service,e1ea36de3e71581f,,e1ea36de3e71581f,114696,200,getToken,no_parent
1650500159,ts-contacts-service,cfe6ea0630760e96,36a412a532d84904,81837663460f38df,2705,200,getContactsByContactsId,ts-preserve-service
1650500159,ts-order-other-service,685deead4c14a607,a24d47d128e3c9bd,81837663460f38df,3230,200,securityInfoCheck,ts-security-service
1650500159,ts-security-service,a24d47d128e3c9bd,c119c991c4e17033,81837663460f38df,4528,200,GET,ts-security-service
1650500159,ts-security-service,c119c991c4e17033,59ea1b624b8de05,81837663460f38df,14109,200,check,ts-preserve-service
1650500159,ts-preserve-service,36a412a532d84904,81837663460f38df,81837663460f38df,3884,200,GET,ts-preserve-service
1650500159,ts-preserve-service,81837663460f38df,,81837663460f38df,22546,200,preserve,no_parent
1650500159,ts-security-service,7f8e36e321d632d3,c119c991c4e17033,81837663460f38df,4871,200,GET,ts-security-service
1650500159,ts-order-service,296805fc58169b48,7f8e36e321d632d3,81837663460f38df,3474,200,securityInfoCheck,ts-security-service
1650500159,ts-preserve-service,59ea1b624b8de05,81837663460f38df,81837663460f38df,15597,200,GET,ts-preserve-service
1650500159,ts-ticketinfo-service,b45fec13e09fa8c1,bc9fde33c066dbc7,62f091acb24c59d3,7168,200,queryForStationId,ts-travel-service
1650500159,ts-route-service,bbb34231141974c0,321c918f1ac88b72,62f091acb24c59d3,2140,200,queryById,ts-travel-service
1650500159,ts-route-service,94fc1472acee9052,8a0faefc4739e7b9,62f091acb24c59d3,2285,200,queryById,ts-travel-service
1650500159,ts-travel-service,26a0963fd73a3fb1,62f091acb24c59d3,62f091acb24c59d3,10247,200,GET,ts-travel-service
1650500159,ts-station-service,29d95a355b4dddfb,4d01f64bb02df6d,2afb920c6fa2bdcc,7851,200,queryForNameBatch,ts-order-service
1650500159,ts-basic-service,41a9214a08ddd74c,f604fa7aba369608,62f091acb24c59d3,4515,200,queryForStationId,ts-ticketinfo-service
1650500159,ts-basic-service,868fc70ffc97ff6,283556a3f739bac,62f091acb24c59d3,3032,200,GET,ts-basic-service
1650500159,ts-ticketinfo-service,1c134b1875f05ba7,ae49e432942af469,62f091acb24c59d3,6018,200,GET,ts-ticketinfo-service
1650500159,ts-ticketinfo-service,ae49e432942af469,26a0963fd73a3fb1,62f091acb24c59d3,8695,200,queryForStationId,ts-travel-service
1650500159,ts-route-service,52ba8ad2befe8d15,931818356032f605,62f091acb24c59d3,2703,200,queryById,ts-travel-service
1650500159,ts-route-service,89fc57b589fc03a6,58bc4732d9478d34,62f091acb24c59d3,2158,200,queryById,ts-travel-service
1650500159,ts-travel-service,8a0faefc4739e7b9,62f091acb24c59d3,62f091acb24c59d3,2319,200,GET,ts-travel-service
1650500159,ts-travel-service,5bab6b458e78d21a,62f091acb24c59d3,62f091acb24c59d3,2299,200,GET,ts-travel-service
1650500159,ts-travel-service,62f091acb24c59d3,,62f091acb24c59d3,40446,200,queryInfo,no_parent
1650500159,ts-travel-service,321c918f1ac88b72,62f091acb24c59d3,62f091acb24c59d3,2256,200,GET,ts-travel-service
1650500159,ts-travel-service,931818356032f605,62f091acb24c59d3,62f091acb24c59d3,3967,200,GET,ts-travel-service
1650500159,ts-order-service,2afb920c6fa2bdcc,,2afb920c6fa2bdcc,12410,200,queryOrdersForRefresh,no_parent
1650500159,ts-order-service,4d01f64bb02df6d,2afb920c6fa2bdcc,2afb920c6fa2bdcc,9330,200,POST,ts-order-service
1650500159,ts-assurance-service,c4d0dedcb0151cf6,,c4d0dedcb0151cf6,1842,200,getAllAssuranceType,no_parent
1650500159,ts-ticketinfo-service,f604fa7aba369608,b45fec13e09fa8c1,62f091acb24c59d3,5050,200,GET,ts-ticketinfo-service
1650500159,ts-travel-service,58bc4732d9478d34,62f091acb24c59d3,62f091acb24c59d3,2574,200,GET,ts-travel-service
1650500159,ts-travel-service,bc9fde33c066dbc7,62f091acb24c59d3,62f091acb24c59d3,7513,200,GET,ts-travel-service
1650500159,ts-basic-service,9d4ffa09a788df02,41a9214a08ddd74c,62f091acb24c59d3,2675,200,GET,ts-basic-service
1650500159,ts-basic-service,283556a3f739bac,1c134b1875f05ba7,62f091acb24c59d3,5133,200,queryForStationId,ts-ticketinfo-service
1650500159,ts-station-service,b5f3e0b103ac85c7,868fc70ffc97ff6,62f091acb24c59d3,2174,200,queryForStationId,ts-basic-service
1650500159,ts-station-service,b7d094b6733fdc17,9d4ffa09a788df02,62f091acb24c59d3,2073,200,queryForStationId,ts-basic-service
1650500159,ts-route-service,9e895d4d32638d07,5bab6b458e78d21a,62f091acb24c59d3,2167,200,queryById,ts-travel-service
1650500159,ts-contacts-service,dc1ea4b9ec47497c,,dc1ea4b9ec47497c,3517,200,findContactsByAccountId,no_parent
1650500219,ts-order-service,7a11c09517e1aaf6,dc698bc6f9e5ed7f,e63b937c0c2fcf7a,3359,200,securityInfoCheck,ts-security-service
1650500219,ts-auth-service,b4f71be26b6b4ce6,,b4f71be26b6b4ce6,136855,200,getToken,no_parent
1650500219,ts-travel-service,30602f9134c9dbae,8e46fd02b69f9b71,8e46fd02b69f9b71,2437,200,GET,ts-travel-service
1650500219,ts-travel-service,a0a413f80d73eeac,8e46fd02b69f9b71,8e46fd02b69f9b71,3213,200,GET,ts-travel-service
1650500219,ts-contacts-service,eb8229ddce072f5e,5e367a44842c3a73,e63b937c0c2fcf7a,4820,200,getContactsByContactsId,ts-preserve-service
1650500219,ts-security-service,2cc475c9df46deac,59edb5d08cdc124a,e63b937c0c2fcf7a,4470,200,GET,ts-security-service
1650500219,ts-auth-service,b1adcd47584e48fa,b4f71be26b6b4ce6,b4f71be26b6b4ce6,4050,200,GET,ts-auth-service
1650500219,ts-order-other-service,826ae6f2d09169c9,2cc475c9df46deac,e63b937c0c2fcf7a,3127,200,securityInfoCheck,ts-security-service
1650500219,ts-ticketinfo-service,be5efcaf27167bfb,24b4f7313b95e340,8e46fd02b69f9b71,8159,200,queryForStationId,ts-travel-service
1650500219,ts-preserve-service,5e367a44842c3a73,e63b937c0c2fcf7a,e63b937c0c2fcf7a,6776,200,GET,ts-preserve-service
1650500219,ts-security-service,59edb5d08cdc124a,abc6d20bcde050a7,e63b937c0c2fcf7a,13605,200,check,ts-preserve-service
1650500219,ts-travel-service,8e46fd02b69f9b71,,8e46fd02b69f9b71,43375,200,queryInfo,no_parent
1650500219,ts-travel-service,6a7d7ba8d2c7d10c,8e46fd02b69f9b71,8e46fd02b69f9b71,3791,200,GET,ts-travel-service
1650500219,ts-verification-code-service,63c6161dbdf56492,b1adcd47584e48fa,b4f71be26b6b4ce6,1973,200,verifyCode,ts-auth-service
1650500219,ts-station-service,222b8a2b8589514a,80304dd2e29ce97f,8e46fd02b69f9b71,2135,200,queryForStationId,ts-basic-service
1650500219,ts-route-service,21ca02827c287e2f,6a7d7ba8d2c7d10c,8e46fd02b69f9b71,2198,200,queryById,ts-travel-service
1650500219,ts-travel-service,a57384a0ce2482b3,8e46fd02b69f9b71,8e46fd02b69f9b71,2722,200,GET,ts-travel-service
1650500219,ts-travel-service,8cce4b6134686863,8e46fd02b69f9b71,8e46fd02b69f9b71,11294,200,GET,ts-travel-service
1650500219,ts-travel-service,41e892ed54f5f9f4,8e46fd02b69f9b71,8e46fd02b69f9b71,2297,200,GET,ts-travel-service
1650500219,ts-station-service,283a9b44f90b50c5,1a8ee960907dbd12,8e46fd02b69f9b71,2265,200,queryForStationId,ts-basic-service
1650500219,ts-ticketinfo-service,92b683fabecef8ef,be5efcaf27167bfb,8e46fd02b69f9b71,6507,200,GET,ts-ticketinfo-service
1650500219,ts-ticketinfo-service,cf6439837e001cfc,8cce4b6134686863,8e46fd02b69f9b71,9466,200,queryForStationId,ts-travel-service
1650500219,ts-basic-service,2b300457f9ccb7d8,92b683fabecef8ef,8e46fd02b69f9b71,5427,200,queryForStationId,ts-ticketinfo-service
1650500219,ts-ticketinfo-service,5425cff973bd7ac0,cf6439837e001cfc,8e46fd02b69f9b71,7637,200,GET,ts-ticketinfo-service
1650500219,ts-basic-service,5f0a737f35ac51b4,5425cff973bd7ac0,8e46fd02b69f9b71,5982,200,queryForStationId,ts-ticketinfo-service
1650500219,ts-basic-service,1a8ee960907dbd12,5f0a737f35ac51b4,8e46fd02b69f9b71,3710,200,GET,ts-basic-service
1650500219,ts-route-service,263b59e09c18bc9,a57384a0ce2482b3,8e46fd02b69f9b71,1992,200,queryById,ts-travel-service
1650500219,ts-route-service,16959da4034e7000,a0a413f80d73eeac,8e46fd02b69f9b71,2653,200,queryById,ts-travel-service
1650500219,ts-travel-service,24b4f7313b95e340,8e46fd02b69f9b71,8e46fd02b69f9b71,8888,200,GET,ts-travel-service
1650500219,ts-basic-service,80304dd2e29ce97f,2b300457f9ccb7d8,8e46fd02b69f9b71,3137,200,GET,ts-basic-service
1650500219,ts-order-service,b242144999d8920e,,b242144999d8920e,12230,200,queryOrdersForRefresh,no_parent
1650500219,ts-station-service,995a1d2ac9b0f0ef,83686de6a88fa57,b242144999d8920e,6348,200,queryForNameBatch,ts-order-service
1650500219,ts-contacts-service,96384dcd64945d6b,,96384dcd64945d6b,3391,200,findContactsByAccountId,no_parent
1650500219,ts-security-service,dc698bc6f9e5ed7f,59edb5d08cdc124a,e63b937c0c2fcf7a,4766,200,GET,ts-security-service
1650500219,ts-preserve-service,e63b937c0c2fcf7a,,e63b937c0c2fcf7a,25272,200,preserve,no_parent
1650500219,ts-route-service,781e17654ffc4a55,41e892ed54f5f9f4,8e46fd02b69f9b71,1867,200,queryById,ts-travel-service
1650500219,ts-route-service,45f78c6e945c2456,30602f9134c9dbae,8e46fd02b69f9b71,1981,200,queryById,ts-travel-service
1650500219,ts-order-service,83686de6a88fa57,b242144999d8920e,b242144999d8920e,8575,200,POST,ts-order-service
1650500219,ts-preserve-service,abc6d20bcde050a7,e63b937c0c2fcf7a,e63b937c0c2fcf7a,15261,200,GET,ts-preserve-service
1650500219,ts-assurance-service,39a8a881ead6da95,,39a8a881ead6da95,1560,200,getAllAssuranceType,no_parent
1650500219,ts-verification-code-service,634140271976dea9,,634140271976dea9,2595,200,imageCode,no_parent
1650500279,ts-security-service,43ab4fa8c470093,899fb174c0117a12,9e405da398f7e14d,4580,200,GET,ts-security-service
1650500279,ts-order-other-service,d1ed264922d03b27,43ab4fa8c470093,9e405da398f7e14d,3206,200,securityInfoCheck,ts-security-service
1650500279,ts-preserve-service,ef64a8e72709aece,9e405da398f7e14d,9e405da398f7e14d,15569,200,GET,ts-preserve-service
1650500279,ts-auth-service,ea05867d6bbc35f3,557afe0df547b206,557afe0df547b206,3674,200,GET,ts-auth-service
1650500279,ts-security-service,cd2d511f9dea2a0,899fb174c0117a12,9e405da398f7e14d,4886,200,GET,ts-security-service
1650500279,ts-preserve-service,4c4a30b9ae962652,9e405da398f7e14d,9e405da398f7e14d,3821,200,GET,ts-preserve-service
1650500279,ts-security-service,899fb174c0117a12,ef64a8e72709aece,9e405da398f7e14d,13987,200,check,ts-preserve-service
1650500279,ts-travel-service,4f2c1c8787f5d165,,4f2c1c8787f5d165,43314,200,queryInfo,no_parent
1650500279,ts-ticketinfo-service,4482b676bce9eec9,664fe78135f2d05f,4f2c1c8787f5d165,10837,200,queryForStationId,ts-travel-service
1650500279,ts-preserve-service,9e405da398f7e14d,,9e405da398f7e14d,22216,200,preserve,no_parent
1650500279,ts-travel-service,664fe78135f2d05f,4f2c1c8787f5d165,4f2c1c8787f5d165,12255,200,GET,ts-travel-service
1650500279,ts-contacts-service,55dc2aacef32a84a,4c4a30b9ae962652,9e405da398f7e14d,2536,200,getContactsByContactsId,ts-preserve-service
1650500279,ts-contacts-service,4e330256c6245c26,,4e330256c6245c26,3376,200,findContactsByAccountId,no_parent
1650500279,ts-order-service,fc056abb7a9bf74c,8afaeb46b1baaf53,8afaeb46b1baaf53,9393,200,POST,ts-order-service
1650500279,ts-order-service,8afaeb46b1baaf53,,8afaeb46b1baaf53,12428,200,queryOrdersForRefresh,no_parent
1650500279,ts-station-service,3370b1636658a14c,fc056abb7a9bf74c,8afaeb46b1baaf53,7901,200,queryForNameBatch,ts-order-service
1650500279,ts-auth-service,557afe0df547b206,,557afe0df547b206,110944,200,getToken,no_parent
1650500279,ts-order-service,cd21fcd08d46109c,cd2d511f9dea2a0,9e405da398f7e14d,3502,200,securityInfoCheck,ts-security-service
1650500279,ts-verification-code-service,b80d38599c211ad1,ea05867d6bbc35f3,557afe0df547b206,2047,200,verifyCode,ts-auth-service
1650500279,ts-verification-code-service,29a91663c2d4b755,,29a91663c2d4b755,3066,200,imageCode,no_parent
1650500280,ts-ticketinfo-service,9fdf462ab383c876,c2e6cf93e561b983,4f2c1c8787f5d165,5591,200,GET,ts-ticketinfo-service
1650500280,ts-ticketinfo-service,c2e6cf93e561b983,d6330df0a194d398,4f2c1c8787f5d165,7998,200,queryForStationId,ts-travel-service
1650500280,ts-station-service,f39950cf62b72a75,c9bda8f4f3fe675b,4f2c1c8787f5d165,2687,200,queryForStationId,ts-basic-service
1650500280,ts-route-service,79aafa2870206746,50f8185a90080433,4f2c1c8787f5d165,2361,200,queryById,ts-travel-service
1650500280,ts-basic-service,88f56feae0fc4fc8,9fdf462ab383c876,4f2c1c8787f5d165,5047,200,queryForStationId,ts-ticketinfo-service
1650500280,ts-ticketinfo-service,9bb2bc725508722c,4482b676bce9eec9,4f2c1c8787f5d165,8097,200,GET,ts-ticketinfo-service
1650500280,ts-travel-service,d6330df0a194d398,4f2c1c8787f5d165,4f2c1c8787f5d165,8495,200,GET,ts-travel-service
1650500280,ts-travel-service,50f8185a90080433,4f2c1c8787f5d165,4f2c1c8787f5d165,2816,200,GET,ts-travel-service
1650500280,ts-travel-service,b6e2035e350578f4,4f2c1c8787f5d165,4f2c1c8787f5d165,3147,200,GET,ts-travel-service
1650500280,ts-basic-service,b4e674ba9caa5996,9bb2bc725508722c,4f2c1c8787f5d165,6861,200,queryForStationId,ts-ticketinfo-service
1650500280,ts-travel-service,6aafb17dd5484b77,4f2c1c8787f5d165,4f2c1c8787f5d165,1964,200,GET,ts-travel-service
1650500280,ts-basic-service,9442f07f8eec417b,b4e674ba9caa5996,4f2c1c8787f5d165,4045,200,GET,ts-basic-service
1650500280,ts-station-service,6b302a164df1cf04,9442f07f8eec417b,4f2c1c8787f5d165,2799,200,queryForStationId,ts-basic-service
1650500280,ts-basic-service,c9bda8f4f3fe675b,88f56feae0fc4fc8,4f2c1c8787f5d165,3174,200,GET,ts-basic-service
1650500280,ts-route-service,9bb5e7b40a5c0b3d,6aafb17dd5484b77,4f2c1c8787f5d165,1762,200,queryById,ts-travel-service
1650500280,ts-assurance-service,f8b01f6283e11d1c,,f8b01f6283e11d1c,1928,200,getAllAssuranceType,no_parent
1650500280,ts-route-service,98589dead7c99c3c,e7aa6f1c671097f0,4f2c1c8787f5d165,1645,200,queryById,ts-travel-service
1650500280,ts-route-service,d1f3730f1d0488b2,b6e2035e350578f4,4f2c1c8787f5d165,2049,200,queryById,ts-travel-service
1650500280,ts-travel-service,e7aa6f1c671097f0,4f2c1c8787f5d165,4f2c1c8787f5d165,1785,200,GET,ts-travel-service
1650500280,ts-travel-service,a95871b1efcc90a3,4f2c1c8787f5d165,4f2c1c8787f5d165,2423,200,GET,ts-travel-service
1650500280,ts-route-service,617ef620d5e772d7,a95871b1efcc90a3,4f2c1c8787f5d165,2355,200,queryById,ts-travel-service
1650500340,ts-security-service,c59a0059398adff3,2ad049c3fd667075,94f7995b1da0c59,12769,200,check,ts-preserve-service
1650500340,ts-security-service,98c3316ae144f203,c59a0059398adff3,94f7995b1da0c59,4604,200,GET,ts-security-service
1650500340,ts-order-other-service,220ce24f5e83beac,f59c8d5b3d7e1918,94f7995b1da0c59,2686,200,securityInfoCheck,ts-security-service
1650500340,ts-basic-service,9f089a985d3fef2e,24b494badb57f560,6b877516878a1aec,5074,200,queryForStationId,ts-ticketinfo-service
1650500340,ts-ticketinfo-service,24b494badb57f560,384a9b7ed237f2b,6b877516878a1aec,5733,200,GET,ts-ticketinfo-service
1650500340,ts-ticketinfo-service,a823c72a052e2c68,fbac12e29c7029a1,6b877516878a1aec,13791,200,queryForStationId,ts-travel-service
1650500340,ts-station-service,379443d4059d927f,5a62bbbad7e68fb7,6b877516878a1aec,2138,200,queryForStationId,ts-basic-service
1650500340,ts-station-service,799c2133e063a1ff,625262fb89954958,6b877516878a1aec,2165,200,queryForStationId,ts-basic-service
1650500340,ts-route-service,7c9ed1a0703c4e07,2567d8c6df52a6d8,6b877516878a1aec,2229,200,queryById,ts-travel-service
1650500340,ts-route-service,c5f8cfbced3758ce,c01148c4091c40e4,6b877516878a1aec,167852,200,queryById,ts-travel-service
1650500340,ts-route-service,9e37c1d72780c4ab,2d99d57187468558,6b877516878a1aec,1238,200,queryById,ts-travel-service
1650500340,ts-travel-service,6b877516878a1aec,,6b877516878a1aec,208573,200,queryInfo,no_parent
1650500340,ts-travel-service,2567d8c6df52a6d8,6b877516878a1aec,6b877516878a1aec,3405,200,GET,ts-travel-service
1650500340,ts-travel-service,fbac12e29c7029a1,6b877516878a1aec,6b877516878a1aec,10218,200,GET,ts-travel-service
1650500340,ts-travel-service,7d655a2dae320b8f,6b877516878a1aec,6b877516878a1aec,2185,200,GET,ts-travel-service
1650500340,ts-route-service,532d5ae9a7192411,7d655a2dae320b8f,6b877516878a1aec,1850,200,queryById,ts-travel-service
1650500340,ts-route-service,45a7502144c8b59c,6108fcc7346bdf5f,6b877516878a1aec,1108,200,queryById,ts-travel-service
1650500340,ts-order-service,f994cc6f08dcacb7,98c3316ae144f203,94f7995b1da0c59,3332,200,securityInfoCheck,ts-security-service
1650500340,ts-preserve-service,94f7995b1da0c59,,94f7995b1da0c59,21061,200,preserve,no_parent
1650500340,ts-preserve-service,2ad049c3fd667075,94f7995b1da0c59,94f7995b1da0c59,14338,200,GET,ts-preserve-service
1650500340,ts-ticketinfo-service,384a9b7ed237f2b,2b6318d4976e5a5d,6b877516878a1aec,7838,200,queryForStationId,ts-travel-service
1650500340,ts-ticketinfo-service,a0e7c8edcfc31a9,a823c72a052e2c68,6b877516878a1aec,6600,200,GET,ts-ticketinfo-service
1650500340,ts-basic-service,625262fb89954958,6c90254fb603d588,6b877516878a1aec,3308,200,GET,ts-basic-service
1650500340,ts-basic-service,6c90254fb603d588,a0e7c8edcfc31a9,6b877516878a1aec,5651,200,queryForStationId,ts-ticketinfo-service
1650500340,ts-basic-service,5a62bbbad7e68fb7,9f089a985d3fef2e,6b877516878a1aec,2779,200,GET,ts-basic-service
1650500340,ts-order-service,6361a6d7f0dc49ca,,6361a6d7f0dc49ca,13247,200,queryOrdersForRefresh,no_parent
1650500340,ts-order-service,a1967a8781da97f6,6361a6d7f0dc49ca,6361a6d7f0dc49ca,9841,200,POST,ts-order-service
1650500340,ts-travel-service,c01148c4091c40e4,6b877516878a1aec,6b877516878a1aec,168016,200,GET,ts-travel-service
1650500340,ts-travel-service,2b6318d4976e5a5d,6b877516878a1aec,6b877516878a1aec,8120,200,GET,ts-travel-service
1650500340,ts-travel-service,2d99d57187468558,6b877516878a1aec,6b877516878a1aec,1320,200,GET,ts-travel-service
1650500340,ts-travel-service,6108fcc7346bdf5f,6b877516878a1aec,6b877516878a1aec,1202,200,GET,ts-travel-service
1650500340,ts-station-service,dd4f88ada413f673,a1967a8781da97f6,6361a6d7f0dc49ca,8380,200,queryForNameBatch,ts-order-service
1650500340,ts-preserve-service,973683e6472fe2,94f7995b1da0c59,94f7995b1da0c59,3873,200,GET,ts-preserve-service
1650500340,ts-security-service,f59c8d5b3d7e1918,c59a0059398adff3,94f7995b1da0c59,3861,200,GET,ts-security-service
1650500340,ts-contacts-service,27e2edf8c14db5b2,973683e6472fe2,94f7995b1da0c59,2704,200,getContactsByContactsId,ts-preserve-service
1650500340,ts-contacts-service,ac93d439d788fe4a,,ac93d439d788fe4a,3643,200,findContactsByAccountId,no_parent
1650500340,ts-assurance-service,4f0206b304416453,,4f0206b304416453,1190,200,getAllAssuranceType,no_parent
1650500340,ts-verification-code-service,8a57b5f5c84dda2e,,8a57b5f5c84dda2e,3094,200,imageCode,no_parent
1650500340,ts-verification-code-service,199be6c6b852542e,e2fdda66305f8c9c,25a850b4ab9a77c8,2035,200,verifyCode,ts-auth-service
1650500340,ts-auth-service,e2fdda66305f8c9c,25a850b4ab9a77c8,25a850b4ab9a77c8,3860,200,GET,ts-auth-service
1650500340,ts-auth-service,25a850b4ab9a77c8,,25a850b4ab9a77c8,134336,200,getToken,no_parent
1650500400,ts-verification-code-service,f178d202ab5efead,2f5f566ac497e33f,7b9e474d812b833e,1981,200,verifyCode,ts-auth-service
1650500400,ts-auth-service,2f5f566ac497e33f,7b9e474d812b833e,7b9e474d812b833e,3708,200,GET,ts-auth-service
1650500400,ts-auth-service,7b9e474d812b833e,,7b9e474d812b833e,105992,200,getToken,no_parent
1650500400,ts-travel-service,349325627b8c9dda,808efc38d737273e,808efc38d737273e,2308,200,GET,ts-travel-service
1650500400,ts-travel-service,60aba8c932d12351,808efc38d737273e,808efc38d737273e,2466,200,GET,ts-travel-service
1650500400,ts-travel-service,c814e105d74788f0,808efc38d737273e,808efc38d737273e,2015,200,GET,ts-travel-service
1650500400,ts-travel-service,53af0fe71b6fdbcb,808efc38d737273e,808efc38d737273e,2335,200,GET,ts-travel-service
1650500400,ts-preserve-service,31b14ab03e9d89aa,d66f563b782eb9bf,d66f563b782eb9bf,3896,200,GET,ts-preserve-service
1650500400,ts-ticketinfo-service,8d910466d245a76c,2159a865561835ab,808efc38d737273e,5756,200,GET,ts-ticketinfo-service
1650500400,ts-ticketinfo-service,2159a865561835ab,8863596ebb648396,808efc38d737273e,7757,200,queryForStationId,ts-travel-service
1650500400,ts-ticketinfo-service,889b33509cafcb4e,f0d9a711f0945d2f,808efc38d737273e,8913,200,queryForStationId,ts-travel-service
1650500400,ts-travel-service,808efc38d737273e,,808efc38d737273e,40677,200,queryInfo,no_parent
1650500400,ts-station-service,db826b3b690f6cd5,7cc94fa94fb08df3,808efc38d737273e,2083,200,queryForStationId,ts-basic-service
1650500400,ts-security-service,5e14aa827fd2ff3b,80e40540dfd92fb9,d66f563b782eb9bf,19891,200,check,ts-preserve-service
1650500400,ts-order-service,96d8fdf17cdb908c,d0548c8149c58b3e,d66f563b782eb9bf,3334,200,securityInfoCheck,ts-security-service
1650500400,ts-security-service,2dfd35b298a73714,5e14aa827fd2ff3b,d66f563b782eb9bf,4568,200,GET,ts-security-service
1650500400,ts-verification-code-service,b4110985b495f960,,b4110985b495f960,3182,200,imageCode,no_parent
1650500400,ts-route-service,8679a09ba1dc8810,53af0fe71b6fdbcb,808efc38d737273e,2258,200,queryById,ts-travel-service
1650500400,ts-route-service,97acbd03e63bb27d,ccf802091ef1b7d5,808efc38d737273e,2590,200,queryById,ts-travel-service
1650500400,ts-preserve-service,d66f563b782eb9bf,,d66f563b782eb9bf,28244,200,preserve,no_parent
1650500400,ts-preserve-service,80e40540dfd92fb9,d66f563b782eb9bf,d66f563b782eb9bf,15310,200,GET,ts-preserve-service
1650500400,ts-ticketinfo-service,754829b1045f135a,889b33509cafcb4e,808efc38d737273e,6316,200,GET,ts-ticketinfo-service
1650500400,ts-basic-service,65b8ac0ad11ea511,8d910466d245a76c,808efc38d737273e,4899,200,queryForStationId,ts-ticketinfo-service
1650500400,ts-travel-service,ccf802091ef1b7d5,808efc38d737273e,808efc38d737273e,3643,200,GET,ts-travel-service
1650500400,ts-route-service,edf826743cfec552,349325627b8c9dda,808efc38d737273e,2199,200,queryById,ts-travel-service
1650500400,ts-travel-service,f0d9a711f0945d2f,808efc38d737273e,808efc38d737273e,10913,200,GET,ts-travel-service
1650500400,ts-travel-service,8863596ebb648396,808efc38d737273e,808efc38d737273e,8229,200,GET,ts-travel-service
1650500400,ts-assurance-service,e5f1da3872994615,,e5f1da3872994615,1951,200,getAllAssuranceType,no_parent
1650500400,ts-route-service,f70ae722aa16df02,60aba8c932d12351,808efc38d737273e,2087,200,queryById,ts-travel-service
1650500400,ts-route-service,d3b9cdb9807d43e0,c814e105d74788f0,808efc38d737273e,1908,200,queryById,ts-travel-service
1650500400,ts-basic-service,88a72d7e39b15e20,754829b1045f135a,808efc38d737273e,5242,200,queryForStationId,ts-ticketinfo-service
1650500400,ts-basic-service,71df2e2887bd82ab,88a72d7e39b15e20,808efc38d737273e,2596,200,GET,ts-basic-service
1650500400,ts-basic-service,7cc94fa94fb08df3,65b8ac0ad11ea511,808efc38d737273e,2776,200,GET,ts-basic-service
1650500400,ts-contacts-service,d30008630f288b5c,31b14ab03e9d89aa,d66f563b782eb9bf,2721,200,getContactsByContactsId,ts-preserve-service
1650500400,ts-security-service,d0548c8149c58b3e,5e14aa827fd2ff3b,d66f563b782eb9bf,4699,200,GET,ts-security-service
1650500400,ts-station-service,200c96563017ac08,71df2e2887bd82ab,808efc38d737273e,1347,200,queryForStationId,ts-basic-service
1650500400,ts-station-service,dff707c3d2bee701,e4f53bb2dc82588c,9deb2ef2f0c92a3d,8259,200,queryForNameBatch,ts-order-service
1650500400,ts-order-other-service,cdc33d38efc56eb8,2dfd35b298a73714,d66f563b782eb9bf,3333,200,securityInfoCheck,ts-security-service
1650500400,ts-order-service,9deb2ef2f0c92a3d,,9deb2ef2f0c92a3d,13233,200,queryOrdersForRefresh,no_parent
1650500400,ts-order-service,e4f53bb2dc82588c,9deb2ef2f0c92a3d,9deb2ef2f0c92a3d,9805,200,POST,ts-order-service
1650500400,ts-contacts-service,d9d73baa625cf00b,,d9d73baa625cf00b,3735,200,findContactsByAccountId,no_parent
1650500460,ts-auth-service,a386362583883e35,,a386362583883e35,114428,200,getToken,no_parent
1650500460,ts-verification-code-service,ee79965683acd60b,,ee79965683acd60b,3155,200,imageCode,no_parent
1650500460,ts-security-service,8c845de3d91c327d,3a6c2c507e4943d6,3ddd77d02a284378,12290,200,check,ts-preserve-service
1650500460,ts-security-service,244a7724e2455066,8c845de3d91c327d,3ddd77d02a284378,3932,200,GET,ts-security-service
1650500460,ts-preserve-service,3a6c2c507e4943d6,3ddd77d02a284378,3ddd77d02a284378,13560,200,GET,ts-preserve-service
1650500460,ts-preserve-service,bf49175f139132a,3ddd77d02a284378,3ddd77d02a284378,3390,200,GET,ts-preserve-service
1650500460,ts-preserve-service,3ddd77d02a284378,,3ddd77d02a284378,19468,200,preserve,no_parent
1650500460,ts-security-service,1d70200398912a25,8c845de3d91c327d,3ddd77d02a284378,4473,200,GET,ts-security-service
1650500460,ts-verification-code-service,5a245484a3f7c938,2636a2df26dcee04,a386362583883e35,2216,200,verifyCode,ts-auth-service
1650500460,ts-order-other-service,24db3b7e27e0e284,244a7724e2455066,3ddd77d02a284378,2813,200,securityInfoCheck,ts-security-service
1650500460,ts-auth-service,2636a2df26dcee04,a386362583883e35,a386362583883e35,4147,200,GET,ts-auth-service
1650500460,ts-contacts-service,be2063a208152a05,bf49175f139132a,3ddd77d02a284378,2353,200,getContactsByContactsId,ts-preserve-service
1650500460,ts-order-service,64393b4260dba727,1d70200398912a25,3ddd77d02a284378,3318,200,securityInfoCheck,ts-security-service
1650500460,ts-station-service,93bec087f8606963,29eb872602e8b321,ed5c9d0e5d8e4b61,7457,200,queryForNameBatch,ts-order-service
1650500460,ts-order-service,ed5c9d0e5d8e4b61,,ed5c9d0e5d8e4b61,11796,200,queryOrdersForRefresh,no_parent
1650500460,ts-order-service,29eb872602e8b321,ed5c9d0e5d8e4b61,ed5c9d0e5d8e4b61,8701,200,POST,ts-order-service
1650500460,ts-contacts-service,92055805cdc03a1c,,92055805cdc03a1c,2808,200,findContactsByAccountId,no_parent
1650500461,ts-ticketinfo-service,1fe20c4bdaacde94,3f68ca7c33e48380,5b0b1dfe695bd469,7011,200,queryForStationId,ts-travel-service
1650500461,ts-travel-service,3f68ca7c33e48380,5b0b1dfe695bd469,5b0b1dfe695bd469,7372,200,GET,ts-travel-service
1650500461,ts-travel-service,999b0115ca544eaf,5b0b1dfe695bd469,5b0b1dfe695bd469,2307,200,GET,ts-travel-service
1650500461,ts-travel-service,a10c3f73bf9cca7a,5b0b1dfe695bd469,5b0b1dfe695bd469,2214,200,GET,ts-travel-service
1650500461,ts-travel-service,734d2ef1dc7fbf0f,5b0b1dfe695bd469,5b0b1dfe695bd469,3633,200,GET,ts-travel-service
1650500461,ts-ticketinfo-service,dba2eb32133729c6,1fe20c4bdaacde94,5b0b1dfe695bd469,4973,200,GET,ts-ticketinfo-service
1650500461,ts-ticketinfo-service,5f8552c17e38edd6,2e7e83cf17d3bba,5b0b1dfe695bd469,6396,200,GET,ts-ticketinfo-service
1650500461,ts-route-service,388be6c9626594b3,734d2ef1dc7fbf0f,5b0b1dfe695bd469,2461,200,queryById,ts-travel-service
1650500461,ts-route-service,8ad7576b3588f72d,a10c3f73bf9cca7a,5b0b1dfe695bd469,2119,200,queryById,ts-travel-service
1650500461,ts-travel-service,ba73195130617d01,5b0b1dfe695bd469,5b0b1dfe695bd469,9559,200,GET,ts-travel-service
1650500461,ts-route-service,7e0a9f8e3f6e1991,999b0115ca544eaf,5b0b1dfe695bd469,2183,200,queryById,ts-travel-service
1650500461,ts-station-service,3fcf66f5a772eb5a,45cfd9ffe9fd3e2c,5b0b1dfe695bd469,1892,200,queryForStationId,ts-basic-service
1650500461,ts-travel-service,9da784407bb358c8,5b0b1dfe695bd469,5b0b1dfe695bd469,2308,200,GET,ts-travel-service
1650500461,ts-ticketinfo-service,2e7e83cf17d3bba,ba73195130617d01,5b0b1dfe695bd469,8014,200,queryForStationId,ts-travel-service
1650500461,ts-station-service,9272f721236c7292,6b7dc5ee4bdec213,5b0b1dfe695bd469,2119,200,queryForStationId,ts-basic-service
1650500461,ts-basic-service,45cfd9ffe9fd3e2c,fa8b63c727262a2b,5b0b1dfe695bd469,2474,200,GET,ts-basic-service
1650500461,ts-basic-service,fa8b63c727262a2b,dba2eb32133729c6,5b0b1dfe695bd469,4327,200,queryForStationId,ts-ticketinfo-service
1650500461,ts-basic-service,6b7dc5ee4bdec213,e7d23dcbfea18513,5b0b1dfe695bd469,3140,200,GET,ts-basic-service
1650500461,ts-basic-service,e7d23dcbfea18513,5f8552c17e38edd6,5b0b1dfe695bd469,5461,200,queryForStationId,ts-ticketinfo-service
1650500461,ts-route-service,84f9dc6258d3de9,9da784407bb358c8,5b0b1dfe695bd469,1921,200,queryById,ts-travel-service
1650500461,ts-route-service,3034d990ae2815db,610bf0ed551a6c30,5b0b1dfe695bd469,2054,200,queryById,ts-travel-service
1650500461,ts-travel-service,610bf0ed551a6c30,5b0b1dfe695bd469,5b0b1dfe695bd469,2141,200,GET,ts-travel-service
1650500461,ts-travel-service,5b0b1dfe695bd469,,5b0b1dfe695bd469,37517,200,queryInfo,no_parent
1650500461,ts-assurance-service,76475afb48a25c12,,76475afb48a25c12,1890,200,getAllAssuranceType,no_parent
1650500521,ts-preserve-service,54efd836d7c828f3,,54efd836d7c828f3,22567,200,preserve,no_parent
1650500521,ts-auth-service,37b9a001aae647f1,,37b9a001aae647f1,119512,200,getToken,no_parent
1650500521,ts-verification-code-service,cbd162a1b1afb0f,25bd1b2587b344db,37b9a001aae647f1,2192,200,verifyCode,ts-auth-service
1650500521,ts-auth-service,25bd1b2587b344db,37b9a001aae647f1,37b9a001aae647f1,3961,200,GET,ts-auth-service
1650500521,ts-preserve-service,224ff5c4f39a70a3,54efd836d7c828f3,54efd836d7c828f3,15733,200,GET,ts-preserve-service
1650500521,ts-security-service,502e3f85ca098e61,fb3c531555d5672b,54efd836d7c828f3,4509,200,GET,ts-security-service
1650500521,ts-security-service,fb3c531555d5672b,224ff5c4f39a70a3,54efd836d7c828f3,14128,200,check,ts-preserve-service
1650500521,ts-contacts-service,c3d0a7a25471ddd7,1d166703d052a65,54efd836d7c828f3,2760,200,getContactsByContactsId,ts-preserve-service
1650500521,ts-order-service,8afcceac8361380e,5141528166b2460,54efd836d7c828f3,3548,200,securityInfoCheck,ts-security-service
1650500521,ts-preserve-service,1d166703d052a65,54efd836d7c828f3,54efd836d7c828f3,3928,200,GET,ts-preserve-service
1650500521,ts-order-other-service,d00221ea37dea0eb,502e3f85ca098e61,54efd836d7c828f3,3145,200,securityInfoCheck,ts-security-service
1650500521,ts-travel-service,48da4912072c3635,,48da4912072c3635,41934,200,queryInfo,no_parent
1650500521,ts-basic-service,ae9a54513f0cc644,4de8f55eed246035,48da4912072c3635,2784,200,GET,ts-basic-service
1650500521,ts-basic-service,1d2b31953608555,97a42720923ecd6a,48da4912072c3635,3507,200,GET,ts-basic-service
1650500521,ts-travel-service,3ba6f07d2a3fbb8c,48da4912072c3635,48da4912072c3635,2221,200,GET,ts-travel-service
1650500521,ts-travel-service,235ea1da216f1bc1,48da4912072c3635,48da4912072c3635,3885,200,GET,ts-travel-service
1650500521,ts-travel-service,1ff2bf560236da82,48da4912072c3635,48da4912072c3635,2554,200,GET,ts-travel-service
1650500521,ts-travel-service,b6cdc7c59b5aa32f,48da4912072c3635,48da4912072c3635,1884,200,GET,ts-travel-service
1650500521,ts-travel-service,dbc3c53ac8f9a120,48da4912072c3635,48da4912072c3635,2235,200,GET,ts-travel-service
1650500521,ts-ticketinfo-service,3083bfa7a488d6ae,239d0177668214fb,48da4912072c3635,5654,200,GET,ts-ticketinfo-service
1650500521,ts-ticketinfo-service,239d0177668214fb,428c05fb085e6cb3,48da4912072c3635,7707,200,queryForStationId,ts-travel-service
1650500521,ts-station-service,c6d4381e55ba207c,ae9a54513f0cc644,48da4912072c3635,2122,200,queryForStationId,ts-basic-service
1650500521,ts-route-service,dbf4cea0e6efc48d,235ea1da216f1bc1,48da4912072c3635,2695,200,queryById,ts-travel-service
1650500521,ts-route-service,2799cdbf41ef2c00,1ff2bf560236da82,48da4912072c3635,2147,200,queryById,ts-travel-service
1650500521,ts-security-service,5141528166b2460,fb3c531555d5672b,54efd836d7c828f3,4996,200,GET,ts-security-service
1650500521,ts-assurance-service,100411ca9384a97b,,100411ca9384a97b,1215,200,getAllAssuranceType,no_parent
1650500521,ts-verification-code-service,4b9aee2a3c80ab4,,4b9aee2a3c80ab4,3086,200,imageCode,no_parent
1650500521,ts-route-service,f5d198b74901b808,b6cdc7c59b5aa32f,48da4912072c3635,1657,200,queryById,ts-travel-service
1650500521,ts-travel-service,945228c0a0fca459,48da4912072c3635,48da4912072c3635,11517,200,GET,ts-travel-service
1650500521,ts-basic-service,97a42720923ecd6a,85b96562c62e293d,48da4912072c3635,6224,200,queryForStationId,ts-ticketinfo-service
1650500521,ts-basic-service,4de8f55eed246035,3083bfa7a488d6ae,48da4912072c3635,5030,200,queryForStationId,ts-ticketinfo-service
1650500521,ts-station-service,ffb7598f8fc75d15,1d2b31953608555,48da4912072c3635,2312,200,queryForStationId,ts-basic-service
1650500521,ts-route-service,a7427497ab802804,3ba6f07d2a3fbb8c,48da4912072c3635,2118,200,queryById,ts-travel-service
1650500521,ts-travel-service,428c05fb085e6cb3,48da4912072c3635,48da4912072c3635,8211,200,GET,ts-travel-service
1650500521,ts-ticketinfo-service,f72b8a3a64153321,945228c0a0fca459,48da4912072c3635,9599,200,queryForStationId,ts-travel-service
1650500521,ts-route-service,8753c01d0b20a3cc,dbc3c53ac8f9a120,48da4912072c3635,2128,200,queryById,ts-travel-service
1650500521,ts-ticketinfo-service,85b96562c62e293d,f72b8a3a64153321,48da4912072c3635,7230,200,GET,ts-ticketinfo-service
1650500521,ts-station-service,3eeab28375d59cec,3d779d169e4d2a30,f7de7ba0233c9798,7793,200,queryForNameBatch,ts-order-service
1650500521,ts-contacts-service,3d27d709802c6564,,3d27d709802c6564,3516,200,findContactsByAccountId,no_parent
1650500521,ts-order-service,f7de7ba0233c9798,,f7de7ba0233c9798,12637,200,queryOrdersForRefresh,no_parent
1650500521,ts-order-service,3d779d169e4d2a30,f7de7ba0233c9798,f7de7ba0233c9798,9255,200,POST,ts-order-service
1650500581,ts-verification-code-service,d7fa227e52a192f0,b2c7a68fb0adc34a,3dfd02513f2ca929,2065,200,verifyCode,ts-auth-service
1650500581,ts-auth-service,b2c7a68fb0adc34a,3dfd02513f2ca929,3dfd02513f2ca929,3860,200,GET,ts-auth-service
1650500581,ts-auth-service,3dfd02513f2ca929,,3dfd02513f2ca929,131362,200,getToken,no_parent
1650500581,ts-order-other-service,498930c241b546b8,44226e8071898b9f,a9cba9b3f36d4ec2,3129,200,securityInfoCheck,ts-security-service
1650500581,ts-preserve-service,5b78660e5cb9df6b,a9cba9b3f36d4ec2,a9cba9b3f36d4ec2,3772,200,GET,ts-preserve-service
1650500581,ts-preserve-service,c6742accef334558,a9cba9b3f36d4ec2,a9cba9b3f36d4ec2,15717,200,GET,ts-preserve-service
1650500581,ts-preserve-service,a9cba9b3f36d4ec2,,a9cba9b3f36d4ec2,22296,200,preserve,no_parent
1650500581,ts-travel-service,b0e39060ffa535cc,,b0e39060ffa535cc,47183,200,queryInfo,no_parent
1650500581,ts-basic-service,56dfc2f0dfa58a33,c0209a1f799dffaf,b0e39060ffa535cc,3490,200,GET,ts-basic-service
1650500581,ts-ticketinfo-service,aeae48c3c9dc924,3ffb607738b03840,b0e39060ffa535cc,7763,200,GET,ts-ticketinfo-service
1650500581,ts-ticketinfo-service,3ffb607738b03840,e43b077a4ee12e0c,b0e39060ffa535cc,9613,200,queryForStationId,ts-travel-service
1650500581,ts-security-service,a685234cfdcd7733,c6742accef334558,a9cba9b3f36d4ec2,14127,200,check,ts-preserve-service
1650500581,ts-order-service,ed2b00e722d45bb,bf24f852bfd26332,a9cba9b3f36d4ec2,3714,200,securityInfoCheck,ts-security-service
1650500581,ts-ticketinfo-service,33bd7d4fcd670939,9cc54adc4fd92f58,b0e39060ffa535cc,6934,200,GET,ts-ticketinfo-service
1650500581,ts-verification-code-service,40bb7b97d417de81,,40bb7b97d417de81,2927,200,imageCode,no_parent
1650500581,ts-route-service,363992f4b266e3d2,6a0272a7b57e0cde,b0e39060ffa535cc,2466,200,queryById,ts-travel-service
1650500581,ts-basic-service,c4b9fbf4ff3ed0d1,d1a8a8a60e0b1e08,b0e39060ffa535cc,3730,200,GET,ts-basic-service
1650500581,ts-security-service,44226e8071898b9f,a685234cfdcd7733,a9cba9b3f36d4ec2,4232,200,GET,ts-security-service
1650500581,ts-contacts-service,ccd3b312cb74c515,5b78660e5cb9df6b,a9cba9b3f36d4ec2,2529,200,getContactsByContactsId,ts-preserve-service
1650500581,ts-station-service,1c686a156868ff53,56dfc2f0dfa58a33,b0e39060ffa535cc,2273,200,queryForStationId,ts-basic-service
1650500581,ts-assurance-service,8da403466f3b48e7,,8da403466f3b48e7,1528,200,getAllAssuranceType,no_parent
1650500581,ts-security-service,bf24f852bfd26332,a685234cfdcd7733,a9cba9b3f36d4ec2,5395,200,GET,ts-security-service
1650500581,ts-travel-service,ff4d11361b631a3e,b0e39060ffa535cc,b0e39060ffa535cc,2675,200,GET,ts-travel-service
1650500581,ts-travel-service,e43b077a4ee12e0c,b0e39060ffa535cc,b0e39060ffa535cc,11469,200,GET,ts-travel-service
1650500581,ts-travel-service,30bb0204026cf9f6,b0e39060ffa535cc,b0e39060ffa535cc,3031,200,GET,ts-travel-service
1650500581,ts-travel-service,215f4d4ec1e36c86,b0e39060ffa535cc,b0e39060ffa535cc,9442,200,GET,ts-travel-service
1650500581,ts-travel-service,8539124827ad828f,b0e39060ffa535cc,b0e39060ffa535cc,3418,200,GET,ts-travel-service
1650500581,ts-travel-service,6a0272a7b57e0cde,b0e39060ffa535cc,b0e39060ffa535cc,3102,200,GET,ts-travel-service
1650500581,ts-ticketinfo-service,9cc54adc4fd92f58,215f4d4ec1e36c86,b0e39060ffa535cc,8900,200,queryForStationId,ts-travel-service
1650500581,ts-station-service,a91694985c817a21,7ffb166d3dc4be11,5de9fe176c19ea0f,7781,200,queryForNameBatch,ts-order-service
1650500581,ts-order-service,5de9fe176c19ea0f,,5de9fe176c19ea0f,12273,200,queryOrdersForRefresh,no_parent
1650500581,ts-order-service,7ffb166d3dc4be11,5de9fe176c19ea0f,5de9fe176c19ea0f,9300,200,POST,ts-order-service
1650500581,ts-route-service,ddbcc0c2d54c1f25,8539124827ad828f,b0e39060ffa535cc,2207,200,queryById,ts-travel-service
1650500581,ts-route-service,33bf2128dc3aebf9,30bb0204026cf9f6,b0e39060ffa535cc,2117,200,queryById,ts-travel-service
1650500581,ts-route-service,163fc0fd032358d1,ff4d11361b631a3e,b0e39060ffa535cc,2076,200,queryById,ts-travel-service
1650500581,ts-route-service,c2fa1ec69098e732,364bbe2b83b2bfe4,b0e39060ffa535cc,2006,200,queryById,ts-travel-service
1650500581,ts-travel-service,364bbe2b83b2bfe4,b0e39060ffa535cc,b0e39060ffa535cc,2865,200,GET,ts-travel-service
1650500581,ts-basic-service,d1a8a8a60e0b1e08,aeae48c3c9dc924,b0e39060ffa535cc,6142,200,queryForStationId,ts-ticketinfo-service
1650500581,ts-basic-service,c0209a1f799dffaf,33bd7d4fcd670939,b0e39060ffa535cc,5802,200,queryForStationId,ts-ticketinfo-service
1650500581,ts-station-service,38368e839c1495d8,c4b9fbf4ff3ed0d1,b0e39060ffa535cc,2265,200,queryForStationId,ts-basic-service
1650500581,ts-contacts-service,4560d622c6704166,,4560d622c6704166,3366,200,findContactsByAccountId,no_parent
1650500641,ts-route-service,6ccbc2b5fc9d7e2c,f53a5fc26063f55a,b1f0b5fe5465bd3f,2841,200,queryById,ts-travel-service
1650500641,ts-route-service,fe66c49777ee24f1,9f76410c12b20caa,b1f0b5fe5465bd3f,2205,200,queryById,ts-travel-service
1650500641,ts-route-service,24ffe3815d921407,af43365ee259ae59,b1f0b5fe5465bd3f,1402,200,queryById,ts-travel-service
1650500641,ts-travel-service,635331c2250d083c,b1f0b5fe5465bd3f,b1f0b5fe5465bd3f,8253,200,GET,ts-travel-service
1650500641,ts-travel-service,ecbf0bb8afa993f3,b1f0b5fe5465bd3f,b1f0b5fe5465bd3f,10671,200,GET,ts-travel-service
1650500641,ts-route-service,ac9609f94dff478e,6eef2ef4cfff4366,b1f0b5fe5465bd3f,2276,200,queryById,ts-travel-service
1650500641,ts-travel-service,af43365ee259ae59,b1f0b5fe5465bd3f,b1f0b5fe5465bd3f,1613,200,GET,ts-travel-service
1650500641,ts-travel-service,b1f0b5fe5465bd3f,,b1f0b5fe5465bd3f,41435,200,queryInfo,no_parent
1650500641,ts-preserve-service,6db98bf6d682300b,e040f907206aa4f6,e040f907206aa4f6,4426,200,GET,ts-preserve-service
1650500641,ts-ticketinfo-service,3d7e1c22f534e19e,ecbf0bb8afa993f3,b1f0b5fe5465bd3f,9109,200,queryForStationId,ts-travel-service
1650500641,ts-ticketinfo-service,4af87e7dc6f874f5,635331c2250d083c,b1f0b5fe5465bd3f,7770,200,queryForStationId,ts-travel-service
1650500641,ts-travel-service,f53a5fc26063f55a,b1f0b5fe5465bd3f,b1f0b5fe5465bd3f,4091,200,GET,ts-travel-service
1650500641,ts-travel-service,36e307bde809f30c,b1f0b5fe5465bd3f,b1f0b5fe5465bd3f,2632,200,GET,ts-travel-service
1650500641,ts-order-service,84f7824fe180e52b,,84f7824fe180e52b,12858,200,queryOrdersForRefresh,no_parent
1650500641,ts-travel-service,9f76410c12b20caa,b1f0b5fe5465bd3f,b1f0b5fe5465bd3f,2330,200,GET,ts-travel-service
1650500641,ts-basic-service,cc93258560707d2a,cc7e19d93057b5fe,b1f0b5fe5465bd3f,3328,200,GET,ts-basic-service
1650500641,ts-ticketinfo-service,8cb7756a2cdc4cb1,3d7e1c22f534e19e,b1f0b5fe5465bd3f,6562,200,GET,ts-ticketinfo-service
1650500641,ts-ticketinfo-service,4f68ef57c6c2ae02,4af87e7dc6f874f5,b1f0b5fe5465bd3f,5499,200,GET,ts-ticketinfo-service
1650500641,ts-basic-service,cc7e19d93057b5fe,8cb7756a2cdc4cb1,b1f0b5fe5465bd3f,5629,200,queryForStationId,ts-ticketinfo-service
1650500641,ts-station-service,4c21f81d01973daa,92004ae6eb0f6770,b1f0b5fe5465bd3f,2156,200,queryForStationId,ts-basic-service
1650500641,ts-security-service,d947faaa5b66bd2a,8ca469fce75fdb88,e040f907206aa4f6,4669,200,GET,ts-security-service
1650500641,ts-station-service,2eb228718f07ad57,cc93258560707d2a,b1f0b5fe5465bd3f,2450,200,queryForStationId,ts-basic-service
1650500641,ts-auth-service,fb5ef36f4168840a,628c4d6ecb654cb7,628c4d6ecb654cb7,4033,200,GET,ts-auth-service
1650500641,ts-basic-service,92004ae6eb0f6770,26f45916354672e9,b1f0b5fe5465bd3f,2853,200,GET,ts-basic-service
1650500641,ts-basic-service,26f45916354672e9,4f68ef57c6c2ae02,b1f0b5fe5465bd3f,4801,200,queryForStationId,ts-ticketinfo-service
1650500641,ts-route-service,c3f1e028315aec9f,36e307bde809f30c,b1f0b5fe5465bd3f,2230,200,queryById,ts-travel-service
1650500641,ts-travel-service,6eef2ef4cfff4366,b1f0b5fe5465bd3f,b1f0b5fe5465bd3f,2421,200,GET,ts-travel-service
1650500641,ts-order-other-service,bd1deb1efccc0926,651547762cf6dc4b,e040f907206aa4f6,3173,200,securityInfoCheck,ts-security-service
1650500641,ts-order-service,cd08d1bdcfcebf75,84f7824fe180e52b,84f7824fe180e52b,9495,200,POST,ts-order-service
1650500641,ts-station-service,f51177749f40add6,cd08d1bdcfcebf75,84f7824fe180e52b,7947,200,queryForNameBatch,ts-order-service
1650500641,ts-security-service,651547762cf6dc4b,8ca469fce75fdb88,e040f907206aa4f6,4325,200,GET,ts-security-service
1650500641,ts-preserve-service,e040f907206aa4f6,,e040f907206aa4f6,22331,200,preserve,no_parent
1650500641,ts-contacts-service,98e7c39197fa0699,,98e7c39197fa0699,3463,200,findContactsByAccountId,no_parent
1650500641,ts-security-service,8ca469fce75fdb88,115f04521b6610d6,e040f907206aa4f6,13515,200,check,ts-preserve-service
1650500641,ts-contacts-service,2a26beaa34feeb23,6db98bf6d682300b,e040f907206aa4f6,2677,200,getContactsByContactsId,ts-preserve-service
1650500641,ts-order-service,f4cd21d07447bd2f,d947faaa5b66bd2a,e040f907206aa4f6,3350,200,securityInfoCheck,ts-security-service
1650500641,ts-preserve-service,115f04521b6610d6,e040f907206aa4f6,e040f907206aa4f6,15064,200,GET,ts-preserve-service
1650500641,ts-assurance-service,7e260325d5e89cd6,,7e260325d5e89cd6,1946,200,getAllAssuranceType,no_parent
1650500641,ts-verification-code-service,e5d1a810236788ef,,e5d1a810236788ef,3032,200,imageCode,no_parent
1650500641,ts-auth-service,628c4d6ecb654cb7,,628c4d6ecb654cb7,113183,200,getToken,no_parent
1650500641,ts-verification-code-service,6675dbded7bc5160,fb5ef36f4168840a,628c4d6ecb654cb7,2295,200,verifyCode,ts-auth-service
1650500702,ts-security-service,93c6555381808dfa,7e5dde7eeb921b47,8769f5524ab4d568,12449,200,check,ts-preserve-service
1650500702,ts-order-other-service,3b2fe652a46b2fec,e76f4dbe4af77a73,8769f5524ab4d568,3327,200,securityInfoCheck,ts-security-service
1650500702,ts-security-service,fa2b5e2a5b7ee0d8,93c6555381808dfa,8769f5524ab4d568,3714,200,GET,ts-security-service
1650500702,ts-security-service,e76f4dbe4af77a73,93c6555381808dfa,8769f5524ab4d568,4617,200,GET,ts-security-service
1650500702,ts-preserve-service,1b21e962bc008ede,8769f5524ab4d568,8769f5524ab4d568,4054,200,GET,ts-preserve-service
1650500702,ts-preserve-service,8769f5524ab4d568,,8769f5524ab4d568,20510,200,preserve,no_parent
1650500702,ts-route-service,a3069af77357cb52,f2d81c7c03d8ae72,e4c4734c354feb20,2055,200,queryById,ts-travel-service
1650500702,ts-route-service,f6c83740ed3e86ec,2946765f83b46e47,e4c4734c354feb20,2351,200,queryById,ts-travel-service
1650500702,ts-route-service,cf6c875b87b01d87,63d8cb80563833cc,e4c4734c354feb20,1840,200,queryById,ts-travel-service
1650500702,ts-travel-service,2085b90ea27b715,e4c4734c354feb20,e4c4734c354feb20,10797,200,GET,ts-travel-service
1650500702,ts-travel-service,85658b86ad250e5d,e4c4734c354feb20,e4c4734c354feb20,3219,200,GET,ts-travel-service
1650500702,ts-travel-service,e4c4734c354feb20,,e4c4734c354feb20,67307,200,queryInfo,no_parent
1650500702,ts-travel-service,f2d81c7c03d8ae72,e4c4734c354feb20,e4c4734c354feb20,2528,200,GET,ts-travel-service
1650500702,ts-travel-service,2946765f83b46e47,e4c4734c354feb20,e4c4734c354feb20,3503,200,GET,ts-travel-service
1650500702,ts-station-service,b08c2f4cdcaba887,b5ecc31e25b0e9a6,e4c4734c354feb20,2270,200,queryForStationId,ts-basic-service
1650500702,ts-station-service,ee6d5a39e42d9d37,4e9cae7ca0016de4,e4c4734c354feb20,2175,200,queryForStationId,ts-basic-service
1650500702,ts-travel-service,63d8cb80563833cc,e4c4734c354feb20,e4c4734c354feb20,2319,200,GET,ts-travel-service
1650500702,ts-route-service,960fc6c5f11d8533,8c114d03669a0342,e4c4734c354feb20,1999,200,queryById,ts-travel-service
1650500702,ts-travel-service,611bfd9db3510f97,e4c4734c354feb20,e4c4734c354feb20,8074,200,GET,ts-travel-service
1650500702,ts-basic-service,8c88054ad99c1a3,6e5c578a611b650,e4c4734c354feb20,5125,200,queryForStationId,ts-ticketinfo-service
1650500702,ts-basic-service,b5ecc31e25b0e9a6,f21cc63d38fc3fe6,e4c4734c354feb20,3519,200,GET,ts-basic-service
1650500702,ts-basic-service,f21cc63d38fc3fe6,e2e86e0dcd2ba070,e4c4734c354feb20,5786,200,queryForStationId,ts-ticketinfo-service
1650500702,ts-basic-service,4e9cae7ca0016de4,8c88054ad99c1a3,e4c4734c354feb20,2808,200,GET,ts-basic-service
1650500702,ts-ticketinfo-service,d34d25ca322ef02,611bfd9db3510f97,e4c4734c354feb20,7760,200,queryForStationId,ts-travel-service
1650500702,ts-ticketinfo-service,82ec99013160ec9e,2085b90ea27b715,e4c4734c354feb20,8975,200,queryForStationId,ts-travel-service
1650500702,ts-ticketinfo-service,6e5c578a611b650,d34d25ca322ef02,e4c4734c354feb20,5691,200,GET,ts-ticketinfo-service
1650500702,ts-route-service,9f97bb56e590bf18,85658b86ad250e5d,e4c4734c354feb20,2377,200,queryById,ts-travel-service
1650500702,ts-ticketinfo-service,e2e86e0dcd2ba070,82ec99013160ec9e,e4c4734c354feb20,6834,200,GET,ts-ticketinfo-service
1650500702,ts-travel-service,8c114d03669a0342,e4c4734c354feb20,e4c4734c354feb20,2922,200,GET,ts-travel-service
1650500702,ts-verification-code-service,543e0292881383d0,94d5280fddd6b29f,679a8c6dd7b958f7,1986,200,verifyCode,ts-auth-service
1650500702,ts-auth-service,94d5280fddd6b29f,679a8c6dd7b958f7,679a8c6dd7b958f7,3571,200,GET,ts-auth-service
1650500702,ts-auth-service,679a8c6dd7b958f7,,679a8c6dd7b958f7,111729,200,getToken,no_parent
1650500702,ts-preserve-service,7e5dde7eeb921b47,8769f5524ab4d568,8769f5524ab4d568,13717,200,GET,ts-preserve-service
1650500702,ts-contacts-service,fbd0feedb1f0d4ad,,fbd0feedb1f0d4ad,3528,200,findContactsByAccountId,no_parent
1650500702,ts-contacts-service,474bf1a24a9a931,1b21e962bc008ede,8769f5524ab4d568,2801,200,getContactsByContactsId,ts-preserve-service
1650500702,ts-order-service,7b5f0ea8713628d5,fa2b5e2a5b7ee0d8,8769f5524ab4d568,2298,200,securityInfoCheck,ts-security-service
1650500702,ts-order-service,fbcca7a7cdd8011f,,fbcca7a7cdd8011f,10947,200,queryOrdersForRefresh,no_parent
1650500702,ts-order-service,396c858befc0df19,fbcca7a7cdd8011f,fbcca7a7cdd8011f,8092,200,POST,ts-order-service
1650500702,ts-station-service,36706af07fffdf19,396c858befc0df19,fbcca7a7cdd8011f,6649,200,queryForNameBatch,ts-order-service
1650500702,ts-verification-code-service,32ae900157fe864c,,32ae900157fe864c,3119,200,imageCode,no_parent
1650500702,ts-assurance-service,c3b8e5d632c4b6e1,,c3b8e5d632c4b6e1,1504,200,getAllAssuranceType,no_parent
1650500762,ts-station-service,9e41837295761a52,a54d9188d595e344,245eb0f597d93158,7878,200,queryForNameBatch,ts-order-service
1650500762,ts-order-service,245eb0f597d93158,,245eb0f597d93158,12684,200,queryOrdersForRefresh,no_parent
1650500762,ts-security-service,c72faf2d966096c0,ec75cd48453649e4,9c733794527a46e6,4984,200,GET,ts-security-service
1650500762,ts-security-service,ddcd024e035d8cc2,ec75cd48453649e4,9c733794527a46e6,4470,200,GET,ts-security-service
1650500762,ts-verification-code-service,2ab06465ee6dcff5,369c1ebe5c49ca46,2f2306068aa0c828,2161,200,verifyCode,ts-auth-service
1650500762,ts-auth-service,369c1ebe5c49ca46,2f2306068aa0c828,2f2306068aa0c828,3897,200,GET,ts-auth-service
1650500762,ts-auth-service,2f2306068aa0c828,,2f2306068aa0c828,109532,200,getToken,no_parent
1650500762,ts-station-service,2d42d6d2db7b1575,5f128a9126ece966,9db01ae1a7d9783e,1801,200,queryForStationId,ts-basic-service
1650500762,ts-station-service,7a85425e737134b8,dd291166282678b5,9db01ae1a7d9783e,2127,200,queryForStationId,ts-basic-service
1650500762,ts-route-service,584c034a7a92873d,a5ac4726b44726d7,9db01ae1a7d9783e,2556,200,queryById,ts-travel-service
1650500762,ts-travel-service,55877d7ee65dc270,9db01ae1a7d9783e,9db01ae1a7d9783e,2309,200,GET,ts-travel-service
1650500762,ts-travel-service,bf8686da40781e72,9db01ae1a7d9783e,9db01ae1a7d9783e,10924,200,GET,ts-travel-service
1650500762,ts-travel-service,9db01ae1a7d9783e,,9db01ae1a7d9783e,43252,200,queryInfo,no_parent
1650500762,ts-route-service,601fcc21c7219ce,b690c8a1d3e9390d,9db01ae1a7d9783e,2156,200,queryById,ts-travel-service
1650500762,ts-travel-service,fc23bc3181a213f,9db01ae1a7d9783e,9db01ae1a7d9783e,8967,200,GET,ts-travel-service
1650500762,ts-travel-service,a5ac4726b44726d7,9db01ae1a7d9783e,9db01ae1a7d9783e,3006,200,GET,ts-travel-service
1650500762,ts-travel-service,a080d5f573f2313e,9db01ae1a7d9783e,9db01ae1a7d9783e,3848,200,GET,ts-travel-service
1650500762,ts-basic-service,dd291166282678b5,2bc6f809b0bd1db6,9db01ae1a7d9783e,2873,200,GET,ts-basic-service
1650500762,ts-ticketinfo-service,977e3c1613be9532,1b02057f5a6df76f,9db01ae1a7d9783e,6853,200,GET,ts-ticketinfo-service
1650500762,ts-route-service,af7264d0273f1af6,55877d7ee65dc270,9db01ae1a7d9783e,2138,200,queryById,ts-travel-service
1650500762,ts-route-service,ff1faba28d848eac,a080d5f573f2313e,9db01ae1a7d9783e,2585,200,queryById,ts-travel-service
1650500762,ts-ticketinfo-service,1b02057f5a6df76f,bf8686da40781e72,9db01ae1a7d9783e,9570,200,queryForStationId,ts-travel-service
1650500762,ts-ticketinfo-service,bfc60ae0bf963017,633cbb76677d64d1,9db01ae1a7d9783e,6389,200,GET,ts-ticketinfo-service
1650500762,ts-ticketinfo-service,633cbb76677d64d1,fc23bc3181a213f,9db01ae1a7d9783e,8494,200,queryForStationId,ts-travel-service
1650500762,ts-basic-service,5f128a9126ece966,757919a7b353d7d9,9db01ae1a7d9783e,3024,200,GET,ts-basic-service
1650500762,ts-basic-service,2bc6f809b0bd1db6,bfc60ae0bf963017,9db01ae1a7d9783e,5177,200,queryForStationId,ts-ticketinfo-service
1650500762,ts-basic-service,757919a7b353d7d9,977e3c1613be9532,9db01ae1a7d9783e,5732,200,queryForStationId,ts-ticketinfo-service
1650500762,ts-route-service,4a76d2fd02b7f9a0,11c8a81966d1a7d3,9db01ae1a7d9783e,2137,200,queryById,ts-travel-service
1650500762,ts-travel-service,b690c8a1d3e9390d,9db01ae1a7d9783e,9db01ae1a7d9783e,2313,200,GET,ts-travel-service
1650500762,ts-travel-service,11c8a81966d1a7d3,9db01ae1a7d9783e,9db01ae1a7d9783e,2283,200,GET,ts-travel-service
1650500762,ts-order-other-service,ad274ec417014c17,ddcd024e035d8cc2,9c733794527a46e6,3116,200,securityInfoCheck,ts-security-service
1650500762,ts-verification-code-service,9ec0187885111b33,,9ec0187885111b33,2963,200,imageCode,no_parent
1650500762,ts-contacts-service,85fcac56e1c0c669,f9ecaa7ce679fcb0,9c733794527a46e6,2302,200,getContactsByContactsId,ts-preserve-service
1650500762,ts-contacts-service,a97ca0ac31682a12,,a97ca0ac31682a12,3259,200,findContactsByAccountId,no_parent
1650500762,ts-preserve-service,ab6fa2272d31ad42,9c733794527a46e6,9c733794527a46e6,15505,200,GET,ts-preserve-service
1650500762,ts-preserve-service,9c733794527a46e6,,9c733794527a46e6,22175,200,preserve,no_parent
1650500762,ts-security-service,ec75cd48453649e4,ab6fa2272d31ad42,9c733794527a46e6,13868,200,check,ts-preserve-service
1650500762,ts-order-service,a54d9188d595e344,245eb0f597d93158,245eb0f597d93158,9389,200,POST,ts-order-service
1650500762,ts-order-service,f1960a3129d86e35,c72faf2d966096c0,9c733794527a46e6,3560,200,securityInfoCheck,ts-security-service
1650500762,ts-preserve-service,f9ecaa7ce679fcb0,9c733794527a46e6,9c733794527a46e6,3638,200,GET,ts-preserve-service
1650500762,ts-assurance-service,6a9b9efd3409f4f3,,6a9b9efd3409f4f3,1836,200,getAllAssuranceType,no_parent
1650500822,ts-order-other-service,1cf60fdcb6861517,bc1e18ad79fef70d,b3d256724851135e,2765,200,securityInfoCheck,ts-security-service
1650500822,ts-auth-service,2caf51a5b88885e2,40cd02b944f19296,40cd02b944f19296,3969,200,GET,ts-auth-service
1650500822,ts-route-service,73f90b1df8d117a3,8b313027ba99c4df,5863940fe06b0077,1943,200,queryById,ts-travel-service
1650500822,ts-travel-service,7f8e9bde1f3aa54,5863940fe06b0077,5863940fe06b0077,10475,200,GET,ts-travel-service
1650500822,ts-security-service,424b09909aa6432f,83d75731816f4e19,b3d256724851135e,17849,200,check,ts-preserve-service
1650500822,ts-route-service,618741bfedcd4a40,4f457e1cca98028b,5863940fe06b0077,20455,200,queryById,ts-travel-service
1650500822,ts-ticketinfo-service,e12f1bed9daeb251,1c79eaf68b3fbafc,5863940fe06b0077,5708,200,GET,ts-ticketinfo-service
1650500822,ts-ticketinfo-service,1c79eaf68b3fbafc,774fceb1045f5437,5863940fe06b0077,7739,200,queryForStationId,ts-travel-service
1650500822,ts-travel-service,ffe793dbc6ef7ae6,5863940fe06b0077,5863940fe06b0077,5853,200,GET,ts-travel-service
1650500822,ts-auth-service,40cd02b944f19296,,40cd02b944f19296,136327,200,getToken,no_parent
1650500822,ts-preserve-service,a473f7940628d798,b3d256724851135e,b3d256724851135e,3722,200,GET,ts-preserve-service
1650500822,ts-preserve-service,b3d256724851135e,,b3d256724851135e,25381,200,preserve,no_parent
1650500822,ts-verification-code-service,724304921ee5b679,2caf51a5b88885e2,40cd02b944f19296,1831,200,verifyCode,ts-auth-service
1650500822,ts-station-service,b1ac3fa5630e66e1,af7a8b00f2e203ee,5863940fe06b0077,2226,200,queryForStationId,ts-basic-service
1650500822,ts-station-service,fc4c0d38da2fcedf,480e518aabc089ab,5863940fe06b0077,2190,200,queryForStationId,ts-basic-service
1650500822,ts-travel-service,505ad508f7a20a42,5863940fe06b0077,5863940fe06b0077,1311,200,GET,ts-travel-service
1650500822,ts-basic-service,480e518aabc089ab,90d6c798bbabb99c,5863940fe06b0077,2873,200,GET,ts-basic-service
1650500822,ts-ticketinfo-service,ee7744bb8cb60a1a,da10452e8dd2b8f9,5863940fe06b0077,7016,200,GET,ts-ticketinfo-service
1650500822,ts-ticketinfo-service,da10452e8dd2b8f9,7f8e9bde1f3aa54,5863940fe06b0077,9154,200,queryForStationId,ts-travel-service
1650500822,ts-route-service,e06cfa0b22decd75,505ad508f7a20a42,5863940fe06b0077,1162,200,queryById,ts-travel-service
1650500822,ts-route-service,b4f825fd676695cb,ffe793dbc6ef7ae6,5863940fe06b0077,1796,200,queryById,ts-travel-service
1650500822,ts-basic-service,90d6c798bbabb99c,e12f1bed9daeb251,5863940fe06b0077,5162,200,queryForStationId,ts-ticketinfo-service
1650500822,ts-basic-service,d6dad9655ae39310,ee7744bb8cb60a1a,5863940fe06b0077,5694,200,queryForStationId,ts-ticketinfo-service
1650500822,ts-travel-service,4f457e1cca98028b,5863940fe06b0077,5863940fe06b0077,1938,200,GET,ts-travel-service
1650500822,ts-travel-service,774fceb1045f5437,5863940fe06b0077,5863940fe06b0077,8525,200,GET,ts-travel-service
1650500822,ts-basic-service,af7a8b00f2e203ee,d6dad9655ae39310,5863940fe06b0077,3341,200,GET,ts-basic-service
1650500822,ts-verification-code-service,98a9ab5704360ee7,,98a9ab5704360ee7,2482,200,imageCode,no_parent
1650500822,ts-travel-service,888e015c6a3ce99b,5863940fe06b0077,5863940fe06b0077,3476,200,GET,ts-travel-service
1650500822,ts-travel-service,8b313027ba99c4df,5863940fe06b0077,5863940fe06b0077,2289,200,GET,ts-travel-service
1650500822,ts-route-service,d2840fa3ba386690,888e015c6a3ce99b,5863940fe06b0077,2297,200,queryById,ts-travel-service
1650500822,ts-assurance-service,849ade701b532d47,,849ade701b532d47,1283,200,getAllAssuranceType,no_parent
1650500822,ts-security-service,bc1e18ad79fef70d,424b09909aa6432f,b3d256724851135e,4491,200,GET,ts-security-service
1650500822,ts-contacts-service,97a87d5102f19b1f,a473f7940628d798,b3d256724851135e,2357,200,getContactsByContactsId,ts-preserve-service
1650500822,ts-travel-service,5863940fe06b0077,,5863940fe06b0077,61256,200,queryInfo,no_parent
1650500822,ts-order-service,85281ae9fa77656f,2e91870de83bc2fe,2e91870de83bc2fe,6901,200,POST,ts-order-service
1650500822,ts-order-service,2e91870de83bc2fe,,2e91870de83bc2fe,10826,200,queryOrdersForRefresh,no_parent
1650500822,ts-station-service,8dd49e2ecee67254,85281ae9fa77656f,2e91870de83bc2fe,5597,200,queryForNameBatch,ts-order-service
1650500822,ts-security-service,f1d97df28d6ad603,424b09909aa6432f,b3d256724851135e,9473,200,GET,ts-security-service
1650500822,ts-order-service,2bd04b8ad2009682,f1d97df28d6ad603,b3d256724851135e,8464,200,securityInfoCheck,ts-security-service
1650500822,ts-preserve-service,83d75731816f4e19,b3d256724851135e,b3d256724851135e,19148,200,GET,ts-preserve-service
1650500822,ts-contacts-service,74264ee147673ac2,,74264ee147673ac2,3034,200,findContactsByAccountId,no_parent
1650500882,ts-verification-code-service,236a940fa99cdc9c,e002bacc6a58ef53,6b0f23667df76687,1689,200,verifyCode,ts-auth-service
1650500882,ts-order-service,35547faa85eebfd9,7b310ba7bd77209c,6c8ea53fe8dba254,3488,200,securityInfoCheck,ts-security-service
1650500882,ts-order-service,2b553b548fb582dc,,2b553b548fb582dc,13013,200,queryOrdersForRefresh,no_parent
1650500882,ts-order-service,37bcb03f8140ebb7,2b553b548fb582dc,2b553b548fb582dc,9515,200,POST,ts-order-service
1650500882,ts-security-service,81f45fed63b1ab1e,e1d69972321253,6c8ea53fe8dba254,13992,200,check,ts-preserve-service
1650500882,ts-security-service,98972f0fe3448d97,81f45fed63b1ab1e,6c8ea53fe8dba254,4479,200,GET,ts-security-service
1650500882,ts-security-service,7b310ba7bd77209c,81f45fed63b1ab1e,6c8ea53fe8dba254,4768,200,GET,ts-security-service
1650500882,ts-order-other-service,2ebc7b39d249aadf,98972f0fe3448d97,6c8ea53fe8dba254,3156,200,securityInfoCheck,ts-security-service
1650500882,ts-preserve-service,e1d69972321253,6c8ea53fe8dba254,6c8ea53fe8dba254,15482,200,GET,ts-preserve-service
1650500882,ts-preserve-service,6c8ea53fe8dba254,,6c8ea53fe8dba254,21658,200,preserve,no_parent
1650500882,ts-contacts-service,20e9b54ad7e6f3bb,f3c1234aeabbeaec,6c8ea53fe8dba254,2341,200,getContactsByContactsId,ts-preserve-service
1650500882,ts-station-service,62fdbea8b6df4364,37bcb03f8140ebb7,2b553b548fb582dc,8049,200,queryForNameBatch,ts-order-service
1650500882,ts-contacts-service,c7f4908432f746f4,,c7f4908432f746f4,3017,200,findContactsByAccountId,no_parent
1650500882,ts-verification-code-service,e26f35863c948f2c,,e26f35863c948f2c,2687,200,imageCode,no_parent
1650500882,ts-auth-service,e002bacc6a58ef53,6b0f23667df76687,6b0f23667df76687,3500,200,GET,ts-auth-service
1650500882,ts-preserve-service,f3c1234aeabbeaec,6c8ea53fe8dba254,6c8ea53fe8dba254,3398,200,GET,ts-preserve-service
1650500882,ts-auth-service,6b0f23667df76687,,6b0f23667df76687,114250,200,getToken,no_parent
1650500883,ts-basic-service,da36d60cd4413dd0,236ab67475dc5e0c,6ca2cdf32f2e530a,3507,200,GET,ts-basic-service
1650500883,ts-travel-service,7a54ff522be9b240,6ca2cdf32f2e530a,6ca2cdf32f2e530a,8503,200,GET,ts-travel-service
1650500883,ts-travel-service,6ca2cdf32f2e530a,,6ca2cdf32f2e530a,42248,200,queryInfo,no_parent
1650500883,ts-route-service,60ad8dd7b8a6248f,4be41d4f054dfe33,6ca2cdf32f2e530a,2159,200,queryById,ts-travel-service
1650500883,ts-travel-service,3ad9e5f3db1d222f,6ca2cdf32f2e530a,6ca2cdf32f2e530a,2292,200,GET,ts-travel-service
1650500883,ts-route-service,1ec37f9850391ac8,3ad9e5f3db1d222f,6ca2cdf32f2e530a,2160,200,queryById,ts-travel-service
1650500883,ts-travel-service,a83d4bdf2f25b737,6ca2cdf32f2e530a,6ca2cdf32f2e530a,2227,200,GET,ts-travel-service
1650500883,ts-travel-service,fd101ccf04e06b66,6ca2cdf32f2e530a,6ca2cdf32f2e530a,11080,200,GET,ts-travel-service
1650500883,ts-travel-service,4be41d4f054dfe33,6ca2cdf32f2e530a,6ca2cdf32f2e530a,2287,200,GET,ts-travel-service
1650500883,ts-ticketinfo-service,a72e19c70075b457,c202963e32db0acf,6ca2cdf32f2e530a,5619,200,GET,ts-ticketinfo-service
1650500883,ts-ticketinfo-service,23c083f2bd426289,ebf480643409f2a,6ca2cdf32f2e530a,7121,200,GET,ts-ticketinfo-service
1650500883,ts-ticketinfo-service,ebf480643409f2a,fd101ccf04e06b66,6ca2cdf32f2e530a,9500,200,queryForStationId,ts-travel-service
1650500883,ts-station-service,389054b6605d07b0,a0d18c303b311dda,6ca2cdf32f2e530a,2086,200,queryForStationId,ts-basic-service
1650500883,ts-ticketinfo-service,c202963e32db0acf,7a54ff522be9b240,6ca2cdf32f2e530a,7830,200,queryForStationId,ts-travel-service
1650500883,ts-route-service,35972625a5b06cc5,a192ac31b90c1af4,6ca2cdf32f2e530a,2108,200,queryById,ts-travel-service
1650500883,ts-basic-service,51af360ef315cc0a,a72e19c70075b457,6ca2cdf32f2e530a,4911,200,queryForStationId,ts-ticketinfo-service
1650500883,ts-assurance-service,20de0afb8d80d0e4,,20de0afb8d80d0e4,1581,200,getAllAssuranceType,no_parent
1650500883,ts-travel-service,a192ac31b90c1af4,6ca2cdf32f2e530a,6ca2cdf32f2e530a,2543,200,GET,ts-travel-service
1650500883,ts-travel-service,ec5d3460374df7fa,6ca2cdf32f2e530a,6ca2cdf32f2e530a,3906,200,GET,ts-travel-service
1650500883,ts-route-service,935d28b709be418,ec5d3460374df7fa,6ca2cdf32f2e530a,2693,200,queryById,ts-travel-service
1650500883,ts-station-service,8fb2fc6ccb81a953,da36d60cd4413dd0,6ca2cdf32f2e530a,2517,200,queryForStationId,ts-basic-service
1650500883,ts-route-service,400b0e2074f96717,a83d4bdf2f25b737,6ca2cdf32f2e530a,2131,200,queryById,ts-travel-service
1650500883,ts-basic-service,236ab67475dc5e0c,23c083f2bd426289,6ca2cdf32f2e530a,5919,200,queryForStationId,ts-ticketinfo-service
1650500883,ts-basic-service,a0d18c303b311dda,51af360ef315cc0a,6ca2cdf32f2e530a,2768,200,GET,ts-basic-service
1650500943,ts-verification-code-service,6a0cc25b5c6b20b9,5b37e2c65e581ee3,edf0d65faa1da57b,1719,200,verifyCode,ts-auth-service
1650500943,ts-auth-service,5b37e2c65e581ee3,edf0d65faa1da57b,edf0d65faa1da57b,4095,200,GET,ts-auth-service
1650500943,ts-auth-service,edf0d65faa1da57b,,edf0d65faa1da57b,138587,200,getToken,no_parent
1650500943,ts-security-service,69b0302b490ff984,62da3e1e9441c0e7,c94db76b3f1a5ff9,13343,200,check,ts-preserve-service
1650500943,ts-route-service,82b59c978b6671a,7475cca87a2fce45,db34c14260fabf72,2243,200,queryById,ts-travel-service
1650500943,ts-route-service,6e280aa45633c356,fd267199b1bfcd9c,db34c14260fabf72,1644,200,queryById,ts-travel-service
1650500943,ts-route-service,aa1fe67731cc86bd,38cbf58f81fe3b3a,db34c14260fabf72,1296,200,queryById,ts-travel-service
1650500943,ts-travel-service,a2c4d64a3f823245,db34c14260fabf72,db34c14260fabf72,1439,200,GET,ts-travel-service
1650500943,ts-travel-service,2b585431091b444c,db34c14260fabf72,db34c14260fabf72,8168,200,GET,ts-travel-service
1650500943,ts-basic-service,eeacb2e5b1dedc7e,9094c2f1a49ced1b,db34c14260fabf72,3318,200,GET,ts-basic-service
1650500943,ts-basic-service,9094c2f1a49ced1b,9744976d83c15b62,db34c14260fabf72,5569,200,queryForStationId,ts-ticketinfo-service
1650500943,ts-basic-service,4cc0f913579ddef9,e328be4188674ca,db34c14260fabf72,2812,200,GET,ts-basic-service
1650500943,ts-basic-service,e328be4188674ca,25c7992dd3364f05,db34c14260fabf72,5365,200,queryForStationId,ts-ticketinfo-service
1650500943,ts-travel-service,a41290f5ab812444,db34c14260fabf72,db34c14260fabf72,1833,200,GET,ts-travel-service
1650500943,ts-travel-service,db34c14260fabf72,,db34c14260fabf72,36444,200,queryInfo,no_parent
1650500943,ts-ticketinfo-service,e20495cdff95081c,fbd2fae00999090d,db34c14260fabf72,8968,200,queryForStationId,ts-travel-service
1650500943,ts-ticketinfo-service,25c7992dd3364f05,6665868e93f1ce76,db34c14260fabf72,5845,200,GET,ts-ticketinfo-service
1650500943,ts-ticketinfo-service,9744976d83c15b62,e20495cdff95081c,db34c14260fabf72,7113,200,GET,ts-ticketinfo-service
1650500943,ts-ticketinfo-service,6665868e93f1ce76,2b585431091b444c,db34c14260fabf72,7936,200,queryForStationId,ts-travel-service
1650500943,ts-order-service,56b009e050d7c2bc,36c9097ea3cb09f3,c94db76b3f1a5ff9,3244,200,securityInfoCheck,ts-security-service
1650500943,ts-preserve-service,c94db76b3f1a5ff9,,c94db76b3f1a5ff9,21220,200,preserve,no_parent
1650500943,ts-preserve-service,62da3e1e9441c0e7,c94db76b3f1a5ff9,c94db76b3f1a5ff9,14975,200,GET,ts-preserve-service
1650500943,ts-preserve-service,ce3a62d8b9930a87,c94db76b3f1a5ff9,c94db76b3f1a5ff9,3478,200,GET,ts-preserve-service
1650500943,ts-order-other-service,1e26dfd1cd3890cf,89e2acf0fb88b122,c94db76b3f1a5ff9,3084,200,securityInfoCheck,ts-security-service
1650500943,ts-station-service,f673c74c6e6c4a95,4cc0f913579ddef9,db34c14260fabf72,2163,200,queryForStationId,ts-basic-service
1650500943,ts-travel-service,fd267199b1bfcd9c,db34c14260fabf72,db34c14260fabf72,1695,200,GET,ts-travel-service
1650500943,ts-travel-service,7475cca87a2fce45,db34c14260fabf72,db34c14260fabf72,3524,200,GET,ts-travel-service
1650500943,ts-travel-service,38cbf58f81fe3b3a,db34c14260fabf72,db34c14260fabf72,1327,200,GET,ts-travel-service
1650500943,ts-travel-service,fbd2fae00999090d,db34c14260fabf72,db34c14260fabf72,10312,200,GET,ts-travel-service
1650500943,ts-station-service,96faacc53b919a,eeacb2e5b1dedc7e,db34c14260fabf72,2237,200,queryForStationId,ts-basic-service
1650500943,ts-route-service,dd09d026070805e4,a41290f5ab812444,db34c14260fabf72,1526,200,queryById,ts-travel-service
1650500943,ts-route-service,f65a1c5412bc4fdd,a2c4d64a3f823245,db34c14260fabf72,1420,200,queryById,ts-travel-service
1650500943,ts-security-service,36c9097ea3cb09f3,69b0302b490ff984,c94db76b3f1a5ff9,4619,200,GET,ts-security-service
1650500943,ts-security-service,89e2acf0fb88b122,69b0302b490ff984,c94db76b3f1a5ff9,4352,200,GET,ts-security-service
1650500943,ts-contacts-service,a9a31b5c16e9df3c,ce3a62d8b9930a87,c94db76b3f1a5ff9,2381,200,getContactsByContactsId,ts-preserve-service
1650500943,ts-order-service,6f231315085a3db0,,6f231315085a3db0,12775,200,queryOrdersForRefresh,no_parent
1650500943,ts-order-service,a0d6014d1b631134,6f231315085a3db0,6f231315085a3db0,9363,200,POST,ts-order-service
1650500943,ts-station-service,ab5f43350910a8ab,a0d6014d1b631134,6f231315085a3db0,7869,200,queryForNameBatch,ts-order-service
1650500943,ts-verification-code-service,2154b71b971f9973,,2154b71b971f9973,2704,200,imageCode,no_parent
1650500943,ts-assurance-service,ecad5b272462483e,,ecad5b272462483e,1342,200,getAllAssuranceType,no_parent
1650500943,ts-contacts-service,11f82ead01056c18,,11f82ead01056c18,3027,200,findContactsByAccountId,no_parent
1650501003,ts-order-service,efb43fce31a77505,b1ff80537fc30d93,69936568e753b958,3564,200,securityInfoCheck,ts-security-service
1650501003,ts-contacts-service,a6117ef9da8c34c8,6aa7ba13ec9642ce,69936568e753b958,2284,200,getContactsByContactsId,ts-preserve-service
1650501003,ts-security-service,b1ff80537fc30d93,9768bcb58e99c7d9,69936568e753b958,4896,200,GET,ts-security-service
1650501003,ts-security-service,9768bcb58e99c7d9,966ee4f13fb1fd14,69936568e753b958,14503,200,check,ts-preserve-service
1650501003,ts-security-service,be065165d572b01f,9768bcb58e99c7d9,69936568e753b958,5041,200,GET,ts-security-service
1650501003,ts-station-service,ebcce8327d65c72a,591c7ac61b0a52c2,bca78eb3457a554f,7616,200,queryForNameBatch,ts-order-service
1650501003,ts-order-service,591c7ac61b0a52c2,bca78eb3457a554f,bca78eb3457a554f,9168,200,POST,ts-order-service
1650501003,ts-contacts-service,c50f6d22f08a04f4,,c50f6d22f08a04f4,2985,200,findContactsByAccountId,no_parent
1650501003,ts-travel-service,f73b250da8a32366,85d7914a66457d03,85d7914a66457d03,18625,200,GET,ts-travel-service
1650501003,ts-order-other-service,8df372b51e1e174e,be065165d572b01f,69936568e753b958,3631,200,securityInfoCheck,ts-security-service
1650501003,ts-travel-service,d42ad193f51385d2,85d7914a66457d03,85d7914a66457d03,2264,200,GET,ts-travel-service
1650501003,ts-basic-service,8f3bb4795cad4527,e8c0c1af28f8ced5,85d7914a66457d03,4789,200,queryForStationId,ts-ticketinfo-service
1650501003,ts-route-service,42e88160f9513de2,d42ad193f51385d2,85d7914a66457d03,2156,200,queryById,ts-travel-service
1650501003,ts-travel-service,d50ce0fb5c78928d,85d7914a66457d03,85d7914a66457d03,7443,200,GET,ts-travel-service
1650501003,ts-travel-service,a569a72c5f96941e,85d7914a66457d03,85d7914a66457d03,2587,200,GET,ts-travel-service
1650501003,ts-travel-service,40b0699619150a02,85d7914a66457d03,85d7914a66457d03,4457,200,GET,ts-travel-service
1650501003,ts-travel-service,58adf6877f9161c,85d7914a66457d03,85d7914a66457d03,2228,200,GET,ts-travel-service
1650501003,ts-travel-service,85d7914a66457d03,,85d7914a66457d03,48703,200,queryInfo,no_parent
1650501003,ts-basic-service,3a8f7f8df0ca7f88,8f3bb4795cad4527,85d7914a66457d03,2750,200,GET,ts-basic-service
1650501003,ts-basic-service,995d2a1a16d9ac95,bdae65cf4d26c6a1,85d7914a66457d03,13621,200,queryForStationId,ts-ticketinfo-service
1650501003,ts-ticketinfo-service,364250ac8cee5a66,f73b250da8a32366,85d7914a66457d03,17054,200,queryForStationId,ts-travel-service
1650501003,ts-station-service,c8f24c91b46f05ac,3a8f7f8df0ca7f88,85d7914a66457d03,2088,200,queryForStationId,ts-basic-service
1650501003,ts-ticketinfo-service,fe23266d21fed9b4,d50ce0fb5c78928d,85d7914a66457d03,7085,200,queryForStationId,ts-travel-service
1650501003,ts-ticketinfo-service,e8c0c1af28f8ced5,fe23266d21fed9b4,85d7914a66457d03,5243,200,GET,ts-ticketinfo-service
1650501003,ts-station-service,9c72761b541f769e,be7d3e9e2b11d63b,85d7914a66457d03,2358,200,queryForStationId,ts-basic-service
1650501003,ts-route-service,27fd1109735038ef,58adf6877f9161c,85d7914a66457d03,2143,200,queryById,ts-travel-service
1650501003,ts-route-service,9b9e905560332ced,45cac762d397310f,85d7914a66457d03,2164,200,queryById,ts-travel-service
1650501003,ts-basic-service,be7d3e9e2b11d63b,995d2a1a16d9ac95,85d7914a66457d03,3548,200,GET,ts-basic-service
1650501003,ts-route-service,c4ad17f10af5cd36,a569a72c5f96941e,85d7914a66457d03,2196,200,queryById,ts-travel-service
1650501003,ts-travel-service,45cac762d397310f,85d7914a66457d03,85d7914a66457d03,2240,200,GET,ts-travel-service
1650501003,ts-ticketinfo-service,bdae65cf4d26c6a1,364250ac8cee5a66,85d7914a66457d03,14651,200,GET,ts-ticketinfo-service
1650501003,ts-preserve-service,966ee4f13fb1fd14,69936568e753b958,69936568e753b958,15983,200,GET,ts-preserve-service
1650501003,ts-preserve-service,6aa7ba13ec9642ce,69936568e753b958,69936568e753b958,3506,200,GET,ts-preserve-service
1650501003,ts-preserve-service,69936568e753b958,,69936568e753b958,22404,200,preserve,no_parent
1650501003,ts-route-service,1ff3717f0c5e6d19,40b0699619150a02,85d7914a66457d03,2627,200,queryById,ts-travel-service
1650501003,ts-order-service,bca78eb3457a554f,,bca78eb3457a554f,12092,200,queryOrdersForRefresh,no_parent
1650501003,ts-assurance-service,f96c074e28224d96,,f96c074e28224d96,1606,200,getAllAssuranceType,no_parent
1650501003,ts-verification-code-service,a5db868b7ac46dd9,c1f460fb753bd8e5,fece1d35499a0668,1852,200,verifyCode,ts-auth-service
1650501003,ts-auth-service,c1f460fb753bd8e5,fece1d35499a0668,fece1d35499a0668,3690,200,GET,ts-auth-service
1650501003,ts-verification-code-service,8c98be9dd3ff3e40,,8c98be9dd3ff3e40,3010,200,imageCode,no_parent
1650501003,ts-auth-service,fece1d35499a0668,,fece1d35499a0668,117941,200,getToken,no_parent
1650501063,ts-security-service,d44ced9b4d43927e,b37c3763fd8e8bb1,88b459563372628a,4903,200,GET,ts-security-service
1650501063,ts-security-service,b37c3763fd8e8bb1,77b816719b5e8a1f,88b459563372628a,15058,200,check,ts-preserve-service
1650501063,ts-preserve-service,77b816719b5e8a1f,88b459563372628a,88b459563372628a,16740,200,GET,ts-preserve-service
1650501063,ts-preserve-service,b1e1a3eba2123645,88b459563372628a,88b459563372628a,3405,200,GET,ts-preserve-service
1650501063,ts-preserve-service,88b459563372628a,,88b459563372628a,22955,200,preserve,no_parent
1650501063,ts-order-other-service,8e580f8bfe6d13d7,9cd1d6d926f42c93,88b459563372628a,3496,200,securityInfoCheck,ts-security-service
1650501063,ts-order-service,734185749dbf7a98,d44ced9b4d43927e,88b459563372628a,3512,200,securityInfoCheck,ts-security-service
1650501063,ts-contacts-service,dfc9e8302302aeb4,b1e1a3eba2123645,88b459563372628a,2278,200,getContactsByContactsId,ts-preserve-service
1650501063,ts-security-service,9cd1d6d926f42c93,b37c3763fd8e8bb1,88b459563372628a,4821,200,GET,ts-security-service
1650501063,ts-basic-service,e8aaba77f156d9fe,8da6315e5e1e61dd,7bd148d74b25d838,5693,200,queryForStationId,ts-ticketinfo-service
1650501063,ts-basic-service,2d4c52100fa552d5,e8aaba77f156d9fe,7bd148d74b25d838,3240,200,GET,ts-basic-service
1650501063,ts-verification-code-service,64076a4005c037c8,21adcad7052c508b,98dcc80e2e84ebd1,1672,200,verifyCode,ts-auth-service
1650501063,ts-auth-service,21adcad7052c508b,98dcc80e2e84ebd1,98dcc80e2e84ebd1,3412,200,GET,ts-auth-service
1650501063,ts-station-service,cb0d108125f684ed,2d4c52100fa552d5,7bd148d74b25d838,2246,200,queryForStationId,ts-basic-service
1650501063,ts-travel-service,7bd148d74b25d838,,7bd148d74b25d838,47914,200,queryInfo,no_parent
1650501063,ts-travel-service,f8c8ceb99a16300a,7bd148d74b25d838,7bd148d74b25d838,19083,200,GET,ts-travel-service
1650501063,ts-verification-code-service,2968d382decec02f,,2968d382decec02f,2790,200,imageCode,no_parent
1650501063,ts-ticketinfo-service,8da6315e5e1e61dd,ce24f031e5b7309f,7bd148d74b25d838,16246,200,GET,ts-ticketinfo-service
1650501063,ts-order-service,cae7ad28aaf6fc4e,,cae7ad28aaf6fc4e,12347,200,queryOrdersForRefresh,no_parent
1650501063,ts-ticketinfo-service,ce24f031e5b7309f,f8c8ceb99a16300a,7bd148d74b25d838,18169,200,queryForStationId,ts-travel-service
1650501063,ts-order-service,496c7188785df330,cae7ad28aaf6fc4e,cae7ad28aaf6fc4e,9117,200,POST,ts-order-service
1650501063,ts-contacts-service,313c996725c7f4db,,313c996725c7f4db,2961,200,findContactsByAccountId,no_parent
1650501063,ts-auth-service,98dcc80e2e84ebd1,,98dcc80e2e84ebd1,136816,200,getToken,no_parent
1650501063,ts-station-service,a62d48fab002725f,496c7188785df330,cae7ad28aaf6fc4e,7757,200,queryForNameBatch,ts-order-service
1650501064,ts-travel-service,47f168b990230c31,7bd148d74b25d838,7bd148d74b25d838,2323,200,GET,ts-travel-service
1650501064,ts-route-service,2aace155185ce9d0,629b7b1b2cbdabca,7bd148d74b25d838,1767,200,queryById,ts-travel-service
1650501064,ts-travel-service,ee7874d4cabf7f60,7bd148d74b25d838,7bd148d74b25d838,3428,200,GET,ts-travel-service
1650501064,ts-travel-service,5e8056aecac21a1f,7bd148d74b25d838,7bd148d74b25d838,8032,200,GET,ts-travel-service
1650501064,ts-travel-service,2c74ea90625701d7,7bd148d74b25d838,7bd148d74b25d838,1852,200,GET,ts-travel-service
1650501064,ts-route-service,99f2f1ef2c4f3205,ee7874d4cabf7f60,7bd148d74b25d838,2241,200,queryById,ts-travel-service
1650501064,ts-route-service,7cdc9b3ce85f2c21,47f168b990230c31,7bd148d74b25d838,1975,200,queryById,ts-travel-service
1650501064,ts-route-service,f09cb0fcd6c9461b,2c74ea90625701d7,7bd148d74b25d838,1779,200,queryById,ts-travel-service
1650501064,ts-ticketinfo-service,aa2f2235c36d9295,e36de00cd0a5fd0b,7bd148d74b25d838,5755,200,GET,ts-ticketinfo-service
1650501064,ts-ticketinfo-service,e36de00cd0a5fd0b,5e8056aecac21a1f,7bd148d74b25d838,7775,200,queryForStationId,ts-travel-service
1650501064,ts-travel-service,f20e9dd43b3d7ec3,7bd148d74b25d838,7bd148d74b25d838,2010,200,GET,ts-travel-service
1650501064,ts-route-service,ea9fcf9ef99d2991,f20e9dd43b3d7ec3,7bd148d74b25d838,1897,200,queryById,ts-travel-service
1650501064,ts-travel-service,629b7b1b2cbdabca,7bd148d74b25d838,7bd148d74b25d838,1853,200,GET,ts-travel-service
1650501064,ts-station-service,bd362535f34e7abf,5f6496279dd6260d,7bd148d74b25d838,2157,200,queryForStationId,ts-basic-service
1650501064,ts-basic-service,7bab8105b34ef73f,aa2f2235c36d9295,7bd148d74b25d838,5281,200,queryForStationId,ts-ticketinfo-service
1650501064,ts-basic-service,5f6496279dd6260d,7bab8105b34ef73f,7bd148d74b25d838,2796,200,GET,ts-basic-service
1650501064,ts-assurance-service,b6fb99aac053f4ca,,b6fb99aac053f4ca,1367,200,getAllAssuranceType,no_parent
1650501124,ts-order-service,f8af52ee7eee8c30,,f8af52ee7eee8c30,12542,200,queryOrdersForRefresh,no_parent
1650501124,ts-station-service,41b05be68dcad7c4,65768a37e03b9d67,f8af52ee7eee8c30,7965,200,queryForNameBatch,ts-order-service
1650501124,ts-order-service,b0edccbf2148282a,90bcd624cf797c9e,a3e6fc0a8f673d9c,3526,200,securityInfoCheck,ts-security-service
1650501124,ts-ticketinfo-service,7e7f030d75f52acc,f46bfcee210b4502,cd580ddaa2ad2d6b,5865,200,GET,ts-ticketinfo-service
1650501124,ts-ticketinfo-service,f46bfcee210b4502,74e2788aa2d76150,cd580ddaa2ad2d6b,7829,200,queryForStationId,ts-travel-service
1650501124,ts-station-service,a3d0c15f14386105,1b7b1f4d748122cc,cd580ddaa2ad2d6b,2064,200,queryForStationId,ts-basic-service
1650501124,ts-station-service,8811141dfe258439,15f53baeee02cee,cd580ddaa2ad2d6b,2414,200,queryForStationId,ts-basic-service
1650501124,ts-contacts-service,ba35e44706cc8c62,98835a4980d017b1,a3e6fc0a8f673d9c,2246,200,getContactsByContactsId,ts-preserve-service
1650501124,ts-route-service,6dd41dc6baf77709,9ebd71855b1651ae,cd580ddaa2ad2d6b,2117,200,queryById,ts-travel-service
1650501124,ts-basic-service,dcfad09a07bcb0a,7e7f030d75f52acc,cd580ddaa2ad2d6b,5105,200,queryForStationId,ts-ticketinfo-service
1650501124,ts-basic-service,15f53baeee02cee,13eb3dd155e663bd,cd580ddaa2ad2d6b,3534,200,GET,ts-basic-service
1650501124,ts-travel-service,943d1e0765faa5be,cd580ddaa2ad2d6b,cd580ddaa2ad2d6b,2565,200,GET,ts-travel-service
1650501124,ts-route-service,4979a01940b81a96,ce3510db7a72b39e,cd580ddaa2ad2d6b,2640,200,queryById,ts-travel-service
1650501124,ts-travel-service,cd580ddaa2ad2d6b,,cd580ddaa2ad2d6b,41279,200,queryInfo,no_parent
1650501124,ts-travel-service,386968d0706f6293,cd580ddaa2ad2d6b,cd580ddaa2ad2d6b,2225,200,GET,ts-travel-service
1650501124,ts-travel-service,9ebd71855b1651ae,cd580ddaa2ad2d6b,cd580ddaa2ad2d6b,2225,200,GET,ts-travel-service
1650501124,ts-route-service,be1407c796a42ebd,5143a978d30acf13,cd580ddaa2ad2d6b,2198,200,queryById,ts-travel-service
1650501124,ts-basic-service,13eb3dd155e663bd,1b211e2170eedc73,cd580ddaa2ad2d6b,5957,200,queryForStationId,ts-ticketinfo-service
1650501124,ts-basic-service,1b7b1f4d748122cc,dcfad09a07bcb0a,cd580ddaa2ad2d6b,3052,200,GET,ts-basic-service
1650501124,ts-preserve-service,a3e6fc0a8f673d9c,,a3e6fc0a8f673d9c,21654,200,preserve,no_parent
1650501124,ts-order-other-service,13c5f374039cec5,8253ae2151671643,a3e6fc0a8f673d9c,3017,200,securityInfoCheck,ts-security-service
1650501124,ts-preserve-service,64b10e988ff96d5a,a3e6fc0a8f673d9c,a3e6fc0a8f673d9c,15482,200,GET,ts-preserve-service
1650501124,ts-preserve-service,98835a4980d017b1,a3e6fc0a8f673d9c,a3e6fc0a8f673d9c,3358,200,GET,ts-preserve-service
1650501124,ts-order-service,65768a37e03b9d67,f8af52ee7eee8c30,f8af52ee7eee8c30,9500,200,POST,ts-order-service
1650501124,ts-route-service,3e56dc638aeb6277,386968d0706f6293,cd580ddaa2ad2d6b,2127,200,queryById,ts-travel-service
1650501124,ts-security-service,90bcd624cf797c9e,b8fc24d9729ceca1,a3e6fc0a8f673d9c,4951,200,GET,ts-security-service
1650501124,ts-security-service,8253ae2151671643,b8fc24d9729ceca1,a3e6fc0a8f673d9c,4501,200,GET,ts-security-service
1650501124,ts-ticketinfo-service,1b211e2170eedc73,ad95c42ca8e9d670,cd580ddaa2ad2d6b,7098,200,GET,ts-ticketinfo-service
1650501124,ts-ticketinfo-service,ad95c42ca8e9d670,9013e79978c28b30,cd580ddaa2ad2d6b,9488,200,queryForStationId,ts-travel-service
1650501124,ts-travel-service,5143a978d30acf13,cd580ddaa2ad2d6b,cd580ddaa2ad2d6b,2313,200,GET,ts-travel-service
1650501124,ts-route-service,7e5d4b36503988a9,943d1e0765faa5be,cd580ddaa2ad2d6b,2142,200,queryById,ts-travel-service
1650501124,ts-travel-service,ce3510db7a72b39e,cd580ddaa2ad2d6b,cd580ddaa2ad2d6b,3856,200,GET,ts-travel-service
1650501124,ts-travel-service,9013e79978c28b30,cd580ddaa2ad2d6b,cd580ddaa2ad2d6b,11041,200,GET,ts-travel-service
1650501124,ts-travel-service,74e2788aa2d76150,cd580ddaa2ad2d6b,cd580ddaa2ad2d6b,8284,200,GET,ts-travel-service
1650501124,ts-security-service,b8fc24d9729ceca1,64b10e988ff96d5a,a3e6fc0a8f673d9c,13908,200,check,ts-preserve-service
1650501124,ts-assurance-service,529c3f373e99b54a,,529c3f373e99b54a,1576,200,getAllAssuranceType,no_parent
1650501124,ts-auth-service,6a9430bfcc85f053,,6a9430bfcc85f053,113047,200,getToken,no_parent
1650501124,ts-verification-code-service,57f810a1b0f2d5bf,,57f810a1b0f2d5bf,2900,200,imageCode,no_parent
1650501124,ts-auth-service,7608a72cf52fb122,6a9430bfcc85f053,6a9430bfcc85f053,3612,200,GET,ts-auth-service
1650501124,ts-verification-code-service,313b6b0ee1cc9e00,7608a72cf52fb122,6a9430bfcc85f053,1877,200,verifyCode,ts-auth-service
1650501124,ts-contacts-service,4a29839e9d5ce099,,4a29839e9d5ce099,2977,200,findContactsByAccountId,no_parent
1650501184,ts-auth-service,f76189132cb40908,77bed00aa257ba68,77bed00aa257ba68,3540,200,GET,ts-auth-service
1650501184,ts-verification-code-service,b0d458d548a3f442,f76189132cb40908,77bed00aa257ba68,1678,200,verifyCode,ts-auth-service
1650501184,ts-auth-service,77bed00aa257ba68,,77bed00aa257ba68,142049,200,getToken,no_parent
1650501184,ts-route-service,a041e13285823120,4e8f43693f6e612a,e705137ec87deb64,2000,200,queryById,ts-travel-service
1650501184,ts-route-service,7b1e79636f5a4eea,fe8bd1aeafb0f425,e705137ec87deb64,2082,200,queryById,ts-travel-service
1650501184,ts-route-service,c015e1a19a218924,38ad7614a053218b,e705137ec87deb64,1992,200,queryById,ts-travel-service
1650501184,ts-order-service,b898573a12e826e3,469e79b054d61bc0,469e79b054d61bc0,9486,200,POST,ts-order-service
1650501184,ts-order-service,469e79b054d61bc0,,469e79b054d61bc0,12800,200,queryOrdersForRefresh,no_parent
1650501184,ts-ticketinfo-service,f915a0cc37286633,4f1704440811f066,e705137ec87deb64,8185,200,queryForStationId,ts-travel-service
1650501184,ts-ticketinfo-service,495a339a81e5ad0a,625016d5090ae21d,e705137ec87deb64,7111,200,GET,ts-ticketinfo-service
1650501184,ts-station-service,725124c2840e7296,6dd8581b25625d28,e705137ec87deb64,2169,200,queryForStationId,ts-basic-service
1650501184,ts-station-service,1d24a1c1953df177,94ec085510621493,e705137ec87deb64,2167,200,queryForStationId,ts-basic-service
1650501184,ts-security-service,7eb379e62ad22897,a5004ba8e0378043,25264461c05fc1b0,4963,200,GET,ts-security-service
1650501184,ts-security-service,9852dcb439d8134,a5004ba8e0378043,25264461c05fc1b0,4705,200,GET,ts-security-service
1650501184,ts-security-service,a5004ba8e0378043,ded6dcb6f83c9f4b,25264461c05fc1b0,14259,200,check,ts-preserve-service
1650501184,ts-contacts-service,b8eef169b2605448,8a4ed9412e07088d,25264461c05fc1b0,2312,200,getContactsByContactsId,ts-preserve-service
1650501184,ts-basic-service,94ec085510621493,24563f21c7e72181,e705137ec87deb64,3299,200,GET,ts-basic-service
1650501184,ts-basic-service,54c78967b2986d76,495a339a81e5ad0a,e705137ec87deb64,6499,200,queryForStationId,ts-ticketinfo-service
1650501184,ts-basic-service,24563f21c7e72181,5c541f69c40fa52d,e705137ec87deb64,5525,200,queryForStationId,ts-ticketinfo-service
1650501184,ts-ticketinfo-service,625016d5090ae21d,b9eff27d97710b51,e705137ec87deb64,9529,200,queryForStationId,ts-travel-service
1650501184,ts-ticketinfo-service,5c541f69c40fa52d,f915a0cc37286633,e705137ec87deb64,6501,200,GET,ts-ticketinfo-service
1650501184,ts-route-service,b3dee9754f906d85,cde9b7f39125f0a5,e705137ec87deb64,2336,200,queryById,ts-travel-service
1650501184,ts-route-service,bb3bffdc94cada5d,f0c2a1858b8b161e,e705137ec87deb64,1797,200,queryById,ts-travel-service
1650501184,ts-travel-service,4f1704440811f066,e705137ec87deb64,e705137ec87deb64,8895,200,GET,ts-travel-service
1650501184,ts-travel-service,f0c2a1858b8b161e,e705137ec87deb64,e705137ec87deb64,2225,200,GET,ts-travel-service
1650501184,ts-travel-service,e705137ec87deb64,,e705137ec87deb64,43206,200,queryInfo,no_parent
1650501184,ts-basic-service,6dd8581b25625d28,54c78967b2986d76,e705137ec87deb64,3929,200,GET,ts-basic-service
1650501184,ts-preserve-service,8a4ed9412e07088d,25264461c05fc1b0,25264461c05fc1b0,3331,200,GET,ts-preserve-service
1650501184,ts-order-other-service,19614359b6baad8d,7eb379e62ad22897,25264461c05fc1b0,3172,200,securityInfoCheck,ts-security-service
1650501184,ts-travel-service,4e8f43693f6e612a,e705137ec87deb64,e705137ec87deb64,2469,200,GET,ts-travel-service
1650501184,ts-travel-service,fe8bd1aeafb0f425,e705137ec87deb64,e705137ec87deb64,2797,200,GET,ts-travel-service
1650501184,ts-travel-service,38ad7614a053218b,e705137ec87deb64,e705137ec87deb64,2459,200,GET,ts-travel-service
1650501184,ts-travel-service,b9eff27d97710b51,e705137ec87deb64,e705137ec87deb64,11240,200,GET,ts-travel-service
1650501184,ts-travel-service,cde9b7f39125f0a5,e705137ec87deb64,e705137ec87deb64,3989,200,GET,ts-travel-service
1650501184,ts-contacts-service,c352bd7e5f5bc7c7,,c352bd7e5f5bc7c7,3246,200,findContactsByAccountId,no_parent
1650501184,ts-order-service,6226843141defd1f,9852dcb439d8134,25264461c05fc1b0,3315,200,securityInfoCheck,ts-security-service
1650501184,ts-preserve-service,25264461c05fc1b0,,25264461c05fc1b0,25061,200,preserve,no_parent
1650501184,ts-preserve-service,ded6dcb6f83c9f4b,25264461c05fc1b0,25264461c05fc1b0,16493,200,GET,ts-preserve-service
1650501184,ts-station-service,74f2aa2cce6b0422,b898573a12e826e3,469e79b054d61bc0,8046,200,queryForNameBatch,ts-order-service
1650501184,ts-assurance-service,f0a6c7528dd2d178,,f0a6c7528dd2d178,1357,200,getAllAssuranceType,no_parent
1650501184,ts-verification-code-service,625abea3a470ec3f,,625abea3a470ec3f,2738,200,imageCode,no_parent
1650501244,ts-route-service,7158c017a45bf299,7834b65578bc6038,4ba4e610c245c60c,1992,200,queryById,ts-travel-service
1650501244,ts-basic-service,df31e3183a5dd90c,df3e12ee1ed23d8e,4ba4e610c245c60c,4789,200,queryForStationId,ts-ticketinfo-service
1650501244,ts-preserve-service,f381cb3c8a95a4e1,710bd93dff1569dc,710bd93dff1569dc,15331,200,GET,ts-preserve-service
1650501244,ts-order-service,baa4a01d14af0035,1cbda552d4351734,710bd93dff1569dc,3298,200,securityInfoCheck,ts-security-service
1650501244,ts-basic-service,8b7db5af2214a926,fcea9ee25d54ac1a,4ba4e610c245c60c,5410,200,queryForStationId,ts-ticketinfo-service
1650501244,ts-travel-service,4ba4e610c245c60c,,4ba4e610c245c60c,40479,200,queryInfo,no_parent
1650501244,ts-travel-service,78243e532a4eec87,4ba4e610c245c60c,4ba4e610c245c60c,2539,200,GET,ts-travel-service
1650501244,ts-travel-service,7ce327cb8acce3ed,4ba4e610c245c60c,4ba4e610c245c60c,2277,200,GET,ts-travel-service
1650501244,ts-travel-service,9239dce0fdc61110,4ba4e610c245c60c,4ba4e610c245c60c,10424,200,GET,ts-travel-service
1650501244,ts-travel-service,7834b65578bc6038,4ba4e610c245c60c,4ba4e610c245c60c,2346,200,GET,ts-travel-service
1650501244,ts-travel-service,55893707c8b41733,4ba4e610c245c60c,4ba4e610c245c60c,3930,200,GET,ts-travel-service
1650501244,ts-basic-service,cca92f0b8c5341b0,8b7db5af2214a926,4ba4e610c245c60c,3232,200,GET,ts-basic-service
1650501244,ts-travel-service,a797c83465f16e8d,4ba4e610c245c60c,4ba4e610c245c60c,7502,200,GET,ts-travel-service
1650501244,ts-route-service,c178a478636d471c,55893707c8b41733,4ba4e610c245c60c,2613,200,queryById,ts-travel-service
1650501244,ts-basic-service,81e29f8063a4fba9,df31e3183a5dd90c,4ba4e610c245c60c,2733,200,GET,ts-basic-service
1650501244,ts-route-service,51cbf6e474cd7c37,9ef14349c8b49c72,4ba4e610c245c60c,2246,200,queryById,ts-travel-service
1650501244,ts-route-service,7a132931b5e15f3b,78243e532a4eec87,4ba4e610c245c60c,1967,200,queryById,ts-travel-service
1650501244,ts-route-service,657e9780456399b9,7ce327cb8acce3ed,4ba4e610c245c60c,2146,200,queryById,ts-travel-service
1650501244,ts-station-service,4e0fe1d6d01774fd,cca92f0b8c5341b0,4ba4e610c245c60c,2215,200,queryForStationId,ts-basic-service
1650501244,ts-travel-service,9ef14349c8b49c72,4ba4e610c245c60c,4ba4e610c245c60c,2365,200,GET,ts-travel-service
1650501244,ts-ticketinfo-service,fcea9ee25d54ac1a,2d8523e7224c7bb6,4ba4e610c245c60c,6590,200,GET,ts-ticketinfo-service
1650501244,ts-ticketinfo-service,2d8523e7224c7bb6,9239dce0fdc61110,4ba4e610c245c60c,8828,200,queryForStationId,ts-travel-service
1650501244,ts-security-service,1cbda552d4351734,f9d3a5cc4be1bb39,710bd93dff1569dc,4434,200,GET,ts-security-service
1650501244,ts-security-service,f8531ab0063a30ec,f9d3a5cc4be1bb39,710bd93dff1569dc,4828,200,GET,ts-security-service
1650501244,ts-contacts-service,9f75352fc6445c2f,,9f75352fc6445c2f,3004,200,findContactsByAccountId,no_parent
1650501244,ts-station-service,f32afabc933ddcba,81e29f8063a4fba9,4ba4e610c245c60c,2073,200,queryForStationId,ts-basic-service
1650501244,ts-assurance-service,190bceb1b6ce5dc1,,190bceb1b6ce5dc1,1610,200,getAllAssuranceType,no_parent
1650501244,ts-verification-code-service,b609a3596e33dfc5,,b609a3596e33dfc5,2732,200,imageCode,no_parent
1650501244,ts-verification-code-service,8411ef6529e0de37,dd8185f8772926f6,416a17106de80b12,1735,200,verifyCode,ts-auth-service
1650501244,ts-auth-service,dd8185f8772926f6,416a17106de80b12,416a17106de80b12,3333,200,GET,ts-auth-service
1650501244,ts-auth-service,416a17106de80b12,,416a17106de80b12,106588,200,getToken,no_parent
1650501244,ts-security-service,f9d3a5cc4be1bb39,f381cb3c8a95a4e1,710bd93dff1569dc,13839,200,check,ts-preserve-service
1650501244,ts-order-other-service,ce60736caad7182e,f8531ab0063a30ec,710bd93dff1569dc,3456,200,securityInfoCheck,ts-security-service
1650501244,ts-station-service,827dc91235094dc8,1397699c6724dba,ff8cd8cb81d8025a,7691,200,queryForNameBatch,ts-order-service
1650501244,ts-ticketinfo-service,df3e12ee1ed23d8e,5a8ce3f62351daa4,4ba4e610c245c60c,5453,200,GET,ts-ticketinfo-service
1650501244,ts-ticketinfo-service,5a8ce3f62351daa4,a797c83465f16e8d,4ba4e610c245c60c,6964,200,queryForStationId,ts-travel-service
1650501244,ts-contacts-service,1686a0de8f44863f,d97eea2052fc1f82,710bd93dff1569dc,2233,200,getContactsByContactsId,ts-preserve-service
1650501244,ts-preserve-service,d97eea2052fc1f82,710bd93dff1569dc,710bd93dff1569dc,3578,200,GET,ts-preserve-service
1650501244,ts-preserve-service,710bd93dff1569dc,,710bd93dff1569dc,22086,200,preserve,no_parent
1650501244,ts-order-service,1397699c6724dba,ff8cd8cb81d8025a,ff8cd8cb81d8025a,9102,200,POST,ts-order-service
1650501244,ts-order-service,ff8cd8cb81d8025a,,ff8cd8cb81d8025a,12421,200,queryOrdersForRefresh,no_parent
1650501304,ts-contacts-service,916e232c2d7e521e,,916e232c2d7e521e,3084,200,findContactsByAccountId,no_parent
1650501305,ts-preserve-service,4f3a6b1b1cf2fdd1,,4f3a6b1b1cf2fdd1,22149,200,preserve,no_parent
1650501305,ts-preserve-service,713ea42c943b6fef,4f3a6b1b1cf2fdd1,4f3a6b1b1cf2fdd1,16168,200,GET,ts-preserve-service
1650501305,ts-preserve-service,61d20fd7ab284b46,4f3a6b1b1cf2fdd1,4f3a6b1b1cf2fdd1,3006,200,GET,ts-preserve-service
1650501305,ts-security-service,8182f44fb185c3e2,713ea42c943b6fef,4f3a6b1b1cf2fdd1,13808,200,check,ts-preserve-service
1650501305,ts-order-service,def49bc3cb799d7c,,def49bc3cb799d7c,10768,200,queryOrdersForRefresh,no_parent
1650501305,ts-order-other-service,a2c8d9da1594f037,d682ae719f4250ee,4f3a6b1b1cf2fdd1,3417,200,securityInfoCheck,ts-security-service
1650501305,ts-verification-code-service,3fb8268a3b372b76,a572378c729b26f0,9667fb3614b8fa0,1669,200,verifyCode,ts-auth-service
1650501305,ts-basic-service,c3439c796e9cc95f,ba8a7bdbf8311ac0,2403702781f44c15,5136,200,queryForStationId,ts-ticketinfo-service
1650501305,ts-basic-service,d5598255f17e9b52,c399f3955ad9c7f4,2403702781f44c15,2802,200,GET,ts-basic-service
1650501305,ts-ticketinfo-service,ba8a7bdbf8311ac0,16f2b02895b46c1f,2403702781f44c15,6103,200,GET,ts-ticketinfo-service
1650501305,ts-ticketinfo-service,16f2b02895b46c1f,3e5db6b3d2d5c96d,2403702781f44c15,8373,200,queryForStationId,ts-travel-service
1650501305,ts-ticketinfo-service,6b1ac6c90b95cf10,82fedab8b816bd5f,2403702781f44c15,5655,200,GET,ts-ticketinfo-service
1650501305,ts-station-service,19990b02e1b94c7d,d5598255f17e9b52,2403702781f44c15,2086,200,queryForStationId,ts-basic-service
1650501305,ts-travel-service,8abc6c1333275aa6,2403702781f44c15,2403702781f44c15,8055,200,GET,ts-travel-service
1650501305,ts-travel-service,cfe4ae2ae1c34050,2403702781f44c15,2403702781f44c15,3890,200,GET,ts-travel-service
1650501305,ts-travel-service,cb235b4984622687,2403702781f44c15,2403702781f44c15,2263,200,GET,ts-travel-service
1650501305,ts-travel-service,114d384420dea300,2403702781f44c15,2403702781f44c15,3330,200,GET,ts-travel-service
1650501305,ts-route-service,18a3384a201e7eb9,aeb90bef60db822b,2403702781f44c15,2318,200,queryById,ts-travel-service
1650501305,ts-route-service,e28181bf4e95141,cfe4ae2ae1c34050,2403702781f44c15,2548,200,queryById,ts-travel-service
1650501305,ts-route-service,c52b49cf404028ff,cb235b4984622687,2403702781f44c15,1815,200,queryById,ts-travel-service
1650501305,ts-route-service,2b618960f8d808a,114d384420dea300,2403702781f44c15,3411,200,queryById,ts-travel-service
1650501305,ts-contacts-service,4c2232a79e0c1d4b,61d20fd7ab284b46,4f3a6b1b1cf2fdd1,2029,200,getContactsByContactsId,ts-preserve-service
1650501305,ts-order-service,1f32d34cd8ced5a0,10aa66c60f96a490,4f3a6b1b1cf2fdd1,3336,200,securityInfoCheck,ts-security-service
1650501305,ts-station-service,314f3d146aef004c,451b6515ff7a6e9c,2403702781f44c15,2233,200,queryForStationId,ts-basic-service
1650501305,ts-route-service,f7677ccc28fe2fab,7d1fbb95fec70c23,2403702781f44c15,90387,200,queryById,ts-travel-service
1650501305,ts-travel-service,7d1fbb95fec70c23,2403702781f44c15,2403702781f44c15,2295,200,GET,ts-travel-service
1650501305,ts-auth-service,a572378c729b26f0,9667fb3614b8fa0,9667fb3614b8fa0,3263,200,GET,ts-auth-service
1650501305,ts-auth-service,9667fb3614b8fa0,,9667fb3614b8fa0,112149,200,getToken,no_parent
1650501305,ts-security-service,10aa66c60f96a490,8182f44fb185c3e2,4f3a6b1b1cf2fdd1,4804,200,GET,ts-security-service
1650501305,ts-security-service,d682ae719f4250ee,8182f44fb185c3e2,4f3a6b1b1cf2fdd1,4562,200,GET,ts-security-service
1650501305,ts-basic-service,451b6515ff7a6e9c,c3439c796e9cc95f,2403702781f44c15,3177,200,GET,ts-basic-service
1650501305,ts-ticketinfo-service,82fedab8b816bd5f,8abc6c1333275aa6,2403702781f44c15,7614,200,queryForStationId,ts-travel-service
1650501305,ts-basic-service,c399f3955ad9c7f4,6b1ac6c90b95cf10,2403702781f44c15,4931,200,queryForStationId,ts-ticketinfo-service
1650501305,ts-station-service,a1002dd8e64ef550,a1a882bc57dcad81,def49bc3cb799d7c,6333,200,queryForNameBatch,ts-order-service
1650501305,ts-order-service,a1a882bc57dcad81,def49bc3cb799d7c,def49bc3cb799d7c,7994,200,POST,ts-order-service
1650501305,ts-verification-code-service,45bed3f24f8306d8,,45bed3f24f8306d8,2882,200,imageCode,no_parent
1650501305,ts-travel-service,3e5db6b3d2d5c96d,2403702781f44c15,2403702781f44c15,9898,200,GET,ts-travel-service
1650501305,ts-assurance-service,84b2c6c01762bb53,,84b2c6c01762bb53,1362,200,getAllAssuranceType,no_parent
1650501305,ts-travel-service,aeb90bef60db822b,2403702781f44c15,2403702781f44c15,2352,200,GET,ts-travel-service
1650501305,ts-travel-service,2403702781f44c15,,2403702781f44c15,130796,200,queryInfo,no_parent
1650501365,ts-route-service,7f8246c7ead8ebd1,b658e63df812ab06,fb03da5527fae080,2115,200,queryById,ts-travel-service
1650501365,ts-route-service,5a5ecd22b587c1d4,20e632fb28a317d2,fb03da5527fae080,2635,200,queryById,ts-travel-service
1650501365,ts-route-service,f423f98e3ed6c556,5b45e4cca89a2ed7,fb03da5527fae080,2240,200,queryById,ts-travel-service
1650501365,ts-travel-service,fb03da5527fae080,,fb03da5527fae080,41206,200,queryInfo,no_parent
1650501365,ts-auth-service,5dc635a6f992cbe2,98f9af6752d53b91,98f9af6752d53b91,3523,200,GET,ts-auth-service
1650501365,ts-auth-service,98f9af6752d53b91,,98f9af6752d53b91,108815,200,getToken,no_parent
1650501365,ts-verification-code-service,665ed7b2152193fb,5dc635a6f992cbe2,98f9af6752d53b91,1701,200,verifyCode,ts-auth-service
1650501365,ts-travel-service,490646b7e1725937,fb03da5527fae080,fb03da5527fae080,2379,200,GET,ts-travel-service
1650501365,ts-travel-service,20e632fb28a317d2,fb03da5527fae080,fb03da5527fae080,3973,200,GET,ts-travel-service
1650501365,ts-basic-service,3743188db696ae7e,ab043a07d64b9526,fb03da5527fae080,3585,200,GET,ts-basic-service
1650501365,ts-station-service,ffd90adf062fa6c8,3743188db696ae7e,fb03da5527fae080,2443,200,queryForStationId,ts-basic-service
1650501365,ts-station-service,9a2d00ec69e0964b,2f086d8397ce81d7,fb03da5527fae080,2075,200,queryForStationId,ts-basic-service
1650501365,ts-travel-service,8b89592f530b2543,fb03da5527fae080,fb03da5527fae080,10976,200,GET,ts-travel-service
1650501365,ts-travel-service,9fb099038a63ed92,fb03da5527fae080,fb03da5527fae080,7820,200,GET,ts-travel-service
1650501365,ts-travel-service,b658e63df812ab06,fb03da5527fae080,fb03da5527fae080,2499,200,GET,ts-travel-service
1650501365,ts-travel-service,7e23528134bb4b74,fb03da5527fae080,fb03da5527fae080,2294,200,GET,ts-travel-service
1650501365,ts-route-service,f642f87a796dde8c,7e23528134bb4b74,fb03da5527fae080,2186,200,queryById,ts-travel-service
1650501365,ts-basic-service,ab043a07d64b9526,7382d9de698eca27,fb03da5527fae080,6048,200,queryForStationId,ts-ticketinfo-service
1650501365,ts-ticketinfo-service,9ed24c3a85ae519f,67fd5fc3c1df4e25,fb03da5527fae080,5493,200,GET,ts-ticketinfo-service
1650501365,ts-ticketinfo-service,67fd5fc3c1df4e25,9fb099038a63ed92,fb03da5527fae080,7434,200,queryForStationId,ts-travel-service
1650501365,ts-route-service,5b186a4c17a68e0f,490646b7e1725937,fb03da5527fae080,2272,200,queryById,ts-travel-service
1650501365,ts-order-other-service,9dd99d4268f132ad,1fbe89dca6b7a986,ea785af02f1921c6,3276,200,securityInfoCheck,ts-security-service
1650501365,ts-security-service,50d04168850a8ee5,a4290687e9490073,ea785af02f1921c6,4887,200,GET,ts-security-service
1650501365,ts-contacts-service,ed10446321a393e,89c2e2ade2a70705,ea785af02f1921c6,2196,200,getContactsByContactsId,ts-preserve-service
1650501365,ts-order-service,b585299dc76e872d,50d04168850a8ee5,ea785af02f1921c6,3574,200,securityInfoCheck,ts-security-service
1650501365,ts-preserve-service,21fdc624e3c96dae,ea785af02f1921c6,ea785af02f1921c6,15684,200,GET,ts-preserve-service
1650501365,ts-security-service,1fbe89dca6b7a986,a4290687e9490073,ea785af02f1921c6,4684,200,GET,ts-security-service
1650501365,ts-security-service,a4290687e9490073,21fdc624e3c96dae,ea785af02f1921c6,14044,200,check,ts-preserve-service
1650501365,ts-preserve-service,ea785af02f1921c6,,ea785af02f1921c6,22237,200,preserve,no_parent
1650501365,ts-preserve-service,89c2e2ade2a70705,ea785af02f1921c6,ea785af02f1921c6,3435,200,GET,ts-preserve-service
1650501365,ts-station-service,624e4f3818c9c845,cfb625b502787e56,ab9ef25bd792753f,8193,200,queryForNameBatch,ts-order-service
1650501365,ts-order-service,ab9ef25bd792753f,,ab9ef25bd792753f,12931,200,queryOrdersForRefresh,no_parent
1650501365,ts-order-service,cfb625b502787e56,ab9ef25bd792753f,ab9ef25bd792753f,9645,200,POST,ts-order-service
1650501365,ts-basic-service,a8267c2ea3c7ee7a,9ed24c3a85ae519f,fb03da5527fae080,4770,200,queryForStationId,ts-ticketinfo-service
1650501365,ts-basic-service,2f086d8397ce81d7,a8267c2ea3c7ee7a,fb03da5527fae080,2722,200,GET,ts-basic-service
1650501365,ts-ticketinfo-service,7382d9de698eca27,d13e719181d1cb01,fb03da5527fae080,7255,200,GET,ts-ticketinfo-service
1650501365,ts-ticketinfo-service,d13e719181d1cb01,8b89592f530b2543,fb03da5527fae080,9507,200,queryForStationId,ts-travel-service
1650501365,ts-verification-code-service,5ee8596085fb62a8,,5ee8596085fb62a8,2746,200,imageCode,no_parent
1650501365,ts-travel-service,5b45e4cca89a2ed7,fb03da5527fae080,fb03da5527fae080,2373,200,GET,ts-travel-service
1650501365,ts-assurance-service,925b332bb4159869,,925b332bb4159869,1660,200,getAllAssuranceType,no_parent
1650501365,ts-contacts-service,86ef48d02f67e1fb,,86ef48d02f67e1fb,3007,200,findContactsByAccountId,no_parent
1650501425,ts-route-service,c1eb30175272266b,6736c989965d6bc9,3f2a1b804c0e99e9,1870,200,queryById,ts-travel-service
1650501425,ts-basic-service,68f7f1c3c897a994,bcac79b40bab5bcf,3f2a1b804c0e99e9,2906,200,queryForStationId,ts-ticketinfo-service
1650501425,ts-travel-service,e32545df3a458b31,3f2a1b804c0e99e9,3f2a1b804c0e99e9,1366,200,GET,ts-travel-service
1650501425,ts-travel-service,4bd5564a01ae3dfe,3f2a1b804c0e99e9,3f2a1b804c0e99e9,1290,200,GET,ts-travel-service
1650501425,ts-travel-service,daa46c2d78fde620,3f2a1b804c0e99e9,3f2a1b804c0e99e9,1679,200,GET,ts-travel-service
1650501425,ts-travel-service,3f2a1b804c0e99e9,,3f2a1b804c0e99e9,28566,200,queryInfo,no_parent
1650501425,ts-travel-service,fa4579de34aac512,3f2a1b804c0e99e9,3f2a1b804c0e99e9,7842,200,GET,ts-travel-service
1650501425,ts-travel-service,6736c989965d6bc9,3f2a1b804c0e99e9,3f2a1b804c0e99e9,2848,200,GET,ts-travel-service
1650501425,ts-route-service,9578ca99ad62e45b,c4e71f0fd5998e0c,3f2a1b804c0e99e9,1471,200,queryById,ts-travel-service
1650501425,ts-route-service,a8177588d2f97367,4bd5564a01ae3dfe,3f2a1b804c0e99e9,1217,200,queryById,ts-travel-service
1650501425,ts-order-service,757c385185ca9f28,a0970f7b3b2893ee,7e3e371938c85750,2928,200,securityInfoCheck,ts-security-service
1650501425,ts-preserve-service,bc62163b58ef9d7b,7e3e371938c85750,7e3e371938c85750,13504,200,GET,ts-preserve-service
1650501425,ts-preserve-service,3f8a18fafab56ced,7e3e371938c85750,7e3e371938c85750,7840,200,GET,ts-preserve-service
1650501425,ts-travel-service,4d5e986dd74e3cb1,3f2a1b804c0e99e9,3f2a1b804c0e99e9,4852,200,GET,ts-travel-service
1650501425,ts-ticketinfo-service,bcac79b40bab5bcf,a13f01f18724f647,3f2a1b804c0e99e9,3348,200,GET,ts-ticketinfo-service
1650501425,ts-ticketinfo-service,a13f01f18724f647,4d5e986dd74e3cb1,3f2a1b804c0e99e9,4488,200,queryForStationId,ts-travel-service
1650501425,ts-station-service,a075027bc18c680b,fd48c085c08efc72,3f2a1b804c0e99e9,1121,200,queryForStationId,ts-basic-service
1650501425,ts-station-service,efdbbffb9f54fdaf,98a72a362ae14dca,3f2a1b804c0e99e9,1551,200,queryForStationId,ts-basic-service
1650501425,ts-route-service,57fefd0b7b120d81,daa46c2d78fde620,3f2a1b804c0e99e9,1603,200,queryById,ts-travel-service
1650501425,ts-route-service,8718204c1c79b804,e32545df3a458b31,3f2a1b804c0e99e9,1292,200,queryById,ts-travel-service
1650501425,ts-basic-service,a92785ee51b5c997,e9c4ef83ab28c47,3f2a1b804c0e99e9,4141,200,queryForStationId,ts-ticketinfo-service
1650501425,ts-ticketinfo-service,e9c4ef83ab28c47,d5f145b393dd9f30,3f2a1b804c0e99e9,4985,200,GET,ts-ticketinfo-service
1650501425,ts-ticketinfo-service,d5f145b393dd9f30,fa4579de34aac512,3f2a1b804c0e99e9,6387,200,queryForStationId,ts-travel-service
1650501425,ts-security-service,a0970f7b3b2893ee,19ec171576b67c6a,7e3e371938c85750,4099,200,GET,ts-security-service
1650501425,ts-security-service,19ec171576b67c6a,bc62163b58ef9d7b,7e3e371938c85750,12191,200,check,ts-preserve-service
1650501425,ts-security-service,550cf1f7234256e1,19ec171576b67c6a,7e3e371938c85750,4442,200,GET,ts-security-service
1650501425,ts-basic-service,98a72a362ae14dca,a92785ee51b5c997,3f2a1b804c0e99e9,2454,200,GET,ts-basic-service
1650501425,ts-basic-service,fd48c085c08efc72,68f7f1c3c897a994,3f2a1b804c0e99e9,1642,200,GET,ts-basic-service
1650501425,ts-travel-service,c4e71f0fd5998e0c,3f2a1b804c0e99e9,3f2a1b804c0e99e9,1847,200,GET,ts-travel-service
1650501425,ts-auth-service,b1f626fbfeac4d9a,,b1f626fbfeac4d9a,137160,200,getToken,no_parent
1650501425,ts-verification-code-service,e763f691948333c9,,e763f691948333c9,2437,200,imageCode,no_parent
1650501425,ts-auth-service,f1ff76541355421c,b1f626fbfeac4d9a,b1f626fbfeac4d9a,4069,200,GET,ts-auth-service
1650501425,ts-assurance-service,66177b11db87a42,,66177b11db87a42,1350,200,getAllAssuranceType,no_parent
1650501425,ts-contacts-service,d7440d6d9952a6b4,3f8a18fafab56ced,7e3e371938c85750,6609,200,getContactsByContactsId,ts-preserve-service
1650501425,ts-preserve-service,7e3e371938c85750,,7e3e371938c85750,24152,200,preserve,no_parent
1650501425,ts-order-other-service,137c7a7a01f30363,550cf1f7234256e1,7e3e371938c85750,2743,200,securityInfoCheck,ts-security-service
1650501425,ts-verification-code-service,e1e678a7ee12954b,f1ff76541355421c,b1f626fbfeac4d9a,2065,200,verifyCode,ts-auth-service
1650501425,ts-contacts-service,47c9c8e22dd90e2c,,47c9c8e22dd90e2c,2669,200,findContactsByAccountId,no_parent
1650501425,ts-order-service,196126c32f2f5132,,196126c32f2f5132,9924,200,queryOrdersForRefresh,no_parent
1650501425,ts-order-service,34faeada17476419,196126c32f2f5132,196126c32f2f5132,6488,200,POST,ts-order-service
1650501425,ts-station-service,30597dc52cb31578,34faeada17476419,196126c32f2f5132,5221,200,queryForNameBatch,ts-order-service
1650501485,ts-preserve-service,64576c6d6569d3f9,55bfcc67dc977ee8,55bfcc67dc977ee8,3433,200,GET,ts-preserve-service
1650501485,ts-contacts-service,ad15db511be40994,64576c6d6569d3f9,55bfcc67dc977ee8,2200,200,getContactsByContactsId,ts-preserve-service
1650501485,ts-security-service,78d25f362f9b2a63,d8a9eaef858a59d5,55bfcc67dc977ee8,4475,200,GET,ts-security-service
1650501485,ts-security-service,756e652214b3507d,d8a9eaef858a59d5,55bfcc67dc977ee8,4781,200,GET,ts-security-service
1650501485,ts-security-service,d8a9eaef858a59d5,3cedf0d39f303b32,55bfcc67dc977ee8,13691,200,check,ts-preserve-service
1650501485,ts-order-other-service,eebccb49a2728a89,78d25f362f9b2a63,55bfcc67dc977ee8,3099,200,securityInfoCheck,ts-security-service
1650501485,ts-order-service,9aa2e61637fe828e,756e652214b3507d,55bfcc67dc977ee8,3548,200,securityInfoCheck,ts-security-service
1650501485,ts-auth-service,6aeace2252e965c4,,6aeace2252e965c4,109282,200,getToken,no_parent
1650501485,ts-preserve-service,55bfcc67dc977ee8,,55bfcc67dc977ee8,21887,200,preserve,no_parent
1650501485,ts-preserve-service,3cedf0d39f303b32,55bfcc67dc977ee8,55bfcc67dc977ee8,15253,200,GET,ts-preserve-service
1650501485,ts-order-service,761d31a37ebe6150,3c368620152b6a8e,3c368620152b6a8e,8867,200,POST,ts-order-service
1650501485,ts-order-service,3c368620152b6a8e,,3c368620152b6a8e,11943,200,queryOrdersForRefresh,no_parent
1650501485,ts-station-service,6ede269e79cf70d5,761d31a37ebe6150,3c368620152b6a8e,7359,200,queryForNameBatch,ts-order-service
1650501485,ts-auth-service,69feaf01dd58abfd,6aeace2252e965c4,6aeace2252e965c4,3365,200,GET,ts-auth-service
1650501485,ts-verification-code-service,ff2517b9df4cc238,69feaf01dd58abfd,6aeace2252e965c4,1656,200,verifyCode,ts-auth-service
1650501485,ts-verification-code-service,c9c062f701ade5ab,,c9c062f701ade5ab,2718,200,imageCode,no_parent
1650501485,ts-contacts-service,ed1b12e7c6cd15e3,,ed1b12e7c6cd15e3,2899,200,findContactsByAccountId,no_parent
1650501486,ts-travel-service,abb17fce8c96abdd,a44ad2d45a445cd9,a44ad2d45a445cd9,2268,200,GET,ts-travel-service
1650501486,ts-travel-service,2002c1952968016,a44ad2d45a445cd9,a44ad2d45a445cd9,2516,200,GET,ts-travel-service
1650501486,ts-ticketinfo-service,8b4d989747f8f1b0,75062e16ce476b3f,a44ad2d45a445cd9,5333,200,GET,ts-ticketinfo-service
1650501486,ts-ticketinfo-service,75062e16ce476b3f,4a24c4938cce1c77,a44ad2d45a445cd9,6827,200,queryForStationId,ts-travel-service
1650501486,ts-route-service,c0c14c4c780bf3df,abb17fce8c96abdd,a44ad2d45a445cd9,2172,200,queryById,ts-travel-service
1650501486,ts-route-service,d8aa0299c0786733,80b7204290a95a30,a44ad2d45a445cd9,2148,200,queryById,ts-travel-service
1650501486,ts-travel-service,88f342bca30441c3,a44ad2d45a445cd9,a44ad2d45a445cd9,9952,200,GET,ts-travel-service
1650501486,ts-basic-service,88a973800d574bed,b2fcb509641e05ec,a44ad2d45a445cd9,2721,200,GET,ts-basic-service
1650501486,ts-basic-service,d72ab06c05f5c394,6a0a98b626103191,a44ad2d45a445cd9,5111,200,queryForStationId,ts-ticketinfo-service
1650501486,ts-ticketinfo-service,8922d322a657b0d7,88f342bca30441c3,a44ad2d45a445cd9,8803,200,queryForStationId,ts-travel-service
1650501486,ts-route-service,7ad4c2e4b3e80935,2002c1952968016,a44ad2d45a445cd9,2109,200,queryById,ts-travel-service
1650501486,ts-basic-service,b2fcb509641e05ec,8b4d989747f8f1b0,a44ad2d45a445cd9,4673,200,queryForStationId,ts-ticketinfo-service
1650501486,ts-station-service,9efed21f4178b035,6d17df5668678c70,a44ad2d45a445cd9,1812,200,queryForStationId,ts-basic-service
1650501486,ts-station-service,48a0c65429a72c12,88a973800d574bed,a44ad2d45a445cd9,2057,200,queryForStationId,ts-basic-service
1650501486,ts-travel-service,e8df33ecbf3d58e3,a44ad2d45a445cd9,a44ad2d45a445cd9,2249,200,GET,ts-travel-service
1650501486,ts-ticketinfo-service,6a0a98b626103191,8922d322a657b0d7,a44ad2d45a445cd9,6436,200,GET,ts-ticketinfo-service
1650501486,ts-travel-service,80b7204290a95a30,a44ad2d45a445cd9,a44ad2d45a445cd9,2255,200,GET,ts-travel-service
1650501486,ts-travel-service,a44ad2d45a445cd9,,a44ad2d45a445cd9,38212,200,queryInfo,no_parent
1650501486,ts-route-service,9cb13abc1f4e1331,34f7bf73ae103804,a44ad2d45a445cd9,2645,200,queryById,ts-travel-service
1650501486,ts-travel-service,34f7bf73ae103804,a44ad2d45a445cd9,a44ad2d45a445cd9,3676,200,GET,ts-travel-service
1650501486,ts-travel-service,4a24c4938cce1c77,a44ad2d45a445cd9,a44ad2d45a445cd9,7255,200,GET,ts-travel-service
1650501486,ts-route-service,607b24086303469c,e8df33ecbf3d58e3,a44ad2d45a445cd9,2142,200,queryById,ts-travel-service
1650501486,ts-basic-service,6d17df5668678c70,d72ab06c05f5c394,a44ad2d45a445cd9,2984,200,GET,ts-basic-service
1650501486,ts-assurance-service,b9054d930c17c02a,,b9054d930c17c02a,1098,200,getAllAssuranceType,no_parent
1650501546,ts-ticketinfo-service,3845d94da4b44c8,cad3667e542dd9cd,1741ef05200e0945,7899,200,queryForStationId,ts-travel-service
1650501546,ts-ticketinfo-service,1788f03b5ac8e050,e1460ec7f50a1d55,1741ef05200e0945,10766,200,queryForStationId,ts-travel-service
1650501546,ts-ticketinfo-service,595556fd0ec4a38d,3845d94da4b44c8,1741ef05200e0945,5874,200,GET,ts-ticketinfo-service
1650501546,ts-travel-service,e1460ec7f50a1d55,1741ef05200e0945,1741ef05200e0945,12400,200,GET,ts-travel-service
1650501546,ts-travel-service,e70de4a92fb6a9fe,1741ef05200e0945,1741ef05200e0945,1959,200,GET,ts-travel-service
1650501546,ts-travel-service,fd08ff4f0877165d,1741ef05200e0945,1741ef05200e0945,1964,200,GET,ts-travel-service
1650501546,ts-travel-service,1493206496ea8fa,1741ef05200e0945,1741ef05200e0945,2050,200,GET,ts-travel-service
1650501546,ts-basic-service,a0dbf60741e3ff76,7f23c6380599f3a0,1741ef05200e0945,3702,200,GET,ts-basic-service
1650501546,ts-route-service,b5dd64ae64c85c2f,1493206496ea8fa,1741ef05200e0945,1927,200,queryById,ts-travel-service
1650501546,ts-route-service,5bbf14429eed80e1,948fcb0106c272d7,1741ef05200e0945,2276,200,queryById,ts-travel-service
1650501546,ts-route-service,cf5f2a1a19612558,8130229b6bab5d8f,1741ef05200e0945,2018,200,queryById,ts-travel-service
1650501546,ts-route-service,d5248e0a3f17f866,fd08ff4f0877165d,1741ef05200e0945,1849,200,queryById,ts-travel-service
1650501546,ts-basic-service,7f23c6380599f3a0,91429225c319998c,1741ef05200e0945,7255,200,queryForStationId,ts-ticketinfo-service
1650501546,ts-station-service,1239ee3b06d4b1,a0dbf60741e3ff76,1741ef05200e0945,2131,200,queryForStationId,ts-basic-service
1650501546,ts-station-service,7fba130764a06bbe,25a8303ce8fba069,1741ef05200e0945,2105,200,queryForStationId,ts-basic-service
1650501546,ts-travel-service,948fcb0106c272d7,1741ef05200e0945,1741ef05200e0945,3444,200,GET,ts-travel-service
1650501546,ts-security-service,1f4485663fcbbab1,1676881445293334,73baacc84a6fe7b5,4792,200,GET,ts-security-service
1650501546,ts-security-service,1676881445293334,b4349368229ece2b,73baacc84a6fe7b5,14304,200,check,ts-preserve-service
1650501546,ts-order-service,54f0c6746bc88dc8,,54f0c6746bc88dc8,19573,200,queryOrdersForRefresh,no_parent
1650501546,ts-contacts-service,1d8236552bc9cccf,df34fa4793bb4254,73baacc84a6fe7b5,2193,200,getContactsByContactsId,ts-preserve-service
1650501546,ts-order-service,9b1b0b193d7ef86f,a6b021a53650ac8f,73baacc84a6fe7b5,3456,200,securityInfoCheck,ts-security-service
1650501546,ts-travel-service,8130229b6bab5d8f,1741ef05200e0945,1741ef05200e0945,2385,200,GET,ts-travel-service
1650501546,ts-travel-service,1741ef05200e0945,,1741ef05200e0945,43519,200,queryInfo,no_parent
1650501546,ts-auth-service,730c6a2308f07e,,730c6a2308f07e,128569,200,getToken,no_parent
1650501546,ts-auth-service,1b75f37c307787dd,730c6a2308f07e,730c6a2308f07e,3436,200,GET,ts-auth-service
1650501546,ts-verification-code-service,4097dd52e577a072,1b75f37c307787dd,730c6a2308f07e,1724,200,verifyCode,ts-auth-service
1650501546,ts-preserve-service,73baacc84a6fe7b5,,73baacc84a6fe7b5,22521,200,preserve,no_parent
1650501546,ts-preserve-service,b4349368229ece2b,73baacc84a6fe7b5,73baacc84a6fe7b5,15841,200,GET,ts-preserve-service
1650501546,ts-preserve-service,df34fa4793bb4254,73baacc84a6fe7b5,73baacc84a6fe7b5,3591,200,GET,ts-preserve-service
1650501546,ts-security-service,a6b021a53650ac8f,1676881445293334,73baacc84a6fe7b5,4841,200,GET,ts-security-service
1650501546,ts-ticketinfo-service,91429225c319998c,1788f03b5ac8e050,1741ef05200e0945,8557,200,GET,ts-ticketinfo-service
1650501546,ts-order-other-service,4f1cd1a67d903954,1f4485663fcbbab1,73baacc84a6fe7b5,3475,200,securityInfoCheck,ts-security-service
1650501546,ts-order-service,9ce482b503ebb53,54f0c6746bc88dc8,54f0c6746bc88dc8,9492,200,POST,ts-order-service
1650501546,ts-station-service,2168baf313b4fed8,9ce482b503ebb53,54f0c6746bc88dc8,8199,200,queryForNameBatch,ts-order-service
1650501546,ts-basic-service,bc610bdd6e8427d3,595556fd0ec4a38d,1741ef05200e0945,5220,200,queryForStationId,ts-ticketinfo-service
1650501546,ts-basic-service,25a8303ce8fba069,bc610bdd6e8427d3,1741ef05200e0945,3125,200,GET,ts-basic-service
1650501546,ts-travel-service,cad3667e542dd9cd,1741ef05200e0945,1741ef05200e0945,8136,200,GET,ts-travel-service
1650501546,ts-route-service,c8444f653769eff9,e70de4a92fb6a9fe,1741ef05200e0945,1832,200,queryById,ts-travel-service
1650501546,ts-assurance-service,ad282a81381ff4ec,,ad282a81381ff4ec,1366,200,getAllAssuranceType,no_parent
1650501546,ts-verification-code-service,bf35b12da84be578,,bf35b12da84be578,2639,200,imageCode,no_parent
1650501546,ts-contacts-service,90e7ff01a862bafa,,90e7ff01a862bafa,2914,200,findContactsByAccountId,no_parent
1650501606,ts-travel-service,943ddc4ebded9c7b,58dd68ba152481cb,58dd68ba152481cb,4011,200,GET,ts-travel-service
1650501606,ts-route-service,d8905c4d1ab610c3,f3ecbc8ccd8158c1,58dd68ba152481cb,1597,200,queryById,ts-travel-service
1650501606,ts-travel-service,7aeffd737786a6c,58dd68ba152481cb,58dd68ba152481cb,1781,200,GET,ts-travel-service
1650501606,ts-travel-service,2341066a7e927e52,58dd68ba152481cb,58dd68ba152481cb,8022,200,GET,ts-travel-service
1650501606,ts-preserve-service,84669516ea4e80b5,73d8ab1db8aea997,73d8ab1db8aea997,19041,200,GET,ts-preserve-service
1650501606,ts-preserve-service,b1a1f44b244a2999,73d8ab1db8aea997,73d8ab1db8aea997,3500,200,GET,ts-preserve-service
1650501606,ts-order-other-service,a231b78097a9a23a,8ca13ffedf0dc2a7,73d8ab1db8aea997,3260,200,securityInfoCheck,ts-security-service
1650501606,ts-preserve-service,73d8ab1db8aea997,,73d8ab1db8aea997,25563,200,preserve,no_parent
1650501606,ts-order-service,2730afba235567ed,65393f9795943269,65393f9795943269,9977,200,POST,ts-order-service
1650501606,ts-station-service,ecae0046dfb31461,2730afba235567ed,65393f9795943269,7889,200,queryForNameBatch,ts-order-service
1650501606,ts-order-service,b5d052b3b32e9d91,e8a347210ca2bb4c,73d8ab1db8aea997,6575,200,securityInfoCheck,ts-security-service
1650501606,ts-order-service,65393f9795943269,,65393f9795943269,13871,200,queryOrdersForRefresh,no_parent
1650501606,ts-ticketinfo-service,5349643abc14af35,9cfdc4272c28bd49,58dd68ba152481cb,7210,200,GET,ts-ticketinfo-service
1650501606,ts-ticketinfo-service,2eebf505df3bfe86,54e534554cdb81a1,58dd68ba152481cb,5666,200,GET,ts-ticketinfo-service
1650501606,ts-travel-service,a82d54ef2dfe1288,58dd68ba152481cb,58dd68ba152481cb,2460,200,GET,ts-travel-service
1650501606,ts-contacts-service,5d36ba2ae6d593a0,b1a1f44b244a2999,73d8ab1db8aea997,2245,200,getContactsByContactsId,ts-preserve-service
1650501606,ts-security-service,4a08aa03a261073c,84669516ea4e80b5,73d8ab1db8aea997,17498,200,check,ts-preserve-service
1650501606,ts-travel-service,f3ecbc8ccd8158c1,58dd68ba152481cb,58dd68ba152481cb,1785,200,GET,ts-travel-service
1650501606,ts-basic-service,375580f60738f67f,2ccb75d297ae1eb0,58dd68ba152481cb,3475,200,GET,ts-basic-service
1650501606,ts-travel-service,ee45af8564699c46,58dd68ba152481cb,58dd68ba152481cb,1757,200,GET,ts-travel-service
1650501606,ts-ticketinfo-service,54e534554cdb81a1,2341066a7e927e52,58dd68ba152481cb,7565,200,queryForStationId,ts-travel-service
1650501606,ts-ticketinfo-service,9cfdc4272c28bd49,dc57141b7d2c5962,58dd68ba152481cb,9570,200,queryForStationId,ts-travel-service
1650501606,ts-basic-service,12a9ed97a62ac1b8,2eebf505df3bfe86,58dd68ba152481cb,4840,200,queryForStationId,ts-ticketinfo-service
1650501606,ts-basic-service,de7c57bab7353b25,12a9ed97a62ac1b8,58dd68ba152481cb,2752,200,GET,ts-basic-service
1650501606,ts-basic-service,2ccb75d297ae1eb0,5349643abc14af35,58dd68ba152481cb,6081,200,queryForStationId,ts-ticketinfo-service
1650501606,ts-security-service,8ca13ffedf0dc2a7,4a08aa03a261073c,73d8ab1db8aea997,4659,200,GET,ts-security-service
1650501606,ts-travel-service,58dd68ba152481cb,,58dd68ba152481cb,41391,200,queryInfo,no_parent
1650501606,ts-station-service,fdc25e52e6047c00,de7c57bab7353b25,58dd68ba152481cb,2062,200,queryForStationId,ts-basic-service
1650501606,ts-station-service,4a1e80b7e2c64154,375580f60738f67f,58dd68ba152481cb,2399,200,queryForStationId,ts-basic-service
1650501606,ts-security-service,e8a347210ca2bb4c,4a08aa03a261073c,73d8ab1db8aea997,8147,200,GET,ts-security-service
1650501606,ts-route-service,9bb6f65382453c06,a82d54ef2dfe1288,58dd68ba152481cb,1959,200,queryById,ts-travel-service
1650501606,ts-travel-service,dc57141b7d2c5962,58dd68ba152481cb,58dd68ba152481cb,11217,200,GET,ts-travel-service
1650501606,ts-route-service,270572c1c17af53f,ee45af8564699c46,58dd68ba152481cb,1569,200,queryById,ts-travel-service
1650501606,ts-route-service,28d0a6d050cdd6ee,7aeffd737786a6c,58dd68ba152481cb,1560,200,queryById,ts-travel-service
1650501606,ts-route-service,379f9ca6bbe08539,943ddc4ebded9c7b,58dd68ba152481cb,2657,200,queryById,ts-travel-service
1650501606,ts-auth-service,1f133d7fab51c457,ce57d3754a6a4d37,ce57d3754a6a4d37,3751,200,GET,ts-auth-service
1650501606,ts-auth-service,ce57d3754a6a4d37,,ce57d3754a6a4d37,115485,200,getToken,no_parent
1650501606,ts-assurance-service,ff56d897b6c48cb2,,ff56d897b6c48cb2,1520,200,getAllAssuranceType,no_parent
1650501606,ts-verification-code-service,a2a1747ebad08320,,a2a1747ebad08320,2911,200,imageCode,no_parent
1650501606,ts-verification-code-service,f1f35ac946554bb9,1f133d7fab51c457,ce57d3754a6a4d37,1976,200,verifyCode,ts-auth-service
1650501606,ts-contacts-service,60eadf1b9a440ad9,,60eadf1b9a440ad9,3237,200,findContactsByAccountId,no_parent
1650501666,ts-contacts-service,73bdda2c52fdae71,7f38560c662d101,eb4197f25507d800,1938,200,getContactsByContactsId,ts-preserve-service
1650501666,ts-preserve-service,7f38560c662d101,eb4197f25507d800,eb4197f25507d800,14485,200,GET,ts-preserve-service
1650501666,ts-preserve-service,dafbddfd7149d05d,eb4197f25507d800,eb4197f25507d800,15891,200,GET,ts-preserve-service
1650501666,ts-preserve-service,eb4197f25507d800,,eb4197f25507d800,33189,200,preserve,no_parent
1650501666,ts-security-service,f96153626ab32a40,dafbddfd7149d05d,eb4197f25507d800,14220,200,check,ts-preserve-service
1650501666,ts-order-service,d33d767172d886dd,80f139cf88b0be3c,80f139cf88b0be3c,9698,200,POST,ts-order-service
1650501666,ts-station-service,90bb4ec36a383a68,d33d767172d886dd,80f139cf88b0be3c,8187,200,queryForNameBatch,ts-order-service
1650501666,ts-order-service,9eac948ebc5d225f,83a1e4157ce58194,eb4197f25507d800,3809,200,securityInfoCheck,ts-security-service
1650501666,ts-order-other-service,195ceb7e7eb4b391,3323a47f578da27b,eb4197f25507d800,3088,200,securityInfoCheck,ts-security-service
1650501666,ts-security-service,83a1e4157ce58194,f96153626ab32a40,eb4197f25507d800,5182,200,GET,ts-security-service
1650501666,ts-order-service,80f139cf88b0be3c,,80f139cf88b0be3c,13364,200,queryOrdersForRefresh,no_parent
1650501666,ts-security-service,3323a47f578da27b,f96153626ab32a40,eb4197f25507d800,4315,200,GET,ts-security-service
1650501666,ts-verification-code-service,f816f5fbef339ea8,,f816f5fbef339ea8,2755,200,imageCode,no_parent
1650501666,ts-verification-code-service,98ce1395fbf181fa,43f9d020ed737622,1a67ed43087f6023,1937,200,verifyCode,ts-auth-service
1650501666,ts-contacts-service,2dfee051f4d6a823,,2dfee051f4d6a823,3046,200,findContactsByAccountId,no_parent
1650501666,ts-auth-service,43f9d020ed737622,1a67ed43087f6023,1a67ed43087f6023,3619,200,GET,ts-auth-service
1650501666,ts-auth-service,1a67ed43087f6023,,1a67ed43087f6023,140149,200,getToken,no_parent
1650501667,ts-route-service,d843382ec9b777a6,efa050290f6809db,85a049bcdeaa9c96,1969,200,queryById,ts-travel-service
1650501667,ts-route-service,b22d505ee4da3aea,855bdaa012a924fa,85a049bcdeaa9c96,1951,200,queryById,ts-travel-service
1650501667,ts-route-service,5f1b14ffabdf3dac,5eaa7f6d55d888d,85a049bcdeaa9c96,1856,200,queryById,ts-travel-service
1650501667,ts-travel-service,998b6015705b8f46,85a049bcdeaa9c96,85a049bcdeaa9c96,3476,200,GET,ts-travel-service
1650501667,ts-travel-service,85a049bcdeaa9c96,,85a049bcdeaa9c96,42727,200,queryInfo,no_parent
1650501667,ts-basic-service,bead0b525fe7f1eb,e1661688a314913a,85a049bcdeaa9c96,3220,200,GET,ts-basic-service
1650501667,ts-basic-service,acd51f984d633c11,a0aac44762e22354,85a049bcdeaa9c96,2730,200,GET,ts-basic-service
1650501667,ts-station-service,7034753aa96860de,acd51f984d633c11,85a049bcdeaa9c96,2100,200,queryForStationId,ts-basic-service
1650501667,ts-station-service,d10af4cbd06c469a,bead0b525fe7f1eb,85a049bcdeaa9c96,2115,200,queryForStationId,ts-basic-service
1650501667,ts-travel-service,efa050290f6809db,85a049bcdeaa9c96,85a049bcdeaa9c96,2185,200,GET,ts-travel-service
1650501667,ts-route-service,aa3ae9f53de2e618,998b6015705b8f46,85a049bcdeaa9c96,2257,200,queryById,ts-travel-service
1650501667,ts-route-service,5225f712a5613f0a,987c43f7c24c8b0d,85a049bcdeaa9c96,1910,200,queryById,ts-travel-service
1650501667,ts-travel-service,de79eae20f3a1036,85a049bcdeaa9c96,85a049bcdeaa9c96,8009,200,GET,ts-travel-service
1650501667,ts-travel-service,987c43f7c24c8b0d,85a049bcdeaa9c96,85a049bcdeaa9c96,2127,200,GET,ts-travel-service
1650501667,ts-travel-service,104b4db1ad37581a,85a049bcdeaa9c96,85a049bcdeaa9c96,10703,200,GET,ts-travel-service
1650501667,ts-ticketinfo-service,b412d89775d96d51,de79eae20f3a1036,85a049bcdeaa9c96,7608,200,queryForStationId,ts-travel-service
1650501667,ts-travel-service,855bdaa012a924fa,85a049bcdeaa9c96,85a049bcdeaa9c96,2426,200,GET,ts-travel-service
1650501667,ts-basic-service,a0aac44762e22354,f2d24121a1122d81,85a049bcdeaa9c96,5092,200,queryForStationId,ts-ticketinfo-service
1650501667,ts-ticketinfo-service,80674cdfea84ae86,b6de82d5e27ef4d2,85a049bcdeaa9c96,6644,200,GET,ts-ticketinfo-service
1650501667,ts-ticketinfo-service,f2d24121a1122d81,b412d89775d96d51,85a049bcdeaa9c96,5635,200,GET,ts-ticketinfo-service
1650501667,ts-ticketinfo-service,b6de82d5e27ef4d2,104b4db1ad37581a,85a049bcdeaa9c96,8775,200,queryForStationId,ts-travel-service
1650501667,ts-basic-service,e1661688a314913a,80674cdfea84ae86,85a049bcdeaa9c96,5708,200,queryForStationId,ts-ticketinfo-service
1650501667,ts-travel-service,5eaa7f6d55d888d,85a049bcdeaa9c96,85a049bcdeaa9c96,2075,200,GET,ts-travel-service
1650501667,ts-assurance-service,bb3b4ad44722768d,,bb3b4ad44722768d,5941,200,getAllAssuranceType,no_parent
1650501727,ts-preserve-service,3d113ae98485c298,e54322603ac36922,e54322603ac36922,3796,200,GET,ts-preserve-service
1650501727,ts-auth-service,ac0e2dcd0505b6f6,,ac0e2dcd0505b6f6,114648,200,getToken,no_parent
1650501727,ts-verification-code-service,4d61899cc668a2f9,59d560e981f4c22a,ac0e2dcd0505b6f6,1822,200,verifyCode,ts-auth-service
1650501727,ts-auth-service,59d560e981f4c22a,ac0e2dcd0505b6f6,ac0e2dcd0505b6f6,3600,200,GET,ts-auth-service
1650501727,ts-route-service,10e01fd63017f960,fabc5d7cc384c739,c50a4c8e37ed4db7,1924,200,queryById,ts-travel-service
1650501727,ts-travel-service,c02842db734b2034,c50a4c8e37ed4db7,c50a4c8e37ed4db7,11583,200,GET,ts-travel-service
1650501727,ts-travel-service,4006315665b0cd5d,c50a4c8e37ed4db7,c50a4c8e37ed4db7,7552,200,GET,ts-travel-service
1650501727,ts-preserve-service,e54322603ac36922,,e54322603ac36922,23013,200,preserve,no_parent
1650501727,ts-preserve-service,db36fb2410ff2934,e54322603ac36922,e54322603ac36922,16034,200,GET,ts-preserve-service
1650501727,ts-order-other-service,40a358015a1bc3e5,9a51e895f74bcbca,e54322603ac36922,3093,200,securityInfoCheck,ts-security-service
1650501727,ts-security-service,9a51e895f74bcbca,67b057bd0bc52e58,e54322603ac36922,4371,200,GET,ts-security-service
1650501727,ts-security-service,67b057bd0bc52e58,db36fb2410ff2934,e54322603ac36922,14398,200,check,ts-preserve-service
1650501727,ts-security-service,d1c9435d085dae15,67b057bd0bc52e58,e54322603ac36922,5339,200,GET,ts-security-service
1650501727,ts-contacts-service,53c64211455c9d4,3d113ae98485c298,e54322603ac36922,2476,200,getContactsByContactsId,ts-preserve-service
1650501727,ts-order-service,e748d3fe7cea5d28,d1c9435d085dae15,e54322603ac36922,4003,200,securityInfoCheck,ts-security-service
1650501727,ts-basic-service,f91d653123ce3c83,6c7f8b5a379e51c1,c50a4c8e37ed4db7,2720,200,GET,ts-basic-service
1650501727,ts-basic-service,3fb47b75171645c2,946ddea0c50f7d9a,c50a4c8e37ed4db7,3518,200,GET,ts-basic-service
1650501727,ts-basic-service,6c7f8b5a379e51c1,d3625abf14b35fb5,c50a4c8e37ed4db7,4708,200,queryForStationId,ts-ticketinfo-service
1650501727,ts-order-service,d1c72d6e1a138ca5,,d1c72d6e1a138ca5,12830,200,queryOrdersForRefresh,no_parent
1650501727,ts-station-service,a35952f8fea3df2,28f26f9cc07d2d51,d1c72d6e1a138ca5,7728,200,queryForNameBatch,ts-order-service
1650501727,ts-ticketinfo-service,d3625abf14b35fb5,18062e0fd66c73b6,c50a4c8e37ed4db7,5341,200,GET,ts-ticketinfo-service
1650501727,ts-basic-service,946ddea0c50f7d9a,e8217e15d9328237,c50a4c8e37ed4db7,6081,200,queryForStationId,ts-ticketinfo-service
1650501727,ts-travel-service,6a6b4b6cf292d968,c50a4c8e37ed4db7,c50a4c8e37ed4db7,2274,200,GET,ts-travel-service
1650501727,ts-ticketinfo-service,bb322fb3fcc35b7f,c02842db734b2034,c50a4c8e37ed4db7,10069,200,queryForStationId,ts-travel-service
1650501727,ts-ticketinfo-service,18062e0fd66c73b6,4006315665b0cd5d,c50a4c8e37ed4db7,7047,200,queryForStationId,ts-travel-service
1650501727,ts-travel-service,1169be9096348de3,c50a4c8e37ed4db7,c50a4c8e37ed4db7,3959,200,GET,ts-travel-service
1650501727,ts-ticketinfo-service,e8217e15d9328237,bb322fb3fcc35b7f,c50a4c8e37ed4db7,7204,200,GET,ts-ticketinfo-service
1650501727,ts-route-service,626e26585a71ff65,6a6b4b6cf292d968,c50a4c8e37ed4db7,2148,200,queryById,ts-travel-service
1650501727,ts-station-service,3a9cc8b3bd6bb381,f91d653123ce3c83,c50a4c8e37ed4db7,2030,200,queryForStationId,ts-basic-service
1650501727,ts-travel-service,c50a4c8e37ed4db7,,c50a4c8e37ed4db7,43085,200,queryInfo,no_parent
1650501727,ts-route-service,2c5f426e9d1066cb,e705f1415c1491a9,c50a4c8e37ed4db7,2500,200,queryById,ts-travel-service
1650501727,ts-route-service,b0953f336e1b595b,ef0760606e341b2,c50a4c8e37ed4db7,2148,200,queryById,ts-travel-service
1650501727,ts-route-service,8a4b796bd0b4d505,1169be9096348de3,c50a4c8e37ed4db7,2641,200,queryById,ts-travel-service
1650501727,ts-assurance-service,ff3bcac6b804f77e,,ff3bcac6b804f77e,1572,200,getAllAssuranceType,no_parent
1650501727,ts-travel-service,e705f1415c1491a9,c50a4c8e37ed4db7,c50a4c8e37ed4db7,2959,200,GET,ts-travel-service
1650501727,ts-station-service,cd9962a6052a06af,3fb47b75171645c2,c50a4c8e37ed4db7,2364,200,queryForStationId,ts-basic-service
1650501727,ts-travel-service,fabc5d7cc384c739,c50a4c8e37ed4db7,c50a4c8e37ed4db7,2095,200,GET,ts-travel-service
1650501727,ts-verification-code-service,2266f7984453663a,,2266f7984453663a,2703,200,imageCode,no_parent
1650501727,ts-travel-service,ef0760606e341b2,c50a4c8e37ed4db7,c50a4c8e37ed4db7,2316,200,GET,ts-travel-service
1650501727,ts-order-service,28f26f9cc07d2d51,d1c72d6e1a138ca5,d1c72d6e1a138ca5,9313,200,POST,ts-order-service
1650501727,ts-contacts-service,57cc63bf1fd7fd2a,,57cc63bf1fd7fd2a,3025,200,findContactsByAccountId,no_parent
1650501787,ts-basic-service,80c70e9a06e47b72,7a5becac0bd1041b,8a4f92cb20325ac0,5298,200,queryForStationId,ts-ticketinfo-service
1650501787,ts-basic-service,ad247701bf627a05,80c70e9a06e47b72,8a4f92cb20325ac0,2817,200,GET,ts-basic-service
1650501787,ts-ticketinfo-service,3ccbdb97170f0e8e,455ca55d22b28667,8a4f92cb20325ac0,8378,200,queryForStationId,ts-travel-service
1650501787,ts-route-service,635943ef81a1906b,ff7ab362014c0930,8a4f92cb20325ac0,1772,200,queryById,ts-travel-service
1650501787,ts-basic-service,8d7b9e6b6214e63f,3b211e2f48454a77,8a4f92cb20325ac0,3253,200,GET,ts-basic-service
1650501787,ts-station-service,3fe4917bcb3037c7,8d7b9e6b6214e63f,8a4f92cb20325ac0,2139,200,queryForStationId,ts-basic-service
1650501787,ts-travel-service,1a85c23154ec8793,8a4f92cb20325ac0,8a4f92cb20325ac0,2047,200,GET,ts-travel-service
1650501787,ts-order-service,cbe08dcd57f6330c,a23adcc3dd896a9b,d579529413107919,3937,200,securityInfoCheck,ts-security-service
1650501787,ts-contacts-service,c6f5239ee501fd5a,,c6f5239ee501fd5a,3121,200,findContactsByAccountId,no_parent
1650501787,ts-preserve-service,d579529413107919,,d579529413107919,22763,200,preserve,no_parent
1650501787,ts-security-service,c25ecbb5213ce98,6e355f08fb6f2fc1,d579529413107919,14174,200,check,ts-preserve-service
1650501787,ts-contacts-service,c96ddddb26515d03,78b7c3efa3d72316,d579529413107919,2405,200,getContactsByContactsId,ts-preserve-service
1650501787,ts-preserve-service,6e355f08fb6f2fc1,d579529413107919,d579529413107919,16029,200,GET,ts-preserve-service
1650501787,ts-order-service,69aec50a3db9febf,,69aec50a3db9febf,11978,200,queryOrdersForRefresh,no_parent
1650501787,ts-preserve-service,78b7c3efa3d72316,d579529413107919,d579529413107919,3631,200,GET,ts-preserve-service
1650501787,ts-order-service,5f2ac961b3157baf,69aec50a3db9febf,69aec50a3db9febf,8282,200,POST,ts-order-service
1650501787,ts-travel-service,ee36eefd843a384a,8a4f92cb20325ac0,8a4f92cb20325ac0,2476,200,GET,ts-travel-service
1650501787,ts-travel-service,8a4f92cb20325ac0,,8a4f92cb20325ac0,80655,200,queryInfo,no_parent
1650501787,ts-travel-service,7d04eca989ce675b,8a4f92cb20325ac0,8a4f92cb20325ac0,42667,200,GET,ts-travel-service
1650501787,ts-route-service,433fc80a8d7666c0,7d04eca989ce675b,8a4f92cb20325ac0,42671,200,queryById,ts-travel-service
1650501787,ts-route-service,c2e8cf607459cdcc,abaf28c8e97be81f,8a4f92cb20325ac0,2251,200,queryById,ts-travel-service
1650501787,ts-basic-service,3b211e2f48454a77,214fbbd53f5b20a8,8a4f92cb20325ac0,5365,200,queryForStationId,ts-ticketinfo-service
1650501787,ts-travel-service,455ca55d22b28667,8a4f92cb20325ac0,8a4f92cb20325ac0,9657,200,GET,ts-travel-service
1650501787,ts-travel-service,8e0b70080cb1828e,8a4f92cb20325ac0,8a4f92cb20325ac0,8086,200,GET,ts-travel-service
1650501787,ts-travel-service,ff7ab362014c0930,8a4f92cb20325ac0,8a4f92cb20325ac0,1920,200,GET,ts-travel-service
1650501787,ts-order-other-service,ff0b6144b47e5dfe,ba8fc2abb348bb49,d579529413107919,3159,200,securityInfoCheck,ts-security-service
1650501787,ts-assurance-service,805c094e8957b396,,805c094e8957b396,1396,200,getAllAssuranceType,no_parent
1650501787,ts-travel-service,abaf28c8e97be81f,8a4f92cb20325ac0,8a4f92cb20325ac0,3825,200,GET,ts-travel-service
1650501787,ts-route-service,c0b7897eb57fb84b,1a85c23154ec8793,8a4f92cb20325ac0,1882,200,queryById,ts-travel-service
1650501787,ts-station-service,5649aba99c0dae16,ad247701bf627a05,8a4f92cb20325ac0,2097,200,queryForStationId,ts-basic-service
1650501787,ts-route-service,3372f36696220501,ee36eefd843a384a,8a4f92cb20325ac0,2093,200,queryById,ts-travel-service
1650501787,ts-ticketinfo-service,7a5becac0bd1041b,427441d3547eeed3,8a4f92cb20325ac0,5785,200,GET,ts-ticketinfo-service
1650501787,ts-ticketinfo-service,214fbbd53f5b20a8,3ccbdb97170f0e8e,8a4f92cb20325ac0,6294,200,GET,ts-ticketinfo-service
1650501787,ts-ticketinfo-service,427441d3547eeed3,8e0b70080cb1828e,8a4f92cb20325ac0,7812,200,queryForStationId,ts-travel-service
1650501787,ts-station-service,994d395653671146,5f2ac961b3157baf,69aec50a3db9febf,6776,200,queryForNameBatch,ts-order-service
1650501787,ts-verification-code-service,ba789eb2fe2265c,,ba789eb2fe2265c,2745,200,imageCode,no_parent
1650501787,ts-security-service,a23adcc3dd896a9b,c25ecbb5213ce98,d579529413107919,5194,200,GET,ts-security-service
1650501787,ts-security-service,ba8fc2abb348bb49,c25ecbb5213ce98,d579529413107919,4382,200,GET,ts-security-service
1650501787,ts-auth-service,3bf5020e3d17b971,,3bf5020e3d17b971,121610,200,getToken,no_parent
1650501787,ts-verification-code-service,71ba8556914c09e,eafa5ab4e12bda81,3bf5020e3d17b971,1731,200,verifyCode,ts-auth-service
1650501787,ts-auth-service,eafa5ab4e12bda81,3bf5020e3d17b971,3bf5020e3d17b971,3451,200,GET,ts-auth-service
1650501847,ts-basic-service,b99c1a8e96e524d,f8e2753d16428e57,55137bc9e94d2f8a,5824,200,queryForStationId,ts-ticketinfo-service
1650501847,ts-auth-service,67cbe31aab4a9727,,67cbe31aab4a9727,109709,200,getToken,no_parent
1650501847,ts-contacts-service,7409da4910a6d6de,a71e4ba600293d8a,2c3c92c19101ebc9,2298,200,getContactsByContactsId,ts-preserve-service
1650501847,ts-order-other-service,fc12750f0a7758ba,5240511df49ec7f2,2c3c92c19101ebc9,3616,200,securityInfoCheck,ts-security-service
1650501847,ts-preserve-service,2c3c92c19101ebc9,,2c3c92c19101ebc9,23185,200,preserve,no_parent
1650501847,ts-travel-service,2a9656ccdf101528,55137bc9e94d2f8a,55137bc9e94d2f8a,2268,200,GET,ts-travel-service
1650501847,ts-preserve-service,a71e4ba600293d8a,2c3c92c19101ebc9,2c3c92c19101ebc9,3519,200,GET,ts-preserve-service
1650501847,ts-order-service,2c3512b9954f0469,,2c3512b9954f0469,12918,200,queryOrdersForRefresh,no_parent
1650501847,ts-security-service,b527c0636d577a1d,d4715471a508774f,2c3c92c19101ebc9,5547,200,GET,ts-security-service
1650501847,ts-order-service,5720ffa7a0b2ffad,2c3512b9954f0469,2c3512b9954f0469,9271,200,POST,ts-order-service
1650501847,ts-contacts-service,87e20dcb7995f096,,87e20dcb7995f096,2866,200,findContactsByAccountId,no_parent
1650501847,ts-basic-service,91ea2596fe8e875a,2b9de9dce0c92dd0,55137bc9e94d2f8a,2698,200,GET,ts-basic-service
1650501847,ts-auth-service,c4ddc5f9eac7d2bc,67cbe31aab4a9727,67cbe31aab4a9727,3570,200,GET,ts-auth-service
1650501847,ts-route-service,6825481bba2c6b,9d83fe71f060be9e,55137bc9e94d2f8a,2130,200,queryById,ts-travel-service
1650501847,ts-basic-service,2b9de9dce0c92dd0,475b28792cb698f6,55137bc9e94d2f8a,4866,200,queryForStationId,ts-ticketinfo-service
1650501847,ts-verification-code-service,e70adb726e2f5e70,c4ddc5f9eac7d2bc,67cbe31aab4a9727,1748,200,verifyCode,ts-auth-service
1650501847,ts-preserve-service,d6072d734373fc75,2c3c92c19101ebc9,2c3c92c19101ebc9,16485,200,GET,ts-preserve-service
1650501847,ts-ticketinfo-service,863009f3ef1665e6,8ed3e707c7f69cd5,55137bc9e94d2f8a,9556,200,queryForStationId,ts-travel-service
1650501847,ts-order-service,30ab39a55ec3510,b527c0636d577a1d,2c3c92c19101ebc9,3746,200,securityInfoCheck,ts-security-service
1650501847,ts-route-service,ffb95e3eece3bcbf,b91a3b922c0895a3,55137bc9e94d2f8a,2649,200,queryById,ts-travel-service
1650501847,ts-station-service,e080f8904941e533,91ea2596fe8e875a,55137bc9e94d2f8a,2070,200,queryForStationId,ts-basic-service
1650501847,ts-route-service,d764b25596feb1dd,f2981aaf0abc7dda,55137bc9e94d2f8a,2121,200,queryById,ts-travel-service
1650501847,ts-route-service,5e35cbd86bf6947a,7417b11c4849cf5c,55137bc9e94d2f8a,2192,200,queryById,ts-travel-service
1650501847,ts-route-service,43c8feee972af879,2a9656ccdf101528,55137bc9e94d2f8a,2126,200,queryById,ts-travel-service
1650501847,ts-travel-service,55137bc9e94d2f8a,,55137bc9e94d2f8a,42923,200,queryInfo,no_parent
1650501847,ts-travel-service,8ed3e707c7f69cd5,55137bc9e94d2f8a,55137bc9e94d2f8a,11200,200,GET,ts-travel-service
1650501847,ts-station-service,4675b8329b69ec8c,5720ffa7a0b2ffad,2c3512b9954f0469,7727,200,queryForNameBatch,ts-order-service
1650501847,ts-security-service,d4715471a508774f,d6072d734373fc75,2c3c92c19101ebc9,14829,200,check,ts-preserve-service
1650501847,ts-security-service,5240511df49ec7f2,d4715471a508774f,2c3c92c19101ebc9,4607,200,GET,ts-security-service
1650501847,ts-travel-service,74d4f0d66f0c6f9d,55137bc9e94d2f8a,55137bc9e94d2f8a,8177,200,GET,ts-travel-service
1650501847,ts-station-service,49b071ba810a26d,86ff5293bf8b381d,55137bc9e94d2f8a,2350,200,queryForStationId,ts-basic-service
1650501847,ts-travel-service,f2981aaf0abc7dda,55137bc9e94d2f8a,55137bc9e94d2f8a,2261,200,GET,ts-travel-service
1650501847,ts-ticketinfo-service,475b28792cb698f6,c687f18ea50b0f0e,55137bc9e94d2f8a,5614,200,GET,ts-ticketinfo-service
1650501847,ts-travel-service,b91a3b922c0895a3,55137bc9e94d2f8a,55137bc9e94d2f8a,4097,200,GET,ts-travel-service
1650501847,ts-travel-service,9d83fe71f060be9e,55137bc9e94d2f8a,55137bc9e94d2f8a,2259,200,GET,ts-travel-service
1650501847,ts-ticketinfo-service,c687f18ea50b0f0e,74d4f0d66f0c6f9d,55137bc9e94d2f8a,7653,200,queryForStationId,ts-travel-service
1650501847,ts-ticketinfo-service,f8e2753d16428e57,863009f3ef1665e6,55137bc9e94d2f8a,7071,200,GET,ts-ticketinfo-service
1650501847,ts-travel-service,7417b11c4849cf5c,55137bc9e94d2f8a,55137bc9e94d2f8a,2627,200,GET,ts-travel-service
1650501847,ts-basic-service,86ff5293bf8b381d,b99c1a8e96e524d,55137bc9e94d2f8a,3390,200,GET,ts-basic-service
1650501847,ts-verification-code-service,32e1d105b373f479,,32e1d105b373f479,2708,200,imageCode,no_parent
1650501847,ts-assurance-service,5e8012e6cd58e271,,5e8012e6cd58e271,1593,200,getAllAssuranceType,no_parent
1650501907,ts-preserve-service,4af5ee04fdd32e0e,21fd365dca12b5a9,21fd365dca12b5a9,25542,200,GET,ts-preserve-service
1650501907,ts-preserve-service,21fd365dca12b5a9,,21fd365dca12b5a9,32238,200,preserve,no_parent
1650501907,ts-security-service,3366d0da31be3f4d,7cac99dced9502b0,21fd365dca12b5a9,5361,200,GET,ts-security-service
1650501907,ts-security-service,7cac99dced9502b0,4af5ee04fdd32e0e,21fd365dca12b5a9,24064,200,check,ts-preserve-service
1650501907,ts-contacts-service,db0948d3757f06f9,,db0948d3757f06f9,3061,200,findContactsByAccountId,no_parent
1650501908,ts-station-service,95b749efc3cdf1f1,d3bfa373ec4dd8d5,f4c7b807a65e6af1,2093,200,queryForStationId,ts-basic-service
1650501908,ts-route-service,6ae102f02cf75b94,6c313a804524d487,f4c7b807a65e6af1,2654,200,queryById,ts-travel-service
1650501908,ts-route-service,3b0c91b0816e96a3,1a439249542f930,f4c7b807a65e6af1,2172,200,queryById,ts-travel-service
1650501908,ts-ticketinfo-service,9e3ba44c525eb016,7fa8f674b480fbad,f4c7b807a65e6af1,9318,200,queryForStationId,ts-travel-service
1650501908,ts-ticketinfo-service,51ab56576e841433,44a8572449ef03d3,f4c7b807a65e6af1,6049,200,GET,ts-ticketinfo-service
1650501908,ts-station-service,9ecabb2365ae99a8,27eec3bba47bc65,f4c7b807a65e6af1,2335,200,queryForStationId,ts-basic-service
1650501908,ts-basic-service,d3bfa373ec4dd8d5,506a6ebffdf984,f4c7b807a65e6af1,2774,200,GET,ts-basic-service
1650501908,ts-travel-service,ca12494b037e86fd,f4c7b807a65e6af1,f4c7b807a65e6af1,8482,200,GET,ts-travel-service
1650501908,ts-basic-service,506a6ebffdf984,51ab56576e841433,f4c7b807a65e6af1,4779,200,queryForStationId,ts-ticketinfo-service
1650501908,ts-ticketinfo-service,44a8572449ef03d3,ca12494b037e86fd,f4c7b807a65e6af1,8047,200,queryForStationId,ts-travel-service
1650501908,ts-travel-service,f385d4f08265371a,f4c7b807a65e6af1,f4c7b807a65e6af1,3086,200,GET,ts-travel-service
1650501908,ts-travel-service,f9a1bd8051a2bef0,f4c7b807a65e6af1,f4c7b807a65e6af1,2360,200,GET,ts-travel-service
1650501908,ts-travel-service,7fa8f674b480fbad,f4c7b807a65e6af1,f4c7b807a65e6af1,10855,200,GET,ts-travel-service
1650501908,ts-route-service,48a173a83ea7880b,351bb6ff8de426d6,f4c7b807a65e6af1,2185,200,queryById,ts-travel-service
1650501908,ts-contacts-service,c3b1f31f20a20d1e,ab820926b6560ff2,21fd365dca12b5a9,1882,200,getContactsByContactsId,ts-preserve-service
1650501908,ts-order-service,8f9aaa44f23031f5,3366d0da31be3f4d,21fd365dca12b5a9,4117,200,securityInfoCheck,ts-security-service
1650501908,ts-route-service,99daeab93dbac0aa,f9a1bd8051a2bef0,f4c7b807a65e6af1,2176,200,queryById,ts-travel-service
1650501908,ts-security-service,3e87ffcbea1ee670,7cac99dced9502b0,21fd365dca12b5a9,13872,200,GET,ts-security-service
1650501908,ts-order-service,fc88d8e3e658cf8b,95689d823c5d03f9,95689d823c5d03f9,8076,200,POST,ts-order-service
1650501908,ts-order-other-service,f7abc7ebdfcbcbb2,3e87ffcbea1ee670,21fd365dca12b5a9,3372,200,securityInfoCheck,ts-security-service
1650501908,ts-basic-service,27eec3bba47bc65,e21035be0c611e51,f4c7b807a65e6af1,3423,200,GET,ts-basic-service
1650501908,ts-basic-service,e21035be0c611e51,5857141752b6f1a,f4c7b807a65e6af1,5883,200,queryForStationId,ts-ticketinfo-service
1650501908,ts-travel-service,6c313a804524d487,f4c7b807a65e6af1,f4c7b807a65e6af1,4025,200,GET,ts-travel-service
1650501908,ts-travel-service,f4c7b807a65e6af1,,f4c7b807a65e6af1,43429,200,queryInfo,no_parent
1650501908,ts-travel-service,351bb6ff8de426d6,f4c7b807a65e6af1,f4c7b807a65e6af1,2330,200,GET,ts-travel-service
1650501908,ts-travel-service,1a439249542f930,f4c7b807a65e6af1,f4c7b807a65e6af1,2349,200,GET,ts-travel-service
1650501908,ts-ticketinfo-service,5857141752b6f1a,9e3ba44c525eb016,f4c7b807a65e6af1,7025,200,GET,ts-ticketinfo-service
1650501908,ts-preserve-service,ab820926b6560ff2,21fd365dca12b5a9,21fd365dca12b5a9,3570,200,GET,ts-preserve-service
1650501908,ts-assurance-service,45701a134bf79582,,45701a134bf79582,1645,200,getAllAssuranceType,no_parent
1650501908,ts-verification-code-service,915781ec6ea18e05,,915781ec6ea18e05,2857,200,imageCode,no_parent
1650501908,ts-station-service,9695257d6bec0cf8,fc88d8e3e658cf8b,95689d823c5d03f9,6379,200,queryForNameBatch,ts-order-service
1650501908,ts-route-service,f2219ae773d9704a,f385d4f08265371a,f4c7b807a65e6af1,2590,200,queryById,ts-travel-service
1650501908,ts-order-service,95689d823c5d03f9,,95689d823c5d03f9,11710,200,queryOrdersForRefresh,no_parent
1650501908,ts-auth-service,e59ccd92ee8c1dbb,,e59ccd92ee8c1dbb,111827,200,getToken,no_parent
1650501908,ts-verification-code-service,ff8af7d4e2666c11,c8dd52effd77d18f,e59ccd92ee8c1dbb,1565,200,verifyCode,ts-auth-service
1650501908,ts-auth-service,c8dd52effd77d18f,e59ccd92ee8c1dbb,e59ccd92ee8c1dbb,3400,200,GET,ts-auth-service
1650501968,ts-order-service,2a62e5ea4e3070c4,,2a62e5ea4e3070c4,13195,200,queryOrdersForRefresh,no_parent
1650501968,ts-security-service,6fad293a15f24f6d,22ecd90d0ef6f1d9,be98aa051552864c,14423,200,check,ts-preserve-service
1650501968,ts-security-service,fad7e6cabb0b9660,6fad293a15f24f6d,be98aa051552864c,4538,200,GET,ts-security-service
1650501968,ts-security-service,e2f90350ebbbfaf8,6fad293a15f24f6d,be98aa051552864c,5336,200,GET,ts-security-service
1650501968,ts-order-other-service,9900e6842fee87be,fad7e6cabb0b9660,be98aa051552864c,3192,200,securityInfoCheck,ts-security-service
1650501968,ts-preserve-service,be98aa051552864c,,be98aa051552864c,22315,200,preserve,no_parent
1650501968,ts-preserve-service,e61e0893d6a3c299,be98aa051552864c,be98aa051552864c,3504,200,GET,ts-preserve-service
1650501968,ts-preserve-service,22ecd90d0ef6f1d9,be98aa051552864c,be98aa051552864c,15681,200,GET,ts-preserve-service
1650501968,ts-order-service,dd339d896e41c984,e2f90350ebbbfaf8,be98aa051552864c,3947,200,securityInfoCheck,ts-security-service
1650501968,ts-contacts-service,77fef5a1d3286924,e61e0893d6a3c299,be98aa051552864c,2156,200,getContactsByContactsId,ts-preserve-service
1650501968,ts-route-service,6ce6a57f150e9115,3000afd244f9880a,3f3fbffca7ca08a3,2136,200,queryById,ts-travel-service
1650501968,ts-route-service,98078da50c8d061f,dc99cb86adbc60cd,3f3fbffca7ca08a3,2617,200,queryById,ts-travel-service
1650501968,ts-route-service,8a5ccc87e8be5a6f,55c0fbcaf2d5f829,3f3fbffca7ca08a3,2155,200,queryById,ts-travel-service
1650501968,ts-basic-service,c965dd34eaff0ad9,47a389a0c3f6879d,3f3fbffca7ca08a3,5860,200,queryForStationId,ts-ticketinfo-service
1650501968,ts-basic-service,7b463e576e9b4014,c965dd34eaff0ad9,3f3fbffca7ca08a3,3360,200,GET,ts-basic-service
1650501968,ts-basic-service,9e8b5396e95f2085,af60a6fea5ee0d9f,3f3fbffca7ca08a3,4870,200,queryForStationId,ts-ticketinfo-service
1650501968,ts-basic-service,37245a1e238414f0,9e8b5396e95f2085,3f3fbffca7ca08a3,2747,200,GET,ts-basic-service
1650501968,ts-verification-code-service,3a5822b94d038809,6c13586101b8f5a2,76946810a7b48a48,1847,200,verifyCode,ts-auth-service
1650501968,ts-travel-service,3f3fbffca7ca08a3,,3f3fbffca7ca08a3,43076,200,queryInfo,no_parent
1650501968,ts-route-service,8f766dcb09c95fbc,d58ee22fee797d9f,3f3fbffca7ca08a3,2119,200,queryById,ts-travel-service
1650501968,ts-route-service,82627c973ad62105,8891733cb436aff0,3f3fbffca7ca08a3,2195,200,queryById,ts-travel-service
1650501968,ts-ticketinfo-service,a0f00e08fe4ab9fb,f428a5a3919c8e6f,3f3fbffca7ca08a3,9892,200,queryForStationId,ts-travel-service
1650501968,ts-ticketinfo-service,f6b0acc9add37fc3,30c986aed77c9308,3f3fbffca7ca08a3,7593,200,queryForStationId,ts-travel-service
1650501968,ts-ticketinfo-service,af60a6fea5ee0d9f,f6b0acc9add37fc3,3f3fbffca7ca08a3,5455,200,GET,ts-ticketinfo-service
1650501968,ts-station-service,ebf1ad2804283aca,7b463e576e9b4014,3f3fbffca7ca08a3,2277,200,queryForStationId,ts-basic-service
1650501968,ts-travel-service,55c0fbcaf2d5f829,3f3fbffca7ca08a3,3f3fbffca7ca08a3,2541,200,GET,ts-travel-service
1650501968,ts-travel-service,f428a5a3919c8e6f,3f3fbffca7ca08a3,3f3fbffca7ca08a3,11333,200,GET,ts-travel-service
1650501968,ts-travel-service,d58ee22fee797d9f,3f3fbffca7ca08a3,3f3fbffca7ca08a3,2281,200,GET,ts-travel-service
1650501968,ts-travel-service,3000afd244f9880a,3f3fbffca7ca08a3,3f3fbffca7ca08a3,2245,200,GET,ts-travel-service
1650501968,ts-station-service,dbd14ec9e03f0017,37245a1e238414f0,3f3fbffca7ca08a3,2133,200,queryForStationId,ts-basic-service
1650501968,ts-travel-service,30c986aed77c9308,3f3fbffca7ca08a3,3f3fbffca7ca08a3,8021,200,GET,ts-travel-service
1650501968,ts-travel-service,dc99cb86adbc60cd,3f3fbffca7ca08a3,3f3fbffca7ca08a3,3896,200,GET,ts-travel-service
1650501968,ts-travel-service,8891733cb436aff0,3f3fbffca7ca08a3,3f3fbffca7ca08a3,2276,200,GET,ts-travel-service
1650501968,ts-contacts-service,343757d2d980af08,,343757d2d980af08,2934,200,findContactsByAccountId,no_parent
1650501968,ts-order-service,80b658ffb134fbf8,2a62e5ea4e3070c4,2a62e5ea4e3070c4,9438,200,POST,ts-order-service
1650501968,ts-station-service,527038123ea0fd34,80b658ffb134fbf8,2a62e5ea4e3070c4,7909,200,queryForNameBatch,ts-order-service
1650501968,ts-ticketinfo-service,47a389a0c3f6879d,a0f00e08fe4ab9fb,3f3fbffca7ca08a3,7226,200,GET,ts-ticketinfo-service
1650501968,ts-verification-code-service,c1f2547a971e4fc,,c1f2547a971e4fc,2726,200,imageCode,no_parent
1650501968,ts-auth-service,6c13586101b8f5a2,76946810a7b48a48,76946810a7b48a48,3552,200,GET,ts-auth-service
1650501968,ts-auth-service,76946810a7b48a48,,76946810a7b48a48,111329,200,getToken,no_parent
1650501968,ts-assurance-service,5cbda86f0985f8f5,,5cbda86f0985f8f5,1598,200,getAllAssuranceType,no_parent
1650502028,ts-route-service,3125e167f4f5c96e,5feb9501edb7d722,d848343fd02e7d2f,2256,200,queryById,ts-travel-service
1650502028,ts-route-service,17592b84e67aee7d,2e2d8748adc048db,d848343fd02e7d2f,1896,200,queryById,ts-travel-service
1650502028,ts-route-service,fa546dfad62644d1,e0c1ce9630b1bb87,d848343fd02e7d2f,2686,200,queryById,ts-travel-service
1650502028,ts-basic-service,582934a279464a28,a83a852edf7649ca,d848343fd02e7d2f,6002,200,queryForStationId,ts-ticketinfo-service
1650502028,ts-basic-service,d2ea9b71fa94521a,75b4be685e586ea8,d848343fd02e7d2f,5219,200,queryForStationId,ts-ticketinfo-service
1650502028,ts-basic-service,3e1db2c9432834cc,582934a279464a28,d848343fd02e7d2f,3387,200,GET,ts-basic-service
1650502028,ts-basic-service,36a5fb8b34314bcc,d2ea9b71fa94521a,d848343fd02e7d2f,2755,200,GET,ts-basic-service
1650502028,ts-ticketinfo-service,a83a852edf7649ca,78e483ca518ed194,d848343fd02e7d2f,7568,200,GET,ts-ticketinfo-service
1650502028,ts-ticketinfo-service,78e483ca518ed194,62b63a30f9b3a6a1,d848343fd02e7d2f,9676,200,queryForStationId,ts-travel-service
1650502028,ts-travel-service,5feb9501edb7d722,d848343fd02e7d2f,d848343fd02e7d2f,3467,200,GET,ts-travel-service
1650502028,ts-ticketinfo-service,fc9f6bb7355d6bcc,198b51754ac5af51,d848343fd02e7d2f,8872,200,queryForStationId,ts-travel-service
1650502028,ts-ticketinfo-service,75b4be685e586ea8,fc9f6bb7355d6bcc,d848343fd02e7d2f,6202,200,GET,ts-ticketinfo-service
1650502028,ts-station-service,a5f66d43d4e716db,3e1db2c9432834cc,d848343fd02e7d2f,2133,200,queryForStationId,ts-basic-service
1650502028,ts-station-service,e343312621dfef00,36a5fb8b34314bcc,d848343fd02e7d2f,2088,200,queryForStationId,ts-basic-service
1650502028,ts-travel-service,d848343fd02e7d2f,,d848343fd02e7d2f,43499,200,queryInfo,no_parent
1650502028,ts-travel-service,2e2d8748adc048db,d848343fd02e7d2f,d848343fd02e7d2f,2001,200,GET,ts-travel-service
1650502028,ts-route-service,31569ebc5187dcd8,432d3640acd2877,d848343fd02e7d2f,2151,200,queryById,ts-travel-service
1650502028,ts-route-service,fefd773c5f8ce29c,147b98a898db5d84,d848343fd02e7d2f,2010,200,queryById,ts-travel-service
1650502028,ts-travel-service,e0c1ce9630b1bb87,d848343fd02e7d2f,d848343fd02e7d2f,3028,200,GET,ts-travel-service
1650502028,ts-preserve-service,298bda39560cc35,541295648688fdbd,541295648688fdbd,3538,200,GET,ts-preserve-service
1650502028,ts-contacts-service,8f6790f66849da61,298bda39560cc35,541295648688fdbd,2272,200,getContactsByContactsId,ts-preserve-service
1650502028,ts-order-service,79c62dc6a5aaa7e2,b64447c572151970,541295648688fdbd,3826,200,securityInfoCheck,ts-security-service
1650502028,ts-order-other-service,fb9dab57fea1a7ca,af723a960cda81d4,541295648688fdbd,3174,200,securityInfoCheck,ts-security-service
1650502028,ts-preserve-service,541295648688fdbd,,541295648688fdbd,22269,200,preserve,no_parent
1650502028,ts-preserve-service,bfa69ea539ac153e,541295648688fdbd,541295648688fdbd,15725,200,GET,ts-preserve-service
1650502028,ts-travel-service,432d3640acd2877,d848343fd02e7d2f,d848343fd02e7d2f,2272,200,GET,ts-travel-service
1650502028,ts-travel-service,62b63a30f9b3a6a1,d848343fd02e7d2f,d848343fd02e7d2f,11576,200,GET,ts-travel-service
1650502028,ts-security-service,af723a960cda81d4,96ddeb0810030161,541295648688fdbd,4484,200,GET,ts-security-service
1650502028,ts-order-service,4fa4c4cf5fb53698,b60b6571f556f5b3,b60b6571f556f5b3,9348,200,POST,ts-order-service
1650502028,ts-travel-service,198b51754ac5af51,d848343fd02e7d2f,d848343fd02e7d2f,9250,200,GET,ts-travel-service
1650502028,ts-security-service,96ddeb0810030161,bfa69ea539ac153e,541295648688fdbd,14095,200,check,ts-preserve-service
1650502028,ts-travel-service,147b98a898db5d84,d848343fd02e7d2f,d848343fd02e7d2f,2075,200,GET,ts-travel-service
1650502028,ts-security-service,b64447c572151970,96ddeb0810030161,541295648688fdbd,5093,200,GET,ts-security-service
1650502028,ts-assurance-service,e9f32390c686128f,,e9f32390c686128f,1325,200,getAllAssuranceType,no_parent
1650502028,ts-verification-code-service,de1143f57fcec3b7,b2085411db6230d,1a4f0a07407d8699,2029,200,verifyCode,ts-auth-service
1650502028,ts-auth-service,b2085411db6230d,1a4f0a07407d8699,1a4f0a07407d8699,3711,200,GET,ts-auth-service
1650502028,ts-auth-service,1a4f0a07407d8699,,1a4f0a07407d8699,128821,200,getToken,no_parent
1650502028,ts-verification-code-service,90a4034447d688b,,90a4034447d688b,2723,200,imageCode,no_parent
1650502028,ts-contacts-service,95c640cf6d2d2b93,,95c640cf6d2d2b93,3224,200,findContactsByAccountId,no_parent
1650502028,ts-order-service,b60b6571f556f5b3,,b60b6571f556f5b3,12845,200,queryOrdersForRefresh,no_parent
1650502028,ts-station-service,a1cc749e5d1c4bba,4fa4c4cf5fb53698,b60b6571f556f5b3,7813,200,queryForNameBatch,ts-order-service
1650502088,ts-auth-service,921d4adfeabdeef1,c8f50b37f7ea7f4a,c8f50b37f7ea7f4a,3417,200,GET,ts-auth-service
1650502088,ts-order-service,25731e85a2aafad5,6c73c1f04a001f4f,6c73c1f04a001f4f,16181,200,POST,ts-order-service
1650502088,ts-station-service,6948e565f46ba184,25731e85a2aafad5,6c73c1f04a001f4f,14608,200,queryForNameBatch,ts-order-service
1650502088,ts-order-other-service,d405378c6036f410,9f273cf50b2012de,2bcea35ec554f407,3183,200,securityInfoCheck,ts-security-service
1650502088,ts-order-service,6c73c1f04a001f4f,,6c73c1f04a001f4f,19893,200,queryOrdersForRefresh,no_parent
1650502088,ts-preserve-service,2bcea35ec554f407,,2bcea35ec554f407,23252,200,preserve,no_parent
1650502088,ts-order-service,b405da41b628d07b,b67a593be1a990ce,2bcea35ec554f407,3809,200,securityInfoCheck,ts-security-service
1650502088,ts-preserve-service,3ef42b14303f238f,2bcea35ec554f407,2bcea35ec554f407,16357,200,GET,ts-preserve-service
1650502088,ts-preserve-service,5808e140dce4f620,2bcea35ec554f407,2bcea35ec554f407,3832,200,GET,ts-preserve-service
1650502088,ts-security-service,9f273cf50b2012de,ed64a3ab173bd1f6,2bcea35ec554f407,4492,200,GET,ts-security-service
1650502088,ts-security-service,b67a593be1a990ce,ed64a3ab173bd1f6,2bcea35ec554f407,5365,200,GET,ts-security-service
1650502088,ts-security-service,ed64a3ab173bd1f6,3ef42b14303f238f,2bcea35ec554f407,14739,200,check,ts-preserve-service
1650502088,ts-contacts-service,99ebf218733dd440,5808e140dce4f620,2bcea35ec554f407,2565,200,getContactsByContactsId,ts-preserve-service
1650502088,ts-contacts-service,b450d4013e7c7df6,,b450d4013e7c7df6,3265,200,findContactsByAccountId,no_parent
1650502088,ts-auth-service,c8f50b37f7ea7f4a,,c8f50b37f7ea7f4a,111220,200,getToken,no_parent
1650502088,ts-verification-code-service,e57418129a00e910,,e57418129a00e910,2662,200,imageCode,no_parent
1650502088,ts-verification-code-service,a6f67ff18a961d5e,921d4adfeabdeef1,c8f50b37f7ea7f4a,1689,200,verifyCode,ts-auth-service
1650502089,ts-travel-service,686a334ae76effde,cf741bf26fdc29f3,cf741bf26fdc29f3,7358,200,GET,ts-travel-service
1650502089,ts-travel-service,818ed7899570c13e,cf741bf26fdc29f3,cf741bf26fdc29f3,2602,200,GET,ts-travel-service
1650502089,ts-travel-service,2940cce1d5629f51,cf741bf26fdc29f3,cf741bf26fdc29f3,2861,200,GET,ts-travel-service
1650502089,ts-travel-service,ab6fb95a6e94f22a,cf741bf26fdc29f3,cf741bf26fdc29f3,2270,200,GET,ts-travel-service
1650502089,ts-travel-service,cf741bf26fdc29f3,,cf741bf26fdc29f3,41956,200,queryInfo,no_parent
1650502089,ts-travel-service,246de4603cb0c87c,cf741bf26fdc29f3,cf741bf26fdc29f3,11330,200,GET,ts-travel-service
1650502089,ts-travel-service,bb1649ebafd3a3c,cf741bf26fdc29f3,cf741bf26fdc29f3,2322,200,GET,ts-travel-service
1650502089,ts-route-service,186a9c8a7963fdb8,2940cce1d5629f51,cf741bf26fdc29f3,2707,200,queryById,ts-travel-service
1650502089,ts-route-service,8a9994dbfecd0b80,ab6fb95a6e94f22a,cf741bf26fdc29f3,2089,200,queryById,ts-travel-service
1650502089,ts-travel-service,c505da05f4649267,cf741bf26fdc29f3,cf741bf26fdc29f3,3951,200,GET,ts-travel-service
1650502089,ts-route-service,5dc84ada7e7a23a0,c505da05f4649267,cf741bf26fdc29f3,2570,200,queryById,ts-travel-service
1650502089,ts-basic-service,d18459115c6a7b27,eef545dbc2bcfab7,cf741bf26fdc29f3,3927,200,GET,ts-basic-service
1650502089,ts-basic-service,eef545dbc2bcfab7,27a7246f4afe10d5,cf741bf26fdc29f3,6356,200,queryForStationId,ts-ticketinfo-service
1650502089,ts-route-service,dc19c6ead13852e5,bb1649ebafd3a3c,cf741bf26fdc29f3,2119,200,queryById,ts-travel-service
1650502089,ts-ticketinfo-service,db2310c2b9958ba,246de4603cb0c87c,cf741bf26fdc29f3,9632,200,queryForStationId,ts-travel-service
1650502089,ts-ticketinfo-service,4db2c962cc9a7c9c,e52a9dbae764a606,cf741bf26fdc29f3,4743,200,GET,ts-ticketinfo-service
1650502089,ts-ticketinfo-service,e52a9dbae764a606,686a334ae76effde,cf741bf26fdc29f3,6878,200,queryForStationId,ts-travel-service
1650502089,ts-route-service,d80abef289a06a6a,818ed7899570c13e,cf741bf26fdc29f3,2135,200,queryById,ts-travel-service
1650502089,ts-basic-service,695c06b32b91b271,11a0df6a4671f97a,cf741bf26fdc29f3,2658,200,GET,ts-basic-service
1650502089,ts-basic-service,11a0df6a4671f97a,4db2c962cc9a7c9c,cf741bf26fdc29f3,4087,200,queryForStationId,ts-ticketinfo-service
1650502089,ts-ticketinfo-service,27a7246f4afe10d5,db2310c2b9958ba,cf741bf26fdc29f3,7412,200,GET,ts-ticketinfo-service
1650502089,ts-station-service,f4111a66efd58224,695c06b32b91b271,cf741bf26fdc29f3,2062,200,queryForStationId,ts-basic-service
1650502089,ts-station-service,9d14022d919b2d18,d18459115c6a7b27,cf741bf26fdc29f3,2692,200,queryForStationId,ts-basic-service
1650502089,ts-assurance-service,2461e94e25a9f05d,,2461e94e25a9f05d,1646,200,getAllAssuranceType,no_parent
1650502149,ts-route-service,a3be94f78ea57a69,641eeff771af5ab0,2aa7614d5613658,2056,200,queryById,ts-travel-service
1650502149,ts-order-service,2132c5fe7ed800c5,f8e89738bc8bf583,f0bb51896ade388b,3900,200,securityInfoCheck,ts-security-service
1650502149,ts-preserve-service,601778ebf5e141e8,f0bb51896ade388b,f0bb51896ade388b,22101,200,GET,ts-preserve-service
1650502149,ts-preserve-service,f0bb51896ade388b,,f0bb51896ade388b,28418,200,preserve,no_parent
1650502149,ts-contacts-service,8c3c17e912449a0a,66ae74cf2e1ff733,f0bb51896ade388b,2195,200,getContactsByContactsId,ts-preserve-service
1650502149,ts-security-service,f8e89738bc8bf583,f819dc5928a3ab2d,f0bb51896ade388b,5380,200,GET,ts-security-service
1650502149,ts-order-service,33cdb0b460b47ae2,d108d2fa7234c62d,d108d2fa7234c62d,9651,200,POST,ts-order-service
1650502149,ts-route-service,22f1b29e47a0a40b,a6471727c50e2af0,2aa7614d5613658,2372,200,queryById,ts-travel-service
1650502149,ts-basic-service,6c6499de68a5f3ae,72f7df2a5de92dd4,2aa7614d5613658,5506,200,queryForStationId,ts-ticketinfo-service
1650502149,ts-contacts-service,2b73043fe5b597f3,,2b73043fe5b597f3,2890,200,findContactsByAccountId,no_parent
1650502149,ts-station-service,78db3f860fd3557f,33cdb0b460b47ae2,d108d2fa7234c62d,8109,200,queryForNameBatch,ts-order-service
1650502149,ts-route-service,4f4025009049cf08,c630f392a581dca8,2aa7614d5613658,2157,200,queryById,ts-travel-service
1650502149,ts-order-service,d108d2fa7234c62d,,d108d2fa7234c62d,13192,200,queryOrdersForRefresh,no_parent
1650502149,ts-assurance-service,eb4fa720ef40cd3c,,eb4fa720ef40cd3c,1489,200,getAllAssuranceType,no_parent
1650502149,ts-travel-service,9acc9ef0efdb66ef,2aa7614d5613658,2aa7614d5613658,2735,200,GET,ts-travel-service
1650502149,ts-route-service,265e3f7584bf6dfd,51144132aed3acb9,2aa7614d5613658,2131,200,queryById,ts-travel-service
1650502149,ts-basic-service,cfebf8c45541a4c1,6c6499de68a5f3ae,2aa7614d5613658,3247,200,GET,ts-basic-service
1650502149,ts-ticketinfo-service,23250cf73ee2e0f2,8c2ab2c5265d218f,2aa7614d5613658,8326,200,queryForStationId,ts-travel-service
1650502149,ts-station-service,3d43f7b72a6bbbc9,cfebf8c45541a4c1,2aa7614d5613658,2144,200,queryForStationId,ts-basic-service
1650502149,ts-station-service,4bfb3aa41aa5941d,9480877294627179,2aa7614d5613658,2208,200,queryForStationId,ts-basic-service
1650502149,ts-travel-service,c630f392a581dca8,2aa7614d5613658,2aa7614d5613658,2918,200,GET,ts-travel-service
1650502149,ts-ticketinfo-service,72f7df2a5de92dd4,23250cf73ee2e0f2,2aa7614d5613658,6526,200,GET,ts-ticketinfo-service
1650502149,ts-basic-service,d8f895f9a5e20223,a65a4d5b8fd7d14c,2aa7614d5613658,6264,200,queryForStationId,ts-ticketinfo-service
1650502149,ts-ticketinfo-service,a65a4d5b8fd7d14c,305be263d1b11a0c,2aa7614d5613658,7799,200,GET,ts-ticketinfo-service
1650502149,ts-ticketinfo-service,305be263d1b11a0c,c8bc5dd1a4add6c9,2aa7614d5613658,9651,200,queryForStationId,ts-travel-service
1650502149,ts-route-service,6801172ed0cb1ec3,9acc9ef0efdb66ef,2aa7614d5613658,2161,200,queryById,ts-travel-service
1650502149,ts-auth-service,9c1bb432de805a3c,,9c1bb432de805a3c,126653,200,getToken,no_parent
1650502149,ts-basic-service,9480877294627179,d8f895f9a5e20223,2aa7614d5613658,3816,200,GET,ts-basic-service
1650502149,ts-auth-service,3b755380724ac63c,9c1bb432de805a3c,9c1bb432de805a3c,5345,200,GET,ts-auth-service
1650502149,ts-preserve-service,66ae74cf2e1ff733,f0bb51896ade388b,f0bb51896ade388b,3319,200,GET,ts-preserve-service
1650502149,ts-order-other-service,81c3e8bcb7ea6463,248428a675bf1fc8,f0bb51896ade388b,9476,200,securityInfoCheck,ts-security-service
1650502149,ts-travel-service,2aa7614d5613658,,2aa7614d5613658,45521,200,queryInfo,no_parent
1650502149,ts-travel-service,51144132aed3acb9,2aa7614d5613658,2aa7614d5613658,2625,200,GET,ts-travel-service
1650502149,ts-travel-service,a6471727c50e2af0,2aa7614d5613658,2aa7614d5613658,4064,200,GET,ts-travel-service
1650502149,ts-travel-service,641eeff771af5ab0,2aa7614d5613658,2aa7614d5613658,2558,200,GET,ts-travel-service
1650502149,ts-verification-code-service,60d9a211bb81557a,,60d9a211bb81557a,2748,200,imageCode,no_parent
1650502149,ts-verification-code-service,952f1e48b6208be9,3b755380724ac63c,9c1bb432de805a3c,1999,200,verifyCode,ts-auth-service
1650502149,ts-travel-service,c8bc5dd1a4add6c9,2aa7614d5613658,2aa7614d5613658,11542,200,GET,ts-travel-service
1650502149,ts-travel-service,8c2ab2c5265d218f,2aa7614d5613658,2aa7614d5613658,9061,200,GET,ts-travel-service
1650502149,ts-security-service,f819dc5928a3ab2d,601778ebf5e141e8,f0bb51896ade388b,20470,200,check,ts-preserve-service
1650502149,ts-security-service,248428a675bf1fc8,f819dc5928a3ab2d,f0bb51896ade388b,10800,200,GET,ts-security-service
1650502209,ts-security-service,b5b752615522311,ec1c06fb3d81d871,405eacc86c095ef6,14434,200,check,ts-preserve-service
1650502209,ts-security-service,288a127dc9dd7512,b5b752615522311,405eacc86c095ef6,4556,200,GET,ts-security-service
1650502209,ts-contacts-service,33eb6a2b7835ce41,269966da247eed4a,405eacc86c095ef6,2297,200,getContactsByContactsId,ts-preserve-service
1650502209,ts-order-service,abb69c2a6265d127,6377e6458b10c574,6377e6458b10c574,8498,200,POST,ts-order-service
1650502209,ts-order-service,854c1f4ac5aec910,c31d4d242468d10d,405eacc86c095ef6,3791,200,securityInfoCheck,ts-security-service
1650502209,ts-preserve-service,ec1c06fb3d81d871,405eacc86c095ef6,405eacc86c095ef6,16020,200,GET,ts-preserve-service
1650502209,ts-preserve-service,269966da247eed4a,405eacc86c095ef6,405eacc86c095ef6,3558,200,GET,ts-preserve-service
1650502209,ts-preserve-service,405eacc86c095ef6,,405eacc86c095ef6,22730,200,preserve,no_parent
1650502209,ts-order-other-service,b2a04d74ba5f123d,288a127dc9dd7512,405eacc86c095ef6,3279,200,securityInfoCheck,ts-security-service
1650502209,ts-security-service,c31d4d242468d10d,b5b752615522311,405eacc86c095ef6,5141,200,GET,ts-security-service
1650502209,ts-basic-service,dfc5ba1c851cd726,9d6edb8dda4e1a14,f82babffb491e31b,4059,200,GET,ts-basic-service
1650502209,ts-travel-service,f82babffb491e31b,,f82babffb491e31b,47507,200,queryInfo,no_parent
1650502209,ts-route-service,29955c626e013fdf,17270ffbd5491946,f82babffb491e31b,2124,200,queryById,ts-travel-service
1650502209,ts-route-service,faf54285c07d5704,b52b5d49ff261fbe,f82babffb491e31b,2047,200,queryById,ts-travel-service
1650502209,ts-route-service,4c2bfeb10a24dd8d,51678f923fe0595c,f82babffb491e31b,2142,200,queryById,ts-travel-service
1650502209,ts-station-service,b6067c40ba62a10,dfc5ba1c851cd726,f82babffb491e31b,2302,200,queryForStationId,ts-basic-service
1650502209,ts-station-service,939639d349ab2479,b043b918d7442d90,f82babffb491e31b,2113,200,queryForStationId,ts-basic-service
1650502209,ts-travel-service,7ec3d74d13a8087b,f82babffb491e31b,f82babffb491e31b,3074,200,GET,ts-travel-service
1650502209,ts-travel-service,4cfca86e0f2be477,f82babffb491e31b,f82babffb491e31b,8726,200,GET,ts-travel-service
1650502209,ts-travel-service,ff511361748c4bee,f82babffb491e31b,f82babffb491e31b,3995,200,GET,ts-travel-service
1650502209,ts-travel-service,b52b5d49ff261fbe,f82babffb491e31b,f82babffb491e31b,2253,200,GET,ts-travel-service
1650502209,ts-travel-service,17270ffbd5491946,f82babffb491e31b,f82babffb491e31b,2223,200,GET,ts-travel-service
1650502209,ts-travel-service,51678f923fe0595c,f82babffb491e31b,f82babffb491e31b,2326,200,GET,ts-travel-service
1650502209,ts-station-service,924ad58fd2ceb3a,abb69c2a6265d127,6377e6458b10c574,6981,200,queryForNameBatch,ts-order-service
1650502209,ts-travel-service,e943a30dbfc95379,f82babffb491e31b,f82babffb491e31b,14336,200,GET,ts-travel-service
1650502209,ts-order-service,6377e6458b10c574,,6377e6458b10c574,12158,200,queryOrdersForRefresh,no_parent
1650502209,ts-route-service,792f837c12a480d5,ff511361748c4bee,f82babffb491e31b,2652,200,queryById,ts-travel-service
1650502209,ts-contacts-service,8ff48bad15cd0f08,,8ff48bad15cd0f08,3142,200,findContactsByAccountId,no_parent
1650502209,ts-ticketinfo-service,35c595f96daed2c,e943a30dbfc95379,f82babffb491e31b,12685,200,queryForStationId,ts-travel-service
1650502209,ts-ticketinfo-service,ac2c25236ecebc6,4cfca86e0f2be477,f82babffb491e31b,8233,200,queryForStationId,ts-travel-service
1650502209,ts-route-service,1d53fb1bcaba3fa3,7ec3d74d13a8087b,f82babffb491e31b,2638,200,queryById,ts-travel-service
1650502209,ts-basic-service,b043b918d7442d90,ecaa07b99195f6f5,f82babffb491e31b,2891,200,GET,ts-basic-service
1650502209,ts-basic-service,ecaa07b99195f6f5,b7dfa017d2ce6132,f82babffb491e31b,5182,200,queryForStationId,ts-ticketinfo-service
1650502209,ts-basic-service,9d6edb8dda4e1a14,b6d2e943f4db5d70,f82babffb491e31b,8748,200,queryForStationId,ts-ticketinfo-service
1650502209,ts-ticketinfo-service,b6d2e943f4db5d70,35c595f96daed2c,f82babffb491e31b,10220,200,GET,ts-ticketinfo-service
1650502209,ts-ticketinfo-service,b7dfa017d2ce6132,ac2c25236ecebc6,f82babffb491e31b,6019,200,GET,ts-ticketinfo-service
1650502209,ts-auth-service,51f524bd5d735bb3,,51f524bd5d735bb3,109151,200,getToken,no_parent
1650502209,ts-auth-service,790cc2859de74843,51f524bd5d735bb3,51f524bd5d735bb3,3455,200,GET,ts-auth-service
1650502209,ts-verification-code-service,2c3519073560a947,790cc2859de74843,51f524bd5d735bb3,1685,200,verifyCode,ts-auth-service
1650502209,ts-assurance-service,5d86b3534e811ffc,,5d86b3534e811ffc,1576,200,getAllAssuranceType,no_parent
1650502209,ts-verification-code-service,28e3d02ccedba777,,28e3d02ccedba777,2683,200,imageCode,no_parent
1650502269,ts-station-service,9ae71f25bfe8c812,341f1227774dec94,7d0ade3ecc0e095d,7824,200,queryForNameBatch,ts-order-service
1650502269,ts-basic-service,ef720552c8288b2d,4f2ece54fe9355e1,5eaab4cbf011bd75,3294,200,GET,ts-basic-service
1650502269,ts-basic-service,2f5fd1a5f8f5c26b,82def090830e0f72,5eaab4cbf011bd75,3545,200,GET,ts-basic-service
1650502269,ts-route-service,4a9df4a5bc13e005,22a3cae34f4627fb,5eaab4cbf011bd75,2164,200,queryById,ts-travel-service
1650502269,ts-route-service,1913ea3ada42c9e4,bab7c1128a441ee8,5eaab4cbf011bd75,1882,200,queryById,ts-travel-service
1650502269,ts-route-service,3df775eb148fa137,47bb14ca1f2c6854,5eaab4cbf011bd75,2580,200,queryById,ts-travel-service
1650502269,ts-travel-service,22a3cae34f4627fb,5eaab4cbf011bd75,5eaab4cbf011bd75,2290,200,GET,ts-travel-service
1650502269,ts-basic-service,4f2ece54fe9355e1,3c728989360ec16f,5eaab4cbf011bd75,5709,200,queryForStationId,ts-ticketinfo-service
1650502269,ts-order-service,341f1227774dec94,7d0ade3ecc0e095d,7d0ade3ecc0e095d,20323,200,POST,ts-order-service
1650502269,ts-order-service,7d0ade3ecc0e095d,,7d0ade3ecc0e095d,24046,200,queryOrdersForRefresh,no_parent
1650502269,ts-route-service,ed1340b2020c1a03,bd87785eb752ca9,5eaab4cbf011bd75,1885,200,queryById,ts-travel-service
1650502269,ts-ticketinfo-service,bf30a7ba84499b53,8267fc3304adc0e,5eaab4cbf011bd75,9856,200,queryForStationId,ts-travel-service
1650502269,ts-ticketinfo-service,3c728989360ec16f,4646456e15d162e7,5eaab4cbf011bd75,6394,200,GET,ts-ticketinfo-service
1650502269,ts-ticketinfo-service,4646456e15d162e7,dc94e06a0daff04,5eaab4cbf011bd75,8451,200,queryForStationId,ts-travel-service
1650502269,ts-station-service,fa3e7635f3387129,ef720552c8288b2d,5eaab4cbf011bd75,2044,200,queryForStationId,ts-basic-service
1650502269,ts-contacts-service,d74403ef394bc5ab,,d74403ef394bc5ab,3030,200,findContactsByAccountId,no_parent
1650502269,ts-preserve-service,6c628ec19f0178c2,60a932dbe37cded4,60a932dbe37cded4,3466,200,GET,ts-preserve-service
1650502269,ts-contacts-service,acf625adec6bee8f,6c628ec19f0178c2,60a932dbe37cded4,2181,200,getContactsByContactsId,ts-preserve-service
1650502269,ts-security-service,d34e6f4d848bfd71,7c72e15455e51717,60a932dbe37cded4,4436,200,GET,ts-security-service
1650502269,ts-security-service,99291696c6ed48f2,7c72e15455e51717,60a932dbe37cded4,5344,200,GET,ts-security-service
1650502269,ts-travel-service,1947941beb488874,5eaab4cbf011bd75,5eaab4cbf011bd75,2507,200,GET,ts-travel-service
1650502269,ts-travel-service,bab7c1128a441ee8,5eaab4cbf011bd75,5eaab4cbf011bd75,2032,200,GET,ts-travel-service
1650502269,ts-security-service,7c72e15455e51717,412ac5c4d82787ff,60a932dbe37cded4,14511,200,check,ts-preserve-service
1650502269,ts-verification-code-service,6998ca726946ff47,22f9b627c919dd7a,b6cefe2c350d0d43,1706,200,verifyCode,ts-auth-service
1650502269,ts-auth-service,b6cefe2c350d0d43,,b6cefe2c350d0d43,106990,200,getToken,no_parent
1650502269,ts-order-service,c9446ceb40040125,99291696c6ed48f2,60a932dbe37cded4,3897,200,securityInfoCheck,ts-security-service
1650502269,ts-preserve-service,412ac5c4d82787ff,60a932dbe37cded4,60a932dbe37cded4,16030,200,GET,ts-preserve-service
1650502269,ts-travel-service,bd87785eb752ca9,5eaab4cbf011bd75,5eaab4cbf011bd75,2048,200,GET,ts-travel-service
1650502269,ts-route-service,9ce4a25c2cf1b619,1947941beb488874,5eaab4cbf011bd75,2037,200,queryById,ts-travel-service
1650502269,ts-basic-service,82def090830e0f72,eb84b99834218d31,5eaab4cbf011bd75,6307,200,queryForStationId,ts-ticketinfo-service
1650502269,ts-ticketinfo-service,eb84b99834218d31,bf30a7ba84499b53,5eaab4cbf011bd75,7432,200,GET,ts-ticketinfo-service
1650502269,ts-travel-service,47bb14ca1f2c6854,5eaab4cbf011bd75,5eaab4cbf011bd75,4274,200,GET,ts-travel-service
1650502269,ts-travel-service,8267fc3304adc0e,5eaab4cbf011bd75,5eaab4cbf011bd75,11438,200,GET,ts-travel-service
1650502269,ts-travel-service,5eaab4cbf011bd75,,5eaab4cbf011bd75,42925,200,queryInfo,no_parent
1650502269,ts-travel-service,dc94e06a0daff04,5eaab4cbf011bd75,5eaab4cbf011bd75,8843,200,GET,ts-travel-service
1650502269,ts-station-service,ec7c72db01d1b61,2f5fd1a5f8f5c26b,5eaab4cbf011bd75,2332,200,queryForStationId,ts-basic-service
1650502269,ts-auth-service,22f9b627c919dd7a,b6cefe2c350d0d43,b6cefe2c350d0d43,3458,200,GET,ts-auth-service
1650502269,ts-preserve-service,60a932dbe37cded4,,60a932dbe37cded4,22559,200,preserve,no_parent
1650502269,ts-order-other-service,6c9471d8745a2044,d34e6f4d848bfd71,60a932dbe37cded4,3180,200,securityInfoCheck,ts-security-service
1650502269,ts-verification-code-service,a58df5b0c750716b,,a58df5b0c750716b,2672,200,imageCode,no_parent
1650502270,ts-assurance-service,c294c074de8f1eee,,c294c074de8f1eee,1356,200,getAllAssuranceType,no_parent
1650502330,ts-ticketinfo-service,254384bc647e0212,d96c5587346c69cf,85cbdb7076ae2c7a,19273,200,queryForStationId,ts-travel-service
1650502330,ts-station-service,58bfd789c21219c3,ae1f5edd63fda328,85cbdb7076ae2c7a,2230,200,queryForStationId,ts-basic-service
1650502330,ts-station-service,aa81ad29dbcb732a,a4f1498757f1252f,85cbdb7076ae2c7a,2069,200,queryForStationId,ts-basic-service
1650502330,ts-basic-service,cd6d3928acbc6189,ab6c0eb118a95040,85cbdb7076ae2c7a,16657,200,queryForStationId,ts-ticketinfo-service
1650502330,ts-basic-service,a4f1498757f1252f,cd6d3928acbc6189,85cbdb7076ae2c7a,2779,200,GET,ts-basic-service
1650502330,ts-security-service,c98ac3c125e0bf95,f2695052b2cb6a90,6b5abad2f821f640,4488,200,GET,ts-security-service
1650502330,ts-security-service,bf1e637ab961a8a5,f2695052b2cb6a90,6b5abad2f821f640,4935,200,GET,ts-security-service
1650502330,ts-preserve-service,a49a128873eeeeec,6b5abad2f821f640,6b5abad2f821f640,15709,200,GET,ts-preserve-service
1650502330,ts-preserve-service,7bc0846c30b6318,6b5abad2f821f640,6b5abad2f821f640,3728,200,GET,ts-preserve-service
1650502330,ts-preserve-service,6b5abad2f821f640,,6b5abad2f821f640,22578,200,preserve,no_parent
1650502330,ts-order-other-service,782d0316ea2a214c,c98ac3c125e0bf95,6b5abad2f821f640,3147,200,securityInfoCheck,ts-security-service
1650502330,ts-security-service,f2695052b2cb6a90,a49a128873eeeeec,6b5abad2f821f640,14008,200,check,ts-preserve-service
1650502330,ts-travel-service,d96c5587346c69cf,85cbdb7076ae2c7a,85cbdb7076ae2c7a,19831,200,GET,ts-travel-service
1650502330,ts-travel-service,488206591d4b731a,85cbdb7076ae2c7a,85cbdb7076ae2c7a,2975,200,GET,ts-travel-service
1650502330,ts-contacts-service,d3e92a5cf915109c,7bc0846c30b6318,6b5abad2f821f640,2511,200,getContactsByContactsId,ts-preserve-service
1650502330,ts-order-service,74b853e6dd0d7a7a,bf1e637ab961a8a5,6b5abad2f821f640,3454,200,securityInfoCheck,ts-security-service
1650502330,ts-ticketinfo-service,5b816c469e87a379,635bc88aa940d6b9,85cbdb7076ae2c7a,7821,200,GET,ts-ticketinfo-service
1650502330,ts-ticketinfo-service,ab6c0eb118a95040,254384bc647e0212,85cbdb7076ae2c7a,17339,200,GET,ts-ticketinfo-service
1650502330,ts-basic-service,ae1f5edd63fda328,703adf486aa5f784,85cbdb7076ae2c7a,3776,200,GET,ts-basic-service
1650502330,ts-auth-service,f24e9fa5a3fc92b9,,f24e9fa5a3fc92b9,119438,200,getToken,no_parent
1650502330,ts-auth-service,2e03faa3eddc43b9,f24e9fa5a3fc92b9,f24e9fa5a3fc92b9,5555,200,GET,ts-auth-service
1650502330,ts-travel-service,f65ffdb5960f4c7b,85cbdb7076ae2c7a,85cbdb7076ae2c7a,3980,200,GET,ts-travel-service
1650502330,ts-travel-service,383c078cca6ede4,85cbdb7076ae2c7a,85cbdb7076ae2c7a,11826,200,GET,ts-travel-service
1650502330,ts-order-service,7eb3d01d49888ac3,686310528d85fb06,686310528d85fb06,9446,200,POST,ts-order-service
1650502330,ts-travel-service,85cbdb7076ae2c7a,,85cbdb7076ae2c7a,55840,200,queryInfo,no_parent
1650502330,ts-travel-service,fb2599f7841ec561,85cbdb7076ae2c7a,85cbdb7076ae2c7a,2055,200,GET,ts-travel-service
1650502330,ts-route-service,76df0028bdc14d2c,20859b61d3095018,85cbdb7076ae2c7a,2039,200,queryById,ts-travel-service
1650502330,ts-route-service,d9a4179e404f35ae,f65ffdb5960f4c7b,85cbdb7076ae2c7a,2631,200,queryById,ts-travel-service
1650502330,ts-travel-service,7b03ad58278eae1d,85cbdb7076ae2c7a,85cbdb7076ae2c7a,2082,200,GET,ts-travel-service
1650502330,ts-route-service,6a0c7c7713f3a365,fb2599f7841ec561,85cbdb7076ae2c7a,1914,200,queryById,ts-travel-service
1650502330,ts-route-service,d1eac16da4d1cdb7,488206591d4b731a,85cbdb7076ae2c7a,2499,200,queryById,ts-travel-service
1650502330,ts-travel-service,20859b61d3095018,85cbdb7076ae2c7a,85cbdb7076ae2c7a,2232,200,GET,ts-travel-service
1650502330,ts-contacts-service,66c760ad5cbfacfc,,66c760ad5cbfacfc,3278,200,findContactsByAccountId,no_parent
1650502330,ts-ticketinfo-service,635bc88aa940d6b9,383c078cca6ede4,85cbdb7076ae2c7a,10615,200,queryForStationId,ts-travel-service
1650502330,ts-route-service,25e80db356ecaf7,7b03ad58278eae1d,85cbdb7076ae2c7a,1925,200,queryById,ts-travel-service
1650502330,ts-verification-code-service,15f0702043be9418,,15f0702043be9418,2693,200,imageCode,no_parent
1650502330,ts-verification-code-service,7989f99810d4500c,2e03faa3eddc43b9,f24e9fa5a3fc92b9,1784,200,verifyCode,ts-auth-service
1650502330,ts-order-service,686310528d85fb06,,686310528d85fb06,12637,200,queryOrdersForRefresh,no_parent
1650502330,ts-station-service,f2b9443051afac9f,7eb3d01d49888ac3,686310528d85fb06,7854,200,queryForNameBatch,ts-order-service
1650502330,ts-basic-service,703adf486aa5f784,5b816c469e87a379,85cbdb7076ae2c7a,6614,200,queryForStationId,ts-ticketinfo-service
1650502330,ts-assurance-service,af727df9bd41046e,,af727df9bd41046e,1570,200,getAllAssuranceType,no_parent
1650502390,ts-basic-service,d67a094f0108819f,dba3fbc66a63ab78,110945a2cdc97192,5601,200,queryForStationId,ts-ticketinfo-service
1650502390,ts-basic-service,a7cb7872b7c1bb1c,8f8346b8a15603bd,110945a2cdc97192,2879,200,GET,ts-basic-service
1650502390,ts-route-service,7faeea702dd93ce9,32b72bd16b0b38db,110945a2cdc97192,2128,200,queryById,ts-travel-service
1650502390,ts-travel-service,3893dfca67922345,110945a2cdc97192,110945a2cdc97192,2415,200,GET,ts-travel-service
1650502390,ts-station-service,dd693714aa15ba6d,a7cb7872b7c1bb1c,110945a2cdc97192,2132,200,queryForStationId,ts-basic-service
1650502390,ts-route-service,d32ae24ca7879871,a108a0a5f9fb6909,110945a2cdc97192,2265,200,queryById,ts-travel-service
1650502390,ts-security-service,c0e17f15f1d1771d,6a6f2b43b42f5ef5,4d820b06d2019625,4944,200,GET,ts-security-service
1650502390,ts-security-service,884eab8a3cb84812,6a6f2b43b42f5ef5,4d820b06d2019625,4640,200,GET,ts-security-service
1650502390,ts-security-service,6a6f2b43b42f5ef5,52d06dca3caf217c,4d820b06d2019625,14169,200,check,ts-preserve-service
1650502390,ts-order-service,dc68e1636c06df82,,dc68e1636c06df82,13192,200,queryOrdersForRefresh,no_parent
1650502390,ts-order-service,7a89c5e3f3c5e334,dc68e1636c06df82,dc68e1636c06df82,7563,200,POST,ts-order-service
1650502390,ts-station-service,bc7383f9e0087038,7a89c5e3f3c5e334,dc68e1636c06df82,5691,200,queryForNameBatch,ts-order-service
1650502390,ts-contacts-service,c8b1b468f761cc58,57326f5f03e141c3,4d820b06d2019625,2531,200,getContactsByContactsId,ts-preserve-service
1650502390,ts-order-service,71a9b7d47ca257f6,c0e17f15f1d1771d,4d820b06d2019625,3498,200,securityInfoCheck,ts-security-service
1650502390,ts-order-other-service,539a4eba491167f9,884eab8a3cb84812,4d820b06d2019625,3180,200,securityInfoCheck,ts-security-service
1650502390,ts-ticketinfo-service,755dc0c1479891c7,d7bb253fad4b5094,110945a2cdc97192,9874,200,queryForStationId,ts-travel-service
1650502390,ts-ticketinfo-service,dba3fbc66a63ab78,35dc95e672954919,110945a2cdc97192,6615,200,GET,ts-ticketinfo-service
1650502390,ts-basic-service,8f8346b8a15603bd,8c326c636aac88cc,110945a2cdc97192,5191,200,queryForStationId,ts-ticketinfo-service
1650502390,ts-basic-service,842eeb5b00613869,d67a094f0108819f,110945a2cdc97192,3188,200,GET,ts-basic-service
1650502390,ts-route-service,b3c0220cc4a8632e,3f73f98746889c57,110945a2cdc97192,2040,200,queryById,ts-travel-service
1650502390,ts-route-service,c3fffc0b5f25c3fc,3893dfca67922345,110945a2cdc97192,2192,200,queryById,ts-travel-service
1650502390,ts-preserve-service,52d06dca3caf217c,4d820b06d2019625,4d820b06d2019625,15799,200,GET,ts-preserve-service
1650502390,ts-route-service,fb39fad2c4c5e8e0,b9352d5d13422c70,110945a2cdc97192,2283,200,queryById,ts-travel-service
1650502390,ts-auth-service,e9302027d26b5f43,,e9302027d26b5f43,135442,200,getToken,no_parent
1650502390,ts-travel-service,a108a0a5f9fb6909,110945a2cdc97192,110945a2cdc97192,2433,200,GET,ts-travel-service
1650502390,ts-station-service,1baaeec2a538f8cf,842eeb5b00613869,110945a2cdc97192,2173,200,queryForStationId,ts-basic-service
1650502390,ts-preserve-service,4d820b06d2019625,,4d820b06d2019625,22813,200,preserve,no_parent
1650502390,ts-preserve-service,57326f5f03e141c3,4d820b06d2019625,4d820b06d2019625,3825,200,GET,ts-preserve-service
1650502390,ts-assurance-service,f255179aabc2f336,,f255179aabc2f336,1339,200,getAllAssuranceType,no_parent
1650502390,ts-ticketinfo-service,8c326c636aac88cc,755dc0c1479891c7,110945a2cdc97192,7756,200,GET,ts-ticketinfo-service
1650502390,ts-ticketinfo-service,35dc95e672954919,ff1ff72fd52c5e8e,110945a2cdc97192,9253,200,queryForStationId,ts-travel-service
1650502390,ts-travel-service,32b72bd16b0b38db,110945a2cdc97192,110945a2cdc97192,2597,200,GET,ts-travel-service
1650502390,ts-travel-service,d7bb253fad4b5094,110945a2cdc97192,110945a2cdc97192,10173,200,GET,ts-travel-service
1650502390,ts-verification-code-service,29f26b99bdb3bb05,,29f26b99bdb3bb05,2312,200,imageCode,no_parent
1650502390,ts-travel-service,ff1ff72fd52c5e8e,110945a2cdc97192,110945a2cdc97192,10560,200,GET,ts-travel-service
1650502390,ts-travel-service,b9352d5d13422c70,110945a2cdc97192,110945a2cdc97192,3471,200,GET,ts-travel-service
1650502390,ts-travel-service,110945a2cdc97192,,110945a2cdc97192,47909,200,queryInfo,no_parent
1650502390,ts-auth-service,4a714a95b7901c4b,e9302027d26b5f43,e9302027d26b5f43,3670,200,GET,ts-auth-service
1650502390,ts-verification-code-service,f9798dcc65b1c68f,4a714a95b7901c4b,e9302027d26b5f43,1721,200,verifyCode,ts-auth-service
1650502390,ts-travel-service,3f73f98746889c57,110945a2cdc97192,110945a2cdc97192,2515,200,GET,ts-travel-service
1650502390,ts-contacts-service,8b674c2361f7010f,,8b674c2361f7010f,3065,200,findContactsByAccountId,no_parent
1650502450,ts-travel-service,adc234598dcf892e,c9371e28fb720cc5,c9371e28fb720cc5,2507,200,GET,ts-travel-service
1650502450,ts-travel-service,c9371e28fb720cc5,,c9371e28fb720cc5,41595,200,queryInfo,no_parent
1650502450,ts-route-service,f922521196e540b8,fb7f19433dbf2b3,c9371e28fb720cc5,2805,200,queryById,ts-travel-service
1650502450,ts-route-service,f0314b28146c3246,e09f6982c60cdd73,c9371e28fb720cc5,2147,200,queryById,ts-travel-service
1650502450,ts-ticketinfo-service,5c92b96cc0b4ce9c,2855d78af5d5f130,c9371e28fb720cc5,7488,200,queryForStationId,ts-travel-service
1650502450,ts-ticketinfo-service,c23f225d6fd1e59b,ea7c9e64bdcfdbb4,c9371e28fb720cc5,10114,200,queryForStationId,ts-travel-service
1650502450,ts-station-service,fd62d0998a08703a,db05386d7f3a3ed0,c9371e28fb720cc5,2312,200,queryForStationId,ts-basic-service
1650502450,ts-station-service,5de91bd441e9827d,40d058853dd27499,c9371e28fb720cc5,2099,200,queryForStationId,ts-basic-service
1650502450,ts-ticketinfo-service,590e8c54274504a,5c92b96cc0b4ce9c,c9371e28fb720cc5,5287,200,GET,ts-ticketinfo-service
1650502450,ts-travel-service,7a2314dba4d46ab,c9371e28fb720cc5,c9371e28fb720cc5,1381,200,GET,ts-travel-service
1650502450,ts-travel-service,ea7c9e64bdcfdbb4,c9371e28fb720cc5,c9371e28fb720cc5,11716,200,GET,ts-travel-service
1650502450,ts-preserve-service,5fe621c1ded57051,,5fe621c1ded57051,22490,200,preserve,no_parent
1650502450,ts-travel-service,8704b506681346ef,c9371e28fb720cc5,c9371e28fb720cc5,1344,200,GET,ts-travel-service
1650502450,ts-order-other-service,5fd3fd6aebf066a3,58971fb8c3527416,5fe621c1ded57051,3283,200,securityInfoCheck,ts-security-service
1650502450,ts-security-service,ec3d4e4eacde63a1,dd187ff36363e684,5fe621c1ded57051,4765,200,GET,ts-security-service
1650502450,ts-contacts-service,9c5209acfc7e4d4f,da690bd6695754e8,5fe621c1ded57051,2163,200,getContactsByContactsId,ts-preserve-service
1650502450,ts-order-service,1ae8daf24e2eaabe,ec3d4e4eacde63a1,5fe621c1ded57051,3390,200,securityInfoCheck,ts-security-service
1650502450,ts-preserve-service,da690bd6695754e8,5fe621c1ded57051,5fe621c1ded57051,3404,200,GET,ts-preserve-service
1650502450,ts-preserve-service,6968b462f097029d,5fe621c1ded57051,5fe621c1ded57051,15940,200,GET,ts-preserve-service
1650502450,ts-verification-code-service,f72d4b685c81e61f,c610a9270f3b5e68,4cacbbe1edeb872e,2015,200,verifyCode,ts-auth-service
1650502450,ts-auth-service,4cacbbe1edeb872e,,4cacbbe1edeb872e,113233,200,getToken,no_parent
1650502450,ts-contacts-service,aa002f4e74722651,,aa002f4e74722651,2849,200,findContactsByAccountId,no_parent
1650502450,ts-auth-service,c610a9270f3b5e68,4cacbbe1edeb872e,4cacbbe1edeb872e,3946,200,GET,ts-auth-service
1650502450,ts-travel-service,e09f6982c60cdd73,c9371e28fb720cc5,c9371e28fb720cc5,2729,200,GET,ts-travel-service
1650502450,ts-travel-service,fb7f19433dbf2b3,c9371e28fb720cc5,c9371e28fb720cc5,3909,200,GET,ts-travel-service
1650502450,ts-security-service,dd187ff36363e684,6968b462f097029d,5fe621c1ded57051,14209,200,check,ts-preserve-service
1650502450,ts-security-service,58971fb8c3527416,dd187ff36363e684,5fe621c1ded57051,4938,200,GET,ts-security-service
1650502450,ts-travel-service,2855d78af5d5f130,c9371e28fb720cc5,c9371e28fb720cc5,7866,200,GET,ts-travel-service
1650502450,ts-basic-service,a9775f57cba4c479,590e8c54274504a,c9371e28fb720cc5,4555,200,queryForStationId,ts-ticketinfo-service
1650502450,ts-ticketinfo-service,6d3754a380b176ca,c23f225d6fd1e59b,c9371e28fb720cc5,7402,200,GET,ts-ticketinfo-service
1650502450,ts-station-service,39f487ee970e46ee,d050559d0c9ce12c,538de5e4da46d49e,8040,200,queryForNameBatch,ts-order-service
1650502450,ts-route-service,e536d16fb0b1ab4d,adc234598dcf892e,c9371e28fb720cc5,2142,200,queryById,ts-travel-service
1650502450,ts-route-service,7181aa3ff4518f4b,8704b506681346ef,c9371e28fb720cc5,1198,200,queryById,ts-travel-service
1650502450,ts-route-service,efba2559a4be4162,7a2314dba4d46ab,c9371e28fb720cc5,1166,200,queryById,ts-travel-service
1650502450,ts-basic-service,22a8630e17b8e02a,6d3754a380b176ca,c9371e28fb720cc5,6263,200,queryForStationId,ts-ticketinfo-service
1650502450,ts-basic-service,40d058853dd27499,a9775f57cba4c479,c9371e28fb720cc5,2730,200,GET,ts-basic-service
1650502450,ts-basic-service,db05386d7f3a3ed0,22a8630e17b8e02a,c9371e28fb720cc5,3503,200,GET,ts-basic-service
1650502450,ts-assurance-service,85a211614d7068d3,,85a211614d7068d3,1096,200,getAllAssuranceType,no_parent
1650502450,ts-verification-code-service,68ae30951a1bdc83,,68ae30951a1bdc83,2784,200,imageCode,no_parent
1650502450,ts-order-service,d050559d0c9ce12c,538de5e4da46d49e,538de5e4da46d49e,9453,200,POST,ts-order-service
1650502450,ts-order-service,538de5e4da46d49e,,538de5e4da46d49e,12566,200,queryOrdersForRefresh,no_parent
1650502512,ts-preserve-service,212b2e5155b116ce,539d24b0e8d37f6a,539d24b0e8d37f6a,3811,200,GET,ts-preserve-service
1650502512,ts-preserve-service,539d24b0e8d37f6a,,539d24b0e8d37f6a,21100,200,preserve,no_parent
1650502512,ts-order-service,2ac1620b8d7c2b7a,,2ac1620b8d7c2b7a,12511,200,queryOrdersForRefresh,no_parent
1650502512,ts-station-service,41a2dc8dc0ed1004,50efb6f6eef01961,2ac1620b8d7c2b7a,7233,200,queryForNameBatch,ts-order-service
1650502512,ts-contacts-service,b054a7a92becc838,212b2e5155b116ce,539d24b0e8d37f6a,2583,200,getContactsByContactsId,ts-preserve-service
1650502512,ts-order-service,4cd67e6183a83c5e,dc4d845e1403f3cc,539d24b0e8d37f6a,3437,200,securityInfoCheck,ts-security-service
1650502512,ts-contacts-service,a0b4e192d0487504,,a0b4e192d0487504,2717,200,findContactsByAccountId,no_parent
1650502512,ts-order-service,50efb6f6eef01961,2ac1620b8d7c2b7a,2ac1620b8d7c2b7a,9185,200,POST,ts-order-service
1650502512,ts-preserve-service,4cc08db9f1c44b54,539d24b0e8d37f6a,539d24b0e8d37f6a,14272,200,GET,ts-preserve-service
1650502512,ts-order-other-service,ca2c7fa0e31d720d,3b6593c8b25ee74,539d24b0e8d37f6a,2705,200,securityInfoCheck,ts-security-service
1650502512,ts-security-service,dc4d845e1403f3cc,b3d278d2aed3acf4,539d24b0e8d37f6a,4399,200,GET,ts-security-service
1650502512,ts-security-service,3b6593c8b25ee74,b3d278d2aed3acf4,539d24b0e8d37f6a,4066,200,GET,ts-security-service
1650502512,ts-security-service,b3d278d2aed3acf4,4cc08db9f1c44b54,539d24b0e8d37f6a,12662,200,check,ts-preserve-service
1650502512,ts-route-service,952a805e07a3d1bf,a42401e8454f78fe,2dd0fa1bef6e0f98,1323,200,queryById,ts-travel-service
1650502512,ts-route-service,1b905ab448a31145,e03ed1973cfeaf2e,2dd0fa1bef6e0f98,2227,200,queryById,ts-travel-service
1650502512,ts-travel-service,a42401e8454f78fe,2dd0fa1bef6e0f98,2dd0fa1bef6e0f98,1549,200,GET,ts-travel-service
1650502512,ts-ticketinfo-service,8f7624018665a3c7,74e7af806c8660b7,2dd0fa1bef6e0f98,7420,200,GET,ts-ticketinfo-service
1650502512,ts-travel-service,2dd0fa1bef6e0f98,,2dd0fa1bef6e0f98,47710,200,queryInfo,no_parent
1650502512,ts-travel-service,4f361522f12e7f49,2dd0fa1bef6e0f98,2dd0fa1bef6e0f98,2455,200,GET,ts-travel-service
1650502512,ts-basic-service,d83ee5955f97a694,cbff84e2ce418454,2dd0fa1bef6e0f98,3548,200,GET,ts-basic-service
1650502512,ts-basic-service,cbff84e2ce418454,8f7624018665a3c7,2dd0fa1bef6e0f98,6363,200,queryForStationId,ts-ticketinfo-service
1650502512,ts-route-service,ce13c58597283103,85d2c0b3922c1ae6,2dd0fa1bef6e0f98,2517,200,queryById,ts-travel-service
1650502512,ts-ticketinfo-service,3dcdf2302f3f33e9,7cf8108ed7096310,2dd0fa1bef6e0f98,7625,200,queryForStationId,ts-travel-service
1650502512,ts-travel-service,85d2c0b3922c1ae6,2dd0fa1bef6e0f98,2dd0fa1bef6e0f98,2708,200,GET,ts-travel-service
1650502512,ts-route-service,f2eda832f4ad7c13,605abd97dbc6f9b9,2dd0fa1bef6e0f98,6116,200,queryById,ts-travel-service
1650502512,ts-travel-service,e03ed1973cfeaf2e,2dd0fa1bef6e0f98,2dd0fa1bef6e0f98,2943,200,GET,ts-travel-service
1650502512,ts-travel-service,cd83908d82573396,2dd0fa1bef6e0f98,2dd0fa1bef6e0f98,11385,200,GET,ts-travel-service
1650502512,ts-basic-service,ea3d829ced63e52c,b1a35b57bfdad405,2dd0fa1bef6e0f98,2534,200,GET,ts-basic-service
1650502512,ts-basic-service,b1a35b57bfdad405,8317000fd41d87c9,2dd0fa1bef6e0f98,4907,200,queryForStationId,ts-ticketinfo-service
1650502512,ts-ticketinfo-service,74e7af806c8660b7,cd83908d82573396,2dd0fa1bef6e0f98,9727,200,queryForStationId,ts-travel-service
1650502512,ts-ticketinfo-service,8317000fd41d87c9,3dcdf2302f3f33e9,2dd0fa1bef6e0f98,5521,200,GET,ts-ticketinfo-service
1650502512,ts-assurance-service,fb03586b70176313,,fb03586b70176313,1554,200,getAllAssuranceType,no_parent
1650502512,ts-travel-service,605abd97dbc6f9b9,2dd0fa1bef6e0f98,2dd0fa1bef6e0f98,7804,200,GET,ts-travel-service
1650502512,ts-station-service,dd8ed89f938714f7,ea3d829ced63e52c,2dd0fa1bef6e0f98,1801,200,queryForStationId,ts-basic-service
1650502512,ts-station-service,d2920b168cb82c05,d83ee5955f97a694,2dd0fa1bef6e0f98,2394,200,queryForStationId,ts-basic-service
1650502512,ts-travel-service,7cf8108ed7096310,2dd0fa1bef6e0f98,2dd0fa1bef6e0f98,8013,200,GET,ts-travel-service
1650502512,ts-route-service,652d1a783b84e43d,4f361522f12e7f49,2dd0fa1bef6e0f98,2250,200,queryById,ts-travel-service
1650502512,ts-verification-code-service,d6f35e0c6e69d00e,62777dbe76c6d28f,9efd088efe9bc2e3,2072,200,verifyCode,ts-auth-service
1650502512,ts-auth-service,62777dbe76c6d28f,9efd088efe9bc2e3,9efd088efe9bc2e3,3680,200,GET,ts-auth-service
1650502512,ts-auth-service,9efd088efe9bc2e3,,9efd088efe9bc2e3,109341,200,getToken,no_parent
1650502512,ts-verification-code-service,98a49b0856acf0e5,,98a49b0856acf0e5,2654,200,imageCode,no_parent
1650502573,ts-verification-code-service,de53c15e2ca873bf,,de53c15e2ca873bf,2744,200,imageCode,no_parent
1650502573,ts-travel-service,23ffdf2ab350ec16,7031d39d6cf7afc9,7031d39d6cf7afc9,8560,200,GET,ts-travel-service
1650502573,ts-basic-service,49a74be5ca3d92f9,c980f6809dd3b243,7031d39d6cf7afc9,5147,200,queryForStationId,ts-ticketinfo-service
1650502573,ts-auth-service,61a760d564cc2390,b8c9474d78f1f7e8,b8c9474d78f1f7e8,3452,200,GET,ts-auth-service
1650502573,ts-auth-service,b8c9474d78f1f7e8,,b8c9474d78f1f7e8,116752,200,getToken,no_parent
1650502573,ts-verification-code-service,553be51b76d8f042,61a760d564cc2390,b8c9474d78f1f7e8,1705,200,verifyCode,ts-auth-service
1650502573,ts-ticketinfo-service,c980f6809dd3b243,6fd1621c407e9e42,7031d39d6cf7afc9,5831,200,GET,ts-ticketinfo-service
1650502573,ts-ticketinfo-service,6fd1621c407e9e42,23ffdf2ab350ec16,7031d39d6cf7afc9,8008,200,queryForStationId,ts-travel-service
1650502573,ts-station-service,ecd4dd62b1c04035,1b3658ce199cde2d,7031d39d6cf7afc9,2283,200,queryForStationId,ts-basic-service
1650502573,ts-travel-service,f43388425b642528,7031d39d6cf7afc9,7031d39d6cf7afc9,2525,200,GET,ts-travel-service
1650502573,ts-travel-service,12026210372ca8d7,7031d39d6cf7afc9,7031d39d6cf7afc9,4056,200,GET,ts-travel-service
1650502573,ts-travel-service,6f8fa24336d88968,7031d39d6cf7afc9,7031d39d6cf7afc9,2295,200,GET,ts-travel-service
1650502573,ts-travel-service,afcb5c8aa3fc14ca,7031d39d6cf7afc9,7031d39d6cf7afc9,1879,200,GET,ts-travel-service
1650502573,ts-travel-service,7031d39d6cf7afc9,,7031d39d6cf7afc9,44079,200,queryInfo,no_parent
1650502573,ts-ticketinfo-service,9e1763ce60b3740b,a537fd7a2949fc44,7031d39d6cf7afc9,9846,200,queryForStationId,ts-travel-service
1650502573,ts-route-service,65f80c7938f9ce8d,f43388425b642528,7031d39d6cf7afc9,1982,200,queryById,ts-travel-service
1650502573,ts-ticketinfo-service,94b3cba00490bf7a,9e1763ce60b3740b,7031d39d6cf7afc9,7419,200,GET,ts-ticketinfo-service
1650502573,ts-route-service,9462ab9b986142a2,6f8fa24336d88968,7031d39d6cf7afc9,2184,200,queryById,ts-travel-service
1650502573,ts-contacts-service,20b043cd6c24f10d,12c175e475bde024,b6119672f0231c48,2168,200,getContactsByContactsId,ts-preserve-service
1650502573,ts-order-service,53e17becb3930622,d6a0341ab7024d45,b6119672f0231c48,3414,200,securityInfoCheck,ts-security-service
1650502573,ts-preserve-service,12c175e475bde024,b6119672f0231c48,b6119672f0231c48,3119,200,GET,ts-preserve-service
1650502573,ts-preserve-service,b6119672f0231c48,,b6119672f0231c48,22330,200,preserve,no_parent
1650502573,ts-preserve-service,4ee1faccd74770bb,b6119672f0231c48,b6119672f0231c48,16209,200,GET,ts-preserve-service
1650502573,ts-order-other-service,6bec0c9c0510cf77,cdec31e7cda12401,b6119672f0231c48,3069,200,securityInfoCheck,ts-security-service
1650502573,ts-station-service,757669a754841c8a,f8ee90bd2f00062f,7031d39d6cf7afc9,2091,200,queryForStationId,ts-basic-service
1650502573,ts-contacts-service,a41fe3a4f1767c39,,a41fe3a4f1767c39,2951,200,findContactsByAccountId,no_parent
1650502573,ts-basic-service,6003b9e20d737e14,94b3cba00490bf7a,7031d39d6cf7afc9,6353,200,queryForStationId,ts-ticketinfo-service
1650502573,ts-basic-service,f8ee90bd2f00062f,49a74be5ca3d92f9,7031d39d6cf7afc9,2820,200,GET,ts-basic-service
1650502573,ts-travel-service,1f609f45d6bec7ce,7031d39d6cf7afc9,7031d39d6cf7afc9,1729,200,GET,ts-travel-service
1650502573,ts-route-service,f5501335f9f47308,afcb5c8aa3fc14ca,7031d39d6cf7afc9,1654,200,queryById,ts-travel-service
1650502573,ts-basic-service,1b3658ce199cde2d,6003b9e20d737e14,7031d39d6cf7afc9,3514,200,GET,ts-basic-service
1650502573,ts-security-service,d6a0341ab7024d45,5e42ed8768a1e6e4,b6119672f0231c48,4979,200,GET,ts-security-service
1650502573,ts-security-service,5e42ed8768a1e6e4,4ee1faccd74770bb,b6119672f0231c48,14128,200,check,ts-preserve-service
1650502573,ts-security-service,cdec31e7cda12401,5e42ed8768a1e6e4,b6119672f0231c48,4342,200,GET,ts-security-service
1650502573,ts-route-service,f8a01f059059c3c4,1f609f45d6bec7ce,7031d39d6cf7afc9,1525,200,queryById,ts-travel-service
1650502573,ts-order-service,39b96f7b93e51cbc,,39b96f7b93e51cbc,12590,200,queryOrdersForRefresh,no_parent
1650502573,ts-station-service,be22a8b13a4a45bf,9b928f1eb77e66b4,39b96f7b93e51cbc,7883,200,queryForNameBatch,ts-order-service
1650502573,ts-order-service,9b928f1eb77e66b4,39b96f7b93e51cbc,39b96f7b93e51cbc,9362,200,POST,ts-order-service
1650502573,ts-travel-service,a537fd7a2949fc44,7031d39d6cf7afc9,7031d39d6cf7afc9,11798,200,GET,ts-travel-service
1650502573,ts-route-service,54a1b18d801f42ab,12026210372ca8d7,7031d39d6cf7afc9,2609,200,queryById,ts-travel-service
1650502573,ts-assurance-service,8bdd584e7b082097,,8bdd584e7b082097,1599,200,getAllAssuranceType,no_parent
1650502634,ts-preserve-service,4a597d3a23beef93,,4a597d3a23beef93,22220,200,preserve,no_parent
1650502634,ts-preserve-service,af89de2227e9ddaf,4a597d3a23beef93,4a597d3a23beef93,15668,200,GET,ts-preserve-service
1650502634,ts-travel-service,aafc944827d2d6a2,a1239340f735ddcc,a1239340f735ddcc,6865,200,GET,ts-travel-service
1650502634,ts-travel-service,655f2d6ebe1edfa9,a1239340f735ddcc,a1239340f735ddcc,3956,200,GET,ts-travel-service
1650502634,ts-travel-service,bddf4060154f3eff,a1239340f735ddcc,a1239340f735ddcc,11406,200,GET,ts-travel-service
1650502634,ts-verification-code-service,380dd0532784847e,,380dd0532784847e,3369,200,imageCode,no_parent
1650502634,ts-auth-service,d38deb60976b7bd4,7a88f12e7b3b2eda,7a88f12e7b3b2eda,3554,200,GET,ts-auth-service
1650502634,ts-verification-code-service,4fa2fb175cb115c4,d38deb60976b7bd4,7a88f12e7b3b2eda,1789,200,verifyCode,ts-auth-service
1650502634,ts-auth-service,7a88f12e7b3b2eda,,7a88f12e7b3b2eda,112054,200,getToken,no_parent
1650502634,ts-route-service,b3cce6e65e34cac9,54456f1c5504203,a1239340f735ddcc,2208,200,queryById,ts-travel-service
1650502634,ts-basic-service,bf081243dfd5860f,2c2c1195d78d187c,a1239340f735ddcc,6256,200,queryForStationId,ts-ticketinfo-service
1650502634,ts-basic-service,f97359c530a30eb,48ab050a496d2c06,a1239340f735ddcc,2881,200,GET,ts-basic-service
1650502634,ts-contacts-service,4c701211e35937d9,,4c701211e35937d9,3139,200,findContactsByAccountId,no_parent
1650502634,ts-order-service,5861782ae17495dd,b84ab61ef3ca5c54,4a597d3a23beef93,3477,200,securityInfoCheck,ts-security-service
1650502634,ts-preserve-service,dfc30b3244482a0f,4a597d3a23beef93,4a597d3a23beef93,3523,200,GET,ts-preserve-service
1650502634,ts-order-other-service,5f514d28d31eca52,84caf979485c5,4a597d3a23beef93,3154,200,securityInfoCheck,ts-security-service
1650502634,ts-security-service,b84ab61ef3ca5c54,412f713908afb97e,4a597d3a23beef93,4861,200,GET,ts-security-service
1650502634,ts-travel-service,f91258006d4f1d8,a1239340f735ddcc,a1239340f735ddcc,8586,200,GET,ts-travel-service
1650502634,ts-travel-service,4511df6b1f701463,a1239340f735ddcc,a1239340f735ddcc,3717,200,GET,ts-travel-service
1650502634,ts-contacts-service,3eda012792d841d6,dfc30b3244482a0f,4a597d3a23beef93,2337,200,getContactsByContactsId,ts-preserve-service
1650502634,ts-station-service,336e1d4a88d0c5a1,493c341aeed25189,a1239340f735ddcc,2283,200,queryForStationId,ts-basic-service
1650502634,ts-basic-service,493c341aeed25189,bf081243dfd5860f,a1239340f735ddcc,3420,200,GET,ts-basic-service
1650502634,ts-route-service,b7c23d6915cdea7c,4511df6b1f701463,a1239340f735ddcc,3463,200,queryById,ts-travel-service
1650502634,ts-travel-service,a1239340f735ddcc,,a1239340f735ddcc,50104,200,queryInfo,no_parent
1650502634,ts-security-service,84caf979485c5,412f713908afb97e,4a597d3a23beef93,4528,200,GET,ts-security-service
1650502634,ts-security-service,412f713908afb97e,af89de2227e9ddaf,4a597d3a23beef93,14063,200,check,ts-preserve-service
1650502634,ts-ticketinfo-service,804d77437cb75738,6d0411bf9637162a,a1239340f735ddcc,5964,200,GET,ts-ticketinfo-service
1650502634,ts-ticketinfo-service,b3427ca4875252ec,bddf4060154f3eff,a1239340f735ddcc,9891,200,queryForStationId,ts-travel-service
1650502634,ts-travel-service,1e2d31c1213911fd,a1239340f735ddcc,a1239340f735ddcc,2661,200,GET,ts-travel-service
1650502634,ts-route-service,615900aec7cfd98c,655f2d6ebe1edfa9,a1239340f735ddcc,2643,200,queryById,ts-travel-service
1650502634,ts-route-service,5718d75ab2bb4ed0,aafc944827d2d6a2,a1239340f735ddcc,7082,200,queryById,ts-travel-service
1650502634,ts-ticketinfo-service,2c2c1195d78d187c,b3427ca4875252ec,a1239340f735ddcc,7462,200,GET,ts-ticketinfo-service
1650502634,ts-travel-service,54456f1c5504203,a1239340f735ddcc,a1239340f735ddcc,2479,200,GET,ts-travel-service
1650502634,ts-route-service,8fc1614a793a24db,1e2d31c1213911fd,a1239340f735ddcc,2534,200,queryById,ts-travel-service
1650502634,ts-station-service,2e487960cd582487,f97359c530a30eb,a1239340f735ddcc,2171,200,queryForStationId,ts-basic-service
1650502634,ts-order-service,3ddcf3181b57f697,,3ddcf3181b57f697,11632,200,queryOrdersForRefresh,no_parent
1650502634,ts-ticketinfo-service,6d0411bf9637162a,f91258006d4f1d8,a1239340f735ddcc,8135,200,queryForStationId,ts-travel-service
1650502634,ts-basic-service,48ab050a496d2c06,804d77437cb75738,a1239340f735ddcc,5292,200,queryForStationId,ts-ticketinfo-service
1650502634,ts-order-service,c2ede224f43a780f,3ddcf3181b57f697,3ddcf3181b57f697,8663,200,POST,ts-order-service
1650502634,ts-station-service,9174018ca12a6a1f,c2ede224f43a780f,3ddcf3181b57f697,7153,200,queryForNameBatch,ts-order-service
1650502634,ts-assurance-service,da72b5c5b72692b9,,da72b5c5b72692b9,1610,200,getAllAssuranceType,no_parent
1650502694,ts-security-service,41e2649b8e7751b5,e352ec91aec50e33,310ae84bbc6c0673,4748,200,GET,ts-security-service
1650502694,ts-security-service,224fe46097e46237,e352ec91aec50e33,310ae84bbc6c0673,6049,200,GET,ts-security-service
1650502694,ts-preserve-service,e6072e8cc3159e8c,310ae84bbc6c0673,310ae84bbc6c0673,17133,200,GET,ts-preserve-service
1650502694,ts-verification-code-service,f2b580db7317c2fd,5ae37cb1a31bbf0c,12aa4e2318a674c0,1700,200,verifyCode,ts-auth-service
1650502694,ts-auth-service,5ae37cb1a31bbf0c,12aa4e2318a674c0,12aa4e2318a674c0,3466,200,GET,ts-auth-service
1650502694,ts-order-other-service,bfaa98ae8cbf12db,224fe46097e46237,310ae84bbc6c0673,4634,200,securityInfoCheck,ts-security-service
1650502694,ts-preserve-service,310ae84bbc6c0673,,310ae84bbc6c0673,23977,200,preserve,no_parent
1650502694,ts-preserve-service,f3d396d5d3c858bc,310ae84bbc6c0673,310ae84bbc6c0673,3694,200,GET,ts-preserve-service
1650502694,ts-security-service,e352ec91aec50e33,e6072e8cc3159e8c,310ae84bbc6c0673,15596,200,check,ts-preserve-service
1650502694,ts-contacts-service,190bde47185a4dfb,,190bde47185a4dfb,3067,200,findContactsByAccountId,no_parent
1650502694,ts-contacts-service,95d1b32e2101bdf9,f3d396d5d3c858bc,310ae84bbc6c0673,2532,200,getContactsByContactsId,ts-preserve-service
1650502694,ts-order-service,d65d8ea8fd0f827d,41e2649b8e7751b5,310ae84bbc6c0673,3367,200,securityInfoCheck,ts-security-service
1650502694,ts-auth-service,12aa4e2318a674c0,,12aa4e2318a674c0,115634,200,getToken,no_parent
1650502694,ts-station-service,6f9bc9f4e573063f,a42c101aada7cd47,bb126cf5dcf74c65,8096,200,queryForNameBatch,ts-order-service
1650502694,ts-order-service,a42c101aada7cd47,bb126cf5dcf74c65,bb126cf5dcf74c65,9610,200,POST,ts-order-service
1650502694,ts-verification-code-service,5dd0c72ac67caa87,,5dd0c72ac67caa87,2680,200,imageCode,no_parent
1650502694,ts-order-service,bb126cf5dcf74c65,,bb126cf5dcf74c65,12846,200,queryOrdersForRefresh,no_parent
1650502695,ts-ticketinfo-service,1177bd84e8b7341a,d093f0db61b91111,95b7e70a3264befc,5944,200,GET,ts-ticketinfo-service
1650502695,ts-ticketinfo-service,d093f0db61b91111,b20bf010a78a84ad,95b7e70a3264befc,7927,200,queryForStationId,ts-travel-service
1650502695,ts-ticketinfo-service,565ea3971069b978,a2071c57313266b4,95b7e70a3264befc,7273,200,GET,ts-ticketinfo-service
1650502695,ts-basic-service,e0d0f99954eb3f40,64b5d4ad2c84c079,95b7e70a3264befc,2805,200,GET,ts-basic-service
1650502695,ts-basic-service,1e2febfa2dedb9d9,565ea3971069b978,95b7e70a3264befc,6257,200,queryForStationId,ts-ticketinfo-service
1650502695,ts-station-service,d179f57054797628,8c74525dac656a56,95b7e70a3264befc,2467,200,queryForStationId,ts-basic-service
1650502695,ts-route-service,81a51ddbdb8c28af,d7295e0b79865b29,95b7e70a3264befc,2500,200,queryById,ts-travel-service
1650502695,ts-basic-service,8c74525dac656a56,1e2febfa2dedb9d9,95b7e70a3264befc,3633,200,GET,ts-basic-service
1650502695,ts-station-service,6e070b791474b201,e0d0f99954eb3f40,95b7e70a3264befc,2080,200,queryForStationId,ts-basic-service
1650502695,ts-travel-service,d7295e0b79865b29,95b7e70a3264befc,95b7e70a3264befc,2638,200,GET,ts-travel-service
1650502695,ts-travel-service,65de4baa1d4971f0,95b7e70a3264befc,95b7e70a3264befc,3077,200,GET,ts-travel-service
1650502695,ts-route-service,1a64c1f1aedcd043,7165d9057aab8150,95b7e70a3264befc,2478,200,queryById,ts-travel-service
1650502695,ts-basic-service,64b5d4ad2c84c079,1177bd84e8b7341a,95b7e70a3264befc,5113,200,queryForStationId,ts-ticketinfo-service
1650502695,ts-ticketinfo-service,a2071c57313266b4,dd290e0c0b16eb90,95b7e70a3264befc,9770,200,queryForStationId,ts-travel-service
1650502695,ts-assurance-service,37f37adf47b066c,,37f37adf47b066c,1621,200,getAllAssuranceType,no_parent
1650502695,ts-route-service,f923788a8218fa61,a4beafb6c6e19863,95b7e70a3264befc,3008,200,queryById,ts-travel-service
1650502695,ts-travel-service,b20bf010a78a84ad,95b7e70a3264befc,95b7e70a3264befc,8463,200,GET,ts-travel-service
1650502695,ts-travel-service,7165d9057aab8150,95b7e70a3264befc,95b7e70a3264befc,2585,200,GET,ts-travel-service
1650502695,ts-travel-service,a4beafb6c6e19863,95b7e70a3264befc,95b7e70a3264befc,4523,200,GET,ts-travel-service
1650502695,ts-travel-service,95b7e70a3264befc,,95b7e70a3264befc,46305,200,queryInfo,no_parent
1650502695,ts-travel-service,ce378a733e446df,95b7e70a3264befc,95b7e70a3264befc,2778,200,GET,ts-travel-service
1650502695,ts-route-service,4f16acd871621b59,65de4baa1d4971f0,95b7e70a3264befc,2527,200,queryById,ts-travel-service
1650502695,ts-route-service,bd274f05b5c8bac4,ce378a733e446df,95b7e70a3264befc,2636,200,queryById,ts-travel-service
1650502695,ts-travel-service,dd290e0c0b16eb90,95b7e70a3264befc,95b7e70a3264befc,11418,200,GET,ts-travel-service
1650502755,ts-travel-service,2a99d22f57be80af,,2a99d22f57be80af,42422,200,queryInfo,no_parent
1650502755,ts-route-service,47f9e3ad8094a741,eed1eb9d8f1f9bb0,2a99d22f57be80af,2272,200,queryById,ts-travel-service
1650502755,ts-ticketinfo-service,404565e9502d51bd,96db283f01ec1953,2a99d22f57be80af,7167,200,GET,ts-ticketinfo-service
1650502755,ts-ticketinfo-service,18a4df2ac820919a,923eda1eb3b56153,2a99d22f57be80af,5856,200,GET,ts-ticketinfo-service
1650502755,ts-route-service,bbdefc92d56b245,83afb75dff977a2f,2a99d22f57be80af,2962,200,queryById,ts-travel-service
1650502755,ts-route-service,1eb3d2204e9f817,70a1c65cf7da8acc,2a99d22f57be80af,1628,200,queryById,ts-travel-service
1650502755,ts-travel-service,570de22a4d8c0d50,2a99d22f57be80af,2a99d22f57be80af,8464,200,GET,ts-travel-service
1650502755,ts-travel-service,d89297f999b29833,2a99d22f57be80af,2a99d22f57be80af,11141,200,GET,ts-travel-service
1650502755,ts-travel-service,eed1eb9d8f1f9bb0,2a99d22f57be80af,2a99d22f57be80af,2812,200,GET,ts-travel-service
1650502755,ts-station-service,122f94741fc0c3a,e0d32860177613b2,2a99d22f57be80af,2201,200,queryForStationId,ts-basic-service
1650502755,ts-station-service,1884111f6a221399,71633e7a870c7fce,2a99d22f57be80af,2083,200,queryForStationId,ts-basic-service
1650502755,ts-route-service,976fdf27c0e97183,2caa9366dda74426,2a99d22f57be80af,1665,200,queryById,ts-travel-service
1650502755,ts-security-service,148aa206b651e5bc,601e94aa1a4d59e4,e3f5ad8158fca1d8,14424,200,check,ts-preserve-service
1650502755,ts-security-service,f333e4a4bbaf6ec7,148aa206b651e5bc,e3f5ad8158fca1d8,4991,200,GET,ts-security-service
1650502755,ts-travel-service,83afb75dff977a2f,2a99d22f57be80af,2a99d22f57be80af,4237,200,GET,ts-travel-service
1650502755,ts-ticketinfo-service,923eda1eb3b56153,570de22a4d8c0d50,2a99d22f57be80af,7951,200,queryForStationId,ts-travel-service
1650502755,ts-ticketinfo-service,96db283f01ec1953,d89297f999b29833,2a99d22f57be80af,9549,200,queryForStationId,ts-travel-service
1650502755,ts-travel-service,2caa9366dda74426,2a99d22f57be80af,2a99d22f57be80af,1910,200,GET,ts-travel-service
1650502755,ts-travel-service,d466a3e4f6d5b079,2a99d22f57be80af,2a99d22f57be80af,2548,200,GET,ts-travel-service
1650502755,ts-route-service,f404cc3ca9d44f0a,d466a3e4f6d5b079,2a99d22f57be80af,2477,200,queryById,ts-travel-service
1650502755,ts-basic-service,71633e7a870c7fce,1828cb0f93c4b929,2a99d22f57be80af,2771,200,GET,ts-basic-service
1650502755,ts-basic-service,619386119a0b89a8,404565e9502d51bd,2a99d22f57be80af,6038,200,queryForStationId,ts-ticketinfo-service
1650502755,ts-travel-service,70a1c65cf7da8acc,2a99d22f57be80af,2a99d22f57be80af,1816,200,GET,ts-travel-service
1650502755,ts-preserve-service,601e94aa1a4d59e4,e3f5ad8158fca1d8,e3f5ad8158fca1d8,16173,200,GET,ts-preserve-service
1650502755,ts-preserve-service,71c3345dfa2a83d7,e3f5ad8158fca1d8,e3f5ad8158fca1d8,3746,200,GET,ts-preserve-service
1650502755,ts-preserve-service,e3f5ad8158fca1d8,,e3f5ad8158fca1d8,23163,200,preserve,no_parent
1650502755,ts-order-service,87a9a177dd63e706,f333e4a4bbaf6ec7,e3f5ad8158fca1d8,3523,200,securityInfoCheck,ts-security-service
1650502755,ts-basic-service,e0d32860177613b2,619386119a0b89a8,2a99d22f57be80af,3292,200,GET,ts-basic-service
1650502755,ts-auth-service,33fd19fae580eecf,,33fd19fae580eecf,114096,200,getToken,no_parent
1650502755,ts-order-service,180f58c4494e49cc,b098346e7029968b,b098346e7029968b,9178,200,POST,ts-order-service
1650502755,ts-order-service,b098346e7029968b,,b098346e7029968b,12023,200,queryOrdersForRefresh,no_parent
1650502755,ts-basic-service,1828cb0f93c4b929,18a4df2ac820919a,2a99d22f57be80af,5102,200,queryForStationId,ts-ticketinfo-service
1650502755,ts-station-service,95a78b7726c28cd8,180f58c4494e49cc,b098346e7029968b,7651,200,queryForNameBatch,ts-order-service
1650502755,ts-auth-service,cd2226f23095f0de,33fd19fae580eecf,33fd19fae580eecf,3821,200,GET,ts-auth-service
1650502755,ts-order-other-service,84e9ee6bcb27824b,68a48d450b6c8cf3,e3f5ad8158fca1d8,3268,200,securityInfoCheck,ts-security-service
1650502755,ts-security-service,68a48d450b6c8cf3,148aa206b651e5bc,e3f5ad8158fca1d8,4905,200,GET,ts-security-service
1650502755,ts-contacts-service,ef5919078a768332,71c3345dfa2a83d7,e3f5ad8158fca1d8,2411,200,getContactsByContactsId,ts-preserve-service
1650502755,ts-assurance-service,75c2fca9bd5f1b89,,75c2fca9bd5f1b89,1331,200,getAllAssuranceType,no_parent
1650502755,ts-contacts-service,aaab04fb9303322c,,aaab04fb9303322c,2854,200,findContactsByAccountId,no_parent
1650502755,ts-verification-code-service,beceb301281f13d3,,beceb301281f13d3,2688,200,imageCode,no_parent
1650502755,ts-verification-code-service,989fcaca975fd117,cd2226f23095f0de,33fd19fae580eecf,2078,200,verifyCode,ts-auth-service
1650502815,ts-travel-service,5d2044425fc7cdf,811049132b3279c4,811049132b3279c4,11232,200,GET,ts-travel-service
1650502815,ts-travel-service,78ad98c9f77fc0b6,811049132b3279c4,811049132b3279c4,8256,200,GET,ts-travel-service
1650502815,ts-route-service,bc84a4140347ef39,ba58773b49af1c56,811049132b3279c4,2463,200,queryById,ts-travel-service
1650502815,ts-travel-service,346772cd0ffe60,811049132b3279c4,811049132b3279c4,15266,200,GET,ts-travel-service
1650502815,ts-basic-service,1751511facb13cd7,facec958f01b4764,811049132b3279c4,4968,200,queryForStationId,ts-ticketinfo-service
1650502815,ts-travel-service,1d8c3092e94907f9,811049132b3279c4,811049132b3279c4,2480,200,GET,ts-travel-service
1650502815,ts-travel-service,ba58773b49af1c56,811049132b3279c4,811049132b3279c4,2523,200,GET,ts-travel-service
1650502815,ts-travel-service,be9926f72b8b3cfd,811049132b3279c4,811049132b3279c4,2717,200,GET,ts-travel-service
1650502815,ts-basic-service,f58d367c1abff516,1751511facb13cd7,811049132b3279c4,2799,200,GET,ts-basic-service
1650502815,ts-basic-service,ae6f4f9462a543a,42d3bcdacc2f8f41,811049132b3279c4,5984,200,queryForStationId,ts-ticketinfo-service
1650502815,ts-ticketinfo-service,42d3bcdacc2f8f41,cc52337b7de28e2c,811049132b3279c4,7189,200,GET,ts-ticketinfo-service
1650502815,ts-ticketinfo-service,cc52337b7de28e2c,5d2044425fc7cdf,811049132b3279c4,9626,200,queryForStationId,ts-travel-service
1650502815,ts-ticketinfo-service,facec958f01b4764,ddfbd1b3430f928f,811049132b3279c4,5713,200,GET,ts-ticketinfo-service
1650502815,ts-ticketinfo-service,ddfbd1b3430f928f,78ad98c9f77fc0b6,811049132b3279c4,7878,200,queryForStationId,ts-travel-service
1650502815,ts-travel-service,817e625a3038049c,811049132b3279c4,811049132b3279c4,2336,200,GET,ts-travel-service
1650502815,ts-route-service,2697fc9d3d49edc3,be9926f72b8b3cfd,811049132b3279c4,2478,200,queryById,ts-travel-service
1650502815,ts-station-service,9499815e016e3c84,f58d367c1abff516,811049132b3279c4,2129,200,queryForStationId,ts-basic-service
1650502815,ts-route-service,3b0f25538fca108c,817e625a3038049c,811049132b3279c4,2291,200,queryById,ts-travel-service
1650502815,ts-route-service,dd33027eb256da0b,1d8c3092e94907f9,811049132b3279c4,2435,200,queryById,ts-travel-service
1650502815,ts-contacts-service,d1a459e730d44d5,50e360ced7591849,caf90d916556693d,2506,200,getContactsByContactsId,ts-preserve-service
1650502815,ts-security-service,713313af4630734,8a6a5bae73720322,caf90d916556693d,4974,200,GET,ts-security-service
1650502815,ts-contacts-service,4d70acf8239110b8,,4d70acf8239110b8,2978,200,findContactsByAccountId,no_parent
1650502815,ts-order-service,765a52de70ede611,713313af4630734,caf90d916556693d,3584,200,securityInfoCheck,ts-security-service
1650502815,ts-preserve-service,e90928da28f8bf73,caf90d916556693d,caf90d916556693d,15685,200,GET,ts-preserve-service
1650502815,ts-preserve-service,50e360ced7591849,caf90d916556693d,caf90d916556693d,3764,200,GET,ts-preserve-service
1650502815,ts-verification-code-service,f9dcc9d1605be908,4682e8a6ab79fe62,48fdee5346d956b7,1788,200,verifyCode,ts-auth-service
1650502815,ts-auth-service,48fdee5346d956b7,,48fdee5346d956b7,108070,200,getToken,no_parent
1650502815,ts-auth-service,4682e8a6ab79fe62,48fdee5346d956b7,48fdee5346d956b7,3414,200,GET,ts-auth-service
1650502815,ts-travel-service,811049132b3279c4,,811049132b3279c4,53598,200,queryInfo,no_parent
1650502815,ts-order-other-service,5be8f70591b36771,6703fba597464cee,caf90d916556693d,3286,200,securityInfoCheck,ts-security-service
1650502815,ts-security-service,6703fba597464cee,8a6a5bae73720322,caf90d916556693d,4515,200,GET,ts-security-service
1650502815,ts-security-service,8a6a5bae73720322,e90928da28f8bf73,caf90d916556693d,14044,200,check,ts-preserve-service
1650502815,ts-order-service,c6612fd3967e29b4,289e0dd09238954c,289e0dd09238954c,9299,200,POST,ts-order-service
1650502815,ts-order-service,289e0dd09238954c,,289e0dd09238954c,12603,200,queryOrdersForRefresh,no_parent
1650502815,ts-station-service,2a82a58f25784aeb,c6612fd3967e29b4,289e0dd09238954c,7820,200,queryForNameBatch,ts-order-service
1650502815,ts-preserve-service,caf90d916556693d,,caf90d916556693d,22600,200,preserve,no_parent
1650502815,ts-basic-service,f3d11203999e26a9,ae6f4f9462a543a,811049132b3279c4,3526,200,GET,ts-basic-service
1650502815,ts-station-service,17e8a2501406f3f,f3d11203999e26a9,811049132b3279c4,2351,200,queryForStationId,ts-basic-service
1650502815,ts-assurance-service,a53d887dfaff6de3,,a53d887dfaff6de3,1610,200,getAllAssuranceType,no_parent
1650502815,ts-verification-code-service,2e5f3e818c4bfe84,,2e5f3e818c4bfe84,2797,200,imageCode,no_parent
1650502815,ts-route-service,399772dfd66aef39,346772cd0ffe60,811049132b3279c4,14054,200,queryById,ts-travel-service
1650502875,ts-travel-service,8136a8f7a8d0c373,d82d5c0e8769ad03,d82d5c0e8769ad03,11513,200,GET,ts-travel-service
1650502875,ts-security-service,ca959c08c89462fc,9f8e3d22008fe413,736a1e0722d15a6c,13926,200,check,ts-preserve-service
1650502875,ts-security-service,261bdb5c1d66871d,ca959c08c89462fc,736a1e0722d15a6c,4913,200,GET,ts-security-service
1650502875,ts-ticketinfo-service,4dcc474a191dc790,28bb77e6150a1e70,d82d5c0e8769ad03,7404,200,GET,ts-ticketinfo-service
1650502875,ts-ticketinfo-service,63362f5b7a4b9c5e,869d70205e61786f,d82d5c0e8769ad03,5716,200,GET,ts-ticketinfo-service
1650502875,ts-station-service,68598002337f967b,3fa78a200f24976,d82d5c0e8769ad03,2100,200,queryForStationId,ts-basic-service
1650502875,ts-station-service,d9f0dfe98796235e,f4309f5709b4c309,d82d5c0e8769ad03,2269,200,queryForStationId,ts-basic-service
1650502875,ts-ticketinfo-service,28bb77e6150a1e70,8136a8f7a8d0c373,d82d5c0e8769ad03,9789,200,queryForStationId,ts-travel-service
1650502875,ts-ticketinfo-service,869d70205e61786f,ce6c715e0621c572,d82d5c0e8769ad03,7731,200,queryForStationId,ts-travel-service
1650502875,ts-order-service,b80237d633232168,261bdb5c1d66871d,736a1e0722d15a6c,3667,200,securityInfoCheck,ts-security-service
1650502875,ts-basic-service,3fa78a200f24976,473618494602426b,d82d5c0e8769ad03,2732,200,GET,ts-basic-service
1650502875,ts-contacts-service,7f6c8d884aa697bb,885cafd44cac88ec,736a1e0722d15a6c,2257,200,getContactsByContactsId,ts-preserve-service
1650502875,ts-security-service,bd4585d5188083fb,ca959c08c89462fc,736a1e0722d15a6c,4504,200,GET,ts-security-service
1650502875,ts-preserve-service,885cafd44cac88ec,736a1e0722d15a6c,736a1e0722d15a6c,3473,200,GET,ts-preserve-service
1650502875,ts-preserve-service,9f8e3d22008fe413,736a1e0722d15a6c,736a1e0722d15a6c,15525,200,GET,ts-preserve-service
1650502875,ts-basic-service,f4309f5709b4c309,ef675e3c70709b83,d82d5c0e8769ad03,3467,200,GET,ts-basic-service
1650502875,ts-travel-service,53f1a47b87e13a85,d82d5c0e8769ad03,d82d5c0e8769ad03,4170,200,GET,ts-travel-service
1650502875,ts-basic-service,ef675e3c70709b83,4dcc474a191dc790,d82d5c0e8769ad03,6207,200,queryForStationId,ts-ticketinfo-service
1650502875,ts-travel-service,ce6c715e0621c572,d82d5c0e8769ad03,d82d5c0e8769ad03,8194,200,GET,ts-travel-service
1650502875,ts-preserve-service,736a1e0722d15a6c,,736a1e0722d15a6c,22022,200,preserve,no_parent
1650502875,ts-travel-service,d82d5c0e8769ad03,,d82d5c0e8769ad03,41699,200,queryInfo,no_parent
1650502875,ts-order-service,3fd47c76589d6bc5,ae7b5261d08512db,ae7b5261d08512db,9297,200,POST,ts-order-service
1650502875,ts-basic-service,473618494602426b,63362f5b7a4b9c5e,d82d5c0e8769ad03,5007,200,queryForStationId,ts-ticketinfo-service
1650502875,ts-verification-code-service,6c8073f9ef2bc586,,6c8073f9ef2bc586,2845,200,imageCode,no_parent
1650502875,ts-verification-code-service,b4a11180dcdcc1ff,fdf4cf7cb56ae43c,16cc962521550256,1877,200,verifyCode,ts-auth-service
1650502875,ts-auth-service,fdf4cf7cb56ae43c,16cc962521550256,16cc962521550256,3665,200,GET,ts-auth-service
1650502875,ts-auth-service,16cc962521550256,,16cc962521550256,116419,200,getToken,no_parent
1650502875,ts-order-other-service,f168be1e02bea50b,bd4585d5188083fb,736a1e0722d15a6c,3123,200,securityInfoCheck,ts-security-service
1650502875,ts-station-service,7c410b8c7a7b0611,3fd47c76589d6bc5,ae7b5261d08512db,7784,200,queryForNameBatch,ts-order-service
1650502875,ts-order-service,ae7b5261d08512db,,ae7b5261d08512db,12444,200,queryOrdersForRefresh,no_parent
1650502875,ts-contacts-service,97c7154e51b38071,,97c7154e51b38071,3171,200,findContactsByAccountId,no_parent
1650502876,ts-travel-service,a50163b0c6e4d4a6,d82d5c0e8769ad03,d82d5c0e8769ad03,1855,200,GET,ts-travel-service
1650502876,ts-route-service,45c4fb371446f812,53f1a47b87e13a85,d82d5c0e8769ad03,2876,200,queryById,ts-travel-service
1650502876,ts-route-service,4846ffbdb3d402fc,b593eb932aca653,d82d5c0e8769ad03,1391,200,queryById,ts-travel-service
1650502876,ts-route-service,adc5a9eb1512e8ae,a37f2f18f39a0a70,d82d5c0e8769ad03,2137,200,queryById,ts-travel-service
1650502876,ts-route-service,abad063b8ce5aedb,5c0fc607e6adff4d,d82d5c0e8769ad03,1607,200,queryById,ts-travel-service
1650502876,ts-travel-service,a37f2f18f39a0a70,d82d5c0e8769ad03,d82d5c0e8769ad03,2635,200,GET,ts-travel-service
1650502876,ts-travel-service,b593eb932aca653,d82d5c0e8769ad03,d82d5c0e8769ad03,1547,200,GET,ts-travel-service
1650502876,ts-route-service,194c991ecce0843,a50163b0c6e4d4a6,d82d5c0e8769ad03,1724,200,queryById,ts-travel-service
1650502876,ts-travel-service,5c0fc607e6adff4d,d82d5c0e8769ad03,d82d5c0e8769ad03,1731,200,GET,ts-travel-service
1650502876,ts-assurance-service,87f0fa475864bf20,,87f0fa475864bf20,1629,200,getAllAssuranceType,no_parent
1650502936,ts-ticketinfo-service,7f7adffdc6d8a9cf,e49000bde9f36095,5850bc5d7f905736,6722,200,GET,ts-ticketinfo-service
1650502936,ts-security-service,8da0ede3b74fcc57,e27d7594b8c5b6f7,e843e0eadd853a35,14002,200,check,ts-preserve-service
1650502936,ts-security-service,48329d5175dfeb37,8da0ede3b74fcc57,e843e0eadd853a35,4932,200,GET,ts-security-service
1650502936,ts-route-service,687f9a46b6ddb715,c09729429af2db31,5850bc5d7f905736,2263,200,queryById,ts-travel-service
1650502936,ts-preserve-service,e843e0eadd853a35,,e843e0eadd853a35,22379,200,preserve,no_parent
1650502936,ts-order-other-service,32d83de14f3cf5aa,abc2f14fb7d36658,e843e0eadd853a35,3160,200,securityInfoCheck,ts-security-service
1650502936,ts-security-service,abc2f14fb7d36658,8da0ede3b74fcc57,e843e0eadd853a35,4509,200,GET,ts-security-service
1650502936,ts-basic-service,94cc1636e944bb9e,1b4e0b332396b22f,5850bc5d7f905736,3217,200,GET,ts-basic-service
1650502936,ts-ticketinfo-service,e49000bde9f36095,7bf929d214052ce8,5850bc5d7f905736,8928,200,queryForStationId,ts-travel-service
1650502936,ts-travel-service,c09729429af2db31,5850bc5d7f905736,5850bc5d7f905736,2393,200,GET,ts-travel-service
1650502936,ts-order-service,ddf562272a5e147d,48329d5175dfeb37,e843e0eadd853a35,3518,200,securityInfoCheck,ts-security-service
1650502936,ts-preserve-service,e27d7594b8c5b6f7,e843e0eadd853a35,e843e0eadd853a35,15566,200,GET,ts-preserve-service
1650502936,ts-travel-service,f55e12f438c23513,5850bc5d7f905736,5850bc5d7f905736,7968,200,GET,ts-travel-service
1650502936,ts-travel-service,5850bc5d7f905736,,5850bc5d7f905736,41969,200,queryInfo,no_parent
1650502936,ts-travel-service,8da966fd8d6e7e45,5850bc5d7f905736,5850bc5d7f905736,2815,200,GET,ts-travel-service
1650502936,ts-travel-service,f67f63268598835c,5850bc5d7f905736,5850bc5d7f905736,3932,200,GET,ts-travel-service
1650502936,ts-route-service,36de227bdcfe13e7,8da966fd8d6e7e45,5850bc5d7f905736,2464,200,queryById,ts-travel-service
1650502936,ts-route-service,c6ed12ac48a8d2ce,48f837fc48105b8d,5850bc5d7f905736,2328,200,queryById,ts-travel-service
1650502936,ts-ticketinfo-service,2a547db217f7a76c,f55e12f438c23513,5850bc5d7f905736,7607,200,queryForStationId,ts-travel-service
1650502936,ts-preserve-service,a96e3c9f8c2f54,e843e0eadd853a35,e843e0eadd853a35,3603,200,GET,ts-preserve-service
1650502936,ts-travel-service,48f837fc48105b8d,5850bc5d7f905736,5850bc5d7f905736,2419,200,GET,ts-travel-service
1650502936,ts-ticketinfo-service,44cf8bc9437c1c6a,2a547db217f7a76c,5850bc5d7f905736,5520,200,GET,ts-ticketinfo-service
1650502936,ts-route-service,585280b65fed13db,f67f63268598835c,5850bc5d7f905736,2958,200,queryById,ts-travel-service
1650502936,ts-route-service,ec3283cd05a26ca7,60c5821af6fad40e,5850bc5d7f905736,2106,200,queryById,ts-travel-service
1650502936,ts-contacts-service,4419ab3aae8dbcf2,a96e3c9f8c2f54,e843e0eadd853a35,2367,200,getContactsByContactsId,ts-preserve-service
1650502936,ts-order-service,586a7360a2fffde9,1a2324bc06f6b9a,1a2324bc06f6b9a,9408,200,POST,ts-order-service
1650502936,ts-order-service,1a2324bc06f6b9a,,1a2324bc06f6b9a,12665,200,queryOrdersForRefresh,no_parent
1650502936,ts-station-service,9bd500a0b532a35d,586a7360a2fffde9,1a2324bc06f6b9a,7997,200,queryForNameBatch,ts-order-service
1650502936,ts-station-service,ce0e177875310533,94cc1636e944bb9e,5850bc5d7f905736,2319,200,queryForStationId,ts-basic-service
1650502936,ts-station-service,19d843436652b59d,7c4a91cd0935b625,5850bc5d7f905736,2101,200,queryForStationId,ts-basic-service
1650502936,ts-basic-service,7c4a91cd0935b625,82884bab549642f1,5850bc5d7f905736,2744,200,GET,ts-basic-service
1650502936,ts-verification-code-service,493a12f844a6430e,96d54571bf2d16b2,45eb0d140f1638bc,1980,200,verifyCode,ts-auth-service
1650502936,ts-auth-service,96d54571bf2d16b2,45eb0d140f1638bc,45eb0d140f1638bc,3782,200,GET,ts-auth-service
1650502936,ts-auth-service,45eb0d140f1638bc,,45eb0d140f1638bc,112625,200,getToken,no_parent
1650502936,ts-verification-code-service,9c22cdedbca3f292,,9c22cdedbca3f292,4483,200,imageCode,no_parent
1650502936,ts-travel-service,7bf929d214052ce8,5850bc5d7f905736,5850bc5d7f905736,11118,200,GET,ts-travel-service
1650502936,ts-basic-service,1b4e0b332396b22f,7f7adffdc6d8a9cf,5850bc5d7f905736,5415,200,queryForStationId,ts-ticketinfo-service
1650502936,ts-basic-service,82884bab549642f1,44cf8bc9437c1c6a,5850bc5d7f905736,4749,200,queryForStationId,ts-ticketinfo-service
1650502936,ts-travel-service,60c5821af6fad40e,5850bc5d7f905736,5850bc5d7f905736,2232,200,GET,ts-travel-service
1650502936,ts-assurance-service,831dac23c987c4ed,,831dac23c987c4ed,1663,200,getAllAssuranceType,no_parent
1650502936,ts-contacts-service,4154d162a620d540,,4154d162a620d540,3002,200,findContactsByAccountId,no_parent
1650502996,ts-travel-service,ec0e4f5af22aa34f,ef6924d6f8335dd5,ef6924d6f8335dd5,8418,200,GET,ts-travel-service
1650502996,ts-travel-service,49f1b4f3e76b467a,ef6924d6f8335dd5,ef6924d6f8335dd5,4212,200,GET,ts-travel-service
1650502996,ts-travel-service,1e368b4b78eeb483,ef6924d6f8335dd5,ef6924d6f8335dd5,2590,200,GET,ts-travel-service
1650502996,ts-basic-service,74fc3ce086d5b8d1,1a602b73af83e06a,ef6924d6f8335dd5,3484,200,GET,ts-basic-service
1650502996,ts-route-service,b26e1a69041fef03,49f1b4f3e76b467a,ef6924d6f8335dd5,2735,200,queryById,ts-travel-service
1650502996,ts-ticketinfo-service,29b09b6981c22be1,a9efb1daffadefe5,ef6924d6f8335dd5,7503,200,GET,ts-ticketinfo-service
1650502996,ts-order-other-service,321b476f97e0ca55,ab9dbecae57965e5,c905524af9b234fe,3130,200,securityInfoCheck,ts-security-service
1650502996,ts-travel-service,ff4258e976729c29,ef6924d6f8335dd5,ef6924d6f8335dd5,11496,200,GET,ts-travel-service
1650502996,ts-preserve-service,62a2e4b1ceedfdb8,c905524af9b234fe,c905524af9b234fe,18741,200,GET,ts-preserve-service
1650502996,ts-order-service,326153089bc52624,,326153089bc52624,19717,200,queryOrdersForRefresh,no_parent
1650502996,ts-route-service,96c1d1fbfef234c5,6a4dd87967bf46ee,ef6924d6f8335dd5,2457,200,queryById,ts-travel-service
1650502996,ts-route-service,4f06aa5c9fb5bf8e,7e6507cf2275d64f,ef6924d6f8335dd5,2521,200,queryById,ts-travel-service
1650502996,ts-preserve-service,c905524af9b234fe,,c905524af9b234fe,25634,200,preserve,no_parent
1650502996,ts-travel-service,7e6507cf2275d64f,ef6924d6f8335dd5,ef6924d6f8335dd5,3002,200,GET,ts-travel-service
1650502996,ts-travel-service,ef6924d6f8335dd5,,ef6924d6f8335dd5,44218,200,queryInfo,no_parent
1650502996,ts-travel-service,f3dd416020f012d1,ef6924d6f8335dd5,ef6924d6f8335dd5,2561,200,GET,ts-travel-service
1650502996,ts-travel-service,6a4dd87967bf46ee,ef6924d6f8335dd5,ef6924d6f8335dd5,2554,200,GET,ts-travel-service
1650502996,ts-security-service,5fbd8cbfbdc58d11,62a2e4b1ceedfdb8,c905524af9b234fe,16884,200,check,ts-preserve-service
1650502996,ts-basic-service,1a602b73af83e06a,29b09b6981c22be1,ef6924d6f8335dd5,6292,200,queryForStationId,ts-ticketinfo-service
1650502996,ts-basic-service,766d4c4ef3768e0b,9978cd3cb7c86941,ef6924d6f8335dd5,5180,200,queryForStationId,ts-ticketinfo-service
1650502996,ts-basic-service,6f01775077420581,766d4c4ef3768e0b,ef6924d6f8335dd5,2789,200,GET,ts-basic-service
1650502996,ts-security-service,97408eb629ad35ce,5fbd8cbfbdc58d11,c905524af9b234fe,5340,200,GET,ts-security-service
1650502996,ts-ticketinfo-service,9978cd3cb7c86941,3b8427e0ab83091b,ef6924d6f8335dd5,5883,200,GET,ts-ticketinfo-service
1650502996,ts-ticketinfo-service,3b8427e0ab83091b,ec0e4f5af22aa34f,ef6924d6f8335dd5,7915,200,queryForStationId,ts-travel-service
1650502996,ts-ticketinfo-service,a9efb1daffadefe5,ff4258e976729c29,ef6924d6f8335dd5,9964,200,queryForStationId,ts-travel-service
1650502996,ts-station-service,3f79e38e98f4764f,74fc3ce086d5b8d1,ef6924d6f8335dd5,2301,200,queryForStationId,ts-basic-service
1650502996,ts-station-service,b9b970c9baa8a733,6f01775077420581,ef6924d6f8335dd5,2039,200,queryForStationId,ts-basic-service
1650502996,ts-contacts-service,e7a70b3cb08371e5,75e7e7c0b2b60f48,c905524af9b234fe,2497,200,getContactsByContactsId,ts-preserve-service
1650502996,ts-order-service,b11e47d7c30e0094,97408eb629ad35ce,c905524af9b234fe,3752,200,securityInfoCheck,ts-security-service
1650502996,ts-preserve-service,75e7e7c0b2b60f48,c905524af9b234fe,c905524af9b234fe,3751,200,GET,ts-preserve-service
1650502996,ts-assurance-service,4b59c22ed5d0e65d,,4b59c22ed5d0e65d,924,200,getAllAssuranceType,no_parent
1650502996,ts-verification-code-service,d1263a48563cbae8,,d1263a48563cbae8,2785,200,imageCode,no_parent
1650502996,ts-contacts-service,4861a96ada8d9f80,,4861a96ada8d9f80,3014,200,findContactsByAccountId,no_parent
1650502996,ts-security-service,ab9dbecae57965e5,5fbd8cbfbdc58d11,c905524af9b234fe,4610,200,GET,ts-security-service
1650502996,ts-route-service,91be29e875bd7d59,f3dd416020f012d1,ef6924d6f8335dd5,2466,200,queryById,ts-travel-service
1650502996,ts-route-service,d405765b83c9a05e,1e368b4b78eeb483,ef6924d6f8335dd5,2515,200,queryById,ts-travel-service
1650502996,ts-auth-service,7508707830eace35,33241e206d8fb43e,33241e206d8fb43e,3878,200,GET,ts-auth-service
1650502996,ts-station-service,5f8ec9e60ddb33a6,eab7913ec5bc74c2,326153089bc52624,8159,200,queryForNameBatch,ts-order-service
1650502996,ts-order-service,eab7913ec5bc74c2,326153089bc52624,326153089bc52624,9841,200,POST,ts-order-service
1650502996,ts-verification-code-service,9171758242ab06c3,7508707830eace35,33241e206d8fb43e,2125,200,verifyCode,ts-auth-service
1650502996,ts-auth-service,33241e206d8fb43e,,33241e206d8fb43e,115351,200,getToken,no_parent
1650503056,ts-travel-service,5f8a50639f7379d8,6602d39dd7ff8699,6602d39dd7ff8699,4058,200,GET,ts-travel-service
1650503056,ts-ticketinfo-service,fb6770075c814fc1,6e253eea0d0a6014,6602d39dd7ff8699,16655,200,queryForStationId,ts-travel-service
1650503056,ts-route-service,2d0c0f3a8111e62f,db12bd82eb3550d9,6602d39dd7ff8699,2096,200,queryById,ts-travel-service
1650503056,ts-travel-service,24f441056bb3cfa0,6602d39dd7ff8699,6602d39dd7ff8699,1921,200,GET,ts-travel-service
1650503056,ts-route-service,de0ad4e996c28c34,24f441056bb3cfa0,6602d39dd7ff8699,1697,200,queryById,ts-travel-service
1650503056,ts-route-service,9441b0ae3a198de3,7833bfebb9846d45,6602d39dd7ff8699,1923,200,queryById,ts-travel-service
1650503056,ts-route-service,a3cccf4abf21db7,5f8a50639f7379d8,6602d39dd7ff8699,2817,200,queryById,ts-travel-service
1650503056,ts-route-service,3c8ea49054c04284,b1195e8e0efb51a5,6602d39dd7ff8699,1761,200,queryById,ts-travel-service
1650503056,ts-travel-service,7833bfebb9846d45,6602d39dd7ff8699,6602d39dd7ff8699,2099,200,GET,ts-travel-service
1650503056,ts-travel-service,b1195e8e0efb51a5,6602d39dd7ff8699,6602d39dd7ff8699,1937,200,GET,ts-travel-service
1650503056,ts-travel-service,6e253eea0d0a6014,6602d39dd7ff8699,6602d39dd7ff8699,18206,200,GET,ts-travel-service
1650503056,ts-travel-service,193f68ce0f1a522e,6602d39dd7ff8699,6602d39dd7ff8699,8785,200,GET,ts-travel-service
1650503056,ts-auth-service,26a3d39ab99d2927,,26a3d39ab99d2927,106803,200,getToken,no_parent
1650503056,ts-station-service,504bf1dcdd0addd0,41abd6b9d48be5fb,6602d39dd7ff8699,9393,200,queryForStationId,ts-basic-service
1650503056,ts-security-service,22d5963a4b3e27cb,c54f256c7f0956b3,4ee436d8c19ec792,5677,200,GET,ts-security-service
1650503056,ts-station-service,c1ccbe4d720df1ba,6f34efae390214e1,6602d39dd7ff8699,2121,200,queryForStationId,ts-basic-service
1650503056,ts-order-other-service,860dfebee731d9fa,3df78fc7a5a0cc47,4ee436d8c19ec792,3201,200,securityInfoCheck,ts-security-service
1650503056,ts-verification-code-service,8d0701e35c8dce86,38b41f5d1f89896c,26a3d39ab99d2927,1904,200,verifyCode,ts-auth-service
1650503056,ts-security-service,3df78fc7a5a0cc47,c54f256c7f0956b3,4ee436d8c19ec792,4702,200,GET,ts-security-service
1650503056,ts-station-service,137699593d567df3,5d29c7c052b2c642,854d51b077468ff7,7795,200,queryForNameBatch,ts-order-service
1650503056,ts-contacts-service,d8c029aff8edaba7,b8a1fc153e7f7074,4ee436d8c19ec792,2501,200,getContactsByContactsId,ts-preserve-service
1650503056,ts-security-service,c54f256c7f0956b3,263e91da518cfc27,4ee436d8c19ec792,17984,200,check,ts-preserve-service
1650503056,ts-preserve-service,4ee436d8c19ec792,,4ee436d8c19ec792,31650,200,preserve,no_parent
1650503056,ts-order-service,5d29c7c052b2c642,854d51b077468ff7,854d51b077468ff7,9234,200,POST,ts-order-service
1650503056,ts-order-service,854d51b077468ff7,,854d51b077468ff7,12346,200,queryOrdersForRefresh,no_parent
1650503056,ts-verification-code-service,bbfb08491ead227d,,bbfb08491ead227d,2721,200,imageCode,no_parent
1650503056,ts-assurance-service,ea6e49ccd7c1943e,,ea6e49ccd7c1943e,1167,200,getAllAssuranceType,no_parent
1650503056,ts-basic-service,b5245c71f7eb0891,ca7655581f2d3532,6602d39dd7ff8699,5221,200,queryForStationId,ts-ticketinfo-service
1650503056,ts-preserve-service,b8a1fc153e7f7074,4ee436d8c19ec792,4ee436d8c19ec792,3631,200,GET,ts-preserve-service
1650503056,ts-preserve-service,263e91da518cfc27,4ee436d8c19ec792,4ee436d8c19ec792,21945,200,GET,ts-preserve-service
1650503056,ts-order-service,c7c750b5329e480a,22d5963a4b3e27cb,4ee436d8c19ec792,3542,200,securityInfoCheck,ts-security-service
1650503056,ts-auth-service,38b41f5d1f89896c,26a3d39ab99d2927,26a3d39ab99d2927,3562,200,GET,ts-auth-service
1650503056,ts-ticketinfo-service,c2e2ae62841d0180,193f68ce0f1a522e,6602d39dd7ff8699,8307,200,queryForStationId,ts-travel-service
1650503056,ts-ticketinfo-service,ca7655581f2d3532,c2e2ae62841d0180,6602d39dd7ff8699,6340,200,GET,ts-ticketinfo-service
1650503056,ts-ticketinfo-service,8807cdc2ebd0a62f,fb6770075c814fc1,6602d39dd7ff8699,14172,200,GET,ts-ticketinfo-service
1650503056,ts-travel-service,db12bd82eb3550d9,6602d39dd7ff8699,6602d39dd7ff8699,2574,200,GET,ts-travel-service
1650503056,ts-travel-service,6602d39dd7ff8699,,6602d39dd7ff8699,48603,200,queryInfo,no_parent
1650503056,ts-basic-service,41abd6b9d48be5fb,f8d64ef731679ea0,6602d39dd7ff8699,10491,200,GET,ts-basic-service
1650503056,ts-basic-service,f8d64ef731679ea0,8807cdc2ebd0a62f,6602d39dd7ff8699,13114,200,queryForStationId,ts-ticketinfo-service
1650503056,ts-basic-service,6f34efae390214e1,b5245c71f7eb0891,6602d39dd7ff8699,2864,200,GET,ts-basic-service
1650503056,ts-contacts-service,c9797f4835222c1f,,c9797f4835222c1f,2867,200,findContactsByAccountId,no_parent
1650503116,ts-contacts-service,68e2100c92eb35de,13e1d4f412dfa135,95b698984f037641,2524,200,getContactsByContactsId,ts-preserve-service
1650503116,ts-order-service,52a87f186274795f,e9575edb08a6aadb,e9575edb08a6aadb,9577,200,POST,ts-order-service
1650503116,ts-security-service,b7d7c363c68cbfe5,60c558390ff62c6e,95b698984f037641,17670,200,check,ts-preserve-service
1650503116,ts-order-service,e9575edb08a6aadb,,e9575edb08a6aadb,12886,200,queryOrdersForRefresh,no_parent
1650503116,ts-order-other-service,c827e6e997703df3,4f6bfdbcb37a0176,95b698984f037641,2909,200,securityInfoCheck,ts-security-service
1650503116,ts-preserve-service,95b698984f037641,,95b698984f037641,26882,200,preserve,no_parent
1650503116,ts-security-service,4f6bfdbcb37a0176,b7d7c363c68cbfe5,95b698984f037641,4115,200,GET,ts-security-service
1650503116,ts-order-service,fd000f399c86643f,c5d896b4985024a2,95b698984f037641,3804,200,securityInfoCheck,ts-security-service
1650503116,ts-preserve-service,60c558390ff62c6e,95b698984f037641,95b698984f037641,19677,200,GET,ts-preserve-service
1650503116,ts-preserve-service,13e1d4f412dfa135,95b698984f037641,95b698984f037641,3737,200,GET,ts-preserve-service
1650503116,ts-security-service,c5d896b4985024a2,b7d7c363c68cbfe5,95b698984f037641,6527,200,GET,ts-security-service
1650503116,ts-contacts-service,c1d3e16ae1c5b877,,c1d3e16ae1c5b877,3409,200,findContactsByAccountId,no_parent
1650503116,ts-station-service,4ad7585c25d92fdc,52a87f186274795f,e9575edb08a6aadb,7968,200,queryForNameBatch,ts-order-service
1650503117,ts-auth-service,ec8e55641c515d1,,ec8e55641c515d1,105153,200,getToken,no_parent
1650503117,ts-auth-service,ac0419012e4b7dd4,ec8e55641c515d1,ec8e55641c515d1,3390,200,GET,ts-auth-service
1650503117,ts-basic-service,3bba0bc0cb497ba7,91b70261fa140c2,43b21372221a6e46,3601,200,GET,ts-basic-service
1650503117,ts-travel-service,43b21372221a6e46,,43b21372221a6e46,42449,200,queryInfo,no_parent
1650503117,ts-basic-service,9f6ed665e130de76,634ba1f22300ecf5,43b21372221a6e46,2749,200,GET,ts-basic-service
1650503117,ts-ticketinfo-service,c0f9a07d78f3ac32,709342a46a08c90a,43b21372221a6e46,7580,200,GET,ts-ticketinfo-service
1650503117,ts-travel-service,a622fe542aace19a,43b21372221a6e46,43b21372221a6e46,2251,200,GET,ts-travel-service
1650503117,ts-travel-service,cc9fa77fb03dbd74,43b21372221a6e46,43b21372221a6e46,2496,200,GET,ts-travel-service
1650503117,ts-travel-service,495f17c493de7fe4,43b21372221a6e46,43b21372221a6e46,2314,200,GET,ts-travel-service
1650503117,ts-travel-service,3fa3e7140694fe45,43b21372221a6e46,43b21372221a6e46,4151,200,GET,ts-travel-service
1650503117,ts-station-service,40c51d28b653ad85,9f6ed665e130de76,43b21372221a6e46,2069,200,queryForStationId,ts-basic-service
1650503117,ts-route-service,d82d676f24a51e1e,495f17c493de7fe4,43b21372221a6e46,2197,200,queryById,ts-travel-service
1650503117,ts-route-service,f2d0b7cc8f11625e,a622fe542aace19a,43b21372221a6e46,2113,200,queryById,ts-travel-service
1650503117,ts-basic-service,634ba1f22300ecf5,fa9230c4f15e6290,43b21372221a6e46,5138,200,queryForStationId,ts-ticketinfo-service
1650503117,ts-basic-service,91b70261fa140c2,c0f9a07d78f3ac32,43b21372221a6e46,6197,200,queryForStationId,ts-ticketinfo-service
1650503117,ts-ticketinfo-service,709342a46a08c90a,e62cb2cd46b7e9ad,43b21372221a6e46,10112,200,queryForStationId,ts-travel-service
1650503117,ts-ticketinfo-service,fa9230c4f15e6290,43ebec335f69418c,43b21372221a6e46,5754,200,GET,ts-ticketinfo-service
1650503117,ts-ticketinfo-service,43ebec335f69418c,5d13b4d7b03d51e2,43b21372221a6e46,7759,200,queryForStationId,ts-travel-service
1650503117,ts-station-service,3a6146f48669687d,3bba0bc0cb497ba7,43b21372221a6e46,2502,200,queryForStationId,ts-basic-service
1650503117,ts-travel-service,e62cb2cd46b7e9ad,43b21372221a6e46,43b21372221a6e46,11486,200,GET,ts-travel-service
1650503117,ts-verification-code-service,b2b002c5ada308d5,ac0419012e4b7dd4,ec8e55641c515d1,1767,200,verifyCode,ts-auth-service
1650503117,ts-route-service,2b646d9e524c1b5f,e04e4ee9a6f8fa3a,43b21372221a6e46,2445,200,queryById,ts-travel-service
1650503117,ts-assurance-service,cd2f44f51fefe5cf,,cd2f44f51fefe5cf,1601,200,getAllAssuranceType,no_parent
1650503117,ts-verification-code-service,a16b0e9ee566aeb9,,a16b0e9ee566aeb9,2694,200,imageCode,no_parent
1650503117,ts-travel-service,5d13b4d7b03d51e2,43b21372221a6e46,43b21372221a6e46,8113,200,GET,ts-travel-service
1650503117,ts-travel-service,e04e4ee9a6f8fa3a,43b21372221a6e46,43b21372221a6e46,2830,200,GET,ts-travel-service
1650503117,ts-route-service,a10f87671846641,3fa3e7140694fe45,43b21372221a6e46,2904,200,queryById,ts-travel-service
1650503117,ts-route-service,daf7a0ff7ec884bf,cc9fa77fb03dbd74,43b21372221a6e46,2333,200,queryById,ts-travel-service
1650503177,ts-station-service,1d242ee4f9548673,f370d13db7abd80,3ad20daab3770da2,2097,200,queryForStationId,ts-basic-service
1650503177,ts-basic-service,f370d13db7abd80,448869bf23d952d7,3ad20daab3770da2,2828,200,GET,ts-basic-service
1650503177,ts-basic-service,89a8cffc7136d9b9,82f5229eb005f2ae,3ad20daab3770da2,3851,200,GET,ts-basic-service
1650503177,ts-ticketinfo-service,fd14b3792d01d834,381e4fad5009c96c,3ad20daab3770da2,7811,200,GET,ts-ticketinfo-service
1650503177,ts-ticketinfo-service,381e4fad5009c96c,85d32f8946765e5f,3ad20daab3770da2,10297,200,queryForStationId,ts-travel-service
1650503177,ts-basic-service,448869bf23d952d7,25ad08aefa5077f9,3ad20daab3770da2,5119,200,queryForStationId,ts-ticketinfo-service
1650503177,ts-order-service,4d2a0d3d074ec30,74e37e127c0bc163,74e37e127c0bc163,9059,200,POST,ts-order-service
1650503177,ts-order-service,74e37e127c0bc163,,74e37e127c0bc163,12002,200,queryOrdersForRefresh,no_parent
1650503177,ts-ticketinfo-service,343f31caacba38d9,be88f053101ea263,3ad20daab3770da2,7933,200,queryForStationId,ts-travel-service
1650503177,ts-ticketinfo-service,25ad08aefa5077f9,343f31caacba38d9,3ad20daab3770da2,5905,200,GET,ts-ticketinfo-service
1650503177,ts-station-service,a04784e24e85fb09,89a8cffc7136d9b9,3ad20daab3770da2,2520,200,queryForStationId,ts-basic-service
1650503177,ts-preserve-service,a13d46b779b79228,b36fcb661895092d,b36fcb661895092d,11825,200,GET,ts-preserve-service
1650503177,ts-travel-service,3ad20daab3770da2,,3ad20daab3770da2,49801,200,queryInfo,no_parent
1650503177,ts-route-service,b783ff015dc7e26c,176544ba103a3be,3ad20daab3770da2,2671,200,queryById,ts-travel-service
1650503177,ts-basic-service,82f5229eb005f2ae,fd14b3792d01d834,3ad20daab3770da2,6609,200,queryForStationId,ts-ticketinfo-service
1650503177,ts-station-service,2380acd75c085f5b,4d2a0d3d074ec30,74e37e127c0bc163,7572,200,queryForNameBatch,ts-order-service
1650503177,ts-travel-service,85d32f8946765e5f,3ad20daab3770da2,3ad20daab3770da2,11803,200,GET,ts-travel-service
1650503177,ts-travel-service,be88f053101ea263,3ad20daab3770da2,3ad20daab3770da2,8523,200,GET,ts-travel-service
1650503177,ts-travel-service,8918f082e3e8fa4e,3ad20daab3770da2,3ad20daab3770da2,2183,200,GET,ts-travel-service
1650503177,ts-travel-service,434ba7c1003c56fe,3ad20daab3770da2,3ad20daab3770da2,1570,200,GET,ts-travel-service
1650503177,ts-preserve-service,b36fcb661895092d,,b36fcb661895092d,31160,200,preserve,no_parent
1650503177,ts-order-other-service,7100c5d0ba053561,40ea9a00f54357d1,b36fcb661895092d,3152,200,securityInfoCheck,ts-security-service
1650503177,ts-route-service,d031f6112ec9838,750f48d942980a72,3ad20daab3770da2,1866,200,queryById,ts-travel-service
1650503177,ts-route-service,d6e639d0cc923f94,8918f082e3e8fa4e,3ad20daab3770da2,2096,200,queryById,ts-travel-service
1650503177,ts-security-service,e17d3c438f2b6f09,d22a9c049318666b,b36fcb661895092d,5073,200,GET,ts-security-service
1650503177,ts-route-service,b68a892180c26e9d,5c4955670e5bb039,3ad20daab3770da2,2123,200,queryById,ts-travel-service
1650503177,ts-route-service,15f481ab5fcfe1b4,434ba7c1003c56fe,3ad20daab3770da2,1361,200,queryById,ts-travel-service
1650503177,ts-contacts-service,483e1775c685edea,,483e1775c685edea,3205,200,findContactsByAccountId,no_parent
1650503177,ts-contacts-service,fb61d21a30b73a84,a13d46b779b79228,b36fcb661895092d,9200,200,getContactsByContactsId,ts-preserve-service
1650503177,ts-order-service,a533366d2cef9c5b,e17d3c438f2b6f09,b36fcb661895092d,3544,200,securityInfoCheck,ts-security-service
1650503177,ts-preserve-service,6a013a2eb6a88198,b36fcb661895092d,b36fcb661895092d,16302,200,GET,ts-preserve-service
1650503177,ts-security-service,40ea9a00f54357d1,d22a9c049318666b,b36fcb661895092d,4631,200,GET,ts-security-service
1650503177,ts-security-service,d22a9c049318666b,6a013a2eb6a88198,b36fcb661895092d,14639,200,check,ts-preserve-service
1650503177,ts-travel-service,5c4955670e5bb039,3ad20daab3770da2,3ad20daab3770da2,2538,200,GET,ts-travel-service
1650503177,ts-travel-service,750f48d942980a72,3ad20daab3770da2,3ad20daab3770da2,1986,200,GET,ts-travel-service
1650503177,ts-travel-service,176544ba103a3be,3ad20daab3770da2,3ad20daab3770da2,3900,200,GET,ts-travel-service
1650503177,ts-auth-service,fe5a7996cdf481b5,3fe902a1760998e2,3fe902a1760998e2,3594,200,GET,ts-auth-service
1650503177,ts-verification-code-service,31dd1293a18638b,,31dd1293a18638b,2636,200,imageCode,no_parent
1650503177,ts-verification-code-service,88d80ba012f5a71c,fe5a7996cdf481b5,3fe902a1760998e2,1867,200,verifyCode,ts-auth-service
1650503177,ts-auth-service,3fe902a1760998e2,,3fe902a1760998e2,107966,200,getToken,no_parent
1650503177,ts-assurance-service,4e9272ab142502f1,,4e9272ab142502f1,1694,200,getAllAssuranceType,no_parent
1650503237,ts-travel-service,d9503a1c9706af67,fb9e11d658213110,fb9e11d658213110,2624,200,GET,ts-travel-service
1650503237,ts-basic-service,bc0174dff53fc544,62315c579c21989c,fb9e11d658213110,3671,200,GET,ts-basic-service
1650503237,ts-basic-service,f3307c1ade9c5e57,51566f9c60daba47,fb9e11d658213110,3186,200,GET,ts-basic-service
1650503237,ts-basic-service,51566f9c60daba47,94dca0f476df08c8,fb9e11d658213110,5646,200,queryForStationId,ts-ticketinfo-service
1650503237,ts-ticketinfo-service,1910bc63d0dd094d,a9ddbeebb4ef8297,fb9e11d658213110,7162,200,GET,ts-ticketinfo-service
1650503237,ts-ticketinfo-service,a9ddbeebb4ef8297,d0e312f878463db9,fb9e11d658213110,9383,200,queryForStationId,ts-travel-service
1650503237,ts-ticketinfo-service,6251801056c1e48f,d43ce0ee9366d2f1,fb9e11d658213110,8129,200,queryForStationId,ts-travel-service
1650503237,ts-ticketinfo-service,94dca0f476df08c8,6251801056c1e48f,fb9e11d658213110,6020,200,GET,ts-ticketinfo-service
1650503237,ts-route-service,44a8616f73404041,5d7cddc472d0873a,fb9e11d658213110,1879,200,queryById,ts-travel-service
1650503237,ts-order-service,6a34feff500f2db3,caac69e857b083cc,c058abd9f367784e,3248,200,securityInfoCheck,ts-security-service
1650503237,ts-travel-service,e54662caeb26a160,fb9e11d658213110,fb9e11d658213110,2301,200,GET,ts-travel-service
1650503237,ts-route-service,b6cec6a843da5fee,d9503a1c9706af67,fb9e11d658213110,1923,200,queryById,ts-travel-service
1650503237,ts-route-service,d2f47e70fcfd43cf,790fd09bf6239049,fb9e11d658213110,2071,200,queryById,ts-travel-service
1650503237,ts-route-service,1daf0d61ea6ee639,5704965d9cc46ecf,fb9e11d658213110,2226,200,queryById,ts-travel-service
1650503237,ts-route-service,daa8454d490f9c94,e54662caeb26a160,fb9e11d658213110,1869,200,queryById,ts-travel-service
1650503237,ts-contacts-service,c174c4fb221d0b5b,3147d305560984a1,c058abd9f367784e,4254,200,getContactsByContactsId,ts-preserve-service
1650503237,ts-basic-service,62315c579c21989c,1910bc63d0dd094d,fb9e11d658213110,6379,200,queryForStationId,ts-ticketinfo-service
1650503237,ts-security-service,ec6d9e942b6b8933,970e2d12927d657b,c058abd9f367784e,12782,200,check,ts-preserve-service
1650503237,ts-security-service,caac69e857b083cc,ec6d9e942b6b8933,c058abd9f367784e,4515,200,GET,ts-security-service
1650503237,ts-travel-service,5d7cddc472d0873a,fb9e11d658213110,fb9e11d658213110,2395,200,GET,ts-travel-service
1650503237,ts-travel-service,d0e312f878463db9,fb9e11d658213110,fb9e11d658213110,10679,200,GET,ts-travel-service
1650503237,ts-travel-service,790fd09bf6239049,fb9e11d658213110,fb9e11d658213110,2539,200,GET,ts-travel-service
1650503237,ts-travel-service,d43ce0ee9366d2f1,fb9e11d658213110,fb9e11d658213110,8374,200,GET,ts-travel-service
1650503237,ts-security-service,aa7ba19e4f7ccba0,ec6d9e942b6b8933,c058abd9f367784e,4146,200,GET,ts-security-service
1650503237,ts-preserve-service,c058abd9f367784e,,c058abd9f367784e,22541,200,preserve,no_parent
1650503237,ts-preserve-service,970e2d12927d657b,c058abd9f367784e,c058abd9f367784e,14001,200,GET,ts-preserve-service
1650503237,ts-preserve-service,3147d305560984a1,c058abd9f367784e,c058abd9f367784e,5765,200,GET,ts-preserve-service
1650503237,ts-order-other-service,de2d31968572d3da,aa7ba19e4f7ccba0,c058abd9f367784e,2742,200,securityInfoCheck,ts-security-service
1650503237,ts-contacts-service,b0d2b5d71b3d43b7,,b0d2b5d71b3d43b7,2982,200,findContactsByAccountId,no_parent
1650503237,ts-order-service,12153429ef53f664,,12153429ef53f664,10391,200,queryOrdersForRefresh,no_parent
1650503237,ts-order-service,dae4e926ed882d94,12153429ef53f664,12153429ef53f664,6840,200,POST,ts-order-service
1650503237,ts-station-service,651f69307d087837,dae4e926ed882d94,12153429ef53f664,5031,200,queryForNameBatch,ts-order-service
1650503237,ts-station-service,1f080cff13cd40cf,f3307c1ade9c5e57,fb9e11d658213110,2142,200,queryForStationId,ts-basic-service
1650503237,ts-station-service,f61c52bae602f0bd,bc0174dff53fc544,fb9e11d658213110,2131,200,queryForStationId,ts-basic-service
1650503237,ts-travel-service,fb9e11d658213110,,fb9e11d658213110,42214,200,queryInfo,no_parent
1650503237,ts-assurance-service,7f389d4505d471f7,,7f389d4505d471f7,2231,200,getAllAssuranceType,no_parent
1650503237,ts-travel-service,5704965d9cc46ecf,fb9e11d658213110,fb9e11d658213110,3821,200,GET,ts-travel-service
1650503237,ts-auth-service,f65abe329c0e51bc,,f65abe329c0e51bc,134606,200,getToken,no_parent
1650503237,ts-auth-service,64a612e59dea36c7,f65abe329c0e51bc,f65abe329c0e51bc,3443,200,GET,ts-auth-service
1650503237,ts-verification-code-service,f8dab230e8566526,64a612e59dea36c7,f65abe329c0e51bc,1713,200,verifyCode,ts-auth-service
1650503237,ts-verification-code-service,e1a6d4ee6500a81b,,e1a6d4ee6500a81b,2462,200,imageCode,no_parent
1650503297,ts-contacts-service,17282e478596041c,9a13b0f074fd3d6c,f675a8c62f5bcf90,2180,200,getContactsByContactsId,ts-preserve-service
1650503297,ts-preserve-service,3dcae1bb022c507d,f675a8c62f5bcf90,f675a8c62f5bcf90,16749,200,GET,ts-preserve-service
1650503297,ts-security-service,9706d169123ae373,3a8dfe1b05bc8cf5,f675a8c62f5bcf90,4620,200,GET,ts-security-service
1650503297,ts-security-service,3a8dfe1b05bc8cf5,3dcae1bb022c507d,f675a8c62f5bcf90,14447,200,check,ts-preserve-service
1650503297,ts-order-service,d77411998b4fc05e,d9e281b99a283b3f,f675a8c62f5bcf90,3456,200,securityInfoCheck,ts-security-service
1650503297,ts-order-service,ccfce3ed30525172,,ccfce3ed30525172,12719,200,queryOrdersForRefresh,no_parent
1650503297,ts-order-service,14caa664756c089,ccfce3ed30525172,ccfce3ed30525172,9567,200,POST,ts-order-service
1650503297,ts-station-service,c60ac850118530cd,14caa664756c089,ccfce3ed30525172,8105,200,queryForNameBatch,ts-order-service
1650503297,ts-security-service,d9e281b99a283b3f,3a8dfe1b05bc8cf5,f675a8c62f5bcf90,4974,200,GET,ts-security-service
1650503297,ts-order-other-service,e8e4391a997b89b5,9706d169123ae373,f675a8c62f5bcf90,3134,200,securityInfoCheck,ts-security-service
1650503297,ts-preserve-service,9a13b0f074fd3d6c,f675a8c62f5bcf90,f675a8c62f5bcf90,3570,200,GET,ts-preserve-service
1650503297,ts-auth-service,3abf2ee71f685bf2,,3abf2ee71f685bf2,111403,200,getToken,no_parent
1650503297,ts-verification-code-service,d31ba25ed0f43d7a,,d31ba25ed0f43d7a,2689,200,imageCode,no_parent
1650503297,ts-auth-service,a34cb32de78f2836,3abf2ee71f685bf2,3abf2ee71f685bf2,3304,200,GET,ts-auth-service
1650503297,ts-verification-code-service,4ebd273e11f3d8c9,a34cb32de78f2836,3abf2ee71f685bf2,1682,200,verifyCode,ts-auth-service
1650503297,ts-preserve-service,f675a8c62f5bcf90,,f675a8c62f5bcf90,23531,200,preserve,no_parent
1650503297,ts-contacts-service,9cfab1e4f863a1ce,,9cfab1e4f863a1ce,3125,200,findContactsByAccountId,no_parent
1650503298,ts-travel-service,85c147e00466c8f5,6623a9f0f9bf4333,6623a9f0f9bf4333,4048,200,GET,ts-travel-service
1650503298,ts-route-service,91ab6c7c74fb8c84,35707c680a1f952b,6623a9f0f9bf4333,8433,200,queryById,ts-travel-service
1650503298,ts-route-service,a95e782f73243ee9,3d1854633f25fe15,6623a9f0f9bf4333,1489,200,queryById,ts-travel-service
1650503298,ts-route-service,89be3d10667253cf,f5da67bd3ee18c03,6623a9f0f9bf4333,2119,200,queryById,ts-travel-service
1650503298,ts-travel-service,57191a1bd5c06b41,6623a9f0f9bf4333,6623a9f0f9bf4333,11711,200,GET,ts-travel-service
1650503298,ts-travel-service,639bd91f901ad2ef,6623a9f0f9bf4333,6623a9f0f9bf4333,2156,200,GET,ts-travel-service
1650503298,ts-basic-service,59294042fa02536e,bbe1dc66a87a55b3,6623a9f0f9bf4333,3784,200,GET,ts-basic-service
1650503298,ts-travel-service,f5da67bd3ee18c03,6623a9f0f9bf4333,6623a9f0f9bf4333,2252,200,GET,ts-travel-service
1650503298,ts-travel-service,b512e9660092ca84,6623a9f0f9bf4333,6623a9f0f9bf4333,8214,200,GET,ts-travel-service
1650503298,ts-station-service,8b94d19c060ab208,59294042fa02536e,6623a9f0f9bf4333,2620,200,queryForStationId,ts-basic-service
1650503298,ts-route-service,31d43b5cd604840d,639bd91f901ad2ef,6623a9f0f9bf4333,2052,200,queryById,ts-travel-service
1650503298,ts-route-service,632ac2ee5c14eaf9,85c147e00466c8f5,6623a9f0f9bf4333,2758,200,queryById,ts-travel-service
1650503298,ts-travel-service,6623a9f0f9bf4333,,6623a9f0f9bf4333,48136,200,queryInfo,no_parent
1650503298,ts-ticketinfo-service,b39c7f271f5c2f29,b512e9660092ca84,6623a9f0f9bf4333,7727,200,queryForStationId,ts-travel-service
1650503298,ts-ticketinfo-service,cb42c1c7ea1080f8,b39c7f271f5c2f29,6623a9f0f9bf4333,5674,200,GET,ts-ticketinfo-service
1650503298,ts-travel-service,3d1854633f25fe15,6623a9f0f9bf4333,6623a9f0f9bf4333,1639,200,GET,ts-travel-service
1650503298,ts-ticketinfo-service,14a04b98e76c9709,9cc00607f9adb2ee,6623a9f0f9bf4333,7657,200,GET,ts-ticketinfo-service
1650503298,ts-travel-service,35707c680a1f952b,6623a9f0f9bf4333,6623a9f0f9bf4333,8875,200,GET,ts-travel-service
1650503298,ts-station-service,a62466a9ab43e227,84a2754cf0b7f0ad,6623a9f0f9bf4333,2087,200,queryForStationId,ts-basic-service
1650503298,ts-basic-service,2f6f2a71d04b11bf,cb42c1c7ea1080f8,6623a9f0f9bf4333,4952,200,queryForStationId,ts-ticketinfo-service
1650503298,ts-ticketinfo-service,9cc00607f9adb2ee,57191a1bd5c06b41,6623a9f0f9bf4333,10242,200,queryForStationId,ts-travel-service
1650503298,ts-assurance-service,f47f3b41a61b4b07,,f47f3b41a61b4b07,1674,200,getAllAssuranceType,no_parent
1650503298,ts-basic-service,bbe1dc66a87a55b3,14a04b98e76c9709,6623a9f0f9bf4333,6698,200,queryForStationId,ts-ticketinfo-service
1650503298,ts-basic-service,84a2754cf0b7f0ad,2f6f2a71d04b11bf,6623a9f0f9bf4333,2799,200,GET,ts-basic-service
1650503358,ts-preserve-service,417a53423f65b589,8fba3964ec9f6d92,8fba3964ec9f6d92,15585,200,GET,ts-preserve-service
1650503358,ts-preserve-service,8fba3964ec9f6d92,,8fba3964ec9f6d92,22361,200,preserve,no_parent
1650503358,ts-preserve-service,6ba2fbb3a7551a52,8fba3964ec9f6d92,8fba3964ec9f6d92,3559,200,GET,ts-preserve-service
1650503358,ts-security-service,57dc06f1e6e85ddc,417a53423f65b589,8fba3964ec9f6d92,13857,200,check,ts-preserve-service
1650503358,ts-security-service,936b871549a6bcea,57dc06f1e6e85ddc,8fba3964ec9f6d92,5056,200,GET,ts-security-service
1650503358,ts-security-service,1b60cd07599fbd07,57dc06f1e6e85ddc,8fba3964ec9f6d92,3991,200,GET,ts-security-service
1650503358,ts-contacts-service,a7ad1363458cb46f,6ba2fbb3a7551a52,8fba3964ec9f6d92,2272,200,getContactsByContactsId,ts-preserve-service
1650503358,ts-order-other-service,34d2b1071d31e981,1b60cd07599fbd07,8fba3964ec9f6d92,2597,200,securityInfoCheck,ts-security-service
1650503358,ts-contacts-service,239276b1f8b47080,,239276b1f8b47080,3138,200,findContactsByAccountId,no_parent
1650503358,ts-basic-service,9a1fbe8275a907a5,619178cf194d0d53,49e5d5af6db654ad,5397,200,queryForStationId,ts-ticketinfo-service
1650503358,ts-basic-service,ce21f5d52acc72a0,f30104c378ba4a46,49e5d5af6db654ad,3361,200,GET,ts-basic-service
1650503358,ts-travel-service,7ef1e065a449d48d,49e5d5af6db654ad,49e5d5af6db654ad,2274,200,GET,ts-travel-service
1650503358,ts-route-service,16b8593214c9d935,7ef1e065a449d48d,49e5d5af6db654ad,2151,200,queryById,ts-travel-service
1650503358,ts-verification-code-service,25c98887af9a8292,a7f0ac527621535c,89a5a102b9976b47,1707,200,verifyCode,ts-auth-service
1650503358,ts-travel-service,49e5d5af6db654ad,,49e5d5af6db654ad,42793,200,queryInfo,no_parent
1650503358,ts-ticketinfo-service,619178cf194d0d53,9bfc1ab5bd5e6bbd,49e5d5af6db654ad,6122,200,GET,ts-ticketinfo-service
1650503358,ts-station-service,c1693f138844f876,ce21f5d52acc72a0,49e5d5af6db654ad,2234,200,queryForStationId,ts-basic-service
1650503358,ts-station-service,c42379500857d405,d0b710468342a89b,49e5d5af6db654ad,2057,200,queryForStationId,ts-basic-service
1650503358,ts-route-service,e7bb949a1da653b4,504459e1eaccc72f,49e5d5af6db654ad,2125,200,queryById,ts-travel-service
1650503358,ts-route-service,35db11e7d7eac97d,ae0ec08e7400970a,49e5d5af6db654ad,1973,200,queryById,ts-travel-service
1650503358,ts-route-service,fa255e58153b6dfa,108992d41ac1769c,49e5d5af6db654ad,2186,200,queryById,ts-travel-service
1650503358,ts-basic-service,f30104c378ba4a46,a69cedc76e2e1a40,49e5d5af6db654ad,6096,200,queryForStationId,ts-ticketinfo-service
1650503358,ts-basic-service,d0b710468342a89b,9a1fbe8275a907a5,49e5d5af6db654ad,2795,200,GET,ts-basic-service
1650503358,ts-travel-service,1f6311973b65deee,49e5d5af6db654ad,49e5d5af6db654ad,11141,200,GET,ts-travel-service
1650503358,ts-ticketinfo-service,a69cedc76e2e1a40,add26dd011d483,49e5d5af6db654ad,7236,200,GET,ts-ticketinfo-service
1650503358,ts-ticketinfo-service,add26dd011d483,1f6311973b65deee,49e5d5af6db654ad,9608,200,queryForStationId,ts-travel-service
1650503358,ts-verification-code-service,f939464516af635e,,f939464516af635e,2670,200,imageCode,no_parent
1650503358,ts-auth-service,a7f0ac527621535c,89a5a102b9976b47,89a5a102b9976b47,3954,200,GET,ts-auth-service
1650503358,ts-auth-service,89a5a102b9976b47,,89a5a102b9976b47,114883,200,getToken,no_parent
1650503358,ts-travel-service,70f5309a858a0414,49e5d5af6db654ad,49e5d5af6db654ad,8674,200,GET,ts-travel-service
1650503358,ts-travel-service,448f420124b6d695,49e5d5af6db654ad,49e5d5af6db654ad,3826,200,GET,ts-travel-service
1650503358,ts-travel-service,504459e1eaccc72f,49e5d5af6db654ad,49e5d5af6db654ad,2515,200,GET,ts-travel-service
1650503358,ts-travel-service,ae0ec08e7400970a,49e5d5af6db654ad,49e5d5af6db654ad,2215,200,GET,ts-travel-service
1650503358,ts-travel-service,108992d41ac1769c,49e5d5af6db654ad,49e5d5af6db654ad,2324,200,GET,ts-travel-service
1650503358,ts-order-service,7a50ad382adbb2a9,936b871549a6bcea,8fba3964ec9f6d92,3488,200,securityInfoCheck,ts-security-service
1650503358,ts-station-service,33408e08da7913b2,98ba00cb696e1c4e,7ad82b358306e23e,7746,200,queryForNameBatch,ts-order-service
1650503358,ts-ticketinfo-service,9bfc1ab5bd5e6bbd,70f5309a858a0414,49e5d5af6db654ad,8240,200,queryForStationId,ts-travel-service
1650503358,ts-route-service,373e5536ce0ca1ac,448f420124b6d695,49e5d5af6db654ad,2572,200,queryById,ts-travel-service
1650503358,ts-assurance-service,f4a438e84b46d955,,f4a438e84b46d955,1617,200,getAllAssuranceType,no_parent
1650503358,ts-order-service,7ad82b358306e23e,,7ad82b358306e23e,12153,200,queryOrdersForRefresh,no_parent
1650503358,ts-order-service,98ba00cb696e1c4e,7ad82b358306e23e,7ad82b358306e23e,9318,200,POST,ts-order-service
1650503418,ts-order-service,801ae3c0a18c594d,96c9d489614e6363,e9295f41edfffbb0,3226,200,securityInfoCheck,ts-security-service
1650503418,ts-preserve-service,177c41a7a5fdad0b,e9295f41edfffbb0,e9295f41edfffbb0,3877,200,GET,ts-preserve-service
1650503418,ts-route-service,d6546dd6d8b8c184,da5c7cfcffc76cbc,f64b89542724a434,2592,200,queryById,ts-travel-service
1650503418,ts-travel-service,c78a0feef9301c2,f64b89542724a434,f64b89542724a434,2227,200,GET,ts-travel-service
1650503418,ts-basic-service,53105395677d707,d6e39ed025fb8d05,f64b89542724a434,3524,200,GET,ts-basic-service
1650503418,ts-security-service,faa1a1ee9ec47976,3a76c1791c0d01ea,e9295f41edfffbb0,5009,200,GET,ts-security-service
1650503418,ts-security-service,3a76c1791c0d01ea,cccd643c4fa673c1,e9295f41edfffbb0,27279,200,check,ts-preserve-service
1650503418,ts-preserve-service,cccd643c4fa673c1,e9295f41edfffbb0,e9295f41edfffbb0,29034,200,GET,ts-preserve-service
1650503418,ts-contacts-service,8d96582500e4d20f,177c41a7a5fdad0b,e9295f41edfffbb0,2570,200,getContactsByContactsId,ts-preserve-service
1650503418,ts-travel-service,cb13d679da702e9b,f64b89542724a434,f64b89542724a434,2270,200,GET,ts-travel-service
1650503418,ts-travel-service,f64b89542724a434,,f64b89542724a434,49576,200,queryInfo,no_parent
1650503418,ts-travel-service,da5c7cfcffc76cbc,f64b89542724a434,f64b89542724a434,3946,200,GET,ts-travel-service
1650503418,ts-order-other-service,3204c898af756f99,faa1a1ee9ec47976,e9295f41edfffbb0,3158,200,securityInfoCheck,ts-security-service
1650503418,ts-route-service,7935e132a3af8b26,784841282eacb8d9,f64b89542724a434,2183,200,queryById,ts-travel-service
1650503418,ts-route-service,29fe398c69498402,b196e2ad74cb1c90,f64b89542724a434,2171,200,queryById,ts-travel-service
1650503418,ts-route-service,54be1764c4ebc6e5,cb13d679da702e9b,f64b89542724a434,2169,200,queryById,ts-travel-service
1650503418,ts-ticketinfo-service,964bac1d2497e591,10e7986acc6f2ed2,f64b89542724a434,9745,200,queryForStationId,ts-travel-service
1650503418,ts-ticketinfo-service,86c9b058a5afeed1,964bac1d2497e591,f64b89542724a434,7369,200,GET,ts-ticketinfo-service
1650503418,ts-security-service,96c9d489614e6363,3a76c1791c0d01ea,e9295f41edfffbb0,4693,200,GET,ts-security-service
1650503418,ts-travel-service,784841282eacb8d9,f64b89542724a434,f64b89542724a434,2287,200,GET,ts-travel-service
1650503418,ts-travel-service,10e7986acc6f2ed2,f64b89542724a434,f64b89542724a434,11261,200,GET,ts-travel-service
1650503418,ts-ticketinfo-service,abd5f1df1d39709a,9e061df272ece83,f64b89542724a434,14832,200,queryForStationId,ts-travel-service
1650503418,ts-station-service,df26ba6e5ff53bdd,aec63265bf189b2c,3d50d7e4b1a74a6e,7999,200,queryForNameBatch,ts-order-service
1650503418,ts-order-service,3d50d7e4b1a74a6e,,3d50d7e4b1a74a6e,12478,200,queryOrdersForRefresh,no_parent
1650503418,ts-order-service,aec63265bf189b2c,3d50d7e4b1a74a6e,3d50d7e4b1a74a6e,9473,200,POST,ts-order-service
1650503418,ts-basic-service,119024b096a80675,da6971c9c2a1916f,f64b89542724a434,3087,200,GET,ts-basic-service
1650503418,ts-basic-service,da6971c9c2a1916f,b830c9be563a29a7,f64b89542724a434,5472,200,queryForStationId,ts-ticketinfo-service
1650503418,ts-verification-code-service,a87a2eb29c7ba877,,a87a2eb29c7ba877,2661,200,imageCode,no_parent
1650503418,ts-station-service,5765316398642c16,53105395677d707,f64b89542724a434,2270,200,queryForStationId,ts-basic-service
1650503418,ts-auth-service,bbe66b96025ab23a,,bbe66b96025ab23a,113824,200,getToken,no_parent
1650503418,ts-verification-code-service,c86efa89cd6defa1,6a51b34f47a04caf,bbe66b96025ab23a,1691,200,verifyCode,ts-auth-service
1650503418,ts-auth-service,6a51b34f47a04caf,bbe66b96025ab23a,bbe66b96025ab23a,3396,200,GET,ts-auth-service
1650503418,ts-route-service,675acd7e9cbe2102,c78a0feef9301c2,f64b89542724a434,2137,200,queryById,ts-travel-service
1650503418,ts-basic-service,d6e39ed025fb8d05,86c9b058a5afeed1,f64b89542724a434,6274,200,queryForStationId,ts-ticketinfo-service
1650503418,ts-ticketinfo-service,b830c9be563a29a7,abd5f1df1d39709a,f64b89542724a434,6197,200,GET,ts-ticketinfo-service
1650503418,ts-station-service,ff24f96028c4c87b,119024b096a80675,f64b89542724a434,2147,200,queryForStationId,ts-basic-service
1650503418,ts-travel-service,9e061df272ece83,f64b89542724a434,f64b89542724a434,15318,200,GET,ts-travel-service
1650503418,ts-travel-service,b196e2ad74cb1c90,f64b89542724a434,f64b89542724a434,2645,200,GET,ts-travel-service
1650503418,ts-preserve-service,e9295f41edfffbb0,,e9295f41edfffbb0,36166,200,preserve,no_parent
1650503418,ts-assurance-service,ad360ead5d715c8c,,ad360ead5d715c8c,1633,200,getAllAssuranceType,no_parent
1650503418,ts-contacts-service,17508453c4e1852f,,17508453c4e1852f,2949,200,findContactsByAccountId,no_parent
1650503478,ts-route-service,26b597eb915fb5f8,6d77a26c1e0ae0a2,a402b3906555b943,2058,200,queryById,ts-travel-service
1650503478,ts-security-service,f966f5a2f5c1b2d4,afd2a26e3f68f04f,149aab6cef1832ab,14199,200,check,ts-preserve-service
1650503478,ts-contacts-service,1d4a145e67a2c73a,7b21fe601829a4e6,149aab6cef1832ab,2158,200,getContactsByContactsId,ts-preserve-service
1650503478,ts-preserve-service,afd2a26e3f68f04f,149aab6cef1832ab,149aab6cef1832ab,16162,200,GET,ts-preserve-service
1650503478,ts-ticketinfo-service,c3728024dc8cabb9,76e6683295f52c6d,a402b3906555b943,6475,200,GET,ts-ticketinfo-service
1650503478,ts-preserve-service,149aab6cef1832ab,,149aab6cef1832ab,22727,200,preserve,no_parent
1650503478,ts-order-other-service,1afc9dc7775c101b,f1dea1547af051d1,149aab6cef1832ab,2811,200,securityInfoCheck,ts-security-service
1650503478,ts-travel-service,6d77a26c1e0ae0a2,a402b3906555b943,a402b3906555b943,2852,200,GET,ts-travel-service
1650503478,ts-travel-service,73d2855ebe222090,a402b3906555b943,a402b3906555b943,2634,200,GET,ts-travel-service
1650503478,ts-travel-service,90f54f5c70c0b305,a402b3906555b943,a402b3906555b943,8842,200,GET,ts-travel-service
1650503478,ts-travel-service,fde55b278f5877bc,a402b3906555b943,a402b3906555b943,2634,200,GET,ts-travel-service
1650503478,ts-travel-service,75e6ecb60e799b92,a402b3906555b943,a402b3906555b943,4065,200,GET,ts-travel-service
1650503478,ts-verification-code-service,14e70cd52c155e6b,4208caffb8a8965f,f1f16d0789d69139,1432,200,verifyCode,ts-auth-service
1650503478,ts-auth-service,4208caffb8a8965f,f1f16d0789d69139,f1f16d0789d69139,3187,200,GET,ts-auth-service
1650503478,ts-auth-service,f1f16d0789d69139,,f1f16d0789d69139,135596,200,getToken,no_parent
1650503478,ts-order-service,d4c6bdd210cde9af,,d4c6bdd210cde9af,12451,200,queryOrdersForRefresh,no_parent
1650503478,ts-travel-service,577fd658f06654a3,a402b3906555b943,a402b3906555b943,2324,200,GET,ts-travel-service
1650503478,ts-travel-service,a402b3906555b943,,a402b3906555b943,44483,200,queryInfo,no_parent
1650503478,ts-order-service,8a2ec39ff11d3d3d,2e12e6c1802f7023,149aab6cef1832ab,3509,200,securityInfoCheck,ts-security-service
1650503478,ts-station-service,c26bb97d32cc8606,c6bf32baf3a33523,d4c6bdd210cde9af,8020,200,queryForNameBatch,ts-order-service
1650503478,ts-security-service,f1dea1547af051d1,f966f5a2f5c1b2d4,149aab6cef1832ab,4359,200,GET,ts-security-service
1650503478,ts-route-service,57ff20461d98b85a,73d2855ebe222090,a402b3906555b943,2208,200,queryById,ts-travel-service
1650503478,ts-basic-service,3d1f8f0bdd143b2c,bd87dc3a89b154f6,a402b3906555b943,6437,200,queryForStationId,ts-ticketinfo-service
1650503478,ts-basic-service,7630bff66b75073b,3d1f8f0bdd143b2c,a402b3906555b943,4041,200,GET,ts-basic-service
1650503478,ts-ticketinfo-service,bd87dc3a89b154f6,5b429118675045e7,a402b3906555b943,8268,200,GET,ts-ticketinfo-service
1650503478,ts-preserve-service,7b21fe601829a4e6,149aab6cef1832ab,149aab6cef1832ab,3406,200,GET,ts-preserve-service
1650503478,ts-basic-service,e6d50e8866ee2b9d,c3728024dc8cabb9,a402b3906555b943,6060,200,queryForStationId,ts-ticketinfo-service
1650503478,ts-ticketinfo-service,5b429118675045e7,b633d0738840f81a,a402b3906555b943,10119,200,queryForStationId,ts-travel-service
1650503478,ts-travel-service,b633d0738840f81a,a402b3906555b943,a402b3906555b943,12059,200,GET,ts-travel-service
1650503478,ts-route-service,1ee91fb94f557059,577fd658f06654a3,a402b3906555b943,1865,200,queryById,ts-travel-service
1650503478,ts-route-service,aa861da76c55f631,75e6ecb60e799b92,a402b3906555b943,2370,200,queryById,ts-travel-service
1650503478,ts-security-service,2e12e6c1802f7023,f966f5a2f5c1b2d4,149aab6cef1832ab,5100,200,GET,ts-security-service
1650503478,ts-contacts-service,f62d05eaa7a23053,,f62d05eaa7a23053,3058,200,findContactsByAccountId,no_parent
1650503478,ts-route-service,8c084f5bf6f04430,fde55b278f5877bc,a402b3906555b943,2153,200,queryById,ts-travel-service
1650503478,ts-basic-service,ca1869af68613a87,e6d50e8866ee2b9d,a402b3906555b943,3417,200,GET,ts-basic-service
1650503478,ts-ticketinfo-service,76e6683295f52c6d,90f54f5c70c0b305,a402b3906555b943,8570,200,queryForStationId,ts-travel-service
1650503478,ts-station-service,7e14cc84a5a3a5c6,7630bff66b75073b,a402b3906555b943,2269,200,queryForStationId,ts-basic-service
1650503478,ts-station-service,f9583c9302be87f7,ca1869af68613a87,a402b3906555b943,2275,200,queryForStationId,ts-basic-service
1650503478,ts-order-service,c6bf32baf3a33523,d4c6bdd210cde9af,d4c6bdd210cde9af,9471,200,POST,ts-order-service
1650503478,ts-verification-code-service,a22fac1dd2078801,,a22fac1dd2078801,2022,200,imageCode,no_parent
1650503479,ts-assurance-service,361ee10239ffbf0f,,361ee10239ffbf0f,1555,200,getAllAssuranceType,no_parent
1650503539,ts-auth-service,d3502014348c9aff,,d3502014348c9aff,107749,200,getToken,no_parent
1650503539,ts-assurance-service,3210dca9af750f1b,,3210dca9af750f1b,1327,200,getAllAssuranceType,no_parent
1650503539,ts-security-service,7c069b429e5073fe,65e59ee6675a456e,801028ab852540c5,4513,200,GET,ts-security-service
1650503539,ts-security-service,b20443c050c11c71,65e59ee6675a456e,801028ab852540c5,5036,200,GET,ts-security-service
1650503539,ts-security-service,65e59ee6675a456e,26ea7028b0de6111,801028ab852540c5,14263,200,check,ts-preserve-service
1650503539,ts-order-service,f4d26bc1bb8d5d5c,,f4d26bc1bb8d5d5c,11997,200,queryOrdersForRefresh,no_parent
1650503539,ts-order-service,d40ba37fc3969338,f4d26bc1bb8d5d5c,f4d26bc1bb8d5d5c,9059,200,POST,ts-order-service
1650503539,ts-travel-service,effb7956fe582e15,6c156fb1b5854764,6c156fb1b5854764,8469,200,GET,ts-travel-service
1650503539,ts-ticketinfo-service,b704a6e1b686b4d2,7948c892bae474b6,6c156fb1b5854764,9418,200,queryForStationId,ts-travel-service
1650503539,ts-ticketinfo-service,80cbc5f2f8c60ae3,97c008b3d0bccdad,6c156fb1b5854764,5918,200,GET,ts-ticketinfo-service
1650503539,ts-ticketinfo-service,97c008b3d0bccdad,effb7956fe582e15,6c156fb1b5854764,7953,200,queryForStationId,ts-travel-service
1650503539,ts-station-service,a0ec2640535e9503,75367795ae8417c2,6c156fb1b5854764,1807,200,queryForStationId,ts-basic-service
1650503539,ts-station-service,e4abd5a685ddb891,d4363ff6c6746c62,6c156fb1b5854764,2268,200,queryForStationId,ts-basic-service
1650503539,ts-route-service,33a385582f20f9c6,7a35334299d36c88,6c156fb1b5854764,2781,200,queryById,ts-travel-service
1650503539,ts-route-service,c6ddbc2251d0a681,1d2699d4ffcc26e4,6c156fb1b5854764,2192,200,queryById,ts-travel-service
1650503539,ts-basic-service,d4363ff6c6746c62,4af0fc5215b9935b,6c156fb1b5854764,2884,200,GET,ts-basic-service
1650503539,ts-ticketinfo-service,24a39fdb9a9da8c5,b704a6e1b686b4d2,6c156fb1b5854764,6793,200,GET,ts-ticketinfo-service
1650503539,ts-auth-service,5b93b3eb787ac69c,d3502014348c9aff,d3502014348c9aff,3375,200,GET,ts-auth-service
1650503539,ts-verification-code-service,407aa33fa8785f5a,5b93b3eb787ac69c,d3502014348c9aff,1678,200,verifyCode,ts-auth-service
1650503539,ts-travel-service,1adb14016e887562,6c156fb1b5854764,6c156fb1b5854764,2260,200,GET,ts-travel-service
1650503539,ts-travel-service,1d2699d4ffcc26e4,6c156fb1b5854764,6c156fb1b5854764,2594,200,GET,ts-travel-service
1650503539,ts-travel-service,7a35334299d36c88,6c156fb1b5854764,6c156fb1b5854764,4586,200,GET,ts-travel-service
1650503539,ts-preserve-service,26ea7028b0de6111,801028ab852540c5,801028ab852540c5,15905,200,GET,ts-preserve-service
1650503539,ts-travel-service,7948c892bae474b6,6c156fb1b5854764,6c156fb1b5854764,11700,200,GET,ts-travel-service
1650503539,ts-travel-service,f70713fbcf91b1b4,6c156fb1b5854764,6c156fb1b5854764,2231,200,GET,ts-travel-service
1650503539,ts-travel-service,6c156fb1b5854764,,6c156fb1b5854764,49847,200,queryInfo,no_parent
1650503539,ts-station-service,89b2ac74c282d1e9,d40ba37fc3969338,f4d26bc1bb8d5d5c,7639,200,queryForNameBatch,ts-order-service
1650503539,ts-basic-service,75367795ae8417c2,92c5542113b265f7,6c156fb1b5854764,2996,200,GET,ts-basic-service
1650503539,ts-basic-service,4af0fc5215b9935b,80cbc5f2f8c60ae3,6c156fb1b5854764,5076,200,queryForStationId,ts-ticketinfo-service
1650503539,ts-basic-service,92c5542113b265f7,24a39fdb9a9da8c5,6c156fb1b5854764,5643,200,queryForStationId,ts-ticketinfo-service
1650503539,ts-contacts-service,eec4e0a60b92c706,65ed0bec01911c28,801028ab852540c5,2349,200,getContactsByContactsId,ts-preserve-service
1650503539,ts-travel-service,10c03e124f5eadaa,6c156fb1b5854764,6c156fb1b5854764,2320,200,GET,ts-travel-service
1650503539,ts-route-service,ed8cc7b49ed34f91,f70713fbcf91b1b4,6c156fb1b5854764,2006,200,queryById,ts-travel-service
1650503539,ts-route-service,a9541eb2ee34c4a0,10c03e124f5eadaa,6c156fb1b5854764,2256,200,queryById,ts-travel-service
1650503539,ts-order-service,85b433143dad6c14,b20443c050c11c71,801028ab852540c5,3526,200,securityInfoCheck,ts-security-service
1650503539,ts-preserve-service,801028ab852540c5,,801028ab852540c5,22557,200,preserve,no_parent
1650503539,ts-preserve-service,65ed0bec01911c28,801028ab852540c5,801028ab852540c5,3575,200,GET,ts-preserve-service
1650503539,ts-order-other-service,b8bc45f2074ed1d0,7c069b429e5073fe,801028ab852540c5,3118,200,securityInfoCheck,ts-security-service
1650503539,ts-contacts-service,a0adc6b5f1fdd4bd,,a0adc6b5f1fdd4bd,2838,200,findContactsByAccountId,no_parent
1650503539,ts-route-service,118d5673cd80441b,1adb14016e887562,6c156fb1b5854764,2202,200,queryById,ts-travel-service
1650503539,ts-verification-code-service,89cc69fee01d425f,,89cc69fee01d425f,2315,200,imageCode,no_parent
1650503599,ts-auth-service,889bb566f9eb4e08,,889bb566f9eb4e08,128096,200,getToken,no_parent
1650503599,ts-travel-service,a73207c9b1ea8962,,a73207c9b1ea8962,43374,200,queryInfo,no_parent
1650503599,ts-order-service,7764bbeb359513df,b3b8137a795fb00b,b3b8137a795fb00b,9949,200,POST,ts-order-service
1650503599,ts-route-service,57483b7b3274a5e2,dc34d235d35569ac,a73207c9b1ea8962,2058,200,queryById,ts-travel-service
1650503599,ts-travel-service,5d123cce8e176086,a73207c9b1ea8962,a73207c9b1ea8962,4031,200,GET,ts-travel-service
1650503599,ts-route-service,50b0cc86239b9a63,222d6fe34351e142,a73207c9b1ea8962,2111,200,queryById,ts-travel-service
1650503599,ts-route-service,2484ec3fb314bd2e,2cfc977c57f8a669,a73207c9b1ea8962,1993,200,queryById,ts-travel-service
1650503599,ts-station-service,bd3633d83a892fc3,ba48a86a67e3e368,a73207c9b1ea8962,2178,200,queryForStationId,ts-basic-service
1650503599,ts-station-service,f80376ad4b27104c,54ebe8dde9c51fee,a73207c9b1ea8962,2090,200,queryForStationId,ts-basic-service
1650503599,ts-preserve-service,d6233839535d418c,48b21cff492f3540,48b21cff492f3540,15557,200,GET,ts-preserve-service
1650503599,ts-security-service,beb92bf19b11e4c2,46270354dc3f766f,48b21cff492f3540,4731,200,GET,ts-security-service
1650503599,ts-route-service,333f7ca36013c15f,5d123cce8e176086,a73207c9b1ea8962,2321,200,queryById,ts-travel-service
1650503599,ts-preserve-service,48b21cff492f3540,,48b21cff492f3540,21400,200,preserve,no_parent
1650503599,ts-order-other-service,a064248c522623aa,7c97b0d98a85ed60,48b21cff492f3540,3122,200,securityInfoCheck,ts-security-service
1650503599,ts-security-service,7c97b0d98a85ed60,46270354dc3f766f,48b21cff492f3540,4500,200,GET,ts-security-service
1650503599,ts-security-service,46270354dc3f766f,d6233839535d418c,48b21cff492f3540,14097,200,check,ts-preserve-service
1650503599,ts-basic-service,ba48a86a67e3e368,251ffeb10901f13a,a73207c9b1ea8962,3167,200,GET,ts-basic-service
1650503599,ts-ticketinfo-service,456422bfb144bce7,609c13ae8fc0d4c,a73207c9b1ea8962,8247,200,queryForStationId,ts-travel-service
1650503599,ts-travel-service,222d6fe34351e142,a73207c9b1ea8962,a73207c9b1ea8962,3021,200,GET,ts-travel-service
1650503599,ts-route-service,8efee2a55a9bde81,b1516fa65059be2d,a73207c9b1ea8962,1998,200,queryById,ts-travel-service
1650503599,ts-travel-service,95508f05e7e53d64,a73207c9b1ea8962,a73207c9b1ea8962,9657,200,GET,ts-travel-service
1650503599,ts-travel-service,dc34d235d35569ac,a73207c9b1ea8962,a73207c9b1ea8962,2677,200,GET,ts-travel-service
1650503599,ts-travel-service,609c13ae8fc0d4c,a73207c9b1ea8962,a73207c9b1ea8962,9023,200,GET,ts-travel-service
1650503599,ts-basic-service,f95abe6c1c1ef585,c929ed5279ca443e,a73207c9b1ea8962,5370,200,queryForStationId,ts-ticketinfo-service
1650503599,ts-basic-service,251ffeb10901f13a,6b0fdaf9873e0620,a73207c9b1ea8962,5252,200,queryForStationId,ts-ticketinfo-service
1650503599,ts-basic-service,54ebe8dde9c51fee,f95abe6c1c1ef585,a73207c9b1ea8962,2875,200,GET,ts-basic-service
1650503599,ts-preserve-service,bc2ad686b9a6797,48b21cff492f3540,48b21cff492f3540,3107,200,GET,ts-preserve-service
1650503599,ts-contacts-service,7ee3303beb87305,bc2ad686b9a6797,48b21cff492f3540,2027,200,getContactsByContactsId,ts-preserve-service
1650503599,ts-order-service,7fb1fa51ea5dc459,beb92bf19b11e4c2,48b21cff492f3540,3377,200,securityInfoCheck,ts-security-service
1650503599,ts-ticketinfo-service,1d067c7b3d9463ae,95508f05e7e53d64,a73207c9b1ea8962,8191,200,queryForStationId,ts-travel-service
1650503599,ts-verification-code-service,d4e06836cd5ce1ec,,d4e06836cd5ce1ec,2671,200,imageCode,no_parent
1650503599,ts-travel-service,b1516fa65059be2d,a73207c9b1ea8962,a73207c9b1ea8962,2627,200,GET,ts-travel-service
1650503599,ts-verification-code-service,453209df25c17a4e,55e3af92ac5c3d07,889bb566f9eb4e08,1648,200,verifyCode,ts-auth-service
1650503599,ts-auth-service,55e3af92ac5c3d07,889bb566f9eb4e08,889bb566f9eb4e08,3475,200,GET,ts-auth-service
1650503599,ts-ticketinfo-service,c929ed5279ca443e,456422bfb144bce7,a73207c9b1ea8962,6468,200,GET,ts-ticketinfo-service
1650503599,ts-contacts-service,d2f0bf39044ad025,,d2f0bf39044ad025,3315,200,findContactsByAccountId,no_parent
1650503599,ts-travel-service,2cfc977c57f8a669,a73207c9b1ea8962,a73207c9b1ea8962,2510,200,GET,ts-travel-service
1650503599,ts-ticketinfo-service,6b0fdaf9873e0620,1d067c7b3d9463ae,a73207c9b1ea8962,6108,200,GET,ts-ticketinfo-service
1650503599,ts-order-service,b3b8137a795fb00b,,b3b8137a795fb00b,13480,200,queryOrdersForRefresh,no_parent
1650503599,ts-station-service,7a5d79d7f45de5cc,7764bbeb359513df,b3b8137a795fb00b,8335,200,queryForNameBatch,ts-order-service
1650503599,ts-assurance-service,52d1d2d688ab4aaf,,52d1d2d688ab4aaf,1463,200,getAllAssuranceType,no_parent
1650503659,ts-assurance-service,8e2ff3ffac55825e,,8e2ff3ffac55825e,1538,200,getAllAssuranceType,no_parent
1650503659,ts-station-service,119dc63f51790e8b,225071519a642072,3e6b2815b124722a,2140,200,queryForStationId,ts-basic-service
1650503659,ts-travel-service,548380d67d77da1e,3e6b2815b124722a,3e6b2815b124722a,2977,200,GET,ts-travel-service
1650503659,ts-ticketinfo-service,ba53a37beba01a7a,46fcdf1bf7a547d8,3e6b2815b124722a,7775,200,queryForStationId,ts-travel-service
1650503659,ts-route-service,90d6028d67b33cb5,2b3b8c6514fda95e,3e6b2815b124722a,2162,200,queryById,ts-travel-service
1650503659,ts-route-service,52fe6a122aa3340e,56e8d80d479f3a4b,3e6b2815b124722a,2156,200,queryById,ts-travel-service
1650503659,ts-travel-service,22f7b44a26f3288b,3e6b2815b124722a,3e6b2815b124722a,10825,200,GET,ts-travel-service
1650503659,ts-travel-service,3e6b2815b124722a,,3e6b2815b124722a,41630,200,queryInfo,no_parent
1650503659,ts-travel-service,4dca549d266917a,3e6b2815b124722a,3e6b2815b124722a,3939,200,GET,ts-travel-service
1650503659,ts-travel-service,2b3b8c6514fda95e,3e6b2815b124722a,3e6b2815b124722a,2489,200,GET,ts-travel-service
1650503659,ts-travel-service,56e8d80d479f3a4b,3e6b2815b124722a,3e6b2815b124722a,2286,200,GET,ts-travel-service
1650503659,ts-travel-service,7ac39630411d467,3e6b2815b124722a,3e6b2815b124722a,2268,200,GET,ts-travel-service
1650503659,ts-verification-code-service,a43749be797415d5,cf398c65480a866,dc36d8e242bae4b9,1906,200,verifyCode,ts-auth-service
1650503659,ts-contacts-service,5497fc610b1b8a00,,5497fc610b1b8a00,3008,200,findContactsByAccountId,no_parent
1650503659,ts-station-service,2b18e66151353051,22559d56b23dbd05,3090ae31f7ffc776,7818,200,queryForNameBatch,ts-order-service
1650503659,ts-order-service,51f5f75076fefeba,d33a72ead04f984b,8d798fe034bb223b,3374,200,securityInfoCheck,ts-security-service
1650503659,ts-auth-service,cf398c65480a866,dc36d8e242bae4b9,dc36d8e242bae4b9,3642,200,GET,ts-auth-service
1650503659,ts-contacts-service,92e6ca00d41196ea,fe8b825a12fbd4ad,8d798fe034bb223b,2423,200,getContactsByContactsId,ts-preserve-service
1650503659,ts-station-service,b476a69d9d01c300,bc9dab43a5e7e5ee,3e6b2815b124722a,2008,200,queryForStationId,ts-basic-service
1650503659,ts-travel-service,46fcdf1bf7a547d8,3e6b2815b124722a,3e6b2815b124722a,8215,200,GET,ts-travel-service
1650503659,ts-preserve-service,fe8b825a12fbd4ad,8d798fe034bb223b,8d798fe034bb223b,3591,200,GET,ts-preserve-service
1650503659,ts-preserve-service,8d798fe034bb223b,,8d798fe034bb223b,22393,200,preserve,no_parent
1650503659,ts-order-other-service,25a2ff919dfd3b74,df0f5fccfd22ff4f,8d798fe034bb223b,3241,200,securityInfoCheck,ts-security-service
1650503659,ts-security-service,d33a72ead04f984b,c1ed53ef1c69b4aa,8d798fe034bb223b,4755,200,GET,ts-security-service
1650503659,ts-security-service,df0f5fccfd22ff4f,c1ed53ef1c69b4aa,8d798fe034bb223b,4510,200,GET,ts-security-service
1650503659,ts-security-service,c1ed53ef1c69b4aa,d1440fd0fc8af6b5,8d798fe034bb223b,14269,200,check,ts-preserve-service
1650503659,ts-order-service,22559d56b23dbd05,3090ae31f7ffc776,3090ae31f7ffc776,9363,200,POST,ts-order-service
1650503659,ts-order-service,3090ae31f7ffc776,,3090ae31f7ffc776,12758,200,queryOrdersForRefresh,no_parent
1650503659,ts-ticketinfo-service,bed597102a12a8ab,cefcfd4cbd8ea30f,3e6b2815b124722a,6867,200,GET,ts-ticketinfo-service
1650503659,ts-route-service,1e1d94388b1d0e6c,7ac39630411d467,3e6b2815b124722a,2140,200,queryById,ts-travel-service
1650503659,ts-ticketinfo-service,cefcfd4cbd8ea30f,22f7b44a26f3288b,3e6b2815b124722a,9263,200,queryForStationId,ts-travel-service
1650503659,ts-ticketinfo-service,c239e0fc939742c7,ba53a37beba01a7a,3e6b2815b124722a,5815,200,GET,ts-ticketinfo-service
1650503659,ts-basic-service,2b79af2319f8f158,c239e0fc939742c7,3e6b2815b124722a,5018,200,queryForStationId,ts-ticketinfo-service
1650503659,ts-basic-service,bc9dab43a5e7e5ee,b4a03711abcd0b74,3e6b2815b124722a,3170,200,GET,ts-basic-service
1650503659,ts-basic-service,225071519a642072,2b79af2319f8f158,3e6b2815b124722a,2867,200,GET,ts-basic-service
1650503659,ts-basic-service,b4a03711abcd0b74,bed597102a12a8ab,3e6b2815b124722a,5623,200,queryForStationId,ts-ticketinfo-service
1650503659,ts-route-service,3d45eafb6e925d66,4dca549d266917a,3e6b2815b124722a,2610,200,queryById,ts-travel-service
1650503659,ts-route-service,e739c8863fadc183,548380d67d77da1e,3e6b2815b124722a,2123,200,queryById,ts-travel-service
1650503659,ts-preserve-service,d1440fd0fc8af6b5,8d798fe034bb223b,8d798fe034bb223b,15765,200,GET,ts-preserve-service
1650503659,ts-auth-service,dc36d8e242bae4b9,,dc36d8e242bae4b9,116860,200,getToken,no_parent
1650503659,ts-verification-code-service,fab68a07a118dd05,,fab68a07a118dd05,2652,200,imageCode,no_parent
1650503719,ts-auth-service,39144bafb932545e,35d9ca3af16c0e33,35d9ca3af16c0e33,3589,200,GET,ts-auth-service
1650503719,ts-contacts-service,4fbf7b6c4bfa6c50,,4fbf7b6c4bfa6c50,2912,200,findContactsByAccountId,no_parent
1650503719,ts-preserve-service,ce15bc35468aa24a,a7cc784b993b8d5a,a7cc784b993b8d5a,16872,200,GET,ts-preserve-service
1650503719,ts-order-service,4233f9986178511d,203f003989f4a5d3,a7cc784b993b8d5a,3557,200,securityInfoCheck,ts-security-service
1650503719,ts-auth-service,35d9ca3af16c0e33,,35d9ca3af16c0e33,112710,200,getToken,no_parent
1650503719,ts-order-service,10094303071a1a5e,,10094303071a1a5e,12614,200,queryOrdersForRefresh,no_parent
1650503719,ts-order-service,fe85ac140c9ccce7,10094303071a1a5e,10094303071a1a5e,9623,200,POST,ts-order-service
1650503719,ts-order-other-service,6ee92b72da6791c4,db49777ae4f597c3,a7cc784b993b8d5a,3267,200,securityInfoCheck,ts-security-service
1650503719,ts-security-service,db49777ae4f597c3,320cf145a67e46cb,a7cc784b993b8d5a,5370,200,GET,ts-security-service
1650503719,ts-security-service,320cf145a67e46cb,ce15bc35468aa24a,a7cc784b993b8d5a,15274,200,check,ts-preserve-service
1650503719,ts-security-service,203f003989f4a5d3,320cf145a67e46cb,a7cc784b993b8d5a,5111,200,GET,ts-security-service
1650503719,ts-contacts-service,66aa50b128e16a94,9f1b880cd540f750,a7cc784b993b8d5a,2571,200,getContactsByContactsId,ts-preserve-service
1650503719,ts-preserve-service,9f1b880cd540f750,a7cc784b993b8d5a,a7cc784b993b8d5a,3794,200,GET,ts-preserve-service
1650503719,ts-preserve-service,a7cc784b993b8d5a,,a7cc784b993b8d5a,23797,200,preserve,no_parent
1650503719,ts-station-service,da84c7aa1aa16c30,fe85ac140c9ccce7,10094303071a1a5e,7787,200,queryForNameBatch,ts-order-service
1650503719,ts-verification-code-service,b1c1286083996d55,39144bafb932545e,35d9ca3af16c0e33,1956,200,verifyCode,ts-auth-service
1650503719,ts-verification-code-service,993310e3ada0dccc,,993310e3ada0dccc,2760,200,imageCode,no_parent
1650503720,ts-route-service,f6680bdaadc20857,9742c8c99c1dbdf8,f0d81497328e06fd,2790,200,queryById,ts-travel-service
1650503720,ts-travel-service,b3348318c08a399d,f0d81497328e06fd,f0d81497328e06fd,4174,200,GET,ts-travel-service
1650503720,ts-travel-service,f81fd17eef77a101,f0d81497328e06fd,f0d81497328e06fd,2396,200,GET,ts-travel-service
1650503720,ts-travel-service,e0330297ca62605d,f0d81497328e06fd,f0d81497328e06fd,7432,200,GET,ts-travel-service
1650503720,ts-station-service,cc9841d3582467a5,a10f42da58be866f,f0d81497328e06fd,1940,200,queryForStationId,ts-basic-service
1650503720,ts-station-service,b6f17f42ffedfec,21e8ea68ca664865,f0d81497328e06fd,2233,200,queryForStationId,ts-basic-service
1650503720,ts-travel-service,9742c8c99c1dbdf8,f0d81497328e06fd,f0d81497328e06fd,4091,200,GET,ts-travel-service
1650503720,ts-route-service,c28de03c7d277ed,b21063a22c7b35f6,f0d81497328e06fd,2716,200,queryById,ts-travel-service
1650503720,ts-route-service,773244b6135e099f,b3348318c08a399d,f0d81497328e06fd,3508,200,queryById,ts-travel-service
1650503720,ts-route-service,2345d44703bc97dd,f81fd17eef77a101,f0d81497328e06fd,1927,200,queryById,ts-travel-service
1650503720,ts-route-service,888d376fcb2b628a,eca7d79184aff7ad,f0d81497328e06fd,3543,200,queryById,ts-travel-service
1650503720,ts-basic-service,cb70821fa607c5fb,5f29afc13904ac19,f0d81497328e06fd,11896,200,queryForStationId,ts-ticketinfo-service
1650503720,ts-travel-service,970cd4eda8f825ea,f0d81497328e06fd,f0d81497328e06fd,16760,200,GET,ts-travel-service
1650503720,ts-travel-service,eca7d79184aff7ad,f0d81497328e06fd,f0d81497328e06fd,4301,200,GET,ts-travel-service
1650503720,ts-ticketinfo-service,18d2c74d39a9a052,970cd4eda8f825ea,f0d81497328e06fd,15051,200,queryForStationId,ts-travel-service
1650503720,ts-travel-service,f0d81497328e06fd,,f0d81497328e06fd,53183,200,queryInfo,no_parent
1650503720,ts-travel-service,b21063a22c7b35f6,f0d81497328e06fd,f0d81497328e06fd,2930,200,GET,ts-travel-service
1650503720,ts-basic-service,a10f42da58be866f,e5c49939c6d52b5b,f0d81497328e06fd,2609,200,GET,ts-basic-service
1650503720,ts-basic-service,21e8ea68ca664865,cb70821fa607c5fb,f0d81497328e06fd,9534,200,GET,ts-basic-service
1650503720,ts-basic-service,e5c49939c6d52b5b,d965e67f11cdd2d0,f0d81497328e06fd,4685,200,queryForStationId,ts-ticketinfo-service
1650503720,ts-ticketinfo-service,d965e67f11cdd2d0,7fbbd7f930e57aad,f0d81497328e06fd,5321,200,GET,ts-ticketinfo-service
1650503720,ts-ticketinfo-service,5f29afc13904ac19,18d2c74d39a9a052,f0d81497328e06fd,12889,200,GET,ts-ticketinfo-service
1650503720,ts-ticketinfo-service,7fbbd7f930e57aad,e0330297ca62605d,f0d81497328e06fd,7025,200,queryForStationId,ts-travel-service
1650503720,ts-assurance-service,f3478b7f6b742706,,f3478b7f6b742706,1396,200,getAllAssuranceType,no_parent
1650503780,ts-ticketinfo-service,b15cc33d999010b1,aba1a6a0d8bda5fb,f66414bfd850016e,10260,200,queryForStationId,ts-travel-service
1650503780,ts-route-service,c75109479b769c25,7a0fe2a5feb3cd0,f66414bfd850016e,10146,200,queryById,ts-travel-service
1650503780,ts-route-service,59727022b3697f9f,c178fc3a96db196f,f66414bfd850016e,2205,200,queryById,ts-travel-service
1650503780,ts-route-service,a821ee42aeb4eae5,86754a9f1efa2e08,f66414bfd850016e,2254,200,queryById,ts-travel-service
1650503780,ts-verification-code-service,9621e35979840711,57a867fe7a87d4b,7e3f99947bb82676,1672,200,verifyCode,ts-auth-service
1650503780,ts-preserve-service,471edc6e7dc08629,4554a2c93b8cda0e,4554a2c93b8cda0e,14471,200,GET,ts-preserve-service
1650503780,ts-order-service,8fb4fda2ad0a9af8,f0617c30f416dd3c,4554a2c93b8cda0e,2890,200,securityInfoCheck,ts-security-service
1650503780,ts-contacts-service,8bf5d533c812ef26,aac80007ab9c948,4554a2c93b8cda0e,2496,200,getContactsByContactsId,ts-preserve-service
1650503780,ts-order-service,7c2b36165eba815b,,7c2b36165eba815b,12986,200,queryOrdersForRefresh,no_parent
1650503780,ts-order-service,786e2f06dfc9b145,7c2b36165eba815b,7c2b36165eba815b,9667,200,POST,ts-order-service
1650503780,ts-security-service,f0617c30f416dd3c,70bd44b69a85341f,4554a2c93b8cda0e,4237,200,GET,ts-security-service
1650503780,ts-security-service,70bd44b69a85341f,471edc6e7dc08629,4554a2c93b8cda0e,13161,200,check,ts-preserve-service
1650503780,ts-route-service,bc634a52804b7a8a,543159ee42eb1dcf,f66414bfd850016e,2138,200,queryById,ts-travel-service
1650503780,ts-order-other-service,35d411bfa3db6064,ec204365102bfccd,4554a2c93b8cda0e,2240,200,securityInfoCheck,ts-security-service
1650503780,ts-preserve-service,4554a2c93b8cda0e,,4554a2c93b8cda0e,20866,200,preserve,no_parent
1650503780,ts-auth-service,7e3f99947bb82676,,7e3f99947bb82676,109586,200,getToken,no_parent
1650503780,ts-travel-service,86754a9f1efa2e08,f66414bfd850016e,f66414bfd850016e,2360,200,GET,ts-travel-service
1650503780,ts-basic-service,baba937e46fa4b43,ad69c0a0336a8aac,f66414bfd850016e,6425,200,queryForStationId,ts-ticketinfo-service
1650503780,ts-basic-service,d126d984f62ef187,84a892dd14468d89,f66414bfd850016e,2997,200,GET,ts-basic-service
1650503780,ts-basic-service,84a892dd14468d89,941199cc0d32a1a1,f66414bfd850016e,5205,200,queryForStationId,ts-ticketinfo-service
1650503780,ts-station-service,79f76dbcb9154013,fb2b85508e48c07f,f66414bfd850016e,2631,200,queryForStationId,ts-basic-service
1650503780,ts-travel-service,543159ee42eb1dcf,f66414bfd850016e,f66414bfd850016e,2639,200,GET,ts-travel-service
1650503780,ts-ticketinfo-service,ad69c0a0336a8aac,b15cc33d999010b1,f66414bfd850016e,7722,200,GET,ts-ticketinfo-service
1650503780,ts-ticketinfo-service,941199cc0d32a1a1,dee682d838fdfcea,f66414bfd850016e,6167,200,GET,ts-ticketinfo-service
1650503780,ts-ticketinfo-service,dee682d838fdfcea,a442ae24bb3b14cb,f66414bfd850016e,8130,200,queryForStationId,ts-travel-service
1650503780,ts-station-service,74e12a84a542de05,d126d984f62ef187,f66414bfd850016e,2295,200,queryForStationId,ts-basic-service
1650503780,ts-travel-service,f66414bfd850016e,,f66414bfd850016e,52991,200,queryInfo,no_parent
1650503780,ts-travel-service,a442ae24bb3b14cb,f66414bfd850016e,f66414bfd850016e,8685,200,GET,ts-travel-service
1650503780,ts-travel-service,7a0fe2a5feb3cd0,f66414bfd850016e,f66414bfd850016e,10265,200,GET,ts-travel-service
1650503780,ts-preserve-service,aac80007ab9c948,4554a2c93b8cda0e,4554a2c93b8cda0e,3640,200,GET,ts-preserve-service
1650503780,ts-security-service,ec204365102bfccd,70bd44b69a85341f,4554a2c93b8cda0e,3958,200,GET,ts-security-service
1650503780,ts-auth-service,57a867fe7a87d4b,7e3f99947bb82676,7e3f99947bb82676,3433,200,GET,ts-auth-service
1650503780,ts-verification-code-service,2e7256c78641f822,,2e7256c78641f822,2406,200,imageCode,no_parent
1650503780,ts-route-service,6b14eef9e03f484a,31ed50f687be6a2,f66414bfd850016e,2776,200,queryById,ts-travel-service
1650503780,ts-basic-service,fb2b85508e48c07f,baba937e46fa4b43,f66414bfd850016e,3814,200,GET,ts-basic-service
1650503780,ts-travel-service,c178fc3a96db196f,f66414bfd850016e,f66414bfd850016e,2325,200,GET,ts-travel-service
1650503780,ts-travel-service,aba1a6a0d8bda5fb,f66414bfd850016e,f66414bfd850016e,12171,200,GET,ts-travel-service
1650503780,ts-travel-service,31ed50f687be6a2,f66414bfd850016e,f66414bfd850016e,4235,200,GET,ts-travel-service
1650503780,ts-assurance-service,9003fbe0661284bf,,9003fbe0661284bf,1258,200,getAllAssuranceType,no_parent
1650503780,ts-contacts-service,d32e92ddd5e1577c,,d32e92ddd5e1577c,3244,200,findContactsByAccountId,no_parent
1650503780,ts-station-service,4dab58e89d8b003d,786e2f06dfc9b145,7c2b36165eba815b,8257,200,queryForNameBatch,ts-order-service
1650503840,ts-preserve-service,d4acc71823d31be1,c4d816896c55aa73,c4d816896c55aa73,19877,200,GET,ts-preserve-service
1650503840,ts-order-other-service,d35e925832fe8683,ab9fc9de30ccf3c3,c4d816896c55aa73,5127,200,securityInfoCheck,ts-security-service
1650503840,ts-security-service,72e17d8d449267d9,d27a75d61ed211b9,c4d816896c55aa73,5016,200,GET,ts-security-service
1650503840,ts-ticketinfo-service,d2a3ce5616cfad5d,88a0b7d489107bb8,48025987f643ab4d,5612,200,GET,ts-ticketinfo-service
1650503840,ts-route-service,af34e4345ae4408f,d6dc41c580360b9d,48025987f643ab4d,2240,200,queryById,ts-travel-service
1650503840,ts-route-service,962efd4d5d60393,9bf92e66e113b120,48025987f643ab4d,2016,200,queryById,ts-travel-service
1650503840,ts-route-service,1e34190fba802abd,cdca1af6a83419e0,48025987f643ab4d,1596,200,queryById,ts-travel-service
1650503840,ts-route-service,b3f945f0b372d5fc,7870a62a1a3410f2,48025987f643ab4d,1718,200,queryById,ts-travel-service
1650503840,ts-order-service,d95882ad34066a32,72e17d8d449267d9,c4d816896c55aa73,3507,200,securityInfoCheck,ts-security-service
1650503840,ts-preserve-service,c4d816896c55aa73,,c4d816896c55aa73,26551,200,preserve,no_parent
1650503840,ts-preserve-service,ebd24cc8d32db008,c4d816896c55aa73,c4d816896c55aa73,3729,200,GET,ts-preserve-service
1650503840,ts-auth-service,7d5494caf41d88d,81bd6b07f17c1c73,81bd6b07f17c1c73,4219,200,GET,ts-auth-service
1650503840,ts-verification-code-service,cd923fa7d1757c26,7d5494caf41d88d,81bd6b07f17c1c73,1970,200,verifyCode,ts-auth-service
1650503840,ts-travel-service,cdca1af6a83419e0,48025987f643ab4d,48025987f643ab4d,1669,200,GET,ts-travel-service
1650503840,ts-route-service,6e6132bc040d4db4,be18b9c6e59029e7,48025987f643ab4d,1700,200,queryById,ts-travel-service
1650503840,ts-basic-service,c1e76814cc3d17f2,8bbbc321e0263fbf,48025987f643ab4d,2777,200,GET,ts-basic-service
1650503840,ts-basic-service,bf4c799f679f1729,3e710cbdf02cdab7,48025987f643ab4d,5516,200,queryForStationId,ts-ticketinfo-service
1650503840,ts-security-service,ab9fc9de30ccf3c3,d27a75d61ed211b9,c4d816896c55aa73,7335,200,GET,ts-security-service
1650503840,ts-security-service,d27a75d61ed211b9,d4acc71823d31be1,c4d816896c55aa73,17836,200,check,ts-preserve-service
1650503840,ts-ticketinfo-service,bcbab1d63dad92d3,1bbe655b61b65303,48025987f643ab4d,8923,200,queryForStationId,ts-travel-service
1650503840,ts-travel-service,48025987f643ab4d,,48025987f643ab4d,38505,200,queryInfo,no_parent
1650503840,ts-ticketinfo-service,88a0b7d489107bb8,565a192b7168f065,48025987f643ab4d,7714,200,queryForStationId,ts-travel-service
1650503840,ts-contacts-service,93220e3194e79d2d,ebd24cc8d32db008,c4d816896c55aa73,2375,200,getContactsByContactsId,ts-preserve-service
1650503840,ts-travel-service,565a192b7168f065,48025987f643ab4d,48025987f643ab4d,8033,200,GET,ts-travel-service
1650503840,ts-travel-service,9bf92e66e113b120,48025987f643ab4d,48025987f643ab4d,2363,200,GET,ts-travel-service
1650503840,ts-basic-service,8bbbc321e0263fbf,d2a3ce5616cfad5d,48025987f643ab4d,5226,200,queryForStationId,ts-ticketinfo-service
1650503840,ts-basic-service,e4fa7b277d43337c,bf4c799f679f1729,48025987f643ab4d,3066,200,GET,ts-basic-service
1650503840,ts-ticketinfo-service,3e710cbdf02cdab7,bcbab1d63dad92d3,48025987f643ab4d,7059,200,GET,ts-ticketinfo-service
1650503840,ts-station-service,a0a5a196b9f86e41,e4fa7b277d43337c,48025987f643ab4d,2120,200,queryForStationId,ts-basic-service
1650503840,ts-station-service,8f9268d6934e2312,c1e76814cc3d17f2,48025987f643ab4d,2094,200,queryForStationId,ts-basic-service
1650503840,ts-travel-service,be18b9c6e59029e7,48025987f643ab4d,48025987f643ab4d,1793,200,GET,ts-travel-service
1650503840,ts-travel-service,d6dc41c580360b9d,48025987f643ab4d,48025987f643ab4d,3920,200,GET,ts-travel-service
1650503840,ts-travel-service,7870a62a1a3410f2,48025987f643ab4d,48025987f643ab4d,1791,200,GET,ts-travel-service
1650503840,ts-travel-service,1bbe655b61b65303,48025987f643ab4d,48025987f643ab4d,10119,200,GET,ts-travel-service
1650503840,ts-assurance-service,e3f6b011abd6bffc,,e3f6b011abd6bffc,1317,200,getAllAssuranceType,no_parent
1650503840,ts-order-service,1a53d8d04cc064ed,,1a53d8d04cc064ed,10751,200,queryOrdersForRefresh,no_parent
1650503840,ts-station-service,d9b5e8f18ea80fdb,fccbaad5b21597bc,1a53d8d04cc064ed,5457,200,queryForNameBatch,ts-order-service
1650503840,ts-contacts-service,5085cdb4babd86d4,,5085cdb4babd86d4,2859,200,findContactsByAccountId,no_parent
1650503840,ts-verification-code-service,c486ce92e2b26b6c,,c486ce92e2b26b6c,2417,200,imageCode,no_parent
1650503840,ts-auth-service,81bd6b07f17c1c73,,81bd6b07f17c1c73,131805,200,getToken,no_parent
1650503840,ts-order-service,fccbaad5b21597bc,1a53d8d04cc064ed,1a53d8d04cc064ed,7056,200,POST,ts-order-service
1650503900,ts-order-other-service,7b9cfc8be78e63b3,2ac08353dd6f9ce3,a6fedca0f6550b0b,3140,200,securityInfoCheck,ts-security-service
1650503900,ts-travel-service,7fe3366246101c2,7361df5d50ef6451,7361df5d50ef6451,11883,200,GET,ts-travel-service
1650503900,ts-preserve-service,a6fedca0f6550b0b,,a6fedca0f6550b0b,22319,200,preserve,no_parent
1650503900,ts-preserve-service,fdffb583ec96d4ec,a6fedca0f6550b0b,a6fedca0f6550b0b,3381,200,GET,ts-preserve-service
1650503900,ts-preserve-service,bdb1d20de993e3b1,a6fedca0f6550b0b,a6fedca0f6550b0b,15983,200,GET,ts-preserve-service
1650503900,ts-ticketinfo-service,5829c6a6269e68e3,dd9bd37d820464d4,7361df5d50ef6451,7740,200,GET,ts-ticketinfo-service
1650503900,ts-ticketinfo-service,dd9bd37d820464d4,7fe3366246101c2,7361df5d50ef6451,10361,200,queryForStationId,ts-travel-service
1650503900,ts-order-service,a030d651df2c4689,b12dec07ae24ed64,b12dec07ae24ed64,9759,200,POST,ts-order-service
1650503900,ts-security-service,2ac08353dd6f9ce3,f3ea9fa5c5aad6bd,a6fedca0f6550b0b,4526,200,GET,ts-security-service
1650503900,ts-contacts-service,cff674630dd21a92,fdffb583ec96d4ec,a6fedca0f6550b0b,2134,200,getContactsByContactsId,ts-preserve-service
1650503900,ts-order-service,2f41348e4ae05d11,2cb34edd91f37959,a6fedca0f6550b0b,3439,200,securityInfoCheck,ts-security-service
1650503900,ts-security-service,2cb34edd91f37959,f3ea9fa5c5aad6bd,a6fedca0f6550b0b,4809,200,GET,ts-security-service
1650503900,ts-security-service,f3ea9fa5c5aad6bd,bdb1d20de993e3b1,a6fedca0f6550b0b,14290,200,check,ts-preserve-service
1650503900,ts-travel-service,7361df5d50ef6451,,7361df5d50ef6451,39017,200,queryInfo,no_parent
1650503900,ts-station-service,4b3ff5dd7f8f90c,a030d651df2c4689,b12dec07ae24ed64,8247,200,queryForNameBatch,ts-order-service
1650503900,ts-order-service,b12dec07ae24ed64,,b12dec07ae24ed64,13041,200,queryOrdersForRefresh,no_parent
1650503900,ts-auth-service,9044927ac27d8062,30b26de208a0b393,30b26de208a0b393,3359,200,GET,ts-auth-service
1650503900,ts-contacts-service,3f3aa528f45a688b,,3f3aa528f45a688b,3020,200,findContactsByAccountId,no_parent
1650503900,ts-verification-code-service,19acabb8920aa86e,,19acabb8920aa86e,2677,200,imageCode,no_parent
1650503900,ts-verification-code-service,a6cd33c188c8cf37,9044927ac27d8062,30b26de208a0b393,1647,200,verifyCode,ts-auth-service
1650503900,ts-auth-service,30b26de208a0b393,,30b26de208a0b393,112130,200,getToken,no_parent
1650503901,ts-travel-service,627c333e4a209bd5,7361df5d50ef6451,7361df5d50ef6451,7643,200,GET,ts-travel-service
1650503901,ts-travel-service,320d104393f34fd2,7361df5d50ef6451,7361df5d50ef6451,3264,200,GET,ts-travel-service
1650503901,ts-route-service,13cf6dbe75f1bffc,320d104393f34fd2,7361df5d50ef6451,1941,200,queryById,ts-travel-service
1650503901,ts-route-service,f8d9abedd449b03e,cbc87b4a1b31a294,7361df5d50ef6451,1655,200,queryById,ts-travel-service
1650503901,ts-travel-service,b9ae5058ecfc8560,7361df5d50ef6451,7361df5d50ef6451,1947,200,GET,ts-travel-service
1650503901,ts-travel-service,10d9b26ffc9e743b,7361df5d50ef6451,7361df5d50ef6451,2078,200,GET,ts-travel-service
1650503901,ts-assurance-service,d7383a1a9e5fc501,,d7383a1a9e5fc501,1233,200,getAllAssuranceType,no_parent
1650503901,ts-travel-service,59a7a77b04cecfa3,7361df5d50ef6451,7361df5d50ef6451,2131,200,GET,ts-travel-service
1650503901,ts-travel-service,cbc87b4a1b31a294,7361df5d50ef6451,7361df5d50ef6451,1844,200,GET,ts-travel-service
1650503901,ts-ticketinfo-service,d5e0f372547928a8,627c333e4a209bd5,7361df5d50ef6451,7110,200,queryForStationId,ts-travel-service
1650503901,ts-basic-service,2a47bf5a2dce3540,8fcbf5798a16c111,7361df5d50ef6451,4328,200,queryForStationId,ts-ticketinfo-service
1650503901,ts-ticketinfo-service,8fcbf5798a16c111,d5e0f372547928a8,7361df5d50ef6451,5029,200,GET,ts-ticketinfo-service
1650503901,ts-route-service,52a6b54492393ad1,b9ae5058ecfc8560,7361df5d50ef6451,1896,200,queryById,ts-travel-service
1650503901,ts-route-service,b6896a8f5718e6ba,10d9b26ffc9e743b,7361df5d50ef6451,1978,200,queryById,ts-travel-service
1650503901,ts-basic-service,af9f1c2656c8c2f1,5557d4867e2c9636,7361df5d50ef6451,3971,200,GET,ts-basic-service
1650503901,ts-basic-service,5557d4867e2c9636,5829c6a6269e68e3,7361df5d50ef6451,6614,200,queryForStationId,ts-ticketinfo-service
1650503901,ts-basic-service,69c2fe5141aea902,2a47bf5a2dce3540,7361df5d50ef6451,2784,200,GET,ts-basic-service
1650503901,ts-station-service,fe85daefca82740d,69c2fe5141aea902,7361df5d50ef6451,2294,200,queryForStationId,ts-basic-service
1650503901,ts-station-service,6f34a07fc916ef26,af9f1c2656c8c2f1,7361df5d50ef6451,2808,200,queryForStationId,ts-basic-service
1650503901,ts-route-service,49d4a61a24e7867b,59a7a77b04cecfa3,7361df5d50ef6451,2077,200,queryById,ts-travel-service
1650503961,ts-basic-service,95bc54f8cb960668,852712e860052438,493796b890dc8f42,5085,200,queryForStationId,ts-ticketinfo-service
1650503961,ts-basic-service,d2fe983186bf4c67,a9098f09c988c2af,493796b890dc8f42,3166,200,GET,ts-basic-service
1650503961,ts-basic-service,9e8ce2245f2627a9,95bc54f8cb960668,493796b890dc8f42,2733,200,GET,ts-basic-service
1650503961,ts-ticketinfo-service,852712e860052438,a3e6ddc77afcde75,493796b890dc8f42,5533,200,GET,ts-ticketinfo-service
1650503961,ts-ticketinfo-service,690cda928c642846,b86d8973e6a5348c,493796b890dc8f42,8249,200,queryForStationId,ts-travel-service
1650503961,ts-preserve-service,920505cfe8de0715,c152bb4b75936d21,c152bb4b75936d21,16678,200,GET,ts-preserve-service
1650503961,ts-route-service,4a957e1f995dab28,796a093b20b59f1a,493796b890dc8f42,1758,200,queryById,ts-travel-service
1650503961,ts-preserve-service,c152bb4b75936d21,,c152bb4b75936d21,23823,200,preserve,no_parent
1650503961,ts-preserve-service,74231cf801af4e61,c152bb4b75936d21,c152bb4b75936d21,3826,200,GET,ts-preserve-service
1650503961,ts-order-other-service,cb6d46e4dce17a3c,7f1942f296465a4e,c152bb4b75936d21,3352,200,securityInfoCheck,ts-security-service
1650503961,ts-security-service,40b075bbaee731df,920505cfe8de0715,c152bb4b75936d21,15148,200,check,ts-preserve-service
1650503961,ts-verification-code-service,b82d466e61485f19,70eca4be37be683d,423665f2455abddf,2045,200,verifyCode,ts-auth-service
1650503961,ts-auth-service,70eca4be37be683d,423665f2455abddf,423665f2455abddf,3920,200,GET,ts-auth-service
1650503961,ts-auth-service,423665f2455abddf,,423665f2455abddf,135982,200,getToken,no_parent
1650503961,ts-station-service,1831de73653bc0fc,5b4da5983a7f44ba,1a59dfcadd307d93,7745,200,queryForNameBatch,ts-order-service
1650503961,ts-station-service,eb00bba3da18875e,d2fe983186bf4c67,493796b890dc8f42,2161,200,queryForStationId,ts-basic-service
1650503961,ts-station-service,c99d61b53fcdc1bb,9e8ce2245f2627a9,493796b890dc8f42,2085,200,queryForStationId,ts-basic-service
1650503961,ts-contacts-service,4e8f7c71bc3ec623,74231cf801af4e61,c152bb4b75936d21,2532,200,getContactsByContactsId,ts-preserve-service
1650503961,ts-basic-service,a9098f09c988c2af,f685607391638e87,493796b890dc8f42,5233,200,queryForStationId,ts-ticketinfo-service
1650503961,ts-security-service,99c80e561b9a13ae,40b075bbaee731df,c152bb4b75936d21,5077,200,GET,ts-security-service
1650503961,ts-order-service,add20f78d4af1407,99c80e561b9a13ae,c152bb4b75936d21,3572,200,securityInfoCheck,ts-security-service
1650503961,ts-route-service,339045b752be128f,55d38703758e962a,493796b890dc8f42,1743,200,queryById,ts-travel-service
1650503961,ts-travel-service,493796b890dc8f42,,493796b890dc8f42,39156,200,queryInfo,no_parent
1650503961,ts-travel-service,daad12ebd52733b1,493796b890dc8f42,493796b890dc8f42,7857,200,GET,ts-travel-service
1650503961,ts-travel-service,60cadfaea3be5e91,493796b890dc8f42,493796b890dc8f42,3841,200,GET,ts-travel-service
1650503961,ts-travel-service,6f1743f025bb5b56,493796b890dc8f42,493796b890dc8f42,2004,200,GET,ts-travel-service
1650503961,ts-ticketinfo-service,f685607391638e87,690cda928c642846,493796b890dc8f42,6169,200,GET,ts-ticketinfo-service
1650503961,ts-travel-service,b86d8973e6a5348c,493796b890dc8f42,493796b890dc8f42,9632,200,GET,ts-travel-service
1650503961,ts-route-service,d82f89164fe09ec9,60cadfaea3be5e91,493796b890dc8f42,2263,200,queryById,ts-travel-service
1650503961,ts-route-service,5205dba1951f294,6f1743f025bb5b56,493796b890dc8f42,1894,200,queryById,ts-travel-service
1650503961,ts-travel-service,552653e2f3911ab1,493796b890dc8f42,493796b890dc8f42,2352,200,GET,ts-travel-service
1650503961,ts-travel-service,55d38703758e962a,493796b890dc8f42,493796b890dc8f42,1820,200,GET,ts-travel-service
1650503961,ts-route-service,4c0ac4cbfe0df369,552653e2f3911ab1,493796b890dc8f42,2004,200,queryById,ts-travel-service
1650503961,ts-ticketinfo-service,a3e6ddc77afcde75,daad12ebd52733b1,493796b890dc8f42,7595,200,queryForStationId,ts-travel-service
1650503961,ts-verification-code-service,281d116b4f3ddc65,,281d116b4f3ddc65,3005,200,imageCode,no_parent
1650503961,ts-order-service,1a59dfcadd307d93,,1a59dfcadd307d93,12383,200,queryOrdersForRefresh,no_parent
1650503961,ts-travel-service,796a093b20b59f1a,493796b890dc8f42,493796b890dc8f42,1816,200,GET,ts-travel-service
1650503961,ts-order-service,5b4da5983a7f44ba,1a59dfcadd307d93,1a59dfcadd307d93,9352,200,POST,ts-order-service
1650503961,ts-security-service,7f1942f296465a4e,40b075bbaee731df,c152bb4b75936d21,4840,200,GET,ts-security-service
1650503961,ts-contacts-service,d18576b38d9f5b6d,,d18576b38d9f5b6d,3075,200,findContactsByAccountId,no_parent
1650503961,ts-assurance-service,705f55ff3e0fee3a,,705f55ff3e0fee3a,1373,200,getAllAssuranceType,no_parent
1650504021,ts-security-service,18fc01df6f05817f,e502cade3077ec4c,2ad3cfc4da91d7b2,4906,200,GET,ts-security-service
1650504021,ts-security-service,e502cade3077ec4c,316ad76a2ddf5360,2ad3cfc4da91d7b2,14892,200,check,ts-preserve-service
1650504021,ts-order-service,40b2a85db4fd3dbc,973398f6455ca606,973398f6455ca606,9700,200,POST,ts-order-service
1650504021,ts-order-service,973398f6455ca606,,973398f6455ca606,13035,200,queryOrdersForRefresh,no_parent
1650504021,ts-station-service,9bd5f756a693e22,40b2a85db4fd3dbc,973398f6455ca606,7920,200,queryForNameBatch,ts-order-service
1650504021,ts-preserve-service,316ad76a2ddf5360,2ad3cfc4da91d7b2,2ad3cfc4da91d7b2,16506,200,GET,ts-preserve-service
1650504021,ts-order-service,a55d7f5a29c5b32d,e278aaa3bf716975,2ad3cfc4da91d7b2,3696,200,securityInfoCheck,ts-security-service
1650504021,ts-contacts-service,d5d08a6b3f3ecbcd,8ef2e8d46fd6d5c6,2ad3cfc4da91d7b2,2673,200,getContactsByContactsId,ts-preserve-service
1650504021,ts-travel-service,c4c7a040bc55d905,6e35314c94a07eee,6e35314c94a07eee,15545,200,GET,ts-travel-service
1650504021,ts-route-service,c8fdfb38a7ef6e4,7217a3df47468d18,6e35314c94a07eee,2200,200,queryById,ts-travel-service
1650504021,ts-basic-service,7de70a9d987d98d1,e4659ecc8b37cc6f,6e35314c94a07eee,12213,200,queryForStationId,ts-ticketinfo-service
1650504021,ts-basic-service,77881d6637d7a067,7de70a9d987d98d1,6e35314c94a07eee,10038,200,GET,ts-basic-service
1650504021,ts-basic-service,def8cff6cd90ac5e,e6ee0d2d3da79c7c,6e35314c94a07eee,4005,200,GET,ts-basic-service
1650504021,ts-basic-service,e6ee0d2d3da79c7c,eaf17df7140fe264,6e35314c94a07eee,6711,200,queryForStationId,ts-ticketinfo-service
1650504021,ts-travel-service,dac559bef8221dde,6e35314c94a07eee,6e35314c94a07eee,2390,200,GET,ts-travel-service
1650504021,ts-travel-service,6e35314c94a07eee,,6e35314c94a07eee,51864,200,queryInfo,no_parent
1650504021,ts-route-service,53e40e2e2ed6a6d0,236ba1abaa0866aa,6e35314c94a07eee,2828,200,queryById,ts-travel-service
1650504021,ts-route-service,72df15268610ee0a,1d3630f81acb00be,6e35314c94a07eee,2169,200,queryById,ts-travel-service
1650504021,ts-travel-service,c575732e0df1d2c5,6e35314c94a07eee,6e35314c94a07eee,12101,200,GET,ts-travel-service
1650504021,ts-preserve-service,2ad3cfc4da91d7b2,,2ad3cfc4da91d7b2,23828,200,preserve,no_parent
1650504021,ts-preserve-service,8ef2e8d46fd6d5c6,2ad3cfc4da91d7b2,2ad3cfc4da91d7b2,4035,200,GET,ts-preserve-service
1650504021,ts-order-other-service,71792b5b99c619d2,18fc01df6f05817f,2ad3cfc4da91d7b2,3292,200,securityInfoCheck,ts-security-service
1650504021,ts-security-service,e278aaa3bf716975,e502cade3077ec4c,2ad3cfc4da91d7b2,5087,200,GET,ts-security-service
1650504021,ts-auth-service,e2599d95ee3185c3,,e2599d95ee3185c3,112471,200,getToken,no_parent
1650504021,ts-assurance-service,e4af7c857e9d3794,,e4af7c857e9d3794,1821,200,getAllAssuranceType,no_parent
1650504021,ts-verification-code-service,29fa4f9721948933,b10e58302d81c22b,e2599d95ee3185c3,1725,200,verifyCode,ts-auth-service
1650504021,ts-auth-service,b10e58302d81c22b,e2599d95ee3185c3,e2599d95ee3185c3,3520,200,GET,ts-auth-service
1650504021,ts-travel-service,1d3630f81acb00be,6e35314c94a07eee,6e35314c94a07eee,2299,200,GET,ts-travel-service
1650504021,ts-ticketinfo-service,b6f0fec12f059b3,c575732e0df1d2c5,6e35314c94a07eee,10493,200,queryForStationId,ts-travel-service
1650504021,ts-ticketinfo-service,e4659ecc8b37cc6f,41ac1b3a484f0f29,6e35314c94a07eee,12877,200,GET,ts-ticketinfo-service
1650504021,ts-ticketinfo-service,eaf17df7140fe264,b6f0fec12f059b3,6e35314c94a07eee,7931,200,GET,ts-ticketinfo-service
1650504021,ts-route-service,b294a7dcb5a26d17,dac559bef8221dde,6e35314c94a07eee,2264,200,queryById,ts-travel-service
1650504021,ts-ticketinfo-service,41ac1b3a484f0f29,c4c7a040bc55d905,6e35314c94a07eee,15128,200,queryForStationId,ts-travel-service
1650504021,ts-station-service,4e8d4f6a92465380,def8cff6cd90ac5e,6e35314c94a07eee,2785,200,queryForStationId,ts-basic-service
1650504021,ts-station-service,89dca779c4557b8e,77881d6637d7a067,6e35314c94a07eee,9289,200,queryForStationId,ts-basic-service
1650504021,ts-verification-code-service,da07183f9d1966cd,,da07183f9d1966cd,2696,200,imageCode,no_parent
1650504021,ts-route-service,6ae3cd252640d6ff,1f95c249e3a24541,6e35314c94a07eee,2343,200,queryById,ts-travel-service
1650504021,ts-contacts-service,fbdc31099b06c6c2,,fbdc31099b06c6c2,2476,200,findContactsByAccountId,no_parent
1650504021,ts-travel-service,1f95c249e3a24541,6e35314c94a07eee,6e35314c94a07eee,2725,200,GET,ts-travel-service
1650504021,ts-travel-service,7217a3df47468d18,6e35314c94a07eee,6e35314c94a07eee,2328,200,GET,ts-travel-service
1650504021,ts-travel-service,236ba1abaa0866aa,6e35314c94a07eee,6e35314c94a07eee,4186,200,GET,ts-travel-service
1650504081,ts-station-service,c48cc513e172f064,abb34edb6940b840,2a3dc31843f6062e,1953,200,queryForStationId,ts-basic-service
1650504081,ts-travel-service,5eecbbafba51ade1,2a3dc31843f6062e,2a3dc31843f6062e,9983,200,GET,ts-travel-service
1650504081,ts-ticketinfo-service,1f36279deed3d2c1,5eecbbafba51ade1,2a3dc31843f6062e,8540,200,queryForStationId,ts-travel-service
1650504081,ts-ticketinfo-service,6a34c18989c75a1e,1f36279deed3d2c1,2a3dc31843f6062e,6862,200,GET,ts-ticketinfo-service
1650504081,ts-ticketinfo-service,cbedb3d68f283c2c,a52b24e507acacfa,2a3dc31843f6062e,6918,200,queryForStationId,ts-travel-service
1650504081,ts-travel-service,a52b24e507acacfa,2a3dc31843f6062e,2a3dc31843f6062e,7410,200,GET,ts-travel-service
1650504081,ts-travel-service,2a3dc31843f6062e,,2a3dc31843f6062e,37553,200,queryInfo,no_parent
1650504081,ts-travel-service,885178ed28be7a0b,2a3dc31843f6062e,2a3dc31843f6062e,3389,200,GET,ts-travel-service
1650504081,ts-travel-service,c22263973c3e0bc7,2a3dc31843f6062e,2a3dc31843f6062e,2254,200,GET,ts-travel-service
1650504081,ts-travel-service,ac260a5c927f988,2a3dc31843f6062e,2a3dc31843f6062e,1640,200,GET,ts-travel-service
1650504081,ts-route-service,707af613239d2d5d,885178ed28be7a0b,2a3dc31843f6062e,2158,200,queryById,ts-travel-service
1650504081,ts-preserve-service,2a1f59c03ab5c937,,2a1f59c03ab5c937,27843,200,preserve,no_parent
1650504081,ts-contacts-service,c576ebab4cf3498d,e886047e510ce97e,2a1f59c03ab5c937,2648,200,getContactsByContactsId,ts-preserve-service
1650504081,ts-order-service,2119d60e7809817b,7efc3a78327c7385,7efc3a78327c7385,6415,200,POST,ts-order-service
1650504081,ts-station-service,1851adc1ba85a411,2119d60e7809817b,7efc3a78327c7385,5030,200,queryForNameBatch,ts-order-service
1650504081,ts-order-other-service,7006eda9228d4d0c,8174b7829f4a5861,2a1f59c03ab5c937,2741,200,securityInfoCheck,ts-security-service
1650504081,ts-security-service,714b1a081b200512,16afc283369dc183,2a1f59c03ab5c937,4552,200,GET,ts-security-service
1650504081,ts-security-service,8174b7829f4a5861,16afc283369dc183,2a1f59c03ab5c937,4077,200,GET,ts-security-service
1650504081,ts-security-service,16afc283369dc183,7453558e6cb753f7,2a1f59c03ab5c937,12723,200,check,ts-preserve-service
1650504081,ts-ticketinfo-service,ff5f781ab3d8563d,cbedb3d68f283c2c,2a3dc31843f6062e,5074,200,GET,ts-ticketinfo-service
1650504081,ts-order-service,7671feab45045af2,714b1a081b200512,2a1f59c03ab5c937,3309,200,securityInfoCheck,ts-security-service
1650504081,ts-basic-service,abb34edb6940b840,fd804854bc5e5bee,2a3dc31843f6062e,2495,200,GET,ts-basic-service
1650504081,ts-basic-service,fd804854bc5e5bee,ff5f781ab3d8563d,2a3dc31843f6062e,4384,200,queryForStationId,ts-ticketinfo-service
1650504081,ts-preserve-service,e886047e510ce97e,2a1f59c03ab5c937,2a1f59c03ab5c937,4003,200,GET,ts-preserve-service
1650504081,ts-preserve-service,7453558e6cb753f7,2a1f59c03ab5c937,2a1f59c03ab5c937,14129,200,GET,ts-preserve-service
1650504081,ts-route-service,2c7cccf6cb90fd70,288ff6b8fe82e6a5,2a3dc31843f6062e,1958,200,queryById,ts-travel-service
1650504081,ts-route-service,56a514ba223ed257,a1b9624bddadd4e4,2a3dc31843f6062e,2266,200,queryById,ts-travel-service
1650504081,ts-basic-service,d068636f153f4cb4,6a07dcedaf7968c8,2a3dc31843f6062e,3406,200,GET,ts-basic-service
1650504081,ts-travel-service,288ff6b8fe82e6a5,2a3dc31843f6062e,2a3dc31843f6062e,2341,200,GET,ts-travel-service
1650504081,ts-basic-service,6a07dcedaf7968c8,6a34c18989c75a1e,2a3dc31843f6062e,5859,200,queryForStationId,ts-ticketinfo-service
1650504081,ts-travel-service,a1b9624bddadd4e4,2a3dc31843f6062e,2a3dc31843f6062e,2334,200,GET,ts-travel-service
1650504081,ts-route-service,778e52aef55be64f,ac260a5c927f988,2a3dc31843f6062e,1536,200,queryById,ts-travel-service
1650504081,ts-route-service,15d60543ba98e2aa,c22263973c3e0bc7,2a3dc31843f6062e,2157,200,queryById,ts-travel-service
1650504081,ts-auth-service,d2188964b85536da,1e9cac7cc239f97f,1e9cac7cc239f97f,4158,200,GET,ts-auth-service
1650504081,ts-verification-code-service,79d0819a610fa5f,d2188964b85536da,1e9cac7cc239f97f,2444,200,verifyCode,ts-auth-service
1650504081,ts-verification-code-service,5efb3164af87481b,,5efb3164af87481b,2314,200,imageCode,no_parent
1650504081,ts-auth-service,1e9cac7cc239f97f,,1e9cac7cc239f97f,119757,200,getToken,no_parent
1650504081,ts-contacts-service,57fb4413be566d04,,57fb4413be566d04,3046,200,findContactsByAccountId,no_parent
1650504081,ts-station-service,f16d8bf39d5fc668,d068636f153f4cb4,2a3dc31843f6062e,2403,200,queryForStationId,ts-basic-service
1650504081,ts-order-service,7efc3a78327c7385,,7efc3a78327c7385,10106,200,queryOrdersForRefresh,no_parent
1650504081,ts-assurance-service,91ae31dd5170e756,,91ae31dd5170e756,1582,200,getAllAssuranceType,no_parent
1650504141,ts-contacts-service,7113221daed7122f,,7113221daed7122f,2549,200,findContactsByAccountId,no_parent
1650504142,ts-security-service,485b68f3f503a8a4,4cc23a2a86c27606,d089788c00db3706,11904,200,check,ts-preserve-service
1650504142,ts-preserve-service,d089788c00db3706,,d089788c00db3706,19044,200,preserve,no_parent
1650504142,ts-order-other-service,ab8cb8306270a99b,b6004ca7f3c767f4,d089788c00db3706,2072,200,securityInfoCheck,ts-security-service
1650504142,ts-order-service,8ff278e8717942b6,9f6ed9c948c40ab1,9f6ed9c948c40ab1,7698,200,POST,ts-order-service
1650504142,ts-order-service,9f6ed9c948c40ab1,,9f6ed9c948c40ab1,10581,200,queryOrdersForRefresh,no_parent
1650504142,ts-security-service,b6004ca7f3c767f4,485b68f3f503a8a4,d089788c00db3706,3062,200,GET,ts-security-service
1650504142,ts-auth-service,37290423527cde23,,37290423527cde23,130338,200,getToken,no_parent
1650504142,ts-preserve-service,f0e8542f9b2b0ebc,d089788c00db3706,d089788c00db3706,2534,200,GET,ts-preserve-service
1650504142,ts-assurance-service,68a7e0b930f6aacd,,68a7e0b930f6aacd,1739,200,getAllAssuranceType,no_parent
1650504142,ts-security-service,5be29d148b0db479,485b68f3f503a8a4,d089788c00db3706,4617,200,GET,ts-security-service
1650504142,ts-contacts-service,85e91bbd9bea7eb2,f0e8542f9b2b0ebc,d089788c00db3706,1573,200,getContactsByContactsId,ts-preserve-service
1650504142,ts-order-service,ee3590ccd399e83e,5be29d148b0db479,d089788c00db3706,3333,200,securityInfoCheck,ts-security-service
1650504142,ts-travel-service,bc30f17af3c3bbca,93f4c283f83e01c6,93f4c283f83e01c6,10944,200,GET,ts-travel-service
1650504142,ts-ticketinfo-service,f24f269c7b51a41c,139b9e880f78b06,93f4c283f83e01c6,8618,200,queryForStationId,ts-travel-service
1650504142,ts-route-service,b25e2b2ff9a9ef45,6647c18ff83fbe92,93f4c283f83e01c6,2882,200,queryById,ts-travel-service
1650504142,ts-travel-service,139b9e880f78b06,93f4c283f83e01c6,93f4c283f83e01c6,8987,200,GET,ts-travel-service
1650504142,ts-verification-code-service,52e9525868b7a155,5f721435164b5fac,37290423527cde23,12370,200,verifyCode,ts-auth-service
1650504142,ts-auth-service,5f721435164b5fac,37290423527cde23,37290423527cde23,10081,200,GET,ts-auth-service
1650504142,ts-basic-service,2a0313047ec294c1,34ff38ffdcd8137a,93f4c283f83e01c6,3545,200,GET,ts-basic-service
1650504142,ts-basic-service,ae21b6778c8d6a0,e86a558f6f55cba5,93f4c283f83e01c6,5644,200,queryForStationId,ts-ticketinfo-service
1650504142,ts-travel-service,5bd1e04e232a9283,93f4c283f83e01c6,93f4c283f83e01c6,2368,200,GET,ts-travel-service
1650504142,ts-station-service,c8a7617d06e1720b,112bd751bffd6c77,93f4c283f83e01c6,2576,200,queryForStationId,ts-basic-service
1650504142,ts-route-service,edf89f5c9e318fc3,34f15cbc74030dfc,93f4c283f83e01c6,2350,200,queryById,ts-travel-service
1650504142,ts-ticketinfo-service,e86a558f6f55cba5,f24f269c7b51a41c,93f4c283f83e01c6,6251,200,GET,ts-ticketinfo-service
1650504142,ts-travel-service,93f4c283f83e01c6,,93f4c283f83e01c6,44966,200,queryInfo,no_parent
1650504142,ts-route-service,4b0785b3f5d75f9b,d06641369bfab900,93f4c283f83e01c6,2314,200,queryById,ts-travel-service
1650504142,ts-ticketinfo-service,38dfd254af2a5a9e,9debb6476f7aefa4,93f4c283f83e01c6,7188,200,GET,ts-ticketinfo-service
1650504142,ts-verification-code-service,45fc5228ad7711d0,,45fc5228ad7711d0,2527,200,imageCode,no_parent
1650504142,ts-travel-service,ddff60395bf38d1d,93f4c283f83e01c6,93f4c283f83e01c6,2419,200,GET,ts-travel-service
1650504142,ts-route-service,7fa2ee40f9a52048,ddff60395bf38d1d,93f4c283f83e01c6,2303,200,queryById,ts-travel-service
1650504142,ts-station-service,e8f24e0819b6b9f2,2a0313047ec294c1,93f4c283f83e01c6,2207,200,queryForStationId,ts-basic-service
1650504142,ts-travel-service,34f15cbc74030dfc,93f4c283f83e01c6,93f4c283f83e01c6,2826,200,GET,ts-travel-service
1650504142,ts-travel-service,d06641369bfab900,93f4c283f83e01c6,93f4c283f83e01c6,2390,200,GET,ts-travel-service
1650504142,ts-ticketinfo-service,9debb6476f7aefa4,bc30f17af3c3bbca,93f4c283f83e01c6,9479,200,queryForStationId,ts-travel-service
1650504142,ts-basic-service,34ff38ffdcd8137a,38dfd254af2a5a9e,93f4c283f83e01c6,6096,200,queryForStationId,ts-ticketinfo-service
1650504142,ts-route-service,2d2280aca1bdce77,5bd1e04e232a9283,93f4c283f83e01c6,2261,200,queryById,ts-travel-service
1650504142,ts-travel-service,6647c18ff83fbe92,93f4c283f83e01c6,93f4c283f83e01c6,4216,200,GET,ts-travel-service
1650504142,ts-basic-service,112bd751bffd6c77,ae21b6778c8d6a0,93f4c283f83e01c6,3339,200,GET,ts-basic-service
1650504142,ts-preserve-service,4cc23a2a86c27606,d089788c00db3706,d089788c00db3706,13426,200,GET,ts-preserve-service
1650504142,ts-station-service,7a20f73c4a02aa49,8ff278e8717942b6,9f6ed9c948c40ab1,6288,200,queryForNameBatch,ts-order-service
1650504202,ts-order-service,3322850d8a62132,b071fc38b640206a,1846fbd101d9b636,3532,200,securityInfoCheck,ts-security-service
1650504202,ts-assurance-service,5d6753c21a1afa44,,5d6753c21a1afa44,1345,200,getAllAssuranceType,no_parent
1650504202,ts-preserve-service,43bc09dc665e7cb3,1846fbd101d9b636,1846fbd101d9b636,15623,200,GET,ts-preserve-service
1650504202,ts-preserve-service,33c9a253375ca60b,1846fbd101d9b636,1846fbd101d9b636,3449,200,GET,ts-preserve-service
1650504202,ts-preserve-service,1846fbd101d9b636,,1846fbd101d9b636,22140,200,preserve,no_parent
1650504202,ts-verification-code-service,73f7068d6ef01514,,73f7068d6ef01514,2264,200,imageCode,no_parent
1650504202,ts-order-other-service,3ee9155401d3aeac,26eae8106d021706,1846fbd101d9b636,3142,200,securityInfoCheck,ts-security-service
1650504202,ts-security-service,b071fc38b640206a,5f17643aba338068,1846fbd101d9b636,4794,200,GET,ts-security-service
1650504202,ts-order-service,a2e9a021d02e3b72,,a2e9a021d02e3b72,12660,200,queryOrdersForRefresh,no_parent
1650504202,ts-order-service,7b6dc0912c4c06a0,a2e9a021d02e3b72,a2e9a021d02e3b72,8915,200,POST,ts-order-service
1650504202,ts-security-service,26eae8106d021706,5f17643aba338068,1846fbd101d9b636,4798,200,GET,ts-security-service
1650504202,ts-security-service,5f17643aba338068,43bc09dc665e7cb3,1846fbd101d9b636,13993,200,check,ts-preserve-service
1650504202,ts-station-service,619b604c4ea56ec9,7b6dc0912c4c06a0,a2e9a021d02e3b72,7333,200,queryForNameBatch,ts-order-service
1650504202,ts-contacts-service,2ad3d82649d8c397,33c9a253375ca60b,1846fbd101d9b636,2028,200,getContactsByContactsId,ts-preserve-service
1650504202,ts-route-service,17be877470ba096,8bf4ba86ab4df9b0,25a80535363135a3,2626,200,queryById,ts-travel-service
1650504202,ts-travel-service,8bf4ba86ab4df9b0,25a80535363135a3,25a80535363135a3,2622,200,GET,ts-travel-service
1650504202,ts-travel-service,4e7f53544568,25a80535363135a3,25a80535363135a3,8247,200,GET,ts-travel-service
1650504202,ts-travel-service,41d0081e531a1d16,25a80535363135a3,25a80535363135a3,3752,200,GET,ts-travel-service
1650504202,ts-travel-service,5e1d038f4e869c37,25a80535363135a3,25a80535363135a3,2789,200,GET,ts-travel-service
1650504202,ts-travel-service,ad79079bd0b8b6fb,25a80535363135a3,25a80535363135a3,2801,200,GET,ts-travel-service
1650504202,ts-verification-code-service,415b1b203dcf0701,4146fd3f706e170a,f70a1d804179aba7,1382,200,verifyCode,ts-auth-service
1650504202,ts-auth-service,4146fd3f706e170a,f70a1d804179aba7,f70a1d804179aba7,3353,200,GET,ts-auth-service
1650504202,ts-auth-service,f70a1d804179aba7,,f70a1d804179aba7,119710,200,getToken,no_parent
1650504202,ts-travel-service,39e5e64388fe2b3a,25a80535363135a3,25a80535363135a3,2640,200,GET,ts-travel-service
1650504202,ts-route-service,8621502af8c7c54f,39e5e64388fe2b3a,25a80535363135a3,2582,200,queryById,ts-travel-service
1650504202,ts-route-service,50cc4d915e994b53,41d0081e531a1d16,25a80535363135a3,2657,200,queryById,ts-travel-service
1650504202,ts-route-service,b3cb5c52cf995578,ad79079bd0b8b6fb,25a80535363135a3,2757,200,queryById,ts-travel-service
1650504202,ts-basic-service,b14fb728ce439149,3023a4b45fc708d5,25a80535363135a3,4542,200,queryForStationId,ts-ticketinfo-service
1650504202,ts-basic-service,9c815dfeb9c5c333,25e7b74a214e521b,25a80535363135a3,3376,200,GET,ts-basic-service
1650504202,ts-basic-service,25e7b74a214e521b,e1ba8aa617d0185c,25a80535363135a3,5910,200,queryForStationId,ts-ticketinfo-service
1650504202,ts-basic-service,d305c23702a42c9b,b14fb728ce439149,25a80535363135a3,2823,200,GET,ts-basic-service
1650504202,ts-ticketinfo-service,9136cdb2037eae37,4e7f53544568,25a80535363135a3,7821,200,queryForStationId,ts-travel-service
1650504202,ts-ticketinfo-service,e1ba8aa617d0185c,8a1ddb4140ad28fc,25a80535363135a3,7263,200,GET,ts-ticketinfo-service
1650504202,ts-travel-service,25a80535363135a3,,25a80535363135a3,45776,200,queryInfo,no_parent
1650504202,ts-travel-service,27b5dd21963ff274,25a80535363135a3,25a80535363135a3,11434,200,GET,ts-travel-service
1650504202,ts-route-service,553d77bba1cb370,5e1d038f4e869c37,25a80535363135a3,2477,200,queryById,ts-travel-service
1650504202,ts-contacts-service,a82b9bd1816a2733,,a82b9bd1816a2733,3060,200,findContactsByAccountId,no_parent
1650504202,ts-station-service,bb3c7139aa550993,d305c23702a42c9b,25a80535363135a3,2032,200,queryForStationId,ts-basic-service
1650504202,ts-ticketinfo-service,8a1ddb4140ad28fc,27b5dd21963ff274,25a80535363135a3,9572,200,queryForStationId,ts-travel-service
1650504202,ts-ticketinfo-service,3023a4b45fc708d5,9136cdb2037eae37,25a80535363135a3,5564,200,GET,ts-ticketinfo-service
1650504202,ts-station-service,d4e5b0653a30f099,9c815dfeb9c5c333,25a80535363135a3,2370,200,queryForStationId,ts-basic-service
1650504262,ts-station-service,710f605d0898acd0,f335ad1e6447de8f,e99655868bac2cdd,2960,200,queryForStationId,ts-basic-service
1650504262,ts-security-service,d3ef78d68b0a8499,6d086745f79f2b3e,a23e85ffea19e966,16098,200,check,ts-preserve-service
1650504262,ts-security-service,454fa79113fc4587,d3ef78d68b0a8499,a23e85ffea19e966,5030,200,GET,ts-security-service
1650504262,ts-order-other-service,fb4259635e1cf0a3,454fa79113fc4587,a23e85ffea19e966,3475,200,securityInfoCheck,ts-security-service
1650504262,ts-preserve-service,a23e85ffea19e966,,a23e85ffea19e966,25029,200,preserve,no_parent
1650504262,ts-preserve-service,32e3649f72f49bff,a23e85ffea19e966,a23e85ffea19e966,3894,200,GET,ts-preserve-service
1650504262,ts-preserve-service,6d086745f79f2b3e,a23e85ffea19e966,a23e85ffea19e966,17701,200,GET,ts-preserve-service
1650504262,ts-travel-service,ecb7edc846d9980b,e99655868bac2cdd,e99655868bac2cdd,12495,200,GET,ts-travel-service
1650504262,ts-basic-service,f335ad1e6447de8f,ae78b5736f48930e,e99655868bac2cdd,4114,200,GET,ts-basic-service
1650504262,ts-basic-service,ae78b5736f48930e,2f443720adda71d3,e99655868bac2cdd,6734,200,queryForStationId,ts-ticketinfo-service
1650504262,ts-basic-service,87fa85d264f5a8a3,d1d3565abb0ecf21,e99655868bac2cdd,5756,200,queryForStationId,ts-ticketinfo-service
1650504262,ts-travel-service,31bfa2697f23bad1,e99655868bac2cdd,e99655868bac2cdd,2705,200,GET,ts-travel-service
1650504262,ts-travel-service,85984ef4a905cfa5,e99655868bac2cdd,e99655868bac2cdd,2326,200,GET,ts-travel-service
1650504262,ts-travel-service,fb16be26e8c35473,e99655868bac2cdd,e99655868bac2cdd,2374,200,GET,ts-travel-service
1650504262,ts-travel-service,fa4e4984b02937e5,e99655868bac2cdd,e99655868bac2cdd,4226,200,GET,ts-travel-service
1650504262,ts-travel-service,f074b73c8a2784ca,e99655868bac2cdd,e99655868bac2cdd,12428,200,GET,ts-travel-service
1650504262,ts-travel-service,93c6f001a57eafa7,e99655868bac2cdd,e99655868bac2cdd,9211,200,GET,ts-travel-service
1650504262,ts-route-service,206e8751e7cae096,fa4e4984b02937e5,e99655868bac2cdd,2839,200,queryById,ts-travel-service
1650504262,ts-ticketinfo-service,a0e8bcdbeed7e411,ecb7edc846d9980b,e99655868bac2cdd,10904,200,queryForStationId,ts-travel-service
1650504262,ts-travel-service,e99655868bac2cdd,,e99655868bac2cdd,55282,200,queryInfo,no_parent
1650504262,ts-station-service,259afc826d13c5da,20fc2e7b7d022a8d,e99655868bac2cdd,2634,200,queryForStationId,ts-basic-service
1650504262,ts-route-service,541e7d0a9a830ba7,31bfa2697f23bad1,e99655868bac2cdd,2194,200,queryById,ts-travel-service
1650504262,ts-route-service,e20743d0555f4841,f074b73c8a2784ca,e99655868bac2cdd,12301,200,queryById,ts-travel-service
1650504262,ts-order-service,6c26748a146711d9,1d1113ca67059381,1d1113ca67059381,9822,200,POST,ts-order-service
1650504262,ts-route-service,40b7229588ab192a,fb16be26e8c35473,e99655868bac2cdd,2233,200,queryById,ts-travel-service
1650504262,ts-basic-service,20fc2e7b7d022a8d,87fa85d264f5a8a3,e99655868bac2cdd,3309,200,GET,ts-basic-service
1650504262,ts-ticketinfo-service,d1d3565abb0ecf21,c2f3e9ba3ac27cce,e99655868bac2cdd,6561,200,GET,ts-ticketinfo-service
1650504262,ts-ticketinfo-service,c2f3e9ba3ac27cce,93c6f001a57eafa7,e99655868bac2cdd,8794,200,queryForStationId,ts-travel-service
1650504262,ts-route-service,a0314192d4ce6bc3,85984ef4a905cfa5,e99655868bac2cdd,2163,200,queryById,ts-travel-service
1650504262,ts-verification-code-service,16dca837eebd076a,,16dca837eebd076a,2853,200,imageCode,no_parent
1650504262,ts-auth-service,1423cd71730898a8,98ee9e58e6c33ac6,98ee9e58e6c33ac6,3816,200,GET,ts-auth-service
1650504262,ts-auth-service,98ee9e58e6c33ac6,,98ee9e58e6c33ac6,122456,200,getToken,no_parent
1650504262,ts-ticketinfo-service,2f443720adda71d3,a0e8bcdbeed7e411,e99655868bac2cdd,8246,200,GET,ts-ticketinfo-service
1650504262,ts-contacts-service,606793d7cb4699d1,,606793d7cb4699d1,3353,200,findContactsByAccountId,no_parent
1650504262,ts-order-service,1d1113ca67059381,,1d1113ca67059381,13429,200,queryOrdersForRefresh,no_parent
1650504262,ts-station-service,f7f95c5d4a7f6b66,6c26748a146711d9,1d1113ca67059381,8246,200,queryForNameBatch,ts-order-service
1650504262,ts-order-service,c5f0f1a694181451,4bf6c0af00d44aaf,a23e85ffea19e966,3996,200,securityInfoCheck,ts-security-service
1650504262,ts-contacts-service,33ea725911afbd94,32e3649f72f49bff,a23e85ffea19e966,2560,200,getContactsByContactsId,ts-preserve-service
1650504262,ts-security-service,4bf6c0af00d44aaf,d3ef78d68b0a8499,a23e85ffea19e966,5806,200,GET,ts-security-service
1650504262,ts-verification-code-service,dbdcbfbca35c8e5a,1423cd71730898a8,98ee9e58e6c33ac6,1903,200,verifyCode,ts-auth-service
1650504262,ts-assurance-service,2a9d533a53866b99,,2a9d533a53866b99,1625,200,getAllAssuranceType,no_parent
1650504322,ts-station-service,8546b9702643288b,548c524c936c0b95,376e8857edaf0607,7514,200,queryForNameBatch,ts-order-service
1650504322,ts-contacts-service,68147adc5d45589c,9cf62d1c43725515,a2b2836f2dba61a2,2586,200,getContactsByContactsId,ts-preserve-service
1650504322,ts-security-service,3673bfaf01e600af,ac079b2c944101ae,a2b2836f2dba61a2,4901,200,GET,ts-security-service
1650504322,ts-security-service,ac079b2c944101ae,616b049ce2e3a1,a2b2836f2dba61a2,15680,200,check,ts-preserve-service
1650504322,ts-preserve-service,616b049ce2e3a1,a2b2836f2dba61a2,a2b2836f2dba61a2,17220,200,GET,ts-preserve-service
1650504322,ts-order-service,84214d5db38ba150,c38d27b9814894a7,a2b2836f2dba61a2,3776,200,securityInfoCheck,ts-security-service
1650504322,ts-security-service,c38d27b9814894a7,ac079b2c944101ae,a2b2836f2dba61a2,5329,200,GET,ts-security-service
1650504322,ts-order-other-service,6fce8d3b3ae803f2,3673bfaf01e600af,a2b2836f2dba61a2,3668,200,securityInfoCheck,ts-security-service
1650504322,ts-preserve-service,a2b2836f2dba61a2,,a2b2836f2dba61a2,24060,200,preserve,no_parent
1650504322,ts-preserve-service,9cf62d1c43725515,a2b2836f2dba61a2,a2b2836f2dba61a2,3846,200,GET,ts-preserve-service
1650504322,ts-order-service,548c524c936c0b95,376e8857edaf0607,376e8857edaf0607,9053,200,POST,ts-order-service
1650504322,ts-auth-service,fba596475c0092cb,879e9703abe99f29,879e9703abe99f29,4471,200,GET,ts-auth-service
1650504322,ts-auth-service,879e9703abe99f29,,879e9703abe99f29,139115,200,getToken,no_parent
1650504322,ts-verification-code-service,b95ad38e55f55b1c,fba596475c0092cb,879e9703abe99f29,2408,200,verifyCode,ts-auth-service
1650504322,ts-order-service,376e8857edaf0607,,376e8857edaf0607,12959,200,queryOrdersForRefresh,no_parent
1650504322,ts-contacts-service,7973ecb5e112dad,,7973ecb5e112dad,3203,200,findContactsByAccountId,no_parent
1650504322,ts-verification-code-service,d24fe569b94efcd7,,d24fe569b94efcd7,4236,200,imageCode,no_parent
1650504323,ts-basic-service,f40130c4b39c0d1c,b41487ad35a4f42d,574b2f94d0687ce5,3176,200,GET,ts-basic-service
1650504323,ts-ticketinfo-service,235a99e3aca03e4d,44603ab11674b6cd,574b2f94d0687ce5,6587,200,GET,ts-ticketinfo-service
1650504323,ts-travel-service,926494ea1a1e5ebf,574b2f94d0687ce5,574b2f94d0687ce5,8640,200,GET,ts-travel-service
1650504323,ts-basic-service,dd2515e5e6192223,55b62e561c5e61b9,574b2f94d0687ce5,4948,200,queryForStationId,ts-ticketinfo-service
1650504323,ts-route-service,7aef3d8ef9113711,9d2b3a2422d4057e,574b2f94d0687ce5,2211,200,queryById,ts-travel-service
1650504323,ts-basic-service,c9f2887306094ecd,dd2515e5e6192223,574b2f94d0687ce5,2752,200,GET,ts-basic-service
1650504323,ts-basic-service,b41487ad35a4f42d,235a99e3aca03e4d,574b2f94d0687ce5,5798,200,queryForStationId,ts-ticketinfo-service
1650504323,ts-route-service,eea5b7dc29d26fe0,f84b03f0781a82ac,574b2f94d0687ce5,1653,200,queryById,ts-travel-service
1650504323,ts-route-service,fcd30792b3ebfbaf,780028be0e34efc2,574b2f94d0687ce5,1873,200,queryById,ts-travel-service
1650504323,ts-route-service,eaf9cdd406c6c494,95496ae31d91bebf,574b2f94d0687ce5,1839,200,queryById,ts-travel-service
1650504323,ts-travel-service,574b2f94d0687ce5,,574b2f94d0687ce5,39542,200,queryInfo,no_parent
1650504323,ts-travel-service,780028be0e34efc2,574b2f94d0687ce5,574b2f94d0687ce5,2638,200,GET,ts-travel-service
1650504323,ts-travel-service,95496ae31d91bebf,574b2f94d0687ce5,574b2f94d0687ce5,1939,200,GET,ts-travel-service
1650504323,ts-travel-service,f84b03f0781a82ac,574b2f94d0687ce5,574b2f94d0687ce5,1721,200,GET,ts-travel-service
1650504323,ts-route-service,7bff936f8b5f4dc6,50c1d53b8fb48d63,574b2f94d0687ce5,1643,200,queryById,ts-travel-service
1650504323,ts-ticketinfo-service,1367069548fdb5b5,926494ea1a1e5ebf,574b2f94d0687ce5,8173,200,queryForStationId,ts-travel-service
1650504323,ts-travel-service,50c1d53b8fb48d63,574b2f94d0687ce5,574b2f94d0687ce5,1719,200,GET,ts-travel-service
1650504323,ts-station-service,910564fc9ee93533,f40130c4b39c0d1c,574b2f94d0687ce5,2172,200,queryForStationId,ts-basic-service
1650504323,ts-ticketinfo-service,44603ab11674b6cd,91d019b39368c7cb,574b2f94d0687ce5,8806,200,queryForStationId,ts-travel-service
1650504323,ts-ticketinfo-service,55b62e561c5e61b9,1367069548fdb5b5,574b2f94d0687ce5,5540,200,GET,ts-ticketinfo-service
1650504323,ts-travel-service,9d2b3a2422d4057e,574b2f94d0687ce5,574b2f94d0687ce5,3358,200,GET,ts-travel-service
1650504323,ts-assurance-service,3fe7c54a7d2b606,,3fe7c54a7d2b606,1427,200,getAllAssuranceType,no_parent
1650504323,ts-station-service,c4427ed3af2ff17b,c9f2887306094ecd,574b2f94d0687ce5,2125,200,queryForStationId,ts-basic-service
1650504323,ts-travel-service,91d019b39368c7cb,574b2f94d0687ce5,574b2f94d0687ce5,10611,200,GET,ts-travel-service
1650504383,ts-travel-service,99ee4f06b672b5e,c724b74ae38f07e1,c724b74ae38f07e1,4296,200,GET,ts-travel-service
1650504383,ts-travel-service,c724b74ae38f07e1,,c724b74ae38f07e1,45483,200,queryInfo,no_parent
1650504383,ts-travel-service,9bc27417db075ce0,c724b74ae38f07e1,c724b74ae38f07e1,2371,200,GET,ts-travel-service
1650504383,ts-route-service,c5d5384f12df7464,9bc27417db075ce0,c724b74ae38f07e1,2226,200,queryById,ts-travel-service
1650504383,ts-ticketinfo-service,5fdd28487809d91a,eed6e2b0ee2a31a9,c724b74ae38f07e1,9896,200,queryForStationId,ts-travel-service
1650504383,ts-travel-service,c28bfe57e45b133b,c724b74ae38f07e1,c724b74ae38f07e1,2428,200,GET,ts-travel-service
1650504383,ts-travel-service,644039adad2d614f,c724b74ae38f07e1,c724b74ae38f07e1,2714,200,GET,ts-travel-service
1650504383,ts-travel-service,cd12676b4f61a64c,c724b74ae38f07e1,c724b74ae38f07e1,2429,200,GET,ts-travel-service
1650504383,ts-order-service,70f84169cdefc39,60e02d4071f20069,60e02d4071f20069,9632,200,POST,ts-order-service
1650504383,ts-order-service,60e02d4071f20069,,60e02d4071f20069,13201,200,queryOrdersForRefresh,no_parent
1650504383,ts-station-service,89e240028a7a9270,d0c90addbbc046cb,c724b74ae38f07e1,2306,200,queryForStationId,ts-basic-service
1650504383,ts-station-service,4e1fe15fe405d73b,e6f37f1656cc5c17,c724b74ae38f07e1,2620,200,queryForStationId,ts-basic-service
1650504383,ts-basic-service,e6f37f1656cc5c17,572389a060e57641,c724b74ae38f07e1,3444,200,GET,ts-basic-service
1650504383,ts-basic-service,572389a060e57641,dd568fb520dc240f,c724b74ae38f07e1,5829,200,queryForStationId,ts-ticketinfo-service
1650504383,ts-ticketinfo-service,d6a1a084fd9873e6,5fdd28487809d91a,c724b74ae38f07e1,7256,200,GET,ts-ticketinfo-service
1650504383,ts-ticketinfo-service,dd568fb520dc240f,cdce41d8f4639fa5,c724b74ae38f07e1,6676,200,GET,ts-ticketinfo-service
1650504383,ts-travel-service,85bcc8cc95d161ee,c724b74ae38f07e1,c724b74ae38f07e1,9583,200,GET,ts-travel-service
1650504383,ts-basic-service,d0c90addbbc046cb,d49472fa49af6cb0,c724b74ae38f07e1,3387,200,GET,ts-basic-service
1650504383,ts-basic-service,d49472fa49af6cb0,d6a1a084fd9873e6,c724b74ae38f07e1,6098,200,queryForStationId,ts-ticketinfo-service
1650504383,ts-preserve-service,c9d29071bc20f867,,c9d29071bc20f867,22999,200,preserve,no_parent
1650504383,ts-route-service,f7b7a8098fe2259b,c28bfe57e45b133b,c724b74ae38f07e1,2273,200,queryById,ts-travel-service
1650504383,ts-route-service,8368e8d1d8d7f0c7,99ee4f06b672b5e,c724b74ae38f07e1,2763,200,queryById,ts-travel-service
1650504383,ts-route-service,8f39d982b60a5d20,644039adad2d614f,c724b74ae38f07e1,2311,200,queryById,ts-travel-service
1650504383,ts-order-service,83d5f39ebf8ce4b5,7d335871dce4f2cc,c9d29071bc20f867,3435,200,securityInfoCheck,ts-security-service
1650504383,ts-preserve-service,6637dfbe7dc10764,c9d29071bc20f867,c9d29071bc20f867,15645,200,GET,ts-preserve-service
1650504383,ts-preserve-service,92e40acb99653bd8,c9d29071bc20f867,c9d29071bc20f867,4311,200,GET,ts-preserve-service
1650504383,ts-travel-service,eed6e2b0ee2a31a9,c724b74ae38f07e1,c724b74ae38f07e1,11392,200,GET,ts-travel-service
1650504383,ts-ticketinfo-service,cdce41d8f4639fa5,85bcc8cc95d161ee,c724b74ae38f07e1,9163,200,queryForStationId,ts-travel-service
1650504383,ts-auth-service,1f2ddd007e806381,,1f2ddd007e806381,111004,200,getToken,no_parent
1650504383,ts-security-service,7d335871dce4f2cc,f1bcaea5e87add34,c9d29071bc20f867,5337,200,GET,ts-security-service
1650504383,ts-route-service,8299b271398706ef,cd12676b4f61a64c,c724b74ae38f07e1,2351,200,queryById,ts-travel-service
1650504383,ts-order-other-service,fdf05fb071d9b791,e3aa02475e44983,c9d29071bc20f867,2996,200,securityInfoCheck,ts-security-service
1650504383,ts-contacts-service,bbed45ec0ea2c844,92e40acb99653bd8,c9d29071bc20f867,3121,200,getContactsByContactsId,ts-preserve-service
1650504383,ts-station-service,6ca5a5d1922cdec8,70f84169cdefc39,60e02d4071f20069,8097,200,queryForNameBatch,ts-order-service
1650504383,ts-verification-code-service,bafac52b7cb890e4,1109b65e20665f66,1f2ddd007e806381,1678,200,verifyCode,ts-auth-service
1650504383,ts-security-service,e3aa02475e44983,f1bcaea5e87add34,c9d29071bc20f867,4047,200,GET,ts-security-service
1650504383,ts-security-service,f1bcaea5e87add34,6637dfbe7dc10764,c9d29071bc20f867,14235,200,check,ts-preserve-service
1650504383,ts-auth-service,1109b65e20665f66,1f2ddd007e806381,1f2ddd007e806381,3538,200,GET,ts-auth-service
1650504383,ts-assurance-service,a5ec3e309258071e,,a5ec3e309258071e,1670,200,getAllAssuranceType,no_parent
1650504383,ts-contacts-service,ba2e30538f73020e,,ba2e30538f73020e,3224,200,findContactsByAccountId,no_parent
1650504383,ts-verification-code-service,bf42e307252d4b55,,bf42e307252d4b55,3300,200,imageCode,no_parent
1650504443,ts-basic-service,243274be88955c04,abe7536bebea449e,be6507fbb7cff41,2760,200,GET,ts-basic-service
1650504443,ts-travel-service,177d1f3ede4c6e24,be6507fbb7cff41,be6507fbb7cff41,8313,200,GET,ts-travel-service
1650504443,ts-travel-service,a07cf3d2144e0bf7,be6507fbb7cff41,be6507fbb7cff41,1705,200,GET,ts-travel-service
1650504443,ts-route-service,8d539950e0535314,3799ddc844f481,be6507fbb7cff41,1728,200,queryById,ts-travel-service
1650504443,ts-security-service,c840166d8218a574,2a057273c126f47a,697f2417e186a99e,4096,200,GET,ts-security-service
1650504443,ts-station-service,ad822e2454b7021b,243274be88955c04,be6507fbb7cff41,2119,200,queryForStationId,ts-basic-service
1650504443,ts-station-service,bf84edbbc7aa98c5,1391d614b43ea2ab,be6507fbb7cff41,2161,200,queryForStationId,ts-basic-service
1650504443,ts-ticketinfo-service,738abe797fc6a22f,4bb437c619b76fd9,be6507fbb7cff41,5553,200,GET,ts-ticketinfo-service
1650504443,ts-auth-service,1f6a0389edcf3342,,1f6a0389edcf3342,130244,200,getToken,no_parent
1650504443,ts-travel-service,8fa991160c4a337d,be6507fbb7cff41,be6507fbb7cff41,2092,200,GET,ts-travel-service
1650504443,ts-travel-service,3799ddc844f481,be6507fbb7cff41,be6507fbb7cff41,1749,200,GET,ts-travel-service
1650504443,ts-basic-service,1391d614b43ea2ab,c8e51de8dfed5a30,be6507fbb7cff41,3484,200,GET,ts-basic-service
1650504443,ts-basic-service,c8e51de8dfed5a30,2738f2672cfbe428,be6507fbb7cff41,5868,200,queryForStationId,ts-ticketinfo-service
1650504443,ts-basic-service,abe7536bebea449e,738abe797fc6a22f,be6507fbb7cff41,4875,200,queryForStationId,ts-ticketinfo-service
1650504443,ts-verification-code-service,7f93e531c09616fb,961e060ca746a99c,1f6a0389edcf3342,1864,200,verifyCode,ts-auth-service
1650504443,ts-travel-service,be6507fbb7cff41,,be6507fbb7cff41,43660,200,queryInfo,no_parent
1650504443,ts-travel-service,9dba7ba49e90449a,be6507fbb7cff41,be6507fbb7cff41,1712,200,GET,ts-travel-service
1650504443,ts-travel-service,c36e0c91466d894c,be6507fbb7cff41,be6507fbb7cff41,3405,200,GET,ts-travel-service
1650504443,ts-order-service,bc2bedb9648b8f27,,bc2bedb9648b8f27,10313,200,queryOrdersForRefresh,no_parent
1650504443,ts-security-service,2a057273c126f47a,2cadd1392698c854,697f2417e186a99e,12732,200,check,ts-preserve-service
1650504443,ts-travel-service,a66d34f38c5c0ac,be6507fbb7cff41,be6507fbb7cff41,10346,200,GET,ts-travel-service
1650504443,ts-route-service,44ab435bf1d1520a,9dba7ba49e90449a,be6507fbb7cff41,1627,200,queryById,ts-travel-service
1650504443,ts-route-service,71c5c41c72e98440,8fa991160c4a337d,be6507fbb7cff41,1760,200,queryById,ts-travel-service
1650504443,ts-station-service,cdf0220479759476,13792ec5154687bf,bc2bedb9648b8f27,5178,200,queryForNameBatch,ts-order-service
1650504443,ts-order-service,13792ec5154687bf,bc2bedb9648b8f27,bc2bedb9648b8f27,6574,200,POST,ts-order-service
1650504443,ts-route-service,f35f794b08ac2b9,c36e0c91466d894c,be6507fbb7cff41,2226,200,queryById,ts-travel-service
1650504443,ts-ticketinfo-service,6619f5752ebe6085,a66d34f38c5c0ac,be6507fbb7cff41,9028,200,queryForStationId,ts-travel-service
1650504443,ts-ticketinfo-service,4bb437c619b76fd9,177d1f3ede4c6e24,be6507fbb7cff41,8035,200,queryForStationId,ts-travel-service
1650504443,ts-ticketinfo-service,2738f2672cfbe428,6619f5752ebe6085,be6507fbb7cff41,6873,200,GET,ts-ticketinfo-service
1650504443,ts-route-service,abfbb1c33663b48b,a07cf3d2144e0bf7,be6507fbb7cff41,1666,200,queryById,ts-travel-service
1650504443,ts-order-service,cb28a7f25542d94,a0134fbfd9b5acf8,697f2417e186a99e,3298,200,securityInfoCheck,ts-security-service
1650504443,ts-preserve-service,3079ba3c37a3c6de,697f2417e186a99e,697f2417e186a99e,4218,200,GET,ts-preserve-service
1650504443,ts-contacts-service,699667bcf8e6c433,3079ba3c37a3c6de,697f2417e186a99e,2322,200,getContactsByContactsId,ts-preserve-service
1650504443,ts-security-service,a0134fbfd9b5acf8,2a057273c126f47a,697f2417e186a99e,4673,200,GET,ts-security-service
1650504443,ts-order-other-service,70361402e1f60ba4,c840166d8218a574,697f2417e186a99e,2773,200,securityInfoCheck,ts-security-service
1650504443,ts-auth-service,961e060ca746a99c,1f6a0389edcf3342,1f6a0389edcf3342,3475,200,GET,ts-auth-service
1650504443,ts-preserve-service,2cadd1392698c854,697f2417e186a99e,697f2417e186a99e,14084,200,GET,ts-preserve-service
1650504443,ts-contacts-service,4a2cedd63b43dbb2,,4a2cedd63b43dbb2,2634,200,findContactsByAccountId,no_parent
1650504443,ts-preserve-service,697f2417e186a99e,,697f2417e186a99e,21157,200,preserve,no_parent
1650504443,ts-assurance-service,d8d729fab4e7eb65,,d8d729fab4e7eb65,1333,200,getAllAssuranceType,no_parent
1650504443,ts-verification-code-service,aeaad3cbf13df3ad,,aeaad3cbf13df3ad,2422,200,imageCode,no_parent
1650504503,ts-preserve-service,48f1fa451b308258,a4c091912588dd10,a4c091912588dd10,4156,200,GET,ts-preserve-service
1650504503,ts-verification-code-service,520b922ac44d3f14,,520b922ac44d3f14,2913,200,imageCode,no_parent
1650504503,ts-verification-code-service,72e4b536c5142aae,ba3f52b537087548,fcac62bebd1a8e37,2042,200,verifyCode,ts-auth-service
1650504503,ts-auth-service,ba3f52b537087548,fcac62bebd1a8e37,fcac62bebd1a8e37,3913,200,GET,ts-auth-service
1650504503,ts-security-service,7b87d60e5e093248,c90b00425b2bf236,a4c091912588dd10,4402,200,GET,ts-security-service
1650504503,ts-security-service,4388d9ee1010c26f,c90b00425b2bf236,a4c091912588dd10,5192,200,GET,ts-security-service
1650504503,ts-order-service,881bb0bbe7b239a2,eef4df113bc98db5,eef4df113bc98db5,9558,200,POST,ts-order-service
1650504503,ts-order-other-service,464324c39f13792c,7b87d60e5e093248,a4c091912588dd10,3162,200,securityInfoCheck,ts-security-service
1650504503,ts-contacts-service,96be13110a0a36aa,48f1fa451b308258,a4c091912588dd10,2686,200,getContactsByContactsId,ts-preserve-service
1650504503,ts-order-service,eef4df113bc98db5,,eef4df113bc98db5,13048,200,queryOrdersForRefresh,no_parent
1650504503,ts-security-service,c90b00425b2bf236,e82af3e109718749,a4c091912588dd10,14467,200,check,ts-preserve-service
1650504503,ts-station-service,b1ceaf6a32a5690c,881bb0bbe7b239a2,eef4df113bc98db5,8179,200,queryForNameBatch,ts-order-service
1650504503,ts-order-service,cc6c1a183a4c7edb,4388d9ee1010c26f,a4c091912588dd10,3864,200,securityInfoCheck,ts-security-service
1650504503,ts-preserve-service,a4c091912588dd10,,a4c091912588dd10,22848,200,preserve,no_parent
1650504503,ts-preserve-service,e82af3e109718749,a4c091912588dd10,a4c091912588dd10,15610,200,GET,ts-preserve-service
1650504503,ts-auth-service,fcac62bebd1a8e37,,fcac62bebd1a8e37,115051,200,getToken,no_parent
1650504503,ts-contacts-service,c5329d4a36d45c39,,c5329d4a36d45c39,2919,200,findContactsByAccountId,no_parent
1650504504,ts-travel-service,640fc63690bf4eaa,dd7fca71724447de,dd7fca71724447de,10853,200,GET,ts-travel-service
1650504504,ts-station-service,cb2506671f121701,914673706615f683,dd7fca71724447de,2295,200,queryForStationId,ts-basic-service
1650504504,ts-travel-service,c43638206cb5a13c,dd7fca71724447de,dd7fca71724447de,1999,200,GET,ts-travel-service
1650504504,ts-travel-service,b234cb8fc7288af4,dd7fca71724447de,dd7fca71724447de,2003,200,GET,ts-travel-service
1650504504,ts-station-service,51907c8262fa4d30,fb13bda01cee84e0,dd7fca71724447de,2291,200,queryForStationId,ts-basic-service
1650504504,ts-travel-service,c71d4d86bca9e587,dd7fca71724447de,dd7fca71724447de,1651,200,GET,ts-travel-service
1650504504,ts-ticketinfo-service,ebba90cfc136ff9d,efc688f7a4dc7777,dd7fca71724447de,6990,200,GET,ts-ticketinfo-service
1650504504,ts-travel-service,db5da3ade7684615,dd7fca71724447de,dd7fca71724447de,1874,200,GET,ts-travel-service
1650504504,ts-travel-service,fdbbe3bdb0f121c1,dd7fca71724447de,dd7fca71724447de,3509,200,GET,ts-travel-service
1650504504,ts-ticketinfo-service,efc688f7a4dc7777,640fc63690bf4eaa,dd7fca71724447de,9114,200,queryForStationId,ts-travel-service
1650504504,ts-route-service,9335779d26a304fa,fdbbe3bdb0f121c1,dd7fca71724447de,2166,200,queryById,ts-travel-service
1650504504,ts-basic-service,9057d1faa51547a7,ebba90cfc136ff9d,dd7fca71724447de,5876,200,queryForStationId,ts-ticketinfo-service
1650504504,ts-basic-service,fb13bda01cee84e0,d12ca1bb479858b2,dd7fca71724447de,2816,200,GET,ts-basic-service
1650504504,ts-basic-service,d12ca1bb479858b2,517c93e242c337de,dd7fca71724447de,4339,200,queryForStationId,ts-ticketinfo-service
1650504504,ts-basic-service,914673706615f683,9057d1faa51547a7,dd7fca71724447de,3477,200,GET,ts-basic-service
1650504504,ts-travel-service,4364b0d15fdcd4cc,dd7fca71724447de,dd7fca71724447de,6726,200,GET,ts-travel-service
1650504504,ts-ticketinfo-service,517c93e242c337de,a58276061ad6645c,dd7fca71724447de,5011,200,GET,ts-ticketinfo-service
1650504504,ts-route-service,ff248e5d70cdccec,db5da3ade7684615,dd7fca71724447de,1748,200,queryById,ts-travel-service
1650504504,ts-route-service,16a21447e6b98d8b,c71d4d86bca9e587,dd7fca71724447de,1536,200,queryById,ts-travel-service
1650504504,ts-travel-service,dd7fca71724447de,,dd7fca71724447de,38484,200,queryInfo,no_parent
1650504504,ts-route-service,c224fbd8f8bbc298,b234cb8fc7288af4,dd7fca71724447de,1880,200,queryById,ts-travel-service
1650504504,ts-route-service,35f0e637a31757f4,c43638206cb5a13c,dd7fca71724447de,1655,200,queryById,ts-travel-service
1650504504,ts-ticketinfo-service,a58276061ad6645c,4364b0d15fdcd4cc,dd7fca71724447de,6388,200,queryForStationId,ts-travel-service
1650504504,ts-assurance-service,a0ea32750d36c7d3,,a0ea32750d36c7d3,1624,200,getAllAssuranceType,no_parent
1650504564,ts-travel-service,476b1b68c50fbed7,54bfbb47cc502bb9,54bfbb47cc502bb9,2307,200,GET,ts-travel-service
1650504564,ts-travel-service,54bfbb47cc502bb9,,54bfbb47cc502bb9,42082,200,queryInfo,no_parent
1650504564,ts-route-service,ed849fa7fe6959ac,d3069643def7190,54bfbb47cc502bb9,1729,200,queryById,ts-travel-service
1650504564,ts-basic-service,5020c918f2444333,c4b071ae646ef903,54bfbb47cc502bb9,3556,200,GET,ts-basic-service
1650504564,ts-order-service,d68be11c8ec1e8ef,,d68be11c8ec1e8ef,10346,200,queryOrdersForRefresh,no_parent
1650504564,ts-basic-service,13716f2237bf36a4,5489d1fc1af940d8,54bfbb47cc502bb9,3218,200,GET,ts-basic-service
1650504564,ts-order-service,fe4f682f62981916,d68be11c8ec1e8ef,d68be11c8ec1e8ef,7011,200,POST,ts-order-service
1650504564,ts-station-service,33dc497b1a437e93,fe4f682f62981916,d68be11c8ec1e8ef,5449,200,queryForNameBatch,ts-order-service
1650504564,ts-travel-service,33da2c83981a44c5,54bfbb47cc502bb9,54bfbb47cc502bb9,2568,200,GET,ts-travel-service
1650504564,ts-travel-service,19c14ff8f1eddb7a,54bfbb47cc502bb9,54bfbb47cc502bb9,8760,200,GET,ts-travel-service
1650504564,ts-travel-service,d3069643def7190,54bfbb47cc502bb9,54bfbb47cc502bb9,1804,200,GET,ts-travel-service
1650504564,ts-travel-service,a22986d849a2b36f,54bfbb47cc502bb9,54bfbb47cc502bb9,3482,200,GET,ts-travel-service
1650504564,ts-travel-service,d88610395125fe1b,54bfbb47cc502bb9,54bfbb47cc502bb9,11985,200,GET,ts-travel-service
1650504564,ts-travel-service,66f80cee09ac7527,54bfbb47cc502bb9,54bfbb47cc502bb9,2003,200,GET,ts-travel-service
1650504564,ts-ticketinfo-service,827d8370482dc995,3ac847123f31cd3d,54bfbb47cc502bb9,8476,200,GET,ts-ticketinfo-service
1650504564,ts-station-service,6e7489ef90bffbeb,5020c918f2444333,54bfbb47cc502bb9,2103,200,queryForStationId,ts-basic-service
1650504564,ts-route-service,aa46ea43b6b651ad,33da2c83981a44c5,54bfbb47cc502bb9,1900,200,queryById,ts-travel-service
1650504564,ts-route-service,3a946fe9f7e2e897,476b1b68c50fbed7,54bfbb47cc502bb9,1858,200,queryById,ts-travel-service
1650504564,ts-preserve-service,82f8d668dbf41f2d,a9cdf60c82bd6e58,a9cdf60c82bd6e58,14262,200,GET,ts-preserve-service
1650504564,ts-preserve-service,d6fdedad18c67f8e,a9cdf60c82bd6e58,a9cdf60c82bd6e58,3488,200,GET,ts-preserve-service
1650504564,ts-preserve-service,a9cdf60c82bd6e58,,a9cdf60c82bd6e58,20479,200,preserve,no_parent
1650504564,ts-order-other-service,105ccb92d8cfdd59,8b03242bf04c36eb,a9cdf60c82bd6e58,3370,200,securityInfoCheck,ts-security-service
1650504564,ts-route-service,31b6fca0475ee84e,a22986d849a2b36f,54bfbb47cc502bb9,2262,200,queryById,ts-travel-service
1650504564,ts-route-service,41af81a5fe2b0d06,66f80cee09ac7527,54bfbb47cc502bb9,1893,200,queryById,ts-travel-service
1650504564,ts-basic-service,c4b071ae646ef903,827d8370482dc995,54bfbb47cc502bb9,6779,200,queryForStationId,ts-ticketinfo-service
1650504564,ts-station-service,890da624b989a73f,13716f2237bf36a4,54bfbb47cc502bb9,2197,200,queryForStationId,ts-basic-service
1650504564,ts-ticketinfo-service,3ac847123f31cd3d,d88610395125fe1b,54bfbb47cc502bb9,10451,200,queryForStationId,ts-travel-service
1650504564,ts-ticketinfo-service,ca0fb73da09020ef,19c14ff8f1eddb7a,54bfbb47cc502bb9,8490,200,queryForStationId,ts-travel-service
1650504564,ts-security-service,e90f2679c9a450ed,ac048147ac7f670c,a9cdf60c82bd6e58,4522,200,GET,ts-security-service
1650504564,ts-basic-service,5489d1fc1af940d8,c16a23fb2b9872da,54bfbb47cc502bb9,5303,200,queryForStationId,ts-ticketinfo-service
1650504564,ts-security-service,8b03242bf04c36eb,ac048147ac7f670c,a9cdf60c82bd6e58,4399,200,GET,ts-security-service
1650504564,ts-security-service,ac048147ac7f670c,82f8d668dbf41f2d,a9cdf60c82bd6e58,12689,200,check,ts-preserve-service
1650504564,ts-verification-code-service,1413da11468bc76f,,1413da11468bc76f,2658,200,imageCode,no_parent
1650504564,ts-verification-code-service,6c921c6a3e3fcc5b,f2ee3d068691b5f8,285a49c08b79f840,1772,200,verifyCode,ts-auth-service
1650504564,ts-auth-service,f2ee3d068691b5f8,285a49c08b79f840,285a49c08b79f840,3836,200,GET,ts-auth-service
1650504564,ts-auth-service,285a49c08b79f840,,285a49c08b79f840,113958,200,getToken,no_parent
1650504564,ts-ticketinfo-service,c16a23fb2b9872da,ca0fb73da09020ef,54bfbb47cc502bb9,5951,200,GET,ts-ticketinfo-service
1650504564,ts-assurance-service,5393535bbb83c1e3,,5393535bbb83c1e3,1350,200,getAllAssuranceType,no_parent
1650504564,ts-contacts-service,fcb367f96df00b64,d6fdedad18c67f8e,a9cdf60c82bd6e58,2231,200,getContactsByContactsId,ts-preserve-service
1650504564,ts-order-service,4bfc6b02f9dd5328,e90f2679c9a450ed,a9cdf60c82bd6e58,3473,200,securityInfoCheck,ts-security-service
1650504564,ts-contacts-service,76f8909e7c58be49,,76f8909e7c58be49,3099,200,findContactsByAccountId,no_parent
1650504624,ts-preserve-service,cec1588ec909228,917f9117394136e3,917f9117394136e3,3448,200,GET,ts-preserve-service
1650504624,ts-preserve-service,7fbb1706a069b09e,917f9117394136e3,917f9117394136e3,15745,200,GET,ts-preserve-service
1650504624,ts-basic-service,67e32e7c32a9baad,f0ebeacd63f8bce0,84bb19dcbed9d3d2,3001,200,GET,ts-basic-service
1650504624,ts-basic-service,123cf548ddd21c69,6a7b325120ff0fcb,84bb19dcbed9d3d2,3837,200,GET,ts-basic-service
1650504624,ts-ticketinfo-service,e703dfc0264bdda4,16fbabc68c7c51bb,84bb19dcbed9d3d2,7512,200,GET,ts-ticketinfo-service
1650504624,ts-travel-service,7a8b89b58c7ff320,84bb19dcbed9d3d2,84bb19dcbed9d3d2,3752,200,GET,ts-travel-service
1650504624,ts-travel-service,7c5ee86ed27e56ad,84bb19dcbed9d3d2,84bb19dcbed9d3d2,11473,200,GET,ts-travel-service
1650504624,ts-travel-service,84bb19dcbed9d3d2,,84bb19dcbed9d3d2,41240,200,queryInfo,no_parent
1650504624,ts-travel-service,546f9c7e286b1d3d,84bb19dcbed9d3d2,84bb19dcbed9d3d2,2048,200,GET,ts-travel-service
1650504624,ts-route-service,3c79c0c4fe590146,7a8b89b58c7ff320,84bb19dcbed9d3d2,2478,200,queryById,ts-travel-service
1650504624,ts-travel-service,d8180de8e850414d,84bb19dcbed9d3d2,84bb19dcbed9d3d2,8132,200,GET,ts-travel-service
1650504624,ts-auth-service,5881beef317ff690,aad18bbf5f8f6f27,aad18bbf5f8f6f27,3620,200,GET,ts-auth-service
1650504624,ts-travel-service,ae1627fa147ec71a,84bb19dcbed9d3d2,84bb19dcbed9d3d2,2039,200,GET,ts-travel-service
1650504624,ts-assurance-service,74983c3513a20eaf,,74983c3513a20eaf,1026,200,getAllAssuranceType,no_parent
1650504624,ts-route-service,ddb52b27b192527e,546f9c7e286b1d3d,84bb19dcbed9d3d2,1902,200,queryById,ts-travel-service
1650504624,ts-ticketinfo-service,67ba43756802d8ba,386321654c82bdfb,84bb19dcbed9d3d2,5686,200,GET,ts-ticketinfo-service
1650504624,ts-station-service,a6a0c31085a44a0e,67e32e7c32a9baad,84bb19dcbed9d3d2,2337,200,queryForStationId,ts-basic-service
1650504624,ts-route-service,326a3fdad44304dd,6d9cc408bb302c1c,84bb19dcbed9d3d2,1878,200,queryById,ts-travel-service
1650504624,ts-travel-service,6d9cc408bb302c1c,84bb19dcbed9d3d2,84bb19dcbed9d3d2,2295,200,GET,ts-travel-service
1650504624,ts-ticketinfo-service,16fbabc68c7c51bb,7c5ee86ed27e56ad,84bb19dcbed9d3d2,10058,200,queryForStationId,ts-travel-service
1650504624,ts-ticketinfo-service,386321654c82bdfb,d8180de8e850414d,84bb19dcbed9d3d2,7671,200,queryForStationId,ts-travel-service
1650504624,ts-preserve-service,917f9117394136e3,,917f9117394136e3,21965,200,preserve,no_parent
1650504624,ts-security-service,98e706c50a3615b2,f5d6ef34ffbb862b,917f9117394136e3,4985,200,GET,ts-security-service
1650504624,ts-security-service,a8be71feda718ba,f5d6ef34ffbb862b,917f9117394136e3,4590,200,GET,ts-security-service
1650504624,ts-security-service,f5d6ef34ffbb862b,7fbb1706a069b09e,917f9117394136e3,14170,200,check,ts-preserve-service
1650504624,ts-order-service,d265313d116b3f56,,d265313d116b3f56,12874,200,queryOrdersForRefresh,no_parent
1650504624,ts-order-service,6c2500139de85871,d265313d116b3f56,d265313d116b3f56,9680,200,POST,ts-order-service
1650504624,ts-order-service,df317c13c256175a,98e706c50a3615b2,917f9117394136e3,3588,200,securityInfoCheck,ts-security-service
1650504624,ts-order-other-service,39109a1fe3b171a0,a8be71feda718ba,917f9117394136e3,3309,200,securityInfoCheck,ts-security-service
1650504624,ts-station-service,14d12c133feed66c,6c2500139de85871,d265313d116b3f56,8103,200,queryForNameBatch,ts-order-service
1650504624,ts-basic-service,6a7b325120ff0fcb,e703dfc0264bdda4,84bb19dcbed9d3d2,6369,200,queryForStationId,ts-ticketinfo-service
1650504624,ts-auth-service,aad18bbf5f8f6f27,,aad18bbf5f8f6f27,107257,200,getToken,no_parent
1650504624,ts-station-service,22f041ef5b5188e5,123cf548ddd21c69,84bb19dcbed9d3d2,2315,200,queryForStationId,ts-basic-service
1650504624,ts-basic-service,f0ebeacd63f8bce0,67ba43756802d8ba,84bb19dcbed9d3d2,5018,200,queryForStationId,ts-ticketinfo-service
1650504624,ts-route-service,78a7ab07d2ade9d7,ae1627fa147ec71a,84bb19dcbed9d3d2,1813,200,queryById,ts-travel-service
1650504624,ts-route-service,efcd672dd5e95f44,2d2aad7e52401ef3,84bb19dcbed9d3d2,2202,200,queryById,ts-travel-service
1650504624,ts-contacts-service,53a7c568b34a2253,cec1588ec909228,917f9117394136e3,2243,200,getContactsByContactsId,ts-preserve-service
1650504624,ts-contacts-service,c0a0d4de7474a8a8,,c0a0d4de7474a8a8,3104,200,findContactsByAccountId,no_parent
1650504624,ts-travel-service,2d2aad7e52401ef3,84bb19dcbed9d3d2,84bb19dcbed9d3d2,2311,200,GET,ts-travel-service
1650504624,ts-verification-code-service,1478166d4d2956ee,5881beef317ff690,aad18bbf5f8f6f27,1955,200,verifyCode,ts-auth-service
1650504624,ts-verification-code-service,e6d4add84aee7016,,e6d4add84aee7016,2647,200,imageCode,no_parent
1650504684,ts-verification-code-service,df55d767f630931d,a4300901240bd850,e5b5266305d155ae,1995,200,verifyCode,ts-auth-service
1650504684,ts-auth-service,a4300901240bd850,e5b5266305d155ae,e5b5266305d155ae,4019,200,GET,ts-auth-service
1650504684,ts-auth-service,e5b5266305d155ae,,e5b5266305d155ae,132818,200,getToken,no_parent
1650504684,ts-order-service,5af22f7d8eefe04f,161b16ed657e2712,3900e68ab0b9dacd,3351,200,securityInfoCheck,ts-security-service
1650504684,ts-basic-service,5c3ee1891d27695c,caf13a749a79cfcc,519c67cbbd76e0ef,5453,200,queryForStationId,ts-ticketinfo-service
1650504684,ts-preserve-service,51621b83d9cd2e3d,3900e68ab0b9dacd,3900e68ab0b9dacd,3700,200,GET,ts-preserve-service
1650504684,ts-station-service,57aeee51df18f89a,f9b50c534c310b13,519c67cbbd76e0ef,2170,200,queryForStationId,ts-basic-service
1650504684,ts-basic-service,f9b50c534c310b13,3d9b46b20bc00048,519c67cbbd76e0ef,3121,200,GET,ts-basic-service
1650504684,ts-basic-service,3d9b46b20bc00048,1a14525f9ed98b8b,519c67cbbd76e0ef,5495,200,queryForStationId,ts-ticketinfo-service
1650504684,ts-station-service,bdb310cbcb5a18dc,3facd17a5aa8451,519c67cbbd76e0ef,2202,200,queryForStationId,ts-basic-service
1650504684,ts-route-service,9df8f71816cb0304,8e1a8e2d1fcd1ca4,519c67cbbd76e0ef,2021,200,queryById,ts-travel-service
1650504684,ts-basic-service,3facd17a5aa8451,5c3ee1891d27695c,519c67cbbd76e0ef,3297,200,GET,ts-basic-service
1650504684,ts-route-service,17524254e26b545a,e6e1d601cb14b3a6,519c67cbbd76e0ef,2307,200,queryById,ts-travel-service
1650504684,ts-security-service,161b16ed657e2712,7d35d3c6dfa40ee4,3900e68ab0b9dacd,4709,200,GET,ts-security-service
1650504684,ts-order-other-service,be3efc198ba2f28c,13c994a50f5650b4,3900e68ab0b9dacd,3138,200,securityInfoCheck,ts-security-service
1650504684,ts-security-service,7d35d3c6dfa40ee4,e4609673ab482f2c,3900e68ab0b9dacd,13784,200,check,ts-preserve-service
1650504684,ts-travel-service,f16414376b00db54,519c67cbbd76e0ef,519c67cbbd76e0ef,9802,200,GET,ts-travel-service
1650504684,ts-ticketinfo-service,983df4821c96c890,d32061ff1351826f,519c67cbbd76e0ef,8495,200,queryForStationId,ts-travel-service
1650504684,ts-route-service,a8df001feb1a93be,46f6c51dca550d2f,519c67cbbd76e0ef,2095,200,queryById,ts-travel-service
1650504684,ts-route-service,381fffa34b76ba1b,684218cd9385eaef,519c67cbbd76e0ef,2157,200,queryById,ts-travel-service
1650504684,ts-contacts-service,d37e139081890a70,51621b83d9cd2e3d,3900e68ab0b9dacd,2508,200,getContactsByContactsId,ts-preserve-service
1650504684,ts-travel-service,684218cd9385eaef,519c67cbbd76e0ef,519c67cbbd76e0ef,2723,200,GET,ts-travel-service
1650504684,ts-travel-service,519c67cbbd76e0ef,,519c67cbbd76e0ef,43052,200,queryInfo,no_parent
1650504684,ts-travel-service,940422972705ca76,519c67cbbd76e0ef,519c67cbbd76e0ef,2534,200,GET,ts-travel-service
1650504684,ts-travel-service,46f6c51dca550d2f,519c67cbbd76e0ef,519c67cbbd76e0ef,2822,200,GET,ts-travel-service
1650504684,ts-station-service,a070c84ce073d4f0,7959cb7c85e3bf91,9f74e5a1d4efad14,5902,200,queryForNameBatch,ts-order-service
1650504684,ts-ticketinfo-service,1a14525f9ed98b8b,af19c56d4036c99,519c67cbbd76e0ef,6362,200,GET,ts-ticketinfo-service
1650504684,ts-ticketinfo-service,af19c56d4036c99,f16414376b00db54,519c67cbbd76e0ef,8530,200,queryForStationId,ts-travel-service
1650504684,ts-order-service,7959cb7c85e3bf91,9f74e5a1d4efad14,9f74e5a1d4efad14,7178,200,POST,ts-order-service
1650504684,ts-order-service,9f74e5a1d4efad14,,9f74e5a1d4efad14,10637,200,queryOrdersForRefresh,no_parent
1650504684,ts-travel-service,e6e1d601cb14b3a6,519c67cbbd76e0ef,519c67cbbd76e0ef,3985,200,GET,ts-travel-service
1650504684,ts-travel-service,d32061ff1351826f,519c67cbbd76e0ef,519c67cbbd76e0ef,9364,200,GET,ts-travel-service
1650504684,ts-ticketinfo-service,caf13a749a79cfcc,983df4821c96c890,519c67cbbd76e0ef,6164,200,GET,ts-ticketinfo-service
1650504684,ts-route-service,e8832201f67dbb7,940422972705ca76,519c67cbbd76e0ef,2051,200,queryById,ts-travel-service
1650504684,ts-contacts-service,454cc19a843d0638,,454cc19a843d0638,3035,200,findContactsByAccountId,no_parent
1650504684,ts-preserve-service,e4609673ab482f2c,3900e68ab0b9dacd,3900e68ab0b9dacd,15422,200,GET,ts-preserve-service
1650504684,ts-preserve-service,3900e68ab0b9dacd,,3900e68ab0b9dacd,22169,200,preserve,no_parent
1650504684,ts-security-service,13c994a50f5650b4,7d35d3c6dfa40ee4,3900e68ab0b9dacd,4475,200,GET,ts-security-service
1650504684,ts-travel-service,8e1a8e2d1fcd1ca4,519c67cbbd76e0ef,519c67cbbd76e0ef,2499,200,GET,ts-travel-service
1650504684,ts-assurance-service,10635908b5397b83,,10635908b5397b83,1451,200,getAllAssuranceType,no_parent
1650504684,ts-verification-code-service,70bc324fde83745b,,70bc324fde83745b,2269,200,imageCode,no_parent
1650504744,ts-preserve-service,99ea3e16f0232e2f,b579eb0b8c3b6097,b579eb0b8c3b6097,15378,200,GET,ts-preserve-service
1650504744,ts-auth-service,3b6ea70af672961f,,3b6ea70af672961f,112376,200,getToken,no_parent
1650504744,ts-security-service,f4d6a7a83667d443,99ea3e16f0232e2f,b579eb0b8c3b6097,13732,200,check,ts-preserve-service
1650504744,ts-security-service,d50d6d9760b72ee1,f4d6a7a83667d443,b579eb0b8c3b6097,4367,200,GET,ts-security-service
1650504744,ts-security-service,337dcd37c85600da,f4d6a7a83667d443,b579eb0b8c3b6097,4867,200,GET,ts-security-service
1650504744,ts-order-other-service,a8a0f01643a2f136,d50d6d9760b72ee1,b579eb0b8c3b6097,3118,200,securityInfoCheck,ts-security-service
1650504744,ts-preserve-service,b579eb0b8c3b6097,,b579eb0b8c3b6097,22149,200,preserve,no_parent
1650504744,ts-preserve-service,53c49f3d53044414,b579eb0b8c3b6097,b579eb0b8c3b6097,3709,200,GET,ts-preserve-service
1650504744,ts-station-service,54a85ca35a1a5bba,26429662495c1fd7,84fc89a9065769fa,8225,200,queryForNameBatch,ts-order-service
1650504744,ts-order-service,84fc89a9065769fa,,84fc89a9065769fa,13123,200,queryOrdersForRefresh,no_parent
1650504744,ts-order-service,26429662495c1fd7,84fc89a9065769fa,84fc89a9065769fa,9859,200,POST,ts-order-service
1650504744,ts-contacts-service,9d344d559be681db,,9d344d559be681db,2430,200,findContactsByAccountId,no_parent
1650504744,ts-contacts-service,368f0e1d51db5740,53c49f3d53044414,b579eb0b8c3b6097,2471,200,getContactsByContactsId,ts-preserve-service
1650504744,ts-order-service,a0253ee23a9a6fea,337dcd37c85600da,b579eb0b8c3b6097,3537,200,securityInfoCheck,ts-security-service
1650504744,ts-verification-code-service,3c2b5db35c45136b,,3c2b5db35c45136b,2298,200,imageCode,no_parent
1650504745,ts-basic-service,a6c80e1b77eb3ed9,f43611156065517e,f76f6422b8ea3971,3196,200,GET,ts-basic-service
1650504745,ts-basic-service,154de642625b9442,697477f57b0ef6b6,f76f6422b8ea3971,5973,200,queryForStationId,ts-ticketinfo-service
1650504745,ts-basic-service,f43611156065517e,d54c31a687b7461b,f76f6422b8ea3971,5203,200,queryForStationId,ts-ticketinfo-service
1650504745,ts-ticketinfo-service,7c4487f956558151,43a5888055693296,f76f6422b8ea3971,9724,200,queryForStationId,ts-travel-service
1650504745,ts-station-service,a38b889151363905,2e14c6bcb03e8741,f76f6422b8ea3971,2309,200,queryForStationId,ts-basic-service
1650504745,ts-route-service,ae24f7e5137173ca,5cebe3878b7a240,f76f6422b8ea3971,2123,200,queryById,ts-travel-service
1650504745,ts-route-service,f829075eb71169f3,91f9d951c9cc1175,f76f6422b8ea3971,1856,200,queryById,ts-travel-service
1650504745,ts-route-service,6fdd1b2a2d43eb1c,5188d9f2cd656447,f76f6422b8ea3971,2539,200,queryById,ts-travel-service
1650504745,ts-route-service,c8ff8b93c5190bef,f3bb6293250a0107,f76f6422b8ea3971,1813,200,queryById,ts-travel-service
1650504745,ts-route-service,215c356176c002b6,db3c8a7b0606f6,f76f6422b8ea3971,9298,200,queryById,ts-travel-service
1650504745,ts-ticketinfo-service,d54c31a687b7461b,cdc04910d51a3f8a,f76f6422b8ea3971,5838,200,GET,ts-ticketinfo-service
1650504745,ts-station-service,da2caae5b6c891eb,a6c80e1b77eb3ed9,f76f6422b8ea3971,2436,200,queryForStationId,ts-basic-service
1650504745,ts-ticketinfo-service,cdc04910d51a3f8a,d043cb94bb2bfe67,f76f6422b8ea3971,7926,200,queryForStationId,ts-travel-service
1650504745,ts-ticketinfo-service,697477f57b0ef6b6,7c4487f956558151,f76f6422b8ea3971,7259,200,GET,ts-ticketinfo-service
1650504745,ts-assurance-service,289aab874e5a85f4,,289aab874e5a85f4,1618,200,getAllAssuranceType,no_parent
1650504745,ts-travel-service,d043cb94bb2bfe67,f76f6422b8ea3971,f76f6422b8ea3971,8401,200,GET,ts-travel-service
1650504745,ts-travel-service,5188d9f2cd656447,f76f6422b8ea3971,f76f6422b8ea3971,3801,200,GET,ts-travel-service
1650504745,ts-travel-service,f3bb6293250a0107,f76f6422b8ea3971,f76f6422b8ea3971,1956,200,GET,ts-travel-service
1650504745,ts-basic-service,2e14c6bcb03e8741,154de642625b9442,f76f6422b8ea3971,3516,200,GET,ts-basic-service
1650504745,ts-travel-service,5cebe3878b7a240,f76f6422b8ea3971,f76f6422b8ea3971,2550,200,GET,ts-travel-service
1650504745,ts-travel-service,db3c8a7b0606f6,f76f6422b8ea3971,f76f6422b8ea3971,9397,200,GET,ts-travel-service
1650504745,ts-travel-service,f76f6422b8ea3971,,f76f6422b8ea3971,48427,200,queryInfo,no_parent
1650504745,ts-travel-service,91f9d951c9cc1175,f76f6422b8ea3971,f76f6422b8ea3971,2001,200,GET,ts-travel-service
1650504745,ts-travel-service,43a5888055693296,f76f6422b8ea3971,f76f6422b8ea3971,11204,200,GET,ts-travel-service
1650504745,ts-auth-service,daa48b21ec9ab71e,3b6ea70af672961f,3b6ea70af672961f,4617,200,GET,ts-auth-service
1650504745,ts-verification-code-service,207943a37f481998,daa48b21ec9ab71e,3b6ea70af672961f,2453,200,verifyCode,ts-auth-service
1650504805,ts-auth-service,85470133a12cd4bf,4e89a72db009a645,4e89a72db009a645,4210,200,GET,ts-auth-service
1650504805,ts-travel-service,147f68ba837cdeb6,48a7d47e0c26ab87,48a7d47e0c26ab87,8416,200,GET,ts-travel-service
1650504805,ts-basic-service,60414ff0b9163768,de415fd17298dcb1,48a7d47e0c26ab87,3200,200,GET,ts-basic-service
1650504805,ts-route-service,4af6f0f7c2c65de0,d74f13a5d786d8be,48a7d47e0c26ab87,1895,200,queryById,ts-travel-service
1650504805,ts-route-service,c67437e66b4131eb,afca70410c20e709,48a7d47e0c26ab87,1926,200,queryById,ts-travel-service
1650504805,ts-ticketinfo-service,8d184334a7260ca8,df01430f8d7385c0,48a7d47e0c26ab87,5693,200,GET,ts-ticketinfo-service
1650504805,ts-basic-service,367bc46d12d2f0da,8d184334a7260ca8,48a7d47e0c26ab87,5026,200,queryForStationId,ts-ticketinfo-service
1650504805,ts-basic-service,21c6c60a76b7ff0a,367bc46d12d2f0da,48a7d47e0c26ab87,2899,200,GET,ts-basic-service
1650504805,ts-ticketinfo-service,e2620af7ebdc572e,ae04cc64a8447f41,48a7d47e0c26ab87,6659,200,GET,ts-ticketinfo-service
1650504805,ts-ticketinfo-service,ae04cc64a8447f41,8bc66a89398cf1ad,48a7d47e0c26ab87,8859,200,queryForStationId,ts-travel-service
1650504805,ts-ticketinfo-service,df01430f8d7385c0,147f68ba837cdeb6,48a7d47e0c26ab87,8149,200,queryForStationId,ts-travel-service
1650504805,ts-station-service,9ec922a53aac31ba,60414ff0b9163768,48a7d47e0c26ab87,2115,200,queryForStationId,ts-basic-service
1650504805,ts-travel-service,cf8ace939fc5ac61,48a7d47e0c26ab87,48a7d47e0c26ab87,1920,200,GET,ts-travel-service
1650504805,ts-route-service,9bc42ebd9ee90704,cf8ace939fc5ac61,48a7d47e0c26ab87,1836,200,queryById,ts-travel-service
1650504805,ts-station-service,9980dad0f3b5a2c2,21c6c60a76b7ff0a,48a7d47e0c26ab87,2144,200,queryForStationId,ts-basic-service
1650504805,ts-verification-code-service,2222060ff7ee4e19,,2222060ff7ee4e19,2832,200,imageCode,no_parent
1650504805,ts-security-service,6f003b628a0d932,869045e649167b0f,bfbf6b7132a23c80,3886,200,GET,ts-security-service
1650504805,ts-security-service,869045e649167b0f,78db6ca6e844d771,bfbf6b7132a23c80,12092,200,check,ts-preserve-service
1650504805,ts-auth-service,4e89a72db009a645,,4e89a72db009a645,135531,200,getToken,no_parent
1650504805,ts-verification-code-service,f1494434456ee4f3,85470133a12cd4bf,4e89a72db009a645,2523,200,verifyCode,ts-auth-service
1650504805,ts-route-service,a973f3c392c7106f,b7fb6e6b823551cf,48a7d47e0c26ab87,1774,200,queryById,ts-travel-service
1650504805,ts-basic-service,de415fd17298dcb1,e2620af7ebdc572e,48a7d47e0c26ab87,5733,200,queryForStationId,ts-ticketinfo-service
1650504805,ts-station-service,613130ef759e97f0,9a938f2974f7db00,67abfebc6723737d,8190,200,queryForNameBatch,ts-order-service
1650504805,ts-travel-service,afca70410c20e709,48a7d47e0c26ab87,48a7d47e0c26ab87,2287,200,GET,ts-travel-service
1650504805,ts-preserve-service,2804cfe0b2c94bad,bfbf6b7132a23c80,bfbf6b7132a23c80,3793,200,GET,ts-preserve-service
1650504805,ts-contacts-service,36292df440c6d552,2804cfe0b2c94bad,bfbf6b7132a23c80,2493,200,getContactsByContactsId,ts-preserve-service
1650504805,ts-order-service,67abfebc6723737d,,67abfebc6723737d,12872,200,queryOrdersForRefresh,no_parent
1650504805,ts-route-service,f8f1ecd3c0a7e32a,8aa0e67e72093317,48a7d47e0c26ab87,2254,200,queryById,ts-travel-service
1650504805,ts-preserve-service,78db6ca6e844d771,bfbf6b7132a23c80,bfbf6b7132a23c80,13659,200,GET,ts-preserve-service
1650504805,ts-order-other-service,f02d999f47ec7c88,6f003b628a0d932,bfbf6b7132a23c80,2978,200,securityInfoCheck,ts-security-service
1650504805,ts-travel-service,d74f13a5d786d8be,48a7d47e0c26ab87,48a7d47e0c26ab87,2348,200,GET,ts-travel-service
1650504805,ts-travel-service,8bc66a89398cf1ad,48a7d47e0c26ab87,48a7d47e0c26ab87,10210,200,GET,ts-travel-service
1650504805,ts-security-service,3b399327f4e96ccb,869045e649167b0f,bfbf6b7132a23c80,4499,200,GET,ts-security-service
1650504805,ts-order-service,fa761335e461567f,3b399327f4e96ccb,bfbf6b7132a23c80,3347,200,securityInfoCheck,ts-security-service
1650504805,ts-preserve-service,bfbf6b7132a23c80,,bfbf6b7132a23c80,20193,200,preserve,no_parent
1650504805,ts-travel-service,b7fb6e6b823551cf,48a7d47e0c26ab87,48a7d47e0c26ab87,2329,200,GET,ts-travel-service
1650504805,ts-order-service,9a938f2974f7db00,67abfebc6723737d,67abfebc6723737d,9679,200,POST,ts-order-service
1650504805,ts-travel-service,8aa0e67e72093317,48a7d47e0c26ab87,48a7d47e0c26ab87,3748,200,GET,ts-travel-service
1650504805,ts-travel-service,48a7d47e0c26ab87,,48a7d47e0c26ab87,39978,200,queryInfo,no_parent
1650504805,ts-assurance-service,5eac942e2c34bd8c,,5eac942e2c34bd8c,1373,200,getAllAssuranceType,no_parent
1650504805,ts-contacts-service,4785405201bfcf5e,,4785405201bfcf5e,2798,200,findContactsByAccountId,no_parent
1650504865,ts-security-service,d6a4058a144507a,784ebaec35609363,d1fbb9ad8207fb2b,8739,200,GET,ts-security-service
1650504865,ts-preserve-service,531c3402c769d5e9,d1fbb9ad8207fb2b,d1fbb9ad8207fb2b,3418,200,GET,ts-preserve-service
1650504865,ts-order-service,40e6dafc8c2f2479,d6a4058a144507a,d1fbb9ad8207fb2b,6991,200,securityInfoCheck,ts-security-service
1650504865,ts-contacts-service,6d6dec82c15fcb4d,531c3402c769d5e9,d1fbb9ad8207fb2b,2144,200,getContactsByContactsId,ts-preserve-service
1650504865,ts-verification-code-service,dd7977540071a22e,42a22504f50ad053,d7a1884cf32833dd,1908,200,verifyCode,ts-auth-service
1650504865,ts-order-other-service,bbc120ba24e783dc,62bc9d616ff6f740,d1fbb9ad8207fb2b,2297,200,securityInfoCheck,ts-security-service
1650504865,ts-order-service,13dc42d36c1f6930,,13dc42d36c1f6930,15179,200,queryOrdersForRefresh,no_parent
1650504865,ts-ticketinfo-service,edba48f2e7fba456,8c1703e50983686d,28a78cfca1af6676,6418,200,GET,ts-ticketinfo-service
1650504865,ts-ticketinfo-service,4b8b102dcd41122d,7094658a86eeae08,28a78cfca1af6676,7245,200,GET,ts-ticketinfo-service
1650504865,ts-ticketinfo-service,8c1703e50983686d,e4ed15eb72e76667,28a78cfca1af6676,8706,200,queryForStationId,ts-travel-service
1650504865,ts-station-service,b00aaaae54cbf0e6,b0c0d5d7ab6a9242,28a78cfca1af6676,2611,200,queryForStationId,ts-basic-service
1650504865,ts-travel-service,28a78cfca1af6676,,28a78cfca1af6676,45427,200,queryInfo,no_parent
1650504865,ts-travel-service,a178696b14a010f9,28a78cfca1af6676,28a78cfca1af6676,2300,200,GET,ts-travel-service
1650504865,ts-travel-service,f4969c224563c4d7,28a78cfca1af6676,28a78cfca1af6676,3209,200,GET,ts-travel-service
1650504865,ts-route-service,8d6e56301145b00c,19cbd3bc72fc5767,28a78cfca1af6676,2165,200,queryById,ts-travel-service
1650504865,ts-station-service,ebdb5969f3a67618,65cb6b61cefd1f53,28a78cfca1af6676,2452,200,queryForStationId,ts-basic-service
1650504865,ts-basic-service,b0c0d5d7ab6a9242,afe5e1fe8441661e,28a78cfca1af6676,3689,200,GET,ts-basic-service
1650504865,ts-travel-service,e4ed15eb72e76667,28a78cfca1af6676,28a78cfca1af6676,9231,200,GET,ts-travel-service
1650504865,ts-travel-service,fa41ec2be0ad7217,28a78cfca1af6676,28a78cfca1af6676,11167,200,GET,ts-travel-service
1650504865,ts-travel-service,17dfb311a572870c,28a78cfca1af6676,28a78cfca1af6676,4194,200,GET,ts-travel-service
1650504865,ts-basic-service,afe5e1fe8441661e,4b8b102dcd41122d,28a78cfca1af6676,6058,200,queryForStationId,ts-ticketinfo-service
1650504865,ts-ticketinfo-service,7094658a86eeae08,fa41ec2be0ad7217,28a78cfca1af6676,9785,200,queryForStationId,ts-travel-service
1650504865,ts-travel-service,19cbd3bc72fc5767,28a78cfca1af6676,28a78cfca1af6676,3119,200,GET,ts-travel-service
1650504865,ts-route-service,2c5812a311db8041,f4969c224563c4d7,28a78cfca1af6676,2447,200,queryById,ts-travel-service
1650504865,ts-route-service,cd028ed6c2751a1,17dfb311a572870c,28a78cfca1af6676,2712,200,queryById,ts-travel-service
1650504865,ts-route-service,1520ce9fea15bb91,a178696b14a010f9,28a78cfca1af6676,2156,200,queryById,ts-travel-service
1650504865,ts-route-service,76d4e4782eeb8bec,f7444255de3416f5,28a78cfca1af6676,2115,200,queryById,ts-travel-service
1650504865,ts-security-service,62bc9d616ff6f740,784ebaec35609363,d1fbb9ad8207fb2b,3604,200,GET,ts-security-service
1650504865,ts-security-service,784ebaec35609363,12be4fdf22d2b821,d1fbb9ad8207fb2b,17077,200,check,ts-preserve-service
1650504865,ts-travel-service,f7444255de3416f5,28a78cfca1af6676,28a78cfca1af6676,2242,200,GET,ts-travel-service
1650504865,ts-auth-service,d7a1884cf32833dd,,d7a1884cf32833dd,115821,200,getToken,no_parent
1650504865,ts-basic-service,4813ab59624778a4,edba48f2e7fba456,28a78cfca1af6676,5670,200,queryForStationId,ts-ticketinfo-service
1650504865,ts-auth-service,42a22504f50ad053,d7a1884cf32833dd,d7a1884cf32833dd,3587,200,GET,ts-auth-service
1650504865,ts-station-service,a00d1d7a0c976718,772927b131e798f9,13dc42d36c1f6930,8716,200,queryForNameBatch,ts-order-service
1650504865,ts-basic-service,65cb6b61cefd1f53,4813ab59624778a4,28a78cfca1af6676,3208,200,GET,ts-basic-service
1650504865,ts-order-service,772927b131e798f9,13dc42d36c1f6930,13dc42d36c1f6930,11275,200,POST,ts-order-service
1650504865,ts-preserve-service,d1fbb9ad8207fb2b,,d1fbb9ad8207fb2b,24842,200,preserve,no_parent
1650504865,ts-preserve-service,12be4fdf22d2b821,d1fbb9ad8207fb2b,d1fbb9ad8207fb2b,18634,200,GET,ts-preserve-service
1650504865,ts-assurance-service,827c5df1cf2aef60,,827c5df1cf2aef60,1609,200,getAllAssuranceType,no_parent
1650504865,ts-verification-code-service,45eefd5dcc3c0a55,,45eefd5dcc3c0a55,2766,200,imageCode,no_parent
1650504865,ts-contacts-service,1df0db8b7171686d,,1df0db8b7171686d,2890,200,findContactsByAccountId,no_parent
1650504925,ts-order-service,579e24f135c0af2a,82a8d337a9ffb1d,746a980d9f914622,3397,200,securityInfoCheck,ts-security-service
1650504925,ts-auth-service,cc3c5b5baff483a,,cc3c5b5baff483a,138108,200,getToken,no_parent
1650504925,ts-order-other-service,4fcf6fb7e2644043,e83dc76b67fe2c5a,746a980d9f914622,3212,200,securityInfoCheck,ts-security-service
1650504925,ts-preserve-service,746a980d9f914622,,746a980d9f914622,37546,200,preserve,no_parent
1650504925,ts-preserve-service,e07a34629a81cd01,746a980d9f914622,746a980d9f914622,24218,200,GET,ts-preserve-service
1650504925,ts-preserve-service,b5e5c5d91e61d9bb,746a980d9f914622,746a980d9f914622,10515,200,GET,ts-preserve-service
1650504925,ts-security-service,306d8267bad8cdc9,e07a34629a81cd01,746a980d9f914622,22632,200,check,ts-preserve-service
1650504925,ts-verification-code-service,bf3ea4aa6c1b0494,866789ac9f6c8e5,cc3c5b5baff483a,2236,200,verifyCode,ts-auth-service
1650504925,ts-contacts-service,4767007600d7b591,b5e5c5d91e61d9bb,746a980d9f914622,9273,200,getContactsByContactsId,ts-preserve-service
1650504925,ts-security-service,82a8d337a9ffb1d,306d8267bad8cdc9,746a980d9f914622,4668,200,GET,ts-security-service
1650504925,ts-order-service,41db828fac7b33f2,5afe96a04178bd85,5afe96a04178bd85,10549,200,POST,ts-order-service
1650504925,ts-order-service,5afe96a04178bd85,,5afe96a04178bd85,13894,200,queryOrdersForRefresh,no_parent
1650504925,ts-auth-service,866789ac9f6c8e5,cc3c5b5baff483a,cc3c5b5baff483a,4913,200,GET,ts-auth-service
1650504925,ts-security-service,e83dc76b67fe2c5a,306d8267bad8cdc9,746a980d9f914622,4517,200,GET,ts-security-service
1650504925,ts-station-service,315ca06aa11ea645,41db828fac7b33f2,5afe96a04178bd85,8012,200,queryForNameBatch,ts-order-service
1650504925,ts-contacts-service,c1132b62a033e64b,,c1132b62a033e64b,3047,200,findContactsByAccountId,no_parent
1650504925,ts-verification-code-service,5c9a49fc96afbe25,,5c9a49fc96afbe25,2613,200,imageCode,no_parent
1650504926,ts-basic-service,e58820a8cabb5c23,cb62a28eaa112d4c,c0868c9b9f95c3bb,6113,200,queryForStationId,ts-ticketinfo-service
1650504926,ts-route-service,60e0698c7c768c98,fe1265bf7964db9c,c0868c9b9f95c3bb,2036,200,queryById,ts-travel-service
1650504926,ts-travel-service,c0868c9b9f95c3bb,,c0868c9b9f95c3bb,44201,200,queryInfo,no_parent
1650504926,ts-travel-service,fe1265bf7964db9c,c0868c9b9f95c3bb,c0868c9b9f95c3bb,2520,200,GET,ts-travel-service
1650504926,ts-route-service,1acba4d4bf1e78cd,c2da6217b4b26f5f,c0868c9b9f95c3bb,2006,200,queryById,ts-travel-service
1650504926,ts-basic-service,f24a59ce2bd54920,475a62797602f7d9,c0868c9b9f95c3bb,5344,200,queryForStationId,ts-ticketinfo-service
1650504926,ts-basic-service,f45f26e4284793b0,f24a59ce2bd54920,c0868c9b9f95c3bb,3284,200,GET,ts-basic-service
1650504926,ts-ticketinfo-service,cb62a28eaa112d4c,12cd5c916f1de781,c0868c9b9f95c3bb,7740,200,GET,ts-ticketinfo-service
1650504926,ts-ticketinfo-service,475a62797602f7d9,61c7a99c0df81721,c0868c9b9f95c3bb,6584,200,GET,ts-ticketinfo-service
1650504926,ts-route-service,1bbc36da3ac90439,aced0d62c0b6080d,c0868c9b9f95c3bb,2119,200,queryById,ts-travel-service
1650504926,ts-basic-service,32bd7ac614f2bbfe,e58820a8cabb5c23,c0868c9b9f95c3bb,3793,200,GET,ts-basic-service
1650504926,ts-travel-service,a84482464af8c6ae,c0868c9b9f95c3bb,c0868c9b9f95c3bb,4105,200,GET,ts-travel-service
1650504926,ts-route-service,ed2c6e8f5c5f7a4b,4f68dc0f536e53af,c0868c9b9f95c3bb,2133,200,queryById,ts-travel-service
1650504926,ts-travel-service,c29b5a6a75d59004,c0868c9b9f95c3bb,c0868c9b9f95c3bb,9010,200,GET,ts-travel-service
1650504926,ts-route-service,bb867106dd4a8489,a84482464af8c6ae,c0868c9b9f95c3bb,2396,200,queryById,ts-travel-service
1650504926,ts-travel-service,aced0d62c0b6080d,c0868c9b9f95c3bb,c0868c9b9f95c3bb,2098,200,GET,ts-travel-service
1650504926,ts-station-service,38cb508480b0078f,32bd7ac614f2bbfe,c0868c9b9f95c3bb,2174,200,queryForStationId,ts-basic-service
1650504926,ts-ticketinfo-service,12cd5c916f1de781,b19e68746ac2ce54,c0868c9b9f95c3bb,9888,200,queryForStationId,ts-travel-service
1650504926,ts-ticketinfo-service,61c7a99c0df81721,c29b5a6a75d59004,c0868c9b9f95c3bb,8618,200,queryForStationId,ts-travel-service
1650504926,ts-travel-service,b19e68746ac2ce54,c0868c9b9f95c3bb,c0868c9b9f95c3bb,11252,200,GET,ts-travel-service
1650504926,ts-station-service,22d01352708b7dc2,f45f26e4284793b0,c0868c9b9f95c3bb,2191,200,queryForStationId,ts-basic-service
1650504926,ts-travel-service,4f68dc0f536e53af,c0868c9b9f95c3bb,c0868c9b9f95c3bb,2868,200,GET,ts-travel-service
1650504926,ts-travel-service,c2da6217b4b26f5f,c0868c9b9f95c3bb,c0868c9b9f95c3bb,2483,200,GET,ts-travel-service
1650504926,ts-assurance-service,d6639c35d0123ec3,,d6639c35d0123ec3,1374,200,getAllAssuranceType,no_parent
1650504986,ts-security-service,d3c826280bfd603a,877c0df8c3007ef,79074a7f2f1a35a8,5155,200,GET,ts-security-service
1650504986,ts-basic-service,ee56bf5566af28c5,f71f59cf03c7852,89b100eb0f03d23a,2990,200,GET,ts-basic-service
1650504986,ts-station-service,657e5363b6e58394,4672984aeeb31e41,89b100eb0f03d23a,2702,200,queryForStationId,ts-basic-service
1650504986,ts-order-service,53bc06b950a2b3a0,91b512f1378f11ff,79074a7f2f1a35a8,3717,200,securityInfoCheck,ts-security-service
1650504986,ts-station-service,ef1d213b31bad4f5,ee56bf5566af28c5,89b100eb0f03d23a,2341,200,queryForStationId,ts-basic-service
1650504986,ts-basic-service,35436c77bc9f5c7b,e62a76babb0fffc2,89b100eb0f03d23a,6444,200,queryForStationId,ts-ticketinfo-service
1650504986,ts-ticketinfo-service,e62a76babb0fffc2,80c0ca02fc968348,89b100eb0f03d23a,7578,200,GET,ts-ticketinfo-service
1650504986,ts-travel-service,1b60ae91aee7fe5c,89b100eb0f03d23a,89b100eb0f03d23a,2230,200,GET,ts-travel-service
1650504986,ts-travel-service,efb5c5dcea0c95e9,89b100eb0f03d23a,89b100eb0f03d23a,9103,200,GET,ts-travel-service
1650504986,ts-order-other-service,9857d0215de4f136,d3c826280bfd603a,79074a7f2f1a35a8,3241,200,securityInfoCheck,ts-security-service
1650504986,ts-travel-service,429a1cb03033275e,89b100eb0f03d23a,89b100eb0f03d23a,1591,200,GET,ts-travel-service
1650504986,ts-travel-service,89b100eb0f03d23a,,89b100eb0f03d23a,52753,200,queryInfo,no_parent
1650504986,ts-ticketinfo-service,2eecce5edb70ee59,efb5c5dcea0c95e9,89b100eb0f03d23a,8406,200,queryForStationId,ts-travel-service
1650504986,ts-route-service,56d406297753264,1b60ae91aee7fe5c,89b100eb0f03d23a,1987,200,queryById,ts-travel-service
1650504986,ts-route-service,48ba25a7c33a48cf,429a1cb03033275e,89b100eb0f03d23a,1330,200,queryById,ts-travel-service
1650504986,ts-security-service,877c0df8c3007ef,725b5c1059d5e38b,79074a7f2f1a35a8,14720,200,check,ts-preserve-service
1650504986,ts-auth-service,e64813fed7dc3044,,e64813fed7dc3044,115090,200,getToken,no_parent
1650504986,ts-preserve-service,725b5c1059d5e38b,79074a7f2f1a35a8,79074a7f2f1a35a8,16953,200,GET,ts-preserve-service
1650504986,ts-travel-service,15c36478d5608f81,89b100eb0f03d23a,89b100eb0f03d23a,3962,200,GET,ts-travel-service
1650504986,ts-basic-service,f71f59cf03c7852,e00414834a39c9ad,89b100eb0f03d23a,5042,200,queryForStationId,ts-ticketinfo-service
1650504986,ts-ticketinfo-service,80c0ca02fc968348,21bdee3e68284294,89b100eb0f03d23a,20506,200,queryForStationId,ts-travel-service
1650504986,ts-ticketinfo-service,e00414834a39c9ad,2eecce5edb70ee59,89b100eb0f03d23a,5804,200,GET,ts-ticketinfo-service
1650504986,ts-station-service,122e12feb27379e1,afe241be09fc448b,a3ce7f390225ed68,8279,200,queryForNameBatch,ts-order-service
1650504986,ts-route-service,3e0b373f612de5df,bcebe9d919e3f4d1,89b100eb0f03d23a,2132,200,queryById,ts-travel-service
1650504986,ts-basic-service,4672984aeeb31e41,35436c77bc9f5c7b,89b100eb0f03d23a,3823,200,GET,ts-basic-service
1650504986,ts-travel-service,bcebe9d919e3f4d1,89b100eb0f03d23a,89b100eb0f03d23a,2254,200,GET,ts-travel-service
1650504986,ts-preserve-service,ae2b839e70c6cbac,79074a7f2f1a35a8,79074a7f2f1a35a8,3503,200,GET,ts-preserve-service
1650504986,ts-preserve-service,79074a7f2f1a35a8,,79074a7f2f1a35a8,25834,200,preserve,no_parent
1650504986,ts-security-service,91b512f1378f11ff,877c0df8c3007ef,79074a7f2f1a35a8,5100,200,GET,ts-security-service
1650504986,ts-contacts-service,9843a8ebae4ace4d,ae2b839e70c6cbac,79074a7f2f1a35a8,2283,200,getContactsByContactsId,ts-preserve-service
1650504986,ts-travel-service,69edd64a03a65508,89b100eb0f03d23a,89b100eb0f03d23a,2570,200,GET,ts-travel-service
1650504986,ts-travel-service,21bdee3e68284294,89b100eb0f03d23a,89b100eb0f03d23a,21487,200,GET,ts-travel-service
1650504986,ts-route-service,ef15ce89bce07473,15c36478d5608f81,89b100eb0f03d23a,2648,200,queryById,ts-travel-service
1650504986,ts-route-service,21be1248fda0c51c,69edd64a03a65508,89b100eb0f03d23a,2160,200,queryById,ts-travel-service
1650504986,ts-verification-code-service,15390c804e51abf5,3965a9b06959ac,e64813fed7dc3044,1652,200,verifyCode,ts-auth-service
1650504986,ts-auth-service,3965a9b06959ac,e64813fed7dc3044,e64813fed7dc3044,3475,200,GET,ts-auth-service
1650504986,ts-order-service,afe241be09fc448b,a3ce7f390225ed68,a3ce7f390225ed68,9715,200,POST,ts-order-service
1650504986,ts-order-service,a3ce7f390225ed68,,a3ce7f390225ed68,12933,200,queryOrdersForRefresh,no_parent
1650504986,ts-contacts-service,85e630a1381c97af,,85e630a1381c97af,3015,200,findContactsByAccountId,no_parent
1650504986,ts-assurance-service,bd63a842a59cdf0f,,bd63a842a59cdf0f,949,200,getAllAssuranceType,no_parent
1650504986,ts-verification-code-service,36dc1ed646128d31,,36dc1ed646128d31,2630,200,imageCode,no_parent
1650505046,ts-order-service,650d742bb52b9308,3481fb07ba8e88ec,d735bb3946906623,3640,200,securityInfoCheck,ts-security-service
1650505046,ts-security-service,3481fb07ba8e88ec,9f24d938630f909,d735bb3946906623,4542,200,GET,ts-security-service
1650505046,ts-order-other-service,82447246ee8e872d,c11ddc9e9d5707d1,d735bb3946906623,3149,200,securityInfoCheck,ts-security-service
1650505046,ts-preserve-service,a4c45ad08f4d17d8,d735bb3946906623,d735bb3946906623,3800,200,GET,ts-preserve-service
1650505046,ts-basic-service,137988b892db2d1b,46ef838faa868d6c,9c6bc3a944359a,2600,200,GET,ts-basic-service
1650505046,ts-security-service,c11ddc9e9d5707d1,9f24d938630f909,d735bb3946906623,4313,200,GET,ts-security-service
1650505046,ts-basic-service,656f08726103449d,cc2a1140f2283b48,9c6bc3a944359a,9243,200,queryForStationId,ts-ticketinfo-service
1650505046,ts-station-service,895b3f880cf43e50,7b37ccb650d337f0,9c6bc3a944359a,2025,200,queryForStationId,ts-basic-service
1650505046,ts-ticketinfo-service,26748418620a18c4,450b434552607cb1,9c6bc3a944359a,10116,200,queryForStationId,ts-travel-service
1650505046,ts-basic-service,7b37ccb650d337f0,656f08726103449d,9c6bc3a944359a,2691,200,GET,ts-basic-service
1650505046,ts-travel-service,a04ed1cb8d17c1c9,9c6bc3a944359a,9c6bc3a944359a,2158,200,GET,ts-travel-service
1650505046,ts-travel-service,450b434552607cb1,9c6bc3a944359a,9c6bc3a944359a,11996,200,GET,ts-travel-service
1650505046,ts-travel-service,9c6bc3a944359a,,9c6bc3a944359a,47312,200,queryInfo,no_parent
1650505046,ts-route-service,a9c0f0ae4c0ba0ae,6eb34870b9390215,9c6bc3a944359a,2129,200,queryById,ts-travel-service
1650505046,ts-route-service,956f411bc70bf59a,8dcd8a7ed22ed9d8,9c6bc3a944359a,1980,200,queryById,ts-travel-service
1650505046,ts-travel-service,6eb34870b9390215,9c6bc3a944359a,9c6bc3a944359a,3274,200,GET,ts-travel-service
1650505046,ts-basic-service,46ef838faa868d6c,b836cc5b17d5df2,9c6bc3a944359a,4684,200,queryForStationId,ts-ticketinfo-service
1650505046,ts-travel-service,e1372138a3935e55,9c6bc3a944359a,9c6bc3a944359a,2203,200,GET,ts-travel-service
1650505046,ts-station-service,98788b87ca740abf,137988b892db2d1b,9c6bc3a944359a,1723,200,queryForStationId,ts-basic-service
1650505046,ts-route-service,90bb2f6e30da1248,a04ed1cb8d17c1c9,9c6bc3a944359a,1873,200,queryById,ts-travel-service
1650505046,ts-station-service,1d731f28b36c74f9,9bf764238a38e7b,a03fb80bb9edfe85,14244,200,queryForNameBatch,ts-order-service
1650505046,ts-verification-code-service,f617bd032915a972,af7083fe4691f2ae,9780d7fdb47d4cd5,1648,200,verifyCode,ts-auth-service
1650505046,ts-travel-service,ce26caca310fbecf,9c6bc3a944359a,9c6bc3a944359a,2763,200,GET,ts-travel-service
1650505046,ts-order-service,9bf764238a38e7b,a03fb80bb9edfe85,a03fb80bb9edfe85,15752,200,POST,ts-order-service
1650505046,ts-travel-service,22f69673e49b9b1d,9c6bc3a944359a,9c6bc3a944359a,12718,200,GET,ts-travel-service
1650505046,ts-travel-service,8dcd8a7ed22ed9d8,9c6bc3a944359a,9c6bc3a944359a,2115,200,GET,ts-travel-service
1650505046,ts-auth-service,9780d7fdb47d4cd5,,9780d7fdb47d4cd5,130868,200,getToken,no_parent
1650505046,ts-auth-service,af7083fe4691f2ae,9780d7fdb47d4cd5,9780d7fdb47d4cd5,3421,200,GET,ts-auth-service
1650505046,ts-order-service,a03fb80bb9edfe85,,a03fb80bb9edfe85,18897,200,queryOrdersForRefresh,no_parent
1650505046,ts-preserve-service,51ed7c0607ad8348,d735bb3946906623,d735bb3946906623,14972,200,GET,ts-preserve-service
1650505046,ts-route-service,8b194f96d0487733,ce26caca310fbecf,9c6bc3a944359a,2718,200,queryById,ts-travel-service
1650505046,ts-ticketinfo-service,cc2a1140f2283b48,53454a782de6ab95,9c6bc3a944359a,5384,200,GET,ts-ticketinfo-service
1650505046,ts-ticketinfo-service,53454a782de6ab95,22f69673e49b9b1d,9c6bc3a944359a,12255,200,queryForStationId,ts-travel-service
1650505046,ts-ticketinfo-service,b836cc5b17d5df2,26748418620a18c4,9c6bc3a944359a,6271,200,GET,ts-ticketinfo-service
1650505046,ts-route-service,a1b93a284d2a826,e1372138a3935e55,9c6bc3a944359a,2163,200,queryById,ts-travel-service
1650505046,ts-assurance-service,250fb5b2807d7414,,250fb5b2807d7414,1318,200,getAllAssuranceType,no_parent
1650505046,ts-contacts-service,aeed99d393c03ecb,a4c45ad08f4d17d8,d735bb3946906623,2495,200,getContactsByContactsId,ts-preserve-service
1650505046,ts-security-service,9f24d938630f909,51ed7c0607ad8348,d735bb3946906623,13331,200,check,ts-preserve-service
1650505046,ts-preserve-service,d735bb3946906623,,d735bb3946906623,22137,200,preserve,no_parent
1650505046,ts-contacts-service,beb1e48a039ecd71,,beb1e48a039ecd71,2898,200,findContactsByAccountId,no_parent
1650505046,ts-verification-code-service,3c59706299ca761a,,3c59706299ca761a,2643,200,imageCode,no_parent
1650505106,ts-contacts-service,1434e196a6d610b1,4028e0bb90e4bb74,30948129bc35b3b0,2458,200,getContactsByContactsId,ts-preserve-service
1650505106,ts-travel-service,fc24aa8abae14a7e,fa41064f36e3ed6e,fa41064f36e3ed6e,7241,200,GET,ts-travel-service
1650505106,ts-travel-service,90e6fafefe012e20,fa41064f36e3ed6e,fa41064f36e3ed6e,10556,200,GET,ts-travel-service
1650505106,ts-auth-service,861e5336f0f2269b,,861e5336f0f2269b,117330,200,getToken,no_parent
1650505106,ts-order-service,369b8acc297fa748,f0881f124d995813,30948129bc35b3b0,3481,200,securityInfoCheck,ts-security-service
1650505106,ts-verification-code-service,c55ebfc5e80b686f,,c55ebfc5e80b686f,3055,200,imageCode,no_parent
1650505106,ts-auth-service,79c35affc182ec42,861e5336f0f2269b,861e5336f0f2269b,3965,200,GET,ts-auth-service
1650505106,ts-order-other-service,bceb64b1614476c3,72f8398d312dd83a,30948129bc35b3b0,3150,200,securityInfoCheck,ts-security-service
1650505106,ts-security-service,f0881f124d995813,4edd779fb2a4741,30948129bc35b3b0,4841,200,GET,ts-security-service
1650505106,ts-preserve-service,b08a36408c6afa11,30948129bc35b3b0,30948129bc35b3b0,15689,200,GET,ts-preserve-service
1650505106,ts-preserve-service,4028e0bb90e4bb74,30948129bc35b3b0,30948129bc35b3b0,3553,200,GET,ts-preserve-service
1650505106,ts-order-service,a4f4594d00a6e7b5,,a4f4594d00a6e7b5,12459,200,queryOrdersForRefresh,no_parent
1650505106,ts-preserve-service,30948129bc35b3b0,,30948129bc35b3b0,22498,200,preserve,no_parent
1650505106,ts-travel-service,e20e26c69ac203f5,fa41064f36e3ed6e,fa41064f36e3ed6e,1736,200,GET,ts-travel-service
1650505106,ts-route-service,19a6d773394d33b3,e20e26c69ac203f5,fa41064f36e3ed6e,1492,200,queryById,ts-travel-service
1650505106,ts-route-service,228ed0a6a4983e23,c4d31af90521c075,fa41064f36e3ed6e,2182,200,queryById,ts-travel-service
1650505106,ts-travel-service,244471e0179df620,fa41064f36e3ed6e,fa41064f36e3ed6e,4034,200,GET,ts-travel-service
1650505106,ts-route-service,a33061572f93abab,ce7ead1c6b6688c9,fa41064f36e3ed6e,2115,200,queryById,ts-travel-service
1650505106,ts-route-service,11d3fef8f5b5471a,15a83154a7a39d9d,fa41064f36e3ed6e,1468,200,queryById,ts-travel-service
1650505106,ts-station-service,8a76d44e2689adaf,ec6ecc692d83ab25,fa41064f36e3ed6e,2553,200,queryForStationId,ts-basic-service
1650505106,ts-station-service,be367c40cff672d1,6de3764196c819bf,fa41064f36e3ed6e,1609,200,queryForStationId,ts-basic-service
1650505106,ts-security-service,4edd779fb2a4741,b08a36408c6afa11,30948129bc35b3b0,13322,200,check,ts-preserve-service
1650505106,ts-basic-service,ec6ecc692d83ab25,23094545b7c8e522,fa41064f36e3ed6e,3465,200,GET,ts-basic-service
1650505106,ts-basic-service,23094545b7c8e522,9b58698c8c1b0aab,fa41064f36e3ed6e,5812,200,queryForStationId,ts-ticketinfo-service
1650505106,ts-basic-service,6de3764196c819bf,b725355998fd5b2c,fa41064f36e3ed6e,2199,200,GET,ts-basic-service
1650505106,ts-basic-service,b725355998fd5b2c,d2db1aee729b4d3d,fa41064f36e3ed6e,4034,200,queryForStationId,ts-ticketinfo-service
1650505106,ts-ticketinfo-service,a3ad27e2b958dcdb,90e6fafefe012e20,fa41064f36e3ed6e,9216,200,queryForStationId,ts-travel-service
1650505106,ts-security-service,72f8398d312dd83a,4edd779fb2a4741,30948129bc35b3b0,4434,200,GET,ts-security-service
1650505106,ts-ticketinfo-service,9b58698c8c1b0aab,a3ad27e2b958dcdb,fa41064f36e3ed6e,6772,200,GET,ts-ticketinfo-service
1650505106,ts-ticketinfo-service,900f98cd83f190cf,fc24aa8abae14a7e,fa41064f36e3ed6e,6899,200,queryForStationId,ts-travel-service
1650505106,ts-assurance-service,973e9d6800404927,,973e9d6800404927,1939,200,getAllAssuranceType,no_parent
1650505106,ts-travel-service,15a83154a7a39d9d,fa41064f36e3ed6e,fa41064f36e3ed6e,1614,200,GET,ts-travel-service
1650505106,ts-travel-service,c4d31af90521c075,fa41064f36e3ed6e,fa41064f36e3ed6e,2278,200,GET,ts-travel-service
1650505106,ts-travel-service,fa41064f36e3ed6e,,fa41064f36e3ed6e,39584,200,queryInfo,no_parent
1650505106,ts-route-service,5b98794059162745,244471e0179df620,fa41064f36e3ed6e,2730,200,queryById,ts-travel-service
1650505106,ts-ticketinfo-service,d2db1aee729b4d3d,900f98cd83f190cf,fa41064f36e3ed6e,4658,200,GET,ts-ticketinfo-service
1650505106,ts-travel-service,ce7ead1c6b6688c9,fa41064f36e3ed6e,fa41064f36e3ed6e,2459,200,GET,ts-travel-service
1650505106,ts-contacts-service,da0a27a43c6ea910,,da0a27a43c6ea910,3883,200,findContactsByAccountId,no_parent
1650505106,ts-order-service,f016585a673c5e63,a4f4594d00a6e7b5,a4f4594d00a6e7b5,9145,200,POST,ts-order-service
1650505106,ts-station-service,5015ec3eab1d48cf,f016585a673c5e63,a4f4594d00a6e7b5,7634,200,queryForNameBatch,ts-order-service
1650505106,ts-verification-code-service,f40328ff8b597d94,79c35affc182ec42,861e5336f0f2269b,1981,200,verifyCode,ts-auth-service
1650505167,ts-order-service,65f684e57df06619,4c1e9c2474dd9081,4c1e9c2474dd9081,8344,200,POST,ts-order-service
1650505167,ts-travel-service,87e0e162b036c8a0,9087e30cb1434ecb,9087e30cb1434ecb,3439,200,GET,ts-travel-service
1650505167,ts-station-service,a717ae270c5b22fa,65f684e57df06619,4c1e9c2474dd9081,7099,200,queryForNameBatch,ts-order-service
1650505167,ts-basic-service,c6e9e5770c7360ca,7fba07e589e02281,9087e30cb1434ecb,3616,200,GET,ts-basic-service
1650505167,ts-preserve-service,2ed44dd97b6480a2,bbe2c76dadcde7b4,bbe2c76dadcde7b4,14522,200,GET,ts-preserve-service
1650505167,ts-preserve-service,bbe2c76dadcde7b4,,bbe2c76dadcde7b4,20571,200,preserve,no_parent
1650505167,ts-order-other-service,91bbe8056ef0f87c,6fe991951f35fa39,bbe2c76dadcde7b4,3367,200,securityInfoCheck,ts-security-service
1650505167,ts-travel-service,aaf188b2f71c599c,9087e30cb1434ecb,9087e30cb1434ecb,1879,200,GET,ts-travel-service
1650505167,ts-travel-service,9087e30cb1434ecb,,9087e30cb1434ecb,38620,200,queryInfo,no_parent
1650505167,ts-station-service,b0183b66b63c4bb0,c6e9e5770c7360ca,9087e30cb1434ecb,2161,200,queryForStationId,ts-basic-service
1650505167,ts-station-service,5a2ecc6f573a5b4e,1b4d13f8321d45c6,9087e30cb1434ecb,2131,200,queryForStationId,ts-basic-service
1650505167,ts-travel-service,157c7c1885c6c2d3,9087e30cb1434ecb,9087e30cb1434ecb,2164,200,GET,ts-travel-service
1650505167,ts-route-service,20555692c6e1c579,87e0e162b036c8a0,9087e30cb1434ecb,2285,200,queryById,ts-travel-service
1650505167,ts-route-service,1e52e00e33bd43c5,aaf188b2f71c599c,9087e30cb1434ecb,1787,200,queryById,ts-travel-service
1650505167,ts-preserve-service,af9ad8dd11583628,bbe2c76dadcde7b4,bbe2c76dadcde7b4,3138,200,GET,ts-preserve-service
1650505167,ts-travel-service,d42673361083aee6,9087e30cb1434ecb,9087e30cb1434ecb,10843,200,GET,ts-travel-service
1650505167,ts-travel-service,209441306167380a,9087e30cb1434ecb,9087e30cb1434ecb,7945,200,GET,ts-travel-service
1650505167,ts-contacts-service,ceb61a163bfc35c6,,ceb61a163bfc35c6,3132,200,findContactsByAccountId,no_parent
1650505167,ts-security-service,556cab5bd15a13cd,8906cba9f3c5891f,bbe2c76dadcde7b4,4736,200,GET,ts-security-service
1650505167,ts-security-service,6fe991951f35fa39,8906cba9f3c5891f,bbe2c76dadcde7b4,4640,200,GET,ts-security-service
1650505167,ts-route-service,90090e3e39882efa,53c3b25b62b99afe,9087e30cb1434ecb,1719,200,queryById,ts-travel-service
1650505167,ts-basic-service,7fba07e589e02281,14a938adeb6dddc,9087e30cb1434ecb,5865,200,queryForStationId,ts-ticketinfo-service
1650505167,ts-basic-service,1b4d13f8321d45c6,a9389cd35d4cebeb,9087e30cb1434ecb,2819,200,GET,ts-basic-service
1650505167,ts-ticketinfo-service,e3bad1c371c669da,2ac67e798691c070,9087e30cb1434ecb,5530,200,GET,ts-ticketinfo-service
1650505167,ts-ticketinfo-service,b5a63953abdc9bd9,d42673361083aee6,9087e30cb1434ecb,9510,200,queryForStationId,ts-travel-service
1650505167,ts-ticketinfo-service,2ac67e798691c070,209441306167380a,9087e30cb1434ecb,7653,200,queryForStationId,ts-travel-service
1650505167,ts-route-service,8983b8ac24375e8f,f92463bfd9f54781,9087e30cb1434ecb,1758,200,queryById,ts-travel-service
1650505167,ts-ticketinfo-service,14a938adeb6dddc,b5a63953abdc9bd9,9087e30cb1434ecb,7445,200,GET,ts-ticketinfo-service
1650505167,ts-travel-service,f92463bfd9f54781,9087e30cb1434ecb,9087e30cb1434ecb,1851,200,GET,ts-travel-service
1650505167,ts-route-service,73a961c6ba61ccb2,157c7c1885c6c2d3,9087e30cb1434ecb,1806,200,queryById,ts-travel-service
1650505167,ts-basic-service,a9389cd35d4cebeb,e3bad1c371c669da,9087e30cb1434ecb,5030,200,queryForStationId,ts-ticketinfo-service
1650505167,ts-security-service,8906cba9f3c5891f,2ed44dd97b6480a2,bbe2c76dadcde7b4,12933,200,check,ts-preserve-service
1650505167,ts-contacts-service,7038d72c9ec94dd3,af9ad8dd11583628,bbe2c76dadcde7b4,1993,200,getContactsByContactsId,ts-preserve-service
1650505167,ts-auth-service,a03b1b5d9741e447,,a03b1b5d9741e447,133981,200,getToken,no_parent
1650505167,ts-verification-code-service,ddc75595a5404a47,a93e458c7bb7868d,a03b1b5d9741e447,2151,200,verifyCode,ts-auth-service
1650505167,ts-auth-service,a93e458c7bb7868d,a03b1b5d9741e447,a03b1b5d9741e447,4313,200,GET,ts-auth-service
1650505167,ts-assurance-service,96dc690c45530579,,96dc690c45530579,1408,200,getAllAssuranceType,no_parent
1650505167,ts-order-service,7c38f23a72d32564,556cab5bd15a13cd,bbe2c76dadcde7b4,3608,200,securityInfoCheck,ts-security-service
1650505167,ts-travel-service,53c3b25b62b99afe,9087e30cb1434ecb,9087e30cb1434ecb,1805,200,GET,ts-travel-service
1650505167,ts-order-service,4c1e9c2474dd9081,,4c1e9c2474dd9081,11497,200,queryOrdersForRefresh,no_parent
1650505167,ts-verification-code-service,7fce819838db1871,,7fce819838db1871,2475,200,imageCode,no_parent
1650505227,ts-contacts-service,b67068e9c6be1889,c8018993a2eeca29,3fe4801a6572ec82,2101,200,getContactsByContactsId,ts-preserve-service
1650505227,ts-order-other-service,6969342aa71149f4,b421ddab9d71a37,3fe4801a6572ec82,3235,200,securityInfoCheck,ts-security-service
1650505227,ts-security-service,94c12fba7cf3b79e,7248494e9fd732c4,3fe4801a6572ec82,13344,200,GET,ts-security-service
1650505227,ts-travel-service,432f91a538dc7cf1,9315bd1d02c12398,9315bd1d02c12398,2195,200,GET,ts-travel-service
1650505227,ts-verification-code-service,3322294df131b691,c38cab57393e08,bdc46f7a3b6aec5c,1966,200,verifyCode,ts-auth-service
1650505227,ts-auth-service,c38cab57393e08,bdc46f7a3b6aec5c,bdc46f7a3b6aec5c,3630,200,GET,ts-auth-service
1650505227,ts-auth-service,bdc46f7a3b6aec5c,,bdc46f7a3b6aec5c,111456,200,getToken,no_parent
1650505227,ts-ticketinfo-service,901345beb5b44ecf,8c7d603f359ead1b,9315bd1d02c12398,9752,200,queryForStationId,ts-travel-service
1650505227,ts-ticketinfo-service,15fc0fd4a8101f3e,c52d9e40d7c66cc,9315bd1d02c12398,8359,200,queryForStationId,ts-travel-service
1650505227,ts-ticketinfo-service,ce336220b586a268,15fc0fd4a8101f3e,9315bd1d02c12398,5993,200,GET,ts-ticketinfo-service
1650505227,ts-security-service,b421ddab9d71a37,7248494e9fd732c4,3fe4801a6572ec82,4501,200,GET,ts-security-service
1650505227,ts-preserve-service,3fe4801a6572ec82,,3fe4801a6572ec82,31007,200,preserve,no_parent
1650505227,ts-preserve-service,57855336bf27bb96,3fe4801a6572ec82,3fe4801a6572ec82,24242,200,GET,ts-preserve-service
1650505227,ts-security-service,7248494e9fd732c4,57855336bf27bb96,3fe4801a6572ec82,22578,200,check,ts-preserve-service
1650505227,ts-basic-service,62f4dda41e1f2ab9,179c652bdd07ec61,9315bd1d02c12398,3519,200,GET,ts-basic-service
1650505227,ts-basic-service,a0bd4c72bd374d23,ce336220b586a268,9315bd1d02c12398,5260,200,queryForStationId,ts-ticketinfo-service
1650505227,ts-basic-service,a781b9904b63c697,a0bd4c72bd374d23,9315bd1d02c12398,3043,200,GET,ts-basic-service
1650505227,ts-travel-service,c52d9e40d7c66cc,9315bd1d02c12398,9315bd1d02c12398,8713,200,GET,ts-travel-service
1650505227,ts-travel-service,7eb00a3c71999e16,9315bd1d02c12398,9315bd1d02c12398,2647,200,GET,ts-travel-service
1650505227,ts-ticketinfo-service,725cd3baf9716e51,901345beb5b44ecf,9315bd1d02c12398,7079,200,GET,ts-ticketinfo-service
1650505227,ts-travel-service,9315bd1d02c12398,,9315bd1d02c12398,43071,200,queryInfo,no_parent
1650505227,ts-travel-service,8c7d603f359ead1b,9315bd1d02c12398,9315bd1d02c12398,11308,200,GET,ts-travel-service
1650505227,ts-travel-service,cc8f0e0482733ad3,9315bd1d02c12398,9315bd1d02c12398,2167,200,GET,ts-travel-service
1650505227,ts-route-service,bb2c56004596b7d3,cc8f0e0482733ad3,9315bd1d02c12398,2026,200,queryById,ts-travel-service
1650505227,ts-route-service,c821e82e0e6d5579,7eb00a3c71999e16,9315bd1d02c12398,2183,200,queryById,ts-travel-service
1650505227,ts-route-service,5513c7414227325d,432f91a538dc7cf1,9315bd1d02c12398,2050,200,queryById,ts-travel-service
1650505227,ts-order-service,d0ddaa9ec88d6d71,,d0ddaa9ec88d6d71,12382,200,queryOrdersForRefresh,no_parent
1650505227,ts-order-service,c4e8693c96aaa414,d0ddaa9ec88d6d71,d0ddaa9ec88d6d71,9123,200,POST,ts-order-service
1650505227,ts-station-service,6741d5c177449f57,c4e8693c96aaa414,d0ddaa9ec88d6d71,7706,200,queryForNameBatch,ts-order-service
1650505227,ts-travel-service,eecb6b4662139b22,9315bd1d02c12398,9315bd1d02c12398,3955,200,GET,ts-travel-service
1650505227,ts-travel-service,9af7ce17637d46c1,9315bd1d02c12398,9315bd1d02c12398,2270,200,GET,ts-travel-service
1650505227,ts-order-service,b9b723fd15e7df7b,94c12fba7cf3b79e,3fe4801a6572ec82,12007,200,securityInfoCheck,ts-security-service
1650505227,ts-preserve-service,c8018993a2eeca29,3fe4801a6572ec82,3fe4801a6572ec82,3407,200,GET,ts-preserve-service
1650505227,ts-route-service,e1d506df19d9dfb5,9af7ce17637d46c1,9315bd1d02c12398,2185,200,queryById,ts-travel-service
1650505227,ts-route-service,9c758703b7ee0a5,eecb6b4662139b22,9315bd1d02c12398,2690,200,queryById,ts-travel-service
1650505227,ts-basic-service,179c652bdd07ec61,725cd3baf9716e51,9315bd1d02c12398,5816,200,queryForStationId,ts-ticketinfo-service
1650505227,ts-station-service,92b6fc43ea52e67,62f4dda41e1f2ab9,9315bd1d02c12398,2436,200,queryForStationId,ts-basic-service
1650505227,ts-station-service,a534f5e90f32af6,a781b9904b63c697,9315bd1d02c12398,2349,200,queryForStationId,ts-basic-service
1650505227,ts-assurance-service,c47c0d386b6de4f1,,c47c0d386b6de4f1,1587,200,getAllAssuranceType,no_parent
1650505227,ts-contacts-service,dbc403417cd4b703,,dbc403417cd4b703,3012,200,findContactsByAccountId,no_parent
1650505227,ts-verification-code-service,ea57d8c34f4d7c9b,,ea57d8c34f4d7c9b,2914,200,imageCode,no_parent
1650505287,ts-preserve-service,3d55680393d2bf62,,3d55680393d2bf62,20162,200,preserve,no_parent
1650505287,ts-security-service,666431890c54110b,6885f21efa185945,3d55680393d2bf62,4075,200,GET,ts-security-service
1650505287,ts-contacts-service,a6953a041f39934d,4252e7bbf3f61670,3d55680393d2bf62,2243,200,getContactsByContactsId,ts-preserve-service
1650505287,ts-order-service,f5285886ac50324d,37ba24437c84e9c5,3d55680393d2bf62,3416,200,securityInfoCheck,ts-security-service
1650505287,ts-preserve-service,4252e7bbf3f61670,3d55680393d2bf62,3d55680393d2bf62,3561,200,GET,ts-preserve-service
1650505287,ts-order-other-service,de62923e4081d142,666431890c54110b,3d55680393d2bf62,2818,200,securityInfoCheck,ts-security-service
1650505287,ts-preserve-service,69e30cff9d117a4f,3d55680393d2bf62,3d55680393d2bf62,13855,200,GET,ts-preserve-service
1650505287,ts-security-service,6885f21efa185945,69e30cff9d117a4f,3d55680393d2bf62,12560,200,check,ts-preserve-service
1650505287,ts-auth-service,54b565fb0d09aeab,56c8ec7107d245f0,56c8ec7107d245f0,3514,200,GET,ts-auth-service
1650505287,ts-travel-service,5785f29ec8bba983,e7e5ed4d1b510028,e7e5ed4d1b510028,2801,200,GET,ts-travel-service
1650505287,ts-travel-service,fb5e2ce7fd4f8302,e7e5ed4d1b510028,e7e5ed4d1b510028,8399,200,GET,ts-travel-service
1650505287,ts-travel-service,ce989dd19e9a29c2,e7e5ed4d1b510028,e7e5ed4d1b510028,1330,200,GET,ts-travel-service
1650505287,ts-travel-service,bdd69452fc7a021f,e7e5ed4d1b510028,e7e5ed4d1b510028,1359,200,GET,ts-travel-service
1650505287,ts-route-service,e5b4c8a37b9253e8,5785f29ec8bba983,e7e5ed4d1b510028,1687,200,queryById,ts-travel-service
1650505287,ts-route-service,b8d8fb9f2f6fe3ca,bdd69452fc7a021f,e7e5ed4d1b510028,1242,200,queryById,ts-travel-service
1650505287,ts-route-service,ec0b44cd482d919a,ce989dd19e9a29c2,e7e5ed4d1b510028,1261,200,queryById,ts-travel-service
1650505287,ts-ticketinfo-service,ae4553a94e53df05,5c452a3558cc808,e7e5ed4d1b510028,6558,200,GET,ts-ticketinfo-service
1650505287,ts-ticketinfo-service,2691b1b4f659bfeb,b53350fc8841165e,e7e5ed4d1b510028,5431,200,GET,ts-ticketinfo-service
1650505287,ts-station-service,17163de7caf56058,a3d1e626f2619249,e7e5ed4d1b510028,2125,200,queryForStationId,ts-basic-service
1650505287,ts-travel-service,9cbd8b6b1840c210,e7e5ed4d1b510028,e7e5ed4d1b510028,10260,200,GET,ts-travel-service
1650505287,ts-travel-service,e7e5ed4d1b510028,,e7e5ed4d1b510028,33930,200,queryInfo,no_parent
1650505287,ts-travel-service,b2c1b4fa76f5c021,e7e5ed4d1b510028,e7e5ed4d1b510028,1295,200,GET,ts-travel-service
1650505287,ts-ticketinfo-service,b53350fc8841165e,fb5e2ce7fd4f8302,e7e5ed4d1b510028,8164,200,queryForStationId,ts-travel-service
1650505287,ts-station-service,30a49057c187d2cd,2fbe8acf9bed8f01,e7e5ed4d1b510028,2131,200,queryForStationId,ts-basic-service
1650505287,ts-security-service,37ba24437c84e9c5,6885f21efa185945,3d55680393d2bf62,4649,200,GET,ts-security-service
1650505287,ts-order-service,3beaffaf00f69ab9,,3beaffaf00f69ab9,10327,200,queryOrdersForRefresh,no_parent
1650505287,ts-ticketinfo-service,5c452a3558cc808,9cbd8b6b1840c210,e7e5ed4d1b510028,8965,200,queryForStationId,ts-travel-service
1650505287,ts-order-service,ad13e1cefa7ec44,3beaffaf00f69ab9,3beaffaf00f69ab9,6536,200,POST,ts-order-service
1650505287,ts-station-service,36506fa8d44701ff,ad13e1cefa7ec44,3beaffaf00f69ab9,5164,200,queryForNameBatch,ts-order-service
1650505287,ts-travel-service,704fdef5b1fa5dc4,e7e5ed4d1b510028,e7e5ed4d1b510028,1432,200,GET,ts-travel-service
1650505287,ts-route-service,ed9f1efad9584079,704fdef5b1fa5dc4,e7e5ed4d1b510028,1180,200,queryById,ts-travel-service
1650505287,ts-basic-service,2fbe8acf9bed8f01,a4d720a6116867d9,e7e5ed4d1b510028,2738,200,GET,ts-basic-service
1650505287,ts-basic-service,a4d720a6116867d9,2691b1b4f659bfeb,e7e5ed4d1b510028,4794,200,queryForStationId,ts-ticketinfo-service
1650505287,ts-route-service,9d422633b4355020,b2c1b4fa76f5c021,e7e5ed4d1b510028,1213,200,queryById,ts-travel-service
1650505287,ts-basic-service,a3d1e626f2619249,923db4ff5fc9855d,e7e5ed4d1b510028,3183,200,GET,ts-basic-service
1650505287,ts-basic-service,923db4ff5fc9855d,ae4553a94e53df05,e7e5ed4d1b510028,5595,200,queryForStationId,ts-ticketinfo-service
1650505287,ts-contacts-service,65a0f50cee1c2d2c,,65a0f50cee1c2d2c,2900,200,findContactsByAccountId,no_parent
1650505287,ts-verification-code-service,8976103d3044d1c1,54b565fb0d09aeab,56c8ec7107d245f0,1833,200,verifyCode,ts-auth-service
1650505287,ts-auth-service,56c8ec7107d245f0,,56c8ec7107d245f0,133974,200,getToken,no_parent
1650505287,ts-assurance-service,3bbba11d31186eb0,,3bbba11d31186eb0,1155,200,getAllAssuranceType,no_parent
1650505287,ts-verification-code-service,e1f871cb378440f2,,e1f871cb378440f2,2336,200,imageCode,no_parent
1650505347,ts-contacts-service,eb88b4ae703b40f,c6a2191b2200f1b,e6b074fac3df8490,2277,200,getContactsByContactsId,ts-preserve-service
1650505347,ts-verification-code-service,563225fb84f74d39,,563225fb84f74d39,2622,200,imageCode,no_parent
1650505347,ts-security-service,8dbdb4f555f0cec,c098153fbb6ddce1,e6b074fac3df8490,13792,200,check,ts-preserve-service
1650505347,ts-security-service,a291fc9358e2fb10,8dbdb4f555f0cec,e6b074fac3df8490,4414,200,GET,ts-security-service
1650505347,ts-verification-code-service,2264d7419edbe518,e029b023f4b7e122,66b90ac794d58bfc,2288,200,verifyCode,ts-auth-service
1650505347,ts-auth-service,e029b023f4b7e122,66b90ac794d58bfc,66b90ac794d58bfc,4099,200,GET,ts-auth-service
1650505347,ts-order-service,742cb4735cefca1c,8ec399efeccce498,8ec399efeccce498,9559,200,POST,ts-order-service
1650505347,ts-order-service,8ec399efeccce498,,8ec399efeccce498,12777,200,queryOrdersForRefresh,no_parent
1650505347,ts-station-service,b2598242919fe646,742cb4735cefca1c,8ec399efeccce498,8069,200,queryForNameBatch,ts-order-service
1650505347,ts-preserve-service,c098153fbb6ddce1,e6b074fac3df8490,e6b074fac3df8490,15498,200,GET,ts-preserve-service
1650505347,ts-preserve-service,c6a2191b2200f1b,e6b074fac3df8490,e6b074fac3df8490,3621,200,GET,ts-preserve-service
1650505347,ts-order-service,741221cf5d61ccd5,4cdfc5ddb6d6e36a,e6b074fac3df8490,3352,200,securityInfoCheck,ts-security-service
1650505347,ts-security-service,4cdfc5ddb6d6e36a,8dbdb4f555f0cec,e6b074fac3df8490,4708,200,GET,ts-security-service
1650505347,ts-order-other-service,39d0e9fefff4bbc6,a291fc9358e2fb10,e6b074fac3df8490,3223,200,securityInfoCheck,ts-security-service
1650505347,ts-auth-service,66b90ac794d58bfc,,66b90ac794d58bfc,118587,200,getToken,no_parent
1650505347,ts-preserve-service,e6b074fac3df8490,,e6b074fac3df8490,22351,200,preserve,no_parent
1650505347,ts-contacts-service,4ea4a343943d24cd,,4ea4a343943d24cd,3131,200,findContactsByAccountId,no_parent
1650505348,ts-travel-service,1bfc2fce4d46e3a0,33baed3c0869b06e,33baed3c0869b06e,1990,200,GET,ts-travel-service
1650505348,ts-travel-service,b56569789497047b,33baed3c0869b06e,33baed3c0869b06e,2318,200,GET,ts-travel-service
1650505348,ts-ticketinfo-service,76f39089015c0bcd,8fc6ee33ca5ad7be,33baed3c0869b06e,7497,200,GET,ts-ticketinfo-service
1650505348,ts-travel-service,69930961209e9901,33baed3c0869b06e,33baed3c0869b06e,2083,200,GET,ts-travel-service
1650505348,ts-station-service,f7b43d02997c0ad7,d204083fdac3b059,33baed3c0869b06e,2791,200,queryForStationId,ts-basic-service
1650505348,ts-station-service,a6ab3723831badd6,b512fd50be4c57dd,33baed3c0869b06e,2319,200,queryForStationId,ts-basic-service
1650505348,ts-travel-service,2fd53782f98e230,33baed3c0869b06e,33baed3c0869b06e,2130,200,GET,ts-travel-service
1650505348,ts-travel-service,532d665944c5f41d,33baed3c0869b06e,33baed3c0869b06e,9687,200,GET,ts-travel-service
1650505348,ts-route-service,60c61b2a8fe0e7d5,b56569789497047b,33baed3c0869b06e,1937,200,queryById,ts-travel-service
1650505348,ts-route-service,3415c7e552f69b7,69930961209e9901,33baed3c0869b06e,2014,200,queryById,ts-travel-service
1650505348,ts-ticketinfo-service,8d809b953ca29251,62da22efae1628b3,33baed3c0869b06e,6982,200,GET,ts-ticketinfo-service
1650505348,ts-travel-service,727b8c090c98aae5,33baed3c0869b06e,33baed3c0869b06e,3924,200,GET,ts-travel-service
1650505348,ts-ticketinfo-service,62da22efae1628b3,532d665944c5f41d,33baed3c0869b06e,9272,200,queryForStationId,ts-travel-service
1650505348,ts-basic-service,db6f88ee0c88c6ff,8d809b953ca29251,33baed3c0869b06e,5222,200,queryForStationId,ts-ticketinfo-service
1650505348,ts-basic-service,6f2fc18cdc9a9ae6,76f39089015c0bcd,33baed3c0869b06e,6189,200,queryForStationId,ts-ticketinfo-service
1650505348,ts-basic-service,d204083fdac3b059,6f2fc18cdc9a9ae6,33baed3c0869b06e,3875,200,GET,ts-basic-service
1650505348,ts-travel-service,554c9bfc9d0ad497,33baed3c0869b06e,33baed3c0869b06e,11586,200,GET,ts-travel-service
1650505348,ts-route-service,5ad739b94bbb95f8,2fd53782f98e230,33baed3c0869b06e,2041,200,queryById,ts-travel-service
1650505348,ts-travel-service,33baed3c0869b06e,,33baed3c0869b06e,42812,200,queryInfo,no_parent
1650505348,ts-basic-service,b512fd50be4c57dd,db6f88ee0c88c6ff,33baed3c0869b06e,3022,200,GET,ts-basic-service
1650505348,ts-route-service,584e69f60c7b2fb1,1bfc2fce4d46e3a0,33baed3c0869b06e,1898,200,queryById,ts-travel-service
1650505348,ts-assurance-service,115ef3c549cba36f,,115ef3c549cba36f,1566,200,getAllAssuranceType,no_parent
1650505348,ts-ticketinfo-service,8fc6ee33ca5ad7be,554c9bfc9d0ad497,33baed3c0869b06e,10172,200,queryForStationId,ts-travel-service
1650505348,ts-route-service,8b5832438773890a,727b8c090c98aae5,33baed3c0869b06e,2634,200,queryById,ts-travel-service
1650505408,ts-security-service,c4f0167ab38b6128,ef1e7130f2da62e6,e55f5343a39c7918,4820,200,GET,ts-security-service
1650505408,ts-basic-service,3414cf5565c694a1,af8b3d7cd1c4e426,73f54bc45364d480,5441,200,queryForStationId,ts-ticketinfo-service
1650505408,ts-route-service,d60e3feb09a7f31a,afd1cb00cf24de02,73f54bc45364d480,2046,200,queryById,ts-travel-service
1650505408,ts-station-service,453bbf052640de32,feb96a48994209ac,73f54bc45364d480,2186,200,queryForStationId,ts-basic-service
1650505408,ts-station-service,421e0d024f9dc101,2aa3759ce5772531,73f54bc45364d480,2239,200,queryForStationId,ts-basic-service
1650505408,ts-preserve-service,1ee18b8a7f390ef3,e55f5343a39c7918,e55f5343a39c7918,3533,200,GET,ts-preserve-service
1650505408,ts-route-service,93d9b7f60fc2e883,43731fd14881c49c,73f54bc45364d480,2330,200,queryById,ts-travel-service
1650505408,ts-preserve-service,6f1d7ea202479c35,e55f5343a39c7918,e55f5343a39c7918,15454,200,GET,ts-preserve-service
1650505408,ts-basic-service,1cca0a1c5582a157,b7cde863f9f7cb73,73f54bc45364d480,6134,200,queryForStationId,ts-ticketinfo-service
1650505408,ts-basic-service,2aa3759ce5772531,1cca0a1c5582a157,73f54bc45364d480,3748,200,GET,ts-basic-service
1650505408,ts-contacts-service,29f76e34eb65a91e,,29f76e34eb65a91e,2989,200,findContactsByAccountId,no_parent
1650505408,ts-verification-code-service,9adce6f3dfde3841,1fb5597fb46440f3,cae685a748a88b57,1962,200,verifyCode,ts-auth-service
1650505408,ts-preserve-service,e55f5343a39c7918,,e55f5343a39c7918,22250,200,preserve,no_parent
1650505408,ts-route-service,ad2555942378443,24b4d02151e21319,73f54bc45364d480,2129,200,queryById,ts-travel-service
1650505408,ts-travel-service,9a4bc699db881d4f,73f54bc45364d480,73f54bc45364d480,12427,200,GET,ts-travel-service
1650505408,ts-ticketinfo-service,a37f981a77eaf54b,9a4bc699db881d4f,73f54bc45364d480,10105,200,queryForStationId,ts-travel-service
1650505408,ts-ticketinfo-service,24aff591ec96608a,16002b5c160a24ec,73f54bc45364d480,8483,200,queryForStationId,ts-travel-service
1650505408,ts-travel-service,16002b5c160a24ec,73f54bc45364d480,73f54bc45364d480,9359,200,GET,ts-travel-service
1650505408,ts-travel-service,24b4d02151e21319,73f54bc45364d480,73f54bc45364d480,2626,200,GET,ts-travel-service
1650505408,ts-route-service,390086f3bb42a662,c4c9147ab450af86,73f54bc45364d480,2267,200,queryById,ts-travel-service
1650505408,ts-route-service,ed73890b41789dc3,c785afb88d5feefe,73f54bc45364d480,2278,200,queryById,ts-travel-service
1650505408,ts-order-service,344250c4976dd913,,344250c4976dd913,12896,200,queryOrdersForRefresh,no_parent
1650505408,ts-ticketinfo-service,b7cde863f9f7cb73,a37f981a77eaf54b,73f54bc45364d480,8025,200,GET,ts-ticketinfo-service
1650505408,ts-travel-service,c785afb88d5feefe,73f54bc45364d480,73f54bc45364d480,3108,200,GET,ts-travel-service
1650505408,ts-basic-service,feb96a48994209ac,3414cf5565c694a1,73f54bc45364d480,3364,200,GET,ts-basic-service
1650505408,ts-auth-service,cae685a748a88b57,,cae685a748a88b57,117435,200,getToken,no_parent
1650505408,ts-security-service,ef1e7130f2da62e6,6f1d7ea202479c35,e55f5343a39c7918,13878,200,check,ts-preserve-service
1650505408,ts-ticketinfo-service,af8b3d7cd1c4e426,24aff591ec96608a,73f54bc45364d480,6485,200,GET,ts-ticketinfo-service
1650505408,ts-travel-service,afd1cb00cf24de02,73f54bc45364d480,73f54bc45364d480,2541,200,GET,ts-travel-service
1650505408,ts-travel-service,73f54bc45364d480,,73f54bc45364d480,48868,200,queryInfo,no_parent
1650505408,ts-travel-service,c4c9147ab450af86,73f54bc45364d480,73f54bc45364d480,2808,200,GET,ts-travel-service
1650505408,ts-travel-service,43731fd14881c49c,73f54bc45364d480,73f54bc45364d480,4088,200,GET,ts-travel-service
1650505408,ts-order-other-service,1b9e0d7bf2f342a4,7d98107c58f64d2d,e55f5343a39c7918,3120,200,securityInfoCheck,ts-security-service
1650505408,ts-order-service,e48fada98b81a988,c4f0167ab38b6128,e55f5343a39c7918,3463,200,securityInfoCheck,ts-security-service
1650505408,ts-auth-service,1fb5597fb46440f3,cae685a748a88b57,cae685a748a88b57,3873,200,GET,ts-auth-service
1650505408,ts-security-service,7d98107c58f64d2d,ef1e7130f2da62e6,e55f5343a39c7918,4447,200,GET,ts-security-service
1650505408,ts-contacts-service,54eb4f08987ef241,1ee18b8a7f390ef3,e55f5343a39c7918,2250,200,getContactsByContactsId,ts-preserve-service
1650505408,ts-order-service,28b124ea694a6746,344250c4976dd913,344250c4976dd913,9577,200,POST,ts-order-service
1650505408,ts-station-service,d08e42b5560bd58b,28b124ea694a6746,344250c4976dd913,8080,200,queryForNameBatch,ts-order-service
1650505408,ts-assurance-service,28411f9da8a53c39,,28411f9da8a53c39,1334,200,getAllAssuranceType,no_parent
1650505408,ts-verification-code-service,7b456a4521aa9b00,,7b456a4521aa9b00,2654,200,imageCode,no_parent
1650505468,ts-basic-service,bf8778664b0a0f45,156620c71778b5fb,fbb771f871b17466,6134,200,queryForStationId,ts-ticketinfo-service
1650505468,ts-station-service,a6d81059a3187f20,862d347dc3b45ac1,fbb771f871b17466,2651,200,queryForStationId,ts-basic-service
1650505468,ts-basic-service,9cc13b1c0039b777,612c9a38fdb777e9,fbb771f871b17466,4986,200,queryForStationId,ts-ticketinfo-service
1650505468,ts-ticketinfo-service,156620c71778b5fb,b6595f20c48b1c75,fbb771f871b17466,7378,200,GET,ts-ticketinfo-service
1650505468,ts-auth-service,157c99bdde26dddb,,157c99bdde26dddb,108718,200,getToken,no_parent
1650505468,ts-preserve-service,a53bec8827485867,72e2120b76612c02,72e2120b76612c02,3595,200,GET,ts-preserve-service
1650505468,ts-verification-code-service,db61a41d0c1d47c0,8a3ebead7b07643d,157c99bdde26dddb,2162,200,verifyCode,ts-auth-service
1650505468,ts-auth-service,8a3ebead7b07643d,157c99bdde26dddb,157c99bdde26dddb,3938,200,GET,ts-auth-service
1650505468,ts-basic-service,aaaa9f33ab08d387,9cc13b1c0039b777,fbb771f871b17466,2979,200,GET,ts-basic-service
1650505468,ts-travel-service,c1ed2c8cd079da8c,fbb771f871b17466,fbb771f871b17466,12263,200,GET,ts-travel-service
1650505468,ts-ticketinfo-service,b6595f20c48b1c75,c1ed2c8cd079da8c,fbb771f871b17466,10039,200,queryForStationId,ts-travel-service
1650505468,ts-travel-service,32ddde3aa10d8ea,fbb771f871b17466,fbb771f871b17466,1886,200,GET,ts-travel-service
1650505468,ts-travel-service,1162859addcb01f7,fbb771f871b17466,fbb771f871b17466,8627,200,GET,ts-travel-service
1650505468,ts-verification-code-service,1632b7692cefa191,,1632b7692cefa191,2674,200,imageCode,no_parent
1650505468,ts-security-service,a493397137bcc5d3,3a040ec013fbbb60,72e2120b76612c02,3989,200,GET,ts-security-service
1650505468,ts-route-service,cd2fd5901058004,f487b6938f2ed2a1,fbb771f871b17466,2737,200,queryById,ts-travel-service
1650505468,ts-preserve-service,72e2120b76612c02,,72e2120b76612c02,20790,200,preserve,no_parent
1650505468,ts-travel-service,87c0d6d4444465ba,fbb771f871b17466,fbb771f871b17466,2757,200,GET,ts-travel-service
1650505468,ts-travel-service,aa87e5233e50df64,fbb771f871b17466,fbb771f871b17466,2269,200,GET,ts-travel-service
1650505468,ts-contacts-service,d7ae226702581220,a53bec8827485867,72e2120b76612c02,2489,200,getContactsByContactsId,ts-preserve-service
1650505468,ts-route-service,6173dac8a57065c0,87c0d6d4444465ba,fbb771f871b17466,2269,200,queryById,ts-travel-service
1650505468,ts-route-service,e9202b7d9534ecb9,aa87e5233e50df64,fbb771f871b17466,2122,200,queryById,ts-travel-service
1650505468,ts-order-service,2f6f333fed594fbe,a493397137bcc5d3,72e2120b76612c02,2713,200,securityInfoCheck,ts-security-service
1650505468,ts-preserve-service,d13d18593b71d893,72e2120b76612c02,72e2120b76612c02,13883,200,GET,ts-preserve-service
1650505468,ts-route-service,f1f5ac6ad75925a1,d580bf9d207f9e18,fbb771f871b17466,2115,200,queryById,ts-travel-service
1650505468,ts-route-service,9d15e5473788e4e9,32ddde3aa10d8ea,fbb771f871b17466,1698,200,queryById,ts-travel-service
1650505468,ts-basic-service,862d347dc3b45ac1,bf8778664b0a0f45,fbb771f871b17466,3719,200,GET,ts-basic-service
1650505468,ts-travel-service,d580bf9d207f9e18,fbb771f871b17466,fbb771f871b17466,2243,200,GET,ts-travel-service
1650505468,ts-travel-service,f487b6938f2ed2a1,fbb771f871b17466,fbb771f871b17466,3733,200,GET,ts-travel-service
1650505468,ts-ticketinfo-service,856f8761be6077fb,1162859addcb01f7,fbb771f871b17466,8044,200,queryForStationId,ts-travel-service
1650505468,ts-ticketinfo-service,612c9a38fdb777e9,856f8761be6077fb,fbb771f871b17466,5738,200,GET,ts-ticketinfo-service
1650505468,ts-station-service,47b53c2b680efdf8,aaaa9f33ab08d387,fbb771f871b17466,2277,200,queryForStationId,ts-basic-service
1650505468,ts-assurance-service,28180ebd9fe129a1,,28180ebd9fe129a1,1573,200,getAllAssuranceType,no_parent
1650505468,ts-security-service,c3079cb2887f1694,3a040ec013fbbb60,72e2120b76612c02,3942,200,GET,ts-security-service
1650505468,ts-order-other-service,af00f29311e32d33,c3079cb2887f1694,72e2120b76612c02,2658,200,securityInfoCheck,ts-security-service
1650505468,ts-security-service,3a040ec013fbbb60,d13d18593b71d893,72e2120b76612c02,12361,200,check,ts-preserve-service
1650505468,ts-station-service,c044c7582368a66a,a65499a296b6d,1a543f05588f1a33,7998,200,queryForNameBatch,ts-order-service
1650505468,ts-order-service,a65499a296b6d,1a543f05588f1a33,1a543f05588f1a33,9387,200,POST,ts-order-service
1650505468,ts-order-service,1a543f05588f1a33,,1a543f05588f1a33,12433,200,queryOrdersForRefresh,no_parent
1650505468,ts-travel-service,fbb771f871b17466,,fbb771f871b17466,43978,200,queryInfo,no_parent
1650505468,ts-contacts-service,9378bd053810d46f,,9378bd053810d46f,3024,200,findContactsByAccountId,no_parent
1650505528,ts-route-service,b0106dd5cdd345f8,5bd3b4bed522bf8,922744620ca7b55,2289,200,queryById,ts-travel-service
1650505528,ts-basic-service,b6756be607b5de1d,3dedd083c7ac6517,922744620ca7b55,4981,200,queryForStationId,ts-ticketinfo-service
1650505528,ts-ticketinfo-service,ca03a419b346dcab,c4f9f975b5d85019,922744620ca7b55,9754,200,queryForStationId,ts-travel-service
1650505528,ts-ticketinfo-service,3dedd083c7ac6517,e3460bb5bceda473,922744620ca7b55,5429,200,GET,ts-ticketinfo-service
1650505528,ts-travel-service,410faa4af48d3504,922744620ca7b55,922744620ca7b55,8114,200,GET,ts-travel-service
1650505528,ts-ticketinfo-service,e3460bb5bceda473,410faa4af48d3504,922744620ca7b55,7780,200,queryForStationId,ts-travel-service
1650505528,ts-route-service,35bfa03f31ed8b02,c13f302f690dbd50,922744620ca7b55,1946,200,queryById,ts-travel-service
1650505528,ts-route-service,904ebf640d47915b,9e49639581687d1a,922744620ca7b55,2114,200,queryById,ts-travel-service
1650505528,ts-travel-service,c4f9f975b5d85019,922744620ca7b55,922744620ca7b55,11635,200,GET,ts-travel-service
1650505528,ts-basic-service,c33fd00215e208a6,b6756be607b5de1d,922744620ca7b55,2802,200,GET,ts-basic-service
1650505528,ts-route-service,7450930575a9ec01,514171aae44ce296,922744620ca7b55,1912,200,queryById,ts-travel-service
1650505528,ts-auth-service,6320d4d52aeaacfc,48b792fea4e528c8,48b792fea4e528c8,14296,200,GET,ts-auth-service
1650505528,ts-verification-code-service,ec090a7c66024349,6320d4d52aeaacfc,48b792fea4e528c8,2467,200,verifyCode,ts-auth-service
1650505528,ts-travel-service,c13f302f690dbd50,922744620ca7b55,922744620ca7b55,2435,200,GET,ts-travel-service
1650505528,ts-travel-service,514171aae44ce296,922744620ca7b55,922744620ca7b55,2666,200,GET,ts-travel-service
1650505528,ts-travel-service,9e49639581687d1a,922744620ca7b55,922744620ca7b55,2258,200,GET,ts-travel-service
1650505528,ts-basic-service,45c24365aeebf358,42ce0cb8cd980de3,922744620ca7b55,3747,200,GET,ts-basic-service
1650505528,ts-basic-service,42ce0cb8cd980de3,bdcaa103388a19e3,922744620ca7b55,6085,200,queryForStationId,ts-ticketinfo-service
1650505528,ts-station-service,236561e827c6a4a2,45c24365aeebf358,922744620ca7b55,2258,200,queryForStationId,ts-basic-service
1650505528,ts-travel-service,5bd3b4bed522bf8,922744620ca7b55,922744620ca7b55,3515,200,GET,ts-travel-service
1650505528,ts-travel-service,922744620ca7b55,,922744620ca7b55,43074,200,queryInfo,no_parent
1650505528,ts-ticketinfo-service,bdcaa103388a19e3,ca03a419b346dcab,922744620ca7b55,7676,200,GET,ts-ticketinfo-service
1650505528,ts-order-service,c3df52804982c1c8,b66807748934b7ea,b66807748934b7ea,7843,200,POST,ts-order-service
1650505528,ts-verification-code-service,8e595d0c1891cfd4,,8e595d0c1891cfd4,4767,200,imageCode,no_parent
1650505528,ts-auth-service,48b792fea4e528c8,,48b792fea4e528c8,141470,200,getToken,no_parent
1650505528,ts-order-service,b66807748934b7ea,,b66807748934b7ea,11279,200,queryOrdersForRefresh,no_parent
1650505528,ts-station-service,2547660d82db2271,c3df52804982c1c8,b66807748934b7ea,5934,200,queryForNameBatch,ts-order-service
1650505528,ts-preserve-service,d86ad0fb0bfc0e17,,d86ad0fb0bfc0e17,29431,200,preserve,no_parent
1650505528,ts-preserve-service,8e8e5a325ce6cc9a,d86ad0fb0bfc0e17,d86ad0fb0bfc0e17,21295,200,GET,ts-preserve-service
1650505528,ts-station-service,b79ad4e25bd6c2d8,c33fd00215e208a6,922744620ca7b55,2182,200,queryForStationId,ts-basic-service
1650505528,ts-security-service,6b3c5f9ffcfea4bd,878cb0e6d82f8a25,d86ad0fb0bfc0e17,7253,200,GET,ts-security-service
1650505528,ts-security-service,7f03e4214aaff6ae,878cb0e6d82f8a25,d86ad0fb0bfc0e17,4714,200,GET,ts-security-service
1650505528,ts-security-service,878cb0e6d82f8a25,8e8e5a325ce6cc9a,d86ad0fb0bfc0e17,19706,200,check,ts-preserve-service
1650505528,ts-order-service,74b7b2c74bb0a7ea,7f03e4214aaff6ae,d86ad0fb0bfc0e17,3326,200,securityInfoCheck,ts-security-service
1650505528,ts-contacts-service,98f24ef12466c68e,449b38d3fab60d20,d86ad0fb0bfc0e17,2830,200,getContactsByContactsId,ts-preserve-service
1650505528,ts-preserve-service,449b38d3fab60d20,d86ad0fb0bfc0e17,d86ad0fb0bfc0e17,4729,200,GET,ts-preserve-service
1650505528,ts-order-other-service,aabd65e1c7c06998,6b3c5f9ffcfea4bd,d86ad0fb0bfc0e17,5101,200,securityInfoCheck,ts-security-service
1650505528,ts-contacts-service,fc468d8600e2218e,,fc468d8600e2218e,2996,200,findContactsByAccountId,no_parent
1650505529,ts-travel-service,ec379636184e6f08,922744620ca7b55,922744620ca7b55,2344,200,GET,ts-travel-service
1650505529,ts-route-service,35310a5b90d5d39c,ec379636184e6f08,922744620ca7b55,2291,200,queryById,ts-travel-service
1650505529,ts-assurance-service,20c23fec13be212a,,20c23fec13be212a,1425,200,getAllAssuranceType,no_parent
1650505589,ts-basic-service,d18028ca4988c15a,86b6c125f15667db,ead5678c0b200ef2,2932,200,GET,ts-basic-service
1650505589,ts-basic-service,77dc271cde7beb1b,551d3ed55fec11f9,ead5678c0b200ef2,5155,200,queryForStationId,ts-ticketinfo-service
1650505589,ts-basic-service,478feae523530354,77dc271cde7beb1b,ead5678c0b200ef2,3005,200,GET,ts-basic-service
1650505589,ts-route-service,759c0811c2aace0a,376218d74830ca72,ead5678c0b200ef2,2163,200,queryById,ts-travel-service
1650505589,ts-route-service,1c7b4784715f60dc,e40ec250e72b88ac,ead5678c0b200ef2,2024,200,queryById,ts-travel-service
1650505589,ts-route-service,126640a3d4383871,6d2eddeb8108eb4a,ead5678c0b200ef2,2363,200,queryById,ts-travel-service
1650505589,ts-travel-service,ead5678c0b200ef2,,ead5678c0b200ef2,41985,200,queryInfo,no_parent
1650505589,ts-travel-service,376218d74830ca72,ead5678c0b200ef2,ead5678c0b200ef2,2629,200,GET,ts-travel-service
1650505589,ts-travel-service,8a43977c81faca7e,ead5678c0b200ef2,ead5678c0b200ef2,8109,200,GET,ts-travel-service
1650505589,ts-travel-service,6d2eddeb8108eb4a,ead5678c0b200ef2,ead5678c0b200ef2,3780,200,GET,ts-travel-service
1650505589,ts-travel-service,311d6124e554557d,ead5678c0b200ef2,ead5678c0b200ef2,10547,200,GET,ts-travel-service
1650505589,ts-ticketinfo-service,551d3ed55fec11f9,880a6492ae99473d,ead5678c0b200ef2,5770,200,GET,ts-ticketinfo-service
1650505589,ts-station-service,95148700c2d4d804,478feae523530354,ead5678c0b200ef2,2290,200,queryForStationId,ts-basic-service
1650505589,ts-travel-service,3c85fcb9ef0d6ba8,ead5678c0b200ef2,ead5678c0b200ef2,2250,200,GET,ts-travel-service
1650505589,ts-verification-code-service,7eac0afa10302766,,7eac0afa10302766,2814,200,imageCode,no_parent
1650505589,ts-verification-code-service,afa44f01c6c7abf5,7f1d29bae1b188f3,ffd28416e12a5f31,1783,200,verifyCode,ts-auth-service
1650505589,ts-auth-service,7f1d29bae1b188f3,ffd28416e12a5f31,ffd28416e12a5f31,3559,200,GET,ts-auth-service
1650505589,ts-basic-service,86b6c125f15667db,6a552c62e83ddad1,ead5678c0b200ef2,5147,200,queryForStationId,ts-ticketinfo-service
1650505589,ts-ticketinfo-service,6a552c62e83ddad1,27bcd2a16178bf9b,ead5678c0b200ef2,6354,200,GET,ts-ticketinfo-service
1650505589,ts-ticketinfo-service,27bcd2a16178bf9b,311d6124e554557d,ead5678c0b200ef2,9141,200,queryForStationId,ts-travel-service
1650505589,ts-ticketinfo-service,880a6492ae99473d,8a43977c81faca7e,ead5678c0b200ef2,7726,200,queryForStationId,ts-travel-service
1650505589,ts-route-service,6b40d567b2d5060a,3c85fcb9ef0d6ba8,ead5678c0b200ef2,2052,200,queryById,ts-travel-service
1650505589,ts-route-service,2ad799a854e04c79,a21c76d5289c7a93,ead5678c0b200ef2,2165,200,queryById,ts-travel-service
1650505589,ts-auth-service,ffd28416e12a5f31,,ffd28416e12a5f31,104982,200,getToken,no_parent
1650505589,ts-security-service,9b9f167d0ed96648,cec6c5135567d2f0,f49b3ff9b119560f,4466,200,GET,ts-security-service
1650505589,ts-security-service,cec6c5135567d2f0,7cc3ff8071835cc,f49b3ff9b119560f,13974,200,check,ts-preserve-service
1650505589,ts-contacts-service,c0d7a5fd6486fa90,6ad97daedf015a86,f49b3ff9b119560f,2509,200,getContactsByContactsId,ts-preserve-service
1650505589,ts-order-service,ec828272d3c4704e,a447c33493af4f81,f49b3ff9b119560f,3569,200,securityInfoCheck,ts-security-service
1650505589,ts-preserve-service,7cc3ff8071835cc,f49b3ff9b119560f,f49b3ff9b119560f,15624,200,GET,ts-preserve-service
1650505589,ts-travel-service,e40ec250e72b88ac,ead5678c0b200ef2,ead5678c0b200ef2,2176,200,GET,ts-travel-service
1650505589,ts-station-service,33b3077123dd7022,d18028ca4988c15a,ead5678c0b200ef2,1724,200,queryForStationId,ts-basic-service
1650505589,ts-travel-service,a21c76d5289c7a93,ead5678c0b200ef2,ead5678c0b200ef2,2289,200,GET,ts-travel-service
1650505589,ts-security-service,a447c33493af4f81,cec6c5135567d2f0,f49b3ff9b119560f,4898,200,GET,ts-security-service
1650505589,ts-order-other-service,10d60967a1f9df6,9b9f167d0ed96648,f49b3ff9b119560f,3155,200,securityInfoCheck,ts-security-service
1650505589,ts-preserve-service,6ad97daedf015a86,f49b3ff9b119560f,f49b3ff9b119560f,3778,200,GET,ts-preserve-service
1650505589,ts-preserve-service,f49b3ff9b119560f,,f49b3ff9b119560f,22598,200,preserve,no_parent
1650505589,ts-order-service,aea2aedbdf313981,7d45f87e6953b7b4,7d45f87e6953b7b4,9158,200,POST,ts-order-service
1650505589,ts-order-service,7d45f87e6953b7b4,,7d45f87e6953b7b4,12532,200,queryOrdersForRefresh,no_parent
1650505589,ts-station-service,be11ae6b97878947,aea2aedbdf313981,7d45f87e6953b7b4,7758,200,queryForNameBatch,ts-order-service
1650505589,ts-contacts-service,6d6fc31c032b0a74,,6d6fc31c032b0a74,2858,200,findContactsByAccountId,no_parent
1650505589,ts-assurance-service,17a3425cef462ac9,,17a3425cef462ac9,1609,200,getAllAssuranceType,no_parent
1650505649,ts-ticketinfo-service,860604611dfabe1,2ab7bd3ee09f10e2,3c57fd9c24d8fdfe,5241,200,GET,ts-ticketinfo-service
1650505649,ts-ticketinfo-service,2ab7bd3ee09f10e2,6ce9e814179bf1f5,3c57fd9c24d8fdfe,7615,200,queryForStationId,ts-travel-service
1650505649,ts-station-service,f75af17a91e365f5,1e841a6f1771cc3d,3c57fd9c24d8fdfe,2179,200,queryForStationId,ts-basic-service
1650505649,ts-station-service,596c00b7b680b787,1dd1779424c33944,3c57fd9c24d8fdfe,2084,200,queryForStationId,ts-basic-service
1650505649,ts-basic-service,64aac5351d0205b,860604611dfabe1,3c57fd9c24d8fdfe,4933,200,queryForStationId,ts-ticketinfo-service
1650505649,ts-travel-service,6ce9e814179bf1f5,3c57fd9c24d8fdfe,3c57fd9c24d8fdfe,7948,200,GET,ts-travel-service
1650505649,ts-route-service,80a4d9daf828706a,bbcc895277ce2e8c,3c57fd9c24d8fdfe,1732,200,queryById,ts-travel-service
1650505649,ts-ticketinfo-service,bb7ab05ec75a481d,f5f6dc1b07f28a18,3c57fd9c24d8fdfe,6474,200,GET,ts-ticketinfo-service
1650505649,ts-order-service,5dc220eed782da4c,56fc636a29d5a11e,56fc636a29d5a11e,9389,200,POST,ts-order-service
1650505649,ts-ticketinfo-service,f5f6dc1b07f28a18,4b6a9b3478faa0f1,3c57fd9c24d8fdfe,8834,200,queryForStationId,ts-travel-service
1650505649,ts-route-service,3fe4009b189fef4f,9f54c6976930476b,3c57fd9c24d8fdfe,2254,200,queryById,ts-travel-service
1650505649,ts-basic-service,1dd1779424c33944,64aac5351d0205b,3c57fd9c24d8fdfe,2721,200,GET,ts-basic-service
1650505649,ts-basic-service,1e841a6f1771cc3d,a885b9391a905b70,3c57fd9c24d8fdfe,3150,200,GET,ts-basic-service
1650505649,ts-route-service,5ab9b150f5558fc8,8b5e801aa96e6de2,3c57fd9c24d8fdfe,2455,200,queryById,ts-travel-service
1650505649,ts-route-service,c329d3771571d2f4,9bb24a5bf77f168f,3c57fd9c24d8fdfe,1550,200,queryById,ts-travel-service
1650505649,ts-travel-service,20b224c58fe28d7b,3c57fd9c24d8fdfe,3c57fd9c24d8fdfe,2466,200,GET,ts-travel-service
1650505649,ts-travel-service,9bb24a5bf77f168f,3c57fd9c24d8fdfe,3c57fd9c24d8fdfe,1656,200,GET,ts-travel-service
1650505649,ts-travel-service,4b6a9b3478faa0f1,3c57fd9c24d8fdfe,3c57fd9c24d8fdfe,10636,200,GET,ts-travel-service
1650505649,ts-route-service,742194e24466dda6,20b224c58fe28d7b,3c57fd9c24d8fdfe,2092,200,queryById,ts-travel-service
1650505649,ts-security-service,b72215086e811c04,be6bd481011d95ab,93224eeb98e88983,5434,200,GET,ts-security-service
1650505649,ts-security-service,311c232c3bf331a4,be6bd481011d95ab,93224eeb98e88983,4359,200,GET,ts-security-service
1650505649,ts-preserve-service,68956c21a5278f5a,93224eeb98e88983,93224eeb98e88983,3420,200,GET,ts-preserve-service
1650505649,ts-order-other-service,ae62d0f8942fe3e7,311c232c3bf331a4,93224eeb98e88983,3392,200,securityInfoCheck,ts-security-service
1650505649,ts-basic-service,a885b9391a905b70,bb7ab05ec75a481d,3c57fd9c24d8fdfe,5578,200,queryForStationId,ts-ticketinfo-service
1650505649,ts-travel-service,3c57fd9c24d8fdfe,,3c57fd9c24d8fdfe,67076,200,queryInfo,no_parent
1650505649,ts-assurance-service,9e88e942440d54c7,,9e88e942440d54c7,1429,200,getAllAssuranceType,no_parent
1650505649,ts-contacts-service,1f42083924f422ed,68956c21a5278f5a,93224eeb98e88983,2152,200,getContactsByContactsId,ts-preserve-service
1650505649,ts-travel-service,8b5e801aa96e6de2,3c57fd9c24d8fdfe,3c57fd9c24d8fdfe,3614,200,GET,ts-travel-service
1650505649,ts-preserve-service,5c846e2186bc8f6e,93224eeb98e88983,93224eeb98e88983,16043,200,GET,ts-preserve-service
1650505649,ts-preserve-service,93224eeb98e88983,,93224eeb98e88983,22883,200,preserve,no_parent
1650505649,ts-verification-code-service,7f7806cbea001a01,f8410d33416e7d61,57f1f4bc925f622c,1866,200,verifyCode,ts-auth-service
1650505649,ts-travel-service,bbcc895277ce2e8c,3c57fd9c24d8fdfe,3c57fd9c24d8fdfe,1838,200,GET,ts-travel-service
1650505649,ts-travel-service,9f54c6976930476b,3c57fd9c24d8fdfe,3c57fd9c24d8fdfe,2479,200,GET,ts-travel-service
1650505649,ts-order-service,d47c6f3a8fe787dc,b72215086e811c04,93224eeb98e88983,3764,200,securityInfoCheck,ts-security-service
1650505649,ts-auth-service,f8410d33416e7d61,57f1f4bc925f622c,57f1f4bc925f622c,3619,200,GET,ts-auth-service
1650505649,ts-auth-service,57f1f4bc925f622c,,57f1f4bc925f622c,114892,200,getToken,no_parent
1650505649,ts-security-service,be6bd481011d95ab,5c846e2186bc8f6e,93224eeb98e88983,14524,200,check,ts-preserve-service
1650505649,ts-contacts-service,712a576888dee627,,712a576888dee627,2958,200,findContactsByAccountId,no_parent
1650505649,ts-station-service,48c82d9b00caad8d,5dc220eed782da4c,56fc636a29d5a11e,7988,200,queryForNameBatch,ts-order-service
1650505649,ts-order-service,56fc636a29d5a11e,,56fc636a29d5a11e,12500,200,queryOrdersForRefresh,no_parent
1650505649,ts-verification-code-service,ad0f25f8d3eee8e7,,ad0f25f8d3eee8e7,2649,200,imageCode,no_parent
