timestamp,service_name,span_id,parent_id,trace_id,duration,status_code,operation_name,parent_service_name
1650262437,ts-preserve-service,3f57689d5edf8b3,,3f57689d5edf8b3,22473,200,preserve,no_parent
1650262437,ts-order-service,885728e55dc296e2,cd0f19721b21d529,3f57689d5edf8b3,3624,200,securityInfoCheck,ts-security-service
1650262437,ts-preserve-service,3ef1398c5fdc8722,3f57689d5edf8b3,3f57689d5edf8b3,3392,200,GET,ts-preserve-service
1650262437,ts-preserve-service,3ad64405a109b746,3f57689d5edf8b3,3f57689d5edf8b3,16172,200,GET,ts-preserve-service
1650262437,ts-security-service,424cd884ec94664f,79f03d5126f134c4,3f57689d5edf8b3,4932,200,GET,ts-security-service
1650262437,ts-security-service,79f03d5126f134c4,3ad64405a109b746,3f57689d5edf8b3,14642,200,check,ts-preserve-service
1650262437,ts-security-service,cd0f19721b21d529,79f03d5126f134c4,3f57689d5edf8b3,4969,200,GET,ts-security-service
1650262437,ts-order-other-service,970dc2aaa0f1b78b,424cd884ec94664f,3f57689d5edf8b3,3601,200,securityInfoCheck,ts-security-service
1650262437,ts-contacts-service,faef3a94d2d68b93,3ef1398c5fdc8722,3f57689d5edf8b3,2153,200,getContactsByContactsId,ts-preserve-service
1650262497,ts-preserve-service,2601a91000f8b141,71619dc833ce339c,71619dc833ce339c,3892,200,GET,ts-preserve-service
1650262497,ts-preserve-service,d24270e991969ef8,71619dc833ce339c,71619dc833ce339c,16563,200,GET,ts-preserve-service
1650262497,ts-preserve-service,71619dc833ce339c,,71619dc833ce339c,23270,200,preserve,no_parent
1650262497,ts-security-service,67ced5b6ebe9889c,b527197025f009f4,71619dc833ce339c,5672,200,GET,ts-security-service
1650262497,ts-security-service,b5430cca1ec0e369,b527197025f009f4,71619dc833ce339c,4702,200,GET,ts-security-service
1650262497,ts-security-service,b527197025f009f4,d24270e991969ef8,71619dc833ce339c,15053,200,check,ts-preserve-service
1650262497,ts-contacts-service,e02d8fcac94ee69a,2601a91000f8b141,71619dc833ce339c,2565,200,getContactsByContactsId,ts-preserve-service
1650262497,ts-order-other-service,a20e20f4a0854c86,b5430cca1ec0e369,71619dc833ce339c,3618,200,securityInfoCheck,ts-security-service
1650262497,ts-order-service,adcb1401a3421005,67ced5b6ebe9889c,71619dc833ce339c,3546,200,securityInfoCheck,ts-security-service
1650262557,ts-preserve-service,86b7f0a5dedcf71f,cc20a74c6f02cf4b,cc20a74c6f02cf4b,16401,200,GET,ts-preserve-service
1650262557,ts-security-service,7e756825cf06b0ad,df642dc4a371bf66,cc20a74c6f02cf4b,4894,200,GET,ts-security-service
1650262557,ts-order-other-service,443929ed129a648,7e756825cf06b0ad,cc20a74c6f02cf4b,3606,200,securityInfoCheck,ts-security-service
1650262557,ts-order-service,26374afda3695c98,d07ebf6aa6ac7ebb,cc20a74c6f02cf4b,3293,200,securityInfoCheck,ts-security-service
1650262557,ts-security-service,d07ebf6aa6ac7ebb,df642dc4a371bf66,cc20a74c6f02cf4b,4724,200,GET,ts-security-service
1650262557,ts-contacts-service,a75f802c81efaa89,8115c2449b2805ef,cc20a74c6f02cf4b,2382,200,getContactsByContactsId,ts-preserve-service
1650262557,ts-security-service,df642dc4a371bf66,86b7f0a5dedcf71f,cc20a74c6f02cf4b,14173,200,check,ts-preserve-service
1650262557,ts-preserve-service,cc20a74c6f02cf4b,,cc20a74c6f02cf4b,22749,200,preserve,no_parent
1650262557,ts-preserve-service,8115c2449b2805ef,cc20a74c6f02cf4b,cc20a74c6f02cf4b,3391,200,GET,ts-preserve-service
1650262618,ts-security-service,26d391fbfcc502,cb7673a25f25d665,bcc1ce72a4e5bbbb,4938,200,GET,ts-security-service
1650262618,ts-contacts-service,d9c3919706a9921d,96244a156d758934,bcc1ce72a4e5bbbb,2186,200,getContactsByContactsId,ts-preserve-service
1650262618,ts-preserve-service,bcc1ce72a4e5bbbb,,bcc1ce72a4e5bbbb,23816,200,preserve,no_parent
1650262618,ts-auth-service,19a0aa61363cb215,4734284d5828bbcc,4734284d5828bbcc,3846,200,GET,ts-auth-service
1650262618,ts-auth-service,4734284d5828bbcc,,4734284d5828bbcc,125865,200,getToken,no_parent
1650262618,ts-order-service,9dbad64cb1973d1b,5d2e2d4f98d0c8a7,bcc1ce72a4e5bbbb,4508,200,securityInfoCheck,ts-security-service
1650262618,ts-preserve-service,96244a156d758934,bcc1ce72a4e5bbbb,bcc1ce72a4e5bbbb,3475,200,GET,ts-preserve-service
1650262618,ts-order-other-service,a048aa6e45daa362,26d391fbfcc502,bcc1ce72a4e5bbbb,3611,200,securityInfoCheck,ts-security-service
1650262618,ts-security-service,5d2e2d4f98d0c8a7,cb7673a25f25d665,bcc1ce72a4e5bbbb,6084,200,GET,ts-security-service
1650262618,ts-security-service,cb7673a25f25d665,a3e0c771a2956f91,bcc1ce72a4e5bbbb,15823,200,check,ts-preserve-service
1650262618,ts-verification-code-service,cbcb819e5cc4affe,19a0aa61363cb215,4734284d5828bbcc,2059,200,verifyCode,ts-auth-service
1650262618,ts-preserve-service,a3e0c771a2956f91,bcc1ce72a4e5bbbb,bcc1ce72a4e5bbbb,17373,200,GET,ts-preserve-service
1650262678,ts-preserve-service,c6ce8b97faecde6b,,c6ce8b97faecde6b,36684,200,preserve,no_parent
1650262678,ts-order-service,eaf8699fc710ebbf,f62301d585917b51,c6ce8b97faecde6b,3408,200,securityInfoCheck,ts-security-service
1650262678,ts-order-other-service,a548a889a586b245,307b3c6ded480c91,c6ce8b97faecde6b,3990,200,securityInfoCheck,ts-security-service
1650262678,ts-security-service,f62301d585917b51,5f75eacb68ab99c9,c6ce8b97faecde6b,4737,200,GET,ts-security-service
1650262678,ts-security-service,307b3c6ded480c91,5f75eacb68ab99c9,c6ce8b97faecde6b,5201,200,GET,ts-security-service
1650262678,ts-preserve-service,7b579a9acc728125,c6ce8b97faecde6b,c6ce8b97faecde6b,3537,200,GET,ts-preserve-service
1650262678,ts-verification-code-service,91811dd66291f048,,91811dd66291f048,3060,200,imageCode,no_parent
1650262678,ts-verification-code-service,de6e8afc7f46dba7,f88df9cff2125650,3086547197c016bc,1956,200,verifyCode,ts-auth-service
1650262678,ts-auth-service,f88df9cff2125650,3086547197c016bc,3086547197c016bc,3611,200,GET,ts-auth-service
1650262678,ts-security-service,5f75eacb68ab99c9,7334fede399abe2a,c6ce8b97faecde6b,21280,200,check,ts-preserve-service
1650262678,ts-contacts-service,be6c0a48f79adfdc,7b579a9acc728125,c6ce8b97faecde6b,2306,200,getContactsByContactsId,ts-preserve-service
1650262678,ts-preserve-service,7334fede399abe2a,c6ce8b97faecde6b,c6ce8b97faecde6b,22737,200,GET,ts-preserve-service
1650262678,ts-auth-service,3086547197c016bc,,3086547197c016bc,113170,200,getToken,no_parent
1650262738,ts-security-service,c774712d8f12c104,b91b3c7833e140cc,a06a2ffed896df4f,5048,200,GET,ts-security-service
1650262738,ts-security-service,49ddd5661f6f25a5,b91b3c7833e140cc,a06a2ffed896df4f,5144,200,GET,ts-security-service
1650262738,ts-preserve-service,e60260effcd5d818,a06a2ffed896df4f,a06a2ffed896df4f,3803,200,GET,ts-preserve-service
1650262738,ts-verification-code-service,f3dc5eb509a2334d,,f3dc5eb509a2334d,3006,200,imageCode,no_parent
1650262738,ts-order-service,796b5d75e636ecb8,c774712d8f12c104,a06a2ffed896df4f,3547,200,securityInfoCheck,ts-security-service
1650262738,ts-order-other-service,cf7966b844d9f6f4,49ddd5661f6f25a5,a06a2ffed896df4f,3729,200,securityInfoCheck,ts-security-service
1650262738,ts-security-service,b91b3c7833e140cc,7c3762cef32cbbd8,a06a2ffed896df4f,14777,200,check,ts-preserve-service
1650262738,ts-preserve-service,7c3762cef32cbbd8,a06a2ffed896df4f,a06a2ffed896df4f,16361,200,GET,ts-preserve-service
1650262738,ts-contacts-service,958baac75c9ab36e,e60260effcd5d818,a06a2ffed896df4f,2458,200,getContactsByContactsId,ts-preserve-service
1650262738,ts-preserve-service,a06a2ffed896df4f,,a06a2ffed896df4f,22898,200,preserve,no_parent
1650262738,ts-travel-service,7a5939f6adb55091,d94e97879e6dda43,d94e97879e6dda43,2295,200,GET,ts-travel-service
1650262738,ts-contacts-service,29b90a0285d28857,,29b90a0285d28857,2956,200,findContactsByAccountId,no_parent
1650262738,ts-ticketinfo-service,8cfb7c0b8e52476f,83a9de1506c29e1b,d94e97879e6dda43,13301,200,GET,ts-ticketinfo-service
1650262738,ts-ticketinfo-service,83a9de1506c29e1b,982e6fc14c410ca9,d94e97879e6dda43,15276,200,queryForStationId,ts-travel-service
1650262738,ts-travel-service,95e8c041685b8e4a,d94e97879e6dda43,d94e97879e6dda43,3908,200,GET,ts-travel-service
1650262738,ts-station-service,822a2a584925f996,86742e610f5cf158,d94e97879e6dda43,2282,200,queryForStationId,ts-basic-service
1650262738,ts-basic-service,880ccc015917de1b,96895b42fa061f95,d94e97879e6dda43,2842,200,GET,ts-basic-service
1650262738,ts-route-service,92cfc9598e9344f4,db9e304d89d98f73,d94e97879e6dda43,2150,200,queryById,ts-travel-service
1650262738,ts-basic-service,86742e610f5cf158,db4ebee8e8ec378,d94e97879e6dda43,3365,200,GET,ts-basic-service
1650262738,ts-verification-code-service,22e6f8c23e4bb377,62ff522db5510bd7,d2108d96c605826f,2056,200,verifyCode,ts-auth-service
1650262738,ts-auth-service,d2108d96c605826f,,d2108d96c605826f,113834,200,getToken,no_parent
1650262738,ts-auth-service,62ff522db5510bd7,d2108d96c605826f,d2108d96c605826f,3879,200,GET,ts-auth-service
1650262738,ts-order-service,aa2bc31612844a37,,aa2bc31612844a37,12886,200,queryOrdersForRefresh,no_parent
1650262738,ts-station-service,d4a3b50a4dabd870,f7cda45834d1b201,aa2bc31612844a37,8112,200,queryForNameBatch,ts-order-service
1650262738,ts-route-service,e981bb48c4f5905d,d125cd46ca012ab8,d94e97879e6dda43,2230,200,queryById,ts-travel-service
1650262738,ts-route-service,c0763e69fbcb8aa,95e8c041685b8e4a,d94e97879e6dda43,2597,200,queryById,ts-travel-service
1650262738,ts-travel-service,273b99a617b065eb,d94e97879e6dda43,d94e97879e6dda43,3018,200,GET,ts-travel-service
1650262738,ts-travel-service,db9e304d89d98f73,d94e97879e6dda43,d94e97879e6dda43,2361,200,GET,ts-travel-service
1650262738,ts-route-service,237dafeaa2504eef,273b99a617b065eb,d94e97879e6dda43,2490,200,queryById,ts-travel-service
1650262738,ts-route-service,e00d4848fee54e73,7a5939f6adb55091,d94e97879e6dda43,2134,200,queryById,ts-travel-service
1650262738,ts-travel-service,d125cd46ca012ab8,d94e97879e6dda43,d94e97879e6dda43,2400,200,GET,ts-travel-service
1650262738,ts-travel-service,4513f62b1efa533,d94e97879e6dda43,d94e97879e6dda43,10801,200,GET,ts-travel-service
1650262738,ts-basic-service,96895b42fa061f95,8cfb7c0b8e52476f,d94e97879e6dda43,12597,200,queryForStationId,ts-ticketinfo-service
1650262738,ts-basic-service,db4ebee8e8ec378,3ad66867cb98583e,d94e97879e6dda43,5858,200,queryForStationId,ts-ticketinfo-service
1650262738,ts-ticketinfo-service,d7c793f25fd9fc52,4513f62b1efa533,d94e97879e6dda43,9279,200,queryForStationId,ts-travel-service
1650262738,ts-ticketinfo-service,3ad66867cb98583e,d7c793f25fd9fc52,d94e97879e6dda43,6988,200,GET,ts-ticketinfo-service
1650262738,ts-station-service,49537e13e06804b0,880ccc015917de1b,d94e97879e6dda43,2120,200,queryForStationId,ts-basic-service
1650262738,ts-travel-service,d94e97879e6dda43,,d94e97879e6dda43,50637,200,queryInfo,no_parent
1650262738,ts-order-service,f7cda45834d1b201,aa2bc31612844a37,aa2bc31612844a37,9691,200,POST,ts-order-service
1650262738,ts-travel-service,982e6fc14c410ca9,d94e97879e6dda43,d94e97879e6dda43,15679,200,GET,ts-travel-service
1650262799,ts-security-service,ad301d5f39495cb9,ba9e11a8a723e919,e95f69bf4f0b1f73,16349,200,check,ts-preserve-service
1650262799,ts-order-service,3239992c1b8dcc6f,33dc002843fe5fcd,e95f69bf4f0b1f73,4668,200,securityInfoCheck,ts-security-service
1650262799,ts-preserve-service,e95f69bf4f0b1f73,,e95f69bf4f0b1f73,24704,200,preserve,no_parent
1650262799,ts-preserve-service,ba9e11a8a723e919,e95f69bf4f0b1f73,e95f69bf4f0b1f73,17884,200,GET,ts-preserve-service
1650262799,ts-security-service,33dc002843fe5fcd,ad301d5f39495cb9,e95f69bf4f0b1f73,5948,200,GET,ts-security-service
1650262799,ts-contacts-service,32904c37162cb7aa,,32904c37162cb7aa,2989,200,findContactsByAccountId,no_parent
1650262800,ts-preserve-service,eaeabdb237ab1442,e95f69bf4f0b1f73,e95f69bf4f0b1f73,3895,200,GET,ts-preserve-service
1650262800,ts-route-service,2b1555b9a818fdbc,80896a0b53785beb,120d6eae7f287dfa,2611,200,queryById,ts-travel-service
1650262800,ts-route-service,601fa4d42a0ae2e7,6bf90230a64bf67c,120d6eae7f287dfa,2549,200,queryById,ts-travel-service
1650262800,ts-route-service,1f9d3e0bc2abeae3,c4bc73389ba5eaa1,120d6eae7f287dfa,2053,200,queryById,ts-travel-service
1650262800,ts-route-service,afa210d371ea086,894dffb4207cd618,120d6eae7f287dfa,2097,200,queryById,ts-travel-service
1650262800,ts-route-service,cbb8d5810937acbf,5ab9316c51e36793,120d6eae7f287dfa,2048,200,queryById,ts-travel-service
1650262800,ts-station-service,4043b8afe11e78e7,78e0c71bc9a0953,120d6eae7f287dfa,2604,200,queryForStationId,ts-basic-service
1650262800,ts-station-service,452e50c16ac90df0,6447662fbbf68d55,120d6eae7f287dfa,2144,200,queryForStationId,ts-basic-service
1650262800,ts-contacts-service,d0b22b187b4e7007,eaeabdb237ab1442,e95f69bf4f0b1f73,2565,200,getContactsByContactsId,ts-preserve-service
1650262800,ts-travel-service,894dffb4207cd618,120d6eae7f287dfa,120d6eae7f287dfa,2212,200,GET,ts-travel-service
1650262800,ts-travel-service,80896a0b53785beb,120d6eae7f287dfa,120d6eae7f287dfa,3938,200,GET,ts-travel-service
1650262800,ts-travel-service,db6c05e6eb4b76d0,120d6eae7f287dfa,120d6eae7f287dfa,7992,200,GET,ts-travel-service
1650262800,ts-order-other-service,2fd6a8ca6ea6e14c,74fca0f3ff77f16b,e95f69bf4f0b1f73,4062,200,securityInfoCheck,ts-security-service
1650262800,ts-security-service,74fca0f3ff77f16b,ad301d5f39495cb9,e95f69bf4f0b1f73,5210,200,GET,ts-security-service
1650262800,ts-ticketinfo-service,27a861a66bfeaa5,db6c05e6eb4b76d0,120d6eae7f287dfa,7455,200,queryForStationId,ts-travel-service
1650262800,ts-ticketinfo-service,8da39b084a09ebe5,27a861a66bfeaa5,120d6eae7f287dfa,5405,200,GET,ts-ticketinfo-service
1650262800,ts-travel-service,2f9ad90c061faf0b,120d6eae7f287dfa,120d6eae7f287dfa,12035,200,GET,ts-travel-service
1650262800,ts-travel-service,c4bc73389ba5eaa1,120d6eae7f287dfa,120d6eae7f287dfa,2254,200,GET,ts-travel-service
1650262800,ts-basic-service,78e0c71bc9a0953,9ae443d859e648f9,120d6eae7f287dfa,3520,200,GET,ts-basic-service
1650262800,ts-basic-service,6447662fbbf68d55,256b7dab8a8a5d79,120d6eae7f287dfa,2767,200,GET,ts-basic-service
1650262800,ts-basic-service,256b7dab8a8a5d79,8da39b084a09ebe5,120d6eae7f287dfa,4753,200,queryForStationId,ts-ticketinfo-service
1650262800,ts-basic-service,9ae443d859e648f9,30c5acb5159e01ae,120d6eae7f287dfa,5996,200,queryForStationId,ts-ticketinfo-service
1650262800,ts-auth-service,a02c371c8544d4a6,91a9270e1a1c9b1d,91a9270e1a1c9b1d,3938,200,GET,ts-auth-service
1650262800,ts-verification-code-service,99d9e837b7a48205,a02c371c8544d4a6,91a9270e1a1c9b1d,2200,200,verifyCode,ts-auth-service
1650262800,ts-auth-service,91a9270e1a1c9b1d,,91a9270e1a1c9b1d,114240,200,getToken,no_parent
1650262800,ts-verification-code-service,4cdb3ca03fcc6daf,,4cdb3ca03fcc6daf,2373,200,imageCode,no_parent
1650262800,ts-travel-service,5ab9316c51e36793,120d6eae7f287dfa,120d6eae7f287dfa,2195,200,GET,ts-travel-service
1650262800,ts-travel-service,6bf90230a64bf67c,120d6eae7f287dfa,120d6eae7f287dfa,3033,200,GET,ts-travel-service
1650262800,ts-ticketinfo-service,30c5acb5159e01ae,a2f9ea372eb0e753,120d6eae7f287dfa,7210,200,GET,ts-ticketinfo-service
1650262800,ts-ticketinfo-service,a2f9ea372eb0e753,2f9ad90c061faf0b,120d6eae7f287dfa,9435,200,queryForStationId,ts-travel-service
1650262800,ts-travel-service,120d6eae7f287dfa,,120d6eae7f287dfa,49749,200,queryInfo,no_parent
1650262800,ts-order-service,10ece8418d305f08,cb847cadd90d984b,cb847cadd90d984b,6373,200,POST,ts-order-service
1650262800,ts-order-service,cb847cadd90d984b,,cb847cadd90d984b,9063,200,queryOrdersForRefresh,no_parent
1650262800,ts-station-service,912539410b66f4ee,10ece8418d305f08,cb847cadd90d984b,5022,200,queryForNameBatch,ts-order-service
1650262800,ts-assurance-service,ac59c1017fc0a814,,ac59c1017fc0a814,1595,200,getAllAssuranceType,no_parent
1650262860,ts-preserve-service,d98f4f19c78a3112,519000e16aa6b4f6,519000e16aa6b4f6,25862,200,GET,ts-preserve-service
1650262860,ts-preserve-service,4471307e25446841,519000e16aa6b4f6,519000e16aa6b4f6,3185,200,GET,ts-preserve-service
1650262860,ts-preserve-service,519000e16aa6b4f6,,519000e16aa6b4f6,31919,200,preserve,no_parent
1650262860,ts-auth-service,cf691677544d277f,,cf691677544d277f,111734,200,getToken,no_parent
1650262860,ts-auth-service,186d2b6a145c7ce5,cf691677544d277f,cf691677544d277f,3385,200,GET,ts-auth-service
1650262860,ts-verification-code-service,5a480f340910cbe3,186d2b6a145c7ce5,cf691677544d277f,1560,200,verifyCode,ts-auth-service
1650262860,ts-basic-service,aa230c92e599c46a,48ed54531b074680,4b8bedfed9c0fdeb,5033,200,queryForStationId,ts-ticketinfo-service
1650262860,ts-basic-service,55c59c4a79c3569,eb7bb840458dfae9,4b8bedfed9c0fdeb,2720,200,GET,ts-basic-service
1650262860,ts-basic-service,eb7bb840458dfae9,5e8ac70b71f00688,4b8bedfed9c0fdeb,4741,200,queryForStationId,ts-ticketinfo-service
1650262860,ts-travel-service,905a480a9eb80805,4b8bedfed9c0fdeb,4b8bedfed9c0fdeb,2340,200,GET,ts-travel-service
1650262860,ts-travel-service,964fabf0de59d192,4b8bedfed9c0fdeb,4b8bedfed9c0fdeb,10108,200,GET,ts-travel-service
1650262860,ts-travel-service,4b8bedfed9c0fdeb,,4b8bedfed9c0fdeb,49760,200,queryInfo,no_parent
1650262860,ts-basic-service,12e82ab60abe69db,aa230c92e599c46a,4b8bedfed9c0fdeb,3158,200,GET,ts-basic-service
1650262860,ts-travel-service,c436efe79e628d0f,4b8bedfed9c0fdeb,4b8bedfed9c0fdeb,3234,200,GET,ts-travel-service
1650262860,ts-travel-service,1e9ff0a24435b685,4b8bedfed9c0fdeb,4b8bedfed9c0fdeb,3949,200,GET,ts-travel-service
1650262860,ts-contacts-service,d2f7eba3b5af3416,4471307e25446841,519000e16aa6b4f6,2096,200,getContactsByContactsId,ts-preserve-service
1650262860,ts-ticketinfo-service,9b4b9294b046b8bf,af4e8342ac888bd8,4b8bedfed9c0fdeb,8424,200,queryForStationId,ts-travel-service
1650262860,ts-ticketinfo-service,5e8ac70b71f00688,bec36d861a12ab03,4b8bedfed9c0fdeb,5880,200,GET,ts-ticketinfo-service
1650262860,ts-ticketinfo-service,48ed54531b074680,9b4b9294b046b8bf,4b8bedfed9c0fdeb,6229,200,GET,ts-ticketinfo-service
1650262860,ts-ticketinfo-service,bec36d861a12ab03,7a8886e2597adc1f,4b8bedfed9c0fdeb,7834,200,queryForStationId,ts-travel-service
1650262860,ts-travel-service,af4e8342ac888bd8,4b8bedfed9c0fdeb,4b8bedfed9c0fdeb,9891,200,GET,ts-travel-service
1650262860,ts-order-service,44f2395f8fe5a2c9,,44f2395f8fe5a2c9,12371,200,queryOrdersForRefresh,no_parent
1650262860,ts-station-service,61f86f3acb0cd694,2575e6f77e637730,44f2395f8fe5a2c9,8080,200,queryForNameBatch,ts-order-service
1650262860,ts-order-service,62fd69f13182db7,cff982be5f027258,519000e16aa6b4f6,3510,200,securityInfoCheck,ts-security-service
1650262860,ts-order-other-service,d844da936628cb86,79f7ebfc9f827c20,519000e16aa6b4f6,13482,200,securityInfoCheck,ts-security-service
1650262860,ts-security-service,cff982be5f027258,a47203074c93571f,519000e16aa6b4f6,4930,200,GET,ts-security-service
1650262860,ts-security-service,a47203074c93571f,d98f4f19c78a3112,519000e16aa6b4f6,24263,200,check,ts-preserve-service
1650262860,ts-security-service,79f7ebfc9f827c20,a47203074c93571f,519000e16aa6b4f6,4974,200,GET,ts-security-service
1650262860,ts-order-service,2575e6f77e637730,44f2395f8fe5a2c9,44f2395f8fe5a2c9,9556,200,POST,ts-order-service
1650262860,ts-assurance-service,6d96b7e679d0189b,,6d96b7e679d0189b,1604,200,getAllAssuranceType,no_parent
1650262860,ts-station-service,1a0fb3c35bfb3e63,12e82ab60abe69db,4b8bedfed9c0fdeb,2343,200,queryForStationId,ts-basic-service
1650262860,ts-station-service,50510c9eedab6bb1,55c59c4a79c3569,4b8bedfed9c0fdeb,2153,200,queryForStationId,ts-basic-service
1650262860,ts-travel-service,a0ffce09293ffa04,4b8bedfed9c0fdeb,4b8bedfed9c0fdeb,2296,200,GET,ts-travel-service
1650262860,ts-route-service,48a6bb99d4b1bb6a,a0ffce09293ffa04,4b8bedfed9c0fdeb,2089,200,queryById,ts-travel-service
1650262860,ts-route-service,c1e23f157068bb0c,964fabf0de59d192,4b8bedfed9c0fdeb,9891,200,queryById,ts-travel-service
1650262860,ts-route-service,ea736ffdd21e8d75,1e9ff0a24435b685,4b8bedfed9c0fdeb,2630,200,queryById,ts-travel-service
1650262860,ts-route-service,6a0d99b6b23546ad,c436efe79e628d0f,4b8bedfed9c0fdeb,2736,200,queryById,ts-travel-service
1650262860,ts-route-service,3f03193b2d27714a,905a480a9eb80805,4b8bedfed9c0fdeb,2247,200,queryById,ts-travel-service
1650262860,ts-travel-service,7a8886e2597adc1f,4b8bedfed9c0fdeb,4b8bedfed9c0fdeb,8272,200,GET,ts-travel-service
1650262860,ts-verification-code-service,6c73839cfa2c3cec,,6c73839cfa2c3cec,2705,200,imageCode,no_parent
1650262860,ts-contacts-service,f8ea9e1812015603,,f8ea9e1812015603,3226,200,findContactsByAccountId,no_parent
1650262920,ts-preserve-service,a8c9133382eea373,76081432c5af9c1d,76081432c5af9c1d,16238,200,GET,ts-preserve-service
1650262920,ts-order-other-service,b0b2d697fddf29d1,6d7d58cd772760f4,76081432c5af9c1d,3719,200,securityInfoCheck,ts-security-service
1650262920,ts-auth-service,b99ba89ef4c81f98,,b99ba89ef4c81f98,115060,200,getToken,no_parent
1650262920,ts-verification-code-service,36a0d395c6fee7f8,545ed43df6e5cb11,b99ba89ef4c81f98,2109,200,verifyCode,ts-auth-service
1650262920,ts-auth-service,545ed43df6e5cb11,b99ba89ef4c81f98,b99ba89ef4c81f98,3757,200,GET,ts-auth-service
1650262920,ts-preserve-service,c9859c519e11191c,76081432c5af9c1d,76081432c5af9c1d,3609,200,GET,ts-preserve-service
1650262920,ts-preserve-service,76081432c5af9c1d,,76081432c5af9c1d,22748,200,preserve,no_parent
1650262920,ts-order-service,aa3a4b3b9db759a3,1e05ac985a21d9d3,76081432c5af9c1d,3538,200,securityInfoCheck,ts-security-service
1650262920,ts-security-service,6d7d58cd772760f4,837201e636f8d72e,76081432c5af9c1d,5051,200,GET,ts-security-service
1650262920,ts-security-service,837201e636f8d72e,a8c9133382eea373,76081432c5af9c1d,14681,200,check,ts-preserve-service
1650262920,ts-security-service,1e05ac985a21d9d3,837201e636f8d72e,76081432c5af9c1d,4994,200,GET,ts-security-service
1650262920,ts-basic-service,74931eb63ced6ab1,3749b291f62c6e07,45ef517c247d8112,5803,200,queryForStationId,ts-ticketinfo-service
1650262920,ts-basic-service,678be8d3304a3e26,f9f43c0ce85b50b4,45ef517c247d8112,4872,200,queryForStationId,ts-ticketinfo-service
1650262920,ts-basic-service,f5b6bef420f813b6,678be8d3304a3e26,45ef517c247d8112,2848,200,GET,ts-basic-service
1650262920,ts-ticketinfo-service,3749b291f62c6e07,87ff64094743ba40,45ef517c247d8112,7330,200,GET,ts-ticketinfo-service
1650262920,ts-ticketinfo-service,87ff64094743ba40,234e9aa590ac4a2b,45ef517c247d8112,9838,200,queryForStationId,ts-travel-service
1650262920,ts-route-service,79f3e9c9cf15a203,14489d9b07d38ad8,45ef517c247d8112,2188,200,queryById,ts-travel-service
1650262920,ts-contacts-service,826d25e621c15eab,c9859c519e11191c,76081432c5af9c1d,2452,200,getContactsByContactsId,ts-preserve-service
1650262920,ts-assurance-service,512c6b4c9b5286e4,,512c6b4c9b5286e4,1622,200,getAllAssuranceType,no_parent
1650262920,ts-travel-service,14489d9b07d38ad8,45ef517c247d8112,45ef517c247d8112,2361,200,GET,ts-travel-service
1650262920,ts-travel-service,234e9aa590ac4a2b,45ef517c247d8112,45ef517c247d8112,11412,200,GET,ts-travel-service
1650262920,ts-route-service,5d3e22875b279f1a,5367e2092d12724b,45ef517c247d8112,2606,200,queryById,ts-travel-service
1650262920,ts-route-service,59dddb3348fc342b,7bbd339dc00e08bd,45ef517c247d8112,2156,200,queryById,ts-travel-service
1650262920,ts-route-service,32042d05ed5f81cd,e95c72860ed1a093,45ef517c247d8112,2155,200,queryById,ts-travel-service
1650262920,ts-order-service,70ded0a127e1a3aa,,70ded0a127e1a3aa,12572,200,queryOrdersForRefresh,no_parent
1650262920,ts-station-service,39433de36d91af3d,a9cc19d2b5b67d6e,70ded0a127e1a3aa,7732,200,queryForNameBatch,ts-order-service
1650262920,ts-travel-service,5367e2092d12724b,45ef517c247d8112,45ef517c247d8112,3937,200,GET,ts-travel-service
1650262920,ts-travel-service,21f39c66d677cd1e,45ef517c247d8112,45ef517c247d8112,2753,200,GET,ts-travel-service
1650262920,ts-travel-service,e95c72860ed1a093,45ef517c247d8112,45ef517c247d8112,2326,200,GET,ts-travel-service
1650262920,ts-travel-service,b32964bc9e11d99a,45ef517c247d8112,45ef517c247d8112,7949,200,GET,ts-travel-service
1650262920,ts-travel-service,45ef517c247d8112,,45ef517c247d8112,43379,200,queryInfo,no_parent
1650262920,ts-travel-service,7bbd339dc00e08bd,45ef517c247d8112,45ef517c247d8112,2648,200,GET,ts-travel-service
1650262920,ts-contacts-service,402f92dc9f9394a9,,402f92dc9f9394a9,3007,200,findContactsByAccountId,no_parent
1650262920,ts-order-service,a9cc19d2b5b67d6e,70ded0a127e1a3aa,70ded0a127e1a3aa,9208,200,POST,ts-order-service
1650262920,ts-basic-service,5038590deac6da2e,74931eb63ced6ab1,45ef517c247d8112,3318,200,GET,ts-basic-service
1650262920,ts-route-service,12d38da242a1852b,21f39c66d677cd1e,45ef517c247d8112,2537,200,queryById,ts-travel-service
1650262920,ts-station-service,4871bbbf0f1a306f,5038590deac6da2e,45ef517c247d8112,2225,200,queryForStationId,ts-basic-service
1650262920,ts-station-service,48fff26770f37119,f5b6bef420f813b6,45ef517c247d8112,2089,200,queryForStationId,ts-basic-service
1650262920,ts-ticketinfo-service,f9f43c0ce85b50b4,27a3671422ccd3e1,45ef517c247d8112,5455,200,GET,ts-ticketinfo-service
1650262920,ts-ticketinfo-service,27a3671422ccd3e1,b32964bc9e11d99a,45ef517c247d8112,7570,200,queryForStationId,ts-travel-service
1650262920,ts-verification-code-service,99dfa98397e69e1c,,99dfa98397e69e1c,3088,200,imageCode,no_parent
1650262980,ts-verification-code-service,cee47e60aa01cbcc,,cee47e60aa01cbcc,2960,200,imageCode,no_parent
1650262980,ts-auth-service,c60a444c99d2de97,bdcf67a274fbe458,bdcf67a274fbe458,3731,200,GET,ts-auth-service
1650262980,ts-security-service,a602d781cbcda8ac,4b8cd644eaf88d32,2112944a597bc111,4613,200,GET,ts-security-service
1650262980,ts-auth-service,bdcf67a274fbe458,,bdcf67a274fbe458,112851,200,getToken,no_parent
1650262980,ts-verification-code-service,d2fd027fbc7bfcba,c60a444c99d2de97,bdcf67a274fbe458,1925,200,verifyCode,ts-auth-service
1650262980,ts-contacts-service,9112bc48ab626cf1,6a4778475d67536b,2112944a597bc111,2086,200,getContactsByContactsId,ts-preserve-service
1650262980,ts-preserve-service,b2de3c8c9946dc6f,2112944a597bc111,2112944a597bc111,15565,200,GET,ts-preserve-service
1650262980,ts-order-service,d4c8129b938f5c38,7edf582dca078149,7edf582dca078149,9345,200,POST,ts-order-service
1650262980,ts-order-service,7edf582dca078149,,7edf582dca078149,12891,200,queryOrdersForRefresh,no_parent
1650262980,ts-security-service,4b8cd644eaf88d32,b2de3c8c9946dc6f,2112944a597bc111,13945,200,check,ts-preserve-service
1650262980,ts-security-service,c5457604cecbb4d8,4b8cd644eaf88d32,2112944a597bc111,4581,200,GET,ts-security-service
1650262980,ts-order-other-service,13e7a4b4633c0975,c5457604cecbb4d8,2112944a597bc111,3319,200,securityInfoCheck,ts-security-service
1650262980,ts-order-service,6ef1fcd862ff4c4a,a602d781cbcda8ac,2112944a597bc111,3282,200,securityInfoCheck,ts-security-service
1650262980,ts-preserve-service,6a4778475d67536b,2112944a597bc111,2112944a597bc111,3381,200,GET,ts-preserve-service
1650262980,ts-preserve-service,2112944a597bc111,,2112944a597bc111,21836,200,preserve,no_parent
1650262980,ts-station-service,377d8314388d9f69,d4c8129b938f5c38,7edf582dca078149,7817,200,queryForNameBatch,ts-order-service
1650262980,ts-contacts-service,47c9d0a234b11d74,,47c9d0a234b11d74,3001,200,findContactsByAccountId,no_parent
1650262981,ts-ticketinfo-service,5ea924c8a88f29b5,2acb152ef6fd13c0,2fc5828db93710bb,9341,200,queryForStationId,ts-travel-service
1650262981,ts-basic-service,48e62ca65a09e71d,419352e13b03cb77,2fc5828db93710bb,4745,200,queryForStationId,ts-ticketinfo-service
1650262981,ts-ticketinfo-service,ca7d145b3873bb5b,5ea924c8a88f29b5,2fc5828db93710bb,7136,200,GET,ts-ticketinfo-service
1650262981,ts-travel-service,2acb152ef6fd13c0,2fc5828db93710bb,2fc5828db93710bb,10786,200,GET,ts-travel-service
1650262981,ts-ticketinfo-service,fdd9a0d939c4f0c2,ba9e19416d116d97,2fc5828db93710bb,7377,200,queryForStationId,ts-travel-service
1650262981,ts-travel-service,2c19b34543464ca5,2fc5828db93710bb,2fc5828db93710bb,3070,200,GET,ts-travel-service
1650262981,ts-ticketinfo-service,419352e13b03cb77,fdd9a0d939c4f0c2,2fc5828db93710bb,5349,200,GET,ts-ticketinfo-service
1650262981,ts-basic-service,8eefc596f16ccb32,ca7d145b3873bb5b,2fc5828db93710bb,6007,200,queryForStationId,ts-ticketinfo-service
1650262981,ts-basic-service,33fe4fc6cdf39fa4,48e62ca65a09e71d,2fc5828db93710bb,2701,200,GET,ts-basic-service
1650262981,ts-basic-service,5f2cae8a6d2a355,8eefc596f16ccb32,2fc5828db93710bb,3722,200,GET,ts-basic-service
1650262981,ts-station-service,14c6b3b1aed8967f,33fe4fc6cdf39fa4,2fc5828db93710bb,2064,200,queryForStationId,ts-basic-service
1650262981,ts-station-service,5ec7d60cc5391196,5f2cae8a6d2a355,2fc5828db93710bb,2502,200,queryForStationId,ts-basic-service
1650262981,ts-travel-service,69d8b246b04d32e8,2fc5828db93710bb,2fc5828db93710bb,2228,200,GET,ts-travel-service
1650262981,ts-travel-service,fa840a7d58ec0765,2fc5828db93710bb,2fc5828db93710bb,3865,200,GET,ts-travel-service
1650262981,ts-travel-service,2fc5828db93710bb,,2fc5828db93710bb,42391,200,queryInfo,no_parent
1650262981,ts-travel-service,3bcb774e9da35b56,2fc5828db93710bb,2fc5828db93710bb,2322,200,GET,ts-travel-service
1650262981,ts-travel-service,ba9e19416d116d97,2fc5828db93710bb,2fc5828db93710bb,7987,200,GET,ts-travel-service
1650262981,ts-travel-service,89997c46ca2b8a25,2fc5828db93710bb,2fc5828db93710bb,2433,200,GET,ts-travel-service
1650262981,ts-route-service,8fe91159d864db41,69d8b246b04d32e8,2fc5828db93710bb,2067,200,queryById,ts-travel-service
1650262981,ts-route-service,c50ec710bea5e1bb,89997c46ca2b8a25,2fc5828db93710bb,2227,200,queryById,ts-travel-service
1650262981,ts-route-service,445ff1d02cac8403,3bcb774e9da35b56,2fc5828db93710bb,2195,200,queryById,ts-travel-service
1650262981,ts-assurance-service,23a49a13521cdede,,23a49a13521cdede,1629,200,getAllAssuranceType,no_parent
1650262981,ts-route-service,f4bc25986012e4d2,2c19b34543464ca5,2fc5828db93710bb,2545,200,queryById,ts-travel-service
1650262981,ts-route-service,e812ae05f7fc69b,fa840a7d58ec0765,2fc5828db93710bb,2601,200,queryById,ts-travel-service
1650263041,ts-preserve-service,81f83e982053ec7e,,81f83e982053ec7e,22806,200,preserve,no_parent
1650263041,ts-order-service,5a6393bcad2e1246,91c33e6e8bf014c7,81f83e982053ec7e,3524,200,securityInfoCheck,ts-security-service
1650263041,ts-order-other-service,a89b0547fbe68989,22c187d1cab449d7,81f83e982053ec7e,3540,200,securityInfoCheck,ts-security-service
1650263041,ts-security-service,91c33e6e8bf014c7,d99a4467d26f4850,81f83e982053ec7e,4999,200,GET,ts-security-service
1650263041,ts-order-service,4d789b9567f2c04f,,4d789b9567f2c04f,18976,200,queryOrdersForRefresh,no_parent
1650263041,ts-station-service,8d0e2c9fa0cdb876,5a82ec98e0057c8c,4d789b9567f2c04f,8047,200,queryForNameBatch,ts-order-service
1650263041,ts-preserve-service,e97a76fe8ccdbc48,81f83e982053ec7e,81f83e982053ec7e,3456,200,GET,ts-preserve-service
1650263041,ts-security-service,22c187d1cab449d7,d99a4467d26f4850,81f83e982053ec7e,4991,200,GET,ts-security-service
1650263041,ts-security-service,d99a4467d26f4850,4dc482b1a99eec76,81f83e982053ec7e,14601,200,check,ts-preserve-service
1650263041,ts-order-service,5a82ec98e0057c8c,4d789b9567f2c04f,4d789b9567f2c04f,9491,200,POST,ts-order-service
1650263041,ts-contacts-service,ae1ff76cd96a085d,e97a76fe8ccdbc48,81f83e982053ec7e,2281,200,getContactsByContactsId,ts-preserve-service
1650263041,ts-preserve-service,4dc482b1a99eec76,81f83e982053ec7e,81f83e982053ec7e,16249,200,GET,ts-preserve-service
1650263041,ts-ticketinfo-service,8b559d5a9b15eddf,da59a79828c5d561,1bd6ac132449b014,9146,200,queryForStationId,ts-travel-service
1650263041,ts-travel-service,594cc1ef1ae0864c,1bd6ac132449b014,1bd6ac132449b014,2446,200,GET,ts-travel-service
1650263041,ts-travel-service,f8de4f1cee419b82,1bd6ac132449b014,1bd6ac132449b014,2429,200,GET,ts-travel-service
1650263041,ts-basic-service,b92188c0fb5fe0dc,84d631864d806ade,1bd6ac132449b014,3299,200,GET,ts-basic-service
1650263041,ts-basic-service,84d631864d806ade,f1412b21b53c2eb4,1bd6ac132449b014,5729,200,queryForStationId,ts-ticketinfo-service
1650263041,ts-basic-service,d4793aebe8c696af,a838004ab77167f,1bd6ac132449b014,2724,200,GET,ts-basic-service
1650263041,ts-basic-service,a838004ab77167f,e5b0d68a0e78ca5d,1bd6ac132449b014,5001,200,queryForStationId,ts-ticketinfo-service
1650263041,ts-ticketinfo-service,f1412b21b53c2eb4,8b559d5a9b15eddf,1bd6ac132449b014,6891,200,GET,ts-ticketinfo-service
1650263041,ts-ticketinfo-service,e5b0d68a0e78ca5d,6c37c547c142628d,1bd6ac132449b014,5627,200,GET,ts-ticketinfo-service
1650263041,ts-ticketinfo-service,6c37c547c142628d,7091fba2058bc48a,1bd6ac132449b014,7891,200,queryForStationId,ts-travel-service
1650263041,ts-contacts-service,cf6820378835af37,,cf6820378835af37,2974,200,findContactsByAccountId,no_parent
1650263041,ts-route-service,5da8bdedee92c8cc,f8de4f1cee419b82,1bd6ac132449b014,2275,200,queryById,ts-travel-service
1650263041,ts-route-service,29032990617d0978,760bf1842e2e4968,1bd6ac132449b014,2136,200,queryById,ts-travel-service
1650263041,ts-station-service,daf719e7af970b91,b92188c0fb5fe0dc,1bd6ac132449b014,2218,200,queryForStationId,ts-basic-service
1650263041,ts-station-service,a92d7f71ec4526f9,d4793aebe8c696af,1bd6ac132449b014,2066,200,queryForStationId,ts-basic-service
1650263041,ts-route-service,d3b61078f306edf3,a17579991afe18f5,1bd6ac132449b014,2155,200,queryById,ts-travel-service
1650263041,ts-route-service,e62fa426d55b181a,594cc1ef1ae0864c,1bd6ac132449b014,2031,200,queryById,ts-travel-service
1650263041,ts-travel-service,760bf1842e2e4968,1bd6ac132449b014,1bd6ac132449b014,2315,200,GET,ts-travel-service
1650263041,ts-travel-service,a17579991afe18f5,1bd6ac132449b014,1bd6ac132449b014,2334,200,GET,ts-travel-service
1650263041,ts-travel-service,1bd6ac132449b014,,1bd6ac132449b014,42047,200,queryInfo,no_parent
1650263041,ts-travel-service,da59a79828c5d561,1bd6ac132449b014,1bd6ac132449b014,10681,200,GET,ts-travel-service
1650263041,ts-travel-service,7091fba2058bc48a,1bd6ac132449b014,1bd6ac132449b014,8251,200,GET,ts-travel-service
1650263041,ts-travel-service,9336458e5a3e668e,1bd6ac132449b014,1bd6ac132449b014,3900,200,GET,ts-travel-service
1650263041,ts-route-service,217497d1350c452f,9336458e5a3e668e,1bd6ac132449b014,2536,200,queryById,ts-travel-service
1650263041,ts-assurance-service,f36056f08931463f,,f36056f08931463f,1581,200,getAllAssuranceType,no_parent
1650263041,ts-verification-code-service,12aa14bb6b1c6ecc,,12aa14bb6b1c6ecc,2943,200,imageCode,no_parent
1650263041,ts-verification-code-service,65750d4990f4fb2e,24e7f161b5f01d9,f6de4dbf761abe4c,2455,200,verifyCode,ts-auth-service
1650263041,ts-auth-service,24e7f161b5f01d9,f6de4dbf761abe4c,f6de4dbf761abe4c,4058,200,GET,ts-auth-service
1650263041,ts-auth-service,f6de4dbf761abe4c,,f6de4dbf761abe4c,114349,200,getToken,no_parent
1650263101,ts-auth-service,9015a1d797bed91a,1dc6e5370d013c91,1dc6e5370d013c91,4013,200,GET,ts-auth-service
1650263101,ts-auth-service,1dc6e5370d013c91,,1dc6e5370d013c91,109862,200,getToken,no_parent
1650263101,ts-verification-code-service,1d2eaa9f9f0c07f5,9015a1d797bed91a,1dc6e5370d013c91,2166,200,verifyCode,ts-auth-service
1650263101,ts-order-service,5ca23b7a59b78afe,72cca00bc44305f4,6f02e221543430d7,2647,200,securityInfoCheck,ts-security-service
1650263101,ts-security-service,9504e5c8f3126427,e5094589f2bcff03,6f02e221543430d7,5427,200,GET,ts-security-service
1650263101,ts-order-other-service,31540981ed778371,9504e5c8f3126427,6f02e221543430d7,3787,200,securityInfoCheck,ts-security-service
1650263101,ts-security-service,e5094589f2bcff03,aa9d3b42f5c6c330,6f02e221543430d7,14095,200,check,ts-preserve-service
1650263101,ts-security-service,72cca00bc44305f4,e5094589f2bcff03,6f02e221543430d7,4134,200,GET,ts-security-service
1650263101,ts-preserve-service,aa9d3b42f5c6c330,6f02e221543430d7,6f02e221543430d7,15747,200,GET,ts-preserve-service
1650263101,ts-preserve-service,6f02e221543430d7,,6f02e221543430d7,21913,200,preserve,no_parent
1650263101,ts-verification-code-service,753e7ce28bfb5a3d,,753e7ce28bfb5a3d,3162,200,imageCode,no_parent
1650263101,ts-contacts-service,e3c38aca6ac3a1a8,3079724c612efc,6f02e221543430d7,2116,200,getContactsByContactsId,ts-preserve-service
1650263101,ts-preserve-service,3079724c612efc,6f02e221543430d7,6f02e221543430d7,3444,200,GET,ts-preserve-service
1650263101,ts-station-service,35a9cf134932c2fa,89e7da864d13206c,20435bad962930e3,6101,200,queryForNameBatch,ts-order-service
1650263101,ts-order-service,89e7da864d13206c,20435bad962930e3,20435bad962930e3,7607,200,POST,ts-order-service
1650263101,ts-order-service,20435bad962930e3,,20435bad962930e3,10865,200,queryOrdersForRefresh,no_parent
1650263101,ts-travel-service,159fb24c53f5dbea,4386ad67ca2e12a5,4386ad67ca2e12a5,2574,200,GET,ts-travel-service
1650263101,ts-basic-service,17b1098340194b78,c449da568ea62aa6,4386ad67ca2e12a5,4347,200,queryForStationId,ts-ticketinfo-service
1650263101,ts-travel-service,b5931aeb9b5078e7,4386ad67ca2e12a5,4386ad67ca2e12a5,11524,200,GET,ts-travel-service
1650263101,ts-travel-service,e90b9551e2ecde0c,4386ad67ca2e12a5,4386ad67ca2e12a5,2322,200,GET,ts-travel-service
1650263101,ts-basic-service,def8d5bc364ef71d,17b1098340194b78,4386ad67ca2e12a5,2477,200,GET,ts-basic-service
1650263101,ts-basic-service,d0cadc4643097990,95cb6157c88e75f6,4386ad67ca2e12a5,6238,200,queryForStationId,ts-ticketinfo-service
1650263101,ts-basic-service,1f4037bffdcd7ae,d0cadc4643097990,4386ad67ca2e12a5,3687,200,GET,ts-basic-service
1650263101,ts-ticketinfo-service,c449da568ea62aa6,7d04154fc4e2c7ec,4386ad67ca2e12a5,4932,200,GET,ts-ticketinfo-service
1650263101,ts-travel-service,4386ad67ca2e12a5,,4386ad67ca2e12a5,43606,200,queryInfo,no_parent
1650263101,ts-route-service,dacc746c84d0c688,7607057c80701dc2,4386ad67ca2e12a5,2836,200,queryById,ts-travel-service
1650263101,ts-route-service,ab18f53f29914d26,159fb24c53f5dbea,4386ad67ca2e12a5,2403,200,queryById,ts-travel-service
1650263101,ts-ticketinfo-service,7d04154fc4e2c7ec,8f882e6e6833dad0,4386ad67ca2e12a5,6521,200,queryForStationId,ts-travel-service
1650263101,ts-ticketinfo-service,95cb6157c88e75f6,61b84e3ee8533e06,4386ad67ca2e12a5,7471,200,GET,ts-ticketinfo-service
1650263101,ts-travel-service,b61e2ae4fab089cb,4386ad67ca2e12a5,4386ad67ca2e12a5,3121,200,GET,ts-travel-service
1650263101,ts-ticketinfo-service,61b84e3ee8533e06,b5931aeb9b5078e7,4386ad67ca2e12a5,9802,200,queryForStationId,ts-travel-service
1650263101,ts-travel-service,8f882e6e6833dad0,4386ad67ca2e12a5,4386ad67ca2e12a5,6987,200,GET,ts-travel-service
1650263101,ts-travel-service,374039f7a540a2ac,4386ad67ca2e12a5,4386ad67ca2e12a5,1666,200,GET,ts-travel-service
1650263101,ts-travel-service,7607057c80701dc2,4386ad67ca2e12a5,4386ad67ca2e12a5,4256,200,GET,ts-travel-service
1650263101,ts-route-service,efbc8d1c418e3c4b,374039f7a540a2ac,4386ad67ca2e12a5,1525,200,queryById,ts-travel-service
1650263101,ts-route-service,42f2e3e16364d8,e90b9551e2ecde0c,4386ad67ca2e12a5,2224,200,queryById,ts-travel-service
1650263101,ts-station-service,1d41f88c3399f25a,1f4037bffdcd7ae,4386ad67ca2e12a5,2394,200,queryForStationId,ts-basic-service
1650263101,ts-station-service,1f84d90ebe983470,def8d5bc364ef71d,4386ad67ca2e12a5,1941,200,queryForStationId,ts-basic-service
1650263101,ts-route-service,2f98cd4c43cc05db,b61e2ae4fab089cb,4386ad67ca2e12a5,2661,200,queryById,ts-travel-service
1650263101,ts-assurance-service,f6b8c87153403421,,f6b8c87153403421,1400,200,getAllAssuranceType,no_parent
1650263101,ts-contacts-service,aa90c65b2f3589a1,,aa90c65b2f3589a1,2796,200,findContactsByAccountId,no_parent
1650263280,ts-auth-service,471907dfee8ab077,,471907dfee8ab077,115017,200,getToken,no_parent
1650263280,ts-auth-service,2ca32212b9b29983,471907dfee8ab077,471907dfee8ab077,3632,200,GET,ts-auth-service
1650263280,ts-verification-code-service,b7a7ada14481a750,,b7a7ada14481a750,2214,200,imageCode,no_parent
1650263280,ts-verification-code-service,65069f8aa339638c,2ca32212b9b29983,471907dfee8ab077,1298,200,verifyCode,ts-auth-service
1650263281,ts-ticketinfo-service,e8ba664cfc78cb57,feb4b2942309ae47,556e72c4e5c12d25,6071,200,GET,ts-ticketinfo-service
1650263281,ts-ticketinfo-service,320ad75a69f6e72c,3a3d4a75f5ce7795,556e72c4e5c12d25,6169,200,queryForStationId,ts-travel-service
1650263281,ts-ticketinfo-service,d3bfc2584e3faed9,320ad75a69f6e72c,556e72c4e5c12d25,4595,200,GET,ts-ticketinfo-service
1650263281,ts-travel-service,f3925ad77cc72db,556e72c4e5c12d25,556e72c4e5c12d25,2101,200,GET,ts-travel-service
1650263281,ts-travel-service,d2414905aaf0efcc,556e72c4e5c12d25,556e72c4e5c12d25,10396,200,GET,ts-travel-service
1650263281,ts-travel-service,3c04612d23f78a25,556e72c4e5c12d25,556e72c4e5c12d25,2308,200,GET,ts-travel-service
1650263281,ts-station-service,695b5cb38b919b7c,5181aebf3d28d90e,556e72c4e5c12d25,1744,200,queryForStationId,ts-basic-service
1650263281,ts-basic-service,93b62ed722317c78,e8ba664cfc78cb57,556e72c4e5c12d25,4566,200,queryForStationId,ts-ticketinfo-service
1650263281,ts-basic-service,84e9913a64f07af3,e45d1ffd83e150fb,556e72c4e5c12d25,2385,200,GET,ts-basic-service
1650263281,ts-basic-service,5181aebf3d28d90e,93b62ed722317c78,556e72c4e5c12d25,2682,200,GET,ts-basic-service
1650263281,ts-basic-service,e45d1ffd83e150fb,d3bfc2584e3faed9,556e72c4e5c12d25,3994,200,queryForStationId,ts-ticketinfo-service
1650263281,ts-route-service,ec12e5f4f5eff6bc,3c04612d23f78a25,556e72c4e5c12d25,2199,200,queryById,ts-travel-service
1650263281,ts-ticketinfo-service,feb4b2942309ae47,d2414905aaf0efcc,556e72c4e5c12d25,8271,200,queryForStationId,ts-travel-service
1650263281,ts-travel-service,f837205a78c88f4f,556e72c4e5c12d25,556e72c4e5c12d25,2833,200,GET,ts-travel-service
1650263281,ts-travel-service,30f8d7b1ee4a9af4,556e72c4e5c12d25,556e72c4e5c12d25,1924,200,GET,ts-travel-service
1650263281,ts-travel-service,e1231a83bb824ad,556e72c4e5c12d25,556e72c4e5c12d25,3859,200,GET,ts-travel-service
1650263281,ts-travel-service,3a3d4a75f5ce7795,556e72c4e5c12d25,556e72c4e5c12d25,6509,200,GET,ts-travel-service
1650263281,ts-travel-service,556e72c4e5c12d25,,556e72c4e5c12d25,39595,200,queryInfo,no_parent
1650263281,ts-route-service,ce62d2d4fa7901f7,e1231a83bb824ad,556e72c4e5c12d25,2587,200,queryById,ts-travel-service
1650263281,ts-route-service,5e8ca5b06eff0607,f837205a78c88f4f,556e72c4e5c12d25,2405,200,queryById,ts-travel-service
1650263281,ts-route-service,f9273c98a241feb3,30f8d7b1ee4a9af4,556e72c4e5c12d25,1756,200,queryById,ts-travel-service
1650263281,ts-route-service,b354ef93264ebc52,f3925ad77cc72db,556e72c4e5c12d25,1994,200,queryById,ts-travel-service
1650263281,ts-assurance-service,9c3ae9d41dfc0d01,,9c3ae9d41dfc0d01,1408,200,getAllAssuranceType,no_parent
1650263281,ts-station-service,4bf1355be120f129,84e9913a64f07af3,556e72c4e5c12d25,1796,200,queryForStationId,ts-basic-service
1650263341,ts-ticketinfo-service,c29cbcc6f5d7d0e7,13a313f5d748c4f9,b8a5163604990117,7109,200,queryForStationId,ts-travel-service
1650263341,ts-contacts-service,cefaebb7c5eefd89,,cefaebb7c5eefd89,2529,200,findContactsByAccountId,no_parent
1650263341,ts-contacts-service,83dd468db39da534,dc6103d158a926b9,3fd20d91bedc845,2082,200,getContactsByContactsId,ts-preserve-service
1650263341,ts-preserve-service,2a9917939d59d6ae,3fd20d91bedc845,3fd20d91bedc845,12599,200,GET,ts-preserve-service
1650263341,ts-preserve-service,3fd20d91bedc845,,3fd20d91bedc845,19370,200,preserve,no_parent
1650263341,ts-preserve-service,dc6103d158a926b9,3fd20d91bedc845,3fd20d91bedc845,3538,200,GET,ts-preserve-service
1650263341,ts-order-service,8b50be045fa7c45c,74108d9457c586bd,3fd20d91bedc845,2615,200,securityInfoCheck,ts-security-service
1650263341,ts-order-other-service,522d6a45c65ac6fa,798132efda5db50c,3fd20d91bedc845,2862,200,securityInfoCheck,ts-security-service
1650263341,ts-security-service,725c9d21c38745f1,2a9917939d59d6ae,3fd20d91bedc845,11212,200,check,ts-preserve-service
1650263341,ts-security-service,74108d9457c586bd,725c9d21c38745f1,3fd20d91bedc845,3789,200,GET,ts-security-service
1650263341,ts-route-service,2c984e24473030f7,111cbc565ea3120a,b8a5163604990117,2028,200,queryById,ts-travel-service
1650263341,ts-route-service,9eae2f57b72a9fa0,7845b677ad32feb,b8a5163604990117,1460,200,queryById,ts-travel-service
1650263341,ts-route-service,4f871f62a7a282c6,97531059bc369ac7,b8a5163604990117,1685,200,queryById,ts-travel-service
1650263341,ts-route-service,7db04acce03d1c63,d4605326764fcd6f,b8a5163604990117,1431,200,queryById,ts-travel-service
1650263341,ts-ticketinfo-service,621347e914c4b2f7,c29cbcc6f5d7d0e7,b8a5163604990117,5480,200,GET,ts-ticketinfo-service
1650263341,ts-route-service,b07b4d0cb18bc29e,c02a24cbd5aeec3d,b8a5163604990117,1435,200,queryById,ts-travel-service
1650263341,ts-station-service,7f02efd2d695f9d5,108d78cb96e60254,b8a5163604990117,1772,200,queryForStationId,ts-basic-service
1650263341,ts-station-service,993064dfe7e2e761,56ff2a50dba90aa7,b8a5163604990117,1498,200,queryForStationId,ts-basic-service
1650263341,ts-travel-service,13a313f5d748c4f9,b8a5163604990117,b8a5163604990117,8521,200,GET,ts-travel-service
1650263341,ts-travel-service,1423d19888efd2f1,b8a5163604990117,b8a5163604990117,6532,200,GET,ts-travel-service
1650263341,ts-travel-service,97531059bc369ac7,b8a5163604990117,b8a5163604990117,1848,200,GET,ts-travel-service
1650263341,ts-travel-service,d4605326764fcd6f,b8a5163604990117,b8a5163604990117,1459,200,GET,ts-travel-service
1650263341,ts-travel-service,c02a24cbd5aeec3d,b8a5163604990117,b8a5163604990117,1714,200,GET,ts-travel-service
1650263341,ts-travel-service,7845b677ad32feb,b8a5163604990117,b8a5163604990117,1826,200,GET,ts-travel-service
1650263341,ts-travel-service,b8a5163604990117,,b8a5163604990117,31896,200,queryInfo,no_parent
1650263341,ts-security-service,798132efda5db50c,725c9d21c38745f1,3fd20d91bedc845,4215,200,GET,ts-security-service
1650263341,ts-verification-code-service,ff98aa66abb0340d,d593baabc40cd9be,6265aea56b5aa39e,1619,200,verifyCode,ts-auth-service
1650263341,ts-auth-service,6265aea56b5aa39e,,6265aea56b5aa39e,124983,200,getToken,no_parent
1650263341,ts-verification-code-service,cf3a334d5f571774,,cf3a334d5f571774,2357,200,imageCode,no_parent
1650263341,ts-basic-service,56ff2a50dba90aa7,ab4523c2027f703b,b8a5163604990117,2437,200,GET,ts-basic-service
1650263341,ts-basic-service,d01a21507bb5cdc2,621347e914c4b2f7,b8a5163604990117,4613,200,queryForStationId,ts-ticketinfo-service
1650263341,ts-basic-service,ab4523c2027f703b,640b2290b2c12bca,b8a5163604990117,3888,200,queryForStationId,ts-ticketinfo-service
1650263341,ts-basic-service,108d78cb96e60254,d01a21507bb5cdc2,b8a5163604990117,2601,200,GET,ts-basic-service
1650263341,ts-travel-service,111cbc565ea3120a,b8a5163604990117,b8a5163604990117,3024,200,GET,ts-travel-service
1650263341,ts-ticketinfo-service,640b2290b2c12bca,cb35461bab6ab54f,b8a5163604990117,4676,200,GET,ts-ticketinfo-service
1650263341,ts-ticketinfo-service,cb35461bab6ab54f,1423d19888efd2f1,b8a5163604990117,5901,200,queryForStationId,ts-travel-service
1650263341,ts-station-service,4df4e8eb28855967,df1ba33eb8e95793,e49b6b76ca027f7,4871,200,queryForNameBatch,ts-order-service
1650263341,ts-order-service,df1ba33eb8e95793,e49b6b76ca027f7,e49b6b76ca027f7,6186,200,POST,ts-order-service
1650263341,ts-order-service,e49b6b76ca027f7,,e49b6b76ca027f7,8804,200,queryOrdersForRefresh,no_parent
1650263341,ts-auth-service,d593baabc40cd9be,6265aea56b5aa39e,6265aea56b5aa39e,2654,200,GET,ts-auth-service
1650263341,ts-assurance-service,e2c3fa5d76bd08da,,e2c3fa5d76bd08da,1302,200,getAllAssuranceType,no_parent
1650263401,ts-auth-service,92403497e3dad4db,,92403497e3dad4db,124816,200,getToken,no_parent
1650263401,ts-auth-service,8ec896707fcb00bf,92403497e3dad4db,92403497e3dad4db,2683,200,GET,ts-auth-service
1650263401,ts-preserve-service,124745ec773666d1,,124745ec773666d1,17638,200,preserve,no_parent
1650263401,ts-order-service,539f271c91214e94,97df1d4344180217,124745ec773666d1,2622,200,securityInfoCheck,ts-security-service
1650263401,ts-order-other-service,730129ec2ea58faf,ca3177d3ab4acad,124745ec773666d1,2377,200,securityInfoCheck,ts-security-service
1650263401,ts-security-service,97df1d4344180217,a642260515747f92,124745ec773666d1,3727,200,GET,ts-security-service
1650263401,ts-security-service,ca3177d3ab4acad,a642260515747f92,124745ec773666d1,3204,200,GET,ts-security-service
1650263401,ts-security-service,a642260515747f92,12d4e1d78d070940,124745ec773666d1,10321,200,check,ts-preserve-service
1650263401,ts-contacts-service,2caf79e7a0e0ed67,d13b685ef5d5b051,124745ec773666d1,2089,200,getContactsByContactsId,ts-preserve-service
1650263401,ts-verification-code-service,10e4194bd392b0f6,8ec896707fcb00bf,92403497e3dad4db,1414,200,verifyCode,ts-auth-service
1650263401,ts-preserve-service,12d4e1d78d070940,124745ec773666d1,124745ec773666d1,11676,200,GET,ts-preserve-service
1650263401,ts-preserve-service,d13b685ef5d5b051,124745ec773666d1,124745ec773666d1,2997,200,GET,ts-preserve-service
1650263401,ts-travel-service,52ef642d7d4fc491,50997558359dbe87,50997558359dbe87,5839,200,GET,ts-travel-service
1650263401,ts-travel-service,1d1aa80b64ae1113,50997558359dbe87,50997558359dbe87,3193,200,GET,ts-travel-service
1650263401,ts-travel-service,98e30008d085bc30,50997558359dbe87,50997558359dbe87,2113,200,GET,ts-travel-service
1650263401,ts-travel-service,d7e1652a5d9be3df,50997558359dbe87,50997558359dbe87,1495,200,GET,ts-travel-service
1650263401,ts-basic-service,3de694a1d88795c7,df82151ecbfbe570,50997558359dbe87,2804,200,GET,ts-basic-service
1650263401,ts-basic-service,2b035297726e82b5,9302650d96e33dd,50997558359dbe87,2073,200,GET,ts-basic-service
1650263401,ts-basic-service,df82151ecbfbe570,18a83ac41b1142f0,50997558359dbe87,5077,200,queryForStationId,ts-ticketinfo-service
1650263401,ts-basic-service,9302650d96e33dd,b473cba84532dec6,50997558359dbe87,3630,200,queryForStationId,ts-ticketinfo-service
1650263401,ts-ticketinfo-service,18a83ac41b1142f0,b73f54a7120c98d1,50997558359dbe87,6314,200,GET,ts-ticketinfo-service
1650263401,ts-ticketinfo-service,b473cba84532dec6,6ef66c3cee5efbc4,50997558359dbe87,3891,200,GET,ts-ticketinfo-service
1650263401,ts-verification-code-service,5acdeb261f25061c,,5acdeb261f25061c,2354,200,imageCode,no_parent
1650263401,ts-route-service,fb5e37c15aee7343,39b7cb5a3b7b5fb0,50997558359dbe87,1584,200,queryById,ts-travel-service
1650263401,ts-route-service,f5d24588239ad6be,98e30008d085bc30,50997558359dbe87,1837,200,queryById,ts-travel-service
1650263401,ts-station-service,bfce02ab82230857,2b035297726e82b5,50997558359dbe87,1470,200,queryForStationId,ts-basic-service
1650263401,ts-station-service,870b8e978069971e,3de694a1d88795c7,50997558359dbe87,1934,200,queryForStationId,ts-basic-service
1650263401,ts-travel-service,891370d3bfde7d,50997558359dbe87,50997558359dbe87,1643,200,GET,ts-travel-service
1650263401,ts-travel-service,39b7cb5a3b7b5fb0,50997558359dbe87,50997558359dbe87,1985,200,GET,ts-travel-service
1650263401,ts-route-service,e1eb80e1efcadd78,1d1aa80b64ae1113,50997558359dbe87,2294,200,queryById,ts-travel-service
1650263401,ts-route-service,50127f9679f457df,d7e1652a5d9be3df,50997558359dbe87,1427,200,queryById,ts-travel-service
1650263401,ts-route-service,e57c1f64e3fdb5ae,891370d3bfde7d,50997558359dbe87,1592,200,queryById,ts-travel-service
1650263401,ts-ticketinfo-service,6ef66c3cee5efbc4,52ef642d7d4fc491,50997558359dbe87,5591,200,queryForStationId,ts-travel-service
1650263401,ts-ticketinfo-service,b73f54a7120c98d1,7a0055535090f7d3,50997558359dbe87,7913,200,queryForStationId,ts-travel-service
1650263401,ts-travel-service,50997558359dbe87,,50997558359dbe87,33885,200,queryInfo,no_parent
1650263401,ts-travel-service,7a0055535090f7d3,50997558359dbe87,50997558359dbe87,9473,200,GET,ts-travel-service
1650263401,ts-order-service,713632b028b8fd04,,713632b028b8fd04,14665,200,queryOrdersForRefresh,no_parent
1650263401,ts-order-service,e01955f09e9808ee,713632b028b8fd04,713632b028b8fd04,12211,200,POST,ts-order-service
1650263401,ts-station-service,cc4d981b95430f5d,e01955f09e9808ee,713632b028b8fd04,11456,200,queryForNameBatch,ts-order-service
1650263401,ts-contacts-service,1e5bc7625abc293,,1e5bc7625abc293,2506,200,findContactsByAccountId,no_parent
1650263401,ts-assurance-service,991810da9b0e2ac,,991810da9b0e2ac,1333,200,getAllAssuranceType,no_parent
1650263461,ts-travel-service,de1252d45515bd95,afd22f28ec7ea917,afd22f28ec7ea917,1924,200,GET,ts-travel-service
1650263461,ts-travel-service,e81a137336f45d9c,afd22f28ec7ea917,afd22f28ec7ea917,2686,200,GET,ts-travel-service
1650263461,ts-route-service,9ea234332dbac7ee,e81a137336f45d9c,afd22f28ec7ea917,1846,200,queryById,ts-travel-service
1650263461,ts-assurance-service,8a0a7ec0832deae,,8a0a7ec0832deae,1030,200,getAllAssuranceType,no_parent
1650263461,ts-travel-service,cac28bf1e596e085,afd22f28ec7ea917,afd22f28ec7ea917,8209,200,GET,ts-travel-service
1650263461,ts-travel-service,7487d0ae1ecf531,afd22f28ec7ea917,afd22f28ec7ea917,2065,200,GET,ts-travel-service
1650263461,ts-order-other-service,a4e81a35d057d5eb,80cd02e6371f41da,438b7f766635ad8e,2819,200,securityInfoCheck,ts-security-service
1650263461,ts-security-service,da6dc4459e2dccb2,f006ce77bff4d097,438b7f766635ad8e,3915,200,GET,ts-security-service
1650263461,ts-security-service,f006ce77bff4d097,bde8d521dae836c6,438b7f766635ad8e,11144,200,check,ts-preserve-service
1650263461,ts-security-service,80cd02e6371f41da,f006ce77bff4d097,438b7f766635ad8e,3696,200,GET,ts-security-service
1650263461,ts-travel-service,2f531587b722e498,afd22f28ec7ea917,afd22f28ec7ea917,1876,200,GET,ts-travel-service
1650263461,ts-contacts-service,7367ad4c9057964c,2c52490621c11402,438b7f766635ad8e,1939,200,getContactsByContactsId,ts-preserve-service
1650263461,ts-travel-service,afd22f28ec7ea917,,afd22f28ec7ea917,32537,200,queryInfo,no_parent
1650263461,ts-travel-service,5b8841f9185b38ed,afd22f28ec7ea917,afd22f28ec7ea917,2093,200,GET,ts-travel-service
1650263461,ts-route-service,bd0e7785221ced7e,2f531587b722e498,afd22f28ec7ea917,1519,200,queryById,ts-travel-service
1650263461,ts-travel-service,a9e34ea2af68bd20,afd22f28ec7ea917,afd22f28ec7ea917,5926,200,GET,ts-travel-service
1650263461,ts-ticketinfo-service,2ad0b3129c717b21,3a5c84c4d3d98281,afd22f28ec7ea917,4998,200,GET,ts-ticketinfo-service
1650263461,ts-basic-service,2bee7eef49b73857,2e9b6758c8b8e47a,afd22f28ec7ea917,2322,200,GET,ts-basic-service
1650263461,ts-basic-service,4214465abd92e19d,8732a960ef4a8239,afd22f28ec7ea917,2196,200,GET,ts-basic-service
1650263461,ts-route-service,b6c3d0be85c52de4,de1252d45515bd95,afd22f28ec7ea917,1490,200,queryById,ts-travel-service
1650263461,ts-route-service,be3f6cd60739a9f7,5b8841f9185b38ed,afd22f28ec7ea917,1518,200,queryById,ts-travel-service
1650263461,ts-preserve-service,438b7f766635ad8e,,438b7f766635ad8e,17765,200,preserve,no_parent
1650263461,ts-order-service,1e8207793d8b1a36,da6dc4459e2dccb2,438b7f766635ad8e,2877,200,securityInfoCheck,ts-security-service
1650263461,ts-ticketinfo-service,bcc80cc97c6c5db8,a9e34ea2af68bd20,afd22f28ec7ea917,5609,200,queryForStationId,ts-travel-service
1650263461,ts-route-service,c0ffb09b218fcfe6,7487d0ae1ecf531,afd22f28ec7ea917,1972,200,queryById,ts-travel-service
1650263461,ts-station-service,f3836b8b7beb777a,4214465abd92e19d,afd22f28ec7ea917,1467,200,queryForStationId,ts-basic-service
1650263461,ts-station-service,ea92fa94fdad00b,2bee7eef49b73857,afd22f28ec7ea917,1636,200,queryForStationId,ts-basic-service
1650263461,ts-preserve-service,bde8d521dae836c6,438b7f766635ad8e,438b7f766635ad8e,12516,200,GET,ts-preserve-service
1650263461,ts-preserve-service,2c52490621c11402,438b7f766635ad8e,438b7f766635ad8e,2733,200,GET,ts-preserve-service
1650263461,ts-order-service,1189b618a4ec97ac,,1189b618a4ec97ac,8829,200,queryOrdersForRefresh,no_parent
1650263461,ts-basic-service,8732a960ef4a8239,edafa2760f0fc8d6,afd22f28ec7ea917,3659,200,queryForStationId,ts-ticketinfo-service
1650263461,ts-basic-service,2e9b6758c8b8e47a,2ad0b3129c717b21,afd22f28ec7ea917,3946,200,queryForStationId,ts-ticketinfo-service
1650263461,ts-ticketinfo-service,edafa2760f0fc8d6,bcc80cc97c6c5db8,afd22f28ec7ea917,4099,200,GET,ts-ticketinfo-service
1650263461,ts-ticketinfo-service,3a5c84c4d3d98281,cac28bf1e596e085,afd22f28ec7ea917,7023,200,queryForStationId,ts-travel-service
1650263461,ts-order-service,b4fd58afd039c310,1189b618a4ec97ac,1189b618a4ec97ac,6155,200,POST,ts-order-service
1650263461,ts-station-service,9c17e3f70e1c9dd5,b4fd58afd039c310,1189b618a4ec97ac,4907,200,queryForNameBatch,ts-order-service
1650263461,ts-contacts-service,2e695634b4bff239,,2e695634b4bff239,2495,200,findContactsByAccountId,no_parent
1650263461,ts-verification-code-service,99b84543f04d0223,77aa4676469ee9a1,43fe302fa453a3a,1485,200,verifyCode,ts-auth-service
1650263461,ts-auth-service,43fe302fa453a3a,,43fe302fa453a3a,125160,200,getToken,no_parent
1650263461,ts-auth-service,77aa4676469ee9a1,43fe302fa453a3a,43fe302fa453a3a,2820,200,GET,ts-auth-service
1650263461,ts-verification-code-service,6b3a81b4c4704a65,,6b3a81b4c4704a65,2309,200,imageCode,no_parent
1650263521,ts-order-service,8da5b9ceaca402d4,93529aab207517e0,342c9f901a27732e,2968,200,securityInfoCheck,ts-security-service
1650263521,ts-preserve-service,342c9f901a27732e,,342c9f901a27732e,16815,200,preserve,no_parent
1650263521,ts-preserve-service,49d1c1dfa435a102,342c9f901a27732e,342c9f901a27732e,2459,200,GET,ts-preserve-service
1650263521,ts-order-service,7902ade8e9558ffe,16358d8b84316e9c,16358d8b84316e9c,6071,200,POST,ts-order-service
1650263521,ts-security-service,a3bca9e522215a54,5eea19ba5803525c,342c9f901a27732e,3607,200,GET,ts-security-service
1650263521,ts-security-service,93529aab207517e0,5eea19ba5803525c,342c9f901a27732e,4018,200,GET,ts-security-service
1650263521,ts-contacts-service,6090d3e1a1371c3c,49d1c1dfa435a102,342c9f901a27732e,1626,200,getContactsByContactsId,ts-preserve-service
1650263521,ts-order-other-service,9d652c4943025708,a3bca9e522215a54,342c9f901a27732e,2709,200,securityInfoCheck,ts-security-service
1650263521,ts-preserve-service,5fe8194b1bf3020,342c9f901a27732e,342c9f901a27732e,12178,200,GET,ts-preserve-service
1650263521,ts-security-service,5eea19ba5803525c,5fe8194b1bf3020,342c9f901a27732e,11038,200,check,ts-preserve-service
1650263521,ts-order-service,16358d8b84316e9c,,16358d8b84316e9c,8632,200,queryOrdersForRefresh,no_parent
1650263521,ts-station-service,36a96b1c0ff24bc7,7902ade8e9558ffe,16358d8b84316e9c,5074,200,queryForNameBatch,ts-order-service
1650263521,ts-contacts-service,eda016726d7aa9b4,,eda016726d7aa9b4,2136,200,findContactsByAccountId,no_parent
1650263521,ts-verification-code-service,7f84077bb06996,eee335a5fd91c486,e3d6d81a23a3e4ce,1406,200,verifyCode,ts-auth-service
1650263521,ts-auth-service,e3d6d81a23a3e4ce,,e3d6d81a23a3e4ce,129196,200,getToken,no_parent
1650263521,ts-auth-service,eee335a5fd91c486,e3d6d81a23a3e4ce,e3d6d81a23a3e4ce,2584,200,GET,ts-auth-service
1650263521,ts-verification-code-service,ac8ddc51d369732c,,ac8ddc51d369732c,2304,200,imageCode,no_parent
1650263522,ts-travel-service,6d309fbf1a27fe85,b719db0439194058,b719db0439194058,4424,200,GET,ts-travel-service
1650263522,ts-travel-service,86022260caddd8a0,b719db0439194058,b719db0439194058,5599,200,GET,ts-travel-service
1650263522,ts-travel-service,4f06312cd38804cd,b719db0439194058,b719db0439194058,2141,200,GET,ts-travel-service
1650263522,ts-travel-service,c3bbc7eb9ecba66a,b719db0439194058,b719db0439194058,9132,200,GET,ts-travel-service
1650263522,ts-ticketinfo-service,24ac30a58ec8ec95,f178f169bce9f319,b719db0439194058,5828,200,GET,ts-ticketinfo-service
1650263522,ts-ticketinfo-service,6eb2d8601a1031a6,86022260caddd8a0,b719db0439194058,5260,200,queryForStationId,ts-travel-service
1650263522,ts-ticketinfo-service,f178f169bce9f319,c3bbc7eb9ecba66a,b719db0439194058,7708,200,queryForStationId,ts-travel-service
1650263522,ts-ticketinfo-service,b4ab81b69c72f6a,6eb2d8601a1031a6,b719db0439194058,3846,200,GET,ts-ticketinfo-service
1650263522,ts-basic-service,c6c9a82197645e29,52017b0b75087efb,b719db0439194058,1878,200,GET,ts-basic-service
1650263522,ts-basic-service,52017b0b75087efb,b4ab81b69c72f6a,b719db0439194058,3332,200,queryForStationId,ts-ticketinfo-service
1650263522,ts-station-service,9d41d78959b60e20,cfa8f278b0a46137,b719db0439194058,1958,200,queryForStationId,ts-basic-service
1650263522,ts-station-service,5e78a66596383371,c6c9a82197645e29,b719db0439194058,1464,200,queryForStationId,ts-basic-service
1650263522,ts-basic-service,cfa8f278b0a46137,41c5ce1b37e50b01,b719db0439194058,2803,200,GET,ts-basic-service
1650263522,ts-basic-service,41c5ce1b37e50b01,24ac30a58ec8ec95,b719db0439194058,4944,200,queryForStationId,ts-ticketinfo-service
1650263522,ts-route-service,c5d236f47ba441e8,e44d8536a05f80b9,b719db0439194058,1440,200,queryById,ts-travel-service
1650263522,ts-route-service,32dd7258ed1aa532,60dc878ef2d818b0,b719db0439194058,16866,200,queryById,ts-travel-service
1650263522,ts-route-service,49660065508b9d67,ad341bd624084799,b719db0439194058,1446,200,queryById,ts-travel-service
1650263522,ts-route-service,9bdc3ce198f11c92,6d309fbf1a27fe85,b719db0439194058,1617,200,queryById,ts-travel-service
1650263522,ts-assurance-service,713500438088ff63,,713500438088ff63,1385,200,getAllAssuranceType,no_parent
1650263522,ts-travel-service,ad341bd624084799,b719db0439194058,b719db0439194058,1505,200,GET,ts-travel-service
1650263522,ts-travel-service,60dc878ef2d818b0,b719db0439194058,b719db0439194058,17775,200,GET,ts-travel-service
1650263522,ts-travel-service,b719db0439194058,,b719db0439194058,50492,200,queryInfo,no_parent
1650263522,ts-travel-service,e44d8536a05f80b9,b719db0439194058,b719db0439194058,2402,200,GET,ts-travel-service
1650263522,ts-route-service,587f4b77fedda275,4f06312cd38804cd,b719db0439194058,1855,200,queryById,ts-travel-service
1650263582,ts-travel-service,d9ceb079b5ecf39f,5e626aee92e46b21,5e626aee92e46b21,2934,200,GET,ts-travel-service
1650263582,ts-travel-service,2b6332ce0821ac9f,5e626aee92e46b21,5e626aee92e46b21,1479,200,GET,ts-travel-service
1650263582,ts-travel-service,3a8489400676178a,5e626aee92e46b21,5e626aee92e46b21,5649,200,GET,ts-travel-service
1650263582,ts-travel-service,c58ef627e051d380,5e626aee92e46b21,5e626aee92e46b21,2173,200,GET,ts-travel-service
1650263582,ts-travel-service,83ac607db472f7b9,5e626aee92e46b21,5e626aee92e46b21,1443,200,GET,ts-travel-service
1650263582,ts-travel-service,9b6f29745a6b8250,5e626aee92e46b21,5e626aee92e46b21,1520,200,GET,ts-travel-service
1650263582,ts-travel-service,5e626aee92e46b21,,5e626aee92e46b21,35145,200,queryInfo,no_parent
1650263582,ts-route-service,68d7cc35a7495cb3,d9ceb079b5ecf39f,5e626aee92e46b21,2106,200,queryById,ts-travel-service
1650263582,ts-route-service,a7402822c9e2bed0,2b6332ce0821ac9f,5e626aee92e46b21,1405,200,queryById,ts-travel-service
1650263582,ts-route-service,95a15cf0802cc0ec,9b6f29745a6b8250,5e626aee92e46b21,1462,200,queryById,ts-travel-service
1650263582,ts-route-service,e994fd0a005b904e,c58ef627e051d380,5e626aee92e46b21,1880,200,queryById,ts-travel-service
1650263582,ts-route-service,5a3405cefa8cff37,83ac607db472f7b9,5e626aee92e46b21,1380,200,queryById,ts-travel-service
1650263582,ts-station-service,b0ce49c26c6cf09d,5116e6e55ddd5e8d,5e626aee92e46b21,1289,200,queryForStationId,ts-basic-service
1650263582,ts-station-service,49553ed1948bd62e,fc3b8214c8f13c2a,5e626aee92e46b21,1400,200,queryForStationId,ts-basic-service
1650263582,ts-verification-code-service,9d1deba8fa873156,b736f87a39ab9f64,6cee4cf3f91373d9,1583,200,verifyCode,ts-auth-service
1650263582,ts-contacts-service,b0f18f87daaa777a,1e92fd9d3ffded9f,9e594715098c51f1,1595,200,getContactsByContactsId,ts-preserve-service
1650263582,ts-preserve-service,222cbb9d583e6607,9e594715098c51f1,9e594715098c51f1,11851,200,GET,ts-preserve-service
1650263582,ts-auth-service,6cee4cf3f91373d9,,6cee4cf3f91373d9,125606,200,getToken,no_parent
1650263582,ts-auth-service,b736f87a39ab9f64,6cee4cf3f91373d9,6cee4cf3f91373d9,2844,200,GET,ts-auth-service
1650263582,ts-preserve-service,1e92fd9d3ffded9f,9e594715098c51f1,9e594715098c51f1,2560,200,GET,ts-preserve-service
1650263582,ts-ticketinfo-service,f1b12ca1246bbeca,88bfc8d170f3cde4,5e626aee92e46b21,6811,200,queryForStationId,ts-travel-service
1650263582,ts-ticketinfo-service,99e4bcf5606f1fe7,6efe5e990b570f64,5e626aee92e46b21,3783,200,GET,ts-ticketinfo-service
1650263582,ts-ticketinfo-service,7ae99fd3af9bd542,f1b12ca1246bbeca,5e626aee92e46b21,4646,200,GET,ts-ticketinfo-service
1650263582,ts-ticketinfo-service,6efe5e990b570f64,3a8489400676178a,5e626aee92e46b21,5354,200,queryForStationId,ts-travel-service
1650263582,ts-travel-service,88bfc8d170f3cde4,5e626aee92e46b21,5e626aee92e46b21,7817,200,GET,ts-travel-service
1650263582,ts-security-service,4970ea8b852a1587,1ecbb888603b1b3,9e594715098c51f1,3723,200,GET,ts-security-service
1650263582,ts-security-service,1ecbb888603b1b3,222cbb9d583e6607,9e594715098c51f1,10725,200,check,ts-preserve-service
1650263582,ts-preserve-service,9e594715098c51f1,,9e594715098c51f1,16836,200,preserve,no_parent
1650263582,ts-order-service,6c1a59b0b17ba738,9098ce42ab0263c7,9e594715098c51f1,2845,200,securityInfoCheck,ts-security-service
1650263582,ts-order-other-service,d2aa22176dda3569,4970ea8b852a1587,9e594715098c51f1,2764,200,securityInfoCheck,ts-security-service
1650263582,ts-security-service,9098ce42ab0263c7,1ecbb888603b1b3,9e594715098c51f1,3873,200,GET,ts-security-service
1650263582,ts-assurance-service,ba6b812814f2535e,,ba6b812814f2535e,1047,200,getAllAssuranceType,no_parent
1650263582,ts-station-service,70a9fc3535145699,918f9aaddde444f5,25543587e6f7cf99,5066,200,queryForNameBatch,ts-order-service
1650263582,ts-order-service,918f9aaddde444f5,25543587e6f7cf99,25543587e6f7cf99,6130,200,POST,ts-order-service
1650263582,ts-order-service,25543587e6f7cf99,,25543587e6f7cf99,8400,200,queryOrdersForRefresh,no_parent
1650263582,ts-basic-service,3ed2c593787f6626,7ae99fd3af9bd542,5e626aee92e46b21,3851,200,queryForStationId,ts-ticketinfo-service
1650263582,ts-basic-service,cdb28f5c762dbf1,99e4bcf5606f1fe7,5e626aee92e46b21,3350,200,queryForStationId,ts-ticketinfo-service
1650263582,ts-basic-service,5116e6e55ddd5e8d,3ed2c593787f6626,5e626aee92e46b21,2014,200,GET,ts-basic-service
1650263582,ts-basic-service,fc3b8214c8f13c2a,cdb28f5c762dbf1,5e626aee92e46b21,1816,200,GET,ts-basic-service
1650263582,ts-contacts-service,8acd705e0e9eaf6e,,8acd705e0e9eaf6e,2608,200,findContactsByAccountId,no_parent
1650263582,ts-verification-code-service,ce9d3db2fc2f6569,,ce9d3db2fc2f6569,1808,200,imageCode,no_parent
1650263642,ts-route-service,5449225ad07c3c1f,8bb68de577a2b984,c8dfced0675fa560,1514,200,queryById,ts-travel-service
1650263642,ts-route-service,3e5f353fc66758e,8b4bc7993516274a,c8dfced0675fa560,1476,200,queryById,ts-travel-service
1650263642,ts-route-service,b955e445871f5ba8,f38d855a9779f53f,c8dfced0675fa560,1481,200,queryById,ts-travel-service
1650263642,ts-route-service,636a7cd8e11a3338,50b2a195f86e0d06,c8dfced0675fa560,1391,200,queryById,ts-travel-service
1650263642,ts-station-service,a3d56ad81a13d42c,138e4326f244c2e5,c8dfced0675fa560,1661,200,queryForStationId,ts-basic-service
1650263642,ts-travel-service,50b2a195f86e0d06,c8dfced0675fa560,c8dfced0675fa560,1484,200,GET,ts-travel-service
1650263642,ts-route-service,5d982f6b5ca36395,6925a4c4a91ec026,c8dfced0675fa560,2059,200,queryById,ts-travel-service
1650263642,ts-station-service,fbc2f2d9003dafce,7f82caceed786b9f,c8dfced0675fa560,1421,200,queryForStationId,ts-basic-service
1650263642,ts-basic-service,16ec5d4a262669ea,9eeb4c1eb83fddf0,c8dfced0675fa560,3314,200,queryForStationId,ts-ticketinfo-service
1650263642,ts-basic-service,138e4326f244c2e5,588772506cab1619,c8dfced0675fa560,2539,200,GET,ts-basic-service
1650263642,ts-basic-service,588772506cab1619,a966873620191b07,c8dfced0675fa560,4531,200,queryForStationId,ts-ticketinfo-service
1650263642,ts-basic-service,7f82caceed786b9f,16ec5d4a262669ea,c8dfced0675fa560,1819,200,GET,ts-basic-service
1650263642,ts-preserve-service,e65adebbfb81dee1,,e65adebbfb81dee1,17824,200,preserve,no_parent
1650263642,ts-order-service,ef3401c919c79a7c,85f964c85963b6d8,e65adebbfb81dee1,2978,200,securityInfoCheck,ts-security-service
1650263642,ts-order-other-service,84f23ca94e2b8486,76510e8141eed7f9,e65adebbfb81dee1,2809,200,securityInfoCheck,ts-security-service
1650263642,ts-security-service,85f964c85963b6d8,472864b7a2d6b275,e65adebbfb81dee1,3931,200,GET,ts-security-service
1650263642,ts-security-service,76510e8141eed7f9,472864b7a2d6b275,e65adebbfb81dee1,3641,200,GET,ts-security-service
1650263642,ts-security-service,472864b7a2d6b275,b2f9318f7ede8031,e65adebbfb81dee1,10904,200,check,ts-preserve-service
1650263642,ts-contacts-service,d1ae2e36f81e2d38,5d7856ee000f7949,e65adebbfb81dee1,1934,200,getContactsByContactsId,ts-preserve-service
1650263642,ts-preserve-service,b2f9318f7ede8031,e65adebbfb81dee1,e65adebbfb81dee1,12119,200,GET,ts-preserve-service
1650263642,ts-preserve-service,5d7856ee000f7949,e65adebbfb81dee1,e65adebbfb81dee1,3174,200,GET,ts-preserve-service
1650263642,ts-travel-service,aee626b4ea0f2c61,c8dfced0675fa560,c8dfced0675fa560,8032,200,GET,ts-travel-service
1650263642,ts-travel-service,c2dba18a8046df5c,c8dfced0675fa560,c8dfced0675fa560,5699,200,GET,ts-travel-service
1650263642,ts-travel-service,6925a4c4a91ec026,c8dfced0675fa560,c8dfced0675fa560,2874,200,GET,ts-travel-service
1650263642,ts-ticketinfo-service,1a58dbfa6dc9badb,c2dba18a8046df5c,c8dfced0675fa560,5436,200,queryForStationId,ts-travel-service
1650263642,ts-ticketinfo-service,9eeb4c1eb83fddf0,1a58dbfa6dc9badb,c8dfced0675fa560,4082,200,GET,ts-ticketinfo-service
1650263642,ts-ticketinfo-service,b4588246f68e73b0,aee626b4ea0f2c61,c8dfced0675fa560,6983,200,queryForStationId,ts-travel-service
1650263642,ts-travel-service,f38d855a9779f53f,c8dfced0675fa560,c8dfced0675fa560,1745,200,GET,ts-travel-service
1650263642,ts-travel-service,8bb68de577a2b984,c8dfced0675fa560,c8dfced0675fa560,1582,200,GET,ts-travel-service
1650263642,ts-travel-service,8b4bc7993516274a,c8dfced0675fa560,c8dfced0675fa560,1539,200,GET,ts-travel-service
1650263642,ts-ticketinfo-service,a966873620191b07,b4588246f68e73b0,c8dfced0675fa560,5376,200,GET,ts-ticketinfo-service
1650263642,ts-travel-service,c8dfced0675fa560,,c8dfced0675fa560,30007,200,queryInfo,no_parent
1650263642,ts-verification-code-service,e1f2c33f3578b82a,,e1f2c33f3578b82a,2190,200,imageCode,no_parent
1650263642,ts-auth-service,915c1b3f74110fd4,ef941aaaad0d57bb,ef941aaaad0d57bb,2828,200,GET,ts-auth-service
1650263642,ts-auth-service,ef941aaaad0d57bb,,ef941aaaad0d57bb,125261,200,getToken,no_parent
1650263642,ts-verification-code-service,872d21931651fa49,915c1b3f74110fd4,ef941aaaad0d57bb,1400,200,verifyCode,ts-auth-service
1650263642,ts-station-service,f444d861b7d626d4,6a24183fbb8f19a4,33e93c9364bed06,5167,200,queryForNameBatch,ts-order-service
1650263642,ts-order-service,6a24183fbb8f19a4,33e93c9364bed06,33e93c9364bed06,6316,200,POST,ts-order-service
1650263642,ts-order-service,33e93c9364bed06,,33e93c9364bed06,8555,200,queryOrdersForRefresh,no_parent
1650263642,ts-contacts-service,4cbc1d7bbf52cd8,,4cbc1d7bbf52cd8,2284,200,findContactsByAccountId,no_parent
1650263642,ts-assurance-service,d3579c9466695c87,,d3579c9466695c87,1309,200,getAllAssuranceType,no_parent
1650263702,ts-route-service,c25effcc04910db9,8517e11175c8d4cb,797500f4c31a81bb,1482,200,queryById,ts-travel-service
1650263702,ts-contacts-service,86333e54294f0eb4,867f90ac231ece95,3eeabba9a4d98a9e,1876,200,getContactsByContactsId,ts-preserve-service
1650263702,ts-security-service,d62e5ccca653cd4a,9f5913ce40263d59,3eeabba9a4d98a9e,11214,200,check,ts-preserve-service
1650263702,ts-ticketinfo-service,aa5c985d4b506f14,89c4df348573f747,797500f4c31a81bb,4984,200,queryForStationId,ts-travel-service
1650263702,ts-ticketinfo-service,21f50338f56d3c8b,aa5c985d4b506f14,797500f4c31a81bb,3693,200,GET,ts-ticketinfo-service
1650263702,ts-travel-service,c9f563845522b19f,797500f4c31a81bb,797500f4c31a81bb,8680,200,GET,ts-travel-service
1650263702,ts-travel-service,89c4df348573f747,797500f4c31a81bb,797500f4c31a81bb,5288,200,GET,ts-travel-service
1650263702,ts-travel-service,bb4c890b0313afa9,797500f4c31a81bb,797500f4c31a81bb,1563,200,GET,ts-travel-service
1650263702,ts-travel-service,3c4db85685a95362,797500f4c31a81bb,797500f4c31a81bb,1465,200,GET,ts-travel-service
1650263702,ts-travel-service,f0dfab0c04267d82,797500f4c31a81bb,797500f4c31a81bb,3394,200,GET,ts-travel-service
1650263702,ts-travel-service,113b8f551527a9cd,797500f4c31a81bb,797500f4c31a81bb,1883,200,GET,ts-travel-service
1650263702,ts-travel-service,8517e11175c8d4cb,797500f4c31a81bb,797500f4c31a81bb,1624,200,GET,ts-travel-service
1650263702,ts-station-service,8da442ee5f8d961c,863d4cb356afd641,797500f4c31a81bb,1682,200,queryForStationId,ts-basic-service
1650263702,ts-basic-service,863d4cb356afd641,3e7c77d94b9f5794,797500f4c31a81bb,2471,200,GET,ts-basic-service
1650263702,ts-basic-service,a7aaae74f35bca4b,4be55abd184c98c6,797500f4c31a81bb,1824,200,GET,ts-basic-service
1650263702,ts-travel-service,797500f4c31a81bb,,797500f4c31a81bb,31260,200,queryInfo,no_parent
1650263702,ts-basic-service,3e7c77d94b9f5794,72f2cc95b96ca62a,797500f4c31a81bb,4656,200,queryForStationId,ts-ticketinfo-service
1650263702,ts-ticketinfo-service,72f2cc95b96ca62a,7bf51d0fd3dc2b04,797500f4c31a81bb,5867,200,GET,ts-ticketinfo-service
1650263702,ts-ticketinfo-service,7bf51d0fd3dc2b04,c9f563845522b19f,797500f4c31a81bb,7499,200,queryForStationId,ts-travel-service
1650263702,ts-route-service,221d33556a4fa3cd,f0dfab0c04267d82,797500f4c31a81bb,2128,200,queryById,ts-travel-service
1650263702,ts-route-service,a100866eca14bd68,bb4c890b0313afa9,797500f4c31a81bb,1276,200,queryById,ts-travel-service
1650263702,ts-route-service,b22aeeaf0c8766cc,3c4db85685a95362,797500f4c31a81bb,1391,200,queryById,ts-travel-service
1650263702,ts-verification-code-service,eb8cabe428c17cfb,e545b3d7bb848105,5d52d5d5993f8ad1,1427,200,verifyCode,ts-auth-service
1650263702,ts-auth-service,5d52d5d5993f8ad1,,5d52d5d5993f8ad1,125332,200,getToken,no_parent
1650263702,ts-auth-service,e545b3d7bb848105,5d52d5d5993f8ad1,5d52d5d5993f8ad1,2618,200,GET,ts-auth-service
1650263702,ts-basic-service,4be55abd184c98c6,21f50338f56d3c8b,797500f4c31a81bb,3290,200,queryForStationId,ts-ticketinfo-service
1650263702,ts-route-service,b0d8008d47431702,113b8f551527a9cd,797500f4c31a81bb,1510,200,queryById,ts-travel-service
1650263702,ts-security-service,691b5d2aaeb5b4b3,d62e5ccca653cd4a,3eeabba9a4d98a9e,4002,200,GET,ts-security-service
1650263702,ts-security-service,279797531e74335a,d62e5ccca653cd4a,3eeabba9a4d98a9e,3903,200,GET,ts-security-service
1650263702,ts-station-service,1105edea9919cfbb,a7aaae74f35bca4b,797500f4c31a81bb,1438,200,queryForStationId,ts-basic-service
1650263702,ts-order-other-service,36c3dffba864e5d8,279797531e74335a,3eeabba9a4d98a9e,2772,200,securityInfoCheck,ts-security-service
1650263702,ts-contacts-service,c06a6b83abbc8b41,,c06a6b83abbc8b41,2322,200,findContactsByAccountId,no_parent
1650263702,ts-preserve-service,867f90ac231ece95,3eeabba9a4d98a9e,3eeabba9a4d98a9e,2832,200,GET,ts-preserve-service
1650263702,ts-order-service,7d8a10f9aed2869b,691b5d2aaeb5b4b3,3eeabba9a4d98a9e,2971,200,securityInfoCheck,ts-security-service
1650263702,ts-station-service,26e8987362be5c59,9c7680572a530f32,3530635f27145617,5205,200,queryForNameBatch,ts-order-service
1650263702,ts-preserve-service,3eeabba9a4d98a9e,,3eeabba9a4d98a9e,17621,200,preserve,no_parent
1650263702,ts-preserve-service,9f5913ce40263d59,3eeabba9a4d98a9e,3eeabba9a4d98a9e,12286,200,GET,ts-preserve-service
1650263702,ts-order-service,3530635f27145617,,3530635f27145617,8757,200,queryOrdersForRefresh,no_parent
1650263702,ts-order-service,9c7680572a530f32,3530635f27145617,3530635f27145617,6665,200,POST,ts-order-service
1650263702,ts-verification-code-service,cc14139ef9f34052,,cc14139ef9f34052,2218,200,imageCode,no_parent
1650263702,ts-assurance-service,36dba37b8aada608,,36dba37b8aada608,1319,200,getAllAssuranceType,no_parent
1650263763,ts-station-service,49893c4a27f467d4,6ead45d25d0ff273,d8aec2ddcf3f61db,1761,200,queryForStationId,ts-basic-service
1650263763,ts-route-service,50a3a88821c6c8be,880ca0eed18324e1,d8aec2ddcf3f61db,1453,200,queryById,ts-travel-service
1650263763,ts-ticketinfo-service,62d9485cced959cc,fcf08dff46460a67,d8aec2ddcf3f61db,3947,200,GET,ts-ticketinfo-service
1650263763,ts-travel-service,fccbe0af6dfa50da,d8aec2ddcf3f61db,d8aec2ddcf3f61db,8345,200,GET,ts-travel-service
1650263763,ts-route-service,a725bc9064f15f04,6c751573fe8e2d9d,d8aec2ddcf3f61db,1442,200,queryById,ts-travel-service
1650263763,ts-basic-service,f0d7b51aa1d1d98b,c236498820db6ad7,d8aec2ddcf3f61db,1819,200,GET,ts-basic-service
1650263763,ts-route-service,193b3fdcea180037,f5b7868c075c89d0,d8aec2ddcf3f61db,1461,200,queryById,ts-travel-service
1650263763,ts-route-service,74f0a24bd5cd44b5,ce68eff6cb73584c,d8aec2ddcf3f61db,1485,200,queryById,ts-travel-service
1650263763,ts-basic-service,d2eeff714324fb11,46383e0b6d61e2c1,d8aec2ddcf3f61db,4449,200,queryForStationId,ts-ticketinfo-service
1650263763,ts-basic-service,c236498820db6ad7,62d9485cced959cc,d8aec2ddcf3f61db,3209,200,queryForStationId,ts-ticketinfo-service
1650263763,ts-travel-service,6c751573fe8e2d9d,d8aec2ddcf3f61db,d8aec2ddcf3f61db,1866,200,GET,ts-travel-service
1650263763,ts-travel-service,94b56e3e74cb7876,d8aec2ddcf3f61db,d8aec2ddcf3f61db,3035,200,GET,ts-travel-service
1650263763,ts-route-service,e63fb6e027e09627,94b56e3e74cb7876,d8aec2ddcf3f61db,2187,200,queryById,ts-travel-service
1650263763,ts-basic-service,6ead45d25d0ff273,d2eeff714324fb11,d8aec2ddcf3f61db,2864,200,GET,ts-basic-service
1650263763,ts-ticketinfo-service,803c27fbe733138d,fccbe0af6dfa50da,d8aec2ddcf3f61db,6809,200,queryForStationId,ts-travel-service
1650263763,ts-ticketinfo-service,fcf08dff46460a67,aeff6b9c13f23ab1,d8aec2ddcf3f61db,5159,200,queryForStationId,ts-travel-service
1650263763,ts-preserve-service,d83b3d9d6fededac,3620a64151f4171f,3620a64151f4171f,12625,200,GET,ts-preserve-service
1650263763,ts-order-service,ade4f887728da0ef,c9dd865e6cfb2923,3620a64151f4171f,2886,200,securityInfoCheck,ts-security-service
1650263763,ts-contacts-service,ecb4394a576292bb,23438720d5f0ebe6,3620a64151f4171f,1896,200,getContactsByContactsId,ts-preserve-service
1650263763,ts-order-service,ee41cbfe82149412,,ee41cbfe82149412,8381,200,queryOrdersForRefresh,no_parent
1650263763,ts-order-service,57338b6451ba4ace,ee41cbfe82149412,ee41cbfe82149412,6108,200,POST,ts-order-service
1650263763,ts-station-service,caaa91f904989624,57338b6451ba4ace,ee41cbfe82149412,4888,200,queryForNameBatch,ts-order-service
1650263763,ts-preserve-service,23438720d5f0ebe6,3620a64151f4171f,3620a64151f4171f,2876,200,GET,ts-preserve-service
1650263763,ts-travel-service,aeff6b9c13f23ab1,d8aec2ddcf3f61db,d8aec2ddcf3f61db,5486,200,GET,ts-travel-service
1650263763,ts-travel-service,d8aec2ddcf3f61db,,d8aec2ddcf3f61db,32111,200,queryInfo,no_parent
1650263763,ts-travel-service,880ca0eed18324e1,d8aec2ddcf3f61db,d8aec2ddcf3f61db,1883,200,GET,ts-travel-service
1650263763,ts-station-service,437fea57645a3c6c,f0d7b51aa1d1d98b,d8aec2ddcf3f61db,1458,200,queryForStationId,ts-basic-service
1650263763,ts-ticketinfo-service,46383e0b6d61e2c1,803c27fbe733138d,d8aec2ddcf3f61db,5130,200,GET,ts-ticketinfo-service
1650263763,ts-travel-service,ce68eff6cb73584c,d8aec2ddcf3f61db,d8aec2ddcf3f61db,1681,200,GET,ts-travel-service
1650263763,ts-travel-service,f5b7868c075c89d0,d8aec2ddcf3f61db,d8aec2ddcf3f61db,1543,200,GET,ts-travel-service
1650263763,ts-assurance-service,99b9d8950bf98d2b,,99b9d8950bf98d2b,1078,200,getAllAssuranceType,no_parent
1650263763,ts-preserve-service,3620a64151f4171f,,3620a64151f4171f,18323,200,preserve,no_parent
1650263763,ts-order-other-service,c50d271a4c469979,2aafadfd78e66be4,3620a64151f4171f,2865,200,securityInfoCheck,ts-security-service
1650263763,ts-security-service,c9dd865e6cfb2923,ba67ab0ff8d7384a,3620a64151f4171f,3938,200,GET,ts-security-service
1650263763,ts-security-service,2aafadfd78e66be4,ba67ab0ff8d7384a,3620a64151f4171f,3721,200,GET,ts-security-service
1650263763,ts-security-service,ba67ab0ff8d7384a,d83b3d9d6fededac,3620a64151f4171f,11329,200,check,ts-preserve-service
1650263763,ts-contacts-service,ccc6e79ff8840220,,ccc6e79ff8840220,2602,200,findContactsByAccountId,no_parent
1650263763,ts-auth-service,72a0c231d1f911f4,,72a0c231d1f911f4,125517,200,getToken,no_parent
1650263763,ts-verification-code-service,ada99263f67310bf,512f91afee759734,72a0c231d1f911f4,1471,200,verifyCode,ts-auth-service
1650263763,ts-auth-service,512f91afee759734,72a0c231d1f911f4,72a0c231d1f911f4,2745,200,GET,ts-auth-service
1650263763,ts-verification-code-service,6edef1035f24c663,,6edef1035f24c663,2414,200,imageCode,no_parent
1650263823,ts-verification-code-service,4fbd80fd14eb8df3,e3fab55fe3585037,d659ba41bf155d13,1432,200,verifyCode,ts-auth-service
1650263823,ts-auth-service,e3fab55fe3585037,d659ba41bf155d13,d659ba41bf155d13,3116,200,GET,ts-auth-service
1650263823,ts-auth-service,d659ba41bf155d13,,d659ba41bf155d13,125754,200,getToken,no_parent
1650263823,ts-station-service,4baa475e2a080a19,d2670b421d38ced9,5f606cf9c6d440ac,1414,200,queryForStationId,ts-basic-service
1650263823,ts-travel-service,9d43b2a78ac6b18e,5f606cf9c6d440ac,5f606cf9c6d440ac,1539,200,GET,ts-travel-service
1650263823,ts-travel-service,7fda90db8dcf14f3,5f606cf9c6d440ac,5f606cf9c6d440ac,1819,200,GET,ts-travel-service
1650263823,ts-travel-service,60682e2809e9eb3f,5f606cf9c6d440ac,5f606cf9c6d440ac,1497,200,GET,ts-travel-service
1650263823,ts-travel-service,5f606cf9c6d440ac,,5f606cf9c6d440ac,31144,200,queryInfo,no_parent
1650263823,ts-route-service,8a07c2dbab2b5e78,60682e2809e9eb3f,5f606cf9c6d440ac,1413,200,queryById,ts-travel-service
1650263823,ts-route-service,6e1138ff69baa022,cb23d0f2a9e6e7ca,5f606cf9c6d440ac,1500,200,queryById,ts-travel-service
1650263823,ts-ticketinfo-service,2fc54749dd9bcc2e,7c90a60e28521037,5f606cf9c6d440ac,5584,200,queryForStationId,ts-travel-service
1650263823,ts-ticketinfo-service,c9ea42b54293c906,c60a4c8355c30522,5f606cf9c6d440ac,5033,200,GET,ts-ticketinfo-service
1650263823,ts-ticketinfo-service,c60a4c8355c30522,bf0b6712f242d6d1,5f606cf9c6d440ac,7065,200,queryForStationId,ts-travel-service
1650263823,ts-ticketinfo-service,cb75fe0f4e1ad535,2fc54749dd9bcc2e,5f606cf9c6d440ac,4016,200,GET,ts-ticketinfo-service
1650263823,ts-route-service,309671bf6227af3e,7fda90db8dcf14f3,5f606cf9c6d440ac,1448,200,queryById,ts-travel-service
1650263823,ts-station-service,ea288e3ee4a398e2,6f005db315198dd0,5f606cf9c6d440ac,1615,200,queryForStationId,ts-basic-service
1650263823,ts-security-service,a230bb521f713a78,9ec8f8127773613c,8db18880c9d93755,3582,200,GET,ts-security-service
1650263823,ts-security-service,9ec8f8127773613c,63cdacf8bb05149,8db18880c9d93755,10527,200,check,ts-preserve-service
1650263823,ts-contacts-service,24c078262832b0e9,,24c078262832b0e9,2805,200,findContactsByAccountId,no_parent
1650263823,ts-contacts-service,a2a3eb94a5c56180,e3bcf558509dfa3c,8db18880c9d93755,1752,200,getContactsByContactsId,ts-preserve-service
1650263823,ts-route-service,ef97d7ebd3be308f,47112d623f28ca05,5f606cf9c6d440ac,2155,200,queryById,ts-travel-service
1650263823,ts-route-service,ef1d93dd761535dc,9d43b2a78ac6b18e,5f606cf9c6d440ac,1474,200,queryById,ts-travel-service
1650263823,ts-travel-service,7c90a60e28521037,5f606cf9c6d440ac,5f606cf9c6d440ac,5906,200,GET,ts-travel-service
1650263823,ts-travel-service,47112d623f28ca05,5f606cf9c6d440ac,5f606cf9c6d440ac,3449,200,GET,ts-travel-service
1650263823,ts-basic-service,6f005db315198dd0,e728d0d2cbb32ca1,5f606cf9c6d440ac,2354,200,GET,ts-basic-service
1650263823,ts-basic-service,301c8f318ee4494f,cb75fe0f4e1ad535,5f606cf9c6d440ac,3541,200,queryForStationId,ts-ticketinfo-service
1650263823,ts-basic-service,d2670b421d38ced9,301c8f318ee4494f,5f606cf9c6d440ac,1817,200,GET,ts-basic-service
1650263823,ts-basic-service,e728d0d2cbb32ca1,c9ea42b54293c906,5f606cf9c6d440ac,4207,200,queryForStationId,ts-ticketinfo-service
1650263823,ts-travel-service,cb23d0f2a9e6e7ca,5f606cf9c6d440ac,5f606cf9c6d440ac,1774,200,GET,ts-travel-service
1650263823,ts-travel-service,bf0b6712f242d6d1,5f606cf9c6d440ac,5f606cf9c6d440ac,8002,200,GET,ts-travel-service
1650263823,ts-preserve-service,8db18880c9d93755,,8db18880c9d93755,16921,200,preserve,no_parent
1650263823,ts-order-other-service,22e2fb7b90dd04f6,a230bb521f713a78,8db18880c9d93755,2815,200,securityInfoCheck,ts-security-service
1650263823,ts-security-service,8658f00622218edb,9ec8f8127773613c,8db18880c9d93755,3516,200,GET,ts-security-service
1650263823,ts-preserve-service,63cdacf8bb05149,8db18880c9d93755,8db18880c9d93755,11693,200,GET,ts-preserve-service
1650263823,ts-preserve-service,e3bcf558509dfa3c,8db18880c9d93755,8db18880c9d93755,2495,200,GET,ts-preserve-service
1650263823,ts-order-service,7d1318292ee56ad6,8658f00622218edb,8db18880c9d93755,2547,200,securityInfoCheck,ts-security-service
1650263823,ts-assurance-service,35b0d10ba018ab12,,35b0d10ba018ab12,1288,200,getAllAssuranceType,no_parent
1650263823,ts-order-service,5518479b6dc7c6c,a7d0b675523a35ac,a7d0b675523a35ac,6291,200,POST,ts-order-service
1650263823,ts-order-service,a7d0b675523a35ac,,a7d0b675523a35ac,8902,200,queryOrdersForRefresh,no_parent
1650263823,ts-station-service,f3ac476dc84a5a21,5518479b6dc7c6c,a7d0b675523a35ac,5003,200,queryForNameBatch,ts-order-service
1650263823,ts-verification-code-service,2b10879468d75721,,2b10879468d75721,2255,200,imageCode,no_parent
1650263883,ts-ticketinfo-service,81b33dbc4a001334,fc19b9b2a2a2ae55,5f21d66b955d49e,3772,200,GET,ts-ticketinfo-service
1650263883,ts-ticketinfo-service,23d22c371b4a8466,296d9980b16f9210,5f21d66b955d49e,5740,200,GET,ts-ticketinfo-service
1650263883,ts-travel-service,9ac0bef258a28a3e,5f21d66b955d49e,5f21d66b955d49e,9467,200,GET,ts-travel-service
1650263883,ts-travel-service,caff8abe1af91fe5,5f21d66b955d49e,5f21d66b955d49e,1479,200,GET,ts-travel-service
1650263883,ts-travel-service,2541c734e7de794a,5f21d66b955d49e,5f21d66b955d49e,1393,200,GET,ts-travel-service
1650263883,ts-travel-service,4b8b944f01a9c788,5f21d66b955d49e,5f21d66b955d49e,5605,200,GET,ts-travel-service
1650263883,ts-travel-service,35dbb17cf6dc891e,5f21d66b955d49e,5f21d66b955d49e,1512,200,GET,ts-travel-service
1650263883,ts-travel-service,5f21d66b955d49e,,5f21d66b955d49e,31313,200,queryInfo,no_parent
1650263883,ts-travel-service,711fd7af9336a3b3,5f21d66b955d49e,5f21d66b955d49e,1583,200,GET,ts-travel-service
1650263883,ts-basic-service,f532143fbe654406,e77fece62757c77,5f21d66b955d49e,1919,200,GET,ts-basic-service
1650263883,ts-basic-service,e77fece62757c77,81b33dbc4a001334,5f21d66b955d49e,3337,200,queryForStationId,ts-ticketinfo-service
1650263883,ts-station-service,5e5d2e3b146a5108,f532143fbe654406,5f21d66b955d49e,1496,200,queryForStationId,ts-basic-service
1650263883,ts-route-service,6db20dfee5ea27fc,2541c734e7de794a,5f21d66b955d49e,1160,200,queryById,ts-travel-service
1650263883,ts-route-service,bea648eb1625e48d,711fd7af9336a3b3,5f21d66b955d49e,1511,200,queryById,ts-travel-service
1650263883,ts-route-service,3df55c9a56e0b416,caff8abe1af91fe5,5f21d66b955d49e,1414,200,queryById,ts-travel-service
1650263883,ts-route-service,c0c2bbbbdc2cd11e,35dbb17cf6dc891e,5f21d66b955d49e,1427,200,queryById,ts-travel-service
1650263883,ts-travel-service,c9171f97518eff3a,5f21d66b955d49e,5f21d66b955d49e,2952,200,GET,ts-travel-service
1650263883,ts-station-service,bbcfc5e3cf746e8a,63e36ddb4e1a78af,5f21d66b955d49e,2106,200,queryForStationId,ts-basic-service
1650263883,ts-auth-service,bc2861ba1fd8b6cd,430b1e649b3c269e,430b1e649b3c269e,2685,200,GET,ts-auth-service
1650263883,ts-auth-service,430b1e649b3c269e,,430b1e649b3c269e,125280,200,getToken,no_parent
1650263883,ts-verification-code-service,4ffab9b66a2098e1,bc2861ba1fd8b6cd,430b1e649b3c269e,1401,200,verifyCode,ts-auth-service
1650263883,ts-basic-service,5ed3164b0427b016,23d22c371b4a8466,5f21d66b955d49e,4822,200,queryForStationId,ts-ticketinfo-service
1650263883,ts-basic-service,63e36ddb4e1a78af,5ed3164b0427b016,5f21d66b955d49e,2858,200,GET,ts-basic-service
1650263883,ts-contacts-service,e96152ec0f969975,,e96152ec0f969975,2264,200,findContactsByAccountId,no_parent
1650263883,ts-ticketinfo-service,296d9980b16f9210,9ac0bef258a28a3e,5f21d66b955d49e,7912,200,queryForStationId,ts-travel-service
1650263883,ts-route-service,644ebc4ce61ad351,c9171f97518eff3a,5f21d66b955d49e,2095,200,queryById,ts-travel-service
1650263883,ts-preserve-service,c851e338348f6d3,24c3b0832fab4fda,24c3b0832fab4fda,12128,200,GET,ts-preserve-service
1650263883,ts-preserve-service,6b258784f1057baa,24c3b0832fab4fda,24c3b0832fab4fda,2722,200,GET,ts-preserve-service
1650263883,ts-preserve-service,24c3b0832fab4fda,,24c3b0832fab4fda,17114,200,preserve,no_parent
1650263883,ts-order-other-service,41164604651cd22,29555a75c9c1caa6,24c3b0832fab4fda,2915,200,securityInfoCheck,ts-security-service
1650263883,ts-security-service,28257cfef94bc248,c851e338348f6d3,24c3b0832fab4fda,10968,200,check,ts-preserve-service
1650263883,ts-security-service,1a982350369d9c2b,28257cfef94bc248,24c3b0832fab4fda,3679,200,GET,ts-security-service
1650263883,ts-order-service,6d9448bbe8d85f6c,1a982350369d9c2b,24c3b0832fab4fda,2681,200,securityInfoCheck,ts-security-service
1650263883,ts-security-service,29555a75c9c1caa6,28257cfef94bc248,24c3b0832fab4fda,4034,200,GET,ts-security-service
1650263883,ts-contacts-service,2b541a73bbe9db0c,6b258784f1057baa,24c3b0832fab4fda,1929,200,getContactsByContactsId,ts-preserve-service
1650263883,ts-ticketinfo-service,fc19b9b2a2a2ae55,4b8b944f01a9c788,5f21d66b955d49e,5271,200,queryForStationId,ts-travel-service
1650263883,ts-order-service,20393bac51507766,,20393bac51507766,8739,200,queryOrdersForRefresh,no_parent
1650263883,ts-order-service,8d6508ea744dcd99,20393bac51507766,20393bac51507766,6142,200,POST,ts-order-service
1650263883,ts-station-service,b7148b0a23c08594,8d6508ea744dcd99,20393bac51507766,5051,200,queryForNameBatch,ts-order-service
1650263883,ts-verification-code-service,3b285c4b76d3870b,,3b285c4b76d3870b,2312,200,imageCode,no_parent
1650263883,ts-assurance-service,554fe7bf56c3f8f9,,554fe7bf56c3f8f9,1307,200,getAllAssuranceType,no_parent
1650263943,ts-security-service,ce6f304b9604282f,90bae8922c4c87f1,1318524d841aeffc,4961,200,GET,ts-security-service
1650263943,ts-order-service,382dd563986befb7,ce6f304b9604282f,1318524d841aeffc,3238,200,securityInfoCheck,ts-security-service
1650263943,ts-contacts-service,3a04346d46731c65,174bbad86addb0f5,1318524d841aeffc,2357,200,getContactsByContactsId,ts-preserve-service
1650263943,ts-security-service,10d2a7995343cd91,90bae8922c4c87f1,1318524d841aeffc,4517,200,GET,ts-security-service
1650263943,ts-preserve-service,8c99daf81923ef27,1318524d841aeffc,1318524d841aeffc,15511,200,GET,ts-preserve-service
1650263943,ts-preserve-service,174bbad86addb0f5,1318524d841aeffc,1318524d841aeffc,3458,200,GET,ts-preserve-service
1650263943,ts-preserve-service,1318524d841aeffc,,1318524d841aeffc,21812,200,preserve,no_parent
1650263943,ts-order-other-service,c843e0db934c4de4,10d2a7995343cd91,1318524d841aeffc,3582,200,securityInfoCheck,ts-security-service
1650263943,ts-security-service,90bae8922c4c87f1,8c99daf81923ef27,1318524d841aeffc,13929,200,check,ts-preserve-service
1650263943,ts-basic-service,33242ea216fa3210,963f28dd40c3ded6,e07e1a2385b61016,6293,200,queryForStationId,ts-ticketinfo-service
1650263943,ts-travel-service,2c594b3a2526de05,e07e1a2385b61016,e07e1a2385b61016,11807,200,GET,ts-travel-service
1650263943,ts-travel-service,e07e1a2385b61016,,e07e1a2385b61016,44648,200,queryInfo,no_parent
1650263943,ts-contacts-service,b6d854ff9eeaf00b,,b6d854ff9eeaf00b,2861,200,findContactsByAccountId,no_parent
1650263943,ts-basic-service,f1aa8aac4ef0285c,33242ea216fa3210,e07e1a2385b61016,3568,200,GET,ts-basic-service
1650263943,ts-order-service,900b4bbdfbeff1d0,,900b4bbdfbeff1d0,19244,200,queryOrdersForRefresh,no_parent
1650263943,ts-order-service,ae79629ad61d9ccb,900b4bbdfbeff1d0,900b4bbdfbeff1d0,9717,200,POST,ts-order-service
1650263943,ts-ticketinfo-service,963f28dd40c3ded6,f4f8d02df007e351,e07e1a2385b61016,7510,200,GET,ts-ticketinfo-service
1650263943,ts-station-service,9dde7526721cef9,ae79629ad61d9ccb,900b4bbdfbeff1d0,8200,200,queryForNameBatch,ts-order-service
1650263943,ts-station-service,28dd2303da6016c3,f1aa8aac4ef0285c,e07e1a2385b61016,2565,200,queryForStationId,ts-basic-service
1650263943,ts-verification-code-service,831087df5aac8776,981f86e8205a246d,992a40fc1c955e6f,1651,200,verifyCode,ts-auth-service
1650263943,ts-ticketinfo-service,f4f8d02df007e351,2c594b3a2526de05,e07e1a2385b61016,10025,200,queryForStationId,ts-travel-service
1650263943,ts-auth-service,992a40fc1c955e6f,,992a40fc1c955e6f,110691,200,getToken,no_parent
1650263943,ts-verification-code-service,d20039ac8332a409,,d20039ac8332a409,2978,200,imageCode,no_parent
1650263943,ts-auth-service,981f86e8205a246d,992a40fc1c955e6f,992a40fc1c955e6f,3322,200,GET,ts-auth-service
1650263944,ts-travel-service,ee966b1ee8bf2c53,e07e1a2385b61016,e07e1a2385b61016,2769,200,GET,ts-travel-service
1650263944,ts-assurance-service,ee5b6d1fb3fe02d6,,ee5b6d1fb3fe02d6,1624,200,getAllAssuranceType,no_parent
1650263944,ts-route-service,19f3bc24298b8227,ee966b1ee8bf2c53,e07e1a2385b61016,2140,200,queryById,ts-travel-service
1650263944,ts-route-service,d2b0e292db3d690,75a7dbe6add3eb50,e07e1a2385b61016,2987,200,queryById,ts-travel-service
1650263944,ts-ticketinfo-service,2e86fdb5178128eb,d7ac101395b01daa,e07e1a2385b61016,8593,200,queryForStationId,ts-travel-service
1650263944,ts-travel-service,708d00fef8fe76a4,e07e1a2385b61016,e07e1a2385b61016,1649,200,GET,ts-travel-service
1650263944,ts-station-service,bb2a868bcaa0a857,db775c5d1cf05db4,e07e1a2385b61016,2478,200,queryForStationId,ts-basic-service
1650263944,ts-travel-service,75a7dbe6add3eb50,e07e1a2385b61016,e07e1a2385b61016,4828,200,GET,ts-travel-service
1650263944,ts-basic-service,db775c5d1cf05db4,e29c2cefae0b37aa,e07e1a2385b61016,3177,200,GET,ts-basic-service
1650263944,ts-route-service,e2c5be6b8dffdba4,a851bc86b5dc7573,e07e1a2385b61016,2299,200,queryById,ts-travel-service
1650263944,ts-travel-service,dc18008b92d2527b,e07e1a2385b61016,e07e1a2385b61016,2326,200,GET,ts-travel-service
1650263944,ts-basic-service,e29c2cefae0b37aa,9d5900f5a59994cd,e07e1a2385b61016,5689,200,queryForStationId,ts-ticketinfo-service
1650263944,ts-travel-service,d7ac101395b01daa,e07e1a2385b61016,e07e1a2385b61016,9291,200,GET,ts-travel-service
1650263944,ts-travel-service,a851bc86b5dc7573,e07e1a2385b61016,e07e1a2385b61016,2363,200,GET,ts-travel-service
1650263944,ts-route-service,9e48f3b64863cfa5,708d00fef8fe76a4,e07e1a2385b61016,1449,200,queryById,ts-travel-service
1650263944,ts-ticketinfo-service,9d5900f5a59994cd,2e86fdb5178128eb,e07e1a2385b61016,6435,200,GET,ts-ticketinfo-service
1650263944,ts-route-service,e7e245a35e3e6088,dc18008b92d2527b,e07e1a2385b61016,2282,200,queryById,ts-travel-service
1650264004,ts-contacts-service,e453f17055e6c5c9,,e453f17055e6c5c9,2937,200,findContactsByAccountId,no_parent
1650264010,ts-preserve-service,a7b9a5cb7163af9c,,a7b9a5cb7163af9c,34152857,200,preserve,no_parent
1650264010,ts-preserve-service,e809793e1fc9a50a,a7b9a5cb7163af9c,a7b9a5cb7163af9c,16557213,200,GET,ts-preserve-service
1650264018,ts-security-service,761200fda06add4f,ae656577a6dacad5,a7b9a5cb7163af9c,4954,200,GET,ts-security-service
1650264018,ts-security-service,ae656577a6dacad5,e809793e1fc9a50a,a7b9a5cb7163af9c,14483,200,check,ts-preserve-service
1650264018,ts-security-service,8ecc35b857bc8292,ae656577a6dacad5,a7b9a5cb7163af9c,4880,200,GET,ts-security-service
1650264018,ts-order-other-service,e051c0aa19d59ea0,8ecc35b857bc8292,a7b9a5cb7163af9c,3610,200,securityInfoCheck,ts-security-service
1650264018,ts-order-service,258ab12265d44d39,761200fda06add4f,a7b9a5cb7163af9c,3313,200,securityInfoCheck,ts-security-service
1650264029,ts-preserve-service,9bc34f884e5cd628,a7b9a5cb7163af9c,a7b9a5cb7163af9c,14586006,200,GET,ts-preserve-service
1650264044,ts-contacts-service,a6351255e9bc75a9,9bc34f884e5cd628,a7b9a5cb7163af9c,2781,200,getContactsByContactsId,ts-preserve-service
1650264054,ts-ticketinfo-service,75a3249c631a6a18,fb35e04ab8638012,379380f199acd514,7544,200,queryForStationId,ts-travel-service
1650264054,ts-travel-service,fdb83202ce569f0c,379380f199acd514,379380f199acd514,2993,200,GET,ts-travel-service
1650264054,ts-travel-service,fb35e04ab8638012,379380f199acd514,379380f199acd514,8084,200,GET,ts-travel-service
1650264054,ts-travel-service,fce4ed77944b9eb2,379380f199acd514,379380f199acd514,10874,200,GET,ts-travel-service
1650264054,ts-verification-code-service,84c35b95991838c8,f788b4ea2d0432b1,308a55dd8e3f5c1b,1989,200,verifyCode,ts-auth-service
1650264054,ts-ticketinfo-service,f04d80f04663aac,75a3249c631a6a18,379380f199acd514,5627,200,GET,ts-ticketinfo-service
1650264054,ts-ticketinfo-service,af0ed8a504f4fe92,78d3159fa29a5ee2,379380f199acd514,7357,200,GET,ts-ticketinfo-service
1650264054,ts-route-service,726fe854e678f9a5,96966cc4e5c888a4,379380f199acd514,2974,200,queryById,ts-travel-service
1650264054,ts-route-service,f064da8d8af9331b,db557a6072f1b547,379380f199acd514,12265,200,queryById,ts-travel-service
1650264054,ts-station-service,324b063e92b41002,bf3e15ac3997543d,379380f199acd514,2488,200,queryForStationId,ts-basic-service
1650264054,ts-station-service,2b9d1faf1a036453,eb628f97149398bf,379380f199acd514,2065,200,queryForStationId,ts-basic-service
1650264054,ts-basic-service,bf3e15ac3997543d,d8447a6694d0d40e,379380f199acd514,3700,200,GET,ts-basic-service
1650264054,ts-basic-service,d8447a6694d0d40e,af0ed8a504f4fe92,379380f199acd514,6145,200,queryForStationId,ts-ticketinfo-service
1650264054,ts-basic-service,15dbc778775f6bd5,f04d80f04663aac,379380f199acd514,4903,200,queryForStationId,ts-ticketinfo-service
1650264054,ts-ticketinfo-service,78d3159fa29a5ee2,fce4ed77944b9eb2,379380f199acd514,9648,200,queryForStationId,ts-travel-service
1650264054,ts-travel-service,db557a6072f1b547,379380f199acd514,379380f199acd514,12410,200,GET,ts-travel-service
1650264054,ts-travel-service,379380f199acd514,,379380f199acd514,53445,200,queryInfo,no_parent
1650264054,ts-travel-service,f10a65dce1b90596,379380f199acd514,379380f199acd514,2666,200,GET,ts-travel-service
1650264054,ts-travel-service,4a0d3b4983c19ae8,379380f199acd514,379380f199acd514,2084,200,GET,ts-travel-service
1650264054,ts-route-service,d787e29ed9df1d63,fdb83202ce569f0c,379380f199acd514,2514,200,queryById,ts-travel-service
1650264054,ts-route-service,6e0e5c8e87d6c2da,f10a65dce1b90596,379380f199acd514,2531,200,queryById,ts-travel-service
1650264054,ts-route-service,e94b2441ad147940,4a0d3b4983c19ae8,379380f199acd514,1880,200,queryById,ts-travel-service
1650264054,ts-travel-service,96966cc4e5c888a4,379380f199acd514,379380f199acd514,4318,200,GET,ts-travel-service
1650264054,ts-order-service,a861cb5f10e86a3b,1abdef6cb54a23d7,1abdef6cb54a23d7,10476,200,POST,ts-order-service
1650264054,ts-station-service,89d80e9dbd33e816,a861cb5f10e86a3b,1abdef6cb54a23d7,8963,200,queryForNameBatch,ts-order-service
1650264054,ts-order-service,1abdef6cb54a23d7,,1abdef6cb54a23d7,14187,200,queryOrdersForRefresh,no_parent
1650264054,ts-basic-service,eb628f97149398bf,15dbc778775f6bd5,379380f199acd514,2788,200,GET,ts-basic-service
1650264054,ts-verification-code-service,71bd0769c8f6323a,,71bd0769c8f6323a,2904,200,imageCode,no_parent
1650264054,ts-auth-service,f788b4ea2d0432b1,308a55dd8e3f5c1b,308a55dd8e3f5c1b,3746,200,GET,ts-auth-service
1650264054,ts-auth-service,308a55dd8e3f5c1b,,308a55dd8e3f5c1b,110793,200,getToken,no_parent
1650264054,ts-assurance-service,6a5fb2f53a3f6eb6,,6a5fb2f53a3f6eb6,9496,200,getAllAssuranceType,no_parent
1650264114,ts-contacts-service,1ac1bc5f9966c567,,1ac1bc5f9966c567,3214,200,findContactsByAccountId,no_parent
1650264118,ts-preserve-service,89689a14cdf094b9,2433800df97d64ac,2433800df97d64ac,14606066,200,GET,ts-preserve-service
1650264118,ts-preserve-service,2433800df97d64ac,,2433800df97d64ac,23624874,200,preserve,no_parent
1650264133,ts-order-other-service,8a1953adfd120410,b55c374ff0f43bfd,2433800df97d64ac,3601,200,securityInfoCheck,ts-security-service
1650264133,ts-security-service,fda1a0d68236617b,89689a14cdf094b9,2433800df97d64ac,15021,200,check,ts-preserve-service
1650264133,ts-security-service,b55c374ff0f43bfd,fda1a0d68236617b,2433800df97d64ac,4966,200,GET,ts-security-service
1650264133,ts-order-service,f4ec692bb04f8296,7d86421dff0f3e92,2433800df97d64ac,3677,200,securityInfoCheck,ts-security-service
1650264133,ts-security-service,7d86421dff0f3e92,fda1a0d68236617b,2433800df97d64ac,5254,200,GET,ts-security-service
1650264136,ts-preserve-service,6ed198cfade0efca,2433800df97d64ac,2433800df97d64ac,6015464,200,GET,ts-preserve-service
1650264139,ts-contacts-service,cdfe04d18e4f74fb,6ed198cfade0efca,2433800df97d64ac,2595,200,getContactsByContactsId,ts-preserve-service
1650264152,ts-basic-service,10fa0ceea90ba417,66049e57aea0b06e,ddfb617305fdee82,2976,200,GET,ts-basic-service
1650264152,ts-basic-service,66049e57aea0b06e,8531184200dbe898,ddfb617305fdee82,5078,200,queryForStationId,ts-ticketinfo-service
1650264152,ts-ticketinfo-service,8531184200dbe898,f9006f7a864220e1,ddfb617305fdee82,5857,200,GET,ts-ticketinfo-service
1650264152,ts-travel-service,c74a6bdc12ad5273,ddfb617305fdee82,ddfb617305fdee82,12167,200,GET,ts-travel-service
1650264152,ts-route-service,70bdebf18fbd47ad,31c2af2bed027044,ddfb617305fdee82,2975,200,queryById,ts-travel-service
1650264152,ts-route-service,f17818b8e4a394bf,b06a41d445aee624,ddfb617305fdee82,2519,200,queryById,ts-travel-service
1650264152,ts-basic-service,2e6db6de1dbec029,2f9cf2659c4ce1c1,ddfb617305fdee82,3471,200,GET,ts-basic-service
1650264152,ts-travel-service,c707f93677a28e06,ddfb617305fdee82,ddfb617305fdee82,8509,200,GET,ts-travel-service
1650264152,ts-route-service,edc62c73ad680631,176fac6d73e7a843,ddfb617305fdee82,2416,200,queryById,ts-travel-service
1650264152,ts-travel-service,b06a41d445aee624,ddfb617305fdee82,ddfb617305fdee82,2589,200,GET,ts-travel-service
1650264152,ts-route-service,643c4d8bf733cef,a7ac50d26b13117b,ddfb617305fdee82,2585,200,queryById,ts-travel-service
1650264152,ts-route-service,4808f71743cf2146,4fff7d289950ff99,ddfb617305fdee82,2460,200,queryById,ts-travel-service
1650264152,ts-station-service,6e0d6dc7e74cfad6,2e6db6de1dbec029,ddfb617305fdee82,2404,200,queryForStationId,ts-basic-service
1650264152,ts-basic-service,2f9cf2659c4ce1c1,481a348c3abda582,ddfb617305fdee82,5925,200,queryForStationId,ts-ticketinfo-service
1650264152,ts-auth-service,6f861a17c843f014,72667e631b066887,72667e631b066887,3761,200,GET,ts-auth-service
1650264152,ts-travel-service,ddfb617305fdee82,,ddfb617305fdee82,45303,200,queryInfo,no_parent
1650264152,ts-auth-service,72667e631b066887,,72667e631b066887,107591,200,getToken,no_parent
1650264152,ts-ticketinfo-service,562643a254866d04,c74a6bdc12ad5273,ddfb617305fdee82,10592,200,queryForStationId,ts-travel-service
1650264152,ts-ticketinfo-service,f9006f7a864220e1,c707f93677a28e06,ddfb617305fdee82,7933,200,queryForStationId,ts-travel-service
1650264152,ts-ticketinfo-service,481a348c3abda582,562643a254866d04,ddfb617305fdee82,7387,200,GET,ts-ticketinfo-service
1650264152,ts-travel-service,4fff7d289950ff99,ddfb617305fdee82,ddfb617305fdee82,2914,200,GET,ts-travel-service
1650264152,ts-travel-service,a7ac50d26b13117b,ddfb617305fdee82,ddfb617305fdee82,2732,200,GET,ts-travel-service
1650264152,ts-travel-service,31c2af2bed027044,ddfb617305fdee82,ddfb617305fdee82,4306,200,GET,ts-travel-service
1650264152,ts-station-service,6e701e26d692ab67,10fa0ceea90ba417,ddfb617305fdee82,2212,200,queryForStationId,ts-basic-service
1650264152,ts-travel-service,176fac6d73e7a843,ddfb617305fdee82,ddfb617305fdee82,2573,200,GET,ts-travel-service
1650264152,ts-order-service,4125f1a95d45a04b,ac1914bc68e9455a,ac1914bc68e9455a,10585,200,POST,ts-order-service
1650264152,ts-verification-code-service,37492ff30a8e04ab,6f861a17c843f014,72667e631b066887,1991,200,verifyCode,ts-auth-service
1650264152,ts-verification-code-service,cd99ba5e45cb237d,,cd99ba5e45cb237d,3025,200,imageCode,no_parent
1650264152,ts-assurance-service,f4d0e902652c25c0,,f4d0e902652c25c0,1329,200,getAllAssuranceType,no_parent
1650264152,ts-station-service,763e82dd751829cb,4125f1a95d45a04b,ac1914bc68e9455a,8965,200,queryForNameBatch,ts-order-service
1650264152,ts-order-service,ac1914bc68e9455a,,ac1914bc68e9455a,14443,200,queryOrdersForRefresh,no_parent
1650264213,ts-contacts-service,9c0850be0f4611bf,,9c0850be0f4611bf,2076,200,findContactsByAccountId,no_parent
1650264216,ts-preserve-service,ea7b334e27ec3894,,ea7b334e27ec3894,16324759,200,preserve,no_parent
1650264216,ts-preserve-service,b7d6a7dbb8320090,ea7b334e27ec3894,ea7b334e27ec3894,6031209,200,GET,ts-preserve-service
1650264219,ts-security-service,e7ffddb4ff3c1c48,b7d6a7dbb8320090,ea7b334e27ec3894,14346,200,check,ts-preserve-service
1650264219,ts-order-service,12aac840333438d3,aa3420fc141b8613,ea7b334e27ec3894,3504,200,securityInfoCheck,ts-security-service
1650264219,ts-security-service,b7603617881e9e3f,e7ffddb4ff3c1c48,ea7b334e27ec3894,4708,200,GET,ts-security-service
1650264219,ts-order-other-service,6d3d164a188a1fa3,b7603617881e9e3f,ea7b334e27ec3894,3510,200,securityInfoCheck,ts-security-service
1650264219,ts-security-service,aa3420fc141b8613,e7ffddb4ff3c1c48,ea7b334e27ec3894,5001,200,GET,ts-security-service
1650264222,ts-preserve-service,e2cd35d4893ef211,ea7b334e27ec3894,ea7b334e27ec3894,10291161,200,GET,ts-preserve-service
1650264227,ts-contacts-service,761507f24a00ae0c,e2cd35d4893ef211,ea7b334e27ec3894,2635,200,getContactsByContactsId,ts-preserve-service
1650264246,ts-station-service,4d564713a17f30d3,ba6fc43007a17e18,5e89895505caaeed,8334,200,queryForNameBatch,ts-order-service
1650264246,ts-order-service,5e89895505caaeed,,5e89895505caaeed,12827,200,queryOrdersForRefresh,no_parent
1650264246,ts-station-service,51462bfa002df749,bbee70ca914cc9a4,c4c2c1d15a7c9b69,1530,200,queryForStationId,ts-basic-service
1650264246,ts-station-service,6ed82b9aef825b77,e9c9beb44597ccbf,c4c2c1d15a7c9b69,2512,200,queryForStationId,ts-basic-service
1650264246,ts-basic-service,e9c9beb44597ccbf,f947eb2e128a8b28,c4c2c1d15a7c9b69,3525,200,GET,ts-basic-service
1650264246,ts-basic-service,bbee70ca914cc9a4,c1e8a32f361876e0,c4c2c1d15a7c9b69,2396,200,GET,ts-basic-service
1650264246,ts-basic-service,c1e8a32f361876e0,b82afc3278a4b6f6,c4c2c1d15a7c9b69,4405,200,queryForStationId,ts-ticketinfo-service
1650264246,ts-basic-service,f947eb2e128a8b28,47bf7e31eab7144e,c4c2c1d15a7c9b69,6019,200,queryForStationId,ts-ticketinfo-service
1650264246,ts-ticketinfo-service,bcaff0bf97d038c,85eeefedcb73fa8f,c4c2c1d15a7c9b69,9325,200,queryForStationId,ts-travel-service
1650264246,ts-travel-service,88c83a3a1376a8a4,c4c2c1d15a7c9b69,c4c2c1d15a7c9b69,2700,200,GET,ts-travel-service
1650264246,ts-route-service,c695983e0f312768,19d8004fb166acc,c4c2c1d15a7c9b69,2996,200,queryById,ts-travel-service
1650264246,ts-route-service,4ef835f6d144243b,f21a94583780fb79,c4c2c1d15a7c9b69,2418,200,queryById,ts-travel-service
1650264246,ts-route-service,fa2e8b36b8d191b8,7aa4891dd3cf36ea,c4c2c1d15a7c9b69,1704,200,queryById,ts-travel-service
1650264246,ts-route-service,a570ec5f3bbbd0c4,88c83a3a1376a8a4,c4c2c1d15a7c9b69,2448,200,queryById,ts-travel-service
1650264246,ts-route-service,78e0fbef8cac75d4,df6d7efac8dda9b1,c4c2c1d15a7c9b69,2421,200,queryById,ts-travel-service
1650264246,ts-ticketinfo-service,7c562906459c4d9f,947a8dd3285bd913,c4c2c1d15a7c9b69,7421,200,queryForStationId,ts-travel-service
1650264246,ts-verification-code-service,73a60f83ab0c0b9b,ddd54483545f410d,ffa4ea8590ba7b29,2385,200,verifyCode,ts-auth-service
1650264246,ts-travel-service,f21a94583780fb79,c4c2c1d15a7c9b69,c4c2c1d15a7c9b69,2515,200,GET,ts-travel-service
1650264246,ts-travel-service,947a8dd3285bd913,c4c2c1d15a7c9b69,c4c2c1d15a7c9b69,7964,200,GET,ts-travel-service
1650264246,ts-travel-service,19d8004fb166acc,c4c2c1d15a7c9b69,c4c2c1d15a7c9b69,4279,200,GET,ts-travel-service
1650264246,ts-travel-service,df6d7efac8dda9b1,c4c2c1d15a7c9b69,c4c2c1d15a7c9b69,2548,200,GET,ts-travel-service
1650264246,ts-travel-service,7aa4891dd3cf36ea,c4c2c1d15a7c9b69,c4c2c1d15a7c9b69,2191,200,GET,ts-travel-service
1650264246,ts-ticketinfo-service,47bf7e31eab7144e,bcaff0bf97d038c,c4c2c1d15a7c9b69,7148,200,GET,ts-ticketinfo-service
1650264246,ts-auth-service,ddd54483545f410d,ffa4ea8590ba7b29,ffa4ea8590ba7b29,3896,200,GET,ts-auth-service
1650264246,ts-travel-service,c4c2c1d15a7c9b69,,c4c2c1d15a7c9b69,43698,200,queryInfo,no_parent
1650264246,ts-travel-service,85eeefedcb73fa8f,c4c2c1d15a7c9b69,c4c2c1d15a7c9b69,11045,200,GET,ts-travel-service
1650264246,ts-auth-service,ffa4ea8590ba7b29,,ffa4ea8590ba7b29,114867,200,getToken,no_parent
1650264246,ts-ticketinfo-service,b82afc3278a4b6f6,7c562906459c4d9f,c4c2c1d15a7c9b69,5539,200,GET,ts-ticketinfo-service
1650264246,ts-assurance-service,33371c64402a4525,,33371c64402a4525,1501,200,getAllAssuranceType,no_parent
1650264246,ts-verification-code-service,8919fc15f7250703,,8919fc15f7250703,2864,200,imageCode,no_parent
1650264246,ts-order-service,ba6fc43007a17e18,5e89895505caaeed,5e89895505caaeed,9720,200,POST,ts-order-service
1650264306,ts-contacts-service,107fe490d66f9c36,,107fe490d66f9c36,3141,200,findContactsByAccountId,no_parent
1650264310,ts-preserve-service,20f1b4e3083a11d9,d727565773180cf2,d727565773180cf2,6019235,200,GET,ts-preserve-service
1650264310,ts-preserve-service,d727565773180cf2,,d727565773180cf2,12027550,200,preserve,no_parent
1650264313,ts-security-service,ecc4910679ae7c14,20f1b4e3083a11d9,d727565773180cf2,14532,200,check,ts-preserve-service
1650264313,ts-security-service,7a669afe7f58ab3d,ecc4910679ae7c14,d727565773180cf2,4959,200,GET,ts-security-service
1650264313,ts-order-other-service,8c7b90a571873ac0,7a669afe7f58ab3d,d727565773180cf2,3512,200,securityInfoCheck,ts-security-service
1650264313,ts-order-service,43196e788ac0ff26,dfb69d6dc2f9697f,d727565773180cf2,3527,200,securityInfoCheck,ts-security-service
1650264313,ts-security-service,dfb69d6dc2f9697f,ecc4910679ae7c14,d727565773180cf2,5063,200,GET,ts-security-service
1650264316,ts-preserve-service,cf2922192812e8d,d727565773180cf2,d727565773180cf2,6005452,200,GET,ts-preserve-service
1650264322,ts-contacts-service,d45870d484b11e82,cf2922192812e8d,d727565773180cf2,2845,200,getContactsByContactsId,ts-preserve-service
1650264335,ts-auth-service,6357799e4be28a55,,6357799e4be28a55,106588,200,getToken,no_parent
1650264335,ts-verification-code-service,15c9a8c2916f4d5e,8952061950187b73,6357799e4be28a55,1969,200,verifyCode,ts-auth-service
1650264335,ts-auth-service,8952061950187b73,6357799e4be28a55,6357799e4be28a55,3344,200,GET,ts-auth-service
1650264335,ts-verification-code-service,9b0a6e39c53d01bd,,9b0a6e39c53d01bd,2967,200,imageCode,no_parent
1650264335,ts-station-service,558b2b496f3e97d3,eb9d2ad9e5f5949b,21caf9fe40ffe201,8609,200,queryForNameBatch,ts-order-service
1650264335,ts-order-service,eb9d2ad9e5f5949b,21caf9fe40ffe201,21caf9fe40ffe201,10373,200,POST,ts-order-service
1650264335,ts-order-service,21caf9fe40ffe201,,21caf9fe40ffe201,14136,200,queryOrdersForRefresh,no_parent
1650264336,ts-route-service,2faa07edb326a459,f3527cc9cdee53b2,7c9b7e0be09fc8ed,2963,200,queryById,ts-travel-service
1650264336,ts-route-service,e7dbce6541ffd92b,c5992f09ce0a53fb,7c9b7e0be09fc8ed,2424,200,queryById,ts-travel-service
1650264336,ts-ticketinfo-service,1e14e5a7bfc3aef6,f94c81dbe14b809,7c9b7e0be09fc8ed,5764,200,GET,ts-ticketinfo-service
1650264336,ts-route-service,7dcfb7251f08d2b5,891a52f153bfd064,7c9b7e0be09fc8ed,2364,200,queryById,ts-travel-service
1650264336,ts-travel-service,6eb9500020c2b1f6,7c9b7e0be09fc8ed,7c9b7e0be09fc8ed,2548,200,GET,ts-travel-service
1650264336,ts-travel-service,437d93e3f4849c9c,7c9b7e0be09fc8ed,7c9b7e0be09fc8ed,11776,200,GET,ts-travel-service
1650264336,ts-basic-service,478f66921bdd7520,3a837606d62a9c3d,7c9b7e0be09fc8ed,2876,200,GET,ts-basic-service
1650264336,ts-route-service,a8ec5de5ef90a50c,6eb9500020c2b1f6,7c9b7e0be09fc8ed,2416,200,queryById,ts-travel-service
1650264336,ts-station-service,ac0c4c3f3c9d7166,478f66921bdd7520,7c9b7e0be09fc8ed,2139,200,queryForStationId,ts-basic-service
1650264336,ts-station-service,b4d2fd21b83eebf5,f17d8aa8b07e41a7,7c9b7e0be09fc8ed,2539,200,queryForStationId,ts-basic-service
1650264336,ts-route-service,ad6a98cdf7b857e3,5e458c6e5b41f93,7c9b7e0be09fc8ed,2504,200,queryById,ts-travel-service
1650264336,ts-travel-service,891a52f153bfd064,7c9b7e0be09fc8ed,7c9b7e0be09fc8ed,2538,200,GET,ts-travel-service
1650264336,ts-travel-service,f3527cc9cdee53b2,7c9b7e0be09fc8ed,7c9b7e0be09fc8ed,4241,200,GET,ts-travel-service
1650264336,ts-basic-service,f17d8aa8b07e41a7,13f8a40ec01d7f16,7c9b7e0be09fc8ed,3734,200,GET,ts-basic-service
1650264336,ts-travel-service,7c9b7e0be09fc8ed,,7c9b7e0be09fc8ed,44950,200,queryInfo,no_parent
1650264336,ts-basic-service,3a837606d62a9c3d,1e14e5a7bfc3aef6,7c9b7e0be09fc8ed,5043,200,queryForStationId,ts-ticketinfo-service
1650264336,ts-basic-service,13f8a40ec01d7f16,a76fd969885bbed4,7c9b7e0be09fc8ed,6213,200,queryForStationId,ts-ticketinfo-service
1650264336,ts-travel-service,c5992f09ce0a53fb,7c9b7e0be09fc8ed,7c9b7e0be09fc8ed,2574,200,GET,ts-travel-service
1650264336,ts-ticketinfo-service,bb8d676489c98bf7,437d93e3f4849c9c,7c9b7e0be09fc8ed,9980,200,queryForStationId,ts-travel-service
1650264336,ts-ticketinfo-service,a76fd969885bbed4,bb8d676489c98bf7,7c9b7e0be09fc8ed,7817,200,GET,ts-ticketinfo-service
1650264336,ts-ticketinfo-service,f94c81dbe14b809,36010de0440f58c4,7c9b7e0be09fc8ed,7732,200,queryForStationId,ts-travel-service
1650264336,ts-travel-service,5e458c6e5b41f93,7c9b7e0be09fc8ed,7c9b7e0be09fc8ed,2920,200,GET,ts-travel-service
1650264336,ts-travel-service,36010de0440f58c4,7c9b7e0be09fc8ed,7c9b7e0be09fc8ed,8118,200,GET,ts-travel-service
1650264336,ts-assurance-service,42c5a700e516a244,,42c5a700e516a244,1646,200,getAllAssuranceType,no_parent
1650264396,ts-contacts-service,2a98863b02753daf,,2a98863b02753daf,2940,200,findContactsByAccountId,no_parent
1650264400,ts-preserve-service,8a865c55fc3fafb3,,8a865c55fc3fafb3,23622646,200,preserve,no_parent
1650264400,ts-preserve-service,992a9e30ed41437,8a865c55fc3fafb3,8a865c55fc3fafb3,10317013,200,GET,ts-preserve-service
1650264405,ts-security-service,59654bc5bd4b11ad,4421c2828eeebdcd,8a865c55fc3fafb3,4389,200,GET,ts-security-service
1650264405,ts-order-service,ea152f1d2d31f07f,a5814da0f3b94b77,8a865c55fc3fafb3,3330,200,securityInfoCheck,ts-security-service
1650264405,ts-order-other-service,f1c1a9ba3ffd3988,59654bc5bd4b11ad,8a865c55fc3fafb3,3099,200,securityInfoCheck,ts-security-service
1650264405,ts-security-service,a5814da0f3b94b77,4421c2828eeebdcd,8a865c55fc3fafb3,4947,200,GET,ts-security-service
1650264405,ts-security-service,4421c2828eeebdcd,992a9e30ed41437,8a865c55fc3fafb3,13852,200,check,ts-preserve-service
1650264410,ts-preserve-service,1e498f3f06fe88e7,8a865c55fc3fafb3,8a865c55fc3fafb3,10293348,200,GET,ts-preserve-service
1650264415,ts-contacts-service,375bde973582287a,1e498f3f06fe88e7,8a865c55fc3fafb3,2638,200,getContactsByContactsId,ts-preserve-service
1650264429,ts-auth-service,d4c12e8f0e4b2386,,d4c12e8f0e4b2386,107813,200,getToken,no_parent
1650264429,ts-auth-service,56f1b33a2aecaa2d,d4c12e8f0e4b2386,d4c12e8f0e4b2386,3694,200,GET,ts-auth-service
1650264429,ts-ticketinfo-service,35c14c976aed0182,6dfc667d3a77f2bd,6dd8135c54d504a7,17656,200,queryForStationId,ts-travel-service
1650264429,ts-verification-code-service,1830c7c5888b038,56f1b33a2aecaa2d,d4c12e8f0e4b2386,2064,200,verifyCode,ts-auth-service
1650264429,ts-travel-service,6dd8135c54d504a7,,6dd8135c54d504a7,55404,200,queryInfo,no_parent
1650264429,ts-station-service,e094313e59466503,30ff10a4229d41d3,e36c696f4b11d25c,8436,200,queryForNameBatch,ts-order-service
1650264429,ts-travel-service,6dfc667d3a77f2bd,6dd8135c54d504a7,6dd8135c54d504a7,19726,200,GET,ts-travel-service
1650264429,ts-order-service,e36c696f4b11d25c,,e36c696f4b11d25c,13819,200,queryOrdersForRefresh,no_parent
1650264429,ts-verification-code-service,ed3b6af7912c39cd,,ed3b6af7912c39cd,3026,200,imageCode,no_parent
1650264429,ts-order-service,30ff10a4229d41d3,e36c696f4b11d25c,e36c696f4b11d25c,10087,200,POST,ts-order-service
1650264430,ts-travel-service,c1fdf29b0d807224,6dd8135c54d504a7,6dd8135c54d504a7,3895,200,GET,ts-travel-service
1650264430,ts-travel-service,373cb4348e805bfc,6dd8135c54d504a7,6dd8135c54d504a7,6727,200,GET,ts-travel-service
1650264430,ts-route-service,8a2a74cf77a929df,ddb22aa8fa148e61,6dd8135c54d504a7,2873,200,queryById,ts-travel-service
1650264430,ts-travel-service,c91e16598406d49f,6dd8135c54d504a7,6dd8135c54d504a7,2521,200,GET,ts-travel-service
1650264430,ts-route-service,89757a8d076fb9b5,5d17f2e773b0b36b,6dd8135c54d504a7,2705,200,queryById,ts-travel-service
1650264430,ts-basic-service,cbc585367130b18c,d17bca0de155db0d,6dd8135c54d504a7,2443,200,GET,ts-basic-service
1650264430,ts-travel-service,b88bd00d97086ae4,6dd8135c54d504a7,6dd8135c54d504a7,2491,200,GET,ts-travel-service
1650264430,ts-route-service,b9c3cb4bbb089b71,b88bd00d97086ae4,6dd8135c54d504a7,2249,200,queryById,ts-travel-service
1650264430,ts-route-service,78d25da130645d80,c1fdf29b0d807224,6dd8135c54d504a7,2452,200,queryById,ts-travel-service
1650264430,ts-station-service,7310d9d8a5e8524f,cbc585367130b18c,6dd8135c54d504a7,1771,200,queryForStationId,ts-basic-service
1650264430,ts-basic-service,3ea1928714c76673,7f4b1622344a6849,6dd8135c54d504a7,13073,200,queryForStationId,ts-ticketinfo-service
1650264430,ts-assurance-service,ee53944187b29bf5,,ee53944187b29bf5,1658,200,getAllAssuranceType,no_parent
1650264430,ts-basic-service,d292d455857ad1db,3ea1928714c76673,6dd8135c54d504a7,3937,200,GET,ts-basic-service
1650264430,ts-ticketinfo-service,7f4b1622344a6849,35c14c976aed0182,6dd8135c54d504a7,7637,200,GET,ts-ticketinfo-service
1650264430,ts-route-service,9d383c9019693eb0,c91e16598406d49f,6dd8135c54d504a7,2382,200,queryById,ts-travel-service
1650264430,ts-travel-service,5d17f2e773b0b36b,6dd8135c54d504a7,6dd8135c54d504a7,2900,200,GET,ts-travel-service
1650264430,ts-travel-service,ddb22aa8fa148e61,6dd8135c54d504a7,6dd8135c54d504a7,3239,200,GET,ts-travel-service
1650264430,ts-station-service,c3473647aaa8b239,d292d455857ad1db,6dd8135c54d504a7,2746,200,queryForStationId,ts-basic-service
1650264430,ts-ticketinfo-service,8a3afa73aa00f498,373cb4348e805bfc,6dd8135c54d504a7,6233,200,queryForStationId,ts-travel-service
1650264430,ts-ticketinfo-service,8b995b3ed13beadb,8a3afa73aa00f498,6dd8135c54d504a7,4730,200,GET,ts-ticketinfo-service
1650264430,ts-basic-service,d17bca0de155db0d,8b995b3ed13beadb,6dd8135c54d504a7,4174,200,queryForStationId,ts-ticketinfo-service
1650264490,ts-contacts-service,a689d78f781b892b,,a689d78f781b892b,2878,200,findContactsByAccountId,no_parent
1650264493,ts-preserve-service,85c73528bf1817de,9538bc36808f8585,9538bc36808f8585,10311629,200,GET,ts-preserve-service
1650264493,ts-preserve-service,9538bc36808f8585,,9538bc36808f8585,20615503,200,preserve,no_parent
1650264498,ts-security-service,49769cdeca44b80f,85c73528bf1817de,9538bc36808f8585,20323,200,check,ts-preserve-service
1650264498,ts-security-service,40cbf118efa0bdc1,49769cdeca44b80f,9538bc36808f8585,4448,200,GET,ts-security-service
1650264498,ts-order-other-service,fbdf551d54cc86fc,40cbf118efa0bdc1,9538bc36808f8585,3180,200,securityInfoCheck,ts-security-service
1650264498,ts-security-service,d19afeb6b002ba88,49769cdeca44b80f,9538bc36808f8585,4904,200,GET,ts-security-service
1650264498,ts-order-service,e5d2b913e21965bc,d19afeb6b002ba88,9538bc36808f8585,3368,200,securityInfoCheck,ts-security-service
1650264503,ts-preserve-service,52992989cb6479d2,9538bc36808f8585,9538bc36808f8585,10301100,200,GET,ts-preserve-service
1650264508,ts-contacts-service,28239310834242b5,52992989cb6479d2,9538bc36808f8585,2770,200,getContactsByContactsId,ts-preserve-service
1650264527,ts-ticketinfo-service,dae3771f0057fc0a,2496b76345e3db17,807300169c4dc5ac,16283,200,queryForStationId,ts-travel-service
1650264527,ts-ticketinfo-service,26145163c153cee3,dae3771f0057fc0a,807300169c4dc5ac,13947,200,GET,ts-ticketinfo-service
1650264527,ts-ticketinfo-service,ff143dfcf2b11393,49cd287c0c01aa49,807300169c4dc5ac,7840,200,queryForStationId,ts-travel-service
1650264527,ts-travel-service,15f7231f5c9edbfb,807300169c4dc5ac,807300169c4dc5ac,3182,200,GET,ts-travel-service
1650264527,ts-route-service,ce1be915745cbc39,8b4b1b139527d12,807300169c4dc5ac,2467,200,queryById,ts-travel-service
1650264527,ts-travel-service,41c85bb3bb3ff404,807300169c4dc5ac,807300169c4dc5ac,2638,200,GET,ts-travel-service
1650264527,ts-travel-service,49cd287c0c01aa49,807300169c4dc5ac,807300169c4dc5ac,8256,200,GET,ts-travel-service
1650264527,ts-travel-service,6075edf8b3d1f9b1,807300169c4dc5ac,807300169c4dc5ac,4293,200,GET,ts-travel-service
1650264527,ts-travel-service,807300169c4dc5ac,,807300169c4dc5ac,52217,200,queryInfo,no_parent
1650264527,ts-travel-service,9aa346b2eeadb7b6,807300169c4dc5ac,807300169c4dc5ac,2621,200,GET,ts-travel-service
1650264527,ts-route-service,343980452631e4b1,6075edf8b3d1f9b1,807300169c4dc5ac,3000,200,queryById,ts-travel-service
1650264527,ts-basic-service,973c1309024a69e8,26145163c153cee3,807300169c4dc5ac,6030,200,queryForStationId,ts-ticketinfo-service
1650264527,ts-basic-service,fc3371b227473792,8855b44d04fe332d,807300169c4dc5ac,3123,200,GET,ts-basic-service
1650264527,ts-basic-service,8855b44d04fe332d,3cdf588dc7c6b41,807300169c4dc5ac,5071,200,queryForStationId,ts-ticketinfo-service
1650264527,ts-ticketinfo-service,3cdf588dc7c6b41,ff143dfcf2b11393,807300169c4dc5ac,5759,200,GET,ts-ticketinfo-service
1650264527,ts-order-service,2744383c9b052ec6,b869613861f15a6b,b869613861f15a6b,9769,200,POST,ts-order-service
1650264527,ts-station-service,49dbc440cd52c136,2744383c9b052ec6,b869613861f15a6b,8111,200,queryForNameBatch,ts-order-service
1650264527,ts-basic-service,12702202c5a511ca,973c1309024a69e8,807300169c4dc5ac,3573,200,GET,ts-basic-service
1650264527,ts-travel-service,2496b76345e3db17,807300169c4dc5ac,807300169c4dc5ac,17953,200,GET,ts-travel-service
1650264527,ts-auth-service,8441cb7e2a2b98f9,314ad871dd8ed59c,314ad871dd8ed59c,3634,200,GET,ts-auth-service
1650264527,ts-station-service,960e6cbd7615b7df,fc3371b227473792,807300169c4dc5ac,2076,200,queryForStationId,ts-basic-service
1650264527,ts-auth-service,314ad871dd8ed59c,,314ad871dd8ed59c,112127,200,getToken,no_parent
1650264527,ts-station-service,1457bb862757f21f,12702202c5a511ca,807300169c4dc5ac,2366,200,queryForStationId,ts-basic-service
1650264527,ts-travel-service,8b4b1b139527d12,807300169c4dc5ac,807300169c4dc5ac,2602,200,GET,ts-travel-service
1650264527,ts-route-service,badc510efc6c623a,9aa346b2eeadb7b6,807300169c4dc5ac,2469,200,queryById,ts-travel-service
1650264527,ts-route-service,70ccd246304f6da5,15f7231f5c9edbfb,807300169c4dc5ac,2645,200,queryById,ts-travel-service
1650264527,ts-route-service,f457820de102d7e6,41c85bb3bb3ff404,807300169c4dc5ac,2477,200,queryById,ts-travel-service
1650264527,ts-verification-code-service,390878f7dcadd05,8441cb7e2a2b98f9,314ad871dd8ed59c,1911,200,verifyCode,ts-auth-service
1650264527,ts-order-service,b869613861f15a6b,,b869613861f15a6b,13499,200,queryOrdersForRefresh,no_parent
1650264527,ts-assurance-service,53a56dedbe94ad2,,53a56dedbe94ad2,1621,200,getAllAssuranceType,no_parent
1650264527,ts-verification-code-service,7721964391286cea,,7721964391286cea,3390,200,imageCode,no_parent
1650264587,ts-contacts-service,44355ea8b93d11dd,,44355ea8b93d11dd,3064,200,findContactsByAccountId,no_parent
1650264590,ts-preserve-service,a6892ba680fc3cf9,,a6892ba680fc3cf9,9329819,200,preserve,no_parent
1650264590,ts-preserve-service,12562fb38fdb6f65,a6892ba680fc3cf9,a6892ba680fc3cf9,9323143,200,GET,ts-preserve-service
1650264595,ts-security-service,3017075b467aa7cd,abf802a97e490f13,a6892ba680fc3cf9,5080,200,GET,ts-security-service
1650264595,ts-security-service,6e3196b1cd961664,abf802a97e490f13,a6892ba680fc3cf9,4799,200,GET,ts-security-service
1650264595,ts-order-other-service,c3ddf8f68a6c9b8,6e3196b1cd961664,a6892ba680fc3cf9,3240,200,securityInfoCheck,ts-security-service
1650264595,ts-security-service,abf802a97e490f13,12562fb38fdb6f65,a6892ba680fc3cf9,14725,200,check,ts-preserve-service
1650264595,ts-order-service,1fbd29840505c3a,3017075b467aa7cd,a6892ba680fc3cf9,3425,200,securityInfoCheck,ts-security-service
1650264600,ts-route-service,a64482e592cde7eb,fcf2d8128b2e7279,1f5287a7c8fc97a0,2554,200,queryById,ts-travel-service
1650264600,ts-basic-service,24a6569bf2f2f9ab,e044496a00919e4,1f5287a7c8fc97a0,7407,200,queryForStationId,ts-ticketinfo-service
1650264600,ts-route-service,6fc9f61b5360e993,3f18f58550343850,1f5287a7c8fc97a0,2919,200,queryById,ts-travel-service
1650264600,ts-travel-service,ea2cb481f9a5685b,1f5287a7c8fc97a0,1f5287a7c8fc97a0,12817,200,GET,ts-travel-service
1650264600,ts-travel-service,e75edf0a82ed0ccf,1f5287a7c8fc97a0,1f5287a7c8fc97a0,8419,200,GET,ts-travel-service
1650264600,ts-route-service,ae5fac49be71d5fe,dfee7aeff5498ef9,1f5287a7c8fc97a0,2630,200,queryById,ts-travel-service
1650264600,ts-basic-service,7311fb556cba98bb,478e39e05bf0b64c,1f5287a7c8fc97a0,2990,200,GET,ts-basic-service
1650264600,ts-preserve-service,62bad4c6f77d47c2,a6892ba680fc3cf9,a6892ba680fc3cf9,3622,200,GET,ts-preserve-service
1650264600,ts-travel-service,1f5287a7c8fc97a0,,1f5287a7c8fc97a0,49814,200,queryInfo,no_parent
1650264600,ts-travel-service,fcf2d8128b2e7279,1f5287a7c8fc97a0,1f5287a7c8fc97a0,2694,200,GET,ts-travel-service
1650264600,ts-travel-service,e8d4426e5979e840,1f5287a7c8fc97a0,1f5287a7c8fc97a0,3147,200,GET,ts-travel-service
1650264600,ts-travel-service,3f18f58550343850,1f5287a7c8fc97a0,1f5287a7c8fc97a0,2882,200,GET,ts-travel-service
1650264600,ts-travel-service,dfee7aeff5498ef9,1f5287a7c8fc97a0,1f5287a7c8fc97a0,2815,200,GET,ts-travel-service
1650264600,ts-route-service,326247a685e095b9,4db6e5067cad1fb3,1f5287a7c8fc97a0,3055,200,queryById,ts-travel-service
1650264600,ts-verification-code-service,7440c9cc962fe565,,7440c9cc962fe565,2491,200,imageCode,no_parent
1650264600,ts-basic-service,4e20c893a501af94,24a6569bf2f2f9ab,1f5287a7c8fc97a0,4679,200,GET,ts-basic-service
1650264600,ts-contacts-service,f35cdff6c55b7598,62bad4c6f77d47c2,a6892ba680fc3cf9,2070,200,getContactsByContactsId,ts-preserve-service
1650264600,ts-route-service,6f65f8a9b0bc1dbe,e8d4426e5979e840,1f5287a7c8fc97a0,2658,200,queryById,ts-travel-service
1650264600,ts-station-service,84fd5209e6eaa28f,4e20c893a501af94,1f5287a7c8fc97a0,3527,200,queryForStationId,ts-basic-service
1650264600,ts-station-service,1b8c719519e73d3d,7311fb556cba98bb,1f5287a7c8fc97a0,2242,200,queryForStationId,ts-basic-service
1650264600,ts-basic-service,478e39e05bf0b64c,104df9b0a010112f,1f5287a7c8fc97a0,5127,200,queryForStationId,ts-ticketinfo-service
1650264600,ts-ticketinfo-service,e044496a00919e4,4c86db37bd1a04b3,1f5287a7c8fc97a0,8609,200,GET,ts-ticketinfo-service
1650264600,ts-ticketinfo-service,104df9b0a010112f,2d2bd2995711b69b,1f5287a7c8fc97a0,5836,200,GET,ts-ticketinfo-service
1650264600,ts-ticketinfo-service,2d2bd2995711b69b,e75edf0a82ed0ccf,1f5287a7c8fc97a0,7911,200,queryForStationId,ts-travel-service
1650264600,ts-order-service,7a23c5a9a39f365b,86d4d55a7f822ee6,86d4d55a7f822ee6,14233,200,POST,ts-order-service
1650264600,ts-station-service,165e1a25e5eb5560,7a23c5a9a39f365b,86d4d55a7f822ee6,13257,200,queryForNameBatch,ts-order-service
1650264600,ts-ticketinfo-service,4c86db37bd1a04b3,ea2cb481f9a5685b,1f5287a7c8fc97a0,11056,200,queryForStationId,ts-travel-service
1650264600,ts-travel-service,4db6e5067cad1fb3,1f5287a7c8fc97a0,1f5287a7c8fc97a0,4478,200,GET,ts-travel-service
1650264600,ts-assurance-service,ca395d1824927f3,,ca395d1824927f3,1643,200,getAllAssuranceType,no_parent
1650264600,ts-auth-service,a7290e8a55816294,,a7290e8a55816294,118246,200,getToken,no_parent
1650264600,ts-auth-service,2fded69baf62b297,a7290e8a55816294,a7290e8a55816294,3833,200,GET,ts-auth-service
1650264600,ts-verification-code-service,49ece1c754572749,2fded69baf62b297,a7290e8a55816294,1881,200,verifyCode,ts-auth-service
1650264600,ts-order-service,86d4d55a7f822ee6,,86d4d55a7f822ee6,17455,200,queryOrdersForRefresh,no_parent
1650264660,ts-order-service,8f4c77b46c4a260,50c740df426a8fa0,a11f88f4156bcce4,3611,200,securityInfoCheck,ts-security-service
1650264660,ts-auth-service,fc5edaab256665aa,8d87d91273f5c424,8d87d91273f5c424,3797,200,GET,ts-auth-service
1650264660,ts-contacts-service,623a22e46c9e0094,6cea4e67b25a20e3,a11f88f4156bcce4,2217,200,getContactsByContactsId,ts-preserve-service
1650264660,ts-station-service,4c1dfe5c7baaa7ea,3be94fa2afbfe3d7,a1acaa4da6e26a,2237,200,queryForStationId,ts-basic-service
1650264660,ts-security-service,50c740df426a8fa0,b87118e8ac6bb709,a11f88f4156bcce4,5036,200,GET,ts-security-service
1650264660,ts-security-service,213a855b71f030c8,b87118e8ac6bb709,a11f88f4156bcce4,4517,200,GET,ts-security-service
1650264660,ts-security-service,b87118e8ac6bb709,6e7401f22e1ad2cc,a11f88f4156bcce4,14181,200,check,ts-preserve-service
1650264660,ts-auth-service,8d87d91273f5c424,,8d87d91273f5c424,109726,200,getToken,no_parent
1650264660,ts-ticketinfo-service,18913905e59f5b2e,6243a4c05cda9489,a1acaa4da6e26a,6943,200,GET,ts-ticketinfo-service
1650264660,ts-basic-service,5aea0ffc732532b9,6ffe2962d1df9d80,a1acaa4da6e26a,4752,200,queryForStationId,ts-ticketinfo-service
1650264660,ts-basic-service,3be94fa2afbfe3d7,368354602e4059b5,a1acaa4da6e26a,3318,200,GET,ts-basic-service
1650264660,ts-basic-service,b466e640a254d2d6,5aea0ffc732532b9,a1acaa4da6e26a,2738,200,GET,ts-basic-service
1650264660,ts-basic-service,368354602e4059b5,18913905e59f5b2e,a1acaa4da6e26a,5750,200,queryForStationId,ts-ticketinfo-service
1650264660,ts-order-service,83add15b899387dd,78c03acd2da0c180,78c03acd2da0c180,9659,200,POST,ts-order-service
1650264660,ts-order-service,78c03acd2da0c180,,78c03acd2da0c180,12977,200,queryOrdersForRefresh,no_parent
1650264660,ts-station-service,368d56258802afef,b466e640a254d2d6,a1acaa4da6e26a,2104,200,queryForStationId,ts-basic-service
1650264660,ts-ticketinfo-service,6ffe2962d1df9d80,244a3f7c0178df78,a1acaa4da6e26a,5486,200,GET,ts-ticketinfo-service
1650264660,ts-ticketinfo-service,244a3f7c0178df78,d9f58b07aa17cc10,a1acaa4da6e26a,7481,200,queryForStationId,ts-travel-service
1650264660,ts-travel-service,27e52fc3349696f6,a1acaa4da6e26a,a1acaa4da6e26a,10859,200,GET,ts-travel-service
1650264660,ts-travel-service,d9f58b07aa17cc10,a1acaa4da6e26a,a1acaa4da6e26a,7975,200,GET,ts-travel-service
1650264660,ts-travel-service,c0c42cef353df379,a1acaa4da6e26a,a1acaa4da6e26a,2457,200,GET,ts-travel-service
1650264660,ts-travel-service,172f3965a7cba619,a1acaa4da6e26a,a1acaa4da6e26a,2362,200,GET,ts-travel-service
1650264660,ts-travel-service,e6b654c62500506f,a1acaa4da6e26a,a1acaa4da6e26a,4274,200,GET,ts-travel-service
1650264660,ts-station-service,de885caa06eebdd9,83add15b899387dd,78c03acd2da0c180,8183,200,queryForNameBatch,ts-order-service
1650264660,ts-order-other-service,91e98ba4a347b629,213a855b71f030c8,a11f88f4156bcce4,3161,200,securityInfoCheck,ts-security-service
1650264660,ts-preserve-service,6e7401f22e1ad2cc,a11f88f4156bcce4,a11f88f4156bcce4,15747,200,GET,ts-preserve-service
1650264660,ts-preserve-service,a11f88f4156bcce4,,a11f88f4156bcce4,22188,200,preserve,no_parent
1650264660,ts-ticketinfo-service,6243a4c05cda9489,27e52fc3349696f6,a1acaa4da6e26a,9336,200,queryForStationId,ts-travel-service
1650264660,ts-contacts-service,fff5a12774f8c48,,fff5a12774f8c48,2802,200,findContactsByAccountId,no_parent
1650264660,ts-preserve-service,6cea4e67b25a20e3,a11f88f4156bcce4,a11f88f4156bcce4,3431,200,GET,ts-preserve-service
1650264660,ts-travel-service,a1acaa4da6e26a,,a1acaa4da6e26a,44012,200,queryInfo,no_parent
1650264660,ts-route-service,5a9d5897a92ff7cf,e6b654c62500506f,a1acaa4da6e26a,2863,200,queryById,ts-travel-service
1650264660,ts-route-service,8fe7e6c775329100,1a82acfa2ba347ac,a1acaa4da6e26a,2447,200,queryById,ts-travel-service
1650264660,ts-route-service,5bf87005ade97286,172f3965a7cba619,a1acaa4da6e26a,2160,200,queryById,ts-travel-service
1650264660,ts-travel-service,bea1ad444b71d645,a1acaa4da6e26a,a1acaa4da6e26a,2346,200,GET,ts-travel-service
1650264660,ts-travel-service,1a82acfa2ba347ac,a1acaa4da6e26a,a1acaa4da6e26a,2885,200,GET,ts-travel-service
1650264660,ts-route-service,72a0f39eabe1c650,c0c42cef353df379,a1acaa4da6e26a,2262,200,queryById,ts-travel-service
1650264660,ts-route-service,bef6a4faf9b520cd,bea1ad444b71d645,a1acaa4da6e26a,2199,200,queryById,ts-travel-service
1650264660,ts-verification-code-service,ff96a7bffcd72608,fc5edaab256665aa,8d87d91273f5c424,2029,200,verifyCode,ts-auth-service
1650264660,ts-verification-code-service,bff0664743874af3,,bff0664743874af3,2937,200,imageCode,no_parent
1650264660,ts-assurance-service,8431f691292bf20c,,8431f691292bf20c,1599,200,getAllAssuranceType,no_parent
1650264720,ts-preserve-service,94ab3dbec9649935,aeadaafa014c9636,aeadaafa014c9636,15650,200,GET,ts-preserve-service
1650264720,ts-security-service,90b48ec422910439,3945c26d0eb95a46,aeadaafa014c9636,4965,200,GET,ts-security-service
1650264720,ts-security-service,3945c26d0eb95a46,94ab3dbec9649935,aeadaafa014c9636,14046,200,check,ts-preserve-service
1650264720,ts-order-other-service,8c2930010645aa2e,7b7e9e13f1eee3e0,aeadaafa014c9636,3262,200,securityInfoCheck,ts-security-service
1650264720,ts-order-service,3c1c7af39b55a000,90b48ec422910439,aeadaafa014c9636,3558,200,securityInfoCheck,ts-security-service
1650264720,ts-contacts-service,f8a3095ec8c8e65c,,f8a3095ec8c8e65c,2983,200,findContactsByAccountId,no_parent
1650264720,ts-security-service,7b7e9e13f1eee3e0,3945c26d0eb95a46,aeadaafa014c9636,4541,200,GET,ts-security-service
1650264720,ts-preserve-service,9fef2e95f7392962,aeadaafa014c9636,aeadaafa014c9636,1016095,200,GET,ts-preserve-service
1650264720,ts-preserve-service,aeadaafa014c9636,,aeadaafa014c9636,1034738,200,preserve,no_parent
1650264721,ts-travel-service,8727cd9dea5a76f,d1f05f8fdb923341,d1f05f8fdb923341,2318,200,GET,ts-travel-service
1650264721,ts-travel-service,e98c093dcecefc2f,d1f05f8fdb923341,d1f05f8fdb923341,2384,200,GET,ts-travel-service
1650264721,ts-auth-service,92723d8b1dc2a8fe,,92723d8b1dc2a8fe,111475,200,getToken,no_parent
1650264721,ts-basic-service,3e8d4dc736246ab8,cfa03b393d04ff86,d1f05f8fdb923341,5599,200,queryForStationId,ts-ticketinfo-service
1650264721,ts-basic-service,7c6a9f1ef97f77e,7fd6b1dea9539776,d1f05f8fdb923341,4995,200,queryForStationId,ts-ticketinfo-service
1650264721,ts-basic-service,f15dad568cad9ceb,7c6a9f1ef97f77e,d1f05f8fdb923341,3007,200,GET,ts-basic-service
1650264721,ts-basic-service,6411462cfd473964,3e8d4dc736246ab8,d1f05f8fdb923341,3255,200,GET,ts-basic-service
1650264721,ts-travel-service,2a85676ee36a0201,d1f05f8fdb923341,d1f05f8fdb923341,2685,200,GET,ts-travel-service
1650264721,ts-travel-service,d1f05f8fdb923341,,d1f05f8fdb923341,43298,200,queryInfo,no_parent
1650264721,ts-route-service,d85f15a93dbce51c,8727cd9dea5a76f,d1f05f8fdb923341,2067,200,queryById,ts-travel-service
1650264721,ts-route-service,a3b610e0dc7df51c,e98c093dcecefc2f,d1f05f8fdb923341,2180,200,queryById,ts-travel-service
1650264721,ts-travel-service,bf84666f19964780,d1f05f8fdb923341,d1f05f8fdb923341,10733,200,GET,ts-travel-service
1650264721,ts-ticketinfo-service,cfa03b393d04ff86,acdff1ebe08c18c2,d1f05f8fdb923341,6660,200,GET,ts-ticketinfo-service
1650264721,ts-ticketinfo-service,231ae47e15f95fe1,eae004feafc15c4f,d1f05f8fdb923341,7672,200,queryForStationId,ts-travel-service
1650264721,ts-travel-service,755884a1f59ec9f8,d1f05f8fdb923341,d1f05f8fdb923341,3983,200,GET,ts-travel-service
1650264721,ts-ticketinfo-service,acdff1ebe08c18c2,bf84666f19964780,d1f05f8fdb923341,9008,200,queryForStationId,ts-travel-service
1650264721,ts-ticketinfo-service,7fd6b1dea9539776,231ae47e15f95fe1,d1f05f8fdb923341,5713,200,GET,ts-ticketinfo-service
1650264721,ts-route-service,a0de25a5caf316c3,2a85676ee36a0201,d1f05f8fdb923341,2261,200,queryById,ts-travel-service
1650264721,ts-station-service,3f5b33fd621b5020,6411462cfd473964,d1f05f8fdb923341,2210,200,queryForStationId,ts-basic-service
1650264721,ts-station-service,4c5ccfe7437564d9,f15dad568cad9ceb,d1f05f8fdb923341,2083,200,queryForStationId,ts-basic-service
1650264721,ts-travel-service,eae004feafc15c4f,d1f05f8fdb923341,d1f05f8fdb923341,8183,200,GET,ts-travel-service
1650264721,ts-station-service,6586a5086e8702e7,290f636d4cb8a1c9,27465c777fbe787,7811,200,queryForNameBatch,ts-order-service
1650264721,ts-verification-code-service,f8e2cf49999b7715,,f8e2cf49999b7715,2970,200,imageCode,no_parent
1650264721,ts-auth-service,3fcbe4dc6bce8c76,92723d8b1dc2a8fe,92723d8b1dc2a8fe,3561,200,GET,ts-auth-service
1650264721,ts-verification-code-service,444d59ff28ff5917,3fcbe4dc6bce8c76,92723d8b1dc2a8fe,1932,200,verifyCode,ts-auth-service
1650264721,ts-route-service,81fa31bf3405a195,755884a1f59ec9f8,d1f05f8fdb923341,2656,200,queryById,ts-travel-service
1650264721,ts-travel-service,8a9598cf827ea71f,d1f05f8fdb923341,d1f05f8fdb923341,2378,200,GET,ts-travel-service
1650264721,ts-route-service,c2aa8b8ccbdd15d4,8a9598cf827ea71f,d1f05f8fdb923341,2173,200,queryById,ts-travel-service
1650264721,ts-contacts-service,4ebfbda77885f8f0,9fef2e95f7392962,aeadaafa014c9636,2723,200,getContactsByContactsId,ts-preserve-service
1650264721,ts-assurance-service,c807813714cd5a2f,,c807813714cd5a2f,1615,200,getAllAssuranceType,no_parent
1650264721,ts-order-service,27465c777fbe787,,27465c777fbe787,12863,200,queryOrdersForRefresh,no_parent
1650264721,ts-order-service,290f636d4cb8a1c9,27465c777fbe787,27465c777fbe787,9311,200,POST,ts-order-service
1650264781,ts-contacts-service,16230648a0f29d18,,16230648a0f29d18,2914,200,findContactsByAccountId,no_parent
1650264783,ts-security-service,85f5cf51f97156ba,f1edb35e94d39206,c4725c765831cdd0,15908,200,check,no_parent
1650264783,ts-security-service,cb243b7cff391678,85f5cf51f97156ba,c4725c765831cdd0,6065,200,GET,ts-security-service
1650264783,ts-order-service,cdadce5dec814500,9f4e1b699d045c93,c4725c765831cdd0,3396,200,securityInfoCheck,ts-security-service
1650264783,ts-security-service,9f4e1b699d045c93,85f5cf51f97156ba,c4725c765831cdd0,4953,200,GET,ts-security-service
1650264783,ts-order-other-service,7c7587a6481ee4df,cb243b7cff391678,c4725c765831cdd0,4381,200,securityInfoCheck,ts-security-service
1650264784,ts-contacts-service,5b824cab6884c586,ef381c789b466e1a,c4725c765831cdd0,2599,200,getContactsByContactsId,no_parent
1650264785,ts-order-service,f857b44e922c158d,,f857b44e922c158d,13470,200,queryOrdersForRefresh,no_parent
1650264785,ts-auth-service,f2adb06546df5806,,f2adb06546df5806,111100,200,getToken,no_parent
1650264785,ts-auth-service,e70397db8325764f,f2adb06546df5806,f2adb06546df5806,3644,200,GET,ts-auth-service
1650264785,ts-verification-code-service,702641b1bf281c6,e70397db8325764f,f2adb06546df5806,2053,200,verifyCode,ts-auth-service
1650264785,ts-travel-service,8011e5bd8aed0001,63e3eb9e14b796df,63e3eb9e14b796df,10921,200,GET,ts-travel-service
1650264785,ts-travel-service,2f2af9066c094e70,63e3eb9e14b796df,63e3eb9e14b796df,11197,200,GET,ts-travel-service
1650264785,ts-travel-service,60924b39be6c8322,63e3eb9e14b796df,63e3eb9e14b796df,2267,200,GET,ts-travel-service
1650264785,ts-travel-service,6b058517fe33da1,63e3eb9e14b796df,63e3eb9e14b796df,2309,200,GET,ts-travel-service
1650264785,ts-order-service,aba8423eaaea00df,f857b44e922c158d,f857b44e922c158d,9720,200,POST,ts-order-service
1650264785,ts-assurance-service,af54bc1452cb3e31,,af54bc1452cb3e31,1585,200,getAllAssuranceType,no_parent
1650264785,ts-basic-service,80a5cf32b105e19f,67ce8777e890c233,63e3eb9e14b796df,6118,200,queryForStationId,ts-ticketinfo-service
1650264785,ts-basic-service,ebe4d90e2a93156a,cafa3026148395ed,63e3eb9e14b796df,4813,200,queryForStationId,ts-ticketinfo-service
1650264785,ts-basic-service,f9d6110fe9bd6767,80a5cf32b105e19f,63e3eb9e14b796df,3683,200,GET,ts-basic-service
1650264785,ts-travel-service,643bacd93b35a7e9,63e3eb9e14b796df,63e3eb9e14b796df,7874,200,GET,ts-travel-service
1650264785,ts-travel-service,66d424dcf65a7025,63e3eb9e14b796df,63e3eb9e14b796df,2482,200,GET,ts-travel-service
1650264785,ts-travel-service,63e3eb9e14b796df,,63e3eb9e14b796df,49994,200,queryInfo,no_parent
1650264785,ts-travel-service,24ee21e585537522,63e3eb9e14b796df,63e3eb9e14b796df,2301,200,GET,ts-travel-service
1650264785,ts-route-service,240a0a3a9a874834,8011e5bd8aed0001,63e3eb9e14b796df,9563,200,queryById,ts-travel-service
1650264785,ts-station-service,51c49fd5177e8494,aba8423eaaea00df,f857b44e922c158d,8079,200,queryForNameBatch,ts-order-service
1650264785,ts-basic-service,f1e37cc2e2ebd479,ebe4d90e2a93156a,63e3eb9e14b796df,2787,200,GET,ts-basic-service
1650264785,ts-ticketinfo-service,cafa3026148395ed,29a21fb4e654735d,63e3eb9e14b796df,5432,200,GET,ts-ticketinfo-service
1650264785,ts-ticketinfo-service,29a21fb4e654735d,643bacd93b35a7e9,63e3eb9e14b796df,7402,200,queryForStationId,ts-travel-service
1650264785,ts-ticketinfo-service,b540e45e39f832b8,2f2af9066c094e70,63e3eb9e14b796df,9611,200,queryForStationId,ts-travel-service
1650264785,ts-ticketinfo-service,67ce8777e890c233,b540e45e39f832b8,63e3eb9e14b796df,7317,200,GET,ts-ticketinfo-service
1650264785,ts-route-service,23cf25ebc1a167e8,24ee21e585537522,63e3eb9e14b796df,2126,200,queryById,ts-travel-service
1650264785,ts-route-service,b4e4c2f1ed035f37,60924b39be6c8322,63e3eb9e14b796df,2109,200,queryById,ts-travel-service
1650264785,ts-route-service,4dec700324983802,6b058517fe33da1,63e3eb9e14b796df,2113,200,queryById,ts-travel-service
1650264785,ts-route-service,2c8ac266f94823a5,66d424dcf65a7025,63e3eb9e14b796df,2133,200,queryById,ts-travel-service
1650264785,ts-station-service,8b283cf2d1d0a9a2,f9d6110fe9bd6767,63e3eb9e14b796df,2270,200,queryForStationId,ts-basic-service
1650264785,ts-station-service,4391623b2e7b080d,f1e37cc2e2ebd479,63e3eb9e14b796df,2108,200,queryForStationId,ts-basic-service
1650264785,ts-verification-code-service,7e1662885ce41872,,7e1662885ce41872,3042,200,imageCode,no_parent
1650264846,ts-order-service,3ffbb02de39f6f95,ae42b8dc2d1bdebd,f3e24c0aa872ba13,3572,200,securityInfoCheck,ts-security-service
1650264846,ts-preserve-service,72357e8a856a2ac0,f3e24c0aa872ba13,f3e24c0aa872ba13,222639,200,GET,ts-preserve-service
1650264846,ts-preserve-service,4020a13eb8e8d60,f3e24c0aa872ba13,f3e24c0aa872ba13,212073,200,GET,ts-preserve-service
1650264846,ts-security-service,ebf908363a44e2fe,c150c15e982eb528,f3e24c0aa872ba13,4563,200,GET,ts-security-service
1650264846,ts-order-other-service,49f58c4af9537d9c,ebf908363a44e2fe,f3e24c0aa872ba13,3206,200,securityInfoCheck,ts-security-service
1650264846,ts-preserve-service,f3e24c0aa872ba13,,f3e24c0aa872ba13,437569,200,preserve,no_parent
1650264846,ts-security-service,c150c15e982eb528,72357e8a856a2ac0,f3e24c0aa872ba13,13869,200,check,ts-preserve-service
1650264846,ts-contacts-service,34a2d29af252c7c5,4020a13eb8e8d60,f3e24c0aa872ba13,2638,200,getContactsByContactsId,ts-preserve-service
1650264846,ts-security-service,ae42b8dc2d1bdebd,c150c15e982eb528,f3e24c0aa872ba13,4709,200,GET,ts-security-service
1650264846,ts-contacts-service,cc1d8113ce585067,,cc1d8113ce585067,2871,200,findContactsByAccountId,no_parent
1650264854,ts-travel-service,7a8866fb0fa5f5d6,913f4feeed9a377a,913f4feeed9a377a,2175,200,GET,ts-travel-service
1650264854,ts-travel-service,36ff6741c4ceebfb,913f4feeed9a377a,913f4feeed9a377a,2342,200,GET,ts-travel-service
1650264854,ts-travel-service,f98d6653961cb7c5,913f4feeed9a377a,913f4feeed9a377a,11286,200,GET,ts-travel-service
1650264854,ts-ticketinfo-service,7ecc104559b726fc,b50fc6bfd440578e,913f4feeed9a377a,7439,200,queryForStationId,ts-travel-service
1650264854,ts-travel-service,ad4ab09b8f5e3816,913f4feeed9a377a,913f4feeed9a377a,2290,200,GET,ts-travel-service
1650264854,ts-auth-service,7ff4ab1860c62fdc,,7ff4ab1860c62fdc,109242,200,getToken,no_parent
1650264854,ts-auth-service,b244afe0431feb7b,7ff4ab1860c62fdc,7ff4ab1860c62fdc,3537,200,GET,ts-auth-service
1650264854,ts-travel-service,cb5eefcf94e8fbac,913f4feeed9a377a,913f4feeed9a377a,3591,200,GET,ts-travel-service
1650264854,ts-ticketinfo-service,5c092c586c02d3c0,cbf74cf3b6e2e24e,913f4feeed9a377a,7041,200,GET,ts-ticketinfo-service
1650264854,ts-station-service,6945d64368de4370,a8013c0d098d7c3e,913f4feeed9a377a,2114,200,queryForStationId,ts-basic-service
1650264854,ts-route-service,613a2ad6950a3d99,cb5eefcf94e8fbac,913f4feeed9a377a,2479,200,queryById,ts-travel-service
1650264854,ts-route-service,90cb3a6cc7b1acb3,ad4ab09b8f5e3816,913f4feeed9a377a,2138,200,queryById,ts-travel-service
1650264854,ts-route-service,49ddfdaddd5c7308,36ff6741c4ceebfb,913f4feeed9a377a,2127,200,queryById,ts-travel-service
1650264854,ts-travel-service,dbeb80d352d970e4,913f4feeed9a377a,913f4feeed9a377a,2632,200,GET,ts-travel-service
1650264854,ts-travel-service,913f4feeed9a377a,,913f4feeed9a377a,42370,200,queryInfo,no_parent
1650264854,ts-station-service,df74209fed8e89ee,b2805bb17b4b032f,913f4feeed9a377a,2274,200,queryForStationId,ts-basic-service
1650264854,ts-basic-service,bd7b9df730a09736,5c092c586c02d3c0,913f4feeed9a377a,5868,200,queryForStationId,ts-ticketinfo-service
1650264854,ts-station-service,aabb6437d0606367,2908cd32450dc714,e65aa5c1b3a19bb3,8061,200,queryForNameBatch,ts-order-service
1650264854,ts-order-service,e65aa5c1b3a19bb3,,e65aa5c1b3a19bb3,13244,200,queryOrdersForRefresh,no_parent
1650264854,ts-basic-service,b2805bb17b4b032f,bd7b9df730a09736,913f4feeed9a377a,3333,200,GET,ts-basic-service
1650264854,ts-order-service,2908cd32450dc714,e65aa5c1b3a19bb3,e65aa5c1b3a19bb3,9639,200,POST,ts-order-service
1650264854,ts-ticketinfo-service,35966d426e4d994d,7ecc104559b726fc,913f4feeed9a377a,5477,200,GET,ts-ticketinfo-service
1650264854,ts-ticketinfo-service,cbf74cf3b6e2e24e,f98d6653961cb7c5,913f4feeed9a377a,9317,200,queryForStationId,ts-travel-service
1650264854,ts-basic-service,953b6f3a8460a1e8,35966d426e4d994d,913f4feeed9a377a,4767,200,queryForStationId,ts-ticketinfo-service
1650264854,ts-basic-service,a8013c0d098d7c3e,953b6f3a8460a1e8,913f4feeed9a377a,2802,200,GET,ts-basic-service
1650264854,ts-travel-service,b50fc6bfd440578e,913f4feeed9a377a,913f4feeed9a377a,7966,200,GET,ts-travel-service
1650264854,ts-route-service,591d4a9b00c71765,7a8866fb0fa5f5d6,913f4feeed9a377a,2031,200,queryById,ts-travel-service
1650264854,ts-route-service,e3acb9f6c76e23f,dbeb80d352d970e4,913f4feeed9a377a,2116,200,queryById,ts-travel-service
1650264854,ts-assurance-service,902c2bc6a11279c,,902c2bc6a11279c,1523,200,getAllAssuranceType,no_parent
1650264854,ts-verification-code-service,e690157307813e1a,b244afe0431feb7b,7ff4ab1860c62fdc,1928,200,verifyCode,ts-auth-service
1650264854,ts-verification-code-service,54eaf82745815d69,,54eaf82745815d69,3043,200,imageCode,no_parent
1650264914,ts-contacts-service,3150d6da06294f95,,3150d6da06294f95,3015,200,findContactsByAccountId,no_parent
1650264915,ts-preserve-service,de3cd291b69a0568,,de3cd291b69a0568,234547,200,preserve,no_parent
1650264915,ts-order-other-service,26da856d6fa28296,c863b50de99ebdf2,de3cd291b69a0568,3152,200,securityInfoCheck,ts-security-service
1650264915,ts-preserve-service,285010379ba6a201,de3cd291b69a0568,de3cd291b69a0568,3918,200,GET,ts-preserve-service
1650264915,ts-security-service,c863b50de99ebdf2,b9450cf5be6d67ee,de3cd291b69a0568,4406,200,GET,ts-security-service
1650264915,ts-order-service,ab9b603f229e7084,3feda397c4b246a2,de3cd291b69a0568,10887,200,securityInfoCheck,ts-security-service
1650264915,ts-security-service,3feda397c4b246a2,b9450cf5be6d67ee,de3cd291b69a0568,12273,200,GET,ts-security-service
1650264915,ts-contacts-service,50d96ce44247f84d,285010379ba6a201,de3cd291b69a0568,2526,200,getContactsByContactsId,ts-preserve-service
1650264915,ts-security-service,b9450cf5be6d67ee,3c6fb2705642e945,de3cd291b69a0568,21280,200,check,ts-preserve-service
1650264915,ts-preserve-service,3c6fb2705642e945,de3cd291b69a0568,de3cd291b69a0568,227804,200,GET,ts-preserve-service
1650264916,ts-ticketinfo-service,bd3fa5598f198f5d,883eb96202e0aee2,daea6ed44cae0724,5594,200,GET,ts-ticketinfo-service
1650264916,ts-ticketinfo-service,a440c108679bb5e8,9be84f41e27b8cdb,daea6ed44cae0724,9140,200,queryForStationId,ts-travel-service
1650264916,ts-ticketinfo-service,818c67c37b366c02,a440c108679bb5e8,daea6ed44cae0724,7014,200,GET,ts-ticketinfo-service
1650264916,ts-route-service,1c31b2f5b62b8a59,65ea4b0eb1e1c42d,daea6ed44cae0724,2187,200,queryById,ts-travel-service
1650264916,ts-basic-service,cefb818744b29a88,bd3fa5598f198f5d,daea6ed44cae0724,4750,200,queryForStationId,ts-ticketinfo-service
1650264916,ts-route-service,cc34c8774324f12d,a18655ac30f1e3e2,daea6ed44cae0724,2173,200,queryById,ts-travel-service
1650264916,ts-basic-service,19b002c1065ef835,43d53f2858b17425,daea6ed44cae0724,3323,200,GET,ts-basic-service
1650264916,ts-travel-service,65ea4b0eb1e1c42d,daea6ed44cae0724,daea6ed44cae0724,2375,200,GET,ts-travel-service
1650264916,ts-route-service,e4966f1cbecb145c,149f636595971b03,daea6ed44cae0724,2138,200,queryById,ts-travel-service
1650264916,ts-travel-service,daea6ed44cae0724,,daea6ed44cae0724,46385,200,queryInfo,no_parent
1650264916,ts-basic-service,43d53f2858b17425,818c67c37b366c02,daea6ed44cae0724,5803,200,queryForStationId,ts-ticketinfo-service
1650264916,ts-basic-service,601342a7c051f92d,cefb818744b29a88,daea6ed44cae0724,2775,200,GET,ts-basic-service
1650264916,ts-travel-service,a18655ac30f1e3e2,daea6ed44cae0724,daea6ed44cae0724,2361,200,GET,ts-travel-service
1650264916,ts-travel-service,9be84f41e27b8cdb,daea6ed44cae0724,daea6ed44cae0724,11358,200,GET,ts-travel-service
1650264916,ts-travel-service,cb341c40e1392b5c,daea6ed44cae0724,daea6ed44cae0724,2312,200,GET,ts-travel-service
1650264916,ts-travel-service,149f636595971b03,daea6ed44cae0724,daea6ed44cae0724,2635,200,GET,ts-travel-service
1650264916,ts-route-service,7623c018d87fc7e,cb341c40e1392b5c,daea6ed44cae0724,2156,200,queryById,ts-travel-service
1650264916,ts-auth-service,b8afaaa30eb5c9ba,81a53e64782b6b4e,81a53e64782b6b4e,3617,200,GET,ts-auth-service
1650264916,ts-route-service,9d29e524eb1460dd,9088232d3d7164a1,daea6ed44cae0724,2651,200,queryById,ts-travel-service
1650264916,ts-travel-service,9088232d3d7164a1,daea6ed44cae0724,daea6ed44cae0724,4029,200,GET,ts-travel-service
1650264916,ts-station-service,54cdabc8391b0fc7,19b002c1065ef835,daea6ed44cae0724,2261,200,queryForStationId,ts-basic-service
1650264916,ts-station-service,183a1027b3a5ace5,601342a7c051f92d,daea6ed44cae0724,2150,200,queryForStationId,ts-basic-service
1650264916,ts-travel-service,bf0ae090e5ede815,daea6ed44cae0724,daea6ed44cae0724,7952,200,GET,ts-travel-service
1650264916,ts-order-service,4966ee1e5fcfab7,,4966ee1e5fcfab7,13468,200,queryOrdersForRefresh,no_parent
1650264916,ts-station-service,750de7790ad4ab77,e7ec317fe6f4e950,4966ee1e5fcfab7,8264,200,queryForNameBatch,ts-order-service
1650264916,ts-ticketinfo-service,883eb96202e0aee2,bf0ae090e5ede815,daea6ed44cae0724,7436,200,queryForStationId,ts-travel-service
1650264916,ts-verification-code-service,712900eb9055f1c,,712900eb9055f1c,2954,200,imageCode,no_parent
1650264916,ts-auth-service,81a53e64782b6b4e,,81a53e64782b6b4e,111689,200,getToken,no_parent
1650264916,ts-verification-code-service,48477694ac3e4eb1,b8afaaa30eb5c9ba,81a53e64782b6b4e,2011,200,verifyCode,ts-auth-service
1650264916,ts-order-service,e7ec317fe6f4e950,4966ee1e5fcfab7,4966ee1e5fcfab7,9835,200,POST,ts-order-service
1650264916,ts-assurance-service,2e2091d70c3bb3c3,,2e2091d70c3bb3c3,1749,200,getAllAssuranceType,no_parent
1650264976,ts-contacts-service,888bbdac84a77857,,888bbdac84a77857,2863,200,findContactsByAccountId,no_parent
1650264990,ts-order-service,65fce338403e93bd,96ca0ff67fccf9aa,b80f90acf5baf6bb,3552,200,securityInfoCheck,ts-security-service
1650264990,ts-security-service,96ca0ff67fccf9aa,d90e086348142522,b80f90acf5baf6bb,5123,200,GET,ts-security-service
1650264990,ts-security-service,5084a066492c7d8d,d90e086348142522,b80f90acf5baf6bb,4537,200,GET,ts-security-service
1650264990,ts-security-service,d90e086348142522,5d80275eb81dd4d0,b80f90acf5baf6bb,14240,200,check,no_parent
1650264990,ts-order-other-service,7d627cc3148a57fe,5084a066492c7d8d,b80f90acf5baf6bb,3181,200,securityInfoCheck,ts-security-service
1650265039,ts-verification-code-service,40400f75fbfd7e8f,52eb910ec8a451dc,b8be766950da6a69,2005,200,verifyCode,ts-auth-service
1650265039,ts-assurance-service,249bd0c9956f7cc,,249bd0c9956f7cc,1616,200,getAllAssuranceType,no_parent
1650265039,ts-route-service,4835639632620fa2,9909cf551c4b1af4,4895593ba6f8844f,2152,200,queryById,ts-travel-service
1650265039,ts-travel-service,3aba74c273bbd4b9,4895593ba6f8844f,4895593ba6f8844f,2204,200,GET,ts-travel-service
1650265039,ts-route-service,757c87e397d5d0f,fda2ca67310591fb,4895593ba6f8844f,2217,200,queryById,ts-travel-service
1650265039,ts-basic-service,a5f51f50d0d31f1,9a302c15783cf2a6,4895593ba6f8844f,4764,200,queryForStationId,ts-ticketinfo-service
1650265039,ts-basic-service,abe319f13bac9948,139240ac18d16de9,4895593ba6f8844f,5819,200,queryForStationId,ts-ticketinfo-service
1650265039,ts-travel-service,66b237808d5c351d,4895593ba6f8844f,4895593ba6f8844f,7683,200,GET,ts-travel-service
1650265039,ts-travel-service,fda2ca67310591fb,4895593ba6f8844f,4895593ba6f8844f,2372,200,GET,ts-travel-service
1650265039,ts-travel-service,e48d9fb436988fe6,4895593ba6f8844f,4895593ba6f8844f,3830,200,GET,ts-travel-service
1650265039,ts-travel-service,ba0560dca4a6b421,4895593ba6f8844f,4895593ba6f8844f,11867,200,GET,ts-travel-service
1650265039,ts-station-service,700a816f668b48a2,cbb9bd052891f760,4895593ba6f8844f,2199,200,queryForStationId,ts-basic-service
1650265039,ts-station-service,b47704d92bc5e579,4f13434c27730b0f,4895593ba6f8844f,2121,200,queryForStationId,ts-basic-service
1650265039,ts-basic-service,4f13434c27730b0f,a5f51f50d0d31f1,4895593ba6f8844f,2815,200,GET,ts-basic-service
1650265039,ts-ticketinfo-service,9a302c15783cf2a6,f866907dcfd5faa2,4895593ba6f8844f,5563,200,GET,ts-ticketinfo-service
1650265039,ts-ticketinfo-service,6d06cea54a1b114e,ba0560dca4a6b421,4895593ba6f8844f,9365,200,queryForStationId,ts-travel-service
1650265039,ts-ticketinfo-service,f866907dcfd5faa2,66b237808d5c351d,4895593ba6f8844f,7383,200,queryForStationId,ts-travel-service
1650265039,ts-travel-service,4895593ba6f8844f,,4895593ba6f8844f,49199,200,queryInfo,no_parent
1650265039,ts-basic-service,cbb9bd052891f760,abe319f13bac9948,4895593ba6f8844f,3343,200,GET,ts-basic-service
1650265039,ts-route-service,506991137f154ea4,3aba74c273bbd4b9,4895593ba6f8844f,2123,200,queryById,ts-travel-service
1650265039,ts-route-service,877fd3aa46d3d917,b05bfcf85cd135fa,4895593ba6f8844f,2141,200,queryById,ts-travel-service
1650265039,ts-route-service,1bc107e126aaade,e48d9fb436988fe6,4895593ba6f8844f,2612,200,queryById,ts-travel-service
1650265039,ts-travel-service,b05bfcf85cd135fa,4895593ba6f8844f,4895593ba6f8844f,2301,200,GET,ts-travel-service
1650265039,ts-travel-service,9909cf551c4b1af4,4895593ba6f8844f,4895593ba6f8844f,2538,200,GET,ts-travel-service
1650265039,ts-ticketinfo-service,139240ac18d16de9,6d06cea54a1b114e,4895593ba6f8844f,7056,200,GET,ts-ticketinfo-service
1650265039,ts-station-service,153f25c14ee3cef,8881085dfff3857e,66ab98f5175a33b0,8021,200,queryForNameBatch,ts-order-service
1650265039,ts-order-service,66ab98f5175a33b0,,66ab98f5175a33b0,13508,200,queryOrdersForRefresh,no_parent
1650265039,ts-order-service,8881085dfff3857e,66ab98f5175a33b0,66ab98f5175a33b0,9647,200,POST,ts-order-service
1650265039,ts-verification-code-service,3d9b6789acbe189a,,3d9b6789acbe189a,2954,200,imageCode,no_parent
1650265039,ts-auth-service,52eb910ec8a451dc,b8be766950da6a69,b8be766950da6a69,3784,200,GET,ts-auth-service
1650265039,ts-auth-service,b8be766950da6a69,,b8be766950da6a69,108895,200,getToken,no_parent
1650265099,ts-contacts-service,721843bfb304c93e,,721843bfb304c93e,3135,200,findContactsByAccountId,no_parent
1650265166,ts-station-service,cc97e2743472ad33,1b03d13aefd6fc69,bba71cb8b9843d4f,8111,200,queryForNameBatch,ts-order-service
1650265166,ts-auth-service,d135d6f1b3219e39,,d135d6f1b3219e39,110270,200,getToken,no_parent
1650265166,ts-order-service,bba71cb8b9843d4f,,bba71cb8b9843d4f,13720,200,queryOrdersForRefresh,no_parent
1650265166,ts-order-service,1b03d13aefd6fc69,bba71cb8b9843d4f,bba71cb8b9843d4f,9791,200,POST,ts-order-service
1650265166,ts-auth-service,31fad1dd18418b7f,d135d6f1b3219e39,d135d6f1b3219e39,3576,200,GET,ts-auth-service
1650265166,ts-verification-code-service,54873c177e59cf5f,31fad1dd18418b7f,d135d6f1b3219e39,1829,200,verifyCode,ts-auth-service
1650265166,ts-verification-code-service,385dfb5a56390817,,385dfb5a56390817,3081,200,imageCode,no_parent
1650265167,ts-station-service,4cbd747e6d4c0e93,e537d2cafe766820,43af9a98da470280,2096,200,queryForStationId,ts-basic-service
1650265167,ts-basic-service,e65a203b700ddc1e,98d11f777aa77e63,43af9a98da470280,3649,200,GET,ts-basic-service
1650265167,ts-travel-service,91f71b5fbe6223f5,43af9a98da470280,43af9a98da470280,7958,200,GET,ts-travel-service
1650265167,ts-route-service,6a6309a2953e9730,5043efd88423d6,43af9a98da470280,2601,200,queryById,ts-travel-service
1650265167,ts-route-service,3c549b925a99c7b6,8033449e129033a1,43af9a98da470280,2159,200,queryById,ts-travel-service
1650265167,ts-route-service,1332bdcebbc9ea8d,c533bc77bbef0b03,43af9a98da470280,2540,200,queryById,ts-travel-service
1650265167,ts-route-service,27a587efeea344,ea3b9390e8bb8e37,43af9a98da470280,2170,200,queryById,ts-travel-service
1650265167,ts-ticketinfo-service,fbb41001bb6e30d9,7396e175034ddaf9,43af9a98da470280,9427,200,queryForStationId,ts-travel-service
1650265167,ts-ticketinfo-service,bc646b94d3c46fc1,91f71b5fbe6223f5,43af9a98da470280,7504,200,queryForStationId,ts-travel-service
1650265167,ts-travel-service,5043efd88423d6,43af9a98da470280,43af9a98da470280,3591,200,GET,ts-travel-service
1650265167,ts-travel-service,7396e175034ddaf9,43af9a98da470280,43af9a98da470280,10785,200,GET,ts-travel-service
1650265167,ts-travel-service,c533bc77bbef0b03,43af9a98da470280,43af9a98da470280,2953,200,GET,ts-travel-service
1650265167,ts-route-service,6f24ac09656d47e4,d2829f21638d4c8a,43af9a98da470280,2104,200,queryById,ts-travel-service
1650265167,ts-travel-service,8033449e129033a1,43af9a98da470280,43af9a98da470280,2387,200,GET,ts-travel-service
1650265167,ts-travel-service,d2829f21638d4c8a,43af9a98da470280,43af9a98da470280,2301,200,GET,ts-travel-service
1650265167,ts-travel-service,43af9a98da470280,,43af9a98da470280,41677,200,queryInfo,no_parent
1650265167,ts-travel-service,ea3b9390e8bb8e37,43af9a98da470280,43af9a98da470280,2351,200,GET,ts-travel-service
1650265167,ts-basic-service,2b3f8c260feb03f3,e8275d791869dd05,43af9a98da470280,4830,200,queryForStationId,ts-ticketinfo-service
1650265167,ts-ticketinfo-service,e8275d791869dd05,bc646b94d3c46fc1,43af9a98da470280,5562,200,GET,ts-ticketinfo-service
1650265167,ts-basic-service,98d11f777aa77e63,dd77c9b984d0445a,43af9a98da470280,6042,200,queryForStationId,ts-ticketinfo-service
1650265167,ts-basic-service,e537d2cafe766820,2b3f8c260feb03f3,43af9a98da470280,2849,200,GET,ts-basic-service
1650265167,ts-ticketinfo-service,dd77c9b984d0445a,fbb41001bb6e30d9,43af9a98da470280,7176,200,GET,ts-ticketinfo-service
1650265167,ts-station-service,6004d333be92cbc2,e65a203b700ddc1e,43af9a98da470280,2417,200,queryForStationId,ts-basic-service
1650265167,ts-assurance-service,fedf29e8753e6b2d,,fedf29e8753e6b2d,1573,200,getAllAssuranceType,no_parent
1650265171,ts-order-service,bcf72adbabe36897,94f5c6714f37d6cd,1f0532337a3ae14b,3572,200,securityInfoCheck,ts-security-service
1650265171,ts-security-service,1a9b92014252a1ba,34945dea3dd0080f,1f0532337a3ae14b,4563,200,GET,ts-security-service
1650265171,ts-security-service,94f5c6714f37d6cd,34945dea3dd0080f,1f0532337a3ae14b,5147,200,GET,ts-security-service
1650265171,ts-security-service,34945dea3dd0080f,d5b17db2369cdc35,1f0532337a3ae14b,14274,200,check,no_parent
1650265171,ts-contacts-service,b0f84e27af3697a9,758d8e5b8e5e104d,1f0532337a3ae14b,2889,200,getContactsByContactsId,no_parent
1650265171,ts-order-other-service,707407ecc0a414c6,1a9b92014252a1ba,1f0532337a3ae14b,3179,200,securityInfoCheck,ts-security-service
1650265227,ts-contacts-service,ecc8de7d82640aee,,ecc8de7d82640aee,2876,200,findContactsByAccountId,no_parent
1650265228,ts-security-service,d4a8e7a980397792,262878dca627b746,fab3213a2b1d0543,5148,200,GET,ts-security-service
1650265228,ts-security-service,262878dca627b746,fdede1a3ebd76a19,fab3213a2b1d0543,15189,200,check,no_parent
1650265228,ts-order-service,e8959ac1b38be5ab,d4a8e7a980397792,fab3213a2b1d0543,3434,200,securityInfoCheck,ts-security-service
1650265228,ts-contacts-service,fc116126586cddf6,bda24de2cfdc52c5,fab3213a2b1d0543,2519,200,getContactsByContactsId,no_parent
1650265228,ts-order-other-service,2a7913adc3bf02e6,24a157c409257d2b,fab3213a2b1d0543,3213,200,securityInfoCheck,ts-security-service
1650265228,ts-security-service,24a157c409257d2b,262878dca627b746,fab3213a2b1d0543,5406,200,GET,ts-security-service
1650265229,ts-verification-code-service,890d157fa5a85af,ef6868fd9ab50bfc,78a66eb047e87d2a,1736,200,verifyCode,ts-auth-service
1650265229,ts-travel-service,165bf5a42e412a27,,165bf5a42e412a27,44196,200,queryInfo,no_parent
1650265229,ts-ticketinfo-service,75c118ee45e221a2,f2781d9fc2fc4068,165bf5a42e412a27,7255,200,queryForStationId,ts-travel-service
1650265229,ts-route-service,afe2e17a9b92c16f,d5c4cf7f7e1554d,165bf5a42e412a27,2174,200,queryById,ts-travel-service
1650265229,ts-travel-service,b515f9c34f9946b1,165bf5a42e412a27,165bf5a42e412a27,3978,200,GET,ts-travel-service
1650265229,ts-verification-code-service,993f34ccc5cc8446,,993f34ccc5cc8446,10933,200,imageCode,no_parent
1650265229,ts-auth-service,78a66eb047e87d2a,,78a66eb047e87d2a,107762,200,getToken,no_parent
1650265229,ts-travel-service,f2781d9fc2fc4068,165bf5a42e412a27,165bf5a42e412a27,7721,200,GET,ts-travel-service
1650265229,ts-travel-service,163f90224ac481eb,165bf5a42e412a27,165bf5a42e412a27,11087,200,GET,ts-travel-service
1650265229,ts-ticketinfo-service,9a71d535305e92b,163f90224ac481eb,165bf5a42e412a27,9406,200,queryForStationId,ts-travel-service
1650265229,ts-travel-service,14fe8c836b43ba93,165bf5a42e412a27,165bf5a42e412a27,2393,200,GET,ts-travel-service
1650265229,ts-route-service,b59b98fb4b232e67,14fe8c836b43ba93,165bf5a42e412a27,2165,200,queryById,ts-travel-service
1650265229,ts-travel-service,d5c4cf7f7e1554d,165bf5a42e412a27,165bf5a42e412a27,2389,200,GET,ts-travel-service
1650265229,ts-ticketinfo-service,fb687f21726b0ce9,75c118ee45e221a2,165bf5a42e412a27,5239,200,GET,ts-ticketinfo-service
1650265229,ts-route-service,18f0d4e8dd823c98,b515f9c34f9946b1,165bf5a42e412a27,2694,200,queryById,ts-travel-service
1650265229,ts-ticketinfo-service,c82d46016a20c2ab,9a71d535305e92b,165bf5a42e412a27,7166,200,GET,ts-ticketinfo-service
1650265229,ts-route-service,5c780589df5da930,5e9a0ef4ce5a090d,165bf5a42e412a27,2125,200,queryById,ts-travel-service
1650265229,ts-basic-service,fdee208fd704e174,8aa71ef03f28b159,165bf5a42e412a27,2520,200,GET,ts-basic-service
1650265229,ts-travel-service,444b1c8f3ca7c9a3,165bf5a42e412a27,165bf5a42e412a27,3081,200,GET,ts-travel-service
1650265229,ts-travel-service,5e9a0ef4ce5a090d,165bf5a42e412a27,165bf5a42e412a27,2334,200,GET,ts-travel-service
1650265229,ts-basic-service,fbf7604b27b33710,c82d46016a20c2ab,165bf5a42e412a27,6004,200,queryForStationId,ts-ticketinfo-service
1650265229,ts-basic-service,40ececb96f965f70,fbf7604b27b33710,165bf5a42e412a27,3552,200,GET,ts-basic-service
1650265229,ts-station-service,e8cbac19a00223e1,fdee208fd704e174,165bf5a42e412a27,1796,200,queryForStationId,ts-basic-service
1650265229,ts-station-service,23b875637fb0e40c,40ececb96f965f70,165bf5a42e412a27,2459,200,queryForStationId,ts-basic-service
1650265229,ts-route-service,7b20fe0d021dafd2,444b1c8f3ca7c9a3,165bf5a42e412a27,2547,200,queryById,ts-travel-service
1650265229,ts-basic-service,8aa71ef03f28b159,fb687f21726b0ce9,165bf5a42e412a27,4536,200,queryForStationId,ts-ticketinfo-service
1650265229,ts-order-service,ba51ac867394ae46,4442dfb7860fb854,4442dfb7860fb854,9903,200,POST,ts-order-service
1650265229,ts-station-service,21a4e3c6d42f7006,ba51ac867394ae46,4442dfb7860fb854,8376,200,queryForNameBatch,ts-order-service
1650265229,ts-order-service,4442dfb7860fb854,,4442dfb7860fb854,12921,200,queryOrdersForRefresh,no_parent
1650265229,ts-assurance-service,dc976ae1a2a361e0,,dc976ae1a2a361e0,1716,200,getAllAssuranceType,no_parent
1650265229,ts-auth-service,ef6868fd9ab50bfc,78a66eb047e87d2a,78a66eb047e87d2a,3464,200,GET,ts-auth-service
1650265289,ts-contacts-service,4a96c8322dd95f4a,,4a96c8322dd95f4a,3185,200,findContactsByAccountId,no_parent
1650265312,ts-order-service,42c4bd20f01bce11,ba8785d89f00560f,b3948cee642aab5d,3664,200,securityInfoCheck,ts-security-service
1650265312,ts-security-service,c324b49ec83dd87b,839f70740b314dee,b3948cee642aab5d,4509,200,GET,ts-security-service
1650265312,ts-contacts-service,94d621baba11c1a3,7f7f8b46cb59950d,b3948cee642aab5d,2779,200,getContactsByContactsId,no_parent
1650265312,ts-security-service,ba8785d89f00560f,839f70740b314dee,b3948cee642aab5d,4911,200,GET,ts-security-service
1650265312,ts-order-other-service,a53cbffcb5556f38,c324b49ec83dd87b,b3948cee642aab5d,3243,200,securityInfoCheck,ts-security-service
1650265312,ts-security-service,839f70740b314dee,b58ca155f1872904,b3948cee642aab5d,14098,200,check,no_parent
1650265330,ts-auth-service,ee2985b911ef2c24,19fc1cb851589412,19fc1cb851589412,3695,200,GET,ts-auth-service
1650265330,ts-order-service,fe8aed829f6f0314,,fe8aed829f6f0314,12805,200,queryOrdersForRefresh,no_parent
1650265330,ts-auth-service,19fc1cb851589412,,19fc1cb851589412,111853,200,getToken,no_parent
1650265330,ts-verification-code-service,59c29e8ada1b23d0,ee2985b911ef2c24,19fc1cb851589412,1984,200,verifyCode,ts-auth-service
1650265330,ts-order-service,ac2af7f595bcc36c,fe8aed829f6f0314,fe8aed829f6f0314,8930,200,POST,ts-order-service
1650265330,ts-station-service,73194b15adad7d2c,ac2af7f595bcc36c,fe8aed829f6f0314,7362,200,queryForNameBatch,ts-order-service
1650265330,ts-verification-code-service,3b3a32e576519cf0,,3b3a32e576519cf0,2600,200,imageCode,no_parent
1650265331,ts-ticketinfo-service,af7e02e90d36c6f5,264c9156f698cb17,53eb64d9eab4b82e,7259,200,queryForStationId,ts-travel-service
1650265331,ts-ticketinfo-service,8dc9b6233025a937,4a5108e47abc86f2,53eb64d9eab4b82e,6916,200,GET,ts-ticketinfo-service
1650265331,ts-station-service,3cd2560466fa6aec,b418093212971adb,53eb64d9eab4b82e,2417,200,queryForStationId,ts-basic-service
1650265331,ts-station-service,d8d51c2755f6200f,9c1962b493bbe08e,53eb64d9eab4b82e,1950,200,queryForStationId,ts-basic-service
1650265331,ts-basic-service,52ce7d99673a8b2b,8dc9b6233025a937,53eb64d9eab4b82e,5781,200,queryForStationId,ts-ticketinfo-service
1650265331,ts-basic-service,9c1962b493bbe08e,7d560f1606864bd1,53eb64d9eab4b82e,2949,200,GET,ts-basic-service
1650265331,ts-basic-service,b418093212971adb,52ce7d99673a8b2b,53eb64d9eab4b82e,3425,200,GET,ts-basic-service
1650265331,ts-basic-service,7d560f1606864bd1,afe361052f744f82,53eb64d9eab4b82e,4628,200,queryForStationId,ts-ticketinfo-service
1650265331,ts-travel-service,b03dd3cf80eb129f,53eb64d9eab4b82e,53eb64d9eab4b82e,2335,200,GET,ts-travel-service
1650265331,ts-travel-service,83f3544a94ee364a,53eb64d9eab4b82e,53eb64d9eab4b82e,2304,200,GET,ts-travel-service
1650265331,ts-route-service,7420396b286bc23e,83f3544a94ee364a,53eb64d9eab4b82e,2189,200,queryById,ts-travel-service
1650265331,ts-route-service,2390a9c801872ad1,b03dd3cf80eb129f,53eb64d9eab4b82e,2102,200,queryById,ts-travel-service
1650265331,ts-travel-service,ca760f3f3e04bfd7,53eb64d9eab4b82e,53eb64d9eab4b82e,2342,200,GET,ts-travel-service
1650265331,ts-travel-service,d5cfd0e7d0ad523c,53eb64d9eab4b82e,53eb64d9eab4b82e,10627,200,GET,ts-travel-service
1650265331,ts-travel-service,264c9156f698cb17,53eb64d9eab4b82e,53eb64d9eab4b82e,7762,200,GET,ts-travel-service
1650265331,ts-travel-service,be4b14e39fb75108,53eb64d9eab4b82e,53eb64d9eab4b82e,2976,200,GET,ts-travel-service
1650265331,ts-route-service,439267b559310f1b,ca760f3f3e04bfd7,53eb64d9eab4b82e,2172,200,queryById,ts-travel-service
1650265331,ts-route-service,2f5a3ed4608d5c6e,1f2ef5423b785a36,53eb64d9eab4b82e,2477,200,queryById,ts-travel-service
1650265331,ts-route-service,1b822b45d6df9dbd,be4b14e39fb75108,53eb64d9eab4b82e,2448,200,queryById,ts-travel-service
1650265331,ts-ticketinfo-service,4a5108e47abc86f2,d5cfd0e7d0ad523c,53eb64d9eab4b82e,9159,200,queryForStationId,ts-travel-service
1650265331,ts-ticketinfo-service,afe361052f744f82,af7e02e90d36c6f5,53eb64d9eab4b82e,5371,200,GET,ts-ticketinfo-service
1650265331,ts-travel-service,1f2ef5423b785a36,53eb64d9eab4b82e,53eb64d9eab4b82e,3817,200,GET,ts-travel-service
1650265331,ts-travel-service,53eb64d9eab4b82e,,53eb64d9eab4b82e,43377,200,queryInfo,no_parent
1650265331,ts-assurance-service,d1e0b70a726a9dc3,,d1e0b70a726a9dc3,1620,200,getAllAssuranceType,no_parent
1650265391,ts-station-service,3dbe94fd07d0939,e63cb8c2c3813341,bd8c5af9c3d71ad5,2214,200,queryForStationId,ts-basic-service
1650265391,ts-travel-service,9db476823e98bc16,bd8c5af9c3d71ad5,bd8c5af9c3d71ad5,11376,200,GET,ts-travel-service
1650265391,ts-route-service,bde758498c22f96e,55f8494d64a5698d,bd8c5af9c3d71ad5,2681,200,queryById,ts-travel-service
1650265391,ts-route-service,facb14b545387bb2,2204b7a79806ddf,bd8c5af9c3d71ad5,2139,200,queryById,ts-travel-service
1650265391,ts-route-service,b44f570c825131e6,8c6143bce029f0cf,bd8c5af9c3d71ad5,2560,200,queryById,ts-travel-service
1650265391,ts-route-service,930f76bf7bc6862c,f1188e400be59b21,bd8c5af9c3d71ad5,1926,200,queryById,ts-travel-service
1650265391,ts-route-service,b38e298bb821a31d,5c81f4c378298e58,bd8c5af9c3d71ad5,2154,200,queryById,ts-travel-service
1650265391,ts-station-service,63ed7638e986fdd3,bf6b90b343233f10,bd8c5af9c3d71ad5,2347,200,queryForStationId,ts-basic-service
1650265391,ts-travel-service,5c81f4c378298e58,bd8c5af9c3d71ad5,bd8c5af9c3d71ad5,2343,200,GET,ts-travel-service
1650265391,ts-travel-service,6fefec2bc25148fb,bd8c5af9c3d71ad5,bd8c5af9c3d71ad5,7942,200,GET,ts-travel-service
1650265391,ts-basic-service,bf6b90b343233f10,24370b66d391c520,bd8c5af9c3d71ad5,3400,200,GET,ts-basic-service
1650265391,ts-travel-service,bd8c5af9c3d71ad5,,bd8c5af9c3d71ad5,46016,200,queryInfo,no_parent
1650265391,ts-order-service,e80de1c19b61b56c,ef573ff79b8cb6e,3dcf5f6be0f825dc,3287,200,securityInfoCheck,ts-security-service
1650265391,ts-preserve-service,4c88d8e1f50985f6,3dcf5f6be0f825dc,3dcf5f6be0f825dc,14999,200,GET,ts-preserve-service
1650265391,ts-travel-service,55f8494d64a5698d,bd8c5af9c3d71ad5,bd8c5af9c3d71ad5,4142,200,GET,ts-travel-service
1650265391,ts-order-other-service,7afe72bf7c49b4ff,e8db4786dcb3d449,3dcf5f6be0f825dc,3202,200,securityInfoCheck,ts-security-service
1650265391,ts-auth-service,6fe34578d33dbf90,,6fe34578d33dbf90,113946,200,getToken,no_parent
1650265391,ts-auth-service,7b046fc6ccdaa855,6fe34578d33dbf90,6fe34578d33dbf90,3382,200,GET,ts-auth-service
1650265391,ts-verification-code-service,98c0cd9ac8c30f19,7b046fc6ccdaa855,6fe34578d33dbf90,1727,200,verifyCode,ts-auth-service
1650265391,ts-basic-service,32e462543b303832,cc7f93095ee3fd33,bd8c5af9c3d71ad5,5107,200,queryForStationId,ts-ticketinfo-service
1650265391,ts-basic-service,24370b66d391c520,522ef40fe4464981,bd8c5af9c3d71ad5,5954,200,queryForStationId,ts-ticketinfo-service
1650265391,ts-ticketinfo-service,20bca3af4278087f,9db476823e98bc16,bd8c5af9c3d71ad5,9507,200,queryForStationId,ts-travel-service
1650265391,ts-ticketinfo-service,cc7f93095ee3fd33,83b84e208925ee02,bd8c5af9c3d71ad5,5750,200,GET,ts-ticketinfo-service
1650265391,ts-travel-service,f1188e400be59b21,bd8c5af9c3d71ad5,bd8c5af9c3d71ad5,2625,200,GET,ts-travel-service
1650265391,ts-travel-service,2204b7a79806ddf,bd8c5af9c3d71ad5,bd8c5af9c3d71ad5,2551,200,GET,ts-travel-service
1650265391,ts-travel-service,8c6143bce029f0cf,bd8c5af9c3d71ad5,bd8c5af9c3d71ad5,2761,200,GET,ts-travel-service
1650265391,ts-ticketinfo-service,83b84e208925ee02,6fefec2bc25148fb,bd8c5af9c3d71ad5,7407,200,queryForStationId,ts-travel-service
1650265391,ts-ticketinfo-service,522ef40fe4464981,20bca3af4278087f,bd8c5af9c3d71ad5,6974,200,GET,ts-ticketinfo-service
1650265391,ts-order-service,1941c566b9a70d7d,64e80c878c8bae04,64e80c878c8bae04,10054,200,POST,ts-order-service
1650265391,ts-order-service,64e80c878c8bae04,,64e80c878c8bae04,13719,200,queryOrdersForRefresh,no_parent
1650265391,ts-basic-service,e63cb8c2c3813341,32e462543b303832,bd8c5af9c3d71ad5,2926,200,GET,ts-basic-service
1650265391,ts-station-service,360cc44dacbe6e33,1941c566b9a70d7d,64e80c878c8bae04,8583,200,queryForNameBatch,ts-order-service
1650265391,ts-assurance-service,2de1bfe31635c7c5,,2de1bfe31635c7c5,1771,200,getAllAssuranceType,no_parent
1650265391,ts-preserve-service,56f47bb70385fa15,3dcf5f6be0f825dc,3dcf5f6be0f825dc,3331,200,GET,ts-preserve-service
1650265391,ts-preserve-service,3dcf5f6be0f825dc,,3dcf5f6be0f825dc,21102,200,preserve,no_parent
1650265391,ts-security-service,e8db4786dcb3d449,b85918a81de51518,3dcf5f6be0f825dc,4405,200,GET,ts-security-service
1650265391,ts-security-service,ef573ff79b8cb6e,b85918a81de51518,3dcf5f6be0f825dc,4550,200,GET,ts-security-service
1650265391,ts-security-service,b85918a81de51518,4c88d8e1f50985f6,3dcf5f6be0f825dc,13525,200,check,ts-preserve-service
1650265391,ts-contacts-service,84b562ba575f2b70,56f47bb70385fa15,3dcf5f6be0f825dc,2098,200,getContactsByContactsId,ts-preserve-service
1650265391,ts-verification-code-service,ac2d1f6fd5a0946e,,ac2d1f6fd5a0946e,2597,200,imageCode,no_parent
1650265391,ts-contacts-service,8dffb5471fdf67f,,8dffb5471fdf67f,2811,200,findContactsByAccountId,no_parent
1650265451,ts-route-service,30154107ae83724c,e9afb587d5bfd475,53979076021bf312,1437,200,queryById,ts-travel-service
1650265451,ts-route-service,2dd2c424da22a147,9ddaf58e2b9ba5c,53979076021bf312,12276,200,queryById,ts-travel-service
1650265451,ts-route-service,82d431ef2a318861,441050801028623e,53979076021bf312,1590,200,queryById,ts-travel-service
1650265451,ts-order-other-service,ae91afc87bba3a2d,e361b1585cc950e6,a3ff1fee6551c24e,2573,200,securityInfoCheck,ts-security-service
1650265451,ts-security-service,17f34c071699cb05,91675a89f439207,a3ff1fee6551c24e,3951,200,GET,ts-security-service
1650265451,ts-travel-service,441050801028623e,53979076021bf312,53979076021bf312,1704,200,GET,ts-travel-service
1650265451,ts-travel-service,9ddaf58e2b9ba5c,53979076021bf312,53979076021bf312,12118,200,GET,ts-travel-service
1650265451,ts-travel-service,53979076021bf312,,53979076021bf312,42963,200,queryInfo,no_parent
1650265451,ts-route-service,661ec829fca93e6,b0fa736724d18bbe,53979076021bf312,1467,200,queryById,ts-travel-service
1650265451,ts-travel-service,5c9fbddc339c0e00,53979076021bf312,53979076021bf312,5137,200,GET,ts-travel-service
1650265451,ts-travel-service,bae0d4c08e3eb8ce,53979076021bf312,53979076021bf312,2996,200,GET,ts-travel-service
1650265451,ts-preserve-service,a3ff1fee6551c24e,,a3ff1fee6551c24e,17020,200,preserve,no_parent
1650265451,ts-preserve-service,e7eb7373593db704,a3ff1fee6551c24e,a3ff1fee6551c24e,2616,200,GET,ts-preserve-service
1650265451,ts-station-service,fcc9f6d1de31d92d,95921d5ad7fd7cd2,53979076021bf312,1372,200,queryForStationId,ts-basic-service
1650265451,ts-station-service,75c72e7e59f8d629,3d39b005d022c17,53979076021bf312,1840,200,queryForStationId,ts-basic-service
1650265451,ts-route-service,e446380c12cfbfbb,bae0d4c08e3eb8ce,53979076021bf312,2193,200,queryById,ts-travel-service
1650265451,ts-ticketinfo-service,31222b3c2f16270e,368b41bae6fabc9e,53979076021bf312,7596,200,queryForStationId,ts-travel-service
1650265451,ts-ticketinfo-service,93fc697d9d0b4c10,5c9fbddc339c0e00,53979076021bf312,4618,200,queryForStationId,ts-travel-service
1650265451,ts-ticketinfo-service,efa8fb65a6aff61b,31222b3c2f16270e,53979076021bf312,5953,200,GET,ts-ticketinfo-service
1650265451,ts-travel-service,368b41bae6fabc9e,53979076021bf312,53979076021bf312,9076,200,GET,ts-travel-service
1650265451,ts-order-service,f4cb3eebdea8d112,7971f08e24a2249c,7971f08e24a2249c,6941,200,POST,ts-order-service
1650265451,ts-basic-service,95921d5ad7fd7cd2,f4559db97f00e76a,53979076021bf312,1751,200,GET,ts-basic-service
1650265451,ts-basic-service,f4559db97f00e76a,73a8650de167fdb6,53979076021bf312,2929,200,queryForStationId,ts-ticketinfo-service
1650265451,ts-contacts-service,afc6f8de41579e94,,afc6f8de41579e94,1934,200,findContactsByAccountId,no_parent
1650265451,ts-order-service,b5a572372f14470,17f34c071699cb05,a3ff1fee6551c24e,2985,200,securityInfoCheck,ts-security-service
1650265451,ts-preserve-service,90369034126f10c3,a3ff1fee6551c24e,a3ff1fee6551c24e,12147,200,GET,ts-preserve-service
1650265451,ts-security-service,e361b1585cc950e6,91675a89f439207,a3ff1fee6551c24e,3682,200,GET,ts-security-service
1650265451,ts-basic-service,3d39b005d022c17,d9a74057d5944a71,53979076021bf312,2741,200,GET,ts-basic-service
1650265451,ts-station-service,435291d5937748f6,f4cb3eebdea8d112,7971f08e24a2249c,5577,200,queryForNameBatch,ts-order-service
1650265451,ts-basic-service,d9a74057d5944a71,efa8fb65a6aff61b,53979076021bf312,4761,200,queryForStationId,ts-ticketinfo-service
1650265451,ts-ticketinfo-service,73a8650de167fdb6,93fc697d9d0b4c10,53979076021bf312,3315,200,GET,ts-ticketinfo-service
1650265451,ts-order-service,7971f08e24a2249c,,7971f08e24a2249c,9347,200,queryOrdersForRefresh,no_parent
1650265451,ts-contacts-service,9f09ae1bd46b3f6c,e7eb7373593db704,a3ff1fee6551c24e,1805,200,getContactsByContactsId,ts-preserve-service
1650265451,ts-security-service,91675a89f439207,90369034126f10c3,a3ff1fee6551c24e,11050,200,check,ts-preserve-service
1650265451,ts-travel-service,b0fa736724d18bbe,53979076021bf312,53979076021bf312,1737,200,GET,ts-travel-service
1650265451,ts-travel-service,e9afb587d5bfd475,53979076021bf312,53979076021bf312,1516,200,GET,ts-travel-service
1650265451,ts-auth-service,57b25d10d51835ba,97494f5e47fc0125,97494f5e47fc0125,2679,200,GET,ts-auth-service
1650265451,ts-auth-service,97494f5e47fc0125,,97494f5e47fc0125,125660,200,getToken,no_parent
1650265451,ts-verification-code-service,19ea0e50e05b14ae,,19ea0e50e05b14ae,1657,200,imageCode,no_parent
1650265451,ts-verification-code-service,2930a70aa287203e,57b25d10d51835ba,97494f5e47fc0125,1122,200,verifyCode,ts-auth-service
1650265451,ts-assurance-service,ca9eb03f1eba5bb6,,ca9eb03f1eba5bb6,1293,200,getAllAssuranceType,no_parent
1650265511,ts-route-service,e47e5dd45e44e5c3,a87862f979abcbc3,827a8136318b4456,1224,200,queryById,ts-travel-service
1650265511,ts-route-service,c2da4b82d747fd10,320d329b757eb4d0,827a8136318b4456,2049,200,queryById,ts-travel-service
1650265511,ts-route-service,b96501f710cf2666,ed84c0b6c9acc810,827a8136318b4456,1587,200,queryById,ts-travel-service
1650265511,ts-basic-service,4b0385a8c1f474d4,c324eeb5685d8016,827a8136318b4456,3201,200,queryForStationId,ts-ticketinfo-service
1650265511,ts-auth-service,326b81b61227b30d,66ae37c341615e70,66ae37c341615e70,2717,200,GET,ts-auth-service
1650265511,ts-ticketinfo-service,cd66800c456cccff,6745a6d231d8fea7,827a8136318b4456,4942,200,queryForStationId,ts-travel-service
1650265511,ts-ticketinfo-service,2d7e904366f1f972,86674a074b4a4ba,827a8136318b4456,5249,200,GET,ts-ticketinfo-service
1650265511,ts-travel-service,d28f75768ea8e622,827a8136318b4456,827a8136318b4456,8174,200,GET,ts-travel-service
1650265511,ts-auth-service,66ae37c341615e70,,66ae37c341615e70,124860,200,getToken,no_parent
1650265511,ts-ticketinfo-service,c324eeb5685d8016,cd66800c456cccff,827a8136318b4456,3598,200,GET,ts-ticketinfo-service
1650265511,ts-ticketinfo-service,86674a074b4a4ba,d28f75768ea8e622,827a8136318b4456,7000,200,queryForStationId,ts-travel-service
1650265511,ts-station-service,f96a9008ac370a5b,6a04440915556dc5,e9ad18a6cca7aca,4946,200,queryForNameBatch,ts-order-service
1650265511,ts-order-service,e9ad18a6cca7aca,,e9ad18a6cca7aca,9067,200,queryOrdersForRefresh,no_parent
1650265511,ts-verification-code-service,a316116a523f412,326b81b61227b30d,66ae37c341615e70,1430,200,verifyCode,ts-auth-service
1650265511,ts-order-service,6a04440915556dc5,e9ad18a6cca7aca,e9ad18a6cca7aca,6715,200,POST,ts-order-service
1650265511,ts-route-service,b5fcdddb33ff749e,3b677de52cebb38e,827a8136318b4456,1773,200,queryById,ts-travel-service
1650265511,ts-route-service,804b68c2edb85628,49ff8a36355733bc,827a8136318b4456,1492,200,queryById,ts-travel-service
1650265511,ts-travel-service,320d329b757eb4d0,827a8136318b4456,827a8136318b4456,2847,200,GET,ts-travel-service
1650265511,ts-travel-service,49ff8a36355733bc,827a8136318b4456,827a8136318b4456,1878,200,GET,ts-travel-service
1650265511,ts-travel-service,827a8136318b4456,,827a8136318b4456,31164,200,queryInfo,no_parent
1650265511,ts-basic-service,4d86556da0839e5a,e9b4ab942fd9bd9d,827a8136318b4456,2487,200,GET,ts-basic-service
1650265511,ts-travel-service,ed84c0b6c9acc810,827a8136318b4456,827a8136318b4456,2181,200,GET,ts-travel-service
1650265511,ts-basic-service,e9b4ab942fd9bd9d,2d7e904366f1f972,827a8136318b4456,4427,200,queryForStationId,ts-ticketinfo-service
1650265511,ts-preserve-service,5a1619a5a77c7c4,,5a1619a5a77c7c4,16407,200,preserve,no_parent
1650265511,ts-travel-service,3b677de52cebb38e,827a8136318b4456,827a8136318b4456,1902,200,GET,ts-travel-service
1650265511,ts-contacts-service,18098a913b97e81c,,18098a913b97e81c,2594,200,findContactsByAccountId,no_parent
1650265511,ts-order-service,5097dd4bef8fea39,e29fc7dde8ac8b45,5a1619a5a77c7c4,3284,200,securityInfoCheck,ts-security-service
1650265511,ts-preserve-service,40e5e8f4528c3c2e,5a1619a5a77c7c4,5a1619a5a77c7c4,11306,200,GET,ts-preserve-service
1650265511,ts-security-service,8cb9ea26dfc4e0e9,40e5e8f4528c3c2e,5a1619a5a77c7c4,10358,200,check,ts-preserve-service
1650265511,ts-order-other-service,77ef2002a06493f4,e0fc6ac10a61391a,5a1619a5a77c7c4,2156,200,securityInfoCheck,ts-security-service
1650265511,ts-security-service,e29fc7dde8ac8b45,8cb9ea26dfc4e0e9,5a1619a5a77c7c4,4275,200,GET,ts-security-service
1650265511,ts-contacts-service,da457bece73a8f48,26ad4326cbf0f13b,5a1619a5a77c7c4,1818,200,getContactsByContactsId,ts-preserve-service
1650265511,ts-preserve-service,26ad4326cbf0f13b,5a1619a5a77c7c4,5a1619a5a77c7c4,2668,200,GET,ts-preserve-service
1650265511,ts-basic-service,96d9bf815f29082,4b0385a8c1f474d4,827a8136318b4456,1799,200,GET,ts-basic-service
1650265511,ts-travel-service,a87862f979abcbc3,827a8136318b4456,827a8136318b4456,1270,200,GET,ts-travel-service
1650265511,ts-assurance-service,52b623d88b98338d,,52b623d88b98338d,1578,200,getAllAssuranceType,no_parent
1650265511,ts-verification-code-service,d9f105ec4fb445f0,,d9f105ec4fb445f0,2173,200,imageCode,no_parent
1650265511,ts-security-service,e0fc6ac10a61391a,8cb9ea26dfc4e0e9,5a1619a5a77c7c4,2896,200,GET,ts-security-service
1650265511,ts-travel-service,6745a6d231d8fea7,827a8136318b4456,827a8136318b4456,5261,200,GET,ts-travel-service
1650265511,ts-station-service,f1bff3a29b28b611,96d9bf815f29082,827a8136318b4456,1415,200,queryForStationId,ts-basic-service
1650265511,ts-station-service,7cd0474f1bc343c,4d86556da0839e5a,827a8136318b4456,1622,200,queryForStationId,ts-basic-service
1650265571,ts-station-service,398afe89e7875295,18d5ef4be774b5be,2b08014df62339f2,5611,200,queryForNameBatch,ts-order-service
1650265571,ts-preserve-service,bd45459da854d800,64c374756609fbee,64c374756609fbee,2353,200,GET,ts-preserve-service
1650265571,ts-order-service,2b08014df62339f2,,2b08014df62339f2,8888,200,queryOrdersForRefresh,no_parent
1650265571,ts-order-service,18d5ef4be774b5be,2b08014df62339f2,2b08014df62339f2,6646,200,POST,ts-order-service
1650265571,ts-security-service,78dde72b0eaaa585,3a4169ea2a571689,64c374756609fbee,3031,200,GET,ts-security-service
1650265571,ts-security-service,a5be1c0e6cecb643,3a4169ea2a571689,64c374756609fbee,3562,200,GET,ts-security-service
1650265571,ts-order-other-service,be44c2f33b0b54a3,78dde72b0eaaa585,64c374756609fbee,2070,200,securityInfoCheck,ts-security-service
1650265571,ts-order-service,118ad9887d66d765,a5be1c0e6cecb643,64c374756609fbee,2621,200,securityInfoCheck,ts-security-service
1650265571,ts-contacts-service,a745125325d406d0,bd45459da854d800,64c374756609fbee,1558,200,getContactsByContactsId,ts-preserve-service
1650265571,ts-security-service,3a4169ea2a571689,d47776a2d2f42430,64c374756609fbee,9960,200,check,ts-preserve-service
1650265571,ts-preserve-service,64c374756609fbee,,64c374756609fbee,15589,200,preserve,no_parent
1650265571,ts-verification-code-service,7ce7d7d580cdc9e8,183f78dbe2b91ab3,de25e0cebd79c33f,1161,200,verifyCode,ts-auth-service
1650265571,ts-contacts-service,efa44567d2fb6b76,,efa44567d2fb6b76,1966,200,findContactsByAccountId,no_parent
1650265571,ts-preserve-service,d47776a2d2f42430,64c374756609fbee,64c374756609fbee,11054,200,GET,ts-preserve-service
1650265571,ts-auth-service,de25e0cebd79c33f,,de25e0cebd79c33f,125127,200,getToken,no_parent
1650265571,ts-auth-service,183f78dbe2b91ab3,de25e0cebd79c33f,de25e0cebd79c33f,2440,200,GET,ts-auth-service
1650265571,ts-verification-code-service,6b619d50e25fdd2c,,6b619d50e25fdd2c,2124,200,imageCode,no_parent
1650265572,ts-travel-service,5d568978f0c51657,f7278195592fd5b5,f7278195592fd5b5,8041,200,GET,ts-travel-service
1650265572,ts-travel-service,a923dc7ca06cd00e,f7278195592fd5b5,f7278195592fd5b5,2818,200,GET,ts-travel-service
1650265572,ts-route-service,3e8e669b56e3726d,279ead5b3520849a,f7278195592fd5b5,1516,200,queryById,ts-travel-service
1650265572,ts-route-service,20c25e10df15b280,666288ed6720ed13,f7278195592fd5b5,1471,200,queryById,ts-travel-service
1650265572,ts-route-service,bac964fb17b251e,56e97334287b8cf1,f7278195592fd5b5,1471,200,queryById,ts-travel-service
1650265572,ts-route-service,6ea7de5a5ce26936,a923dc7ca06cd00e,f7278195592fd5b5,2058,200,queryById,ts-travel-service
1650265572,ts-station-service,a4b2cb9ae4d3d021,2ff7a29a509b107,f7278195592fd5b5,1453,200,queryForStationId,ts-basic-service
1650265572,ts-basic-service,4c05ccc0c40f87f0,374a33fad3a0c9f3,f7278195592fd5b5,2517,200,GET,ts-basic-service
1650265572,ts-basic-service,2ff7a29a509b107,60f95c7a9d76b778,f7278195592fd5b5,1893,200,GET,ts-basic-service
1650265572,ts-basic-service,60f95c7a9d76b778,acab25c842cc5b04,f7278195592fd5b5,3246,200,queryForStationId,ts-ticketinfo-service
1650265572,ts-travel-service,279ead5b3520849a,f7278195592fd5b5,f7278195592fd5b5,1762,200,GET,ts-travel-service
1650265572,ts-station-service,e1f950e9c3b81927,4c05ccc0c40f87f0,f7278195592fd5b5,1858,200,queryForStationId,ts-basic-service
1650265572,ts-basic-service,374a33fad3a0c9f3,e416f334951f9626,f7278195592fd5b5,4603,200,queryForStationId,ts-ticketinfo-service
1650265572,ts-travel-service,666288ed6720ed13,f7278195592fd5b5,f7278195592fd5b5,1542,200,GET,ts-travel-service
1650265572,ts-travel-service,2067388d91988107,f7278195592fd5b5,f7278195592fd5b5,5304,200,GET,ts-travel-service
1650265572,ts-route-service,7903262adf0b14ae,5c813a2ef4040c7c,f7278195592fd5b5,1202,200,queryById,ts-travel-service
1650265572,ts-ticketinfo-service,e416f334951f9626,24c34e3c64e06c15,f7278195592fd5b5,5433,200,GET,ts-ticketinfo-service
1650265572,ts-ticketinfo-service,acab25c842cc5b04,4b53be88d871cf4d,f7278195592fd5b5,3646,200,GET,ts-ticketinfo-service
1650265572,ts-ticketinfo-service,24c34e3c64e06c15,5d568978f0c51657,f7278195592fd5b5,6982,200,queryForStationId,ts-travel-service
1650265572,ts-ticketinfo-service,4b53be88d871cf4d,2067388d91988107,f7278195592fd5b5,5035,200,queryForStationId,ts-travel-service
1650265572,ts-travel-service,56e97334287b8cf1,f7278195592fd5b5,f7278195592fd5b5,1556,200,GET,ts-travel-service
1650265572,ts-travel-service,5c813a2ef4040c7c,f7278195592fd5b5,f7278195592fd5b5,1263,200,GET,ts-travel-service
1650265572,ts-travel-service,f7278195592fd5b5,,f7278195592fd5b5,29718,200,queryInfo,no_parent
1650265572,ts-assurance-service,76aea7449b82a24,,76aea7449b82a24,1061,200,getAllAssuranceType,no_parent
1650265632,ts-route-service,2a789e29bc39fdaf,50acbca13d000b61,3a05fc5baca4941e,1551,200,queryById,ts-travel-service
1650265632,ts-station-service,f1cb22a9f17f79fd,af3dbc848f442718,3a05fc5baca4941e,1449,200,queryForStationId,ts-basic-service
1650265632,ts-auth-service,cfdc171cae9180bc,b56cb96f6745b78b,b56cb96f6745b78b,2522,200,GET,ts-auth-service
1650265632,ts-auth-service,b56cb96f6745b78b,,b56cb96f6745b78b,124681,200,getToken,no_parent
1650265632,ts-verification-code-service,61f455f153738756,cfdc171cae9180bc,b56cb96f6745b78b,1288,200,verifyCode,ts-auth-service
1650265632,ts-security-service,e09de845d75834c2,4a9e11004e3f9396,e3435c9cfe571ae6,3760,200,GET,ts-security-service
1650265632,ts-preserve-service,e3435c9cfe571ae6,,e3435c9cfe571ae6,16813,200,preserve,no_parent
1650265632,ts-security-service,99110bd28b5a5029,4a9e11004e3f9396,e3435c9cfe571ae6,3712,200,GET,ts-security-service
1650265632,ts-travel-service,57bab8521993bf21,3a05fc5baca4941e,3a05fc5baca4941e,2095,200,GET,ts-travel-service
1650265632,ts-travel-service,50acbca13d000b61,3a05fc5baca4941e,3a05fc5baca4941e,1566,200,GET,ts-travel-service
1650265632,ts-order-service,eb12816a0f6a0eec,,eb12816a0f6a0eec,7469,200,queryOrdersForRefresh,no_parent
1650265632,ts-order-service,494ff8c07487e5c1,eb12816a0f6a0eec,eb12816a0f6a0eec,5311,200,POST,ts-order-service
1650265632,ts-station-service,76a634d7961bbfcc,494ff8c07487e5c1,eb12816a0f6a0eec,4258,200,queryForNameBatch,ts-order-service
1650265632,ts-contacts-service,8c776252d79eda2b,b008a9f250578ceb,e3435c9cfe571ae6,1486,200,getContactsByContactsId,ts-preserve-service
1650265632,ts-order-service,9f63d84e043e4c1,e09de845d75834c2,e3435c9cfe571ae6,2806,200,securityInfoCheck,ts-security-service
1650265632,ts-travel-service,fb93aca4862b6ec3,3a05fc5baca4941e,3a05fc5baca4941e,1476,200,GET,ts-travel-service
1650265632,ts-travel-service,7efee21c38f4593d,3a05fc5baca4941e,3a05fc5baca4941e,1430,200,GET,ts-travel-service
1650265632,ts-travel-service,3a05fc5baca4941e,,3a05fc5baca4941e,32095,200,queryInfo,no_parent
1650265632,ts-route-service,6019f7f31d22dfa8,bbaf97e929e8b78b,3a05fc5baca4941e,2515,200,queryById,ts-travel-service
1650265632,ts-basic-service,ed973d86d11aeb21,aee74127c8e3b3be,3a05fc5baca4941e,2577,200,GET,ts-basic-service
1650265632,ts-basic-service,aee74127c8e3b3be,5381660e934b381f,3a05fc5baca4941e,4572,200,queryForStationId,ts-ticketinfo-service
1650265632,ts-basic-service,81cdca29bb31b065,852bdd718ea41bc8,3a05fc5baca4941e,3040,200,queryForStationId,ts-ticketinfo-service
1650265632,ts-basic-service,af3dbc848f442718,81cdca29bb31b065,3a05fc5baca4941e,1833,200,GET,ts-basic-service
1650265632,ts-ticketinfo-service,2f9bcd3780df1031,62c447a75a2adec3,3a05fc5baca4941e,7266,200,queryForStationId,ts-travel-service
1650265632,ts-route-service,9a928256cde59e14,fb93aca4862b6ec3,3a05fc5baca4941e,1421,200,queryById,ts-travel-service
1650265632,ts-ticketinfo-service,1b7699865d0a3983,3cd83b7780461e45,3a05fc5baca4941e,4907,200,queryForStationId,ts-travel-service
1650265632,ts-ticketinfo-service,852bdd718ea41bc8,1b7699865d0a3983,3a05fc5baca4941e,3433,200,GET,ts-ticketinfo-service
1650265632,ts-ticketinfo-service,5381660e934b381f,2f9bcd3780df1031,3a05fc5baca4941e,5656,200,GET,ts-ticketinfo-service
1650265632,ts-travel-service,3cd83b7780461e45,3a05fc5baca4941e,3a05fc5baca4941e,5495,200,GET,ts-travel-service
1650265632,ts-travel-service,bbaf97e929e8b78b,3a05fc5baca4941e,3a05fc5baca4941e,3689,200,GET,ts-travel-service
1650265632,ts-assurance-service,6af090718f377a7b,,6af090718f377a7b,1274,200,getAllAssuranceType,no_parent
1650265632,ts-preserve-service,3d2fe335bedc01ae,e3435c9cfe571ae6,e3435c9cfe571ae6,12048,200,GET,ts-preserve-service
1650265632,ts-order-other-service,18f9c1b4bd38f57e,99110bd28b5a5029,e3435c9cfe571ae6,2559,200,securityInfoCheck,ts-security-service
1650265632,ts-security-service,4a9e11004e3f9396,3d2fe335bedc01ae,e3435c9cfe571ae6,10851,200,check,ts-preserve-service
1650265632,ts-travel-service,62c447a75a2adec3,3a05fc5baca4941e,3a05fc5baca4941e,8566,200,GET,ts-travel-service
1650265632,ts-route-service,603d76f9fc141e47,7efee21c38f4593d,3a05fc5baca4941e,1367,200,queryById,ts-travel-service
1650265632,ts-station-service,7778b1c02f58afb7,ed973d86d11aeb21,3a05fc5baca4941e,1701,200,queryForStationId,ts-basic-service
1650265632,ts-route-service,2a0f9ac0d0d198c7,57bab8521993bf21,3a05fc5baca4941e,1658,200,queryById,ts-travel-service
1650265632,ts-preserve-service,b008a9f250578ceb,e3435c9cfe571ae6,e3435c9cfe571ae6,2401,200,GET,ts-preserve-service
1650265632,ts-verification-code-service,2b652c4ae36cf997,,2b652c4ae36cf997,2224,200,imageCode,no_parent
1650265632,ts-contacts-service,47838a86921f538f,,47838a86921f538f,2462,200,findContactsByAccountId,no_parent
1650265692,ts-security-service,b1cc2183a19e1c3,9d95af6e98f449a0,a599474627c1aa5a,3319,200,GET,ts-security-service
1650265692,ts-ticketinfo-service,6c56307a0be5487e,7c5a5bfd00bb1e98,7cd24f772acbeab6,6530,200,queryForStationId,ts-travel-service
1650265692,ts-ticketinfo-service,f352e4f0c51e67a9,383725d61ef256f6,7cd24f772acbeab6,5472,200,queryForStationId,ts-travel-service
1650265692,ts-travel-service,7c5a5bfd00bb1e98,7cd24f772acbeab6,7cd24f772acbeab6,7359,200,GET,ts-travel-service
1650265692,ts-basic-service,306fce80c06e702c,6b24f8a9fb012e63,7cd24f772acbeab6,1907,200,GET,ts-basic-service
1650265692,ts-travel-service,c185969fc1efeb29,7cd24f772acbeab6,7cd24f772acbeab6,1906,200,GET,ts-travel-service
1650265692,ts-travel-service,383725d61ef256f6,7cd24f772acbeab6,7cd24f772acbeab6,5736,200,GET,ts-travel-service
1650265692,ts-travel-service,8557869d91f68d0d,7cd24f772acbeab6,7cd24f772acbeab6,2127,200,GET,ts-travel-service
1650265692,ts-travel-service,7cd24f772acbeab6,,7cd24f772acbeab6,31284,200,queryInfo,no_parent
1650265692,ts-security-service,9d95af6e98f449a0,ce640ea335016cfc,a599474627c1aa5a,11107,200,check,ts-preserve-service
1650265692,ts-travel-service,63bd45dbc3b8688d,7cd24f772acbeab6,7cd24f772acbeab6,1472,200,GET,ts-travel-service
1650265692,ts-travel-service,e981186e6b6e6c11,7cd24f772acbeab6,7cd24f772acbeab6,2852,200,GET,ts-travel-service
1650265692,ts-route-service,e515d36d93bfe5bd,8557869d91f68d0d,7cd24f772acbeab6,1983,200,queryById,ts-travel-service
1650265692,ts-basic-service,6b24f8a9fb012e63,aaaab32129c38255,7cd24f772acbeab6,3321,200,queryForStationId,ts-ticketinfo-service
1650265692,ts-route-service,9f9623e711a74f55,e981186e6b6e6c11,7cd24f772acbeab6,2068,200,queryById,ts-travel-service
1650265692,ts-route-service,93c7d52a6b91b27e,63bd45dbc3b8688d,7cd24f772acbeab6,1406,200,queryById,ts-travel-service
1650265692,ts-route-service,119fde68d56cd8c2,c185969fc1efeb29,7cd24f772acbeab6,1349,200,queryById,ts-travel-service
1650265692,ts-preserve-service,991a0b75cd9565e4,a599474627c1aa5a,a599474627c1aa5a,2679,200,GET,ts-preserve-service
1650265692,ts-travel-service,59c4c01244d11888,7cd24f772acbeab6,7cd24f772acbeab6,1822,200,GET,ts-travel-service
1650265692,ts-station-service,78e3b7fff86928f3,323f6edec979211c,a3515a7f57e49f4c,4898,200,queryForNameBatch,ts-order-service
1650265692,ts-basic-service,90dee3d5d36dd412,5039bab04a8470fa,7cd24f772acbeab6,1985,200,GET,ts-basic-service
1650265692,ts-contacts-service,e52bf830927207ef,991a0b75cd9565e4,a599474627c1aa5a,1708,200,getContactsByContactsId,ts-preserve-service
1650265692,ts-preserve-service,a599474627c1aa5a,,a599474627c1aa5a,17295,200,preserve,no_parent
1650265692,ts-ticketinfo-service,c8d803249612cbf5,6c56307a0be5487e,7cd24f772acbeab6,4679,200,GET,ts-ticketinfo-service
1650265692,ts-station-service,c0e5ff4497773234,90dee3d5d36dd412,7cd24f772acbeab6,1408,200,queryForStationId,ts-basic-service
1650265692,ts-station-service,1b9d55bae0323e87,306fce80c06e702c,7cd24f772acbeab6,1489,200,queryForStationId,ts-basic-service
1650265692,ts-order-service,852961aedb6d139b,88e010cef2a0266d,a599474627c1aa5a,2591,200,securityInfoCheck,ts-security-service
1650265692,ts-preserve-service,ce640ea335016cfc,a599474627c1aa5a,a599474627c1aa5a,12372,200,GET,ts-preserve-service
1650265692,ts-ticketinfo-service,aaaab32129c38255,f352e4f0c51e67a9,7cd24f772acbeab6,4074,200,GET,ts-ticketinfo-service
1650265692,ts-basic-service,5039bab04a8470fa,c8d803249612cbf5,7cd24f772acbeab6,3875,200,queryForStationId,ts-ticketinfo-service
1650265692,ts-verification-code-service,65bbd01ed76978b8,,65bbd01ed76978b8,2186,200,imageCode,no_parent
1650265692,ts-order-other-service,c065d8647dd56fe3,b1cc2183a19e1c3,a599474627c1aa5a,2586,200,securityInfoCheck,ts-security-service
1650265692,ts-security-service,88e010cef2a0266d,9d95af6e98f449a0,a599474627c1aa5a,4402,200,GET,ts-security-service
1650265692,ts-order-service,323f6edec979211c,a3515a7f57e49f4c,a3515a7f57e49f4c,5980,200,POST,ts-order-service
1650265692,ts-order-service,a3515a7f57e49f4c,,a3515a7f57e49f4c,8518,200,queryOrdersForRefresh,no_parent
1650265692,ts-route-service,14491a00f6ed3a43,59c4c01244d11888,7cd24f772acbeab6,1447,200,queryById,ts-travel-service
1650265692,ts-contacts-service,d3bacb9334583d02,,d3bacb9334583d02,2487,200,findContactsByAccountId,no_parent
1650265692,ts-assurance-service,11db0bccdf6bce53,,11db0bccdf6bce53,1536,200,getAllAssuranceType,no_parent
1650265692,ts-auth-service,9385c1619e0f2d40,,9385c1619e0f2d40,125649,200,getToken,no_parent
1650265692,ts-auth-service,3e882e7cb60e1190,9385c1619e0f2d40,9385c1619e0f2d40,2939,200,GET,ts-auth-service
1650265692,ts-verification-code-service,617462412762fbee,3e882e7cb60e1190,9385c1619e0f2d40,1287,200,verifyCode,ts-auth-service
1650265752,ts-verification-code-service,44b299c4e203dc05,,44b299c4e203dc05,2110,200,imageCode,no_parent
1650265752,ts-auth-service,bfa177a68ea0e6cc,,bfa177a68ea0e6cc,129418,200,getToken,no_parent
1650265752,ts-travel-service,50523f660efd06b4,c30240daac56835e,c30240daac56835e,1544,200,GET,ts-travel-service
1650265752,ts-travel-service,ef5f315e8966e5ef,c30240daac56835e,c30240daac56835e,3159,200,GET,ts-travel-service
1650265752,ts-route-service,c6c2eb57c0aa4d0a,ef5f315e8966e5ef,c30240daac56835e,2077,200,queryById,ts-travel-service
1650265752,ts-ticketinfo-service,d1f60c581607e920,933237a258810f1a,c30240daac56835e,3773,200,GET,ts-ticketinfo-service
1650265752,ts-ticketinfo-service,50ac5312e3ccd5d9,8f3e0bb61cf20467,c30240daac56835e,7948,200,queryForStationId,ts-travel-service
1650265752,ts-travel-service,8f3e0bb61cf20467,c30240daac56835e,c30240daac56835e,9596,200,GET,ts-travel-service
1650265752,ts-travel-service,3068b8e588ec7ae5,c30240daac56835e,c30240daac56835e,1209,200,GET,ts-travel-service
1650265752,ts-travel-service,ed7fe6d77676bbef,c30240daac56835e,c30240daac56835e,5561,200,GET,ts-travel-service
1650265752,ts-travel-service,af2bede37f581f68,c30240daac56835e,c30240daac56835e,1597,200,GET,ts-travel-service
1650265752,ts-travel-service,c30240daac56835e,,c30240daac56835e,32077,200,queryInfo,no_parent
1650265752,ts-route-service,ef62fe3b4462d4c,af2bede37f581f68,c30240daac56835e,1503,200,queryById,ts-travel-service
1650265752,ts-ticketinfo-service,6685fb41556d172b,50ac5312e3ccd5d9,c30240daac56835e,6029,200,GET,ts-ticketinfo-service
1650265752,ts-ticketinfo-service,933237a258810f1a,ed7fe6d77676bbef,c30240daac56835e,5266,200,queryForStationId,ts-travel-service
1650265752,ts-travel-service,c3b826881cdf88e,c30240daac56835e,c30240daac56835e,1651,200,GET,ts-travel-service
1650265752,ts-basic-service,86d57064475254e8,d1f60c581607e920,c30240daac56835e,3403,200,queryForStationId,ts-ticketinfo-service
1650265752,ts-basic-service,e6ef5641811b089b,6685fb41556d172b,c30240daac56835e,5001,200,queryForStationId,ts-ticketinfo-service
1650265752,ts-station-service,96de20201069c4e3,12315b30a8aa4e85,c30240daac56835e,1503,200,queryForStationId,ts-basic-service
1650265752,ts-basic-service,e709e0a20ee8e5df,e6ef5641811b089b,c30240daac56835e,2904,200,GET,ts-basic-service
1650265752,ts-basic-service,12315b30a8aa4e85,86d57064475254e8,c30240daac56835e,1939,200,GET,ts-basic-service
1650265752,ts-contacts-service,f0edb48e06550568,6af7849c33d3c258,38de902976b4705e,2357,200,getContactsByContactsId,ts-preserve-service
1650265752,ts-security-service,1f961a68b30acfdd,daada7400b231586,38de902976b4705e,3589,200,GET,ts-security-service
1650265752,ts-security-service,daada7400b231586,4ec1c1a1d72602bb,38de902976b4705e,11224,200,check,ts-preserve-service
1650265752,ts-preserve-service,4ec1c1a1d72602bb,38de902976b4705e,38de902976b4705e,12958,200,GET,ts-preserve-service
1650265752,ts-route-service,4868f9560754a8ef,c3b826881cdf88e,c30240daac56835e,1320,200,queryById,ts-travel-service
1650265752,ts-route-service,3b136f4981d6bf1b,3068b8e588ec7ae5,c30240daac56835e,1184,200,queryById,ts-travel-service
1650265752,ts-station-service,8d3945ccee30dad8,e709e0a20ee8e5df,c30240daac56835e,2056,200,queryForStationId,ts-basic-service
1650265752,ts-order-service,5c94f4b5b0c566cd,940995a3ed0be6dd,38de902976b4705e,2762,200,securityInfoCheck,ts-security-service
1650265752,ts-route-service,b8cd1aa78a5b3b12,50523f660efd06b4,c30240daac56835e,1477,200,queryById,ts-travel-service
1650265752,ts-security-service,940995a3ed0be6dd,daada7400b231586,38de902976b4705e,4316,200,GET,ts-security-service
1650265752,ts-preserve-service,6af7849c33d3c258,38de902976b4705e,38de902976b4705e,4301,200,GET,ts-preserve-service
1650265752,ts-assurance-service,e08a6857efe5f40e,,e08a6857efe5f40e,1320,200,getAllAssuranceType,no_parent
1650265752,ts-order-other-service,a3fdf26c43fc9ea1,1f961a68b30acfdd,38de902976b4705e,2605,200,securityInfoCheck,ts-security-service
1650265752,ts-preserve-service,38de902976b4705e,,38de902976b4705e,19725,200,preserve,no_parent
1650265752,ts-order-service,abf646d9877401b3,9f98babe548a23e9,9f98babe548a23e9,18420,200,POST,ts-order-service
1650265752,ts-order-service,9f98babe548a23e9,,9f98babe548a23e9,21432,200,queryOrdersForRefresh,no_parent
1650265752,ts-station-service,2e227ae61ebfd3e3,abf646d9877401b3,9f98babe548a23e9,17472,200,queryForNameBatch,ts-order-service
1650265752,ts-contacts-service,1a95e0bda29f5fde,,1a95e0bda29f5fde,2582,200,findContactsByAccountId,no_parent
1650265752,ts-auth-service,20856aed3bb9f598,bfa177a68ea0e6cc,bfa177a68ea0e6cc,2657,200,GET,ts-auth-service
1650265752,ts-verification-code-service,75e9df3b17f31912,20856aed3bb9f598,bfa177a68ea0e6cc,1337,200,verifyCode,ts-auth-service
1650265812,ts-security-service,5eb91f13f3e9d4b4,6961a7f806195416,5923af9b815c3c95,2793,200,GET,ts-security-service
1650265812,ts-order-service,8187edbbdf1cfd90,9ac8e55dc5895ab7,5923af9b815c3c95,7906,200,securityInfoCheck,ts-security-service
1650265812,ts-security-service,9ac8e55dc5895ab7,6961a7f806195416,5923af9b815c3c95,8855,200,GET,ts-security-service
1650265812,ts-contacts-service,369a88a1a38365ad,29c4bb8aff3bf220,5923af9b815c3c95,1540,200,getContactsByContactsId,ts-preserve-service
1650265812,ts-order-other-service,52ab1b1aeb920877,5eb91f13f3e9d4b4,5923af9b815c3c95,2041,200,securityInfoCheck,ts-security-service
1650265812,ts-preserve-service,29c4bb8aff3bf220,5923af9b815c3c95,5923af9b815c3c95,2320,200,GET,ts-preserve-service
1650265812,ts-preserve-service,5923af9b815c3c95,,5923af9b815c3c95,20183,200,preserve,no_parent
1650265812,ts-preserve-service,51e2bd0be259f1af,5923af9b815c3c95,5923af9b815c3c95,15680,200,GET,ts-preserve-service
1650265812,ts-security-service,6961a7f806195416,51e2bd0be259f1af,5923af9b815c3c95,14999,200,check,ts-preserve-service
1650265812,ts-order-service,a206283aa2abca41,bd0a44fce1d2e8d8,bd0a44fce1d2e8d8,5657,200,POST,ts-order-service
1650265812,ts-order-service,bd0a44fce1d2e8d8,,bd0a44fce1d2e8d8,8481,200,queryOrdersForRefresh,no_parent
1650265812,ts-station-service,6bc714111751dbdc,a206283aa2abca41,bd0a44fce1d2e8d8,4766,200,queryForNameBatch,ts-order-service
1650265812,ts-contacts-service,bb44a4fededfc494,,bb44a4fededfc494,2524,200,findContactsByAccountId,no_parent
1650265813,ts-ticketinfo-service,7489e19d05bc210c,4158866466f45f6e,51b4265e10476af9,3437,200,GET,ts-ticketinfo-service
1650265813,ts-ticketinfo-service,8dc6d7913e8c0c0d,9e45530c0c7b1508,51b4265e10476af9,6925,200,queryForStationId,ts-travel-service
1650265813,ts-travel-service,9e45530c0c7b1508,51b4265e10476af9,51b4265e10476af9,8125,200,GET,ts-travel-service
1650265813,ts-travel-service,4f3b45b1045eaa8f,51b4265e10476af9,51b4265e10476af9,1220,200,GET,ts-travel-service
1650265813,ts-verification-code-service,9fbe15ada14cbf67,7db90e4dc0372b4a,db47f2dcacf17402,1465,200,verifyCode,ts-auth-service
1650265813,ts-travel-service,528865759a61ea93,51b4265e10476af9,51b4265e10476af9,3107,200,GET,ts-travel-service
1650265813,ts-travel-service,5378989c988984e,51b4265e10476af9,51b4265e10476af9,2071,200,GET,ts-travel-service
1650265813,ts-travel-service,533250d27d20b608,51b4265e10476af9,51b4265e10476af9,1466,200,GET,ts-travel-service
1650265813,ts-travel-service,51b4265e10476af9,,51b4265e10476af9,30625,200,queryInfo,no_parent
1650265813,ts-travel-service,a74b6ade3e9b963a,51b4265e10476af9,51b4265e10476af9,1830,200,GET,ts-travel-service
1650265813,ts-route-service,175fa3bcb9ee4f93,533250d27d20b608,51b4265e10476af9,1393,200,queryById,ts-travel-service
1650265813,ts-route-service,2772154706ec177e,4f3b45b1045eaa8f,51b4265e10476af9,1194,200,queryById,ts-travel-service
1650265813,ts-travel-service,7415390a2f0c00f4,51b4265e10476af9,51b4265e10476af9,5166,200,GET,ts-travel-service
1650265813,ts-route-service,21581c85e518c32f,528865759a61ea93,51b4265e10476af9,2021,200,queryById,ts-travel-service
1650265813,ts-station-service,2041417c545cc026,c8635e608a6116c4,51b4265e10476af9,1232,200,queryForStationId,ts-basic-service
1650265813,ts-station-service,eb720a5071c3938e,a754e95de00b6b3a,51b4265e10476af9,1876,200,queryForStationId,ts-basic-service
1650265813,ts-basic-service,a754e95de00b6b3a,b5d969d50e74f371,51b4265e10476af9,2675,200,GET,ts-basic-service
1650265813,ts-ticketinfo-service,4158866466f45f6e,7415390a2f0c00f4,51b4265e10476af9,4790,200,queryForStationId,ts-travel-service
1650265813,ts-route-service,9bfc52b9bae4c0ef,5378989c988984e,51b4265e10476af9,1491,200,queryById,ts-travel-service
1650265813,ts-basic-service,b5d969d50e74f371,9df89fd9370cfa77,51b4265e10476af9,4439,200,queryForStationId,ts-ticketinfo-service
1650265813,ts-basic-service,c8635e608a6116c4,8991be41ed8bbd40,51b4265e10476af9,1646,200,GET,ts-basic-service
1650265813,ts-basic-service,8991be41ed8bbd40,7489e19d05bc210c,51b4265e10476af9,3041,200,queryForStationId,ts-ticketinfo-service
1650265813,ts-route-service,ea05db84b8c717f6,a74b6ade3e9b963a,51b4265e10476af9,1698,200,queryById,ts-travel-service
1650265813,ts-ticketinfo-service,9df89fd9370cfa77,8dc6d7913e8c0c0d,51b4265e10476af9,5132,200,GET,ts-ticketinfo-service
1650265813,ts-assurance-service,23b7a45a796a6623,,23b7a45a796a6623,1504,200,getAllAssuranceType,no_parent
1650265813,ts-auth-service,7db90e4dc0372b4a,db47f2dcacf17402,db47f2dcacf17402,3008,200,GET,ts-auth-service
1650265813,ts-auth-service,db47f2dcacf17402,,db47f2dcacf17402,125982,200,getToken,no_parent
1650265813,ts-verification-code-service,e5bbad31e15cdc23,,e5bbad31e15cdc23,2148,200,imageCode,no_parent
1650265873,ts-travel-service,52d5d58e5497873d,5cf6307f5513c115,5cf6307f5513c115,3000,200,GET,ts-travel-service
1650265873,ts-travel-service,b86d68540a1aa9e6,5cf6307f5513c115,5cf6307f5513c115,5538,200,GET,ts-travel-service
1650265873,ts-travel-service,988dbe8ea78fb824,5cf6307f5513c115,5cf6307f5513c115,2354,200,GET,ts-travel-service
1650265873,ts-travel-service,3049bee0d78c5c9d,5cf6307f5513c115,5cf6307f5513c115,1221,200,GET,ts-travel-service
1650265873,ts-auth-service,2eeb44180995632b,,2eeb44180995632b,124864,200,getToken,no_parent
1650265873,ts-verification-code-service,962742923449b41a,a3b68c8710ac917d,2eeb44180995632b,1341,200,verifyCode,ts-auth-service
1650265873,ts-verification-code-service,c147a47481a1b66e,,c147a47481a1b66e,2480,200,imageCode,no_parent
1650265873,ts-basic-service,33ede6e7df83d6ef,b042568660db46bb,5cf6307f5513c115,4531,200,queryForStationId,ts-ticketinfo-service
1650265873,ts-ticketinfo-service,28fcad08b5b26ca8,fb250369bfb702bb,5cf6307f5513c115,7186,200,queryForStationId,ts-travel-service
1650265873,ts-ticketinfo-service,bf112617a9687460,2e793d8cd626d797,5cf6307f5513c115,4040,200,GET,ts-ticketinfo-service
1650265873,ts-ticketinfo-service,2e793d8cd626d797,b86d68540a1aa9e6,5cf6307f5513c115,5068,200,queryForStationId,ts-travel-service
1650265873,ts-travel-service,fb250369bfb702bb,5cf6307f5513c115,5cf6307f5513c115,8306,200,GET,ts-travel-service
1650265873,ts-travel-service,5cf6307f5513c115,,5cf6307f5513c115,31962,200,queryInfo,no_parent
1650265873,ts-travel-service,da2c010658cebc57,5cf6307f5513c115,5cf6307f5513c115,1248,200,GET,ts-travel-service
1650265873,ts-travel-service,4f8c5f0e22a368ad,5cf6307f5513c115,5cf6307f5513c115,1945,200,GET,ts-travel-service
1650265873,ts-ticketinfo-service,b042568660db46bb,28fcad08b5b26ca8,5cf6307f5513c115,5291,200,GET,ts-ticketinfo-service
1650265873,ts-station-service,b6de45436c86c69e,13d4e9b41d5bc6b9,5cf6307f5513c115,1627,200,queryForStationId,ts-basic-service
1650265873,ts-basic-service,4fef23e6b8344895,bf112617a9687460,5cf6307f5513c115,3298,200,queryForStationId,ts-ticketinfo-service
1650265873,ts-basic-service,13d4e9b41d5bc6b9,33ede6e7df83d6ef,5cf6307f5513c115,2490,200,GET,ts-basic-service
1650265873,ts-basic-service,4b1cd54324c8de21,4fef23e6b8344895,5cf6307f5513c115,1898,200,GET,ts-basic-service
1650265873,ts-station-service,6256abf2d9c363be,21c06154f07b6d49,f870e439fc1abe04,5111,200,queryForNameBatch,ts-order-service
1650265873,ts-order-service,21c06154f07b6d49,f870e439fc1abe04,f870e439fc1abe04,6114,200,POST,ts-order-service
1650265873,ts-order-service,f870e439fc1abe04,,f870e439fc1abe04,8494,200,queryOrdersForRefresh,no_parent
1650265873,ts-order-other-service,f84f0a563a30b9f0,bd7331c8e74ab0f8,7788bd122e70d546,2544,200,securityInfoCheck,ts-security-service
1650265873,ts-preserve-service,7788bd122e70d546,,7788bd122e70d546,16930,200,preserve,no_parent
1650265873,ts-order-service,63f76f4a8077aa85,a74218ff2fe49f47,7788bd122e70d546,2739,200,securityInfoCheck,ts-security-service
1650265873,ts-preserve-service,e15fdd7dd48befb7,7788bd122e70d546,7788bd122e70d546,11798,200,GET,ts-preserve-service
1650265873,ts-security-service,bd7331c8e74ab0f8,ef7a677ccb078be8,7788bd122e70d546,3376,200,GET,ts-security-service
1650265873,ts-route-service,c0d820b94dc15ba9,da2c010658cebc57,5cf6307f5513c115,1172,200,queryById,ts-travel-service
1650265873,ts-route-service,5563273021c37a3f,52d5d58e5497873d,5cf6307f5513c115,2057,200,queryById,ts-travel-service
1650265873,ts-security-service,ef7a677ccb078be8,e15fdd7dd48befb7,7788bd122e70d546,10654,200,check,ts-preserve-service
1650265873,ts-security-service,a74218ff2fe49f47,ef7a677ccb078be8,7788bd122e70d546,4055,200,GET,ts-security-service
1650265873,ts-contacts-service,5031cb18c2cbe817,287622f7f4865136,7788bd122e70d546,1875,200,getContactsByContactsId,ts-preserve-service
1650265873,ts-preserve-service,287622f7f4865136,7788bd122e70d546,7788bd122e70d546,2720,200,GET,ts-preserve-service
1650265873,ts-station-service,a7dfea31caa69f15,4b1cd54324c8de21,5cf6307f5513c115,1478,200,queryForStationId,ts-basic-service
1650265873,ts-route-service,ee337d02915853f0,4f8c5f0e22a368ad,5cf6307f5513c115,1547,200,queryById,ts-travel-service
1650265873,ts-route-service,10da256ccb5ca98c,3049bee0d78c5c9d,5cf6307f5513c115,1173,200,queryById,ts-travel-service
1650265873,ts-route-service,3c166edb7973e563,988dbe8ea78fb824,5cf6307f5513c115,1715,200,queryById,ts-travel-service
1650265873,ts-assurance-service,84c469849480d31c,,84c469849480d31c,1383,200,getAllAssuranceType,no_parent
1650265873,ts-contacts-service,1950d6f9ab1dcc7b,,1950d6f9ab1dcc7b,2496,200,findContactsByAccountId,no_parent
1650265873,ts-auth-service,a3b68c8710ac917d,2eeb44180995632b,2eeb44180995632b,2564,200,GET,ts-auth-service
1650265933,ts-route-service,9c6687f4aa67a09,2040eb02bd606add,af3d97615ac41d27,1448,200,queryById,ts-travel-service
1650265933,ts-station-service,7e5aa956e540f6e0,7da5d47ac401a191,af3d97615ac41d27,1335,200,queryForStationId,ts-basic-service
1650265933,ts-station-service,85548c27a56761d8,80f45d229675ccc9,af3d97615ac41d27,1401,200,queryForStationId,ts-basic-service
1650265933,ts-verification-code-service,d435f99f3545793d,97bbff02f5beff02,9cd4a3c300e8af19,1226,200,verifyCode,ts-auth-service
1650265933,ts-travel-service,fbf2db33af7f33b4,af3d97615ac41d27,af3d97615ac41d27,2661,200,GET,ts-travel-service
1650265933,ts-travel-service,596890b412e7828b,af3d97615ac41d27,af3d97615ac41d27,1598,200,GET,ts-travel-service
1650265933,ts-travel-service,e65cebb038b0fe85,af3d97615ac41d27,af3d97615ac41d27,5947,200,GET,ts-travel-service
1650265933,ts-travel-service,d9b02efa92f999a4,af3d97615ac41d27,af3d97615ac41d27,1513,200,GET,ts-travel-service
1650265933,ts-route-service,a3e6877241a35c2c,596890b412e7828b,af3d97615ac41d27,1519,200,queryById,ts-travel-service
1650265933,ts-ticketinfo-service,12c1073597eab447,9acac7b5e3d808eb,af3d97615ac41d27,4806,200,GET,ts-ticketinfo-service
1650265933,ts-ticketinfo-service,9acac7b5e3d808eb,78cc69ed2a98ffe,af3d97615ac41d27,6605,200,queryForStationId,ts-travel-service
1650265933,ts-ticketinfo-service,e5c04bad76b66457,a93fea5eef5ecd69,af3d97615ac41d27,3972,200,GET,ts-ticketinfo-service
1650265933,ts-basic-service,80f45d229675ccc9,2fbbcb0b416d8111,af3d97615ac41d27,2007,200,GET,ts-basic-service
1650265933,ts-preserve-service,2e7e6f70a8ba9cf3,,2e7e6f70a8ba9cf3,16848,200,preserve,no_parent
1650265933,ts-order-other-service,f096f28108be8a2b,ad7b0f187f426078,2e7e6f70a8ba9cf3,2539,200,securityInfoCheck,ts-security-service
1650265933,ts-security-service,48afa8c3ba253120,af3f4dd1c8853383,2e7e6f70a8ba9cf3,10594,200,check,ts-preserve-service
1650265933,ts-assurance-service,3fb8dd43d76f8e08,,3fb8dd43d76f8e08,1315,200,getAllAssuranceType,no_parent
1650265933,ts-security-service,29114793b21d21b1,48afa8c3ba253120,2e7e6f70a8ba9cf3,3792,200,GET,ts-security-service
1650265933,ts-contacts-service,4ce99694e400bb60,f84b1d95f949d4dc,2e7e6f70a8ba9cf3,1534,200,getContactsByContactsId,ts-preserve-service
1650265933,ts-order-service,cfdb19c6dad70a69,29114793b21d21b1,2e7e6f70a8ba9cf3,2622,200,securityInfoCheck,ts-security-service
1650265933,ts-preserve-service,af3f4dd1c8853383,2e7e6f70a8ba9cf3,2e7e6f70a8ba9cf3,11900,200,GET,ts-preserve-service
1650265933,ts-preserve-service,f84b1d95f949d4dc,2e7e6f70a8ba9cf3,2e7e6f70a8ba9cf3,2398,200,GET,ts-preserve-service
1650265933,ts-security-service,ad7b0f187f426078,48afa8c3ba253120,2e7e6f70a8ba9cf3,3452,200,GET,ts-security-service
1650265933,ts-travel-service,605a44d6009e10b8,af3d97615ac41d27,af3d97615ac41d27,1889,200,GET,ts-travel-service
1650265933,ts-travel-service,2040eb02bd606add,af3d97615ac41d27,af3d97615ac41d27,2059,200,GET,ts-travel-service
1650265933,ts-travel-service,af3d97615ac41d27,,af3d97615ac41d27,31748,200,queryInfo,no_parent
1650265933,ts-order-service,53fdfd0614d403df,,53fdfd0614d403df,8149,200,queryOrdersForRefresh,no_parent
1650265933,ts-order-service,4b3a26d7f437e4d5,53fdfd0614d403df,53fdfd0614d403df,5795,200,POST,ts-order-service
1650265933,ts-basic-service,2fbbcb0b416d8111,e5c04bad76b66457,af3d97615ac41d27,3660,200,queryForStationId,ts-ticketinfo-service
1650265933,ts-ticketinfo-service,a93fea5eef5ecd69,e65cebb038b0fe85,af3d97615ac41d27,5705,200,queryForStationId,ts-travel-service
1650265933,ts-station-service,feaf9cbdfb9255b9,4b3a26d7f437e4d5,53fdfd0614d403df,4811,200,queryForNameBatch,ts-order-service
1650265933,ts-basic-service,6ea5e20330bd511a,12c1073597eab447,af3d97615ac41d27,3925,200,queryForStationId,ts-ticketinfo-service
1650265933,ts-travel-service,78cc69ed2a98ffe,af3d97615ac41d27,af3d97615ac41d27,7663,200,GET,ts-travel-service
1650265933,ts-route-service,c576b7218983116a,605a44d6009e10b8,af3d97615ac41d27,1479,200,queryById,ts-travel-service
1650265933,ts-route-service,b0f1a2dba6094e5f,fbf2db33af7f33b4,af3d97615ac41d27,1848,200,queryById,ts-travel-service
1650265933,ts-route-service,cbf64d611d44d0f4,d9b02efa92f999a4,af3d97615ac41d27,1439,200,queryById,ts-travel-service
1650265933,ts-basic-service,7da5d47ac401a191,6ea5e20330bd511a,af3d97615ac41d27,1967,200,GET,ts-basic-service
1650265933,ts-contacts-service,edfc993004f33b7e,,edfc993004f33b7e,2265,200,findContactsByAccountId,no_parent
1650265933,ts-auth-service,97bbff02f5beff02,9cd4a3c300e8af19,9cd4a3c300e8af19,2876,200,GET,ts-auth-service
1650265933,ts-auth-service,9cd4a3c300e8af19,,9cd4a3c300e8af19,125694,200,getToken,no_parent
1650265933,ts-verification-code-service,47064d4260ba44b4,,47064d4260ba44b4,2096,200,imageCode,no_parent
1650265993,ts-preserve-service,ad78333b08b3dd72,7f1541fe2282628a,7f1541fe2282628a,2488,200,GET,ts-preserve-service
1650265993,ts-verification-code-service,898b00d24d752128,,898b00d24d752128,2182,200,imageCode,no_parent
1650265993,ts-ticketinfo-service,b942e66ee69d0675,2b4c3b1b691cb1cc,fa0e950290066010,6010,200,GET,ts-ticketinfo-service
1650265993,ts-auth-service,b9793128bdaf7864,eed5fae9902ab2ee,eed5fae9902ab2ee,2611,200,GET,ts-auth-service
1650265993,ts-order-other-service,9e9e1e3fbf36d955,ef8298c9125eaa4b,7f1541fe2282628a,2539,200,securityInfoCheck,ts-security-service
1650265993,ts-security-service,ef8298c9125eaa4b,883b7a430ce84995,7f1541fe2282628a,3374,200,GET,ts-security-service
1650265993,ts-security-service,883b7a430ce84995,302bc4e63b565aa7,7f1541fe2282628a,10847,200,check,ts-preserve-service
1650265993,ts-verification-code-service,1fcae4294374437a,b9793128bdaf7864,eed5fae9902ab2ee,1289,200,verifyCode,ts-auth-service
1650265993,ts-route-service,5a4c5cf15ab35485,5ce065a443687144,fa0e950290066010,50667,200,queryById,ts-travel-service
1650265993,ts-travel-service,fa0e950290066010,,fa0e950290066010,91037,200,queryInfo,no_parent
1650265993,ts-basic-service,cd94571436e715a7,4184e1a16a1815a6,fa0e950290066010,1980,200,GET,ts-basic-service
1650265993,ts-basic-service,9d60ac0f45cfd0df,b942e66ee69d0675,fa0e950290066010,4794,200,queryForStationId,ts-ticketinfo-service
1650265993,ts-travel-service,70c7f9a8d6c2889b,fa0e950290066010,fa0e950290066010,10228,200,GET,ts-travel-service
1650265993,ts-order-service,fd7bc5b69d32e996,11faf4eded7e1bb7,7f1541fe2282628a,2919,200,securityInfoCheck,ts-security-service
1650265993,ts-preserve-service,7f1541fe2282628a,,7f1541fe2282628a,17009,200,preserve,no_parent
1650265993,ts-basic-service,5bf9cd361ed97f2d,9d60ac0f45cfd0df,fa0e950290066010,2674,200,GET,ts-basic-service
1650265993,ts-station-service,e5ef4b1a0da7baf2,5bf9cd361ed97f2d,fa0e950290066010,1848,200,queryForStationId,ts-basic-service
1650265993,ts-station-service,c981b17a754b2236,cd94571436e715a7,fa0e950290066010,1540,200,queryForStationId,ts-basic-service
1650265993,ts-basic-service,4184e1a16a1815a6,e5b160f79f8f8e2e,fa0e950290066010,3440,200,queryForStationId,ts-ticketinfo-service
1650265993,ts-security-service,11faf4eded7e1bb7,883b7a430ce84995,7f1541fe2282628a,4020,200,GET,ts-security-service
1650265993,ts-contacts-service,12e16ffcf71b260e,ad78333b08b3dd72,7f1541fe2282628a,1657,200,getContactsByContactsId,ts-preserve-service
1650265993,ts-order-service,bf7de71b00b3e40,9defe8660686c9e3,9defe8660686c9e3,5966,200,POST,ts-order-service
1650265993,ts-order-service,9defe8660686c9e3,,9defe8660686c9e3,8185,200,queryOrdersForRefresh,no_parent
1650265993,ts-station-service,3800c87777bea2dc,bf7de71b00b3e40,9defe8660686c9e3,5066,200,queryForNameBatch,ts-order-service
1650265993,ts-preserve-service,302bc4e63b565aa7,7f1541fe2282628a,7f1541fe2282628a,12039,200,GET,ts-preserve-service
1650265993,ts-ticketinfo-service,594a96df6fe54759,2105a388e54155dc,fa0e950290066010,5499,200,queryForStationId,ts-travel-service
1650265993,ts-travel-service,2105a388e54155dc,fa0e950290066010,fa0e950290066010,5796,200,GET,ts-travel-service
1650265993,ts-ticketinfo-service,2b4c3b1b691cb1cc,70c7f9a8d6c2889b,fa0e950290066010,7729,200,queryForStationId,ts-travel-service
1650265993,ts-ticketinfo-service,e5b160f79f8f8e2e,594a96df6fe54759,fa0e950290066010,4199,200,GET,ts-ticketinfo-service
1650265993,ts-travel-service,5ce065a443687144,fa0e950290066010,fa0e950290066010,51479,200,GET,ts-travel-service
1650265993,ts-contacts-service,4b9bcbf90b9f17a4,,4b9bcbf90b9f17a4,2802,200,findContactsByAccountId,no_parent
1650265993,ts-auth-service,eed5fae9902ab2ee,,eed5fae9902ab2ee,125321,200,getToken,no_parent
1650265994,ts-route-service,45e458e28a093938,6f3fc813d8312045,fa0e950290066010,2201,200,queryById,ts-travel-service
1650265994,ts-route-service,c44140b299441fe8,fa165aafeec71d15,fa0e950290066010,1568,200,queryById,ts-travel-service
1650265994,ts-route-service,dac2ed6b37749020,f618f583143cba47,fa0e950290066010,1622,200,queryById,ts-travel-service
1650265994,ts-route-service,28c6379f33c09be7,5f6863db32291ed5,fa0e950290066010,1451,200,queryById,ts-travel-service
1650265994,ts-travel-service,6f3fc813d8312045,fa0e950290066010,fa0e950290066010,4595,200,GET,ts-travel-service
1650265994,ts-travel-service,fa165aafeec71d15,fa0e950290066010,fa0e950290066010,3825,200,GET,ts-travel-service
1650265994,ts-travel-service,f618f583143cba47,fa0e950290066010,fa0e950290066010,4387,200,GET,ts-travel-service
1650265994,ts-travel-service,5f6863db32291ed5,fa0e950290066010,fa0e950290066010,2202,200,GET,ts-travel-service
1650265994,ts-assurance-service,8ab0e4a3b56115a3,,8ab0e4a3b56115a3,1585,200,getAllAssuranceType,no_parent
1650266055,ts-station-service,e41bd0eaef8fddc,865d0669fff3192e,1b0c4af0afc82d7c,7947,200,queryForNameBatch,ts-order-service
1650266055,ts-travel-service,3a3905fa8199afcb,adb0fdb4c937c3f3,adb0fdb4c937c3f3,4029,200,GET,ts-travel-service
1650266055,ts-travel-service,adb0fdb4c937c3f3,,adb0fdb4c937c3f3,50261,200,queryInfo,no_parent
1650266055,ts-basic-service,5fc6a5bc899a3227,fbbea9b4d30a3e4a,adb0fdb4c937c3f3,13515,200,queryForStationId,ts-ticketinfo-service
1650266055,ts-order-service,865d0669fff3192e,1b0c4af0afc82d7c,1b0c4af0afc82d7c,9508,200,POST,ts-order-service
1650266055,ts-basic-service,d783540858d220b5,aeb2b4a6f7e157b2,adb0fdb4c937c3f3,5013,200,queryForStationId,ts-ticketinfo-service
1650266055,ts-ticketinfo-service,16d0ec9281ddab63,f3894828a66fe4fa,adb0fdb4c937c3f3,7772,200,queryForStationId,ts-travel-service
1650266055,ts-travel-service,a1a7cfe6871e12ea,adb0fdb4c937c3f3,adb0fdb4c937c3f3,19160,200,GET,ts-travel-service
1650266055,ts-travel-service,5a716eb227610436,adb0fdb4c937c3f3,adb0fdb4c937c3f3,2282,200,GET,ts-travel-service
1650266055,ts-travel-service,464bb2df9c1a7caf,adb0fdb4c937c3f3,adb0fdb4c937c3f3,2286,200,GET,ts-travel-service
1650266055,ts-ticketinfo-service,aeb2b4a6f7e157b2,16d0ec9281ddab63,adb0fdb4c937c3f3,5814,200,GET,ts-ticketinfo-service
1650266055,ts-order-service,1b0c4af0afc82d7c,,1b0c4af0afc82d7c,12581,200,queryOrdersForRefresh,no_parent
1650266055,ts-ticketinfo-service,5be61d39dd7aff78,a1a7cfe6871e12ea,adb0fdb4c937c3f3,17133,200,queryForStationId,ts-travel-service
1650266055,ts-route-service,490408f730a53875,5a716eb227610436,adb0fdb4c937c3f3,2142,200,queryById,ts-travel-service
1650266055,ts-route-service,abbc2c050139949b,464bb2df9c1a7caf,adb0fdb4c937c3f3,2147,200,queryById,ts-travel-service
1650266055,ts-basic-service,2c51fecfeb589937,5fc6a5bc899a3227,adb0fdb4c937c3f3,3609,200,GET,ts-basic-service
1650266055,ts-route-service,32278786cba6f92e,3a3905fa8199afcb,adb0fdb4c937c3f3,2721,200,queryById,ts-travel-service
1650266055,ts-auth-service,9e66f864a53263f0,,9e66f864a53263f0,112649,200,getToken,no_parent
1650266055,ts-preserve-service,9cfbb7e6990fcb34,,9cfbb7e6990fcb34,22436,200,preserve,no_parent
1650266055,ts-preserve-service,9b3fecf336ff90fd,9cfbb7e6990fcb34,9cfbb7e6990fcb34,15936,200,GET,ts-preserve-service
1650266055,ts-route-service,f505f9000b8c5a4a,d997caa5c2aa8eae,adb0fdb4c937c3f3,1929,200,queryById,ts-travel-service
1650266055,ts-verification-code-service,2b351b6922afb41,7f3658be3ceaf889,9e66f864a53263f0,1714,200,verifyCode,ts-auth-service
1650266055,ts-travel-service,d997caa5c2aa8eae,adb0fdb4c937c3f3,adb0fdb4c937c3f3,2409,200,GET,ts-travel-service
1650266055,ts-basic-service,e0e0a964ae270c22,d783540858d220b5,adb0fdb4c937c3f3,3154,200,GET,ts-basic-service
1650266055,ts-contacts-service,6796e88698252500,,6796e88698252500,9620,200,findContactsByAccountId,no_parent
1650266055,ts-preserve-service,acfcd540022531b8,9cfbb7e6990fcb34,9cfbb7e6990fcb34,3572,200,GET,ts-preserve-service
1650266055,ts-security-service,fb1b971255da8d9a,b96ffc5eafb0f7ce,9cfbb7e6990fcb34,5135,200,GET,ts-security-service
1650266055,ts-travel-service,862bb2cf22b0dfd3,adb0fdb4c937c3f3,adb0fdb4c937c3f3,1970,200,GET,ts-travel-service
1650266055,ts-travel-service,f3894828a66fe4fa,adb0fdb4c937c3f3,adb0fdb4c937c3f3,8243,200,GET,ts-travel-service
1650266055,ts-contacts-service,6da944cda5aba618,acfcd540022531b8,9cfbb7e6990fcb34,2218,200,getContactsByContactsId,ts-preserve-service
1650266055,ts-order-service,c544552353065490,fb1b971255da8d9a,9cfbb7e6990fcb34,3664,200,securityInfoCheck,ts-security-service
1650266055,ts-station-service,f64ddd58ec317aca,2c51fecfeb589937,adb0fdb4c937c3f3,2480,200,queryForStationId,ts-basic-service
1650266055,ts-security-service,e6443402b69c178e,b96ffc5eafb0f7ce,9cfbb7e6990fcb34,4375,200,GET,ts-security-service
1650266055,ts-route-service,b09dcb106e2e193,862bb2cf22b0dfd3,adb0fdb4c937c3f3,1821,200,queryById,ts-travel-service
1650266055,ts-security-service,b96ffc5eafb0f7ce,9b3fecf336ff90fd,9cfbb7e6990fcb34,14329,200,check,ts-preserve-service
1650266055,ts-station-service,7f1ce82b8bbd1e9,e0e0a964ae270c22,adb0fdb4c937c3f3,2196,200,queryForStationId,ts-basic-service
1650266055,ts-auth-service,7f3658be3ceaf889,9e66f864a53263f0,9e66f864a53263f0,3383,200,GET,ts-auth-service
1650266055,ts-order-other-service,433e4f3f1ee800b,e6443402b69c178e,9cfbb7e6990fcb34,3234,200,securityInfoCheck,ts-security-service
1650266055,ts-ticketinfo-service,fbbea9b4d30a3e4a,5be61d39dd7aff78,adb0fdb4c937c3f3,14569,200,GET,ts-ticketinfo-service
1650266055,ts-assurance-service,203559051e9e8c2e,,203559051e9e8c2e,2453,200,getAllAssuranceType,no_parent
1650266055,ts-verification-code-service,15bb18364613bd1c,,15bb18364613bd1c,2694,200,imageCode,no_parent
1650266115,ts-preserve-service,792005c6833c0874,298919abc624a4ed,298919abc624a4ed,3683,200,GET,ts-preserve-service
1650266115,ts-route-service,8b4a7dd7087189b4,92edcd77da407b6c,38a6cbe11b71289e,2193,200,queryById,ts-travel-service
1650266115,ts-route-service,3b62f262d33e7406,48fc5cc6575c28ea,38a6cbe11b71289e,2153,200,queryById,ts-travel-service
1650266115,ts-station-service,293ce1dffd568d77,4eafa59fc6ab8640,38a6cbe11b71289e,2236,200,queryForStationId,ts-basic-service
1650266115,ts-station-service,7da71f573efeea04,be9f2cc0b9d8dd07,38a6cbe11b71289e,2119,200,queryForStationId,ts-basic-service
1650266115,ts-auth-service,6039c45bc258bca5,,6039c45bc258bca5,118640,200,getToken,no_parent
1650266115,ts-ticketinfo-service,955a536c8e99d73,c65c9c451ca46ae1,38a6cbe11b71289e,9651,200,queryForStationId,ts-travel-service
1650266115,ts-basic-service,288440c1225ba9ed,15d2dce423024c16,38a6cbe11b71289e,6107,200,queryForStationId,ts-ticketinfo-service
1650266115,ts-travel-service,c65c9c451ca46ae1,38a6cbe11b71289e,38a6cbe11b71289e,11145,200,GET,ts-travel-service
1650266115,ts-travel-service,9e6e1c196e3c244b,38a6cbe11b71289e,38a6cbe11b71289e,7929,200,GET,ts-travel-service
1650266115,ts-travel-service,d9fd40b9e9421566,38a6cbe11b71289e,38a6cbe11b71289e,2634,200,GET,ts-travel-service
1650266115,ts-travel-service,2dd1e92b53f9b0ff,38a6cbe11b71289e,38a6cbe11b71289e,4010,200,GET,ts-travel-service
1650266115,ts-basic-service,a12412205c0736c,bb662e38276a8dff,38a6cbe11b71289e,4839,200,queryForStationId,ts-ticketinfo-service
1650266115,ts-ticketinfo-service,b6c921076bae6e65,9e6e1c196e3c244b,38a6cbe11b71289e,7435,200,queryForStationId,ts-travel-service
1650266115,ts-ticketinfo-service,15d2dce423024c16,955a536c8e99d73,38a6cbe11b71289e,7321,200,GET,ts-ticketinfo-service
1650266115,ts-ticketinfo-service,bb662e38276a8dff,b6c921076bae6e65,38a6cbe11b71289e,5479,200,GET,ts-ticketinfo-service
1650266115,ts-route-service,d95233a01d4b087e,f0ba0766a5c7fd0e,38a6cbe11b71289e,2162,200,queryById,ts-travel-service
1650266115,ts-route-service,4af86d3c68b00cbf,d9fd40b9e9421566,38a6cbe11b71289e,2126,200,queryById,ts-travel-service
1650266115,ts-route-service,3b251a9d79e1f7c6,2dd1e92b53f9b0ff,38a6cbe11b71289e,2656,200,queryById,ts-travel-service
1650266115,ts-preserve-service,298919abc624a4ed,,298919abc624a4ed,21967,200,preserve,no_parent
1650266115,ts-verification-code-service,fe37998ea2be4bbc,b1687fbc7917c3a7,6039c45bc258bca5,1935,200,verifyCode,ts-auth-service
1650266115,ts-preserve-service,706fa26958ba6397,298919abc624a4ed,298919abc624a4ed,15456,200,GET,ts-preserve-service
1650266115,ts-order-other-service,cf074e2ebaa0b98f,4bfdf52425b6c1e4,298919abc624a4ed,3288,200,securityInfoCheck,ts-security-service
1650266115,ts-security-service,eefb7193f9989a51,ae850052180c0d88,298919abc624a4ed,4857,200,GET,ts-security-service
1650266115,ts-security-service,4bfdf52425b6c1e4,ae850052180c0d88,298919abc624a4ed,4547,200,GET,ts-security-service
1650266115,ts-security-service,ae850052180c0d88,706fa26958ba6397,298919abc624a4ed,13953,200,check,ts-preserve-service
1650266115,ts-travel-service,48fc5cc6575c28ea,38a6cbe11b71289e,38a6cbe11b71289e,2314,200,GET,ts-travel-service
1650266115,ts-assurance-service,af1b563b004967b4,,af1b563b004967b4,1755,200,getAllAssuranceType,no_parent
1650266115,ts-basic-service,4eafa59fc6ab8640,288440c1225ba9ed,38a6cbe11b71289e,3664,200,GET,ts-basic-service
1650266115,ts-basic-service,be9f2cc0b9d8dd07,a12412205c0736c,38a6cbe11b71289e,2833,200,GET,ts-basic-service
1650266115,ts-order-service,bcd433e450363c6e,eefb7193f9989a51,298919abc624a4ed,3512,200,securityInfoCheck,ts-security-service
1650266115,ts-contacts-service,2a7b576ab7214e5a,,2a7b576ab7214e5a,2992,200,findContactsByAccountId,no_parent
1650266115,ts-contacts-service,745b4d2ed33456a2,792005c6833c0874,298919abc624a4ed,2530,200,getContactsByContactsId,ts-preserve-service
1650266115,ts-auth-service,b1687fbc7917c3a7,6039c45bc258bca5,6039c45bc258bca5,4118,200,GET,ts-auth-service
1650266115,ts-verification-code-service,7f3d4c4df05389fe,,7f3d4c4df05389fe,2740,200,imageCode,no_parent
1650266115,ts-order-service,ecb3f1bca1f56de4,,ecb3f1bca1f56de4,12382,200,queryOrdersForRefresh,no_parent
1650266115,ts-order-service,a64d938f6fe7727,ecb3f1bca1f56de4,ecb3f1bca1f56de4,9340,200,POST,ts-order-service
1650266115,ts-station-service,225a81264dd3785b,a64d938f6fe7727,ecb3f1bca1f56de4,7844,200,queryForNameBatch,ts-order-service
1650266115,ts-travel-service,92edcd77da407b6c,38a6cbe11b71289e,38a6cbe11b71289e,2365,200,GET,ts-travel-service
1650266115,ts-travel-service,f0ba0766a5c7fd0e,38a6cbe11b71289e,38a6cbe11b71289e,2316,200,GET,ts-travel-service
1650266115,ts-travel-service,38a6cbe11b71289e,,38a6cbe11b71289e,44058,200,queryInfo,no_parent
1650266175,ts-route-service,866ee1f30085b82f,e52b453611a11b8e,165d20cf1e394f8d,2153,200,queryById,ts-travel-service
1650266175,ts-station-service,ce5cb72613786fe3,7d4b4f491a2c7036,165d20cf1e394f8d,2256,200,queryForStationId,ts-basic-service
1650266175,ts-ticketinfo-service,392c938deee88bcc,c35c32a326523225,165d20cf1e394f8d,5473,200,GET,ts-ticketinfo-service
1650266175,ts-travel-service,98ec94ba63218445,165d20cf1e394f8d,165d20cf1e394f8d,11223,200,GET,ts-travel-service
1650266175,ts-travel-service,b407bf480fc4cd27,165d20cf1e394f8d,165d20cf1e394f8d,2263,200,GET,ts-travel-service
1650266175,ts-auth-service,adb044e375b762e,,adb044e375b762e,113067,200,getToken,no_parent
1650266175,ts-auth-service,918b8d9c1278fd9d,adb044e375b762e,adb044e375b762e,4044,200,GET,ts-auth-service
1650266175,ts-verification-code-service,5aa647a88c9ccb1a,918b8d9c1278fd9d,adb044e375b762e,2314,200,verifyCode,ts-auth-service
1650266175,ts-travel-service,114ecb01feb9d315,165d20cf1e394f8d,165d20cf1e394f8d,4007,200,GET,ts-travel-service
1650266175,ts-travel-service,fac5a5c74b08a5,165d20cf1e394f8d,165d20cf1e394f8d,2281,200,GET,ts-travel-service
1650266175,ts-route-service,2fb5ec23a226ff5b,b407bf480fc4cd27,165d20cf1e394f8d,2111,200,queryById,ts-travel-service
1650266175,ts-station-service,f900f9d875678bd1,ad84880f12b51507,165d20cf1e394f8d,2071,200,queryForStationId,ts-basic-service
1650266175,ts-basic-service,7d4b4f491a2c7036,86e7bd3c78808312,165d20cf1e394f8d,3426,200,GET,ts-basic-service
1650266175,ts-basic-service,d9f6c74d879ee37c,392c938deee88bcc,165d20cf1e394f8d,4759,200,queryForStationId,ts-ticketinfo-service
1650266175,ts-basic-service,ad84880f12b51507,d9f6c74d879ee37c,165d20cf1e394f8d,2798,200,GET,ts-basic-service
1650266175,ts-travel-service,165d20cf1e394f8d,,165d20cf1e394f8d,43323,200,queryInfo,no_parent
1650266175,ts-contacts-service,e2ce428b0eea741d,5b3c6617d4c97fe8,da4a6443ed395bc,2186,200,getContactsByContactsId,ts-preserve-service
1650266175,ts-order-service,5a6104ce4cbe52b8,fbd0d6aab664a9e3,da4a6443ed395bc,3829,200,securityInfoCheck,ts-security-service
1650266175,ts-preserve-service,5b3c6617d4c97fe8,da4a6443ed395bc,da4a6443ed395bc,3536,200,GET,ts-preserve-service
1650266175,ts-preserve-service,da4a6443ed395bc,,da4a6443ed395bc,22717,200,preserve,no_parent
1650266175,ts-preserve-service,55653a9622b0d80,da4a6443ed395bc,da4a6443ed395bc,16051,200,GET,ts-preserve-service
1650266175,ts-order-other-service,ed62038763648c6a,a9e1f59241f2d779,da4a6443ed395bc,3203,200,securityInfoCheck,ts-security-service
1650266175,ts-ticketinfo-service,13925b3cf9d09e23,98ec94ba63218445,165d20cf1e394f8d,9654,200,queryForStationId,ts-travel-service
1650266175,ts-basic-service,86e7bd3c78808312,f526f225c67cac5a,165d20cf1e394f8d,5912,200,queryForStationId,ts-ticketinfo-service
1650266175,ts-security-service,fbd0d6aab664a9e3,cf33ab76d76b1d4,da4a6443ed395bc,5111,200,GET,ts-security-service
1650266175,ts-travel-service,531d22b701237ad8,165d20cf1e394f8d,165d20cf1e394f8d,8030,200,GET,ts-travel-service
1650266175,ts-travel-service,e52b453611a11b8e,165d20cf1e394f8d,165d20cf1e394f8d,2316,200,GET,ts-travel-service
1650266175,ts-route-service,28578668f5f0a627,114ecb01feb9d315,165d20cf1e394f8d,2624,200,queryById,ts-travel-service
1650266175,ts-route-service,a8e6dd4163db5a97,fac5a5c74b08a5,165d20cf1e394f8d,2115,200,queryById,ts-travel-service
1650266175,ts-ticketinfo-service,f526f225c67cac5a,13925b3cf9d09e23,165d20cf1e394f8d,7106,200,GET,ts-ticketinfo-service
1650266175,ts-ticketinfo-service,c35c32a326523225,531d22b701237ad8,165d20cf1e394f8d,7504,200,queryForStationId,ts-travel-service
1650266175,ts-travel-service,d488a4731da7127,165d20cf1e394f8d,165d20cf1e394f8d,2533,200,GET,ts-travel-service
1650266175,ts-route-service,7ae53ca87c354b6f,d488a4731da7127,165d20cf1e394f8d,2094,200,queryById,ts-travel-service
1650266175,ts-station-service,485b623637fe12b3,186bf2066d12286d,f02ef65bf7e82b9,7914,200,queryForNameBatch,ts-order-service
1650266175,ts-security-service,a9e1f59241f2d779,cf33ab76d76b1d4,da4a6443ed395bc,4559,200,GET,ts-security-service
1650266175,ts-contacts-service,a8e1f608d003a4d4,,a8e1f608d003a4d4,3042,200,findContactsByAccountId,no_parent
1650266175,ts-security-service,cf33ab76d76b1d4,55653a9622b0d80,da4a6443ed395bc,14395,200,check,ts-preserve-service
1650266175,ts-order-service,186bf2066d12286d,f02ef65bf7e82b9,f02ef65bf7e82b9,9438,200,POST,ts-order-service
1650266175,ts-order-service,f02ef65bf7e82b9,,f02ef65bf7e82b9,12721,200,queryOrdersForRefresh,no_parent
1650266175,ts-verification-code-service,b8634f04dd0b0889,,b8634f04dd0b0889,2707,200,imageCode,no_parent
1650266175,ts-assurance-service,7481df1090e8b323,,7481df1090e8b323,1579,200,getAllAssuranceType,no_parent
1650266236,ts-station-service,70af0c70f8b597eb,9773a6352cfb78a3,4296f967c669fb89,2074,200,queryForStationId,ts-basic-service
1650266236,ts-station-service,a2c1acb74a306a3f,4f4572da594b16cd,4296f967c669fb89,2373,200,queryForStationId,ts-basic-service
1650266236,ts-basic-service,9773a6352cfb78a3,45183e3a23e51cad,4296f967c669fb89,2808,200,GET,ts-basic-service
1650266236,ts-basic-service,c66bb882da45eddd,66f261ddc15dcebd,4296f967c669fb89,5977,200,queryForStationId,ts-ticketinfo-service
1650266236,ts-basic-service,4f4572da594b16cd,c66bb882da45eddd,4296f967c669fb89,3542,200,GET,ts-basic-service
1650266236,ts-ticketinfo-service,df04d8402ce38436,934dbe57237f86e9,4296f967c669fb89,9492,200,queryForStationId,ts-travel-service
1650266236,ts-ticketinfo-service,7d801be71b61a1ea,dab2f013709ffeb9,4296f967c669fb89,5543,200,GET,ts-ticketinfo-service
1650266236,ts-route-service,e33ff652f84c6fb4,3175b0557e9824cb,4296f967c669fb89,2172,200,queryById,ts-travel-service
1650266236,ts-travel-service,33bbaea76e011038,4296f967c669fb89,4296f967c669fb89,2636,200,GET,ts-travel-service
1650266236,ts-travel-service,4296f967c669fb89,,4296f967c669fb89,44010,200,queryInfo,no_parent
1650266236,ts-travel-service,3175b0557e9824cb,4296f967c669fb89,4296f967c669fb89,2366,200,GET,ts-travel-service
1650266236,ts-route-service,b0f46d4fe56238c6,a045b951cacd1b0,4296f967c669fb89,2100,200,queryById,ts-travel-service
1650266236,ts-route-service,da10c1c8902c567b,33bbaea76e011038,4296f967c669fb89,2143,200,queryById,ts-travel-service
1650266236,ts-travel-service,a045b951cacd1b0,4296f967c669fb89,4296f967c669fb89,2290,200,GET,ts-travel-service
1650266236,ts-travel-service,11dd9fe77974328,4296f967c669fb89,4296f967c669fb89,2283,200,GET,ts-travel-service
1650266236,ts-ticketinfo-service,66f261ddc15dcebd,df04d8402ce38436,4296f967c669fb89,7227,200,GET,ts-ticketinfo-service
1650266236,ts-basic-service,45183e3a23e51cad,7d801be71b61a1ea,4296f967c669fb89,4775,200,queryForStationId,ts-ticketinfo-service
1650266236,ts-travel-service,11b6ebcd1675dc85,4296f967c669fb89,4296f967c669fb89,3985,200,GET,ts-travel-service
1650266236,ts-preserve-service,b5770643df948790,,b5770643df948790,21648,200,preserve,no_parent
1650266236,ts-preserve-service,a25d92d647442bf0,b5770643df948790,b5770643df948790,15430,200,GET,ts-preserve-service
1650266236,ts-order-other-service,87240975bbb84519,8a3ec37f65335567,b5770643df948790,3265,200,securityInfoCheck,ts-security-service
1650266236,ts-route-service,f5c564cb96b5a64e,11dd9fe77974328,4296f967c669fb89,2175,200,queryById,ts-travel-service
1650266236,ts-security-service,442338ff51afc31,a25d92d647442bf0,b5770643df948790,13917,200,check,ts-preserve-service
1650266236,ts-security-service,5e34cd2c7dc9328b,442338ff51afc31,b5770643df948790,4859,200,GET,ts-security-service
1650266236,ts-travel-service,934dbe57237f86e9,4296f967c669fb89,4296f967c669fb89,11142,200,GET,ts-travel-service
1650266236,ts-auth-service,1314a1d9f39e3856,8e40dc23e682239c,8e40dc23e682239c,4350,200,GET,ts-auth-service
1650266236,ts-verification-code-service,abcbf1f1ca110cb8,,abcbf1f1ca110cb8,6342,200,imageCode,no_parent
1650266236,ts-travel-service,95d820c78b11b900,4296f967c669fb89,4296f967c669fb89,8002,200,GET,ts-travel-service
1650266236,ts-route-service,a8753dbdbebdce7a,11b6ebcd1675dc85,4296f967c669fb89,2677,200,queryById,ts-travel-service
1650266236,ts-ticketinfo-service,dab2f013709ffeb9,95d820c78b11b900,4296f967c669fb89,7586,200,queryForStationId,ts-travel-service
1650266236,ts-security-service,8a3ec37f65335567,442338ff51afc31,b5770643df948790,4522,200,GET,ts-security-service
1650266236,ts-contacts-service,9c559a64eef1ca9e,c3d9e48ed9cfd887,b5770643df948790,2118,200,getContactsByContactsId,ts-preserve-service
1650266236,ts-order-service,44b25198a25d4ad0,5e34cd2c7dc9328b,b5770643df948790,3419,200,securityInfoCheck,ts-security-service
1650266236,ts-preserve-service,c3d9e48ed9cfd887,b5770643df948790,b5770643df948790,3431,200,GET,ts-preserve-service
1650266236,ts-assurance-service,3c9ba2eb1f978e4,,3c9ba2eb1f978e4,1643,200,getAllAssuranceType,no_parent
1650266236,ts-station-service,3545f28e6988d6ae,959a039c75f3bc79,85007508fc30c9b2,7718,200,queryForNameBatch,ts-order-service
1650266236,ts-order-service,959a039c75f3bc79,85007508fc30c9b2,85007508fc30c9b2,9204,200,POST,ts-order-service
1650266236,ts-order-service,85007508fc30c9b2,,85007508fc30c9b2,12579,200,queryOrdersForRefresh,no_parent
1650266236,ts-auth-service,8e40dc23e682239c,,8e40dc23e682239c,105888,200,getToken,no_parent
1650266236,ts-verification-code-service,ea7753a57fb40571,1314a1d9f39e3856,8e40dc23e682239c,2599,200,verifyCode,ts-auth-service
1650266236,ts-contacts-service,ce38aea55c3b57d4,,ce38aea55c3b57d4,2577,200,findContactsByAccountId,no_parent
1650266296,ts-basic-service,9f7fcf288caf5da2,865566272fe59c43,f0eac1523655e12f,9638,200,queryForStationId,ts-ticketinfo-service
1650266296,ts-basic-service,ff072cb8b16c67e6,58eaf46b71e10a34,f0eac1523655e12f,4842,200,queryForStationId,ts-ticketinfo-service
1650266296,ts-basic-service,a506059b4eee5619,9f7fcf288caf5da2,f0eac1523655e12f,4842,200,GET,ts-basic-service
1650266296,ts-travel-service,f4a03e2e45aacaf7,f0eac1523655e12f,f0eac1523655e12f,8289,200,GET,ts-travel-service
1650266296,ts-travel-service,1ffceadb5450d4b6,f0eac1523655e12f,f0eac1523655e12f,2370,200,GET,ts-travel-service
1650266296,ts-auth-service,3ff2d208c04c2e8a,ac3c11323f8fea91,ac3c11323f8fea91,3633,200,GET,ts-auth-service
1650266296,ts-verification-code-service,fcc153a20ee547ff,3ff2d208c04c2e8a,ac3c11323f8fea91,1969,200,verifyCode,ts-auth-service
1650266296,ts-route-service,138a4435245d4af,5697b1448e9e39e9,f0eac1523655e12f,2363,200,queryById,ts-travel-service
1650266296,ts-route-service,5e9cbbde06849925,601734c9f2180623,f0eac1523655e12f,2673,200,queryById,ts-travel-service
1650266296,ts-route-service,17f8a0b9630d114d,414f47e3ccccc98d,f0eac1523655e12f,2126,200,queryById,ts-travel-service
1650266296,ts-travel-service,ac318037596b681e,f0eac1523655e12f,f0eac1523655e12f,2326,200,GET,ts-travel-service
1650266296,ts-verification-code-service,1433b3a63d71e230,,1433b3a63d71e230,2853,200,imageCode,no_parent
1650266296,ts-travel-service,f0eac1523655e12f,,f0eac1523655e12f,48022,200,queryInfo,no_parent
1650266296,ts-preserve-service,b382d00606719686,5bdf5529108076dd,5bdf5529108076dd,17006,200,GET,ts-preserve-service
1650266296,ts-preserve-service,5bdf5529108076dd,,5bdf5529108076dd,23710,200,preserve,no_parent
1650266296,ts-order-service,b3945cf6f021346a,9add7840123bd089,5bdf5529108076dd,3770,200,securityInfoCheck,ts-security-service
1650266296,ts-security-service,39078a03692dd63b,85146ddb9adf9e6b,5bdf5529108076dd,5628,200,GET,ts-security-service
1650266296,ts-route-service,6a36e1175770aefa,1ffceadb5450d4b6,f0eac1523655e12f,2140,200,queryById,ts-travel-service
1650266296,ts-station-service,7ca77a5f7a574aab,a506059b4eee5619,f0eac1523655e12f,2300,200,queryForStationId,ts-basic-service
1650266296,ts-station-service,3cb7500b591f3c2d,6a8fcfb5c946e111,f0eac1523655e12f,2094,200,queryForStationId,ts-basic-service
1650266296,ts-travel-service,3d57080df9064c65,f0eac1523655e12f,f0eac1523655e12f,15726,200,GET,ts-travel-service
1650266296,ts-order-service,39254d1213db1626,,39254d1213db1626,12895,200,queryOrdersForRefresh,no_parent
1650266296,ts-station-service,56472de3e6afd5f0,3567eb4b974c6f00,39254d1213db1626,7833,200,queryForNameBatch,ts-order-service
1650266296,ts-order-other-service,41c26f50843d9723,39078a03692dd63b,5bdf5529108076dd,3768,200,securityInfoCheck,ts-security-service
1650266296,ts-security-service,9add7840123bd089,85146ddb9adf9e6b,5bdf5529108076dd,5072,200,GET,ts-security-service
1650266296,ts-security-service,85146ddb9adf9e6b,b382d00606719686,5bdf5529108076dd,15347,200,check,ts-preserve-service
1650266296,ts-travel-service,601734c9f2180623,f0eac1523655e12f,f0eac1523655e12f,3740,200,GET,ts-travel-service
1650266296,ts-order-service,3567eb4b974c6f00,39254d1213db1626,39254d1213db1626,9398,200,POST,ts-order-service
1650266296,ts-contacts-service,72536a18067bd9a1,3e61fad26ca213ea,5bdf5529108076dd,2422,200,getContactsByContactsId,ts-preserve-service
1650266296,ts-preserve-service,3e61fad26ca213ea,5bdf5529108076dd,5bdf5529108076dd,3722,200,GET,ts-preserve-service
1650266296,ts-route-service,756dd2fb1d5f880b,ac318037596b681e,f0eac1523655e12f,2122,200,queryById,ts-travel-service
1650266296,ts-ticketinfo-service,58eaf46b71e10a34,c23025b4a744fc3b,f0eac1523655e12f,5836,200,GET,ts-ticketinfo-service
1650266296,ts-ticketinfo-service,c23025b4a744fc3b,f4a03e2e45aacaf7,f0eac1523655e12f,7809,200,queryForStationId,ts-travel-service
1650266296,ts-travel-service,5697b1448e9e39e9,f0eac1523655e12f,f0eac1523655e12f,2839,200,GET,ts-travel-service
1650266296,ts-travel-service,414f47e3ccccc98d,f0eac1523655e12f,f0eac1523655e12f,2316,200,GET,ts-travel-service
1650266296,ts-ticketinfo-service,865566272fe59c43,863e38121aa05536,f0eac1523655e12f,11269,200,GET,ts-ticketinfo-service
1650266296,ts-ticketinfo-service,863e38121aa05536,3d57080df9064c65,f0eac1523655e12f,13791,200,queryForStationId,ts-travel-service
1650266296,ts-basic-service,6a8fcfb5c946e111,ff072cb8b16c67e6,f0eac1523655e12f,2862,200,GET,ts-basic-service
1650266296,ts-assurance-service,9eed1b250b9a782,,9eed1b250b9a782,1755,200,getAllAssuranceType,no_parent
1650266296,ts-auth-service,ac3c11323f8fea91,,ac3c11323f8fea91,113405,200,getToken,no_parent
1650266296,ts-contacts-service,35d2fd2b34988894,,35d2fd2b34988894,3070,200,findContactsByAccountId,no_parent
1650266356,ts-auth-service,9f3232540f04b741,,9f3232540f04b741,111259,200,getToken,no_parent
1650266356,ts-auth-service,7a74244bce41218d,9f3232540f04b741,9f3232540f04b741,3522,200,GET,ts-auth-service
1650266356,ts-basic-service,b2d59367d0fa5d46,85db9e3dcc1afcb4,c3484dea020b8321,2789,200,GET,ts-basic-service
1650266356,ts-basic-service,8488b6d590d69a4f,277fb67144cf0727,c3484dea020b8321,3342,200,GET,ts-basic-service
1650266356,ts-basic-service,85db9e3dcc1afcb4,cbd51cc7fc2c9db4,c3484dea020b8321,4916,200,queryForStationId,ts-ticketinfo-service
1650266356,ts-basic-service,277fb67144cf0727,6b03e81aaa9a8755,c3484dea020b8321,5655,200,queryForStationId,ts-ticketinfo-service
1650266356,ts-security-service,722366d2794ccd3f,7463562bf4564dd4,a64e174fa6fd189a,4806,200,GET,ts-security-service
1650266356,ts-verification-code-service,4f3f66c04e82b339,7a74244bce41218d,9f3232540f04b741,1809,200,verifyCode,ts-auth-service
1650266356,ts-contacts-service,e422b3ba2fdaaac6,740d61ab67f4c52a,a64e174fa6fd189a,2076,200,getContactsByContactsId,ts-preserve-service
1650266356,ts-preserve-service,34b5938251a648b,a64e174fa6fd189a,a64e174fa6fd189a,15445,200,GET,ts-preserve-service
1650266356,ts-order-other-service,f5704755e1b884e8,da03089e43ccc75e,a64e174fa6fd189a,3199,200,securityInfoCheck,ts-security-service
1650266356,ts-travel-service,50dcf3d0fdf6434c,c3484dea020b8321,c3484dea020b8321,8126,200,GET,ts-travel-service
1650266356,ts-order-service,39e9add7581a3b33,722366d2794ccd3f,a64e174fa6fd189a,3674,200,securityInfoCheck,ts-security-service
1650266356,ts-preserve-service,740d61ab67f4c52a,a64e174fa6fd189a,a64e174fa6fd189a,3373,200,GET,ts-preserve-service
1650266356,ts-preserve-service,a64e174fa6fd189a,,a64e174fa6fd189a,21797,200,preserve,no_parent
1650266356,ts-security-service,7463562bf4564dd4,34b5938251a648b,a64e174fa6fd189a,13883,200,check,ts-preserve-service
1650266356,ts-security-service,da03089e43ccc75e,7463562bf4564dd4,a64e174fa6fd189a,4438,200,GET,ts-security-service
1650266356,ts-travel-service,7084fec0f22ff127,c3484dea020b8321,c3484dea020b8321,10818,200,GET,ts-travel-service
1650266356,ts-travel-service,d82cfa5775c19934,c3484dea020b8321,c3484dea020b8321,2556,200,GET,ts-travel-service
1650266356,ts-ticketinfo-service,cdc38dfc338a0bcf,7084fec0f22ff127,c3484dea020b8321,9333,200,queryForStationId,ts-travel-service
1650266356,ts-route-service,cf31add9df384a1,62c70cb4916b440d,c3484dea020b8321,2147,200,queryById,ts-travel-service
1650266356,ts-station-service,fee722396c9647b8,b2d59367d0fa5d46,c3484dea020b8321,2060,200,queryForStationId,ts-basic-service
1650266356,ts-travel-service,a6911136a3c589d9,c3484dea020b8321,c3484dea020b8321,2318,200,GET,ts-travel-service
1650266356,ts-route-service,77492e6ee626948c,d82cfa5775c19934,c3484dea020b8321,2104,200,queryById,ts-travel-service
1650266356,ts-route-service,13c06d3a57677009,5fb658e326134981,c3484dea020b8321,2125,200,queryById,ts-travel-service
1650266356,ts-travel-service,c3484dea020b8321,,c3484dea020b8321,42058,200,queryInfo,no_parent
1650266356,ts-travel-service,16752431eda181c2,c3484dea020b8321,c3484dea020b8321,3974,200,GET,ts-travel-service
1650266356,ts-assurance-service,e0c86b93d3dfaa2d,,e0c86b93d3dfaa2d,1620,200,getAllAssuranceType,no_parent
1650266356,ts-contacts-service,1b332e6e690e6f54,,1b332e6e690e6f54,2977,200,findContactsByAccountId,no_parent
1650266356,ts-route-service,b14ea7b764648a7a,a6911136a3c589d9,c3484dea020b8321,2151,200,queryById,ts-travel-service
1650266356,ts-route-service,662731ca8d4d221d,16752431eda181c2,c3484dea020b8321,2644,200,queryById,ts-travel-service
1650266356,ts-travel-service,62c70cb4916b440d,c3484dea020b8321,c3484dea020b8321,2307,200,GET,ts-travel-service
1650266356,ts-travel-service,5fb658e326134981,c3484dea020b8321,c3484dea020b8321,2288,200,GET,ts-travel-service
1650266356,ts-station-service,e2f634e234a32ca4,8488b6d590d69a4f,c3484dea020b8321,2238,200,queryForStationId,ts-basic-service
1650266356,ts-station-service,c1f96ec62dccf307,c3910c0e94573fa3,a0848b03ed0ca8f2,8213,200,queryForNameBatch,ts-order-service
1650266356,ts-order-service,a0848b03ed0ca8f2,,a0848b03ed0ca8f2,13169,200,queryOrdersForRefresh,no_parent
1650266356,ts-order-service,c3910c0e94573fa3,a0848b03ed0ca8f2,a0848b03ed0ca8f2,9793,200,POST,ts-order-service
1650266356,ts-ticketinfo-service,cbd51cc7fc2c9db4,bfac6aeaf57b0a7c,c3484dea020b8321,5630,200,GET,ts-ticketinfo-service
1650266356,ts-ticketinfo-service,bfac6aeaf57b0a7c,50dcf3d0fdf6434c,c3484dea020b8321,7648,200,queryForStationId,ts-travel-service
1650266356,ts-ticketinfo-service,6b03e81aaa9a8755,cdc38dfc338a0bcf,c3484dea020b8321,6891,200,GET,ts-ticketinfo-service
1650266356,ts-verification-code-service,c31986e59f50ce82,,c31986e59f50ce82,1682,200,imageCode,no_parent
1650266416,ts-verification-code-service,768e26ddc112d633,9e807d4598ef6061,793810cf534fd228,1810,200,verifyCode,ts-auth-service
1650266416,ts-auth-service,9e807d4598ef6061,793810cf534fd228,793810cf534fd228,3642,200,GET,ts-auth-service
1650266416,ts-auth-service,793810cf534fd228,,793810cf534fd228,110945,200,getToken,no_parent
1650266416,ts-preserve-service,4c55bc01e865d8a5,495148ae49966ccd,495148ae49966ccd,3369,200,GET,ts-preserve-service
1650266416,ts-security-service,1a16ee3bd0a5b6e1,40c00ea75f554d4b,495148ae49966ccd,4690,200,GET,ts-security-service
1650266416,ts-security-service,7f0978f4fb946616,40c00ea75f554d4b,495148ae49966ccd,4446,200,GET,ts-security-service
1650266416,ts-order-service,53922fb0d955076f,,53922fb0d955076f,12942,200,queryOrdersForRefresh,no_parent
1650266416,ts-order-service,228a5658f4330bee,53922fb0d955076f,53922fb0d955076f,9385,200,POST,ts-order-service
1650266416,ts-station-service,2faec19a4dd6b778,228a5658f4330bee,53922fb0d955076f,7886,200,queryForNameBatch,ts-order-service
1650266416,ts-order-other-service,350bd12f7f91865a,7f0978f4fb946616,495148ae49966ccd,3143,200,securityInfoCheck,ts-security-service
1650266416,ts-preserve-service,495148ae49966ccd,,495148ae49966ccd,22455,200,preserve,no_parent
1650266416,ts-security-service,40c00ea75f554d4b,ac36d2494165e80b,495148ae49966ccd,13810,200,check,ts-preserve-service
1650266416,ts-contacts-service,9ef0f3e310a3f5ad,4c55bc01e865d8a5,495148ae49966ccd,2280,200,getContactsByContactsId,ts-preserve-service
1650266416,ts-preserve-service,ac36d2494165e80b,495148ae49966ccd,495148ae49966ccd,16067,200,GET,ts-preserve-service
1650266416,ts-order-service,e8c54a4a9fc49fa9,1a16ee3bd0a5b6e1,495148ae49966ccd,3242,200,securityInfoCheck,ts-security-service
1650266416,ts-contacts-service,14dc912fe99d8189,,14dc912fe99d8189,3373,200,findContactsByAccountId,no_parent
1650266416,ts-verification-code-service,4fe55b2f06dcc0ce,,4fe55b2f06dcc0ce,2790,200,imageCode,no_parent
1650266417,ts-travel-service,99daab7fc57fcf9d,1aecffe1ccab8248,1aecffe1ccab8248,11191,200,GET,ts-travel-service
1650266417,ts-travel-service,6706f28522611060,1aecffe1ccab8248,1aecffe1ccab8248,2515,200,GET,ts-travel-service
1650266417,ts-travel-service,5497b064e22e2335,1aecffe1ccab8248,1aecffe1ccab8248,8200,200,GET,ts-travel-service
1650266417,ts-ticketinfo-service,6976f78a4a2ff8d9,fd66b04131ffc2e1,1aecffe1ccab8248,5794,200,GET,ts-ticketinfo-service
1650266417,ts-ticketinfo-service,fd66b04131ffc2e1,5497b064e22e2335,1aecffe1ccab8248,7769,200,queryForStationId,ts-travel-service
1650266417,ts-basic-service,cbd2af665fda1a49,6976f78a4a2ff8d9,1aecffe1ccab8248,4954,200,queryForStationId,ts-ticketinfo-service
1650266417,ts-basic-service,10e64928edf971fb,cbd2af665fda1a49,1aecffe1ccab8248,2738,200,GET,ts-basic-service
1650266417,ts-ticketinfo-service,8c523c29ef358072,c17215707d490ade,1aecffe1ccab8248,7395,200,GET,ts-ticketinfo-service
1650266417,ts-travel-service,488114ae7f3d348e,1aecffe1ccab8248,1aecffe1ccab8248,2319,200,GET,ts-travel-service
1650266417,ts-travel-service,1aecffe1ccab8248,,1aecffe1ccab8248,42116,200,queryInfo,no_parent
1650266417,ts-travel-service,4c2489f806c22f92,1aecffe1ccab8248,1aecffe1ccab8248,2342,200,GET,ts-travel-service
1650266417,ts-station-service,1876a5a524cba8ef,10e64928edf971fb,1aecffe1ccab8248,2050,200,queryForStationId,ts-basic-service
1650266417,ts-basic-service,32af931fa915457e,8c523c29ef358072,1aecffe1ccab8248,6245,200,queryForStationId,ts-ticketinfo-service
1650266417,ts-travel-service,cefd2afe9b78aa4a,1aecffe1ccab8248,1aecffe1ccab8248,3907,200,GET,ts-travel-service
1650266417,ts-route-service,d3bcd7d126d6f831,cefd2afe9b78aa4a,1aecffe1ccab8248,2631,200,queryById,ts-travel-service
1650266417,ts-route-service,2916f065ebf9e8da,488114ae7f3d348e,1aecffe1ccab8248,2136,200,queryById,ts-travel-service
1650266417,ts-route-service,14146bb515220604,8aafd1cc5267027d,1aecffe1ccab8248,2200,200,queryById,ts-travel-service
1650266417,ts-route-service,b7d4b52125c1d3b2,4c2489f806c22f92,1aecffe1ccab8248,2156,200,queryById,ts-travel-service
1650266417,ts-route-service,7a738edb104010e7,6706f28522611060,1aecffe1ccab8248,2115,200,queryById,ts-travel-service
1650266417,ts-station-service,e8d2863d8331543b,927f7f73417f785,1aecffe1ccab8248,2540,200,queryForStationId,ts-basic-service
1650266417,ts-basic-service,927f7f73417f785,32af931fa915457e,1aecffe1ccab8248,3764,200,GET,ts-basic-service
1650266417,ts-travel-service,8aafd1cc5267027d,1aecffe1ccab8248,1aecffe1ccab8248,2360,200,GET,ts-travel-service
1650266417,ts-ticketinfo-service,c17215707d490ade,99daab7fc57fcf9d,1aecffe1ccab8248,9572,200,queryForStationId,ts-travel-service
1650266417,ts-assurance-service,119b9c77dd964703,,119b9c77dd964703,1853,200,getAllAssuranceType,no_parent
1650266477,ts-auth-service,6143398421a3fc62,927650abb9fc464,927650abb9fc464,3347,200,GET,ts-auth-service
1650266477,ts-verification-code-service,bcf843b07b9d1bc,6143398421a3fc62,927650abb9fc464,1693,200,verifyCode,ts-auth-service
1650266477,ts-auth-service,927650abb9fc464,,927650abb9fc464,115252,200,getToken,no_parent
1650266477,ts-verification-code-service,4cd5cbf90acc4b3f,,4cd5cbf90acc4b3f,2713,200,imageCode,no_parent
1650266477,ts-station-service,9ec43e9cb083b5b6,38a824a37e258423,1e4e332009007d54,8144,200,queryForNameBatch,ts-order-service
1650266477,ts-order-service,38a824a37e258423,1e4e332009007d54,1e4e332009007d54,9738,200,POST,ts-order-service
1650266477,ts-order-service,1e4e332009007d54,,1e4e332009007d54,13069,200,queryOrdersForRefresh,no_parent
1650266477,ts-order-service,ac35e7f7188bc553,5a9d5edd9b76fdcc,efc25697a9ff5ae1,3504,200,securityInfoCheck,ts-security-service
1650266477,ts-preserve-service,efc25697a9ff5ae1,,efc25697a9ff5ae1,22122,200,preserve,no_parent
1650266477,ts-station-service,aca057ac9ef4e63e,e75430ab2b2cb2c,8120e400823b4dbd,2222,200,queryForStationId,ts-basic-service
1650266477,ts-station-service,c11e4169e0c2c444,174e5eda388327f4,8120e400823b4dbd,2093,200,queryForStationId,ts-basic-service
1650266477,ts-travel-service,f7f5a2d591500bf9,8120e400823b4dbd,8120e400823b4dbd,8006,200,GET,ts-travel-service
1650266477,ts-travel-service,f492094e71c50f54,8120e400823b4dbd,8120e400823b4dbd,2278,200,GET,ts-travel-service
1650266477,ts-contacts-service,cc9fb4ed98552bc9,,cc9fb4ed98552bc9,3035,200,findContactsByAccountId,no_parent
1650266477,ts-security-service,5a9d5edd9b76fdcc,fd1356dfe7157401,efc25697a9ff5ae1,4943,200,GET,ts-security-service
1650266477,ts-travel-service,637bc59d20c96e83,8120e400823b4dbd,8120e400823b4dbd,16296,200,GET,ts-travel-service
1650266477,ts-route-service,9d17cb30af985f64,637bc59d20c96e83,8120e400823b4dbd,16156,200,queryById,ts-travel-service
1650266477,ts-basic-service,174e5eda388327f4,45fabf2388a15f03,8120e400823b4dbd,2768,200,GET,ts-basic-service
1650266477,ts-basic-service,cef403a52d004ca5,afa8fb23b1da1ae3,8120e400823b4dbd,5826,200,queryForStationId,ts-ticketinfo-service
1650266477,ts-basic-service,45fabf2388a15f03,615037c16bbdbb69,8120e400823b4dbd,4917,200,queryForStationId,ts-ticketinfo-service
1650266477,ts-basic-service,e75430ab2b2cb2c,cef403a52d004ca5,8120e400823b4dbd,3444,200,GET,ts-basic-service
1650266477,ts-preserve-service,d902a21771fc25e2,efc25697a9ff5ae1,efc25697a9ff5ae1,3361,200,GET,ts-preserve-service
1650266477,ts-travel-service,a25dd9be4b87d76d,8120e400823b4dbd,8120e400823b4dbd,2655,200,GET,ts-travel-service
1650266477,ts-travel-service,ae5eba0d45e77eb,8120e400823b4dbd,8120e400823b4dbd,2263,200,GET,ts-travel-service
1650266477,ts-travel-service,8120e400823b4dbd,,8120e400823b4dbd,55363,200,queryInfo,no_parent
1650266477,ts-route-service,6e6feb2b004524ea,a25dd9be4b87d76d,8120e400823b4dbd,2191,200,queryById,ts-travel-service
1650266477,ts-route-service,9cec25698390d10a,f492094e71c50f54,8120e400823b4dbd,2130,200,queryById,ts-travel-service
1650266477,ts-route-service,a365bf772dfdc914,901a447322bb5c5b,8120e400823b4dbd,2630,200,queryById,ts-travel-service
1650266477,ts-ticketinfo-service,afa8fb23b1da1ae3,21998a5b4a346c1c,8120e400823b4dbd,6917,200,GET,ts-ticketinfo-service
1650266477,ts-ticketinfo-service,615037c16bbdbb69,cf0a1a3d3e4bf041,8120e400823b4dbd,5661,200,GET,ts-ticketinfo-service
1650266477,ts-ticketinfo-service,21998a5b4a346c1c,9432890a31fee76b,8120e400823b4dbd,9222,200,queryForStationId,ts-travel-service
1650266477,ts-ticketinfo-service,cf0a1a3d3e4bf041,f7f5a2d591500bf9,8120e400823b4dbd,7627,200,queryForStationId,ts-travel-service
1650266477,ts-security-service,fd1356dfe7157401,e84bdbe824f45ae9,efc25697a9ff5ae1,14033,200,check,ts-preserve-service
1650266477,ts-contacts-service,b3bed51073fdd261,d902a21771fc25e2,efc25697a9ff5ae1,2068,200,getContactsByContactsId,ts-preserve-service
1650266477,ts-security-service,a9ef7898fa52a132,fd1356dfe7157401,efc25697a9ff5ae1,4624,200,GET,ts-security-service
1650266477,ts-travel-service,901a447322bb5c5b,8120e400823b4dbd,8120e400823b4dbd,3951,200,GET,ts-travel-service
1650266477,ts-travel-service,9432890a31fee76b,8120e400823b4dbd,8120e400823b4dbd,10774,200,GET,ts-travel-service
1650266477,ts-route-service,46403efbf30056eb,ae5eba0d45e77eb,8120e400823b4dbd,2106,200,queryById,ts-travel-service
1650266477,ts-preserve-service,e84bdbe824f45ae9,efc25697a9ff5ae1,efc25697a9ff5ae1,15767,200,GET,ts-preserve-service
1650266477,ts-order-other-service,d81482467bc47ca1,a9ef7898fa52a132,efc25697a9ff5ae1,3217,200,securityInfoCheck,ts-security-service
1650266477,ts-assurance-service,3273899211bbfc69,,3273899211bbfc69,1611,200,getAllAssuranceType,no_parent
1650266537,ts-auth-service,c810f573b6a2956c,,c810f573b6a2956c,113263,200,getToken,no_parent
1650266537,ts-travel-service,c383c178418b731a,74f855dad3d7eb91,74f855dad3d7eb91,11034,200,GET,ts-travel-service
1650266537,ts-travel-service,f8b33d31040da5b5,74f855dad3d7eb91,74f855dad3d7eb91,3933,200,GET,ts-travel-service
1650266537,ts-travel-service,74f855dad3d7eb91,,74f855dad3d7eb91,41318,200,queryInfo,no_parent
1650266537,ts-verification-code-service,3623e1c1d82d30c4,4911f6360fafd8b3,c810f573b6a2956c,1719,200,verifyCode,ts-auth-service
1650266537,ts-auth-service,4911f6360fafd8b3,c810f573b6a2956c,c810f573b6a2956c,3439,200,GET,ts-auth-service
1650266537,ts-verification-code-service,234c91dce7a55a60,,234c91dce7a55a60,2868,200,imageCode,no_parent
1650266537,ts-travel-service,f8f9766eb494a3ef,74f855dad3d7eb91,74f855dad3d7eb91,8087,200,GET,ts-travel-service
1650266537,ts-preserve-service,dde5a2fb4297ac1e,42fc5419c80361d,42fc5419c80361d,15856,200,GET,ts-preserve-service
1650266537,ts-contacts-service,19c0d0ed2e51e7ee,,19c0d0ed2e51e7ee,2994,200,findContactsByAccountId,no_parent
1650266537,ts-contacts-service,134fcf0684399b69,2334f487c871a83f,42fc5419c80361d,2551,200,getContactsByContactsId,ts-preserve-service
1650266537,ts-order-service,26c595ea04da3d7,cb38a468a1e244f9,42fc5419c80361d,3606,200,securityInfoCheck,ts-security-service
1650266537,ts-security-service,2f3fd7b8525c2c0f,f13d9448da88910c,42fc5419c80361d,4638,200,GET,ts-security-service
1650266537,ts-security-service,cb38a468a1e244f9,f13d9448da88910c,42fc5419c80361d,5077,200,GET,ts-security-service
1650266537,ts-basic-service,d6535479942f8a87,7469e868e8c41c97,74f855dad3d7eb91,5991,200,queryForStationId,ts-ticketinfo-service
1650266537,ts-ticketinfo-service,41163b61064c3b85,c383c178418b731a,74f855dad3d7eb91,9313,200,queryForStationId,ts-travel-service
1650266537,ts-ticketinfo-service,7469e868e8c41c97,41163b61064c3b85,74f855dad3d7eb91,7155,200,GET,ts-ticketinfo-service
1650266537,ts-preserve-service,2334f487c871a83f,42fc5419c80361d,42fc5419c80361d,3863,200,GET,ts-preserve-service
1650266537,ts-preserve-service,42fc5419c80361d,,42fc5419c80361d,22802,200,preserve,no_parent
1650266537,ts-order-other-service,6918de7a71966e20,2f3fd7b8525c2c0f,42fc5419c80361d,3282,200,securityInfoCheck,ts-security-service
1650266537,ts-security-service,f13d9448da88910c,dde5a2fb4297ac1e,42fc5419c80361d,14215,200,check,ts-preserve-service
1650266537,ts-basic-service,efd0085cb7169c5e,d6535479942f8a87,74f855dad3d7eb91,3543,200,GET,ts-basic-service
1650266537,ts-basic-service,8a001f23ef7979b3,256e20dcd2291fc5,74f855dad3d7eb91,2915,200,GET,ts-basic-service
1650266537,ts-basic-service,256e20dcd2291fc5,a7fe2364134ecb79,74f855dad3d7eb91,4860,200,queryForStationId,ts-ticketinfo-service
1650266537,ts-ticketinfo-service,a7fe2364134ecb79,fc2c7381fa2af94b,74f855dad3d7eb91,5611,200,GET,ts-ticketinfo-service
1650266537,ts-ticketinfo-service,fc2c7381fa2af94b,f8f9766eb494a3ef,74f855dad3d7eb91,7568,200,queryForStationId,ts-travel-service
1650266537,ts-travel-service,b17f3c68181fff68,74f855dad3d7eb91,74f855dad3d7eb91,2675,200,GET,ts-travel-service
1650266537,ts-travel-service,5a8f7973a34e0e45,74f855dad3d7eb91,74f855dad3d7eb91,2197,200,GET,ts-travel-service
1650266537,ts-travel-service,af8b7630642dae16,74f855dad3d7eb91,74f855dad3d7eb91,2290,200,GET,ts-travel-service
1650266537,ts-route-service,7cdf4bd5bcda33fe,f8b33d31040da5b5,74f855dad3d7eb91,2615,200,queryById,ts-travel-service
1650266537,ts-station-service,b61bc24f9f189a1c,efd0085cb7169c5e,74f855dad3d7eb91,2324,200,queryForStationId,ts-basic-service
1650266537,ts-station-service,19e6ddaf34a1a8a5,8a001f23ef7979b3,74f855dad3d7eb91,2116,200,queryForStationId,ts-basic-service
1650266537,ts-route-service,e9350787e7189a8d,af8b7630642dae16,74f855dad3d7eb91,2117,200,queryById,ts-travel-service
1650266537,ts-route-service,27e5960e1542e3a2,5a8f7973a34e0e45,74f855dad3d7eb91,2045,200,queryById,ts-travel-service
1650266537,ts-assurance-service,907235aadd4b5fe2,,907235aadd4b5fe2,1604,200,getAllAssuranceType,no_parent
1650266537,ts-travel-service,d0c40b32cc19e660,74f855dad3d7eb91,74f855dad3d7eb91,1852,200,GET,ts-travel-service
1650266537,ts-route-service,f11a2cc156a3a2fa,b17f3c68181fff68,74f855dad3d7eb91,2201,200,queryById,ts-travel-service
1650266537,ts-route-service,68f411c01ed4a8b2,d0c40b32cc19e660,74f855dad3d7eb91,1684,200,queryById,ts-travel-service
1650266537,ts-station-service,33a01ac1c49fed79,3a23fae9b165c7a2,b4cf98529a880100,8298,200,queryForNameBatch,ts-order-service
1650266537,ts-order-service,b4cf98529a880100,,b4cf98529a880100,19370,200,queryOrdersForRefresh,no_parent
1650266537,ts-order-service,3a23fae9b165c7a2,b4cf98529a880100,b4cf98529a880100,9761,200,POST,ts-order-service
1650266597,ts-travel-service,529b16891a84d49b,e93ac931048ca6c8,e93ac931048ca6c8,3897,200,GET,ts-travel-service
1650266597,ts-travel-service,9eceb6dbb489c900,e93ac931048ca6c8,e93ac931048ca6c8,2747,200,GET,ts-travel-service
1650266597,ts-travel-service,9716c31cb98aa410,e93ac931048ca6c8,e93ac931048ca6c8,2296,200,GET,ts-travel-service
1650266597,ts-basic-service,ce8be531e8b34c55,fb15367e5374ee42,e93ac931048ca6c8,4958,200,queryForStationId,ts-ticketinfo-service
1650266597,ts-security-service,72464629103e7544,db9d5b422dd8f747,233df354e776ee5c,4768,200,GET,ts-security-service
1650266597,ts-security-service,26b622b4fd46cdbd,db9d5b422dd8f747,233df354e776ee5c,4590,200,GET,ts-security-service
1650266597,ts-security-service,db9d5b422dd8f747,104aafe510c3bc37,233df354e776ee5c,13781,200,check,ts-preserve-service
1650266597,ts-ticketinfo-service,4338e6f3d3ab4fae,5df6bf839c23c157,e93ac931048ca6c8,7779,200,queryForStationId,ts-travel-service
1650266597,ts-ticketinfo-service,afabbddee6688008,a67e5a1e76c2e51f,e93ac931048ca6c8,9880,200,queryForStationId,ts-travel-service
1650266597,ts-travel-service,5df6bf839c23c157,e93ac931048ca6c8,e93ac931048ca6c8,8194,200,GET,ts-travel-service
1650266597,ts-travel-service,a67e5a1e76c2e51f,e93ac931048ca6c8,e93ac931048ca6c8,11399,200,GET,ts-travel-service
1650266597,ts-travel-service,e93ac931048ca6c8,,e93ac931048ca6c8,42386,200,queryInfo,no_parent
1650266597,ts-travel-service,943e17c49a1019c1,e93ac931048ca6c8,e93ac931048ca6c8,2457,200,GET,ts-travel-service
1650266597,ts-order-other-service,26bedc462112cf65,26b622b4fd46cdbd,233df354e776ee5c,3200,200,securityInfoCheck,ts-security-service
1650266597,ts-station-service,425e731e71b2ae86,f80a26c4a94aa693,e93ac931048ca6c8,2151,200,queryForStationId,ts-basic-service
1650266597,ts-travel-service,a75c6da52c9af3fa,e93ac931048ca6c8,e93ac931048ca6c8,2246,200,GET,ts-travel-service
1650266597,ts-route-service,7d1a027a2d5feedc,529b16891a84d49b,e93ac931048ca6c8,2585,200,queryById,ts-travel-service
1650266597,ts-route-service,619a3c3ee1ab780,9eceb6dbb489c900,e93ac931048ca6c8,2149,200,queryById,ts-travel-service
1650266597,ts-station-service,aed5635dcc9a87eb,4a95b515ac9a2fc3,e93ac931048ca6c8,2181,200,queryForStationId,ts-basic-service
1650266597,ts-verification-code-service,34a214b5b9d6e2cb,56df967176ea4527,c98a2024f20a92c1,1720,200,verifyCode,ts-auth-service
1650266597,ts-basic-service,4a95b515ac9a2fc3,2f4448e7e3ccfb58,e93ac931048ca6c8,3370,200,GET,ts-basic-service
1650266597,ts-basic-service,2f4448e7e3ccfb58,c7e8f0707ee33dfe,e93ac931048ca6c8,5994,200,queryForStationId,ts-ticketinfo-service
1650266597,ts-order-service,da5cf487ad6b552c,72464629103e7544,233df354e776ee5c,3521,200,securityInfoCheck,ts-security-service
1650266597,ts-preserve-service,104aafe510c3bc37,233df354e776ee5c,233df354e776ee5c,15356,200,GET,ts-preserve-service
1650266597,ts-contacts-service,1429cbbae13b81a3,5f53902f0371d7ca,233df354e776ee5c,2240,200,getContactsByContactsId,ts-preserve-service
1650266597,ts-route-service,b5d693a9b8bfdf8b,9716c31cb98aa410,e93ac931048ca6c8,2167,200,queryById,ts-travel-service
1650266597,ts-route-service,ddc0a2f91edbf7b1,943e17c49a1019c1,e93ac931048ca6c8,2136,200,queryById,ts-travel-service
1650266597,ts-route-service,2759fffe59ed584f,a75c6da52c9af3fa,e93ac931048ca6c8,2120,200,queryById,ts-travel-service
1650266597,ts-basic-service,f80a26c4a94aa693,ce8be531e8b34c55,e93ac931048ca6c8,2795,200,GET,ts-basic-service
1650266597,ts-ticketinfo-service,c7e8f0707ee33dfe,afabbddee6688008,e93ac931048ca6c8,7298,200,GET,ts-ticketinfo-service
1650266597,ts-ticketinfo-service,fb15367e5374ee42,4338e6f3d3ab4fae,e93ac931048ca6c8,5680,200,GET,ts-ticketinfo-service
1650266597,ts-preserve-service,5f53902f0371d7ca,233df354e776ee5c,233df354e776ee5c,3609,200,GET,ts-preserve-service
1650266597,ts-preserve-service,233df354e776ee5c,,233df354e776ee5c,21885,200,preserve,no_parent
1650266597,ts-order-service,e40a51afd7ee64d2,3fb5e906c26dd6f3,3fb5e906c26dd6f3,9319,200,POST,ts-order-service
1650266597,ts-order-service,3fb5e906c26dd6f3,,3fb5e906c26dd6f3,12407,200,queryOrdersForRefresh,no_parent
1650266597,ts-station-service,83b709701187b163,e40a51afd7ee64d2,3fb5e906c26dd6f3,7871,200,queryForNameBatch,ts-order-service
1650266597,ts-assurance-service,c40031eae55df164,,c40031eae55df164,1558,200,getAllAssuranceType,no_parent
1650266597,ts-contacts-service,a02e0e27f9294e89,,a02e0e27f9294e89,2738,200,findContactsByAccountId,no_parent
1650266597,ts-auth-service,56df967176ea4527,c98a2024f20a92c1,c98a2024f20a92c1,3491,200,GET,ts-auth-service
1650266597,ts-auth-service,c98a2024f20a92c1,,c98a2024f20a92c1,114750,200,getToken,no_parent
1650266597,ts-verification-code-service,a7b529a0bebe38f4,,a7b529a0bebe38f4,2655,200,imageCode,no_parent
1650266657,ts-contacts-service,a2c961c5709144e7,,a2c961c5709144e7,3261,200,findContactsByAccountId,no_parent
1650266658,ts-verification-code-service,574e48194dd2f505,82b7bcd7af0210f5,973fa4ff2dbdbe7e,1489,200,verifyCode,ts-auth-service
1650266658,ts-auth-service,82b7bcd7af0210f5,973fa4ff2dbdbe7e,973fa4ff2dbdbe7e,3686,200,GET,ts-auth-service
1650266658,ts-auth-service,973fa4ff2dbdbe7e,,973fa4ff2dbdbe7e,112098,200,getToken,no_parent
1650266658,ts-route-service,110f9f949c06b86b,9b3839a260ae1f85,e1afba3e7d33748c,2176,200,queryById,ts-travel-service
1650266658,ts-route-service,1a08e4b0416244,3ef462a190d9d9ac,e1afba3e7d33748c,2588,200,queryById,ts-travel-service
1650266658,ts-security-service,9ca5bedca8f24170,e037bbeccf99472f,3963166aa815b883,4224,200,GET,ts-security-service
1650266658,ts-order-service,4ba29fb32c721bc3,3bae797253f76e67,3963166aa815b883,3472,200,securityInfoCheck,ts-security-service
1650266658,ts-preserve-service,a05b04d6a73bce17,3963166aa815b883,3963166aa815b883,15551,200,GET,ts-preserve-service
1650266658,ts-preserve-service,d1d9627c78819548,3963166aa815b883,3963166aa815b883,2863,200,GET,ts-preserve-service
1650266658,ts-station-service,308abf41f667718b,d6d6bc465f7d1098,f1964c7fa5607a92,7327,200,queryForNameBatch,ts-order-service
1650266658,ts-travel-service,1614c14e9d3bc3ad,e1afba3e7d33748c,e1afba3e7d33748c,11049,200,GET,ts-travel-service
1650266658,ts-preserve-service,3963166aa815b883,,3963166aa815b883,21532,200,preserve,no_parent
1650266658,ts-security-service,3bae797253f76e67,e037bbeccf99472f,3963166aa815b883,4886,200,GET,ts-security-service
1650266658,ts-security-service,e037bbeccf99472f,a05b04d6a73bce17,3963166aa815b883,13792,200,check,ts-preserve-service
1650266658,ts-contacts-service,53f2f5495f941455,d1d9627c78819548,3963166aa815b883,1768,200,getContactsByContactsId,ts-preserve-service
1650266658,ts-order-service,d6d6bc465f7d1098,f1964c7fa5607a92,f1964c7fa5607a92,9059,200,POST,ts-order-service
1650266658,ts-order-service,f1964c7fa5607a92,,f1964c7fa5607a92,12464,200,queryOrdersForRefresh,no_parent
1650266658,ts-travel-service,55ee7db04ebc0d88,e1afba3e7d33748c,e1afba3e7d33748c,2304,200,GET,ts-travel-service
1650266658,ts-ticketinfo-service,b1c93484c2b9c303,7b07e6b69c6d6149,e1afba3e7d33748c,7184,200,GET,ts-ticketinfo-service
1650266658,ts-ticketinfo-service,8bacbe82b9c72461,40ca708b2078526f,e1afba3e7d33748c,7500,200,queryForStationId,ts-travel-service
1650266658,ts-travel-service,eedc4d9afc58852,e1afba3e7d33748c,e1afba3e7d33748c,2351,200,GET,ts-travel-service
1650266658,ts-basic-service,4304ce668b1c3350,b1c93484c2b9c303,e1afba3e7d33748c,6017,200,queryForStationId,ts-ticketinfo-service
1650266658,ts-ticketinfo-service,293a2ec88a836559,8bacbe82b9c72461,e1afba3e7d33748c,5497,200,GET,ts-ticketinfo-service
1650266658,ts-travel-service,daaa07f21c6177eb,e1afba3e7d33748c,e1afba3e7d33748c,2263,200,GET,ts-travel-service
1650266658,ts-route-service,aa3261975537616c,eedc4d9afc58852,e1afba3e7d33748c,2182,200,queryById,ts-travel-service
1650266658,ts-route-service,dbbe340d5675fc81,daaa07f21c6177eb,e1afba3e7d33748c,2094,200,queryById,ts-travel-service
1650266658,ts-travel-service,e1afba3e7d33748c,,e1afba3e7d33748c,41708,200,queryInfo,no_parent
1650266658,ts-basic-service,e074ffdba8ac785d,b900585d7bbc2ba,e1afba3e7d33748c,2729,200,GET,ts-basic-service
1650266658,ts-route-service,b593f3e7a43f39f5,55ee7db04ebc0d88,e1afba3e7d33748c,2138,200,queryById,ts-travel-service
1650266658,ts-travel-service,3ef462a190d9d9ac,e1afba3e7d33748c,e1afba3e7d33748c,3918,200,GET,ts-travel-service
1650266658,ts-travel-service,9b3839a260ae1f85,e1afba3e7d33748c,e1afba3e7d33748c,2563,200,GET,ts-travel-service
1650266658,ts-basic-service,b900585d7bbc2ba,293a2ec88a836559,e1afba3e7d33748c,4769,200,queryForStationId,ts-ticketinfo-service
1650266658,ts-ticketinfo-service,7b07e6b69c6d6149,1614c14e9d3bc3ad,e1afba3e7d33748c,9459,200,queryForStationId,ts-travel-service
1650266658,ts-travel-service,40ca708b2078526f,e1afba3e7d33748c,e1afba3e7d33748c,7933,200,GET,ts-travel-service
1650266658,ts-basic-service,2ec1d30c31b7b0cb,4304ce668b1c3350,e1afba3e7d33748c,3447,200,GET,ts-basic-service
1650266658,ts-assurance-service,2db5b27f3c20fa2b,,2db5b27f3c20fa2b,3739,200,getAllAssuranceType,no_parent
1650266658,ts-station-service,9afae618e05f60b8,2ec1d30c31b7b0cb,e1afba3e7d33748c,2271,200,queryForStationId,ts-basic-service
1650266658,ts-station-service,ab188a94d11e7816,e074ffdba8ac785d,e1afba3e7d33748c,2096,200,queryForStationId,ts-basic-service
1650266658,ts-order-other-service,d757904ece9fbdb,9ca5bedca8f24170,3963166aa815b883,3341,200,securityInfoCheck,ts-security-service
1650266658,ts-verification-code-service,beca70241e028d6f,,beca70241e028d6f,2189,200,imageCode,no_parent
1650266718,ts-security-service,5bc14ab2224b9b85,9cf995599cd28dba,a60e6bba802c1df3,4945,200,GET,ts-security-service
1650266718,ts-security-service,52547634efc3c440,9cf995599cd28dba,a60e6bba802c1df3,4249,200,GET,ts-security-service
1650266718,ts-preserve-service,9c614e3cdd1ab0e9,a60e6bba802c1df3,a60e6bba802c1df3,15408,200,GET,ts-preserve-service
1650266718,ts-preserve-service,5366bcacabaf3ae8,a60e6bba802c1df3,a60e6bba802c1df3,3794,200,GET,ts-preserve-service
1650266718,ts-route-service,3d58499ba2e9b38d,13248e51cf500466,b3ef6fc4b549066a,2166,200,queryById,ts-travel-service
1650266718,ts-route-service,afd09206553add04,6c0e7d5a723c62f5,b3ef6fc4b549066a,2290,200,queryById,ts-travel-service
1650266718,ts-route-service,924278cadd5799dc,6ff9a945271946ad,b3ef6fc4b549066a,2159,200,queryById,ts-travel-service
1650266718,ts-route-service,e0490d51365665e4,b4b994f1b384f2f9,b3ef6fc4b549066a,2128,200,queryById,ts-travel-service
1650266718,ts-auth-service,1bc5f8290f12b488,9a2c019c32f791a1,9a2c019c32f791a1,3435,200,GET,ts-auth-service
1650266718,ts-travel-service,b3ef6fc4b549066a,,b3ef6fc4b549066a,50494,200,queryInfo,no_parent
1650266718,ts-travel-service,b4b994f1b384f2f9,b3ef6fc4b549066a,b3ef6fc4b549066a,2223,200,GET,ts-travel-service
1650266718,ts-verification-code-service,1a493561ab737423,,1a493561ab737423,2692,200,imageCode,no_parent
1650266718,ts-station-service,12cc6bfb49a92a07,75d35bccfe3af540,b3ef6fc4b549066a,1653,200,queryForStationId,ts-basic-service
1650266718,ts-ticketinfo-service,a61abd1db8046450,f4d4625b87c417ec,b3ef6fc4b549066a,19621,200,queryForStationId,ts-travel-service
1650266718,ts-ticketinfo-service,4196afd886a70397,a61abd1db8046450,b3ef6fc4b549066a,17185,200,GET,ts-ticketinfo-service
1650266718,ts-ticketinfo-service,85da58fe67398c40,fee3c75fb95504f8,b3ef6fc4b549066a,7084,200,queryForStationId,ts-travel-service
1650266718,ts-travel-service,6ff9a945271946ad,b3ef6fc4b549066a,b3ef6fc4b549066a,2298,200,GET,ts-travel-service
1650266718,ts-verification-code-service,1ff278cd232abf97,1bc5f8290f12b488,9a2c019c32f791a1,1683,200,verifyCode,ts-auth-service
1650266718,ts-preserve-service,a60e6bba802c1df3,,a60e6bba802c1df3,22162,200,preserve,no_parent
1650266718,ts-security-service,9cf995599cd28dba,9c614e3cdd1ab0e9,a60e6bba802c1df3,13773,200,check,ts-preserve-service
1650266718,ts-contacts-service,5db81e014293da65,5366bcacabaf3ae8,a60e6bba802c1df3,2495,200,getContactsByContactsId,ts-preserve-service
1650266718,ts-travel-service,6c0e7d5a723c62f5,b3ef6fc4b549066a,b3ef6fc4b549066a,2652,200,GET,ts-travel-service
1650266718,ts-route-service,fd069b8c6b6babe8,d027868a45d9fefd,b3ef6fc4b549066a,2728,200,queryById,ts-travel-service
1650266718,ts-station-service,892629baeb0ce8f0,d3a3f2026b8bba02,b3ef6fc4b549066a,8833,200,queryForStationId,ts-basic-service
1650266718,ts-order-service,5f3be8c760583394,,5f3be8c760583394,12899,200,queryOrdersForRefresh,no_parent
1650266718,ts-contacts-service,2dd025f35bae8126,,2dd025f35bae8126,2990,200,findContactsByAccountId,no_parent
1650266718,ts-order-service,609b87823f28748b,5bc14ab2224b9b85,a60e6bba802c1df3,3557,200,securityInfoCheck,ts-security-service
1650266718,ts-basic-service,75d35bccfe3af540,da890d0b787afc0d,b3ef6fc4b549066a,2323,200,GET,ts-basic-service
1650266718,ts-basic-service,81a639d48d85fa29,4196afd886a70397,b3ef6fc4b549066a,15571,200,queryForStationId,ts-ticketinfo-service
1650266718,ts-auth-service,9a2c019c32f791a1,,9a2c019c32f791a1,113388,200,getToken,no_parent
1650266718,ts-travel-service,fee3c75fb95504f8,b3ef6fc4b549066a,b3ef6fc4b549066a,7523,200,GET,ts-travel-service
1650266718,ts-travel-service,13248e51cf500466,b3ef6fc4b549066a,b3ef6fc4b549066a,2219,200,GET,ts-travel-service
1650266718,ts-travel-service,d027868a45d9fefd,b3ef6fc4b549066a,b3ef6fc4b549066a,3642,200,GET,ts-travel-service
1650266718,ts-basic-service,d3a3f2026b8bba02,81a639d48d85fa29,b3ef6fc4b549066a,10432,200,GET,ts-basic-service
1650266718,ts-basic-service,da890d0b787afc0d,2055aec0c400aeed,b3ef6fc4b549066a,4112,200,queryForStationId,ts-ticketinfo-service
1650266718,ts-ticketinfo-service,2055aec0c400aeed,85da58fe67398c40,b3ef6fc4b549066a,5144,200,GET,ts-ticketinfo-service
1650266718,ts-assurance-service,1b76d53e2db076fd,,1b76d53e2db076fd,1536,200,getAllAssuranceType,no_parent
1650266718,ts-travel-service,f4d4625b87c417ec,b3ef6fc4b549066a,b3ef6fc4b549066a,21274,200,GET,ts-travel-service
1650266718,ts-order-other-service,3a1a4dcb43fdf8e8,52547634efc3c440,a60e6bba802c1df3,3125,200,securityInfoCheck,ts-security-service
1650266718,ts-station-service,44e0ff0766bca4f4,547dc6baf020b7d7,5f3be8c760583394,8255,200,queryForNameBatch,ts-order-service
1650266718,ts-order-service,547dc6baf020b7d7,5f3be8c760583394,5f3be8c760583394,9767,200,POST,ts-order-service
1650266778,ts-order-service,ad5e8847b410eef0,c900f6c948651beb,ec7acbfe20f10b28,3534,200,securityInfoCheck,ts-security-service
1650266778,ts-preserve-service,7ffc380a1edcc98f,ec7acbfe20f10b28,ec7acbfe20f10b28,15635,200,GET,ts-preserve-service
1650266778,ts-preserve-service,b4c88a1bd8da21b9,ec7acbfe20f10b28,ec7acbfe20f10b28,3555,200,GET,ts-preserve-service
1650266778,ts-contacts-service,afdef8f32056656,b4c88a1bd8da21b9,ec7acbfe20f10b28,2322,200,getContactsByContactsId,ts-preserve-service
1650266778,ts-basic-service,8c5f3e7f50d3f9aa,77e0dcc3bcae387a,6d597cab24881d74,3505,200,GET,ts-basic-service
1650266778,ts-basic-service,651efcf5e42faa14,af95d6fb66358ee4,6d597cab24881d74,5153,200,queryForStationId,ts-ticketinfo-service
1650266778,ts-ticketinfo-service,48269db29602a57d,77aad3bd7a60878c,6d597cab24881d74,9821,200,queryForStationId,ts-travel-service
1650266778,ts-ticketinfo-service,4f8ff660cb02049b,e3856471e14022d3,6d597cab24881d74,7868,200,queryForStationId,ts-travel-service
1650266778,ts-basic-service,5f4a5fc657d78615,651efcf5e42faa14,6d597cab24881d74,2685,200,GET,ts-basic-service
1650266778,ts-basic-service,77e0dcc3bcae387a,5b02efd3ea11f7cf,6d597cab24881d74,6242,200,queryForStationId,ts-ticketinfo-service
1650266778,ts-ticketinfo-service,af95d6fb66358ee4,4f8ff660cb02049b,6d597cab24881d74,5874,200,GET,ts-ticketinfo-service
1650266778,ts-travel-service,6031af236dd05872,6d597cab24881d74,6d597cab24881d74,2607,200,GET,ts-travel-service
1650266778,ts-auth-service,f40af6bfd1323ff5,,f40af6bfd1323ff5,115009,200,getToken,no_parent
1650266778,ts-auth-service,288994f3879628b8,f40af6bfd1323ff5,f40af6bfd1323ff5,3418,200,GET,ts-auth-service
1650266778,ts-travel-service,92a7446473494a94,6d597cab24881d74,6d597cab24881d74,3857,200,GET,ts-travel-service
1650266778,ts-travel-service,738e7806cf9fa84f,6d597cab24881d74,6d597cab24881d74,2304,200,GET,ts-travel-service
1650266778,ts-route-service,5bbf1663daa99a41,64ef4e5b84676906,6d597cab24881d74,2117,200,queryById,ts-travel-service
1650266778,ts-route-service,b3896497b87290bf,3ab9102e422b2c1d,6d597cab24881d74,2164,200,queryById,ts-travel-service
1650266778,ts-route-service,9768686708d01f6b,6031af236dd05872,6d597cab24881d74,2136,200,queryById,ts-travel-service
1650266778,ts-station-service,e90ffa3a0c3792ba,8c5f3e7f50d3f9aa,6d597cab24881d74,2212,200,queryForStationId,ts-basic-service
1650266778,ts-travel-service,e3856471e14022d3,6d597cab24881d74,6d597cab24881d74,8396,200,GET,ts-travel-service
1650266778,ts-travel-service,64ef4e5b84676906,6d597cab24881d74,6d597cab24881d74,2296,200,GET,ts-travel-service
1650266778,ts-station-service,c79703bd3ce82963,5f4a5fc657d78615,6d597cab24881d74,2059,200,queryForStationId,ts-basic-service
1650266778,ts-travel-service,3ab9102e422b2c1d,6d597cab24881d74,6d597cab24881d74,2316,200,GET,ts-travel-service
1650266778,ts-route-service,b1c864ed31d9f1de,738e7806cf9fa84f,6d597cab24881d74,2140,200,queryById,ts-travel-service
1650266778,ts-route-service,b5228d167df47afa,92a7446473494a94,6d597cab24881d74,2565,200,queryById,ts-travel-service
1650266778,ts-ticketinfo-service,5b02efd3ea11f7cf,48269db29602a57d,6d597cab24881d74,7436,200,GET,ts-ticketinfo-service
1650266778,ts-travel-service,77aad3bd7a60878c,6d597cab24881d74,6d597cab24881d74,11342,200,GET,ts-travel-service
1650266778,ts-travel-service,6d597cab24881d74,,6d597cab24881d74,43004,200,queryInfo,no_parent
1650266778,ts-assurance-service,41bbb5945069d9ce,,41bbb5945069d9ce,4132,200,getAllAssuranceType,no_parent
1650266778,ts-order-service,24a7c277b06a2cf7,6701cb4c4edd89f7,6701cb4c4edd89f7,9531,200,POST,ts-order-service
1650266778,ts-order-service,6701cb4c4edd89f7,,6701cb4c4edd89f7,12842,200,queryOrdersForRefresh,no_parent
1650266778,ts-security-service,c900f6c948651beb,2adf0b89104598b0,ec7acbfe20f10b28,4924,200,GET,ts-security-service
1650266778,ts-security-service,2adf0b89104598b0,7ffc380a1edcc98f,ec7acbfe20f10b28,14026,200,check,ts-preserve-service
1650266778,ts-contacts-service,6e2ee3999989fd25,,6e2ee3999989fd25,2778,200,findContactsByAccountId,no_parent
1650266778,ts-station-service,c69f6676da4605bd,24a7c277b06a2cf7,6701cb4c4edd89f7,8040,200,queryForNameBatch,ts-order-service
1650266778,ts-verification-code-service,2524952587680097,288994f3879628b8,f40af6bfd1323ff5,1742,200,verifyCode,ts-auth-service
1650266778,ts-preserve-service,ec7acbfe20f10b28,,ec7acbfe20f10b28,21951,200,preserve,no_parent
1650266778,ts-order-other-service,3279f8c9841ddf73,5506af7ff53666b2,ec7acbfe20f10b28,3198,200,securityInfoCheck,ts-security-service
1650266778,ts-security-service,5506af7ff53666b2,2adf0b89104598b0,ec7acbfe20f10b28,4583,200,GET,ts-security-service
1650266778,ts-verification-code-service,f502694c9cee8a,,f502694c9cee8a,2710,200,imageCode,no_parent
1650266838,ts-contacts-service,fc58bff14f7b78da,a017a22f37169f47,a053bcef6622d346,2677,200,getContactsByContactsId,ts-preserve-service
1650266838,ts-order-service,3d9d472543ccd7d0,9a02f409b6167ba8,a053bcef6622d346,3556,200,securityInfoCheck,ts-security-service
1650266838,ts-preserve-service,870e3859fdebfef5,a053bcef6622d346,a053bcef6622d346,15641,200,GET,ts-preserve-service
1650266838,ts-preserve-service,a017a22f37169f47,a053bcef6622d346,a053bcef6622d346,3891,200,GET,ts-preserve-service
1650266838,ts-preserve-service,a053bcef6622d346,,a053bcef6622d346,22373,200,preserve,no_parent
1650266838,ts-auth-service,e98e945796345fce,84747c326e45e796,84747c326e45e796,3628,200,GET,ts-auth-service
1650266838,ts-auth-service,84747c326e45e796,,84747c326e45e796,112754,200,getToken,no_parent
1650266838,ts-order-other-service,b0be1a8c8bec5eac,a9fdcc5c6b24feb1,a053bcef6622d346,3248,200,securityInfoCheck,ts-security-service
1650266838,ts-security-service,a9fdcc5c6b24feb1,bd3166012d1605c6,a053bcef6622d346,4610,200,GET,ts-security-service
1650266838,ts-security-service,bd3166012d1605c6,870e3859fdebfef5,a053bcef6622d346,14096,200,check,ts-preserve-service
1650266838,ts-security-service,9a02f409b6167ba8,bd3166012d1605c6,a053bcef6622d346,4967,200,GET,ts-security-service
1650266838,ts-ticketinfo-service,56af44ff48365e55,a3d46bbd5a060d9a,f9fe79c2b41f883c,10893,200,queryForStationId,ts-travel-service
1650266838,ts-basic-service,bf02ec1d21b66398,cf13f5d583319a9f,f9fe79c2b41f883c,6885,200,queryForStationId,ts-ticketinfo-service
1650266838,ts-travel-service,a3d46bbd5a060d9a,f9fe79c2b41f883c,f9fe79c2b41f883c,12457,200,GET,ts-travel-service
1650266838,ts-travel-service,f9fe79c2b41f883c,,f9fe79c2b41f883c,39789,200,queryInfo,no_parent
1650266838,ts-ticketinfo-service,cf13f5d583319a9f,56af44ff48365e55,f9fe79c2b41f883c,8063,200,GET,ts-ticketinfo-service
1650266838,ts-contacts-service,2ef62a5052137d7c,,2ef62a5052137d7c,2983,200,findContactsByAccountId,no_parent
1650266838,ts-order-service,366602a78f95eda2,fd36d3b66cefdfac,fd36d3b66cefdfac,8973,200,POST,ts-order-service
1650266838,ts-order-service,fd36d3b66cefdfac,,fd36d3b66cefdfac,12011,200,queryOrdersForRefresh,no_parent
1650266838,ts-station-service,91df6e620f30725b,366602a78f95eda2,fd36d3b66cefdfac,7322,200,queryForNameBatch,ts-order-service
1650266838,ts-verification-code-service,3e1fc047416640bf,e98e945796345fce,84747c326e45e796,1712,200,verifyCode,ts-auth-service
1650266838,ts-verification-code-service,17ae034de00d8254,,17ae034de00d8254,2668,200,imageCode,no_parent
1650266839,ts-route-service,ac743d6d4040f52a,96113ae21f56ad14,f9fe79c2b41f883c,1624,200,queryById,ts-travel-service
1650266839,ts-ticketinfo-service,3d3d3c2eade6da2f,3fc24e3b530a87de,f9fe79c2b41f883c,8161,200,queryForStationId,ts-travel-service
1650266839,ts-travel-service,3636ec2b6c257ad1,f9fe79c2b41f883c,f9fe79c2b41f883c,3294,200,GET,ts-travel-service
1650266839,ts-station-service,b5f2733450010366,624fb91dc1ce4af8,f9fe79c2b41f883c,2885,200,queryForStationId,ts-basic-service
1650266839,ts-ticketinfo-service,82a577c446c4cb12,3d3d3c2eade6da2f,f9fe79c2b41f883c,6461,200,GET,ts-ticketinfo-service
1650266839,ts-route-service,6133025bc1f893e0,3636ec2b6c257ad1,f9fe79c2b41f883c,1984,200,queryById,ts-travel-service
1650266839,ts-basic-service,f256dce548b38b,82a577c446c4cb12,f9fe79c2b41f883c,5369,200,queryForStationId,ts-ticketinfo-service
1650266839,ts-travel-service,4f041ec9c6d23b61,f9fe79c2b41f883c,f9fe79c2b41f883c,2095,200,GET,ts-travel-service
1650266839,ts-station-service,45e04aaea9eef78b,8aeee88174bb9784,f9fe79c2b41f883c,2163,200,queryForStationId,ts-basic-service
1650266839,ts-route-service,a78e5456fc2e9b4,4f041ec9c6d23b61,f9fe79c2b41f883c,1718,200,queryById,ts-travel-service
1650266839,ts-travel-service,6eb2f72003a7cd7,f9fe79c2b41f883c,f9fe79c2b41f883c,1788,200,GET,ts-travel-service
1650266839,ts-basic-service,624fb91dc1ce4af8,bf02ec1d21b66398,f9fe79c2b41f883c,4068,200,GET,ts-basic-service
1650266839,ts-route-service,a52a0e7d948dac7d,8a8a20ff42f44b51,f9fe79c2b41f883c,2005,200,queryById,ts-travel-service
1650266839,ts-route-service,5527091b7bd8334,6eb2f72003a7cd7,f9fe79c2b41f883c,1654,200,queryById,ts-travel-service
1650266839,ts-travel-service,96113ae21f56ad14,f9fe79c2b41f883c,f9fe79c2b41f883c,1715,200,GET,ts-travel-service
1650266839,ts-travel-service,3fc24e3b530a87de,f9fe79c2b41f883c,f9fe79c2b41f883c,8512,200,GET,ts-travel-service
1650266839,ts-basic-service,8aeee88174bb9784,f256dce548b38b,f9fe79c2b41f883c,2769,200,GET,ts-basic-service
1650266839,ts-assurance-service,a8c6e5ac25cae873,,a8c6e5ac25cae873,1887,200,getAllAssuranceType,no_parent
1650266839,ts-travel-service,8a8a20ff42f44b51,f9fe79c2b41f883c,f9fe79c2b41f883c,2103,200,GET,ts-travel-service
1650266899,ts-station-service,79ce2141f5190a74,86a6c435acc06f5b,b90942fb6bb319f8,2251,200,queryForStationId,ts-basic-service
1650266899,ts-station-service,7c182416b2f3701d,476949bb1b31426f,b90942fb6bb319f8,2155,200,queryForStationId,ts-basic-service
1650266899,ts-basic-service,86a6c435acc06f5b,36434ca3e48f7a8,b90942fb6bb319f8,3370,200,GET,ts-basic-service
1650266899,ts-order-service,535c93d2a5dedb6c,c910f94143cad682,980ec3be4a38aa6f,3543,200,securityInfoCheck,ts-security-service
1650266899,ts-contacts-service,cfbe69e991b7d2fd,a734627cd3837471,980ec3be4a38aa6f,2061,200,getContactsByContactsId,ts-preserve-service
1650266899,ts-security-service,6249be7b3fbe45e4,869a29caef8c2dab,980ec3be4a38aa6f,4662,200,GET,ts-security-service
1650266899,ts-preserve-service,a734627cd3837471,980ec3be4a38aa6f,980ec3be4a38aa6f,3379,200,GET,ts-preserve-service
1650266899,ts-order-other-service,3a11d41b9a1e003b,6249be7b3fbe45e4,980ec3be4a38aa6f,3261,200,securityInfoCheck,ts-security-service
1650266899,ts-route-service,e0406d955a596849,e7c42594464734ef,b90942fb6bb319f8,2471,200,queryById,ts-travel-service
1650266899,ts-route-service,251b2bd6f673b7ac,302b64eb87f6e8bc,b90942fb6bb319f8,2122,200,queryById,ts-travel-service
1650266899,ts-route-service,c4d57187ac19992d,a9472a45a35495c1,b90942fb6bb319f8,2172,200,queryById,ts-travel-service
1650266899,ts-route-service,ea3bcf4306f2ca12,87b1946f2d1dcc3b,b90942fb6bb319f8,2116,200,queryById,ts-travel-service
1650266899,ts-route-service,f38c1592544ec645,8919fa4e683bdea,b90942fb6bb319f8,2202,200,queryById,ts-travel-service
1650266899,ts-station-service,fd76f3234336557a,b0efb3c74b395fba,da069ebd3a9e05ea,7834,200,queryForNameBatch,ts-order-service
1650266899,ts-order-service,b0efb3c74b395fba,da069ebd3a9e05ea,da069ebd3a9e05ea,9284,200,POST,ts-order-service
1650266899,ts-order-service,da069ebd3a9e05ea,,da069ebd3a9e05ea,12294,200,queryOrdersForRefresh,no_parent
1650266899,ts-travel-service,a9472a45a35495c1,b90942fb6bb319f8,b90942fb6bb319f8,2283,200,GET,ts-travel-service
1650266899,ts-travel-service,4aab1f0fb5607896,b90942fb6bb319f8,b90942fb6bb319f8,11400,200,GET,ts-travel-service
1650266899,ts-travel-service,b2f997d8309f8c81,b90942fb6bb319f8,b90942fb6bb319f8,8326,200,GET,ts-travel-service
1650266899,ts-travel-service,e7c42594464734ef,b90942fb6bb319f8,b90942fb6bb319f8,4092,200,GET,ts-travel-service
1650266899,ts-security-service,c910f94143cad682,869a29caef8c2dab,980ec3be4a38aa6f,4983,200,GET,ts-security-service
1650266899,ts-security-service,869a29caef8c2dab,a968151f45472ffe,980ec3be4a38aa6f,15232,200,check,ts-preserve-service
1650266899,ts-preserve-service,980ec3be4a38aa6f,,980ec3be4a38aa6f,23345,200,preserve,no_parent
1650266899,ts-preserve-service,a968151f45472ffe,980ec3be4a38aa6f,980ec3be4a38aa6f,16959,200,GET,ts-preserve-service
1650266899,ts-basic-service,36434ca3e48f7a8,d3a74b788c393fc2,b90942fb6bb319f8,6055,200,queryForStationId,ts-ticketinfo-service
1650266899,ts-basic-service,f8fa1b57ce78d963,40f62d67f20fd9f8,b90942fb6bb319f8,5169,200,queryForStationId,ts-ticketinfo-service
1650266899,ts-basic-service,476949bb1b31426f,f8fa1b57ce78d963,b90942fb6bb319f8,2856,200,GET,ts-basic-service
1650266899,ts-ticketinfo-service,d3a74b788c393fc2,68bfe4a5f90a1b51,b90942fb6bb319f8,7427,200,GET,ts-ticketinfo-service
1650266899,ts-ticketinfo-service,40f62d67f20fd9f8,a371c1172c7431da,b90942fb6bb319f8,5915,200,GET,ts-ticketinfo-service
1650266899,ts-ticketinfo-service,a371c1172c7431da,b2f997d8309f8c81,b90942fb6bb319f8,7918,200,queryForStationId,ts-travel-service
1650266899,ts-ticketinfo-service,68bfe4a5f90a1b51,4aab1f0fb5607896,b90942fb6bb319f8,9935,200,queryForStationId,ts-travel-service
1650266899,ts-travel-service,87b1946f2d1dcc3b,b90942fb6bb319f8,b90942fb6bb319f8,2280,200,GET,ts-travel-service
1650266899,ts-travel-service,b90942fb6bb319f8,,b90942fb6bb319f8,43202,200,queryInfo,no_parent
1650266899,ts-travel-service,302b64eb87f6e8bc,b90942fb6bb319f8,b90942fb6bb319f8,2602,200,GET,ts-travel-service
1650266899,ts-travel-service,8919fa4e683bdea,b90942fb6bb319f8,b90942fb6bb319f8,2330,200,GET,ts-travel-service
1650266899,ts-verification-code-service,45d39cd9c1f8debb,,45d39cd9c1f8debb,2690,200,imageCode,no_parent
1650266899,ts-auth-service,5cd4a30a59225158,44d373641c2257c3,44d373641c2257c3,3425,200,GET,ts-auth-service
1650266899,ts-auth-service,44d373641c2257c3,,44d373641c2257c3,114783,200,getToken,no_parent
1650266899,ts-contacts-service,b95045d1ecc6d80c,,b95045d1ecc6d80c,3071,200,findContactsByAccountId,no_parent
1650266899,ts-verification-code-service,352483ebb623706f,5cd4a30a59225158,44d373641c2257c3,1692,200,verifyCode,ts-auth-service
1650266899,ts-assurance-service,c474b20958bc7438,,c474b20958bc7438,1929,200,getAllAssuranceType,no_parent
1650266959,ts-contacts-service,4dafa7e811083d57,b7c41796f317819d,4774e0cf39fef743,2362,200,getContactsByContactsId,ts-preserve-service
1650266959,ts-station-service,ae6bfb501c4c8e5e,72df48dd19dd1d8d,fde5e502860b965c,2148,200,queryForStationId,ts-basic-service
1650266959,ts-basic-service,71befaacb770eefb,b633b5c481ecd77e,fde5e502860b965c,5192,200,queryForStationId,ts-ticketinfo-service
1650266959,ts-travel-service,56dfa84adcb62a0e,fde5e502860b965c,fde5e502860b965c,10798,200,GET,ts-travel-service
1650266959,ts-basic-service,b8a2744c52a256ff,607f64d0563a6e19,fde5e502860b965c,6122,200,queryForStationId,ts-ticketinfo-service
1650266959,ts-basic-service,72df48dd19dd1d8d,b8a2744c52a256ff,fde5e502860b965c,3399,200,GET,ts-basic-service
1650266959,ts-travel-service,6e72f93e2a4aa4ef,fde5e502860b965c,fde5e502860b965c,3899,200,GET,ts-travel-service
1650266959,ts-security-service,5621f924bba82187,ff00a1e42d3ef493,4774e0cf39fef743,4144,200,GET,ts-security-service
1650266959,ts-order-service,6da051a4be8f8eff,dc90754b28198b66,4774e0cf39fef743,3293,200,securityInfoCheck,ts-security-service
1650266959,ts-preserve-service,bee2c6897f82e86b,4774e0cf39fef743,4774e0cf39fef743,15374,200,GET,ts-preserve-service
1650266959,ts-basic-service,66cba512b431d916,71befaacb770eefb,fde5e502860b965c,2778,200,GET,ts-basic-service
1650266959,ts-ticketinfo-service,b633b5c481ecd77e,ad33e168864b2700,fde5e502860b965c,5976,200,GET,ts-ticketinfo-service
1650266959,ts-station-service,42643d70fe05ada1,9d86a558a9a919aa,9909f848a8e6a2c7,8229,200,queryForNameBatch,ts-order-service
1650266959,ts-order-service,9d86a558a9a919aa,9909f848a8e6a2c7,9909f848a8e6a2c7,9734,200,POST,ts-order-service
1650266959,ts-order-service,9909f848a8e6a2c7,,9909f848a8e6a2c7,13086,200,queryOrdersForRefresh,no_parent
1650266959,ts-station-service,311816b3b360edd,66cba512b431d916,fde5e502860b965c,2045,200,queryForStationId,ts-basic-service
1650266959,ts-preserve-service,b7c41796f317819d,4774e0cf39fef743,4774e0cf39fef743,3669,200,GET,ts-preserve-service
1650266959,ts-ticketinfo-service,ad33e168864b2700,e48774df687d4013,fde5e502860b965c,7977,200,queryForStationId,ts-travel-service
1650266959,ts-travel-service,68e46fc31d7b72f4,fde5e502860b965c,fde5e502860b965c,2973,200,GET,ts-travel-service
1650266959,ts-travel-service,964d14168322f9f9,fde5e502860b965c,fde5e502860b965c,2275,200,GET,ts-travel-service
1650266959,ts-ticketinfo-service,feb6cae3d23acd69,56dfa84adcb62a0e,fde5e502860b965c,9614,200,queryForStationId,ts-travel-service
1650266959,ts-ticketinfo-service,607f64d0563a6e19,feb6cae3d23acd69,fde5e502860b965c,7232,200,GET,ts-ticketinfo-service
1650266959,ts-auth-service,6dd57e689ac76ed0,5a358c279e8977f8,5a358c279e8977f8,3339,200,GET,ts-auth-service
1650266959,ts-preserve-service,4774e0cf39fef743,,4774e0cf39fef743,21925,200,preserve,no_parent
1650266959,ts-order-other-service,477cf0a611cd79ef,5621f924bba82187,4774e0cf39fef743,3138,200,securityInfoCheck,ts-security-service
1650266959,ts-security-service,dc90754b28198b66,ff00a1e42d3ef493,4774e0cf39fef743,5070,200,GET,ts-security-service
1650266959,ts-security-service,ff00a1e42d3ef493,bee2c6897f82e86b,4774e0cf39fef743,13746,200,check,ts-preserve-service
1650266959,ts-route-service,12884382c93fc743,e325c9383c33b7ff,fde5e502860b965c,2195,200,queryById,ts-travel-service
1650266959,ts-route-service,612f4610510a3ba8,3fb480bb2482c2,fde5e502860b965c,2141,200,queryById,ts-travel-service
1650266959,ts-route-service,c4b072a388871e61,68e46fc31d7b72f4,fde5e502860b965c,2543,200,queryById,ts-travel-service
1650266959,ts-route-service,5dc56a78af40082c,964d14168322f9f9,fde5e502860b965c,2145,200,queryById,ts-travel-service
1650266959,ts-travel-service,3fb480bb2482c2,fde5e502860b965c,fde5e502860b965c,2274,200,GET,ts-travel-service
1650266959,ts-verification-code-service,45b5222354232272,,45b5222354232272,2697,200,imageCode,no_parent
1650266959,ts-verification-code-service,e07a581e9795158f,6dd57e689ac76ed0,5a358c279e8977f8,1718,200,verifyCode,ts-auth-service
1650266959,ts-auth-service,5a358c279e8977f8,,5a358c279e8977f8,116033,200,getToken,no_parent
1650266959,ts-assurance-service,aca35fc65d6ec3b9,,aca35fc65d6ec3b9,1875,200,getAllAssuranceType,no_parent
1650266959,ts-travel-service,e48774df687d4013,fde5e502860b965c,fde5e502860b965c,8605,200,GET,ts-travel-service
1650266959,ts-travel-service,e325c9383c33b7ff,fde5e502860b965c,fde5e502860b965c,2360,200,GET,ts-travel-service
1650266959,ts-travel-service,fde5e502860b965c,,fde5e502860b965c,42570,200,queryInfo,no_parent
1650266959,ts-route-service,5c479d6a37c516ec,6e72f93e2a4aa4ef,fde5e502860b965c,2677,200,queryById,ts-travel-service
1650266959,ts-contacts-service,6169d55283f812c7,,6169d55283f812c7,3103,200,findContactsByAccountId,no_parent
1650267019,ts-route-service,89ec95bf4f5d9481,451ea227a3e6a36c,76c4f46b6c7d5d8c,2107,200,queryById,ts-travel-service
1650267019,ts-station-service,77fdfc439bc07cc9,df4255abe11ad21a,76c4f46b6c7d5d8c,2262,200,queryForStationId,ts-basic-service
1650267019,ts-station-service,2f0eea7752e3eec4,cd35fe9365d2b64b,76c4f46b6c7d5d8c,2021,200,queryForStationId,ts-basic-service
1650267019,ts-order-service,10ccbaab2f5be904,e18e7bf6b2bcb48e,e18e7bf6b2bcb48e,9849,200,POST,ts-order-service
1650267019,ts-travel-service,a16b549f2fffcaef,76c4f46b6c7d5d8c,76c4f46b6c7d5d8c,2303,200,GET,ts-travel-service
1650267019,ts-auth-service,85ed976800fd5850,66ac80d8f0bc77ad,66ac80d8f0bc77ad,3721,200,GET,ts-auth-service
1650267019,ts-auth-service,66ac80d8f0bc77ad,,66ac80d8f0bc77ad,112503,200,getToken,no_parent
1650267019,ts-travel-service,111b912ce8f1b9b6,76c4f46b6c7d5d8c,76c4f46b6c7d5d8c,2111,200,GET,ts-travel-service
1650267019,ts-verification-code-service,78e551751246d939,85ed976800fd5850,66ac80d8f0bc77ad,2012,200,verifyCode,ts-auth-service
1650267019,ts-security-service,533f018d89854c41,b10212ec4c2f6906,28bcef9c712f3ca6,4907,200,GET,ts-security-service
1650267019,ts-contacts-service,976295ef8cd3be01,eab2db784778994f,28bcef9c712f3ca6,2478,200,getContactsByContactsId,ts-preserve-service
1650267019,ts-preserve-service,28bcef9c712f3ca6,,28bcef9c712f3ca6,22870,200,preserve,no_parent
1650267019,ts-order-service,1c49442cd11a7ed3,533f018d89854c41,28bcef9c712f3ca6,3542,200,securityInfoCheck,ts-security-service
1650267019,ts-preserve-service,eab2db784778994f,28bcef9c712f3ca6,28bcef9c712f3ca6,4329,200,GET,ts-preserve-service
1650267019,ts-security-service,8c0bb4eb614c0840,b10212ec4c2f6906,28bcef9c712f3ca6,4669,200,GET,ts-security-service
1650267019,ts-preserve-service,cbd9ba8b3fc99f5c,28bcef9c712f3ca6,28bcef9c712f3ca6,15598,200,GET,ts-preserve-service
1650267019,ts-order-service,e18e7bf6b2bcb48e,,e18e7bf6b2bcb48e,13018,200,queryOrdersForRefresh,no_parent
1650267019,ts-security-service,b10212ec4c2f6906,cbd9ba8b3fc99f5c,28bcef9c712f3ca6,14133,200,check,ts-preserve-service
1650267019,ts-order-other-service,2d3306ade8f4fe17,8c0bb4eb614c0840,28bcef9c712f3ca6,3239,200,securityInfoCheck,ts-security-service
1650267019,ts-ticketinfo-service,9921e710428603b1,2a88ad1718786c52,76c4f46b6c7d5d8c,5757,200,GET,ts-ticketinfo-service
1650267019,ts-basic-service,df4255abe11ad21a,d274e312454611d7,76c4f46b6c7d5d8c,3444,200,GET,ts-basic-service
1650267019,ts-route-service,905e74ad65162331,a16b549f2fffcaef,76c4f46b6c7d5d8c,2195,200,queryById,ts-travel-service
1650267019,ts-basic-service,18552e633b76a8ea,9921e710428603b1,76c4f46b6c7d5d8c,5010,200,queryForStationId,ts-ticketinfo-service
1650267019,ts-basic-service,d274e312454611d7,8b5657df417badfb,76c4f46b6c7d5d8c,6426,200,queryForStationId,ts-ticketinfo-service
1650267019,ts-travel-service,76c4f46b6c7d5d8c,,76c4f46b6c7d5d8c,42613,200,queryInfo,no_parent
1650267019,ts-route-service,fea4644e5007dc0b,111b912ce8f1b9b6,76c4f46b6c7d5d8c,1942,200,queryById,ts-travel-service
1650267019,ts-ticketinfo-service,4a7d0081d81681d8,184986562b4519cc,76c4f46b6c7d5d8c,9957,200,queryForStationId,ts-travel-service
1650267019,ts-basic-service,cd35fe9365d2b64b,18552e633b76a8ea,76c4f46b6c7d5d8c,2716,200,GET,ts-basic-service
1650267019,ts-travel-service,47fef4a5c4e9588,76c4f46b6c7d5d8c,76c4f46b6c7d5d8c,8286,200,GET,ts-travel-service
1650267019,ts-travel-service,184986562b4519cc,76c4f46b6c7d5d8c,76c4f46b6c7d5d8c,11394,200,GET,ts-travel-service
1650267019,ts-travel-service,451ea227a3e6a36c,76c4f46b6c7d5d8c,76c4f46b6c7d5d8c,2594,200,GET,ts-travel-service
1650267019,ts-travel-service,527225e75b9ea127,76c4f46b6c7d5d8c,76c4f46b6c7d5d8c,3865,200,GET,ts-travel-service
1650267019,ts-travel-service,8f50c5d84a6bb922,76c4f46b6c7d5d8c,76c4f46b6c7d5d8c,2114,200,GET,ts-travel-service
1650267019,ts-ticketinfo-service,2a88ad1718786c52,47fef4a5c4e9588,76c4f46b6c7d5d8c,7745,200,queryForStationId,ts-travel-service
1650267019,ts-ticketinfo-service,8b5657df417badfb,4a7d0081d81681d8,76c4f46b6c7d5d8c,7336,200,GET,ts-ticketinfo-service
1650267019,ts-verification-code-service,c7c9b4f7240efc72,,c7c9b4f7240efc72,2783,200,imageCode,no_parent
1650267019,ts-assurance-service,cf2d916a5629e79,,cf2d916a5629e79,1857,200,getAllAssuranceType,no_parent
1650267019,ts-route-service,873e1746affa4323,527225e75b9ea127,76c4f46b6c7d5d8c,2616,200,queryById,ts-travel-service
1650267019,ts-route-service,20f1d5233d9ac2f6,8f50c5d84a6bb922,76c4f46b6c7d5d8c,1917,200,queryById,ts-travel-service
1650267019,ts-contacts-service,8fcfcab7a086561e,,8fcfcab7a086561e,2925,200,findContactsByAccountId,no_parent
1650267019,ts-station-service,1b9fd9a9fbd33e2d,10ccbaab2f5be904,e18e7bf6b2bcb48e,8302,200,queryForNameBatch,ts-order-service
1650267079,ts-preserve-service,9664e1631ebc437c,,9664e1631ebc437c,21332,200,preserve,no_parent
1650267079,ts-order-service,c28409e3557125dd,ab81f241bb15f32f,9664e1631ebc437c,3558,200,securityInfoCheck,ts-security-service
1650267079,ts-auth-service,1ead081fb73ca7cf,,1ead081fb73ca7cf,109273,200,getToken,no_parent
1650267079,ts-verification-code-service,bce3406caa9d0981,f361b9be07656fcf,1ead081fb73ca7cf,1832,200,verifyCode,ts-auth-service
1650267079,ts-security-service,b63c36a07295aee4,4ef63b01fee359b4,9664e1631ebc437c,4380,200,GET,ts-security-service
1650267079,ts-security-service,4ef63b01fee359b4,e810e3ee18ebf5d4,9664e1631ebc437c,13732,200,check,ts-preserve-service
1650267079,ts-order-other-service,83aed691906180ca,b63c36a07295aee4,9664e1631ebc437c,2991,200,securityInfoCheck,ts-security-service
1650267079,ts-auth-service,f361b9be07656fcf,1ead081fb73ca7cf,1ead081fb73ca7cf,3153,200,GET,ts-auth-service
1650267079,ts-preserve-service,e810e3ee18ebf5d4,9664e1631ebc437c,9664e1631ebc437c,14898,200,GET,ts-preserve-service
1650267079,ts-order-service,2e364f7d1befe1da,,2e364f7d1befe1da,12549,200,queryOrdersForRefresh,no_parent
1650267079,ts-station-service,2e755c1e1143a3eb,9fdd987173238517,2e364f7d1befe1da,7693,200,queryForNameBatch,ts-order-service
1650267079,ts-preserve-service,8eefa9a43a2887e0,9664e1631ebc437c,9664e1631ebc437c,3448,200,GET,ts-preserve-service
1650267079,ts-contacts-service,1deedba275189cf3,,1deedba275189cf3,2981,200,findContactsByAccountId,no_parent
1650267079,ts-contacts-service,570645eb860be406,8eefa9a43a2887e0,9664e1631ebc437c,2048,200,getContactsByContactsId,ts-preserve-service
1650267079,ts-security-service,ab81f241bb15f32f,4ef63b01fee359b4,9664e1631ebc437c,4894,200,GET,ts-security-service
1650267079,ts-order-service,9fdd987173238517,2e364f7d1befe1da,2e364f7d1befe1da,9197,200,POST,ts-order-service
1650267079,ts-verification-code-service,713d2cc57c7d5a6d,,713d2cc57c7d5a6d,2676,200,imageCode,no_parent
1650267080,ts-ticketinfo-service,b0828d06f05d2225,bc265ffcd3c67b15,a3ceb06b052e7f93,7592,200,GET,ts-ticketinfo-service
1650267080,ts-station-service,44185ebd6a2e8459,9c73673419e96c0f,a3ceb06b052e7f93,2411,200,queryForStationId,ts-basic-service
1650267080,ts-station-service,8a3bb0affe31a99,893b10641c6c1b6a,a3ceb06b052e7f93,2109,200,queryForStationId,ts-basic-service
1650267080,ts-basic-service,2ed848a3eb1a1783,b0828d06f05d2225,a3ceb06b052e7f93,6462,200,queryForStationId,ts-ticketinfo-service
1650267080,ts-basic-service,b0f3065320fc61d0,4536cb5c07db362a,a3ceb06b052e7f93,5187,200,queryForStationId,ts-ticketinfo-service
1650267080,ts-ticketinfo-service,bc265ffcd3c67b15,c93225c756b21894,a3ceb06b052e7f93,9977,200,queryForStationId,ts-travel-service
1650267080,ts-ticketinfo-service,8d52773ac516da2f,c35186fa59be71a7,a3ceb06b052e7f93,8011,200,queryForStationId,ts-travel-service
1650267080,ts-travel-service,c35186fa59be71a7,a3ceb06b052e7f93,a3ceb06b052e7f93,8509,200,GET,ts-travel-service
1650267080,ts-travel-service,c93225c756b21894,a3ceb06b052e7f93,a3ceb06b052e7f93,11576,200,GET,ts-travel-service
1650267080,ts-travel-service,e99e2c22fdf8bca5,a3ceb06b052e7f93,a3ceb06b052e7f93,2318,200,GET,ts-travel-service
1650267080,ts-travel-service,fe6c8c47f6ca7ae0,a3ceb06b052e7f93,a3ceb06b052e7f93,3971,200,GET,ts-travel-service
1650267080,ts-basic-service,9c73673419e96c0f,2ed848a3eb1a1783,a3ceb06b052e7f93,3631,200,GET,ts-basic-service
1650267080,ts-travel-service,ea08f86c66eebe2d,a3ceb06b052e7f93,a3ceb06b052e7f93,2222,200,GET,ts-travel-service
1650267080,ts-route-service,8a76ed6e391ae48b,3ef77fdf401a6b39,a3ceb06b052e7f93,2145,200,queryById,ts-travel-service
1650267080,ts-route-service,83254e5a7cfbbda8,e99e2c22fdf8bca5,a3ceb06b052e7f93,2134,200,queryById,ts-travel-service
1650267080,ts-basic-service,893b10641c6c1b6a,b0f3065320fc61d0,a3ceb06b052e7f93,2857,200,GET,ts-basic-service
1650267080,ts-ticketinfo-service,4536cb5c07db362a,8d52773ac516da2f,a3ceb06b052e7f93,5989,200,GET,ts-ticketinfo-service
1650267080,ts-travel-service,a3ceb06b052e7f93,,a3ceb06b052e7f93,42569,200,queryInfo,no_parent
1650267080,ts-travel-service,92f84f50d01a0973,a3ceb06b052e7f93,a3ceb06b052e7f93,2610,200,GET,ts-travel-service
1650267080,ts-travel-service,3ef77fdf401a6b39,a3ceb06b052e7f93,a3ceb06b052e7f93,2291,200,GET,ts-travel-service
1650267080,ts-assurance-service,8fd8f952f85ccad0,,8fd8f952f85ccad0,1766,200,getAllAssuranceType,no_parent
1650267080,ts-route-service,bf483577bbea7cd1,fe6c8c47f6ca7ae0,a3ceb06b052e7f93,2606,200,queryById,ts-travel-service
1650267080,ts-route-service,5b5b3326fd77eff0,92f84f50d01a0973,a3ceb06b052e7f93,2166,200,queryById,ts-travel-service
1650267080,ts-route-service,dedf9689664518b0,ea08f86c66eebe2d,a3ceb06b052e7f93,2066,200,queryById,ts-travel-service
1650267140,ts-order-service,1e937d71d1c6514e,6ee859bef93284d4,750f88ec53522ef7,3354,200,securityInfoCheck,ts-security-service
1650267140,ts-preserve-service,dbcc14dbf92499ce,750f88ec53522ef7,750f88ec53522ef7,3851,200,GET,ts-preserve-service
1650267140,ts-order-other-service,153c433014d182c2,8f70429a3ac82616,750f88ec53522ef7,3165,200,securityInfoCheck,ts-security-service
1650267140,ts-station-service,b7989eefdcb64450,ce21e79ff272f5b2,b4128532c0be0e1b,8051,200,queryForNameBatch,ts-order-service
1650267140,ts-order-service,ce21e79ff272f5b2,b4128532c0be0e1b,b4128532c0be0e1b,9581,200,POST,ts-order-service
1650267140,ts-order-service,b4128532c0be0e1b,,b4128532c0be0e1b,13037,200,queryOrdersForRefresh,no_parent
1650267140,ts-travel-service,10c47441ee565975,cbff12d28d2ae3e3,cbff12d28d2ae3e3,8514,200,GET,ts-travel-service
1650267140,ts-travel-service,5fd62967cfe20fd7,cbff12d28d2ae3e3,cbff12d28d2ae3e3,2614,200,GET,ts-travel-service
1650267140,ts-travel-service,4ed440b9f62267f4,cbff12d28d2ae3e3,cbff12d28d2ae3e3,2738,200,GET,ts-travel-service
1650267140,ts-travel-service,c4684edd777d168b,cbff12d28d2ae3e3,cbff12d28d2ae3e3,2359,200,GET,ts-travel-service
1650267140,ts-travel-service,cbff12d28d2ae3e3,,cbff12d28d2ae3e3,43222,200,queryInfo,no_parent
1650267140,ts-security-service,6ee859bef93284d4,c5a5c9fd6221e936,750f88ec53522ef7,4849,200,GET,ts-security-service
1650267140,ts-contacts-service,44068ab185c10695,dbcc14dbf92499ce,750f88ec53522ef7,2537,200,getContactsByContactsId,ts-preserve-service
1650267140,ts-preserve-service,750f88ec53522ef7,,750f88ec53522ef7,22392,200,preserve,no_parent
1650267140,ts-route-service,23f1422835279924,5fd62967cfe20fd7,cbff12d28d2ae3e3,2131,200,queryById,ts-travel-service
1650267140,ts-preserve-service,460f86898eeb73f7,750f88ec53522ef7,750f88ec53522ef7,15726,200,GET,ts-preserve-service
1650267140,ts-travel-service,c851ba40dd8d4c0c,cbff12d28d2ae3e3,cbff12d28d2ae3e3,11138,200,GET,ts-travel-service
1650267140,ts-travel-service,c297cecd2333321f,cbff12d28d2ae3e3,cbff12d28d2ae3e3,2280,200,GET,ts-travel-service
1650267140,ts-route-service,71e75e82e23da5a7,96bfc80ac3563f5d,cbff12d28d2ae3e3,2589,200,queryById,ts-travel-service
1650267140,ts-security-service,8f70429a3ac82616,c5a5c9fd6221e936,750f88ec53522ef7,4506,200,GET,ts-security-service
1650267140,ts-security-service,c5a5c9fd6221e936,460f86898eeb73f7,750f88ec53522ef7,14027,200,check,ts-preserve-service
1650267140,ts-route-service,5b0c56bcf84b24f2,4ed440b9f62267f4,cbff12d28d2ae3e3,2597,200,queryById,ts-travel-service
1650267140,ts-route-service,12aa5439e1a2104d,c4684edd777d168b,cbff12d28d2ae3e3,2173,200,queryById,ts-travel-service
1650267140,ts-ticketinfo-service,143a6e847589ac1a,dca89037a1ca1245,cbff12d28d2ae3e3,7198,200,GET,ts-ticketinfo-service
1650267140,ts-travel-service,96bfc80ac3563f5d,cbff12d28d2ae3e3,cbff12d28d2ae3e3,3914,200,GET,ts-travel-service
1650267140,ts-route-service,59afca730a83c970,c297cecd2333321f,cbff12d28d2ae3e3,2124,200,queryById,ts-travel-service
1650267140,ts-basic-service,f4e739cb42ef22c3,3f46f11144fc887,cbff12d28d2ae3e3,2953,200,GET,ts-basic-service
1650267140,ts-basic-service,abb36e0370be3bc4,80913384b0342057,cbff12d28d2ae3e3,3254,200,GET,ts-basic-service
1650267140,ts-ticketinfo-service,dca89037a1ca1245,c851ba40dd8d4c0c,cbff12d28d2ae3e3,9609,200,queryForStationId,ts-travel-service
1650267140,ts-station-service,18998d1594443911,f4e739cb42ef22c3,cbff12d28d2ae3e3,2024,200,queryForStationId,ts-basic-service
1650267140,ts-contacts-service,35d6051884caa1e3,,35d6051884caa1e3,3191,200,findContactsByAccountId,no_parent
1650267140,ts-station-service,10ea4f3180be662c,abb36e0370be3bc4,cbff12d28d2ae3e3,2115,200,queryForStationId,ts-basic-service
1650267140,ts-basic-service,80913384b0342057,143a6e847589ac1a,cbff12d28d2ae3e3,6020,200,queryForStationId,ts-ticketinfo-service
1650267140,ts-basic-service,3f46f11144fc887,f9d52685ca00f692,cbff12d28d2ae3e3,5358,200,queryForStationId,ts-ticketinfo-service
1650267140,ts-ticketinfo-service,f9d52685ca00f692,4448bc4ba0a7882a,cbff12d28d2ae3e3,6131,200,GET,ts-ticketinfo-service
1650267140,ts-ticketinfo-service,4448bc4ba0a7882a,10c47441ee565975,cbff12d28d2ae3e3,8096,200,queryForStationId,ts-travel-service
1650267140,ts-verification-code-service,2529c39fdcce3b4,,2529c39fdcce3b4,2663,200,imageCode,no_parent
1650267140,ts-auth-service,e27ff07dde255def,f91d7ad9c09af5fd,f91d7ad9c09af5fd,3333,200,GET,ts-auth-service
1650267140,ts-auth-service,f91d7ad9c09af5fd,,f91d7ad9c09af5fd,109455,200,getToken,no_parent
1650267140,ts-verification-code-service,74a6fcb8fdc403e,e27ff07dde255def,f91d7ad9c09af5fd,1679,200,verifyCode,ts-auth-service
1650267140,ts-assurance-service,8abc4b2015ab2cb5,,8abc4b2015ab2cb5,1883,200,getAllAssuranceType,no_parent
1650267200,ts-basic-service,9273ea9cb1a3ecd,6fda8de21016aa82,3f8d4e0e6ec28cdc,6168,200,queryForStationId,ts-ticketinfo-service
1650267200,ts-basic-service,70592ac1a3140ac4,e3d3942008069143,3f8d4e0e6ec28cdc,3623,200,GET,ts-basic-service
1650267200,ts-basic-service,f5fd421d5534414f,9273ea9cb1a3ecd,3f8d4e0e6ec28cdc,3443,200,GET,ts-basic-service
1650267200,ts-route-service,21b378aac891d0d7,9ead51ccb4fccf7b,3f8d4e0e6ec28cdc,2524,200,queryById,ts-travel-service
1650267200,ts-contacts-service,98707752b30c1951,29220b0ee48e9580,cf524e88b48f2db3,2140,200,getContactsByContactsId,ts-preserve-service
1650267200,ts-order-service,d82a18a8f983de8d,11c8c8245a9f35d2,cf524e88b48f2db3,3536,200,securityInfoCheck,ts-security-service
1650267200,ts-route-service,63ef1766b5a2f9c,d4ac8821ee31b610,3f8d4e0e6ec28cdc,2147,200,queryById,ts-travel-service
1650267200,ts-basic-service,e3d3942008069143,b07b3ab9b3036e41,3f8d4e0e6ec28cdc,5951,200,queryForStationId,ts-ticketinfo-service
1650267200,ts-preserve-service,29220b0ee48e9580,cf524e88b48f2db3,cf524e88b48f2db3,3394,200,GET,ts-preserve-service
1650267200,ts-order-other-service,79b0478ff100a37e,31b932936e9fbbf2,cf524e88b48f2db3,3276,200,securityInfoCheck,ts-security-service
1650267200,ts-security-service,31b932936e9fbbf2,5d0a49b2e6f68f22,cf524e88b48f2db3,4698,200,GET,ts-security-service
1650267200,ts-travel-service,429abe1c208aae20,3f8d4e0e6ec28cdc,3f8d4e0e6ec28cdc,2214,200,GET,ts-travel-service
1650267200,ts-order-service,7883e12f0c8d64ef,da9b705ed8b6b5c2,da9b705ed8b6b5c2,9528,200,POST,ts-order-service
1650267200,ts-order-service,da9b705ed8b6b5c2,,da9b705ed8b6b5c2,12554,200,queryOrdersForRefresh,no_parent
1650267200,ts-assurance-service,9e5e46b1675cb723,,9e5e46b1675cb723,2079,200,getAllAssuranceType,no_parent
1650267200,ts-ticketinfo-service,b07b3ab9b3036e41,81ee542585044f0d,3f8d4e0e6ec28cdc,6713,200,GET,ts-ticketinfo-service
1650267200,ts-station-service,d2b2dc9ef5c1c595,f5fd421d5534414f,3f8d4e0e6ec28cdc,2258,200,queryForStationId,ts-basic-service
1650267200,ts-travel-service,1d2d1b574afeec75,3f8d4e0e6ec28cdc,3f8d4e0e6ec28cdc,2293,200,GET,ts-travel-service
1650267200,ts-travel-service,9ead51ccb4fccf7b,3f8d4e0e6ec28cdc,3f8d4e0e6ec28cdc,3042,200,GET,ts-travel-service
1650267200,ts-ticketinfo-service,4b4e9ea08aa1a296,a68e19c0fa695f8f,3f8d4e0e6ec28cdc,9627,200,queryForStationId,ts-travel-service
1650267200,ts-travel-service,a68e19c0fa695f8f,3f8d4e0e6ec28cdc,3f8d4e0e6ec28cdc,11334,200,GET,ts-travel-service
1650267200,ts-travel-service,56ea582dd44e52a2,3f8d4e0e6ec28cdc,3f8d4e0e6ec28cdc,4227,200,GET,ts-travel-service
1650267200,ts-travel-service,d4ac8821ee31b610,3f8d4e0e6ec28cdc,3f8d4e0e6ec28cdc,2298,200,GET,ts-travel-service
1650267200,ts-ticketinfo-service,6fda8de21016aa82,4b4e9ea08aa1a296,3f8d4e0e6ec28cdc,7230,200,GET,ts-ticketinfo-service
1650267200,ts-travel-service,11fa63d20cb57bf7,3f8d4e0e6ec28cdc,3f8d4e0e6ec28cdc,9287,200,GET,ts-travel-service
1650267200,ts-route-service,cad4733cc8fe8639,56ea582dd44e52a2,3f8d4e0e6ec28cdc,2877,200,queryById,ts-travel-service
1650267200,ts-station-service,4f53c7de4540ba0,70592ac1a3140ac4,3f8d4e0e6ec28cdc,2065,200,queryForStationId,ts-basic-service
1650267200,ts-verification-code-service,29b29a82c797c31f,,29b29a82c797c31f,2693,200,imageCode,no_parent
1650267200,ts-auth-service,f514a9a631b16e0c,4be59295966f57a,4be59295966f57a,3335,200,GET,ts-auth-service
1650267200,ts-auth-service,4be59295966f57a,,4be59295966f57a,111879,200,getToken,no_parent
1650267200,ts-travel-service,3f8d4e0e6ec28cdc,,3f8d4e0e6ec28cdc,44357,200,queryInfo,no_parent
1650267200,ts-verification-code-service,3f21d178c71c3d5e,f514a9a631b16e0c,4be59295966f57a,1724,200,verifyCode,ts-auth-service
1650267200,ts-security-service,5d0a49b2e6f68f22,b052dbc0e0901684,cf524e88b48f2db3,14297,200,check,ts-preserve-service
1650267200,ts-security-service,11c8c8245a9f35d2,5d0a49b2e6f68f22,cf524e88b48f2db3,4852,200,GET,ts-security-service
1650267200,ts-contacts-service,eb20afb4614ee5a1,,eb20afb4614ee5a1,3026,200,findContactsByAccountId,no_parent
1650267200,ts-preserve-service,b052dbc0e0901684,cf524e88b48f2db3,cf524e88b48f2db3,15930,200,GET,ts-preserve-service
1650267200,ts-preserve-service,cf524e88b48f2db3,,cf524e88b48f2db3,22284,200,preserve,no_parent
1650267200,ts-station-service,46a05419d65693d5,7883e12f0c8d64ef,da9b705ed8b6b5c2,8025,200,queryForNameBatch,ts-order-service
1650267200,ts-route-service,262c2e0c65a88c92,429abe1c208aae20,3f8d4e0e6ec28cdc,2041,200,queryById,ts-travel-service
1650267200,ts-route-service,4c5b6e74983a1456,1d2d1b574afeec75,3f8d4e0e6ec28cdc,2118,200,queryById,ts-travel-service
1650267200,ts-ticketinfo-service,81ee542585044f0d,11fa63d20cb57bf7,3f8d4e0e6ec28cdc,8771,200,queryForStationId,ts-travel-service
1650267260,ts-order-service,d205574f948b6cf9,85c0e44cd02bce3b,85c0e44cd02bce3b,9250,200,POST,ts-order-service
1650267260,ts-order-service,85c0e44cd02bce3b,,85c0e44cd02bce3b,12563,200,queryOrdersForRefresh,no_parent
1650267260,ts-verification-code-service,e537eeee9c36bb96,21269b6012d5980f,53ee213f694ee73f,1752,200,verifyCode,ts-auth-service
1650267260,ts-contacts-service,26ddbc5a89226719,3d29c7e511971488,9ed10999042a42a2,2492,200,getContactsByContactsId,ts-preserve-service
1650267260,ts-order-service,be638c2b1aeee6a3,c5187e1c5b5e90f7,9ed10999042a42a2,3292,200,securityInfoCheck,ts-security-service
1650267260,ts-preserve-service,f2b4e7de6be2b336,9ed10999042a42a2,9ed10999042a42a2,14947,200,GET,ts-preserve-service
1650267260,ts-preserve-service,3d29c7e511971488,9ed10999042a42a2,9ed10999042a42a2,3823,200,GET,ts-preserve-service
1650267260,ts-security-service,d0cba44429318fbc,58622e2b42eb2e9e,9ed10999042a42a2,4253,200,GET,ts-security-service
1650267260,ts-security-service,c5187e1c5b5e90f7,58622e2b42eb2e9e,9ed10999042a42a2,4576,200,GET,ts-security-service
1650267260,ts-station-service,f1c98051e9557fec,d205574f948b6cf9,85c0e44cd02bce3b,7817,200,queryForNameBatch,ts-order-service
1650267260,ts-preserve-service,9ed10999042a42a2,,9ed10999042a42a2,21692,200,preserve,no_parent
1650267260,ts-order-other-service,6a5bf1c0d90bf28a,d0cba44429318fbc,9ed10999042a42a2,3053,200,securityInfoCheck,ts-security-service
1650267260,ts-security-service,58622e2b42eb2e9e,f2b4e7de6be2b336,9ed10999042a42a2,13352,200,check,ts-preserve-service
1650267260,ts-assurance-service,dc22c53ebe794e98,,dc22c53ebe794e98,1838,200,getAllAssuranceType,no_parent
1650267260,ts-travel-service,9bfe714c5ee5ca2e,,9bfe714c5ee5ca2e,43825,200,queryInfo,no_parent
1650267260,ts-ticketinfo-service,c017f5c9aa728a70,d6af1852bf6d9658,9bfe714c5ee5ca2e,7802,200,GET,ts-ticketinfo-service
1650267260,ts-ticketinfo-service,477309e742bdf4bd,9ec32e120007dabb,9bfe714c5ee5ca2e,7575,200,queryForStationId,ts-travel-service
1650267260,ts-basic-service,b5ccae1126785966,4272822a87bce037,9bfe714c5ee5ca2e,2737,200,GET,ts-basic-service
1650267260,ts-travel-service,3b85bce663a065ea,9bfe714c5ee5ca2e,9bfe714c5ee5ca2e,2284,200,GET,ts-travel-service
1650267260,ts-travel-service,313afbac6a75e720,9bfe714c5ee5ca2e,9bfe714c5ee5ca2e,2379,200,GET,ts-travel-service
1650267260,ts-travel-service,9ec32e120007dabb,9bfe714c5ee5ca2e,9bfe714c5ee5ca2e,8138,200,GET,ts-travel-service
1650267260,ts-travel-service,2bd77f6f524fa181,9bfe714c5ee5ca2e,9bfe714c5ee5ca2e,4059,200,GET,ts-travel-service
1650267260,ts-route-service,1ff1b5d767aa6046,75e7e19ba8f0841b,9bfe714c5ee5ca2e,2517,200,queryById,ts-travel-service
1650267260,ts-route-service,8515e047c5c502e9,2bd77f6f524fa181,9bfe714c5ee5ca2e,2621,200,queryById,ts-travel-service
1650267260,ts-basic-service,cde5a4458221f111,c017f5c9aa728a70,9bfe714c5ee5ca2e,6604,200,queryForStationId,ts-ticketinfo-service
1650267260,ts-basic-service,694936c5b5aeb39c,cde5a4458221f111,9bfe714c5ee5ca2e,3732,200,GET,ts-basic-service
1650267260,ts-route-service,4dbadec99e40a79b,3b85bce663a065ea,9bfe714c5ee5ca2e,2118,200,queryById,ts-travel-service
1650267260,ts-basic-service,4272822a87bce037,33f27aa4b5563c2f,9bfe714c5ee5ca2e,4845,200,queryForStationId,ts-ticketinfo-service
1650267260,ts-station-service,88547df4595436c3,694936c5b5aeb39c,9bfe714c5ee5ca2e,2277,200,queryForStationId,ts-basic-service
1650267260,ts-station-service,5ff7dbb662c4394b,b5ccae1126785966,9bfe714c5ee5ca2e,2081,200,queryForStationId,ts-basic-service
1650267260,ts-ticketinfo-service,33f27aa4b5563c2f,477309e742bdf4bd,9bfe714c5ee5ca2e,5523,200,GET,ts-ticketinfo-service
1650267260,ts-travel-service,75e7e19ba8f0841b,9bfe714c5ee5ca2e,9bfe714c5ee5ca2e,2943,200,GET,ts-travel-service
1650267260,ts-route-service,90a2a85477e60e36,313afbac6a75e720,9bfe714c5ee5ca2e,2160,200,queryById,ts-travel-service
1650267260,ts-route-service,242f8230a1ef84da,8cfcd10778984419,9bfe714c5ee5ca2e,2103,200,queryById,ts-travel-service
1650267260,ts-travel-service,8cfcd10778984419,9bfe714c5ee5ca2e,9bfe714c5ee5ca2e,2281,200,GET,ts-travel-service
1650267260,ts-ticketinfo-service,d6af1852bf6d9658,9a75012810fa7106,9bfe714c5ee5ca2e,10238,200,queryForStationId,ts-travel-service
1650267260,ts-travel-service,9a75012810fa7106,9bfe714c5ee5ca2e,9bfe714c5ee5ca2e,11812,200,GET,ts-travel-service
1650267260,ts-contacts-service,23003cc8ae537e38,,23003cc8ae537e38,3056,200,findContactsByAccountId,no_parent
1650267260,ts-auth-service,21269b6012d5980f,53ee213f694ee73f,53ee213f694ee73f,3402,200,GET,ts-auth-service
1650267260,ts-auth-service,53ee213f694ee73f,,53ee213f694ee73f,111772,200,getToken,no_parent
1650267260,ts-verification-code-service,b704103674f8c5e1,,b704103674f8c5e1,2681,200,imageCode,no_parent
1650267321,ts-security-service,e0a32c758c4ec288,82819ce60d19d45a,a979a93c6cb43027,4642,200,GET,ts-security-service
1650267321,ts-order-other-service,c7e732d60bd9dee8,e0a32c758c4ec288,a979a93c6cb43027,3226,200,securityInfoCheck,ts-security-service
1650267321,ts-order-service,59e022fd64ed001e,b3090fe5ea0aadb4,a979a93c6cb43027,10884,200,securityInfoCheck,ts-security-service
1650267321,ts-preserve-service,e2a5a9b9a8593d9c,a979a93c6cb43027,a979a93c6cb43027,23192,200,GET,ts-preserve-service
1650267321,ts-ticketinfo-service,140bc396ce133b51,8399a76e740d0ac7,5e0527a204d64920,9826,200,queryForStationId,ts-travel-service
1650267321,ts-ticketinfo-service,c5ba0f14177b522d,ce78165a0d97248b,5e0527a204d64920,5912,200,GET,ts-ticketinfo-service
1650267321,ts-ticketinfo-service,ec14cc958c320964,140bc396ce133b51,5e0527a204d64920,7419,200,GET,ts-ticketinfo-service
1650267321,ts-ticketinfo-service,ce78165a0d97248b,1fc9cb7a1f76b35b,5e0527a204d64920,7968,200,queryForStationId,ts-travel-service
1650267321,ts-assurance-service,2df417528945323a,,2df417528945323a,1876,200,getAllAssuranceType,no_parent
1650267321,ts-travel-service,ab71b25104942407,5e0527a204d64920,5e0527a204d64920,2339,200,GET,ts-travel-service
1650267321,ts-route-service,7c9f55e9bed0537b,b2583a3e046c7c68,5e0527a204d64920,2632,200,queryById,ts-travel-service
1650267321,ts-route-service,cfa2445565224acb,41a14ed175094864,5e0527a204d64920,2125,200,queryById,ts-travel-service
1650267321,ts-route-service,db2ba3dd09bc2e2a,c64828ce80ec34d1,5e0527a204d64920,2251,200,queryById,ts-travel-service
1650267321,ts-route-service,281fc54fa36f43fe,ab71b25104942407,5e0527a204d64920,2158,200,queryById,ts-travel-service
1650267321,ts-route-service,a8cf650be884c57f,1029167c909a169b,5e0527a204d64920,2145,200,queryById,ts-travel-service
1650267321,ts-station-service,52bad95d20bdcbb2,f7d834a1f96c7acf,5e0527a204d64920,2089,200,queryForStationId,ts-basic-service
1650267321,ts-station-service,7b32b770a22534b6,25c06ba4e736927,5e0527a204d64920,2117,200,queryForStationId,ts-basic-service
1650267321,ts-travel-service,c64828ce80ec34d1,5e0527a204d64920,5e0527a204d64920,2708,200,GET,ts-travel-service
1650267321,ts-travel-service,41a14ed175094864,5e0527a204d64920,5e0527a204d64920,2313,200,GET,ts-travel-service
1650267321,ts-travel-service,1fc9cb7a1f76b35b,5e0527a204d64920,5e0527a204d64920,8381,200,GET,ts-travel-service
1650267321,ts-travel-service,b2583a3e046c7c68,5e0527a204d64920,5e0527a204d64920,3942,200,GET,ts-travel-service
1650267321,ts-travel-service,8399a76e740d0ac7,5e0527a204d64920,5e0527a204d64920,11364,200,GET,ts-travel-service
1650267321,ts-travel-service,1029167c909a169b,5e0527a204d64920,5e0527a204d64920,2337,200,GET,ts-travel-service
1650267321,ts-travel-service,5e0527a204d64920,,5e0527a204d64920,42525,200,queryInfo,no_parent
1650267321,ts-security-service,b3090fe5ea0aadb4,82819ce60d19d45a,a979a93c6cb43027,5036,200,GET,ts-security-service
1650267321,ts-contacts-service,f3e3f18c9fa77f80,1a9b040f9c86a594,a979a93c6cb43027,2418,200,getContactsByContactsId,ts-preserve-service
1650267321,ts-preserve-service,a979a93c6cb43027,,a979a93c6cb43027,29904,200,preserve,no_parent
1650267321,ts-security-service,82819ce60d19d45a,e2a5a9b9a8593d9c,a979a93c6cb43027,21574,200,check,ts-preserve-service
1650267321,ts-station-service,f4586d15de9e4726,add9e08787797b18,6e002696877de5ff,7824,200,queryForNameBatch,ts-order-service
1650267321,ts-order-service,add9e08787797b18,6e002696877de5ff,6e002696877de5ff,9217,200,POST,ts-order-service
1650267321,ts-order-service,6e002696877de5ff,,6e002696877de5ff,12494,200,queryOrdersForRefresh,no_parent
1650267321,ts-preserve-service,1a9b040f9c86a594,a979a93c6cb43027,a979a93c6cb43027,3784,200,GET,ts-preserve-service
1650267321,ts-auth-service,cddff206ef0bcc32,,cddff206ef0bcc32,108596,200,getToken,no_parent
1650267321,ts-verification-code-service,78f4026ca5d2d12e,,78f4026ca5d2d12e,2645,200,imageCode,no_parent
1650267321,ts-verification-code-service,618be0eeaaa44a5b,cb3cbfe5393c186c,cddff206ef0bcc32,1739,200,verifyCode,ts-auth-service
1650267321,ts-auth-service,cb3cbfe5393c186c,cddff206ef0bcc32,cddff206ef0bcc32,3485,200,GET,ts-auth-service
1650267321,ts-basic-service,25c06ba4e736927,e225a7b829af211,5e0527a204d64920,2821,200,GET,ts-basic-service
1650267321,ts-basic-service,f7d834a1f96c7acf,fc8c44d88ef48b4a,5e0527a204d64920,3337,200,GET,ts-basic-service
1650267321,ts-basic-service,e225a7b829af211,c5ba0f14177b522d,5e0527a204d64920,5160,200,queryForStationId,ts-ticketinfo-service
1650267321,ts-basic-service,fc8c44d88ef48b4a,ec14cc958c320964,5e0527a204d64920,6156,200,queryForStationId,ts-ticketinfo-service
1650267321,ts-contacts-service,c849f44969755183,,c849f44969755183,3240,200,findContactsByAccountId,no_parent
1650267381,ts-order-service,c47fa64179f86d65,d3f2664ec7782073,d3f2664ec7782073,9665,200,POST,ts-order-service
1650267381,ts-security-service,8c2f1ebf63c25c23,4bb023547dc2d29e,af53032ed9fda944,5015,200,GET,ts-security-service
1650267381,ts-security-service,91565d59ebe4e09f,4bb023547dc2d29e,af53032ed9fda944,4547,200,GET,ts-security-service
1650267381,ts-contacts-service,9eaac44a829f4a55,f200f396333d166c,af53032ed9fda944,2266,200,getContactsByContactsId,ts-preserve-service
1650267381,ts-route-service,bc6368da4cfb6df8,bef4f19987d3b500,ff6eb42c2005c3bd,2115,200,queryById,ts-travel-service
1650267381,ts-preserve-service,19dcc22d1ee23e70,af53032ed9fda944,af53032ed9fda944,15613,200,GET,ts-preserve-service
1650267381,ts-preserve-service,f200f396333d166c,af53032ed9fda944,af53032ed9fda944,3477,200,GET,ts-preserve-service
1650267381,ts-preserve-service,af53032ed9fda944,,af53032ed9fda944,21914,200,preserve,no_parent
1650267381,ts-order-other-service,19ade19071fc3417,91565d59ebe4e09f,af53032ed9fda944,3155,200,securityInfoCheck,ts-security-service
1650267381,ts-order-service,9c315e5bdf5cc28e,8c2f1ebf63c25c23,af53032ed9fda944,3766,200,securityInfoCheck,ts-security-service
1650267381,ts-route-service,c9be79960ee19f46,f0765d1b143d18e4,ff6eb42c2005c3bd,2141,200,queryById,ts-travel-service
1650267381,ts-route-service,1be9d0fe5f6136c4,15efb4cb58923be4,ff6eb42c2005c3bd,2244,200,queryById,ts-travel-service
1650267381,ts-security-service,4bb023547dc2d29e,19dcc22d1ee23e70,af53032ed9fda944,14232,200,check,ts-preserve-service
1650267381,ts-ticketinfo-service,8984cff12a147271,b7b2b8ba691c01d4,ff6eb42c2005c3bd,5817,200,GET,ts-ticketinfo-service
1650267381,ts-ticketinfo-service,b7b2b8ba691c01d4,f6db848a898ff1bf,ff6eb42c2005c3bd,7859,200,queryForStationId,ts-travel-service
1650267381,ts-travel-service,15efb4cb58923be4,ff6eb42c2005c3bd,ff6eb42c2005c3bd,2572,200,GET,ts-travel-service
1650267381,ts-travel-service,f1c87fe447f4526d,ff6eb42c2005c3bd,ff6eb42c2005c3bd,2714,200,GET,ts-travel-service
1650267381,ts-travel-service,a6548cf8edfde1b,ff6eb42c2005c3bd,ff6eb42c2005c3bd,11505,200,GET,ts-travel-service
1650267381,ts-travel-service,f6db848a898ff1bf,ff6eb42c2005c3bd,ff6eb42c2005c3bd,8348,200,GET,ts-travel-service
1650267381,ts-travel-service,ea1f029dbd78d837,ff6eb42c2005c3bd,ff6eb42c2005c3bd,3994,200,GET,ts-travel-service
1650267381,ts-travel-service,f0765d1b143d18e4,ff6eb42c2005c3bd,ff6eb42c2005c3bd,2337,200,GET,ts-travel-service
1650267381,ts-assurance-service,a73a94d087a0f2b5,,a73a94d087a0f2b5,1847,200,getAllAssuranceType,no_parent
1650267381,ts-route-service,bcba272b59114c95,ea1f029dbd78d837,ff6eb42c2005c3bd,2665,200,queryById,ts-travel-service
1650267381,ts-basic-service,2d030ff392387e41,3bd125848aabaa24,ff6eb42c2005c3bd,6358,200,queryForStationId,ts-ticketinfo-service
1650267381,ts-verification-code-service,88b989b52aa69821,5f306a2ef49a294c,4906739f9d9048e3,1750,200,verifyCode,ts-auth-service
1650267381,ts-station-service,1460314989213741,4945e52f6bb0e8cc,ff6eb42c2005c3bd,2070,200,queryForStationId,ts-basic-service
1650267381,ts-station-service,4b5b632d7962d1cb,c0c31012a03af6e4,ff6eb42c2005c3bd,2307,200,queryForStationId,ts-basic-service
1650267381,ts-basic-service,c0c31012a03af6e4,2d030ff392387e41,ff6eb42c2005c3bd,3545,200,GET,ts-basic-service
1650267381,ts-basic-service,a17a549136329155,8984cff12a147271,ff6eb42c2005c3bd,5147,200,queryForStationId,ts-ticketinfo-service
1650267381,ts-basic-service,4945e52f6bb0e8cc,a17a549136329155,ff6eb42c2005c3bd,2772,200,GET,ts-basic-service
1650267381,ts-ticketinfo-service,3bd125848aabaa24,7bd9456d04b4ec0f,ff6eb42c2005c3bd,7511,200,GET,ts-ticketinfo-service
1650267381,ts-ticketinfo-service,7bd9456d04b4ec0f,a6548cf8edfde1b,ff6eb42c2005c3bd,9891,200,queryForStationId,ts-travel-service
1650267381,ts-route-service,c6a5c374f3045439,f1c87fe447f4526d,ff6eb42c2005c3bd,2505,200,queryById,ts-travel-service
1650267381,ts-travel-service,ff6eb42c2005c3bd,,ff6eb42c2005c3bd,43707,200,queryInfo,no_parent
1650267381,ts-travel-service,bef4f19987d3b500,ff6eb42c2005c3bd,ff6eb42c2005c3bd,2266,200,GET,ts-travel-service
1650267381,ts-auth-service,5f306a2ef49a294c,4906739f9d9048e3,4906739f9d9048e3,3434,200,GET,ts-auth-service
1650267381,ts-auth-service,4906739f9d9048e3,,4906739f9d9048e3,111387,200,getToken,no_parent
1650267381,ts-station-service,469c6c57910b091a,c47fa64179f86d65,d3f2664ec7782073,8161,200,queryForNameBatch,ts-order-service
1650267381,ts-order-service,d3f2664ec7782073,,d3f2664ec7782073,12752,200,queryOrdersForRefresh,no_parent
1650267381,ts-verification-code-service,eeefb769e7aa2447,,eeefb769e7aa2447,2629,200,imageCode,no_parent
1650267381,ts-contacts-service,772db4991d562cd3,,772db4991d562cd3,2810,200,findContactsByAccountId,no_parent
1650267441,ts-basic-service,98829b913bc74816,1b739b68ce0443e0,9832d84cc53594cb,3680,200,GET,ts-basic-service
1650267441,ts-basic-service,2734519ca920e73b,8a24c28aa81afeea,9832d84cc53594cb,2643,200,GET,ts-basic-service
1650267441,ts-ticketinfo-service,68b18aa1ec8a3ac1,c7d27a5d0894e412,9832d84cc53594cb,17726,200,GET,ts-ticketinfo-service
1650267441,ts-preserve-service,4b10efd485b55744,,4b10efd485b55744,20982,200,preserve,no_parent
1650267441,ts-order-other-service,5ed4c13bac8609ca,e8df9c89bcb984c4,4b10efd485b55744,3184,200,securityInfoCheck,ts-security-service
1650267441,ts-security-service,e8df9c89bcb984c4,78b9c1a4d42f8341,4b10efd485b55744,4407,200,GET,ts-security-service
1650267441,ts-security-service,78b9c1a4d42f8341,10949a29c481ee0b,4b10efd485b55744,13183,200,check,ts-preserve-service
1650267441,ts-security-service,7c4a6dffb9418fd,78b9c1a4d42f8341,4b10efd485b55744,4778,200,GET,ts-security-service
1650267441,ts-preserve-service,bd10be1bde4aad9c,4b10efd485b55744,4b10efd485b55744,3369,200,GET,ts-preserve-service
1650267441,ts-contacts-service,82e0f730030a4fdc,bd10be1bde4aad9c,4b10efd485b55744,2208,200,getContactsByContactsId,ts-preserve-service
1650267441,ts-order-service,87f9aae7e9e7b56b,,87f9aae7e9e7b56b,12604,200,queryOrdersForRefresh,no_parent
1650267441,ts-station-service,ceba500b6e3673f2,9d92260e78594315,87f9aae7e9e7b56b,7677,200,queryForNameBatch,ts-order-service
1650267441,ts-preserve-service,10949a29c481ee0b,4b10efd485b55744,4b10efd485b55744,14851,200,GET,ts-preserve-service
1650267441,ts-order-service,9d92260e78594315,87f9aae7e9e7b56b,87f9aae7e9e7b56b,9223,200,POST,ts-order-service
1650267441,ts-ticketinfo-service,c7d27a5d0894e412,803a3783b4f71,9832d84cc53594cb,20140,200,queryForStationId,ts-travel-service
1650267441,ts-ticketinfo-service,6c28e42394a0187c,728fc615201cfe4d,9832d84cc53594cb,7057,200,queryForStationId,ts-travel-service
1650267441,ts-travel-service,803a3783b4f71,9832d84cc53594cb,9832d84cc53594cb,21461,200,GET,ts-travel-service
1650267441,ts-ticketinfo-service,854b18535b407da7,6c28e42394a0187c,9832d84cc53594cb,5042,200,GET,ts-ticketinfo-service
1650267441,ts-travel-service,d8c5ba4e0ee537b4,9832d84cc53594cb,9832d84cc53594cb,2277,200,GET,ts-travel-service
1650267441,ts-route-service,fec6b2fbb7604f33,56403446cf614cee,9832d84cc53594cb,2154,200,queryById,ts-travel-service
1650267441,ts-travel-service,56403446cf614cee,9832d84cc53594cb,9832d84cc53594cb,2308,200,GET,ts-travel-service
1650267441,ts-travel-service,fd12750614053c89,9832d84cc53594cb,9832d84cc53594cb,2596,200,GET,ts-travel-service
1650267441,ts-route-service,fda4723f687206f9,1ae3d3f636f609c8,9832d84cc53594cb,2085,200,queryById,ts-travel-service
1650267441,ts-route-service,fa6b2de948fca1dc,d8c5ba4e0ee537b4,9832d84cc53594cb,2117,200,queryById,ts-travel-service
1650267441,ts-station-service,acf9bf5e4c433b63,98829b913bc74816,9832d84cc53594cb,2411,200,queryForStationId,ts-basic-service
1650267441,ts-station-service,cb4024d57b4befb1,2734519ca920e73b,9832d84cc53594cb,2049,200,queryForStationId,ts-basic-service
1650267441,ts-route-service,a7d03175b6302b90,c4dd737442a2f8bf,9832d84cc53594cb,2660,200,queryById,ts-travel-service
1650267441,ts-route-service,3dbdf64d23dc76b2,fd12750614053c89,9832d84cc53594cb,2133,200,queryById,ts-travel-service
1650267441,ts-travel-service,728fc615201cfe4d,9832d84cc53594cb,9832d84cc53594cb,7460,200,GET,ts-travel-service
1650267441,ts-basic-service,8a24c28aa81afeea,854b18535b407da7,9832d84cc53594cb,4505,200,queryForStationId,ts-ticketinfo-service
1650267441,ts-basic-service,1b739b68ce0443e0,68b18aa1ec8a3ac1,9832d84cc53594cb,16598,200,queryForStationId,ts-ticketinfo-service
1650267441,ts-travel-service,c4dd737442a2f8bf,9832d84cc53594cb,9832d84cc53594cb,3924,200,GET,ts-travel-service
1650267441,ts-travel-service,9832d84cc53594cb,,9832d84cc53594cb,60460,200,queryInfo,no_parent
1650267441,ts-travel-service,1ae3d3f636f609c8,9832d84cc53594cb,9832d84cc53594cb,2265,200,GET,ts-travel-service
1650267441,ts-order-service,681cf4dd31429106,7c4a6dffb9418fd,4b10efd485b55744,3470,200,securityInfoCheck,ts-security-service
1650267441,ts-verification-code-service,7d8c7c93f8985442,b7bfbef3899b283f,928d001d2dfc33bf,1684,200,verifyCode,ts-auth-service
1650267441,ts-auth-service,b7bfbef3899b283f,928d001d2dfc33bf,928d001d2dfc33bf,3288,200,GET,ts-auth-service
1650267441,ts-assurance-service,c15151a180d8eb36,,c15151a180d8eb36,1926,200,getAllAssuranceType,no_parent
1650267441,ts-contacts-service,d6d3b9146c9de53e,,d6d3b9146c9de53e,3117,200,findContactsByAccountId,no_parent
1650267441,ts-auth-service,928d001d2dfc33bf,,928d001d2dfc33bf,114286,200,getToken,no_parent
1650267441,ts-verification-code-service,26dd64a4b6b6ed13,,26dd64a4b6b6ed13,2698,200,imageCode,no_parent
1650267501,ts-contacts-service,6bf0817d72993adc,6b5d787efb78c0b0,b8a9e9a5b3e43b01,2388,200,getContactsByContactsId,ts-preserve-service
1650267501,ts-order-service,a761340dc9e5c54f,d7bb23fc52220146,b8a9e9a5b3e43b01,3612,200,securityInfoCheck,ts-security-service
1650267501,ts-security-service,2b67a16cf9c8147c,6e98f89b7351374c,b8a9e9a5b3e43b01,4456,200,GET,ts-security-service
1650267501,ts-order-other-service,8c2d40727dc6fcb4,2b67a16cf9c8147c,b8a9e9a5b3e43b01,3146,200,securityInfoCheck,ts-security-service
1650267501,ts-security-service,d7bb23fc52220146,6e98f89b7351374c,b8a9e9a5b3e43b01,5069,200,GET,ts-security-service
1650267501,ts-security-service,6e98f89b7351374c,a657682136a1edad,b8a9e9a5b3e43b01,14069,200,check,ts-preserve-service
1650267501,ts-contacts-service,f234ccc8cd611b22,,f234ccc8cd611b22,3009,200,findContactsByAccountId,no_parent
1650267501,ts-preserve-service,a657682136a1edad,b8a9e9a5b3e43b01,b8a9e9a5b3e43b01,15679,200,GET,ts-preserve-service
1650267501,ts-preserve-service,6b5d787efb78c0b0,b8a9e9a5b3e43b01,b8a9e9a5b3e43b01,3686,200,GET,ts-preserve-service
1650267501,ts-preserve-service,b8a9e9a5b3e43b01,,b8a9e9a5b3e43b01,22391,200,preserve,no_parent
1650267501,ts-verification-code-service,5cc57126d4a3d5b4,97aa3cd9fb04e3a,cf7eb8fd712c8dba,1731,200,verifyCode,ts-auth-service
1650267501,ts-auth-service,cf7eb8fd712c8dba,,cf7eb8fd712c8dba,109776,200,getToken,no_parent
1650267501,ts-auth-service,97aa3cd9fb04e3a,cf7eb8fd712c8dba,cf7eb8fd712c8dba,3432,200,GET,ts-auth-service
1650267501,ts-verification-code-service,94fb91ddc4e26940,,94fb91ddc4e26940,2682,200,imageCode,no_parent
1650267501,ts-station-service,9d6993eb5e54cd7b,2248186952f94e2a,9ee651cadad36f85,7774,200,queryForNameBatch,ts-order-service
1650267501,ts-order-service,9ee651cadad36f85,,9ee651cadad36f85,12690,200,queryOrdersForRefresh,no_parent
1650267501,ts-order-service,2248186952f94e2a,9ee651cadad36f85,9ee651cadad36f85,9232,200,POST,ts-order-service
1650267502,ts-basic-service,5679483118fbddeb,4a111365b88ad4d1,da617d7607891dc9,3038,200,GET,ts-basic-service
1650267502,ts-ticketinfo-service,923a7e34e8d5089e,b3d287e5b5347c84,da617d7607891dc9,9185,200,queryForStationId,ts-travel-service
1650267502,ts-ticketinfo-service,55ef87bd89f184d6,668e773bfbf5978a,da617d7607891dc9,5690,200,GET,ts-ticketinfo-service
1650267502,ts-ticketinfo-service,668e773bfbf5978a,abf11e22a45d80b5,da617d7607891dc9,7628,200,queryForStationId,ts-travel-service
1650267502,ts-travel-service,b3d287e5b5347c84,da617d7607891dc9,da617d7607891dc9,10660,200,GET,ts-travel-service
1650267502,ts-travel-service,2b218e4be987c792,da617d7607891dc9,da617d7607891dc9,19413,200,GET,ts-travel-service
1650267502,ts-travel-service,c3fde41873259642,da617d7607891dc9,da617d7607891dc9,4360,200,GET,ts-travel-service
1650267502,ts-travel-service,26eeb1aa0d56f287,da617d7607891dc9,da617d7607891dc9,1358,200,GET,ts-travel-service
1650267502,ts-travel-service,7996a751eef06270,da617d7607891dc9,da617d7607891dc9,2470,200,GET,ts-travel-service
1650267502,ts-travel-service,da617d7607891dc9,,da617d7607891dc9,57285,200,queryInfo,no_parent
1650267502,ts-travel-service,bc61af9cee243251,da617d7607891dc9,da617d7607891dc9,2264,200,GET,ts-travel-service
1650267502,ts-route-service,d4159cec9bf7b2da,2b218e4be987c792,da617d7607891dc9,18944,200,queryById,ts-travel-service
1650267502,ts-route-service,4ce483d4f5a59a4b,c3fde41873259642,da617d7607891dc9,2965,200,queryById,ts-travel-service
1650267502,ts-assurance-service,714f36c80fe9c51e,,714f36c80fe9c51e,1900,200,getAllAssuranceType,no_parent
1650267502,ts-basic-service,ffcc781ee9ed02c0,55ef87bd89f184d6,da617d7607891dc9,5040,200,queryForStationId,ts-ticketinfo-service
1650267502,ts-ticketinfo-service,997aa4b3cc325bd9,923a7e34e8d5089e,da617d7607891dc9,6827,200,GET,ts-ticketinfo-service
1650267502,ts-travel-service,abf11e22a45d80b5,da617d7607891dc9,da617d7607891dc9,8113,200,GET,ts-travel-service
1650267502,ts-route-service,d94c33ff7e964272,26eeb1aa0d56f287,da617d7607891dc9,1141,200,queryById,ts-travel-service
1650267502,ts-route-service,aafc4e072b9f7204,bc61af9cee243251,da617d7607891dc9,2180,200,queryById,ts-travel-service
1650267502,ts-route-service,b898fb3ddf1455e2,7996a751eef06270,da617d7607891dc9,2298,200,queryById,ts-travel-service
1650267502,ts-station-service,52b41163f55696f5,5679483118fbddeb,da617d7607891dc9,1702,200,queryForStationId,ts-basic-service
1650267502,ts-station-service,17ee77d50804de1e,12b7c5bfbf77558b,da617d7607891dc9,2098,200,queryForStationId,ts-basic-service
1650267502,ts-basic-service,4a111365b88ad4d1,997aa4b3cc325bd9,da617d7607891dc9,5589,200,queryForStationId,ts-ticketinfo-service
1650267502,ts-basic-service,12b7c5bfbf77558b,ffcc781ee9ed02c0,da617d7607891dc9,2688,200,GET,ts-basic-service
1650267562,ts-contacts-service,bfc11284fa25cb1,c59ab984293fe800,de7fe288defd4f5,2429,200,getContactsByContactsId,ts-preserve-service
1650267562,ts-order-service,94a3bce1befec85b,f03b9d944177b3b4,de7fe288defd4f5,3555,200,securityInfoCheck,ts-security-service
1650267562,ts-preserve-service,cc3be92991cb5171,de7fe288defd4f5,de7fe288defd4f5,16052,200,GET,ts-preserve-service
1650267562,ts-travel-service,c5b522ee0ae96876,,c5b522ee0ae96876,46098,200,queryInfo,no_parent
1650267562,ts-basic-service,11babf37bb29f644,5d6cd2ad5580c19e,c5b522ee0ae96876,6133,200,queryForStationId,ts-ticketinfo-service
1650267562,ts-security-service,382daa5f14e27cbb,67593d02faf04395,de7fe288defd4f5,4810,200,GET,ts-security-service
1650267562,ts-preserve-service,c59ab984293fe800,de7fe288defd4f5,de7fe288defd4f5,3713,200,GET,ts-preserve-service
1650267562,ts-travel-service,e21316be1ec9eb2d,c5b522ee0ae96876,c5b522ee0ae96876,2549,200,GET,ts-travel-service
1650267562,ts-order-service,b505c891054b1240,6d19b77931b836b8,6d19b77931b836b8,9501,200,POST,ts-order-service
1650267562,ts-order-service,6d19b77931b836b8,,6d19b77931b836b8,12895,200,queryOrdersForRefresh,no_parent
1650267562,ts-assurance-service,3fa60fe864e9f986,,3fa60fe864e9f986,1876,200,getAllAssuranceType,no_parent
1650267562,ts-contacts-service,499f8d784175d4a,,499f8d784175d4a,2978,200,findContactsByAccountId,no_parent
1650267562,ts-security-service,f03b9d944177b3b4,67593d02faf04395,de7fe288defd4f5,4927,200,GET,ts-security-service
1650267562,ts-preserve-service,de7fe288defd4f5,,de7fe288defd4f5,22827,200,preserve,no_parent
1650267562,ts-order-other-service,5ebf88be88e2027,382daa5f14e27cbb,de7fe288defd4f5,3094,200,securityInfoCheck,ts-security-service
1650267562,ts-station-service,15afa7448d647679,b505c891054b1240,6d19b77931b836b8,7929,200,queryForNameBatch,ts-order-service
1650267562,ts-security-service,67593d02faf04395,cc3be92991cb5171,de7fe288defd4f5,14534,200,check,ts-preserve-service
1650267562,ts-travel-service,28a2775352759ab2,c5b522ee0ae96876,c5b522ee0ae96876,3594,200,GET,ts-travel-service
1650267562,ts-ticketinfo-service,8aa49d9d88aa76da,43f967a4d301585b,c5b522ee0ae96876,9908,200,queryForStationId,ts-travel-service
1650267562,ts-travel-service,f9dda2188d37c686,c5b522ee0ae96876,c5b522ee0ae96876,9501,200,GET,ts-travel-service
1650267562,ts-travel-service,43f967a4d301585b,c5b522ee0ae96876,c5b522ee0ae96876,11958,200,GET,ts-travel-service
1650267562,ts-ticketinfo-service,72f27d4ae9e7415b,8aa49d9d88aa76da,c5b522ee0ae96876,7249,200,GET,ts-ticketinfo-service
1650267562,ts-travel-service,d9ce14c8d99ad27e,c5b522ee0ae96876,c5b522ee0ae96876,2380,200,GET,ts-travel-service
1650267562,ts-ticketinfo-service,5d6cd2ad5580c19e,72a8cf99e1d05cfd,c5b522ee0ae96876,6925,200,GET,ts-ticketinfo-service
1650267562,ts-auth-service,c0d730cd9b26b24d,,c0d730cd9b26b24d,108456,200,getToken,no_parent
1650267562,ts-verification-code-service,4b250438a82787ab,7d8b6c9d0f370b86,c0d730cd9b26b24d,1687,200,verifyCode,ts-auth-service
1650267562,ts-route-service,f6a36f7bba0e8d84,d37746640c0b1de1,c5b522ee0ae96876,2195,200,queryById,ts-travel-service
1650267562,ts-verification-code-service,174c162092bf80dd,,174c162092bf80dd,2669,200,imageCode,no_parent
1650267562,ts-travel-service,66d7673c18339e36,c5b522ee0ae96876,c5b522ee0ae96876,2571,200,GET,ts-travel-service
1650267562,ts-travel-service,d37746640c0b1de1,c5b522ee0ae96876,c5b522ee0ae96876,2368,200,GET,ts-travel-service
1650267562,ts-ticketinfo-service,72a8cf99e1d05cfd,f9dda2188d37c686,c5b522ee0ae96876,9018,200,queryForStationId,ts-travel-service
1650267562,ts-route-service,1ab496bf32f9e2b2,e21316be1ec9eb2d,c5b522ee0ae96876,2335,200,queryById,ts-travel-service
1650267562,ts-station-service,1c93fd610ed8fa59,848ef5d14e943073,c5b522ee0ae96876,2189,200,queryForStationId,ts-basic-service
1650267562,ts-station-service,12c4d639b25ef4b8,38d3fd3f641262dc,c5b522ee0ae96876,2122,200,queryForStationId,ts-basic-service
1650267562,ts-basic-service,848ef5d14e943073,b5145e7926f9270f,c5b522ee0ae96876,3326,200,GET,ts-basic-service
1650267562,ts-auth-service,7d8b6c9d0f370b86,c0d730cd9b26b24d,c0d730cd9b26b24d,3325,200,GET,ts-auth-service
1650267562,ts-route-service,b6aea50df13aa989,66d7673c18339e36,c5b522ee0ae96876,4225,200,queryById,ts-travel-service
1650267562,ts-route-service,b1881af110af5efc,28a2775352759ab2,c5b522ee0ae96876,2608,200,queryById,ts-travel-service
1650267562,ts-basic-service,38d3fd3f641262dc,11babf37bb29f644,c5b522ee0ae96876,2917,200,GET,ts-basic-service
1650267562,ts-route-service,6eee0957961b5206,d9ce14c8d99ad27e,c5b522ee0ae96876,2220,200,queryById,ts-travel-service
1650267562,ts-basic-service,b5145e7926f9270f,72f27d4ae9e7415b,c5b522ee0ae96876,6106,200,queryForStationId,ts-ticketinfo-service
1650267622,ts-preserve-service,549dbe206c57ab57,fa0b7e79001dab57,fa0b7e79001dab57,3102,200,GET,ts-preserve-service
1650267622,ts-order-other-service,edf6e92e79c9d669,b4ad3e10923b9eac,fa0b7e79001dab57,2049,200,securityInfoCheck,ts-security-service
1650267622,ts-security-service,c9596a154b56a8c8,aeef2d0b472be919,fa0b7e79001dab57,3371,200,GET,ts-security-service
1650267622,ts-security-service,b4ad3e10923b9eac,aeef2d0b472be919,fa0b7e79001dab57,2911,200,GET,ts-security-service
1650267622,ts-security-service,aeef2d0b472be919,c8e3a1b621d9cc72,fa0b7e79001dab57,9696,200,check,ts-preserve-service
1650267622,ts-basic-service,7ddd8abb4da8ee5e,14fabdc90d7f6658,1edb4edafc00263b,2237,200,GET,ts-basic-service
1650267622,ts-basic-service,5d51ec7cfdfac49,2ce8b566778e6995,1edb4edafc00263b,4361,200,queryForStationId,ts-ticketinfo-service
1650267622,ts-travel-service,9bd849afdb2e4ed4,1edb4edafc00263b,1edb4edafc00263b,1845,200,GET,ts-travel-service
1650267622,ts-contacts-service,a72d40d2cc31dc80,549dbe206c57ab57,fa0b7e79001dab57,2053,200,getContactsByContactsId,ts-preserve-service
1650267622,ts-order-service,90dbaa629802edaa,c9596a154b56a8c8,fa0b7e79001dab57,2585,200,securityInfoCheck,ts-security-service
1650267622,ts-preserve-service,c8e3a1b621d9cc72,fa0b7e79001dab57,fa0b7e79001dab57,10771,200,GET,ts-preserve-service
1650267622,ts-station-service,7cb4fa17954b5879,7ddd8abb4da8ee5e,1edb4edafc00263b,1860,200,queryForStationId,ts-basic-service
1650267622,ts-preserve-service,fa0b7e79001dab57,,fa0b7e79001dab57,15973,200,preserve,no_parent
1650267622,ts-ticketinfo-service,f6f4534561f27d54,f841cd4353984a43,1edb4edafc00263b,7156,200,queryForStationId,ts-travel-service
1650267622,ts-basic-service,5f86b0822a1a3bb0,5d51ec7cfdfac49,1edb4edafc00263b,2584,200,GET,ts-basic-service
1650267622,ts-verification-code-service,cb08d51e8e712b63,9bab10d6b7c62075,f11bb339626799e,1088,200,verifyCode,ts-auth-service
1650267622,ts-auth-service,f11bb339626799e,,f11bb339626799e,124651,200,getToken,no_parent
1650267622,ts-route-service,a067ddd5acbc0b01,9bd849afdb2e4ed4,1edb4edafc00263b,1446,200,queryById,ts-travel-service
1650267622,ts-station-service,ee8358e13c872a75,d797c545992feba8,dab070dc0eec23b9,4907,200,queryForNameBatch,ts-order-service
1650267622,ts-order-service,dab070dc0eec23b9,,dab070dc0eec23b9,8460,200,queryOrdersForRefresh,no_parent
1650267622,ts-order-service,d797c545992feba8,dab070dc0eec23b9,dab070dc0eec23b9,5987,200,POST,ts-order-service
1650267622,ts-route-service,6349b1ecaf87699f,99bf5f1b50e8bdcc,1edb4edafc00263b,3909,200,queryById,ts-travel-service
1650267622,ts-basic-service,14fabdc90d7f6658,666887c5d597f3d8,1edb4edafc00263b,3873,200,queryForStationId,ts-ticketinfo-service
1650267622,ts-travel-service,1edb4edafc00263b,,1edb4edafc00263b,34008,200,queryInfo,no_parent
1650267622,ts-travel-service,f841cd4353984a43,1edb4edafc00263b,1edb4edafc00263b,8286,200,GET,ts-travel-service
1650267622,ts-route-service,f0d7da024b93b6a1,15b903bfad11ca2f,1edb4edafc00263b,1444,200,queryById,ts-travel-service
1650267622,ts-station-service,ef208d0c72e96a79,5f86b0822a1a3bb0,1edb4edafc00263b,1566,200,queryForStationId,ts-basic-service
1650267622,ts-travel-service,64cc3310f023305b,1edb4edafc00263b,1edb4edafc00263b,6123,200,GET,ts-travel-service
1650267622,ts-travel-service,15b903bfad11ca2f,1edb4edafc00263b,1edb4edafc00263b,1916,200,GET,ts-travel-service
1650267622,ts-travel-service,99bf5f1b50e8bdcc,1edb4edafc00263b,1edb4edafc00263b,5160,200,GET,ts-travel-service
1650267622,ts-travel-service,ea927c2f429cfb9a,1edb4edafc00263b,1edb4edafc00263b,2010,200,GET,ts-travel-service
1650267622,ts-route-service,f826cfcb206895d3,8aa7bc1e076a846c,1edb4edafc00263b,1441,200,queryById,ts-travel-service
1650267622,ts-travel-service,8aa7bc1e076a846c,1edb4edafc00263b,1edb4edafc00263b,1509,200,GET,ts-travel-service
1650267622,ts-route-service,6b81fea3ad4badd,ea927c2f429cfb9a,1edb4edafc00263b,1544,200,queryById,ts-travel-service
1650267622,ts-ticketinfo-service,2ce8b566778e6995,f6f4534561f27d54,1edb4edafc00263b,5505,200,GET,ts-ticketinfo-service
1650267622,ts-ticketinfo-service,8aab114ada53317a,64cc3310f023305b,1edb4edafc00263b,5931,200,queryForStationId,ts-travel-service
1650267622,ts-ticketinfo-service,666887c5d597f3d8,8aab114ada53317a,1edb4edafc00263b,4261,200,GET,ts-ticketinfo-service
1650267622,ts-auth-service,9bab10d6b7c62075,f11bb339626799e,f11bb339626799e,2310,200,GET,ts-auth-service
1650267622,ts-verification-code-service,4f7e191e30ccb684,,4f7e191e30ccb684,2392,200,imageCode,no_parent
1650267622,ts-contacts-service,a0f501edc2fa3b23,,a0f501edc2fa3b23,2464,200,findContactsByAccountId,no_parent
1650267622,ts-assurance-service,a92a1d5a7eecb20f,,a92a1d5a7eecb20f,1447,200,getAllAssuranceType,no_parent
1650267682,ts-verification-code-service,f25919918a7629bf,a08638217d409c0f,b9da2369249ff182,1705,200,verifyCode,ts-auth-service
1650267682,ts-auth-service,a08638217d409c0f,b9da2369249ff182,b9da2369249ff182,2994,200,GET,ts-auth-service
1650267682,ts-auth-service,b9da2369249ff182,,b9da2369249ff182,124788,200,getToken,no_parent
1650267682,ts-contacts-service,e98f57d039aa9873,7d1e740b0002b2bd,18937042caaca647,1921,200,getContactsByContactsId,ts-preserve-service
1650267682,ts-order-service,49b829e23b4693d1,38aa0c7a1b897b53,18937042caaca647,2914,200,securityInfoCheck,ts-security-service
1650267682,ts-preserve-service,7d1e740b0002b2bd,18937042caaca647,18937042caaca647,2827,200,GET,ts-preserve-service
1650267682,ts-ticketinfo-service,2dc03596ceceba85,7f85cf01cad0e740,fe338d571329c5a8,28092,200,queryForStationId,ts-travel-service
1650267682,ts-travel-service,e4ed1c08beb074c9,fe338d571329c5a8,fe338d571329c5a8,8464,200,GET,ts-travel-service
1650267682,ts-travel-service,b835b8ee5aa2d3d1,fe338d571329c5a8,fe338d571329c5a8,1958,200,GET,ts-travel-service
1650267682,ts-travel-service,fe338d571329c5a8,,fe338d571329c5a8,53711,200,queryInfo,no_parent
1650267682,ts-station-service,4220714649d2efe2,6da8521644603d04,aace2e150a780614,5160,200,queryForNameBatch,ts-order-service
1650267682,ts-basic-service,2bd3159eb07a41c8,c89ec180ef605d42,fe338d571329c5a8,2521,200,GET,ts-basic-service
1650267682,ts-ticketinfo-service,ac1e395405dcde1c,e4ed1c08beb074c9,fe338d571329c5a8,7173,200,queryForStationId,ts-travel-service
1650267682,ts-ticketinfo-service,c7ad15d886dc3df2,2dc03596ceceba85,fe338d571329c5a8,26683,200,GET,ts-ticketinfo-service
1650267682,ts-order-service,6da8521644603d04,aace2e150a780614,aace2e150a780614,6556,200,POST,ts-order-service
1650267682,ts-order-service,aace2e150a780614,,aace2e150a780614,8848,200,queryOrdersForRefresh,no_parent
1650267682,ts-preserve-service,18937042caaca647,,18937042caaca647,22438,200,preserve,no_parent
1650267682,ts-preserve-service,d01fd5c95880c6b9,18937042caaca647,18937042caaca647,17423,200,GET,ts-preserve-service
1650267682,ts-order-other-service,eccfca3990a0288d,ee3876262febdcd8,18937042caaca647,2550,200,securityInfoCheck,ts-security-service
1650267682,ts-security-service,38aa0c7a1b897b53,5a77fef81ce6b87e,18937042caaca647,3918,200,GET,ts-security-service
1650267682,ts-security-service,5a77fef81ce6b87e,d01fd5c95880c6b9,18937042caaca647,16017,200,check,ts-preserve-service
1650267682,ts-security-service,ee3876262febdcd8,5a77fef81ce6b87e,18937042caaca647,3516,200,GET,ts-security-service
1650267682,ts-route-service,ca017ad17d64f3eb,89fab13afd5f7fc,fe338d571329c5a8,1393,200,queryById,ts-travel-service
1650267682,ts-route-service,6edf3223484acfee,d21cc748601d1051,fe338d571329c5a8,1524,200,queryById,ts-travel-service
1650267682,ts-route-service,21307511f89fb745,524a8c84765bd009,fe338d571329c5a8,1468,200,queryById,ts-travel-service
1650267682,ts-station-service,5cfaf9e34fad8caa,2bd3159eb07a41c8,fe338d571329c5a8,1648,200,queryForStationId,ts-basic-service
1650267682,ts-station-service,8409e0901f91991a,ac2ad43d4481175f,fe338d571329c5a8,24076,200,queryForStationId,ts-basic-service
1650267682,ts-ticketinfo-service,e92392df0959cc3e,ac1e395405dcde1c,fe338d571329c5a8,5221,200,GET,ts-ticketinfo-service
1650267682,ts-travel-service,7f85cf01cad0e740,fe338d571329c5a8,fe338d571329c5a8,28442,200,GET,ts-travel-service
1650267682,ts-travel-service,b01dd1bdd21adc11,fe338d571329c5a8,fe338d571329c5a8,2802,200,GET,ts-travel-service
1650267682,ts-travel-service,d21cc748601d1051,fe338d571329c5a8,fe338d571329c5a8,1902,200,GET,ts-travel-service
1650267682,ts-basic-service,c89ec180ef605d42,e92392df0959cc3e,fe338d571329c5a8,4587,200,queryForStationId,ts-ticketinfo-service
1650267682,ts-basic-service,deaa7aa2d77c8267,c7ad15d886dc3df2,fe338d571329c5a8,26216,200,queryForStationId,ts-ticketinfo-service
1650267682,ts-basic-service,ac2ad43d4481175f,deaa7aa2d77c8267,fe338d571329c5a8,24288,200,GET,ts-basic-service
1650267682,ts-contacts-service,8505dbff863bb6f7,,8505dbff863bb6f7,2282,200,findContactsByAccountId,no_parent
1650267682,ts-travel-service,524a8c84765bd009,fe338d571329c5a8,fe338d571329c5a8,1533,200,GET,ts-travel-service
1650267682,ts-travel-service,89fab13afd5f7fc,fe338d571329c5a8,fe338d571329c5a8,1490,200,GET,ts-travel-service
1650267682,ts-route-service,5dee2d4ff634fcde,b01dd1bdd21adc11,fe338d571329c5a8,1853,200,queryById,ts-travel-service
1650267682,ts-route-service,aeb6d561f93391,b835b8ee5aa2d3d1,fe338d571329c5a8,1453,200,queryById,ts-travel-service
1650267682,ts-verification-code-service,cba954cdabc4a8fc,,cba954cdabc4a8fc,3511,200,imageCode,no_parent
1650267682,ts-assurance-service,e3838a188bc8a52b,,e3838a188bc8a52b,1440,200,getAllAssuranceType,no_parent
1650267743,ts-travel-service,a4895312f93a1d78,2d81a4f6e9d9b837,2d81a4f6e9d9b837,8196,200,GET,ts-travel-service
1650267743,ts-ticketinfo-service,c907f3a810562a07,a4895312f93a1d78,2d81a4f6e9d9b837,7025,200,queryForStationId,ts-travel-service
1650267743,ts-verification-code-service,f12f0d4fd85a2bc1,80ea00a0404c9e06,dd72714400c7b6d7,2095,200,verifyCode,ts-auth-service
1650267743,ts-preserve-service,680a3d70232dca85,,680a3d70232dca85,17691,200,preserve,no_parent
1650267743,ts-security-service,8d853332403e3faa,971b4628d0868660,680a3d70232dca85,3576,200,GET,ts-security-service
1650267743,ts-ticketinfo-service,7a51ad8859848d40,6f0943aa3e26b8ae,2d81a4f6e9d9b837,6426,200,queryForStationId,ts-travel-service
1650267743,ts-ticketinfo-service,a056afe289fd585d,7a51ad8859848d40,2d81a4f6e9d9b837,5023,200,GET,ts-ticketinfo-service
1650267743,ts-travel-service,2d81a4f6e9d9b837,,2d81a4f6e9d9b837,31324,200,queryInfo,no_parent
1650267743,ts-security-service,c9806e398c8c6eae,971b4628d0868660,680a3d70232dca85,4070,200,GET,ts-security-service
1650267743,ts-order-other-service,70ea1467c38e4e0,8d853332403e3faa,680a3d70232dca85,2645,200,securityInfoCheck,ts-security-service
1650267743,ts-station-service,270be56a0af428eb,98b11acf003cf351,2d81a4f6e9d9b837,1908,200,queryForStationId,ts-basic-service
1650267743,ts-basic-service,6b7e2c92998b9d36,a056afe289fd585d,2d81a4f6e9d9b837,4576,200,queryForStationId,ts-ticketinfo-service
1650267743,ts-basic-service,c22dfb9f73cdcbaf,fbb9bd3a159eabf9,2d81a4f6e9d9b837,2292,200,GET,ts-basic-service
1650267743,ts-basic-service,fbb9bd3a159eabf9,5f44bf71010a9b96,2d81a4f6e9d9b837,4386,200,queryForStationId,ts-ticketinfo-service
1650267743,ts-route-service,9a59c041b5454809,e8a9c176679d4d99,2d81a4f6e9d9b837,1835,200,queryById,ts-travel-service
1650267743,ts-station-service,eb9af3d4fde24be1,c22dfb9f73cdcbaf,2d81a4f6e9d9b837,1375,200,queryForStationId,ts-basic-service
1650267743,ts-route-service,405c7b2ce46d7f4e,c9bba77bc6c0f49,2d81a4f6e9d9b837,2069,200,queryById,ts-travel-service
1650267743,ts-assurance-service,1c54f510cd963b30,,1c54f510cd963b30,1452,200,getAllAssuranceType,no_parent
1650267743,ts-travel-service,67ee6dc4e471fb65,2d81a4f6e9d9b837,2d81a4f6e9d9b837,1533,200,GET,ts-travel-service
1650267743,ts-auth-service,dd72714400c7b6d7,,dd72714400c7b6d7,125301,200,getToken,no_parent
1650267743,ts-basic-service,98b11acf003cf351,6b7e2c92998b9d36,2d81a4f6e9d9b837,2832,200,GET,ts-basic-service
1650267743,ts-ticketinfo-service,5f44bf71010a9b96,c907f3a810562a07,2d81a4f6e9d9b837,5324,200,GET,ts-ticketinfo-service
1650267743,ts-auth-service,80ea00a0404c9e06,dd72714400c7b6d7,dd72714400c7b6d7,2812,200,GET,ts-auth-service
1650267743,ts-security-service,971b4628d0868660,327fd1109047e324,680a3d70232dca85,11529,200,check,ts-preserve-service
1650267743,ts-preserve-service,c1d156de0be5f5a6,680a3d70232dca85,680a3d70232dca85,2718,200,GET,ts-preserve-service
1650267743,ts-order-service,81dbd2100bdd28fd,c9806e398c8c6eae,680a3d70232dca85,2931,200,securityInfoCheck,ts-security-service
1650267743,ts-travel-service,44f513c8c72d8862,2d81a4f6e9d9b837,2d81a4f6e9d9b837,1159,200,GET,ts-travel-service
1650267743,ts-route-service,6023c5638fba6991,2c145981fa100cf8,2d81a4f6e9d9b837,1327,200,queryById,ts-travel-service
1650267743,ts-route-service,7c01e0e0c7016afe,67ee6dc4e471fb65,2d81a4f6e9d9b837,1443,200,queryById,ts-travel-service
1650267743,ts-travel-service,c9bba77bc6c0f49,2d81a4f6e9d9b837,2d81a4f6e9d9b837,2943,200,GET,ts-travel-service
1650267743,ts-preserve-service,327fd1109047e324,680a3d70232dca85,680a3d70232dca85,12555,200,GET,ts-preserve-service
1650267743,ts-travel-service,6f0943aa3e26b8ae,2d81a4f6e9d9b837,2d81a4f6e9d9b837,6576,200,GET,ts-travel-service
1650267743,ts-contacts-service,505ac4a38f097ca5,c1d156de0be5f5a6,680a3d70232dca85,1797,200,getContactsByContactsId,ts-preserve-service
1650267743,ts-route-service,7f37aaaff56ade20,44f513c8c72d8862,2d81a4f6e9d9b837,1081,200,queryById,ts-travel-service
1650267743,ts-travel-service,2c145981fa100cf8,2d81a4f6e9d9b837,2d81a4f6e9d9b837,1424,200,GET,ts-travel-service
1650267743,ts-travel-service,e8a9c176679d4d99,2d81a4f6e9d9b837,2d81a4f6e9d9b837,2206,200,GET,ts-travel-service
1650267743,ts-station-service,6e2a529503766869,c2a7656c5becde41,6bf1c78005db70ca,4707,200,queryForNameBatch,ts-order-service
1650267743,ts-order-service,6bf1c78005db70ca,,6bf1c78005db70ca,8586,200,queryOrdersForRefresh,no_parent
1650267743,ts-order-service,c2a7656c5becde41,6bf1c78005db70ca,6bf1c78005db70ca,5860,200,POST,ts-order-service
1650267743,ts-contacts-service,1776c1993e1c37c1,,1776c1993e1c37c1,2582,200,findContactsByAccountId,no_parent
1650267743,ts-verification-code-service,4086013e2d8eaa70,,4086013e2d8eaa70,2672,200,imageCode,no_parent
1650267803,ts-verification-code-service,39df7a93a279800c,,39df7a93a279800c,2598,200,imageCode,no_parent
1650267803,ts-ticketinfo-service,126b0aa71a5043dc,e1782e1958e673af,65f6323183242f10,7251,200,queryForStationId,ts-travel-service
1650267803,ts-route-service,aa17269921a045c9,4a42657c3cae5db8,65f6323183242f10,1483,200,queryById,ts-travel-service
1650267803,ts-travel-service,4a42657c3cae5db8,65f6323183242f10,65f6323183242f10,1583,200,GET,ts-travel-service
1650267803,ts-travel-service,d326fb577df27b78,65f6323183242f10,65f6323183242f10,1190,200,GET,ts-travel-service
1650267803,ts-travel-service,e1782e1958e673af,65f6323183242f10,65f6323183242f10,8484,200,GET,ts-travel-service
1650267803,ts-travel-service,462f7b8b5c13f782,65f6323183242f10,65f6323183242f10,1302,200,GET,ts-travel-service
1650267803,ts-ticketinfo-service,2fa031ff1ca285de,d4ce7bafe2944ed9,65f6323183242f10,9593,200,queryForStationId,ts-travel-service
1650267803,ts-route-service,ac77278bd262ea1e,41a63be3d850892a,65f6323183242f10,1418,200,queryById,ts-travel-service
1650267803,ts-route-service,54dae4cc52148e6a,d326fb577df27b78,65f6323183242f10,1074,200,queryById,ts-travel-service
1650267803,ts-travel-service,d4ce7bafe2944ed9,65f6323183242f10,65f6323183242f10,9835,200,GET,ts-travel-service
1650267803,ts-route-service,7a49a7cb2994d276,7f47e2c2ba3378b0,65f6323183242f10,2105,200,queryById,ts-travel-service
1650267803,ts-auth-service,9105b596283f67fa,affddcadc54fcfc1,affddcadc54fcfc1,2769,200,GET,ts-auth-service
1650267803,ts-auth-service,affddcadc54fcfc1,,affddcadc54fcfc1,125625,200,getToken,no_parent
1650267803,ts-route-service,3b123dc1bcc7aba1,462f7b8b5c13f782,65f6323183242f10,1121,200,queryById,ts-travel-service
1650267803,ts-travel-service,65f6323183242f10,,65f6323183242f10,34376,200,queryInfo,no_parent
1650267803,ts-station-service,e5907792fa5c4eaf,9dfac65b10513d95,65f6323183242f10,1505,200,queryForStationId,ts-basic-service
1650267803,ts-basic-service,42624340a5b0b4e5,a1eb4b206a79f1b1,65f6323183242f10,2345,200,GET,ts-basic-service
1650267803,ts-order-other-service,f5490586c0c133ec,97d9f1b0880df60d,cc490fbe5278d54b,2613,200,securityInfoCheck,ts-security-service
1650267803,ts-station-service,52fae4486deb878,42624340a5b0b4e5,65f6323183242f10,1602,200,queryForStationId,ts-basic-service
1650267803,ts-basic-service,9dfac65b10513d95,d93c567c80856f0b,65f6323183242f10,1992,200,GET,ts-basic-service
1650267803,ts-basic-service,d93c567c80856f0b,c33075d4942748b1,65f6323183242f10,3700,200,queryForStationId,ts-ticketinfo-service
1650267803,ts-ticketinfo-service,bbda450c48db4006,126b0aa71a5043dc,65f6323183242f10,5362,200,GET,ts-ticketinfo-service
1650267803,ts-ticketinfo-service,c33075d4942748b1,2fa031ff1ca285de,65f6323183242f10,4069,200,GET,ts-ticketinfo-service
1650267803,ts-station-service,472acaa1ee390572,1ba17cce10346d54,df1bf7bd92c3de54,4578,200,queryForNameBatch,ts-order-service
1650267803,ts-preserve-service,159fb1a035a4dbd1,cc490fbe5278d54b,cc490fbe5278d54b,12785,200,GET,ts-preserve-service
1650267803,ts-preserve-service,bc39db44ccc4199f,cc490fbe5278d54b,cc490fbe5278d54b,2715,200,GET,ts-preserve-service
1650267803,ts-preserve-service,cc490fbe5278d54b,,cc490fbe5278d54b,17526,200,preserve,no_parent
1650267803,ts-travel-service,41a63be3d850892a,65f6323183242f10,65f6323183242f10,2301,200,GET,ts-travel-service
1650267803,ts-travel-service,7f47e2c2ba3378b0,65f6323183242f10,65f6323183242f10,2831,200,GET,ts-travel-service
1650267803,ts-basic-service,a1eb4b206a79f1b1,bbda450c48db4006,65f6323183242f10,4520,200,queryForStationId,ts-ticketinfo-service
1650267803,ts-order-service,17dc7484a6096ddd,f116296b187709f6,cc490fbe5278d54b,2788,200,securityInfoCheck,ts-security-service
1650267803,ts-order-service,df1bf7bd92c3de54,,df1bf7bd92c3de54,7935,200,queryOrdersForRefresh,no_parent
1650267803,ts-order-service,1ba17cce10346d54,df1bf7bd92c3de54,df1bf7bd92c3de54,5764,200,POST,ts-order-service
1650267803,ts-contacts-service,9e84e82ab7fc02b8,bc39db44ccc4199f,cc490fbe5278d54b,1911,200,getContactsByContactsId,ts-preserve-service
1650267803,ts-verification-code-service,f3513f5b0f71a47b,9105b596283f67fa,affddcadc54fcfc1,1555,200,verifyCode,ts-auth-service
1650267803,ts-security-service,52d69df7fa3d682a,159fb1a035a4dbd1,cc490fbe5278d54b,11215,200,check,ts-preserve-service
1650267803,ts-security-service,f116296b187709f6,52d69df7fa3d682a,cc490fbe5278d54b,3758,200,GET,ts-security-service
1650267803,ts-security-service,97d9f1b0880df60d,52d69df7fa3d682a,cc490fbe5278d54b,3925,200,GET,ts-security-service
1650267803,ts-contacts-service,740fe6ac7fccd24,,740fe6ac7fccd24,2566,200,findContactsByAccountId,no_parent
1650267803,ts-assurance-service,a7c9d65d2fe928ed,,a7c9d65d2fe928ed,1163,200,getAllAssuranceType,no_parent
1650267863,ts-verification-code-service,89e1d63c667343d5,cbf83b8cf5428d9,fcea298b36e1a802,3022,200,verifyCode,ts-auth-service
1650267863,ts-preserve-service,8e647d5179f2909c,,8e647d5179f2909c,17161,200,preserve,no_parent
1650267863,ts-travel-service,87629b33f0c3e6df,86eee7bcf464412b,86eee7bcf464412b,5587,200,GET,ts-travel-service
1650267863,ts-travel-service,23f44c55ec666c76,86eee7bcf464412b,86eee7bcf464412b,2435,200,GET,ts-travel-service
1650267863,ts-ticketinfo-service,e742dd14e50d63c7,12e6b75ae0892138,86eee7bcf464412b,3808,200,GET,ts-ticketinfo-service
1650267863,ts-ticketinfo-service,12e6b75ae0892138,87629b33f0c3e6df,86eee7bcf464412b,5269,200,queryForStationId,ts-travel-service
1650267863,ts-auth-service,fcea298b36e1a802,,fcea298b36e1a802,136356,200,getToken,no_parent
1650267863,ts-auth-service,cbf83b8cf5428d9,fcea298b36e1a802,fcea298b36e1a802,13062,200,GET,ts-auth-service
1650267863,ts-travel-service,a814f7cbc80ae586,86eee7bcf464412b,86eee7bcf464412b,3216,200,GET,ts-travel-service
1650267863,ts-preserve-service,facc1ec892cea564,8e647d5179f2909c,8e647d5179f2909c,2936,200,GET,ts-preserve-service
1650267863,ts-preserve-service,6da5595f84edcada,8e647d5179f2909c,8e647d5179f2909c,11963,200,GET,ts-preserve-service
1650267863,ts-order-service,9d69fbd2b20f85b4,f76c8bb87b4b8f59,8e647d5179f2909c,2998,200,securityInfoCheck,ts-security-service
1650267863,ts-contacts-service,d316d0f21c08037d,facc1ec892cea564,8e647d5179f2909c,1918,200,getContactsByContactsId,ts-preserve-service
1650267863,ts-ticketinfo-service,59660ed0438e3e9c,eb91531c5bb39fce,86eee7bcf464412b,5607,200,GET,ts-ticketinfo-service
1650267863,ts-ticketinfo-service,eb91531c5bb39fce,67a08383489086b7,86eee7bcf464412b,7638,200,queryForStationId,ts-travel-service
1650267863,ts-security-service,f76c8bb87b4b8f59,3f1fbdc9a2c33c23,8e647d5179f2909c,3991,200,GET,ts-security-service
1650267863,ts-security-service,d40ea52985b399c6,3f1fbdc9a2c33c23,8e647d5179f2909c,3419,200,GET,ts-security-service
1650267863,ts-basic-service,3797f02d048d0060,3a6581e4fbeb392,86eee7bcf464412b,1789,200,GET,ts-basic-service
1650267863,ts-basic-service,3a6581e4fbeb392,e742dd14e50d63c7,86eee7bcf464412b,3369,200,queryForStationId,ts-ticketinfo-service
1650267863,ts-order-other-service,d21ade240dc1d554,d40ea52985b399c6,8e647d5179f2909c,2474,200,securityInfoCheck,ts-security-service
1650267863,ts-travel-service,a60960ada219c27,86eee7bcf464412b,86eee7bcf464412b,1216,200,GET,ts-travel-service
1650267863,ts-route-service,38cce3de55ea1e88,a60960ada219c27,86eee7bcf464412b,1194,200,queryById,ts-travel-service
1650267863,ts-route-service,bac6ce6b09b8e203,cc5003296b1c1993,86eee7bcf464412b,1441,200,queryById,ts-travel-service
1650267863,ts-travel-service,cc5003296b1c1993,86eee7bcf464412b,86eee7bcf464412b,1814,200,GET,ts-travel-service
1650267863,ts-travel-service,46bb3a5306a32748,86eee7bcf464412b,86eee7bcf464412b,1710,200,GET,ts-travel-service
1650267863,ts-security-service,3f1fbdc9a2c33c23,6da5595f84edcada,8e647d5179f2909c,10811,200,check,ts-preserve-service
1650267863,ts-station-service,e42052ed476590b5,3797f02d048d0060,86eee7bcf464412b,1386,200,queryForStationId,ts-basic-service
1650267863,ts-route-service,6459a4f618d7dcc1,46bb3a5306a32748,86eee7bcf464412b,1280,200,queryById,ts-travel-service
1650267863,ts-station-service,6df35a111d53a25c,4cb461ac1e237f42,86eee7bcf464412b,1974,200,queryForStationId,ts-basic-service
1650267863,ts-travel-service,67a08383489086b7,86eee7bcf464412b,86eee7bcf464412b,8739,200,GET,ts-travel-service
1650267863,ts-route-service,ca62d135a6eaf0e4,23f44c55ec666c76,86eee7bcf464412b,1852,200,queryById,ts-travel-service
1650267863,ts-assurance-service,2b837b45a9d6cd27,,2b837b45a9d6cd27,1517,200,getAllAssuranceType,no_parent
1650267863,ts-basic-service,800b5270a30ffb06,59660ed0438e3e9c,86eee7bcf464412b,4780,200,queryForStationId,ts-ticketinfo-service
1650267863,ts-travel-service,86eee7bcf464412b,,86eee7bcf464412b,31667,200,queryInfo,no_parent
1650267863,ts-order-service,82a453c8048a34e3,,82a453c8048a34e3,8556,200,queryOrdersForRefresh,no_parent
1650267863,ts-order-service,d34cb4ceb6f42cba,82a453c8048a34e3,82a453c8048a34e3,6371,200,POST,ts-order-service
1650267863,ts-route-service,e1646f51afeb380e,a814f7cbc80ae586,86eee7bcf464412b,2397,200,queryById,ts-travel-service
1650267863,ts-station-service,985504a0fdb4515e,d34cb4ceb6f42cba,82a453c8048a34e3,5032,200,queryForNameBatch,ts-order-service
1650267863,ts-basic-service,4cb461ac1e237f42,800b5270a30ffb06,86eee7bcf464412b,2678,200,GET,ts-basic-service
1650267863,ts-contacts-service,2929e358d99fb4bd,,2929e358d99fb4bd,2319,200,findContactsByAccountId,no_parent
1650267863,ts-verification-code-service,9ef91b1e863a5a9b,,9ef91b1e863a5a9b,2029,200,imageCode,no_parent
1650267923,ts-order-other-service,8082b81da717e016,98a35efe197f7c48,8e20264d92506991,2698,200,securityInfoCheck,ts-security-service
1650267923,ts-contacts-service,fe5f43bbb6a255e7,,fe5f43bbb6a255e7,2315,200,findContactsByAccountId,no_parent
1650267923,ts-order-service,e5c32646ef21a72a,8e04c43c681a17d4,8e20264d92506991,2707,200,securityInfoCheck,ts-security-service
1650267923,ts-preserve-service,8e20264d92506991,,8e20264d92506991,16960,200,preserve,no_parent
1650267923,ts-contacts-service,90705954091b6437,c8048f5d362297b8,8e20264d92506991,1467,200,getContactsByContactsId,ts-preserve-service
1650267923,ts-security-service,1bde60bcdab24c95,626efe5f813a5e3f,8e20264d92506991,10703,200,check,ts-preserve-service
1650267923,ts-security-service,8e04c43c681a17d4,1bde60bcdab24c95,8e20264d92506991,3697,200,GET,ts-security-service
1650267923,ts-security-service,98a35efe197f7c48,1bde60bcdab24c95,8e20264d92506991,3519,200,GET,ts-security-service
1650267923,ts-auth-service,c10dba726274681d,6fe0ec665f8d38d,6fe0ec665f8d38d,3244,200,GET,ts-auth-service
1650267923,ts-station-service,d795a5f7a8729ffc,e1e16292b83f31a2,d1af7670cb7ed6ef,4508,200,queryForNameBatch,ts-order-service
1650267923,ts-preserve-service,c8048f5d362297b8,8e20264d92506991,8e20264d92506991,2423,200,GET,ts-preserve-service
1650267923,ts-order-service,d1af7670cb7ed6ef,,d1af7670cb7ed6ef,8202,200,queryOrdersForRefresh,no_parent
1650267923,ts-order-service,e1e16292b83f31a2,d1af7670cb7ed6ef,d1af7670cb7ed6ef,5552,200,POST,ts-order-service
1650267923,ts-preserve-service,626efe5f813a5e3f,8e20264d92506991,8e20264d92506991,12089,200,GET,ts-preserve-service
1650267923,ts-verification-code-service,5eab2dd9dd2adb14,,5eab2dd9dd2adb14,2660,200,imageCode,no_parent
1650267923,ts-verification-code-service,4724a298ea1b111,c10dba726274681d,6fe0ec665f8d38d,1878,200,verifyCode,ts-auth-service
1650267923,ts-auth-service,6fe0ec665f8d38d,,6fe0ec665f8d38d,126681,200,getToken,no_parent
1650267924,ts-travel-service,aba53b8aaaf0caec,e8f3f12ebe112d16,e8f3f12ebe112d16,5671,200,GET,ts-travel-service
1650267924,ts-travel-service,8f742f8cd8f51896,e8f3f12ebe112d16,e8f3f12ebe112d16,1785,200,GET,ts-travel-service
1650267924,ts-route-service,b9299ac4facb7a4c,b02e197ac0f4f77,e8f3f12ebe112d16,1527,200,queryById,ts-travel-service
1650267924,ts-route-service,2ad2fabc3b4b7b0c,eb48737a220fae26,e8f3f12ebe112d16,1992,200,queryById,ts-travel-service
1650267924,ts-route-service,e3156de9e15e1079,75fdc4e6baa5b34,e8f3f12ebe112d16,1836,200,queryById,ts-travel-service
1650267924,ts-route-service,c94dcefd6a000a51,8f742f8cd8f51896,e8f3f12ebe112d16,1698,200,queryById,ts-travel-service
1650267924,ts-ticketinfo-service,735562bee70a89f7,aba53b8aaaf0caec,e8f3f12ebe112d16,5353,200,queryForStationId,ts-travel-service
1650267924,ts-ticketinfo-service,73cc85eb0e0105e,d4dc4ea09d6ab866,e8f3f12ebe112d16,7362,200,queryForStationId,ts-travel-service
1650267924,ts-travel-service,d4dc4ea09d6ab866,e8f3f12ebe112d16,e8f3f12ebe112d16,8855,200,GET,ts-travel-service
1650267924,ts-travel-service,75fdc4e6baa5b34,e8f3f12ebe112d16,e8f3f12ebe112d16,1969,200,GET,ts-travel-service
1650267924,ts-travel-service,aa55c07e1c650f44,e8f3f12ebe112d16,e8f3f12ebe112d16,1553,200,GET,ts-travel-service
1650267924,ts-travel-service,b02e197ac0f4f77,e8f3f12ebe112d16,e8f3f12ebe112d16,1668,200,GET,ts-travel-service
1650267924,ts-travel-service,eb48737a220fae26,e8f3f12ebe112d16,e8f3f12ebe112d16,2715,200,GET,ts-travel-service
1650267924,ts-ticketinfo-service,d3a2213ec3dfd8e7,73cc85eb0e0105e,e8f3f12ebe112d16,5387,200,GET,ts-ticketinfo-service
1650267924,ts-route-service,3ac3d9647531a26a,aa55c07e1c650f44,e8f3f12ebe112d16,1469,200,queryById,ts-travel-service
1650267924,ts-station-service,4a492a695db9c67b,f45e07c4e1457de8,e8f3f12ebe112d16,1605,200,queryForStationId,ts-basic-service
1650267924,ts-station-service,feaebefb10b6425d,491ba41d12c85fec,e8f3f12ebe112d16,1432,200,queryForStationId,ts-basic-service
1650267924,ts-basic-service,df47aa99ca89f8b,d3a2213ec3dfd8e7,e8f3f12ebe112d16,4620,200,queryForStationId,ts-ticketinfo-service
1650267924,ts-basic-service,caa4010aab631313,bf18bd49b08495f7,e8f3f12ebe112d16,3467,200,queryForStationId,ts-ticketinfo-service
1650267924,ts-basic-service,f45e07c4e1457de8,df47aa99ca89f8b,e8f3f12ebe112d16,2446,200,GET,ts-basic-service
1650267924,ts-basic-service,491ba41d12c85fec,caa4010aab631313,e8f3f12ebe112d16,1862,200,GET,ts-basic-service
1650267924,ts-travel-service,e8f3f12ebe112d16,,e8f3f12ebe112d16,31657,200,queryInfo,no_parent
1650267924,ts-ticketinfo-service,bf18bd49b08495f7,735562bee70a89f7,e8f3f12ebe112d16,3935,200,GET,ts-ticketinfo-service
1650267924,ts-assurance-service,7204c6c2571ff3c1,,7204c6c2571ff3c1,1439,200,getAllAssuranceType,no_parent
1650267984,ts-security-service,d5ed7d81348d880e,2af9bb556c8da416,7a2f27b2654c1cd0,4276,200,GET,ts-security-service
1650267984,ts-security-service,26764be5d3396b6c,2af9bb556c8da416,7a2f27b2654c1cd0,3500,200,GET,ts-security-service
1650267984,ts-contacts-service,95cd24f3b7acbc02,a84235b248dc41fa,7a2f27b2654c1cd0,1835,200,getContactsByContactsId,ts-preserve-service
1650267984,ts-security-service,2af9bb556c8da416,87c496be3a2187cf,7a2f27b2654c1cd0,17289,200,check,ts-preserve-service
1650267984,ts-order-service,46e356f0781cbc04,d5ed7d81348d880e,7a2f27b2654c1cd0,2793,200,securityInfoCheck,ts-security-service
1650267984,ts-preserve-service,7a2f27b2654c1cd0,,7a2f27b2654c1cd0,24085,200,preserve,no_parent
1650267984,ts-preserve-service,87c496be3a2187cf,7a2f27b2654c1cd0,7a2f27b2654c1cd0,18985,200,GET,ts-preserve-service
1650267984,ts-preserve-service,a84235b248dc41fa,7a2f27b2654c1cd0,7a2f27b2654c1cd0,2697,200,GET,ts-preserve-service
1650267984,ts-order-other-service,58e5f8ee5c20b66d,26764be5d3396b6c,7a2f27b2654c1cd0,8446,200,securityInfoCheck,ts-security-service
1650267984,ts-auth-service,9616290683f6362f,,9616290683f6362f,126693,200,getToken,no_parent
1650267984,ts-auth-service,42f39df89093a3a3,9616290683f6362f,9616290683f6362f,2983,200,GET,ts-auth-service
1650267984,ts-verification-code-service,f2c4f7a328d24175,42f39df89093a3a3,9616290683f6362f,1860,200,verifyCode,ts-auth-service
1650267984,ts-assurance-service,111e0f4c2ea107d9,,111e0f4c2ea107d9,1440,200,getAllAssuranceType,no_parent
1650267984,ts-station-service,ec8ac5bd661dc31b,cff0095486089266,413c4276ecb11c09,5185,200,queryForNameBatch,ts-order-service
1650267984,ts-order-service,413c4276ecb11c09,,413c4276ecb11c09,8255,200,queryOrdersForRefresh,no_parent
1650267984,ts-route-service,9c0e3f6656fa48e5,1e8f7fd9f714c901,cd3c330e47a10433,1934,200,queryById,ts-travel-service
1650267984,ts-route-service,40cb73b070410e22,ba795cbd6374907e,cd3c330e47a10433,1563,200,queryById,ts-travel-service
1650267984,ts-station-service,b0b09affd0b806c,5da65d680f8e2467,cd3c330e47a10433,1151,200,queryForStationId,ts-basic-service
1650267984,ts-station-service,9d5ac2926120a8cd,5873498bb0232aac,cd3c330e47a10433,2224,200,queryForStationId,ts-basic-service
1650267984,ts-ticketinfo-service,7cf4f2b1b5ae5042,212110c902bc0d0a,cd3c330e47a10433,6363,200,GET,ts-ticketinfo-service
1650267984,ts-ticketinfo-service,7b5f39eb56ceb70b,81d433915636ab22,cd3c330e47a10433,3921,200,GET,ts-ticketinfo-service
1650267984,ts-travel-service,f0d0762db1d1ce15,cd3c330e47a10433,cd3c330e47a10433,5604,200,GET,ts-travel-service
1650267984,ts-travel-service,c1aba284d068f048,cd3c330e47a10433,cd3c330e47a10433,3231,200,GET,ts-travel-service
1650267984,ts-order-service,cff0095486089266,413c4276ecb11c09,413c4276ecb11c09,6100,200,POST,ts-order-service
1650267984,ts-route-service,5637bcd2517848ff,c1aba284d068f048,cd3c330e47a10433,2342,200,queryById,ts-travel-service
1650267984,ts-route-service,49389b87323ee593,5c9f1d687d458957,cd3c330e47a10433,1639,200,queryById,ts-travel-service
1650267984,ts-route-service,eb6007691dbf7893,2691459c0deda5d9,cd3c330e47a10433,31518,200,queryById,ts-travel-service
1650267984,ts-ticketinfo-service,212110c902bc0d0a,41883ef9da3ca706,cd3c330e47a10433,8457,200,queryForStationId,ts-travel-service
1650267984,ts-ticketinfo-service,81d433915636ab22,f0d0762db1d1ce15,cd3c330e47a10433,5297,200,queryForStationId,ts-travel-service
1650267984,ts-basic-service,5873498bb0232aac,3bdd5d17971cd767,cd3c330e47a10433,3450,200,GET,ts-basic-service
1650267984,ts-basic-service,3bdd5d17971cd767,7cf4f2b1b5ae5042,cd3c330e47a10433,5460,200,queryForStationId,ts-ticketinfo-service
1650267984,ts-basic-service,5da65d680f8e2467,1b3f65cb7979ba4d,cd3c330e47a10433,1569,200,GET,ts-basic-service
1650267984,ts-basic-service,1b3f65cb7979ba4d,7b5f39eb56ceb70b,cd3c330e47a10433,3119,200,queryForStationId,ts-ticketinfo-service
1650267984,ts-travel-service,41883ef9da3ca706,cd3c330e47a10433,cd3c330e47a10433,10089,200,GET,ts-travel-service
1650267984,ts-travel-service,1e8f7fd9f714c901,cd3c330e47a10433,cd3c330e47a10433,2566,200,GET,ts-travel-service
1650267984,ts-travel-service,5c9f1d687d458957,cd3c330e47a10433,cd3c330e47a10433,2015,200,GET,ts-travel-service
1650267984,ts-travel-service,2691459c0deda5d9,cd3c330e47a10433,cd3c330e47a10433,1406,200,GET,ts-travel-service
1650267984,ts-travel-service,ba795cbd6374907e,cd3c330e47a10433,cd3c330e47a10433,7931,200,GET,ts-travel-service
1650267984,ts-travel-service,cd3c330e47a10433,,cd3c330e47a10433,70554,200,queryInfo,no_parent
1650267984,ts-contacts-service,8070c9bbd466c167,,8070c9bbd466c167,2208,200,findContactsByAccountId,no_parent
1650267984,ts-verification-code-service,68adf83817bcb6b5,,68adf83817bcb6b5,2241,200,imageCode,no_parent
1650268044,ts-ticketinfo-service,a75a305809151d23,f43c0fc2259d6c7a,1fda5d9fe74019aa,7840,200,queryForStationId,ts-travel-service
1650268044,ts-ticketinfo-service,5cf6f2b65d402198,f1fc6bfd5d1507d6,1fda5d9fe74019aa,4337,200,GET,ts-ticketinfo-service
1650268044,ts-ticketinfo-service,f1fc6bfd5d1507d6,b4dc319c2d7c1685,1fda5d9fe74019aa,5846,200,queryForStationId,ts-travel-service
1650268044,ts-travel-service,f43c0fc2259d6c7a,1fda5d9fe74019aa,1fda5d9fe74019aa,8866,200,GET,ts-travel-service
1650268044,ts-travel-service,2c8c26ad27c79813,1fda5d9fe74019aa,1fda5d9fe74019aa,1891,200,GET,ts-travel-service
1650268044,ts-station-service,c10e27c7a7a7ac55,6fdabbe07c355962,1fda5d9fe74019aa,1918,200,queryForStationId,ts-basic-service
1650268044,ts-station-service,6a964cc8d09c9b48,b3c61d24bd0d0787,1fda5d9fe74019aa,1448,200,queryForStationId,ts-basic-service
1650268044,ts-travel-service,b4dc319c2d7c1685,1fda5d9fe74019aa,1fda5d9fe74019aa,6114,200,GET,ts-travel-service
1650268044,ts-travel-service,cdce1b2d02ea70d4,1fda5d9fe74019aa,1fda5d9fe74019aa,2960,200,GET,ts-travel-service
1650268044,ts-travel-service,66a4c0afd7da8d11,1fda5d9fe74019aa,1fda5d9fe74019aa,2261,200,GET,ts-travel-service
1650268044,ts-travel-service,b22d51de41f1df0,1fda5d9fe74019aa,1fda5d9fe74019aa,1723,200,GET,ts-travel-service
1650268044,ts-travel-service,b79f0a218b8d8878,1fda5d9fe74019aa,1fda5d9fe74019aa,1424,200,GET,ts-travel-service
1650268044,ts-travel-service,1fda5d9fe74019aa,,1fda5d9fe74019aa,32935,200,queryInfo,no_parent
1650268044,ts-route-service,825ad1a8e14403f7,cdce1b2d02ea70d4,1fda5d9fe74019aa,2056,200,queryById,ts-travel-service
1650268044,ts-route-service,b191aba9ef365d29,66a4c0afd7da8d11,1fda5d9fe74019aa,1833,200,queryById,ts-travel-service
1650268044,ts-basic-service,b3c61d24bd0d0787,ec29b87a111a1eca,1fda5d9fe74019aa,2178,200,GET,ts-basic-service
1650268044,ts-basic-service,f83f1b77bf2529b9,34c3adbee3cb92ed,1fda5d9fe74019aa,4989,200,queryForStationId,ts-ticketinfo-service
1650268044,ts-ticketinfo-service,34c3adbee3cb92ed,a75a305809151d23,1fda5d9fe74019aa,5957,200,GET,ts-ticketinfo-service
1650268044,ts-auth-service,3ee0bc6d727cb572,,3ee0bc6d727cb572,125866,200,getToken,no_parent
1650268044,ts-verification-code-service,b29db891424d1c15,34b0f29b7722070d,3ee0bc6d727cb572,1557,200,verifyCode,ts-auth-service
1650268044,ts-auth-service,34b0f29b7722070d,3ee0bc6d727cb572,3ee0bc6d727cb572,2832,200,GET,ts-auth-service
1650268044,ts-route-service,ba6b74dc961bdcd7,2c8c26ad27c79813,1fda5d9fe74019aa,1532,200,queryById,ts-travel-service
1650268044,ts-route-service,fcb2b089de8b5412,b22d51de41f1df0,1fda5d9fe74019aa,1631,200,queryById,ts-travel-service
1650268044,ts-route-service,481dd6d909d3020d,b79f0a218b8d8878,1fda5d9fe74019aa,1309,200,queryById,ts-travel-service
1650268044,ts-verification-code-service,35aa09d085d14be3,,35aa09d085d14be3,2178,200,imageCode,no_parent
1650268044,ts-basic-service,6fdabbe07c355962,f83f1b77bf2529b9,1fda5d9fe74019aa,2700,200,GET,ts-basic-service
1650268044,ts-basic-service,ec29b87a111a1eca,5cf6f2b65d402198,1fda5d9fe74019aa,3623,200,queryForStationId,ts-ticketinfo-service
1650268044,ts-preserve-service,51183fdf7b0e56e9,de8108ba85e7e354,de8108ba85e7e354,2825,200,GET,ts-preserve-service
1650268044,ts-order-service,bd006f4896804d73,1084a0d5c5b5a433,de8108ba85e7e354,2695,200,securityInfoCheck,ts-security-service
1650268044,ts-order-other-service,b79e1a2a31480431,3b4b2579d1a56391,de8108ba85e7e354,2478,200,securityInfoCheck,ts-security-service
1650268044,ts-security-service,1084a0d5c5b5a433,7fc7aad1f0637170,de8108ba85e7e354,3639,200,GET,ts-security-service
1650268044,ts-security-service,3b4b2579d1a56391,7fc7aad1f0637170,de8108ba85e7e354,3223,200,GET,ts-security-service
1650268044,ts-security-service,7fc7aad1f0637170,8834c4818d858f90,de8108ba85e7e354,10031,200,check,ts-preserve-service
1650268044,ts-contacts-service,3718b1600d0f7dd7,,3718b1600d0f7dd7,2436,200,findContactsByAccountId,no_parent
1650268044,ts-contacts-service,826f8b464cab47d2,51183fdf7b0e56e9,de8108ba85e7e354,2002,200,getContactsByContactsId,ts-preserve-service
1650268044,ts-preserve-service,de8108ba85e7e354,,de8108ba85e7e354,16096,200,preserve,no_parent
1650268044,ts-preserve-service,8834c4818d858f90,de8108ba85e7e354,de8108ba85e7e354,11284,200,GET,ts-preserve-service
1650268044,ts-order-service,379f76af526e920c,ec498b9df49370ee,ec498b9df49370ee,6428,200,POST,ts-order-service
1650268044,ts-order-service,ec498b9df49370ee,,ec498b9df49370ee,8836,200,queryOrdersForRefresh,no_parent
1650268044,ts-station-service,86cc62a74633fa94,379f76af526e920c,ec498b9df49370ee,5398,200,queryForNameBatch,ts-order-service
1650268044,ts-assurance-service,2772f6201143e48,,2772f6201143e48,1540,200,getAllAssuranceType,no_parent
1650268104,ts-travel-service,555091c8ff5d120f,bec7c8f81ea8c12b,bec7c8f81ea8c12b,6261,200,GET,ts-travel-service
1650268104,ts-travel-service,98262be90a97ccba,bec7c8f81ea8c12b,bec7c8f81ea8c12b,1475,200,GET,ts-travel-service
1650268104,ts-travel-service,bec7c8f81ea8c12b,,bec7c8f81ea8c12b,32253,200,queryInfo,no_parent
1650268104,ts-basic-service,8baecf57ebb87ad1,ebf88ca235ecb244,bec7c8f81ea8c12b,2771,200,GET,ts-basic-service
1650268104,ts-basic-service,527af8a6ec8db755,f1fd5f6d75b8a205,bec7c8f81ea8c12b,1996,200,GET,ts-basic-service
1650268104,ts-route-service,576417017d826034,eb9846d6f874ea2,bec7c8f81ea8c12b,2088,200,queryById,ts-travel-service
1650268104,ts-route-service,2a109b68562ba17c,61e60aadbdf7ec4d,bec7c8f81ea8c12b,1427,200,queryById,ts-travel-service
1650268104,ts-route-service,60fd2b3862385fba,ed990a03450385ee,bec7c8f81ea8c12b,1453,200,queryById,ts-travel-service
1650268104,ts-ticketinfo-service,fb81afb491bc871c,2274990d38106fcb,bec7c8f81ea8c12b,4271,200,GET,ts-ticketinfo-service
1650268104,ts-ticketinfo-service,6791719b5047f800,b1b5d779ebb1a5f,bec7c8f81ea8c12b,7087,200,queryForStationId,ts-travel-service
1650268104,ts-ticketinfo-service,2274990d38106fcb,555091c8ff5d120f,bec7c8f81ea8c12b,5469,200,queryForStationId,ts-travel-service
1650268104,ts-travel-service,b1b5d779ebb1a5f,bec7c8f81ea8c12b,bec7c8f81ea8c12b,8360,200,GET,ts-travel-service
1650268104,ts-travel-service,894a85601d0285a3,bec7c8f81ea8c12b,bec7c8f81ea8c12b,2898,200,GET,ts-travel-service
1650268104,ts-assurance-service,d2d41127b54161a,,d2d41127b54161a,1459,200,getAllAssuranceType,no_parent
1650268104,ts-route-service,435abdd9f5d4e381,98262be90a97ccba,bec7c8f81ea8c12b,1430,200,queryById,ts-travel-service
1650268104,ts-route-service,d5b82e51c7f85b58,894a85601d0285a3,bec7c8f81ea8c12b,2089,200,queryById,ts-travel-service
1650268104,ts-station-service,cfab23324983ac68,8baecf57ebb87ad1,bec7c8f81ea8c12b,1924,200,queryForStationId,ts-basic-service
1650268104,ts-station-service,6fe891125b4749bf,527af8a6ec8db755,bec7c8f81ea8c12b,1602,200,queryForStationId,ts-basic-service
1650268104,ts-travel-service,eb9846d6f874ea2,bec7c8f81ea8c12b,bec7c8f81ea8c12b,2668,200,GET,ts-travel-service
1650268104,ts-travel-service,ed990a03450385ee,bec7c8f81ea8c12b,bec7c8f81ea8c12b,1817,200,GET,ts-travel-service
1650268104,ts-travel-service,61e60aadbdf7ec4d,bec7c8f81ea8c12b,bec7c8f81ea8c12b,1529,200,GET,ts-travel-service
1650268104,ts-basic-service,f1fd5f6d75b8a205,fb81afb491bc871c,bec7c8f81ea8c12b,3660,200,queryForStationId,ts-ticketinfo-service
1650268104,ts-basic-service,ebf88ca235ecb244,be868243d7eb5918,bec7c8f81ea8c12b,4720,200,queryForStationId,ts-ticketinfo-service
1650268104,ts-ticketinfo-service,be868243d7eb5918,6791719b5047f800,bec7c8f81ea8c12b,5417,200,GET,ts-ticketinfo-service
1650268104,ts-order-service,ebe4392b8e8230fd,e4ce90ae9a79c710,6786644f1effc8be,3023,200,securityInfoCheck,ts-security-service
1650268104,ts-preserve-service,6786644f1effc8be,,6786644f1effc8be,17606,200,preserve,no_parent
1650268104,ts-security-service,d9f7390eb4677477,ef3548505c65219f,6786644f1effc8be,11111,200,check,ts-preserve-service
1650268104,ts-security-service,c1095a20454b61e1,d9f7390eb4677477,6786644f1effc8be,3385,200,GET,ts-security-service
1650268104,ts-contacts-service,43e31a503f902b4f,3ceb1e31751989c5,6786644f1effc8be,1956,200,getContactsByContactsId,ts-preserve-service
1650268104,ts-preserve-service,ef3548505c65219f,6786644f1effc8be,6786644f1effc8be,12246,200,GET,ts-preserve-service
1650268104,ts-preserve-service,3ceb1e31751989c5,6786644f1effc8be,6786644f1effc8be,3132,200,GET,ts-preserve-service
1650268104,ts-order-other-service,33e7cd732a518db6,c1095a20454b61e1,6786644f1effc8be,2652,200,securityInfoCheck,ts-security-service
1650268104,ts-security-service,e4ce90ae9a79c710,d9f7390eb4677477,6786644f1effc8be,4127,200,GET,ts-security-service
1650268104,ts-contacts-service,2da9c5644e921ba6,,2da9c5644e921ba6,2577,200,findContactsByAccountId,no_parent
1650268104,ts-order-service,ab59bb46cc3cd0fd,,ab59bb46cc3cd0fd,8006,200,queryOrdersForRefresh,no_parent
1650268104,ts-order-service,8097e8fe1f38acc9,ab59bb46cc3cd0fd,ab59bb46cc3cd0fd,6062,200,POST,ts-order-service
1650268104,ts-station-service,3e0c4ca905619584,8097e8fe1f38acc9,ab59bb46cc3cd0fd,4917,200,queryForNameBatch,ts-order-service
1650268104,ts-verification-code-service,4d880af274844455,,4d880af274844455,2467,200,imageCode,no_parent
1650268104,ts-verification-code-service,165892bcc9fc275c,ee143af04307ad45,2f975e427af9d390,1650,200,verifyCode,ts-auth-service
1650268104,ts-auth-service,ee143af04307ad45,2f975e427af9d390,2f975e427af9d390,2891,200,GET,ts-auth-service
1650268104,ts-auth-service,2f975e427af9d390,,2f975e427af9d390,125731,200,getToken,no_parent
1650268165,ts-auth-service,50b146f5a5e7fe23,6fdea0f8a5b90981,6fdea0f8a5b90981,2635,200,GET,ts-auth-service
1650268165,ts-auth-service,6fdea0f8a5b90981,,6fdea0f8a5b90981,125186,200,getToken,no_parent
1650268165,ts-verification-code-service,1ec0fa8c0ff0190b,50b146f5a5e7fe23,6fdea0f8a5b90981,1275,200,verifyCode,ts-auth-service
1650268165,ts-travel-service,3dd580ef88567167,ca576eb32a2d004f,ca576eb32a2d004f,8610,200,GET,ts-travel-service
1650268165,ts-travel-service,f4d1f6b6c027f13b,ca576eb32a2d004f,ca576eb32a2d004f,2214,200,GET,ts-travel-service
1650268165,ts-order-service,2d89d834b8915eed,,2d89d834b8915eed,8886,200,queryOrdersForRefresh,no_parent
1650268165,ts-order-service,1194da54e742edfa,2d89d834b8915eed,2d89d834b8915eed,6213,200,POST,ts-order-service
1650268165,ts-travel-service,e82bffea8446b54d,ca576eb32a2d004f,ca576eb32a2d004f,3718,200,GET,ts-travel-service
1650268165,ts-travel-service,b242e67c6730c9d2,ca576eb32a2d004f,ca576eb32a2d004f,1526,200,GET,ts-travel-service
1650268165,ts-travel-service,bdab99a56f5f9251,ca576eb32a2d004f,ca576eb32a2d004f,5695,200,GET,ts-travel-service
1650268165,ts-travel-service,86e0130e93c0913b,ca576eb32a2d004f,ca576eb32a2d004f,1860,200,GET,ts-travel-service
1650268165,ts-basic-service,933695c6f536677f,7c60d4471813f5b0,ca576eb32a2d004f,2309,200,GET,ts-basic-service
1650268165,ts-basic-service,db52de50b3c4f917,36ef28aa54b3fbe8,ca576eb32a2d004f,1897,200,GET,ts-basic-service
1650268165,ts-security-service,a70ca2629bc2c4cc,5299171345768c51,35b7023215057c2d,10993,200,check,ts-preserve-service
1650268165,ts-preserve-service,35b7023215057c2d,,35b7023215057c2d,16517,200,preserve,no_parent
1650268165,ts-order-service,53a4076201d6a326,f597ef531a2d0529,35b7023215057c2d,2949,200,securityInfoCheck,ts-security-service
1650268165,ts-ticketinfo-service,ff7ad7c575fe1a01,fb7c53cdc6b5a1f2,ca576eb32a2d004f,5401,200,GET,ts-ticketinfo-service
1650268165,ts-route-service,4a6fade86f97ebcc,f4d1f6b6c027f13b,ca576eb32a2d004f,1915,200,queryById,ts-travel-service
1650268165,ts-route-service,92f8a1dcb99d63f1,b242e67c6730c9d2,ca576eb32a2d004f,1439,200,queryById,ts-travel-service
1650268165,ts-order-other-service,2d290fff3caec3a9,3de86343d4faa446,35b7023215057c2d,2576,200,securityInfoCheck,ts-security-service
1650268165,ts-security-service,f597ef531a2d0529,a70ca2629bc2c4cc,35b7023215057c2d,4019,200,GET,ts-security-service
1650268165,ts-security-service,3de86343d4faa446,a70ca2629bc2c4cc,35b7023215057c2d,3585,200,GET,ts-security-service
1650268165,ts-route-service,4f2823bbb21b276b,86e0130e93c0913b,ca576eb32a2d004f,1465,200,queryById,ts-travel-service
1650268165,ts-station-service,b61e21fcb288b84b,933695c6f536677f,ca576eb32a2d004f,1564,200,queryForStationId,ts-basic-service
1650268165,ts-basic-service,7c60d4471813f5b0,ff7ad7c575fe1a01,ca576eb32a2d004f,4115,200,queryForStationId,ts-ticketinfo-service
1650268165,ts-ticketinfo-service,fb7c53cdc6b5a1f2,3dd580ef88567167,ca576eb32a2d004f,7255,200,queryForStationId,ts-travel-service
1650268165,ts-ticketinfo-service,e0ce6218223da091,242045f5d2fbcf9,ca576eb32a2d004f,3798,200,GET,ts-ticketinfo-service
1650268165,ts-ticketinfo-service,242045f5d2fbcf9,bdab99a56f5f9251,ca576eb32a2d004f,5472,200,queryForStationId,ts-travel-service
1650268165,ts-travel-service,ca576eb32a2d004f,,ca576eb32a2d004f,33505,200,queryInfo,no_parent
1650268165,ts-travel-service,22d7bb0337bf57f6,ca576eb32a2d004f,ca576eb32a2d004f,1763,200,GET,ts-travel-service
1650268165,ts-route-service,cd5fdbd24b8c4b34,e82bffea8446b54d,ca576eb32a2d004f,2053,200,queryById,ts-travel-service
1650268165,ts-route-service,6fe488a1b4df2063,22d7bb0337bf57f6,ca576eb32a2d004f,1797,200,queryById,ts-travel-service
1650268165,ts-basic-service,36ef28aa54b3fbe8,e0ce6218223da091,ca576eb32a2d004f,3495,200,queryForStationId,ts-ticketinfo-service
1650268165,ts-station-service,fefd76960672caae,db52de50b3c4f917,ca576eb32a2d004f,1448,200,queryForStationId,ts-basic-service
1650268165,ts-preserve-service,5299171345768c51,35b7023215057c2d,35b7023215057c2d,12141,200,GET,ts-preserve-service
1650268165,ts-preserve-service,2cf537836b73298c,35b7023215057c2d,35b7023215057c2d,2380,200,GET,ts-preserve-service
1650268165,ts-contacts-service,1b1ad6844e2ff608,2cf537836b73298c,35b7023215057c2d,1577,200,getContactsByContactsId,ts-preserve-service
1650268165,ts-contacts-service,75b80505e4492e29,,75b80505e4492e29,2592,200,findContactsByAccountId,no_parent
1650268165,ts-station-service,1f776afd82e943f5,1194da54e742edfa,2d89d834b8915eed,5086,200,queryForNameBatch,ts-order-service
1650268165,ts-verification-code-service,588ac5bbdb2fb03,,588ac5bbdb2fb03,1841,200,imageCode,no_parent
1650268165,ts-assurance-service,e69c3edd637bb048,,e69c3edd637bb048,1524,200,getAllAssuranceType,no_parent
1650268225,ts-verification-code-service,dc77e1dd7bc1bf2e,3245800c0f5c6aed,5d398e8a45c6ff70,1865,200,verifyCode,ts-auth-service
1650268225,ts-auth-service,3245800c0f5c6aed,5d398e8a45c6ff70,5d398e8a45c6ff70,3887,200,GET,ts-auth-service
1650268225,ts-ticketinfo-service,15705bb599caaf94,53ab48f22cca7f60,9a2b0fb212db9eb4,9169,200,queryForStationId,ts-travel-service
1650268225,ts-assurance-service,ec509d79435b35f5,,ec509d79435b35f5,1890,200,getAllAssuranceType,no_parent
1650268225,ts-basic-service,74b6c8274a12c780,74aa66e91edcb33a,9a2b0fb212db9eb4,5508,200,queryForStationId,ts-ticketinfo-service
1650268225,ts-travel-service,9a2b0fb212db9eb4,,9a2b0fb212db9eb4,42539,200,queryInfo,no_parent
1650268225,ts-travel-service,8aa22fa86f130e54,9a2b0fb212db9eb4,9a2b0fb212db9eb4,2239,200,GET,ts-travel-service
1650268225,ts-travel-service,53ab48f22cca7f60,9a2b0fb212db9eb4,9a2b0fb212db9eb4,10416,200,GET,ts-travel-service
1650268225,ts-travel-service,2abb3c825b158749,9a2b0fb212db9eb4,9a2b0fb212db9eb4,8782,200,GET,ts-travel-service
1650268225,ts-travel-service,fbc2e75c77e3a7c0,9a2b0fb212db9eb4,9a2b0fb212db9eb4,3974,200,GET,ts-travel-service
1650268225,ts-route-service,1baed23fc2b1ceb1,fbc2e75c77e3a7c0,9a2b0fb212db9eb4,2631,200,queryById,ts-travel-service
1650268225,ts-route-service,c7386e3ef672eae2,8aa22fa86f130e54,9a2b0fb212db9eb4,2113,200,queryById,ts-travel-service
1650268225,ts-route-service,e608c51f431317c2,9e5a298f279da704,9a2b0fb212db9eb4,2136,200,queryById,ts-travel-service
1650268225,ts-station-service,c7437d70fcdaa5c5,5a692080aa6ffd03,9a2b0fb212db9eb4,2319,200,queryForStationId,ts-basic-service
1650268225,ts-station-service,f6e508099c46057e,28c3f7ece59b3c2e,9a2b0fb212db9eb4,2453,200,queryForStationId,ts-basic-service
1650268225,ts-basic-service,5a692080aa6ffd03,921e9faf76b6b38,9a2b0fb212db9eb4,3401,200,GET,ts-basic-service
1650268225,ts-travel-service,9e5a298f279da704,9a2b0fb212db9eb4,9a2b0fb212db9eb4,2272,200,GET,ts-travel-service
1650268225,ts-travel-service,bcf2c017bb987b6b,9a2b0fb212db9eb4,9a2b0fb212db9eb4,2294,200,GET,ts-travel-service
1650268225,ts-auth-service,5d398e8a45c6ff70,,5d398e8a45c6ff70,112588,200,getToken,no_parent
1650268225,ts-basic-service,28c3f7ece59b3c2e,74b6c8274a12c780,9a2b0fb212db9eb4,3238,200,GET,ts-basic-service
1650268225,ts-ticketinfo-service,de6b653981892a76,2abb3c825b158749,9a2b0fb212db9eb4,8387,200,queryForStationId,ts-travel-service
1650268225,ts-security-service,7282c93c032bd972,8fef8ad73c2107fc,82194b5a464a727c,6396,200,GET,ts-security-service
1650268225,ts-contacts-service,544096a7a7fe68be,b3f7ff170ea2644d,82194b5a464a727c,2487,200,getContactsByContactsId,ts-preserve-service
1650268225,ts-preserve-service,82194b5a464a727c,,82194b5a464a727c,23740,200,preserve,no_parent
1650268225,ts-preserve-service,b3f7ff170ea2644d,82194b5a464a727c,82194b5a464a727c,3788,200,GET,ts-preserve-service
1650268225,ts-route-service,13f04060ea77c6d2,bcf2c017bb987b6b,9a2b0fb212db9eb4,2148,200,queryById,ts-travel-service
1650268225,ts-route-service,6bb4ee81ccbd3837,62143a6be5875a19,9a2b0fb212db9eb4,2240,200,queryById,ts-travel-service
1650268225,ts-ticketinfo-service,a3a59e95f2e6dd57,15705bb599caaf94,9a2b0fb212db9eb4,6850,200,GET,ts-ticketinfo-service
1650268225,ts-ticketinfo-service,74aa66e91edcb33a,de6b653981892a76,9a2b0fb212db9eb4,6201,200,GET,ts-ticketinfo-service
1650268225,ts-travel-service,62143a6be5875a19,9a2b0fb212db9eb4,9a2b0fb212db9eb4,2956,200,GET,ts-travel-service
1650268225,ts-basic-service,921e9faf76b6b38,a3a59e95f2e6dd57,9a2b0fb212db9eb4,5720,200,queryForStationId,ts-ticketinfo-service
1650268225,ts-order-service,441f99b68938a330,,441f99b68938a330,12345,200,queryOrdersForRefresh,no_parent
1650268225,ts-security-service,8fef8ad73c2107fc,4fd6478f3f8b2d9f,82194b5a464a727c,15486,200,check,ts-preserve-service
1650268225,ts-security-service,5157b0b3fce1ef50,8fef8ad73c2107fc,82194b5a464a727c,4300,200,GET,ts-security-service
1650268225,ts-station-service,901a5cb71f1e7613,d1382e188e7a88e2,441f99b68938a330,7734,200,queryForNameBatch,ts-order-service
1650268225,ts-order-service,d1382e188e7a88e2,441f99b68938a330,441f99b68938a330,9339,200,POST,ts-order-service
1650268225,ts-preserve-service,4fd6478f3f8b2d9f,82194b5a464a727c,82194b5a464a727c,17047,200,GET,ts-preserve-service
1650268225,ts-order-service,84f050d5488593fc,7282c93c032bd972,82194b5a464a727c,3754,200,securityInfoCheck,ts-security-service
1650268225,ts-order-other-service,a21507ca27361375,5157b0b3fce1ef50,82194b5a464a727c,3280,200,securityInfoCheck,ts-security-service
1650268225,ts-contacts-service,ad4b0cd64ad5ba95,,ad4b0cd64ad5ba95,2816,200,findContactsByAccountId,no_parent
1650268225,ts-verification-code-service,ff9770e36f7f041,,ff9770e36f7f041,2725,200,imageCode,no_parent
1650268285,ts-basic-service,ef5c756699ed02e0,ac23ee3ad17a1408,393841f1e4978e7a,3195,200,GET,ts-basic-service
1650268285,ts-basic-service,ac23ee3ad17a1408,2546539dc3c557a4,393841f1e4978e7a,5149,200,queryForStationId,ts-ticketinfo-service
1650268285,ts-basic-service,f4f216439acd79f6,452dad937b77dd44,393841f1e4978e7a,2823,200,GET,ts-basic-service
1650268285,ts-basic-service,452dad937b77dd44,68b19f0fd7163f69,393841f1e4978e7a,4894,200,queryForStationId,ts-ticketinfo-service
1650268285,ts-ticketinfo-service,2546539dc3c557a4,37c0a1b96305a72c,393841f1e4978e7a,6143,200,GET,ts-ticketinfo-service
1650268285,ts-ticketinfo-service,68b19f0fd7163f69,a3824672de6f6b29,393841f1e4978e7a,5660,200,GET,ts-ticketinfo-service
1650268285,ts-ticketinfo-service,37c0a1b96305a72c,c2d9ae30ebf42c6b,393841f1e4978e7a,8493,200,queryForStationId,ts-travel-service
1650268285,ts-ticketinfo-service,a3824672de6f6b29,3012c03ef922c7e8,393841f1e4978e7a,7708,200,queryForStationId,ts-travel-service
1650268285,ts-travel-service,3012c03ef922c7e8,393841f1e4978e7a,393841f1e4978e7a,8152,200,GET,ts-travel-service
1650268285,ts-travel-service,c2d9ae30ebf42c6b,393841f1e4978e7a,393841f1e4978e7a,10124,200,GET,ts-travel-service
1650268285,ts-travel-service,f76c2ecf66b8a98e,393841f1e4978e7a,393841f1e4978e7a,2278,200,GET,ts-travel-service
1650268285,ts-travel-service,ba026de343ab13ae,393841f1e4978e7a,393841f1e4978e7a,2697,200,GET,ts-travel-service
1650268285,ts-route-service,1250fa24725edbae,ba026de343ab13ae,393841f1e4978e7a,2237,200,queryById,ts-travel-service
1650268285,ts-station-service,c7a7df760b8bddbd,ef5c756699ed02e0,393841f1e4978e7a,2261,200,queryForStationId,ts-basic-service
1650268285,ts-station-service,adc4ddfc1ad046d2,f4f216439acd79f6,393841f1e4978e7a,2076,200,queryForStationId,ts-basic-service
1650268285,ts-travel-service,cbbcda2237012612,393841f1e4978e7a,393841f1e4978e7a,2307,200,GET,ts-travel-service
1650268285,ts-travel-service,393841f1e4978e7a,,393841f1e4978e7a,41369,200,queryInfo,no_parent
1650268285,ts-preserve-service,5fdcb1eb105fd77,,5fdcb1eb105fd77,23186,200,preserve,no_parent
1650268285,ts-preserve-service,6b7101cfa88a9aa5,5fdcb1eb105fd77,5fdcb1eb105fd77,15950,200,GET,ts-preserve-service
1650268285,ts-travel-service,ee29ab66a0bfd449,393841f1e4978e7a,393841f1e4978e7a,4251,200,GET,ts-travel-service
1650268285,ts-order-service,d1f6209f5b540ac4,8f0880f53ccb802d,8f0880f53ccb802d,9404,200,POST,ts-order-service
1650268285,ts-travel-service,cb77e8ae880ba055,393841f1e4978e7a,393841f1e4978e7a,2320,200,GET,ts-travel-service
1650268285,ts-station-service,94771d0e7c2213d8,d1f6209f5b540ac4,8f0880f53ccb802d,7791,200,queryForNameBatch,ts-order-service
1650268285,ts-route-service,fa22c72fc7039b93,cbbcda2237012612,393841f1e4978e7a,2135,200,queryById,ts-travel-service
1650268285,ts-route-service,93d624f911f1586f,cb77e8ae880ba055,393841f1e4978e7a,2244,200,queryById,ts-travel-service
1650268285,ts-contacts-service,9d74d6bdf262dae8,6fc455aefbba5b6,5fdcb1eb105fd77,2449,200,getContactsByContactsId,ts-preserve-service
1650268285,ts-contacts-service,de0930c23ca866b7,,de0930c23ca866b7,2834,200,findContactsByAccountId,no_parent
1650268285,ts-preserve-service,6fc455aefbba5b6,5fdcb1eb105fd77,5fdcb1eb105fd77,4221,200,GET,ts-preserve-service
1650268285,ts-route-service,8ead0e4a4ba84130,f76c2ecf66b8a98e,393841f1e4978e7a,2107,200,queryById,ts-travel-service
1650268285,ts-verification-code-service,6021a45e3e3d426b,3f93f42411ed5a8b,46beeac26f076c90,1731,200,verifyCode,ts-auth-service
1650268285,ts-security-service,46762890bfcf3075,6b7101cfa88a9aa5,5fdcb1eb105fd77,14528,200,check,ts-preserve-service
1650268285,ts-auth-service,3f93f42411ed5a8b,46beeac26f076c90,46beeac26f076c90,3436,200,GET,ts-auth-service
1650268285,ts-security-service,67ee30cddbaaebe6,46762890bfcf3075,5fdcb1eb105fd77,4526,200,GET,ts-security-service
1650268285,ts-route-service,c9fc27cda696f4fe,ee29ab66a0bfd449,393841f1e4978e7a,2900,200,queryById,ts-travel-service
1650268285,ts-order-other-service,9085528851a1e661,67ee30cddbaaebe6,5fdcb1eb105fd77,3197,200,securityInfoCheck,ts-security-service
1650268285,ts-order-service,b3e2b5be6f205db2,ee4df8d1e8a30d13,5fdcb1eb105fd77,3559,200,securityInfoCheck,ts-security-service
1650268285,ts-order-service,8f0880f53ccb802d,,8f0880f53ccb802d,12597,200,queryOrdersForRefresh,no_parent
1650268285,ts-security-service,ee4df8d1e8a30d13,46762890bfcf3075,5fdcb1eb105fd77,5050,200,GET,ts-security-service
1650268285,ts-verification-code-service,8bd314e8380ebb6f,,8bd314e8380ebb6f,2882,200,imageCode,no_parent
1650268285,ts-auth-service,46beeac26f076c90,,46beeac26f076c90,114853,200,getToken,no_parent
1650268285,ts-assurance-service,518f25f2832cee52,,518f25f2832cee52,1835,200,getAllAssuranceType,no_parent
1650268345,ts-order-other-service,4714d7dc23c0f61b,958d853f2c59bea5,f1eacc85c2ff25a8,3195,200,securityInfoCheck,ts-security-service
1650268345,ts-order-service,a9031097c3862ea8,7c574aa441e81183,f1eacc85c2ff25a8,3459,200,securityInfoCheck,ts-security-service
1650268345,ts-preserve-service,5bd2943f87f8829c,f1eacc85c2ff25a8,f1eacc85c2ff25a8,15211,200,GET,ts-preserve-service
1650268345,ts-contacts-service,c9874672e0be11d1,,c9874672e0be11d1,2928,200,findContactsByAccountId,no_parent
1650268345,ts-preserve-service,782394c390c9755e,f1eacc85c2ff25a8,f1eacc85c2ff25a8,3556,200,GET,ts-preserve-service
1650268345,ts-preserve-service,f1eacc85c2ff25a8,,f1eacc85c2ff25a8,21872,200,preserve,no_parent
1650268345,ts-security-service,7c574aa441e81183,aadb30d53791de52,f1eacc85c2ff25a8,4834,200,GET,ts-security-service
1650268345,ts-station-service,4f670c4bad0c8103,161f47754633,62499253beb3f559,8181,200,queryForNameBatch,ts-order-service
1650268345,ts-order-service,62499253beb3f559,,62499253beb3f559,13019,200,queryOrdersForRefresh,no_parent
1650268345,ts-security-service,958d853f2c59bea5,aadb30d53791de52,f1eacc85c2ff25a8,4557,200,GET,ts-security-service
1650268345,ts-order-service,161f47754633,62499253beb3f559,62499253beb3f559,9607,200,POST,ts-order-service
1650268345,ts-security-service,aadb30d53791de52,5bd2943f87f8829c,f1eacc85c2ff25a8,14013,200,check,ts-preserve-service
1650268345,ts-contacts-service,b7653f93cd365cfe,782394c390c9755e,f1eacc85c2ff25a8,2217,200,getContactsByContactsId,ts-preserve-service
1650268348,ts-verification-code-service,a2f21868c0abb799,,a2f21868c0abb799,2686,200,imageCode,no_parent
1650268358,ts-auth-service,a0773bb1168e3180,2232f106ef0eee29,2232f106ef0eee29,7027201,200,GET,ts-auth-service
1650268358,ts-auth-service,2232f106ef0eee29,,2232f106ef0eee29,10139722,200,getToken,no_parent
1650268362,ts-verification-code-service,89777d31953d2b,a0773bb1168e3180,2232f106ef0eee29,1985,200,verifyCode,ts-auth-service
1650268368,ts-ticketinfo-service,87ac7496b615d15a,666c9fc91ead3d28,e524cf2fb71db9ff,7251,200,GET,ts-ticketinfo-service
1650268368,ts-travel-service,66cbadab3e43d772,e524cf2fb71db9ff,e524cf2fb71db9ff,11908,200,GET,ts-travel-service
1650268368,ts-travel-service,863fac95cfb716f1,e524cf2fb71db9ff,e524cf2fb71db9ff,9470,200,GET,ts-travel-service
1650268368,ts-route-service,3dc341cbb91d0cff,f7737f6d6d27097d,e524cf2fb71db9ff,2237,200,queryById,ts-travel-service
1650268368,ts-route-service,6bd538db731ce0da,ac085aca4570ac35,e524cf2fb71db9ff,5635,200,queryById,ts-travel-service
1650268368,ts-station-service,ca988bca78ffd5d,fa392463adda925c,e524cf2fb71db9ff,2385,200,queryForStationId,ts-basic-service
1650268368,ts-station-service,ac5b3edb42ed6ac,42d2f3dedd314b03,e524cf2fb71db9ff,2497,200,queryForStationId,ts-basic-service
1650268368,ts-basic-service,1f1a3af980b60730,87ac7496b615d15a,e524cf2fb71db9ff,6029,200,queryForStationId,ts-ticketinfo-service
1650268368,ts-basic-service,6f2f530aa44246b0,49310c204f29b7ed,e524cf2fb71db9ff,5934,200,queryForStationId,ts-ticketinfo-service
1650268368,ts-route-service,10ae1756dde60125,79cb5dce5b488f47,e524cf2fb71db9ff,3611,200,queryById,ts-travel-service
1650268368,ts-travel-service,d28179ee31b850c6,e524cf2fb71db9ff,e524cf2fb71db9ff,2839,200,GET,ts-travel-service
1650268368,ts-travel-service,afe2bbcca39ea4dc,e524cf2fb71db9ff,e524cf2fb71db9ff,4851,200,GET,ts-travel-service
1650268368,ts-basic-service,fa392463adda925c,1f1a3af980b60730,e524cf2fb71db9ff,3504,200,GET,ts-basic-service
1650268368,ts-basic-service,42d2f3dedd314b03,6f2f530aa44246b0,e524cf2fb71db9ff,3756,200,GET,ts-basic-service
1650268368,ts-ticketinfo-service,666c9fc91ead3d28,66cbadab3e43d772,e524cf2fb71db9ff,9626,200,queryForStationId,ts-travel-service
1650268368,ts-ticketinfo-service,49310c204f29b7ed,71cf68ff8fb35174,e524cf2fb71db9ff,6660,200,GET,ts-ticketinfo-service
1650268368,ts-travel-service,ac085aca4570ac35,e524cf2fb71db9ff,e524cf2fb71db9ff,2334,200,GET,ts-travel-service
1650268368,ts-travel-service,e524cf2fb71db9ff,,e524cf2fb71db9ff,58424,200,queryInfo,no_parent
1650268368,ts-travel-service,f7737f6d6d27097d,e524cf2fb71db9ff,e524cf2fb71db9ff,2386,200,GET,ts-travel-service
1650268368,ts-route-service,f82c7381cf0c68f4,d28179ee31b850c6,e524cf2fb71db9ff,2238,200,queryById,ts-travel-service
1650268368,ts-route-service,725014c13454173b,afe2bbcca39ea4dc,e524cf2fb71db9ff,4604,200,queryById,ts-travel-service
1650268368,ts-travel-service,79cb5dce5b488f47,e524cf2fb71db9ff,e524cf2fb71db9ff,5067,200,GET,ts-travel-service
1650268368,ts-ticketinfo-service,71cf68ff8fb35174,863fac95cfb716f1,e524cf2fb71db9ff,8877,200,queryForStationId,ts-travel-service
1650268368,ts-assurance-service,6b4a74f4efa9f83a,,6b4a74f4efa9f83a,1919,200,getAllAssuranceType,no_parent
1650268428,ts-order-service,c0beda2d74bc6054,d5f411080e628d7e,d5f411080e628d7e,9317,200,POST,ts-order-service
1650268428,ts-order-service,d5f411080e628d7e,,d5f411080e628d7e,12477,200,queryOrdersForRefresh,no_parent
1650268428,ts-station-service,b9c4a78b4a0b6cb3,c0beda2d74bc6054,d5f411080e628d7e,7853,200,queryForNameBatch,ts-order-service
1650268428,ts-security-service,91d5953fe3891c11,4d928baa66672d67,5e880a766391741,4680,200,GET,ts-security-service
1650268428,ts-preserve-service,15cb32d312bbfa45,5e880a766391741,5e880a766391741,3577,200,GET,ts-preserve-service
1650268428,ts-preserve-service,5e880a766391741,,5e880a766391741,22152,200,preserve,no_parent
1650268428,ts-contacts-service,8c26e66da32ada18,15cb32d312bbfa45,5e880a766391741,2351,200,getContactsByContactsId,ts-preserve-service
1650268428,ts-security-service,c786d0251e5c440b,4d928baa66672d67,5e880a766391741,4939,200,GET,ts-security-service
1650268428,ts-order-other-service,c4620ad7f3c5edf9,91d5953fe3891c11,5e880a766391741,3279,200,securityInfoCheck,ts-security-service
1650268428,ts-order-service,cd81353c782d97f9,c786d0251e5c440b,5e880a766391741,3529,200,securityInfoCheck,ts-security-service
1650268428,ts-security-service,4d928baa66672d67,13dcb0f6897046ee,5e880a766391741,14197,200,check,ts-preserve-service
1650268428,ts-contacts-service,a1295ce127caae78,,a1295ce127caae78,2995,200,findContactsByAccountId,no_parent
1650268428,ts-preserve-service,13dcb0f6897046ee,5e880a766391741,5e880a766391741,15834,200,GET,ts-preserve-service
1650268431,ts-verification-code-service,780b4540a7511b42,,780b4540a7511b42,2889,200,imageCode,no_parent
1650268437,ts-auth-service,337caa285f6ca4ba,719658acc1c05514,719658acc1c05514,6021511,200,GET,ts-auth-service
1650268437,ts-auth-service,719658acc1c05514,,719658acc1c05514,9132077,200,getToken,no_parent
1650268440,ts-verification-code-service,f754849cde635f34,337caa285f6ca4ba,719658acc1c05514,2133,200,verifyCode,ts-auth-service
1650268446,ts-station-service,a47d2adfe1761706,aefd987257e17d26,ab8b27f87089d631,2539,200,queryForStationId,ts-basic-service
1650268446,ts-station-service,81fe418a763e1f19,329cbc795cca5e1,ab8b27f87089d631,2448,200,queryForStationId,ts-basic-service
1650268446,ts-travel-service,ab8b27f87089d631,,ab8b27f87089d631,46021,200,queryInfo,no_parent
1650268446,ts-travel-service,65887837f93b773d,ab8b27f87089d631,ab8b27f87089d631,2666,200,GET,ts-travel-service
1650268446,ts-route-service,b281ac55d24e4b1f,8e38868e0ed3a17,ab8b27f87089d631,2507,200,queryById,ts-travel-service
1650268446,ts-route-service,e4f035afd9e39885,577956e20dd16f13,ab8b27f87089d631,2986,200,queryById,ts-travel-service
1650268446,ts-assurance-service,5c195c403d4b09a8,,5c195c403d4b09a8,1892,200,getAllAssuranceType,no_parent
1650268446,ts-basic-service,aefd987257e17d26,3070665797fa3ea7,ab8b27f87089d631,4009,200,GET,ts-basic-service
1650268446,ts-travel-service,856437755a723d0e,ab8b27f87089d631,ab8b27f87089d631,2732,200,GET,ts-travel-service
1650268446,ts-travel-service,d4ab8e93fbfc53e1,ab8b27f87089d631,ab8b27f87089d631,2610,200,GET,ts-travel-service
1650268446,ts-route-service,e86d3126087c17aa,65887837f93b773d,ab8b27f87089d631,2520,200,queryById,ts-travel-service
1650268446,ts-route-service,3d71ead2146d49c4,856437755a723d0e,ab8b27f87089d631,2568,200,queryById,ts-travel-service
1650268446,ts-route-service,f9bd05f68f5469b,d4ab8e93fbfc53e1,ab8b27f87089d631,2480,200,queryById,ts-travel-service
1650268446,ts-travel-service,8e38868e0ed3a17,ab8b27f87089d631,ab8b27f87089d631,3104,200,GET,ts-travel-service
1650268446,ts-travel-service,6ed9b2a41f7aa377,ab8b27f87089d631,ab8b27f87089d631,8503,200,GET,ts-travel-service
1650268446,ts-basic-service,3070665797fa3ea7,8857bf95144b4055,ab8b27f87089d631,6391,200,queryForStationId,ts-ticketinfo-service
1650268446,ts-ticketinfo-service,8857bf95144b4055,d05e68abf2c7d816,ab8b27f87089d631,7530,200,GET,ts-ticketinfo-service
1650268446,ts-basic-service,87637532aa263357,7bd7beb2645a2e31,ab8b27f87089d631,5233,200,queryForStationId,ts-ticketinfo-service
1650268446,ts-basic-service,329cbc795cca5e1,87637532aa263357,ab8b27f87089d631,3124,200,GET,ts-basic-service
1650268446,ts-ticketinfo-service,d05e68abf2c7d816,e693f1893e7ed55e,ab8b27f87089d631,10137,200,queryForStationId,ts-travel-service
1650268446,ts-travel-service,577956e20dd16f13,ab8b27f87089d631,ab8b27f87089d631,4488,200,GET,ts-travel-service
1650268446,ts-ticketinfo-service,1ab4cbce2732be81,6ed9b2a41f7aa377,ab8b27f87089d631,7942,200,queryForStationId,ts-travel-service
1650268446,ts-travel-service,e693f1893e7ed55e,ab8b27f87089d631,ab8b27f87089d631,11769,200,GET,ts-travel-service
1650268446,ts-ticketinfo-service,7bd7beb2645a2e31,1ab4cbce2732be81,ab8b27f87089d631,5855,200,GET,ts-ticketinfo-service
1650268506,ts-preserve-service,951df167cc9f3d6b,e0246a34c2bd941d,e0246a34c2bd941d,15424,200,GET,ts-preserve-service
1650268506,ts-order-other-service,907e97e78097698c,16b404c7c9a20b,e0246a34c2bd941d,3159,200,securityInfoCheck,ts-security-service
1650268506,ts-order-service,a0d177b026f60e1e,7a729425f81c9c80,e0246a34c2bd941d,3321,200,securityInfoCheck,ts-security-service
1650268506,ts-security-service,7a729425f81c9c80,42c8f31332eb663b,e0246a34c2bd941d,4727,200,GET,ts-security-service
1650268506,ts-security-service,42c8f31332eb663b,951df167cc9f3d6b,e0246a34c2bd941d,13752,200,check,ts-preserve-service
1650268506,ts-security-service,16b404c7c9a20b,42c8f31332eb663b,e0246a34c2bd941d,4445,200,GET,ts-security-service
1650268506,ts-contacts-service,de3248abbcde157b,39015241563174ca,e0246a34c2bd941d,2236,200,getContactsByContactsId,ts-preserve-service
1650268506,ts-order-service,c54310a81338bac3,,c54310a81338bac3,12428,200,queryOrdersForRefresh,no_parent
1650268506,ts-preserve-service,e0246a34c2bd941d,,e0246a34c2bd941d,21610,200,preserve,no_parent
1650268506,ts-preserve-service,39015241563174ca,e0246a34c2bd941d,e0246a34c2bd941d,3432,200,GET,ts-preserve-service
1650268506,ts-station-service,38cdd2539e285ae9,4fb7fb6f510d646c,c54310a81338bac3,7605,200,queryForNameBatch,ts-order-service
1650268506,ts-order-service,4fb7fb6f510d646c,c54310a81338bac3,c54310a81338bac3,9200,200,POST,ts-order-service
1650268506,ts-contacts-service,52cd199b2715e4bd,,52cd199b2715e4bd,3159,200,findContactsByAccountId,no_parent
1650268509,ts-verification-code-service,5f96aa982f358981,,5f96aa982f358981,2890,200,imageCode,no_parent
1650268520,ts-auth-service,91510534a9478d58,,91510534a9478d58,13667183,200,getToken,no_parent
1650268520,ts-auth-service,10f60dce2ef3db7c,91510534a9478d58,91510534a9478d58,6277038,200,GET,ts-auth-service
1650268523,ts-verification-code-service,95672cdeabfb7c2a,10f60dce2ef3db7c,91510534a9478d58,1955,200,verifyCode,ts-auth-service
1650268533,ts-travel-service,669480d6a3264f3e,,669480d6a3264f3e,46106,200,queryInfo,no_parent
1650268533,ts-travel-service,3d338bfdbf88329f,669480d6a3264f3e,669480d6a3264f3e,11637,200,GET,ts-travel-service
1650268533,ts-route-service,e6b24feffe5bc51b,b57a9d1067f26519,669480d6a3264f3e,2439,200,queryById,ts-travel-service
1650268533,ts-ticketinfo-service,985676847371fa15,eac1be45bd3a310a,669480d6a3264f3e,8427,200,queryForStationId,ts-travel-service
1650268533,ts-ticketinfo-service,c9cdcdfabc7bbebf,832012a17445c5a0,669480d6a3264f3e,7543,200,GET,ts-ticketinfo-service
1650268533,ts-travel-service,31a026ceeceb8656,669480d6a3264f3e,669480d6a3264f3e,2894,200,GET,ts-travel-service
1650268533,ts-assurance-service,a0b1c762463d9ce2,,a0b1c762463d9ce2,1904,200,getAllAssuranceType,no_parent
1650268533,ts-travel-service,6ad1a7d93205350c,669480d6a3264f3e,669480d6a3264f3e,2640,200,GET,ts-travel-service
1650268533,ts-travel-service,3d6513d64e18e6f6,669480d6a3264f3e,669480d6a3264f3e,4470,200,GET,ts-travel-service
1650268533,ts-basic-service,b9002635537e66eb,32e4bf94a7133f39,669480d6a3264f3e,5528,200,queryForStationId,ts-ticketinfo-service
1650268533,ts-ticketinfo-service,32e4bf94a7133f39,985676847371fa15,669480d6a3264f3e,6259,200,GET,ts-ticketinfo-service
1650268533,ts-basic-service,c9cb5e1dd807475d,c9cdcdfabc7bbebf,669480d6a3264f3e,6302,200,queryForStationId,ts-ticketinfo-service
1650268533,ts-basic-service,336752415a6edbe8,c9cb5e1dd807475d,669480d6a3264f3e,3774,200,GET,ts-basic-service
1650268533,ts-basic-service,6d3b085b6b5cd0b7,b9002635537e66eb,669480d6a3264f3e,3265,200,GET,ts-basic-service
1650268533,ts-travel-service,f23508aa930c1c18,669480d6a3264f3e,669480d6a3264f3e,2641,200,GET,ts-travel-service
1650268533,ts-travel-service,eac1be45bd3a310a,669480d6a3264f3e,669480d6a3264f3e,8863,200,GET,ts-travel-service
1650268533,ts-route-service,c6324a8f935fff68,f23508aa930c1c18,669480d6a3264f3e,2499,200,queryById,ts-travel-service
1650268533,ts-route-service,df8fc46a2391e5c8,31a026ceeceb8656,669480d6a3264f3e,2460,200,queryById,ts-travel-service
1650268533,ts-route-service,3166343a6409dbbf,6ad1a7d93205350c,669480d6a3264f3e,2509,200,queryById,ts-travel-service
1650268533,ts-station-service,5a6445df0162a3f7,6d3b085b6b5cd0b7,669480d6a3264f3e,2478,200,queryForStationId,ts-basic-service
1650268533,ts-station-service,fbe266d437dec5f5,336752415a6edbe8,669480d6a3264f3e,2540,200,queryForStationId,ts-basic-service
1650268533,ts-travel-service,b57a9d1067f26519,669480d6a3264f3e,669480d6a3264f3e,2582,200,GET,ts-travel-service
1650268533,ts-route-service,b904a9d0cf06ed82,3d6513d64e18e6f6,669480d6a3264f3e,3046,200,queryById,ts-travel-service
1650268533,ts-ticketinfo-service,832012a17445c5a0,3d338bfdbf88329f,669480d6a3264f3e,9885,200,queryForStationId,ts-travel-service
1650268594,ts-security-service,197f2e4d89c71c72,5a75639257d6b041,7f6635e687a24394,4822,200,GET,ts-security-service
1650268594,ts-security-service,d6b446cf72eaa15,5a75639257d6b041,7f6635e687a24394,4961,200,GET,ts-security-service
1650268594,ts-order-other-service,87c691fce2ce0c30,197f2e4d89c71c72,7f6635e687a24394,3354,200,securityInfoCheck,ts-security-service
1650268594,ts-security-service,5a75639257d6b041,7ba84777976f6128,7f6635e687a24394,14239,200,check,ts-preserve-service
1650268594,ts-preserve-service,3331354341833392,7f6635e687a24394,7f6635e687a24394,3553,200,GET,ts-preserve-service
1650268594,ts-preserve-service,7ba84777976f6128,7f6635e687a24394,7f6635e687a24394,15669,200,GET,ts-preserve-service
1650268594,ts-order-service,6012cf3d0b5e0e3b,d6b446cf72eaa15,7f6635e687a24394,3515,200,securityInfoCheck,ts-security-service
1650268594,ts-order-service,c42e4a9666eddb61,bf2630ff6c1f78ab,bf2630ff6c1f78ab,9580,200,POST,ts-order-service
1650268594,ts-order-service,bf2630ff6c1f78ab,,bf2630ff6c1f78ab,12603,200,queryOrdersForRefresh,no_parent
1650268594,ts-preserve-service,7f6635e687a24394,,7f6635e687a24394,22012,200,preserve,no_parent
1650268594,ts-contacts-service,80bf60723e515485,3331354341833392,7f6635e687a24394,2308,200,getContactsByContactsId,ts-preserve-service
1650268594,ts-station-service,9166d006fc6e8ff5,c42e4a9666eddb61,bf2630ff6c1f78ab,8018,200,queryForNameBatch,ts-order-service
1650268594,ts-contacts-service,fa443660e02141c0,,fa443660e02141c0,3111,200,findContactsByAccountId,no_parent
1650268600,ts-verification-code-service,de1349efb5f6e8e3,,de1349efb5f6e8e3,1724,200,imageCode,no_parent
1650268613,ts-auth-service,dc7b61347f2f27f9,,dc7b61347f2f27f9,16741485,200,getToken,no_parent
1650268613,ts-auth-service,6fe9669bf68510ca,dc7b61347f2f27f9,dc7b61347f2f27f9,10298669,200,GET,ts-auth-service
1650268616,ts-verification-code-service,cf41b961aba3ea01,6fe9669bf68510ca,dc7b61347f2f27f9,2141,200,verifyCode,ts-auth-service
1650268630,ts-travel-service,781d1cdd818bf7b3,2b46117fe806b5d4,2b46117fe806b5d4,2619,200,GET,ts-travel-service
1650268630,ts-travel-service,e6f1f081332e0e9a,2b46117fe806b5d4,2b46117fe806b5d4,2493,200,GET,ts-travel-service
1650268630,ts-travel-service,40de5526d9a465fa,2b46117fe806b5d4,2b46117fe806b5d4,2708,200,GET,ts-travel-service
1650268630,ts-route-service,e02deaa95760717b,2945f600850a7fe2,2b46117fe806b5d4,14286,200,queryById,ts-travel-service
1650268630,ts-travel-service,9e9dfba83d6bc44f,2b46117fe806b5d4,2b46117fe806b5d4,11451,200,GET,ts-travel-service
1650268630,ts-route-service,23cf49333dd0c58f,5b78d520461f492e,2b46117fe806b5d4,2424,200,queryById,ts-travel-service
1650268630,ts-route-service,b05e786f81711fcd,781d1cdd818bf7b3,2b46117fe806b5d4,2463,200,queryById,ts-travel-service
1650268630,ts-route-service,d765ff5d4c2a7e72,e6f1f081332e0e9a,2b46117fe806b5d4,2377,200,queryById,ts-travel-service
1650268630,ts-travel-service,c4d3b2de22706f61,2b46117fe806b5d4,2b46117fe806b5d4,8850,200,GET,ts-travel-service
1650268630,ts-route-service,f068ffb1476e4af4,40de5526d9a465fa,2b46117fe806b5d4,2504,200,queryById,ts-travel-service
1650268630,ts-travel-service,5b78d520461f492e,2b46117fe806b5d4,2b46117fe806b5d4,2559,200,GET,ts-travel-service
1650268630,ts-ticketinfo-service,b4f689b69e7bfa90,73796ffc1832e165,2b46117fe806b5d4,6227,200,GET,ts-ticketinfo-service
1650268630,ts-basic-service,e0fb86325177faa8,3c641e730dc3019c,2b46117fe806b5d4,3309,200,GET,ts-basic-service
1650268630,ts-ticketinfo-service,73796ffc1832e165,c4d3b2de22706f61,2b46117fe806b5d4,8347,200,queryForStationId,ts-travel-service
1650268630,ts-travel-service,2b46117fe806b5d4,,2b46117fe806b5d4,56574,200,queryInfo,no_parent
1650268630,ts-station-service,86a3b86bb7c92a9c,88610a08c44d350e,2b46117fe806b5d4,2516,200,queryForStationId,ts-basic-service
1650268630,ts-station-service,4f47973a08e3f7c3,e0fb86325177faa8,2b46117fe806b5d4,2354,200,queryForStationId,ts-basic-service
1650268630,ts-basic-service,3c641e730dc3019c,b4f689b69e7bfa90,2b46117fe806b5d4,5417,200,queryForStationId,ts-ticketinfo-service
1650268630,ts-basic-service,c536a612bf51ce84,6f27236ff51acbac,2b46117fe806b5d4,6238,200,queryForStationId,ts-ticketinfo-service
1650268630,ts-ticketinfo-service,5032cd6a15071dfc,9e9dfba83d6bc44f,2b46117fe806b5d4,9986,200,queryForStationId,ts-travel-service
1650268630,ts-ticketinfo-service,6f27236ff51acbac,5032cd6a15071dfc,2b46117fe806b5d4,7352,200,GET,ts-ticketinfo-service
1650268630,ts-basic-service,88610a08c44d350e,c536a612bf51ce84,2b46117fe806b5d4,3654,200,GET,ts-basic-service
1650268630,ts-travel-service,2945f600850a7fe2,2b46117fe806b5d4,2b46117fe806b5d4,15717,200,GET,ts-travel-service
1650268630,ts-assurance-service,efa7874f369730aa,,efa7874f369730aa,1865,200,getAllAssuranceType,no_parent
1650268691,ts-contacts-service,606942aa21e444c8,86e29e8fd708307e,1e1ed070a6fa023f,2381,200,getContactsByContactsId,ts-preserve-service
1650268691,ts-preserve-service,5f246fe8b16cda0a,1e1ed070a6fa023f,1e1ed070a6fa023f,16976,200,GET,ts-preserve-service
1650268691,ts-preserve-service,86e29e8fd708307e,1e1ed070a6fa023f,1e1ed070a6fa023f,3706,200,GET,ts-preserve-service
1650268691,ts-security-service,d9022ed71c82f190,96712acdbcf490de,1e1ed070a6fa023f,6044,200,GET,ts-security-service
1650268691,ts-order-other-service,ae69e564758acf13,5b5b2496b52d7ef4,1e1ed070a6fa023f,3267,200,securityInfoCheck,ts-security-service
1650268691,ts-order-service,b924aed29d8131ec,d9022ed71c82f190,1e1ed070a6fa023f,4588,200,securityInfoCheck,ts-security-service
1650268691,ts-preserve-service,1e1ed070a6fa023f,,1e1ed070a6fa023f,23490,200,preserve,no_parent
1650268691,ts-security-service,5b5b2496b52d7ef4,96712acdbcf490de,1e1ed070a6fa023f,4785,200,GET,ts-security-service
1650268691,ts-order-service,893fb4f7d563ec75,,893fb4f7d563ec75,12446,200,queryOrdersForRefresh,no_parent
1650268691,ts-security-service,96712acdbcf490de,5f246fe8b16cda0a,1e1ed070a6fa023f,15374,200,check,ts-preserve-service
1650268691,ts-station-service,e867993ff414895,a717b79b7625d2f5,893fb4f7d563ec75,7834,200,queryForNameBatch,ts-order-service
1650268691,ts-order-service,a717b79b7625d2f5,893fb4f7d563ec75,893fb4f7d563ec75,9377,200,POST,ts-order-service
1650268691,ts-contacts-service,9ee4e1ebf7e6d116,,9ee4e1ebf7e6d116,2849,200,findContactsByAccountId,no_parent
1650268695,ts-verification-code-service,2f2dcde460c095c3,,2f2dcde460c095c3,2884,200,imageCode,no_parent
1650268701,ts-auth-service,886f6298e88ebadc,d3dc8b526c3c4f5,d3dc8b526c3c4f5,11315946,200,GET,ts-auth-service
1650268701,ts-auth-service,d3dc8b526c3c4f5,,d3dc8b526c3c4f5,13604241,200,getToken,no_parent
1650268705,ts-verification-code-service,86d8d12e4be34504,886f6298e88ebadc,d3dc8b526c3c4f5,2296,200,verifyCode,ts-auth-service
1650268715,ts-route-service,ffc482a3948bf67,2e7924f50bb5c786,63905c53ef6c9e06,2928,200,queryById,ts-travel-service
1650268715,ts-station-service,5e3f4acbb7cd84c3,42bb9d40bd83dea1,63905c53ef6c9e06,1906,200,queryForStationId,ts-basic-service
1650268715,ts-basic-service,b47cc734c617e5c5,fa8eae975920159c,63905c53ef6c9e06,6232,200,queryForStationId,ts-ticketinfo-service
1650268715,ts-basic-service,42bb9d40bd83dea1,b4cfcdaab388d67e,63905c53ef6c9e06,2678,200,GET,ts-basic-service
1650268715,ts-travel-service,b32f0b9540dbc9b7,63905c53ef6c9e06,63905c53ef6c9e06,7823,200,GET,ts-travel-service
1650268715,ts-travel-service,69004e00f9228d8f,63905c53ef6c9e06,63905c53ef6c9e06,2984,200,GET,ts-travel-service
1650268715,ts-travel-service,8e04776b5f986dc6,63905c53ef6c9e06,63905c53ef6c9e06,2645,200,GET,ts-travel-service
1650268715,ts-route-service,5776428df8d7e9a,69004e00f9228d8f,63905c53ef6c9e06,2448,200,queryById,ts-travel-service
1650268715,ts-station-service,cf88dd5cd9f09308,7fce457c639a61bd,63905c53ef6c9e06,2547,200,queryForStationId,ts-basic-service
1650268715,ts-travel-service,c3fb8aa750f2775f,63905c53ef6c9e06,63905c53ef6c9e06,2633,200,GET,ts-travel-service
1650268715,ts-basic-service,7fce457c639a61bd,b47cc734c617e5c5,63905c53ef6c9e06,3701,200,GET,ts-basic-service
1650268715,ts-basic-service,b4cfcdaab388d67e,f1988a679c2829ea,63905c53ef6c9e06,4605,200,queryForStationId,ts-ticketinfo-service
1650268715,ts-ticketinfo-service,f1988a679c2829ea,de411c46089afedd,63905c53ef6c9e06,5290,200,GET,ts-ticketinfo-service
1650268715,ts-travel-service,9b9dd641e6dee32e,63905c53ef6c9e06,63905c53ef6c9e06,11261,200,GET,ts-travel-service
1650268715,ts-travel-service,2e7924f50bb5c786,63905c53ef6c9e06,63905c53ef6c9e06,4263,200,GET,ts-travel-service
1650268715,ts-route-service,324a6680b935fd59,c3fb8aa750f2775f,63905c53ef6c9e06,2567,200,queryById,ts-travel-service
1650268715,ts-route-service,6ebf8c2c4db686ac,4842a2b20aa8e7cb,63905c53ef6c9e06,2491,200,queryById,ts-travel-service
1650268715,ts-travel-service,63905c53ef6c9e06,,63905c53ef6c9e06,44883,200,queryInfo,no_parent
1650268715,ts-travel-service,4842a2b20aa8e7cb,63905c53ef6c9e06,63905c53ef6c9e06,2670,200,GET,ts-travel-service
1650268715,ts-assurance-service,b156ed3e6ca34782,,b156ed3e6ca34782,1893,200,getAllAssuranceType,no_parent
1650268715,ts-ticketinfo-service,9a5c8349a8acbd97,9b9dd641e6dee32e,63905c53ef6c9e06,9657,200,queryForStationId,ts-travel-service
1650268715,ts-ticketinfo-service,fa8eae975920159c,9a5c8349a8acbd97,63905c53ef6c9e06,7290,200,GET,ts-ticketinfo-service
1650268715,ts-ticketinfo-service,de411c46089afedd,b32f0b9540dbc9b7,63905c53ef6c9e06,7388,200,queryForStationId,ts-travel-service
1650268715,ts-route-service,5069cf355359f036,8e04776b5f986dc6,63905c53ef6c9e06,2486,200,queryById,ts-travel-service
1650268775,ts-order-other-service,e1d9d2dd7f392b5d,7b521e22a3239782,76e1384a2551af90,3208,200,securityInfoCheck,ts-security-service
1650268775,ts-security-service,8878ae56e11a7f91,19c612d6548dffea,76e1384a2551af90,4672,200,GET,ts-security-service
1650268775,ts-contacts-service,f5f163d27692a289,,f5f163d27692a289,3021,200,findContactsByAccountId,no_parent
1650268775,ts-preserve-service,76e1384a2551af90,,76e1384a2551af90,22248,200,preserve,no_parent
1650268775,ts-security-service,19c612d6548dffea,4e65e24a8d3353c2,76e1384a2551af90,13934,200,check,ts-preserve-service
1650268775,ts-security-service,7b521e22a3239782,19c612d6548dffea,76e1384a2551af90,4688,200,GET,ts-security-service
1650268775,ts-order-service,fd4c96b62ca4e7db,8878ae56e11a7f91,76e1384a2551af90,3261,200,securityInfoCheck,ts-security-service
1650268775,ts-contacts-service,2dec641d1b768370,67d231a3806d4f55,76e1384a2551af90,2529,200,getContactsByContactsId,ts-preserve-service
1650268775,ts-order-service,ea36502efd32a150,,ea36502efd32a150,12654,200,queryOrdersForRefresh,no_parent
1650268775,ts-order-service,8f0a845b9d7ef799,ea36502efd32a150,ea36502efd32a150,9339,200,POST,ts-order-service
1650268775,ts-station-service,30ada0182156757b,8f0a845b9d7ef799,ea36502efd32a150,7720,200,queryForNameBatch,ts-order-service
1650268775,ts-preserve-service,67d231a3806d4f55,76e1384a2551af90,76e1384a2551af90,3824,200,GET,ts-preserve-service
1650268775,ts-preserve-service,4e65e24a8d3353c2,76e1384a2551af90,76e1384a2551af90,15431,200,GET,ts-preserve-service
1650268778,ts-verification-code-service,ad6d3e74c0b8dfe8,,ad6d3e74c0b8dfe8,2617,200,imageCode,no_parent
1650268788,ts-auth-service,d940e9d5576947a1,,d940e9d5576947a1,9135948,200,getToken,no_parent
1650268788,ts-auth-service,28222a6cf376cff6,d940e9d5576947a1,d940e9d5576947a1,6020258,200,GET,ts-auth-service
1650268791,ts-verification-code-service,eded390ff8c65390,28222a6cf376cff6,d940e9d5576947a1,2018,200,verifyCode,ts-auth-service
1650268797,ts-travel-service,8e95736271a5e1dc,b40da13a7571a35a,b40da13a7571a35a,2567,200,GET,ts-travel-service
1650268797,ts-ticketinfo-service,89bcd2b076c9878f,abc2df432f453d68,b40da13a7571a35a,5701,200,GET,ts-ticketinfo-service
1650268797,ts-travel-service,68d35bced71deca3,b40da13a7571a35a,b40da13a7571a35a,2573,200,GET,ts-travel-service
1650268797,ts-travel-service,6b40065fc03062ef,b40da13a7571a35a,b40da13a7571a35a,4305,200,GET,ts-travel-service
1650268797,ts-travel-service,e851a55e6e8397d5,b40da13a7571a35a,b40da13a7571a35a,16926,200,GET,ts-travel-service
1650268797,ts-basic-service,214bb7dbde73a498,7ec102266a251f62,b40da13a7571a35a,2897,200,GET,ts-basic-service
1650268797,ts-basic-service,2939ac31ddb4744,ebcc160e667c4a33,b40da13a7571a35a,9130,200,GET,ts-basic-service
1650268797,ts-station-service,75c6e127a02c5d13,214bb7dbde73a498,b40da13a7571a35a,2285,200,queryForStationId,ts-basic-service
1650268797,ts-station-service,a8a802711758b478,2939ac31ddb4744,b40da13a7571a35a,8165,200,queryForStationId,ts-basic-service
1650268797,ts-route-service,24d2fd2fde33967e,8e95736271a5e1dc,b40da13a7571a35a,2412,200,queryById,ts-travel-service
1650268797,ts-travel-service,b40da13a7571a35a,,b40da13a7571a35a,50475,200,queryInfo,no_parent
1650268797,ts-route-service,e5bb81b8fc3ecc9a,6b40065fc03062ef,b40da13a7571a35a,3018,200,queryById,ts-travel-service
1650268797,ts-route-service,aa5550ecb7686c4b,409c7eb2a252ede4,b40da13a7571a35a,2414,200,queryById,ts-travel-service
1650268797,ts-travel-service,409c7eb2a252ede4,b40da13a7571a35a,b40da13a7571a35a,2607,200,GET,ts-travel-service
1650268797,ts-route-service,b9e5135816a9ac87,ef068df065ebd18c,b40da13a7571a35a,2488,200,queryById,ts-travel-service
1650268797,ts-ticketinfo-service,8031e70fbe7250ff,6fc3a07c9aa60601,b40da13a7571a35a,12551,200,GET,ts-ticketinfo-service
1650268797,ts-ticketinfo-service,abc2df432f453d68,e5a4421fc25cd4dc,b40da13a7571a35a,7824,200,queryForStationId,ts-travel-service
1650268797,ts-ticketinfo-service,6fc3a07c9aa60601,e851a55e6e8397d5,b40da13a7571a35a,15232,200,queryForStationId,ts-travel-service
1650268797,ts-travel-service,e5a4421fc25cd4dc,b40da13a7571a35a,b40da13a7571a35a,8399,200,GET,ts-travel-service
1650268797,ts-travel-service,ef068df065ebd18c,b40da13a7571a35a,b40da13a7571a35a,2961,200,GET,ts-travel-service
1650268797,ts-basic-service,7ec102266a251f62,89bcd2b076c9878f,b40da13a7571a35a,4983,200,queryForStationId,ts-ticketinfo-service
1650268797,ts-route-service,221cc4d4725e97a9,68d35bced71deca3,b40da13a7571a35a,2430,200,queryById,ts-travel-service
1650268797,ts-basic-service,ebcc160e667c4a33,8031e70fbe7250ff,b40da13a7571a35a,11436,200,queryForStationId,ts-ticketinfo-service
1650268797,ts-assurance-service,e594844aec0520fa,,e594844aec0520fa,1872,200,getAllAssuranceType,no_parent
1650268857,ts-order-service,fdbeb5bf7b723052,8efcd953320abb30,240f61bbec6e29aa,3538,200,securityInfoCheck,ts-security-service
1650268857,ts-preserve-service,4399f6bcd11f4282,240f61bbec6e29aa,240f61bbec6e29aa,14776,200,GET,ts-preserve-service
1650268857,ts-order-service,f6c86a07a0f26ebf,ea93460e6ffb58a5,ea93460e6ffb58a5,7910,200,POST,ts-order-service
1650268857,ts-order-service,ea93460e6ffb58a5,,ea93460e6ffb58a5,10801,200,queryOrdersForRefresh,no_parent
1650268857,ts-security-service,e33cac683dc7962,9a58f3628c45d16e,240f61bbec6e29aa,4370,200,GET,ts-security-service
1650268857,ts-security-service,9a58f3628c45d16e,4399f6bcd11f4282,240f61bbec6e29aa,13246,200,check,ts-preserve-service
1650268857,ts-preserve-service,d0141447d3e4accf,240f61bbec6e29aa,240f61bbec6e29aa,3441,200,GET,ts-preserve-service
1650268857,ts-preserve-service,240f61bbec6e29aa,,240f61bbec6e29aa,20959,200,preserve,no_parent
1650268857,ts-order-other-service,5905735a8039d533,e33cac683dc7962,240f61bbec6e29aa,2938,200,securityInfoCheck,ts-security-service
1650268857,ts-station-service,f3fdd88e4672d113,f6c86a07a0f26ebf,ea93460e6ffb58a5,6218,200,queryForNameBatch,ts-order-service
1650268857,ts-security-service,8efcd953320abb30,9a58f3628c45d16e,240f61bbec6e29aa,4932,200,GET,ts-security-service
1650268857,ts-contacts-service,a2d8458049103026,d0141447d3e4accf,240f61bbec6e29aa,2241,200,getContactsByContactsId,ts-preserve-service
1650268857,ts-contacts-service,e7e8bffa31b61632,,e7e8bffa31b61632,3001,200,findContactsByAccountId,no_parent
1650268861,ts-verification-code-service,53842345b9838812,,53842345b9838812,2900,200,imageCode,no_parent
1650268875,ts-auth-service,2c95bcbf9530f50b,ca329084ac2779c0,ca329084ac2779c0,10297068,200,GET,ts-auth-service
1650268875,ts-auth-service,ca329084ac2779c0,,ca329084ac2779c0,12455867,200,getToken,no_parent
1650268878,ts-verification-code-service,5e4d1998427d7518,2c95bcbf9530f50b,ca329084ac2779c0,2183,200,verifyCode,ts-auth-service
1650268887,ts-station-service,e74542b2396de6a5,f77e0d570f7f685c,7ee0696a2c19b713,2477,200,queryForStationId,ts-basic-service
1650268887,ts-basic-service,85582700cb9e8ac6,fd5de79b7224843d,7ee0696a2c19b713,5392,200,queryForStationId,ts-ticketinfo-service
1650268887,ts-basic-service,4206a3a424213261,b3c8872d6778b674,7ee0696a2c19b713,6267,200,queryForStationId,ts-ticketinfo-service
1650268887,ts-basic-service,f77e0d570f7f685c,85582700cb9e8ac6,7ee0696a2c19b713,3263,200,GET,ts-basic-service
1650268887,ts-basic-service,80476c11b62e9428,4206a3a424213261,7ee0696a2c19b713,3684,200,GET,ts-basic-service
1650268887,ts-ticketinfo-service,b3c8872d6778b674,977901c6d8d2a286,7ee0696a2c19b713,7356,200,GET,ts-ticketinfo-service
1650268887,ts-ticketinfo-service,fd5de79b7224843d,ae5d9e0023ec200a,7ee0696a2c19b713,6060,200,GET,ts-ticketinfo-service
1650268887,ts-station-service,8599fee7cd446cf9,80476c11b62e9428,7ee0696a2c19b713,2541,200,queryForStationId,ts-basic-service
1650268887,ts-route-service,b0b721c171dd258f,f8df32e3a724258d,7ee0696a2c19b713,2970,200,queryById,ts-travel-service
1650268887,ts-route-service,cd03c6df36a31138,97db8823c49befed,7ee0696a2c19b713,2522,200,queryById,ts-travel-service
1650268887,ts-route-service,ebeb03b1186f4af9,b590c1efe142e5be,7ee0696a2c19b713,2461,200,queryById,ts-travel-service
1650268887,ts-route-service,547d432833e0f811,4a6b4cb56a764707,7ee0696a2c19b713,2443,200,queryById,ts-travel-service
1650268887,ts-route-service,d493dcd244d8feb1,faf2bb682a0def4f,7ee0696a2c19b713,2489,200,queryById,ts-travel-service
1650268887,ts-travel-service,b590c1efe142e5be,7ee0696a2c19b713,7ee0696a2c19b713,2615,200,GET,ts-travel-service
1650268887,ts-travel-service,f8df32e3a724258d,7ee0696a2c19b713,7ee0696a2c19b713,4375,200,GET,ts-travel-service
1650268887,ts-travel-service,4a6b4cb56a764707,7ee0696a2c19b713,7ee0696a2c19b713,2557,200,GET,ts-travel-service
1650268887,ts-travel-service,f0c2fb4c9511a623,7ee0696a2c19b713,7ee0696a2c19b713,11771,200,GET,ts-travel-service
1650268887,ts-travel-service,faf2bb682a0def4f,7ee0696a2c19b713,7ee0696a2c19b713,2593,200,GET,ts-travel-service
1650268887,ts-travel-service,7ee0696a2c19b713,,7ee0696a2c19b713,46471,200,queryInfo,no_parent
1650268887,ts-travel-service,9205e3bca4f8bfb3,7ee0696a2c19b713,7ee0696a2c19b713,8764,200,GET,ts-travel-service
1650268887,ts-travel-service,97db8823c49befed,7ee0696a2c19b713,7ee0696a2c19b713,2959,200,GET,ts-travel-service
1650268887,ts-ticketinfo-service,ae5d9e0023ec200a,9205e3bca4f8bfb3,7ee0696a2c19b713,8209,200,queryForStationId,ts-travel-service
1650268887,ts-ticketinfo-service,977901c6d8d2a286,f0c2fb4c9511a623,7ee0696a2c19b713,9963,200,queryForStationId,ts-travel-service
1650268887,ts-assurance-service,fcc47b3d21457e3f,,fcc47b3d21457e3f,1936,200,getAllAssuranceType,no_parent
1650268947,ts-station-service,71024fe6eb14a2d5,26b6afbeafc141dc,734fc4233b0333a9,2340,200,queryForStationId,ts-basic-service
1650268947,ts-station-service,e6480962997de20a,25f14eb3d1ee8a6a,734fc4233b0333a9,2107,200,queryForStationId,ts-basic-service
1650268947,ts-basic-service,241ae22e33a15bc6,4c8f7d4e9ced8176,734fc4233b0333a9,5928,200,queryForStationId,ts-ticketinfo-service
1650268947,ts-basic-service,1dc18130d0b7939a,6b5ae98a2c773859,734fc4233b0333a9,5223,200,queryForStationId,ts-ticketinfo-service
1650268947,ts-travel-service,54f4814a3a54557f,734fc4233b0333a9,734fc4233b0333a9,8566,200,GET,ts-travel-service
1650268947,ts-basic-service,25f14eb3d1ee8a6a,1dc18130d0b7939a,734fc4233b0333a9,2881,200,GET,ts-basic-service
1650268947,ts-route-service,82fa43fc7ff315a6,446724c33d3faae4,734fc4233b0333a9,2215,200,queryById,ts-travel-service
1650268947,ts-verification-code-service,db4abea096014845,ec1689c627ba9340,ca5fd8206be59f75,1704,200,verifyCode,ts-auth-service
1650268947,ts-verification-code-service,ecc2206268c2c3ce,,ecc2206268c2c3ce,2657,200,imageCode,no_parent
1650268947,ts-auth-service,ec1689c627ba9340,ca5fd8206be59f75,ca5fd8206be59f75,3428,200,GET,ts-auth-service
1650268947,ts-auth-service,ca5fd8206be59f75,,ca5fd8206be59f75,111800,200,getToken,no_parent
1650268947,ts-travel-service,734fc4233b0333a9,,734fc4233b0333a9,45109,200,queryInfo,no_parent
1650268947,ts-ticketinfo-service,4c8f7d4e9ced8176,d021878f938c6a94,734fc4233b0333a9,7105,200,GET,ts-ticketinfo-service
1650268947,ts-travel-service,7aaf6ce75b43629,734fc4233b0333a9,734fc4233b0333a9,11219,200,GET,ts-travel-service
1650268947,ts-travel-service,6a64f2d2a6d6f09,734fc4233b0333a9,734fc4233b0333a9,4314,200,GET,ts-travel-service
1650268947,ts-ticketinfo-service,6b5ae98a2c773859,f866c94c01ad1ae4,734fc4233b0333a9,5700,200,GET,ts-ticketinfo-service
1650268947,ts-security-service,c0b5fbca96d49b12,3743d1b46dbdd037,53f42ab1dc129c1f,4496,200,GET,ts-security-service
1650268947,ts-ticketinfo-service,d021878f938c6a94,7aaf6ce75b43629,734fc4233b0333a9,9808,200,queryForStationId,ts-travel-service
1650268947,ts-ticketinfo-service,f866c94c01ad1ae4,54f4814a3a54557f,734fc4233b0333a9,8061,200,queryForStationId,ts-travel-service
1650268947,ts-route-service,27f32bb4358aca0a,b0a573dc4201a7da,734fc4233b0333a9,2270,200,queryById,ts-travel-service
1650268947,ts-route-service,d8511bd27228f7cf,c5e3cef6cf6cc309,734fc4233b0333a9,2301,200,queryById,ts-travel-service
1650268947,ts-station-service,9cc46452203a4f04,ff2294d091448461,6a6512e4633da315,7754,200,queryForNameBatch,ts-order-service
1650268947,ts-contacts-service,99fca4f479b5df01,9e0f4c8f40dbd436,53f42ab1dc129c1f,2441,200,getContactsByContactsId,ts-preserve-service
1650268947,ts-security-service,3743d1b46dbdd037,4c6e6d5693cabbf7,53f42ab1dc129c1f,13934,200,check,ts-preserve-service
1650268947,ts-preserve-service,4c6e6d5693cabbf7,53f42ab1dc129c1f,53f42ab1dc129c1f,15572,200,GET,ts-preserve-service
1650268947,ts-preserve-service,9e0f4c8f40dbd436,53f42ab1dc129c1f,53f42ab1dc129c1f,3647,200,GET,ts-preserve-service
1650268947,ts-security-service,e25e10fedca2732c,3743d1b46dbdd037,53f42ab1dc129c1f,4848,200,GET,ts-security-service
1650268947,ts-preserve-service,53f42ab1dc129c1f,,53f42ab1dc129c1f,22145,200,preserve,no_parent
1650268947,ts-route-service,404d75c0bef38c59,4f6119a8f7ceda8a,734fc4233b0333a9,2440,200,queryById,ts-travel-service
1650268947,ts-route-service,b5679f15c7460517,6a64f2d2a6d6f09,734fc4233b0333a9,2928,200,queryById,ts-travel-service
1650268947,ts-order-service,f2e8cc36450bd5c,e25e10fedca2732c,53f42ab1dc129c1f,3494,200,securityInfoCheck,ts-security-service
1650268947,ts-order-other-service,325342ecb508f956,c0b5fbca96d49b12,53f42ab1dc129c1f,3263,200,securityInfoCheck,ts-security-service
1650268947,ts-travel-service,c5e3cef6cf6cc309,734fc4233b0333a9,734fc4233b0333a9,2866,200,GET,ts-travel-service
1650268947,ts-basic-service,26b6afbeafc141dc,241ae22e33a15bc6,734fc4233b0333a9,3396,200,GET,ts-basic-service
1650268947,ts-order-service,ff2294d091448461,6a6512e4633da315,6a6512e4633da315,9391,200,POST,ts-order-service
1650268947,ts-order-service,6a6512e4633da315,,6a6512e4633da315,12513,200,queryOrdersForRefresh,no_parent
1650268947,ts-travel-service,446724c33d3faae4,734fc4233b0333a9,734fc4233b0333a9,2380,200,GET,ts-travel-service
1650268947,ts-travel-service,4f6119a8f7ceda8a,734fc4233b0333a9,734fc4233b0333a9,2589,200,GET,ts-travel-service
1650268947,ts-travel-service,b0a573dc4201a7da,734fc4233b0333a9,734fc4233b0333a9,2443,200,GET,ts-travel-service
1650268947,ts-contacts-service,afa3530495f1ac6a,,afa3530495f1ac6a,3113,200,findContactsByAccountId,no_parent
1650268947,ts-assurance-service,f6b1409a489b9fc3,,f6b1409a489b9fc3,1875,200,getAllAssuranceType,no_parent
1650269007,ts-preserve-service,49e9364f0f6252d3,d8e7592568af8cb8,d8e7592568af8cb8,3346,200,GET,ts-preserve-service
1650269007,ts-verification-code-service,42fccbfd96114495,,42fccbfd96114495,2740,200,imageCode,no_parent
1650269007,ts-preserve-service,d8e7592568af8cb8,,d8e7592568af8cb8,29749,200,preserve,no_parent
1650269007,ts-order-service,611af7e07db6e695,595578524b835ff5,d8e7592568af8cb8,10429,200,securityInfoCheck,ts-security-service
1650269007,ts-order-service,e0cb0e2e0086d1e6,8489b927fea6b2d5,8489b927fea6b2d5,8899,200,POST,ts-order-service
1650269007,ts-contacts-service,fa5a00d5474516ec,49e9364f0f6252d3,d8e7592568af8cb8,2077,200,getContactsByContactsId,ts-preserve-service
1650269007,ts-security-service,bbf5e4fad088b448,f31bf288ff1f83e8,d8e7592568af8cb8,21973,200,check,ts-preserve-service
1650269007,ts-auth-service,25a59754e125f935,3198dedfc036f2d9,3198dedfc036f2d9,4037,200,GET,ts-auth-service
1650269007,ts-verification-code-service,7b2c926c18b33be8,25a59754e125f935,3198dedfc036f2d9,2212,200,verifyCode,ts-auth-service
1650269007,ts-order-other-service,feb73e7465579e70,55cbc003095dd49b,d8e7592568af8cb8,3369,200,securityInfoCheck,ts-security-service
1650269007,ts-security-service,55cbc003095dd49b,bbf5e4fad088b448,d8e7592568af8cb8,5403,200,GET,ts-security-service
1650269007,ts-security-service,595578524b835ff5,bbf5e4fad088b448,d8e7592568af8cb8,11825,200,GET,ts-security-service
1650269007,ts-station-service,213fe95c0821fb4e,e0cb0e2e0086d1e6,8489b927fea6b2d5,7502,200,queryForNameBatch,ts-order-service
1650269007,ts-preserve-service,f31bf288ff1f83e8,d8e7592568af8cb8,d8e7592568af8cb8,23466,200,GET,ts-preserve-service
1650269007,ts-order-service,8489b927fea6b2d5,,8489b927fea6b2d5,12377,200,queryOrdersForRefresh,no_parent
1650269007,ts-auth-service,3198dedfc036f2d9,,3198dedfc036f2d9,111698,200,getToken,no_parent
1650269007,ts-contacts-service,e27ff420d4e2c9a3,,e27ff420d4e2c9a3,2993,200,findContactsByAccountId,no_parent
1650269008,ts-basic-service,16b7fb107ce1496,8f5c71184673e84,b12e1eed00a2cf3,12134,200,queryForStationId,ts-ticketinfo-service
1650269008,ts-basic-service,e61bd74ad4f8cae6,c3e0027d7d8bdb93,b12e1eed00a2cf3,3257,200,GET,ts-basic-service
1650269008,ts-route-service,89dabd9b61a6a43e,a2e338d38fc0e9f6,b12e1eed00a2cf3,2465,200,queryById,ts-travel-service
1650269008,ts-route-service,e33133ab9b0d689c,f69cc2aab1458d20,b12e1eed00a2cf3,2609,200,queryById,ts-travel-service
1650269008,ts-travel-service,b12e1eed00a2cf3,,b12e1eed00a2cf3,51871,200,queryInfo,no_parent
1650269008,ts-route-service,33451a0d278d155d,fb959deef3dc3399,b12e1eed00a2cf3,2917,200,queryById,ts-travel-service
1650269008,ts-ticketinfo-service,ab1b3cbe121b5d12,7508a8d8fc974450,b12e1eed00a2cf3,8283,200,queryForStationId,ts-travel-service
1650269008,ts-ticketinfo-service,8f5c71184673e84,d4e8bddba1ff46e2,b12e1eed00a2cf3,13291,200,GET,ts-ticketinfo-service
1650269008,ts-travel-service,3aa619a5f70a3a8c,b12e1eed00a2cf3,b12e1eed00a2cf3,2596,200,GET,ts-travel-service
1650269008,ts-basic-service,91788a083e0531b8,16b7fb107ce1496,b12e1eed00a2cf3,3509,200,GET,ts-basic-service
1650269008,ts-travel-service,b848ddedef186c0e,b12e1eed00a2cf3,b12e1eed00a2cf3,17678,200,GET,ts-travel-service
1650269008,ts-travel-service,7508a8d8fc974450,b12e1eed00a2cf3,b12e1eed00a2cf3,8887,200,GET,ts-travel-service
1650269008,ts-basic-service,c3e0027d7d8bdb93,576368354ab3c99e,b12e1eed00a2cf3,5439,200,queryForStationId,ts-ticketinfo-service
1650269008,ts-assurance-service,ecdf6dc3f67a60ea,,ecdf6dc3f67a60ea,1834,200,getAllAssuranceType,no_parent
1650269008,ts-ticketinfo-service,576368354ab3c99e,ab1b3cbe121b5d12,b12e1eed00a2cf3,6134,200,GET,ts-ticketinfo-service
1650269008,ts-travel-service,fb959deef3dc3399,b12e1eed00a2cf3,b12e1eed00a2cf3,3993,200,GET,ts-travel-service
1650269008,ts-travel-service,bd32bc5b8b8b2f38,b12e1eed00a2cf3,b12e1eed00a2cf3,2681,200,GET,ts-travel-service
1650269008,ts-station-service,4d4d228d7afa82e7,91788a083e0531b8,b12e1eed00a2cf3,2385,200,queryForStationId,ts-basic-service
1650269008,ts-station-service,5828dcf6d013770b,e61bd74ad4f8cae6,b12e1eed00a2cf3,2506,200,queryForStationId,ts-basic-service
1650269008,ts-travel-service,f69cc2aab1458d20,b12e1eed00a2cf3,b12e1eed00a2cf3,2744,200,GET,ts-travel-service
1650269008,ts-ticketinfo-service,d4e8bddba1ff46e2,b848ddedef186c0e,b12e1eed00a2cf3,15848,200,queryForStationId,ts-travel-service
1650269008,ts-travel-service,a2e338d38fc0e9f6,b12e1eed00a2cf3,b12e1eed00a2cf3,2604,200,GET,ts-travel-service
1650269008,ts-route-service,d0296950820a4ba7,3aa619a5f70a3a8c,b12e1eed00a2cf3,2461,200,queryById,ts-travel-service
1650269008,ts-route-service,87371559fb7b4bb7,bd32bc5b8b8b2f38,b12e1eed00a2cf3,2217,200,queryById,ts-travel-service
1650269068,ts-security-service,69c5af6f29874358,a97e7cb585894482,220a3a290a7ee8cc,17275,200,check,ts-preserve-service
1650269068,ts-security-service,f9d52c1e915ea24c,69c5af6f29874358,220a3a290a7ee8cc,4557,200,GET,ts-security-service
1650269068,ts-contacts-service,431a9107fbaaab7b,faab57452278614e,220a3a290a7ee8cc,2338,200,getContactsByContactsId,ts-preserve-service
1650269068,ts-preserve-service,220a3a290a7ee8cc,,220a3a290a7ee8cc,25496,200,preserve,no_parent
1650269068,ts-order-other-service,14471ba8e9df2127,f9d52c1e915ea24c,220a3a290a7ee8cc,3253,200,securityInfoCheck,ts-security-service
1650269068,ts-preserve-service,a97e7cb585894482,220a3a290a7ee8cc,220a3a290a7ee8cc,18949,200,GET,ts-preserve-service
1650269068,ts-preserve-service,faab57452278614e,220a3a290a7ee8cc,220a3a290a7ee8cc,3648,200,GET,ts-preserve-service
1650269068,ts-order-service,d2671751e31cd244,5df4042816aba5d,220a3a290a7ee8cc,6483,200,securityInfoCheck,ts-security-service
1650269068,ts-order-service,5575cfb3020a9c84,6f1d43772428bdc6,6f1d43772428bdc6,10710,200,POST,ts-order-service
1650269068,ts-station-service,39cdf37cac3d016a,5575cfb3020a9c84,6f1d43772428bdc6,8424,200,queryForNameBatch,ts-order-service
1650269068,ts-contacts-service,98d50d2ccb498606,,98d50d2ccb498606,3150,200,findContactsByAccountId,no_parent
1650269068,ts-security-service,5df4042816aba5d,69c5af6f29874358,220a3a290a7ee8cc,7921,200,GET,ts-security-service
1650269068,ts-order-service,6f1d43772428bdc6,,6f1d43772428bdc6,14595,200,queryOrdersForRefresh,no_parent
1650269083,ts-verification-code-service,f4cf9bef070d1760,56369ed83c456059,9c382aec7892b1d,1943,200,verifyCode,ts-auth-service
1650269083,ts-auth-service,9c382aec7892b1d,,9c382aec7892b1d,9066579,200,getToken,no_parent
1650269083,ts-auth-service,56369ed83c456059,9c382aec7892b1d,9c382aec7892b1d,8957837,200,GET,ts-auth-service
1650269092,ts-basic-service,6621d1e61f4323d9,6e287af185f6f3a0,5903d9671ef9aa4d,6332,200,queryForStationId,ts-ticketinfo-service
1650269092,ts-basic-service,126e35a9403ff2dd,20a1edb3ac0c28e,5903d9671ef9aa4d,4864,200,queryForStationId,ts-ticketinfo-service
1650269092,ts-basic-service,a2fd8699bc8f1a04,126e35a9403ff2dd,5903d9671ef9aa4d,2879,200,GET,ts-basic-service
1650269092,ts-route-service,c35208474cb26ec6,59edd8d10827a345,5903d9671ef9aa4d,2106,200,queryById,ts-travel-service
1650269092,ts-ticketinfo-service,ac482ab7340cd070,130dbc694ed1748b,5903d9671ef9aa4d,10194,200,queryForStationId,ts-travel-service
1650269092,ts-travel-service,c5bc3848ea5c2390,5903d9671ef9aa4d,5903d9671ef9aa4d,2697,200,GET,ts-travel-service
1650269092,ts-travel-service,ff745004f28af7f4,5903d9671ef9aa4d,5903d9671ef9aa4d,2350,200,GET,ts-travel-service
1650269092,ts-route-service,76227378ca6abe0c,948abd7a469e1949,5903d9671ef9aa4d,2626,200,queryById,ts-travel-service
1650269092,ts-basic-service,d1a7ac79410588c4,6621d1e61f4323d9,5903d9671ef9aa4d,3796,200,GET,ts-basic-service
1650269092,ts-travel-service,c9fbd2fd41715997,5903d9671ef9aa4d,5903d9671ef9aa4d,2372,200,GET,ts-travel-service
1650269092,ts-travel-service,5903d9671ef9aa4d,,5903d9671ef9aa4d,44364,200,queryInfo,no_parent
1650269092,ts-route-service,551a1ccef6bcb594,c5bc3848ea5c2390,5903d9671ef9aa4d,2205,200,queryById,ts-travel-service
1650269092,ts-route-service,24c3983815901c1b,c9fbd2fd41715997,5903d9671ef9aa4d,2168,200,queryById,ts-travel-service
1650269092,ts-travel-service,948abd7a469e1949,5903d9671ef9aa4d,5903d9671ef9aa4d,4012,200,GET,ts-travel-service
1650269092,ts-travel-service,130dbc694ed1748b,5903d9671ef9aa4d,5903d9671ef9aa4d,11934,200,GET,ts-travel-service
1650269092,ts-ticketinfo-service,6e287af185f6f3a0,ac482ab7340cd070,5903d9671ef9aa4d,7476,200,GET,ts-ticketinfo-service
1650269092,ts-ticketinfo-service,8a6a687fd87cd26e,f7fc096ac558fe35,5903d9671ef9aa4d,7641,200,queryForStationId,ts-travel-service
1650269092,ts-travel-service,f7fc096ac558fe35,5903d9671ef9aa4d,5903d9671ef9aa4d,8099,200,GET,ts-travel-service
1650269092,ts-ticketinfo-service,20a1edb3ac0c28e,8a6a687fd87cd26e,5903d9671ef9aa4d,5519,200,GET,ts-ticketinfo-service
1650269092,ts-route-service,eae915dfbd502ea8,ff745004f28af7f4,5903d9671ef9aa4d,2153,200,queryById,ts-travel-service
1650269092,ts-station-service,880bd72f5d37d6c4,a2fd8699bc8f1a04,5903d9671ef9aa4d,2062,200,queryForStationId,ts-basic-service
1650269092,ts-travel-service,59edd8d10827a345,5903d9671ef9aa4d,5903d9671ef9aa4d,2294,200,GET,ts-travel-service
1650269092,ts-station-service,d6e2efe2ba4dfc69,d1a7ac79410588c4,5903d9671ef9aa4d,2593,200,queryForStationId,ts-basic-service
1650269092,ts-assurance-service,43172a7d7b1b1cd8,,43172a7d7b1b1cd8,1960,200,getAllAssuranceType,no_parent
1650269152,ts-security-service,aeee842e0101dbbb,b4ffb88ebd615fbc,63d8ec7435b450fd,4225,200,GET,ts-security-service
1650269152,ts-security-service,4940bcbac6e32d24,b4ffb88ebd615fbc,63d8ec7435b450fd,9434,200,GET,ts-security-service
1650269152,ts-preserve-service,9f8cde061a8fe8ee,63d8ec7435b450fd,63d8ec7435b450fd,3578,200,GET,ts-preserve-service
1650269152,ts-preserve-service,4aa83195de8aa526,63d8ec7435b450fd,63d8ec7435b450fd,20261,200,GET,ts-preserve-service
1650269152,ts-security-service,b4ffb88ebd615fbc,4aa83195de8aa526,63d8ec7435b450fd,18382,200,check,ts-preserve-service
1650269152,ts-preserve-service,63d8ec7435b450fd,,63d8ec7435b450fd,26828,200,preserve,no_parent
1650269152,ts-order-service,71de1a5c426c2fc6,,71de1a5c426c2fc6,13816,200,queryOrdersForRefresh,no_parent
1650269152,ts-station-service,4720b156c988292d,a5ed62f7ea04e285,71de1a5c426c2fc6,7813,200,queryForNameBatch,ts-order-service
1650269152,ts-order-other-service,59587ea44c6e81cc,aeee842e0101dbbb,63d8ec7435b450fd,2951,200,securityInfoCheck,ts-security-service
1650269152,ts-order-service,6df9099db1e29da1,4940bcbac6e32d24,63d8ec7435b450fd,7506,200,securityInfoCheck,ts-security-service
1650269152,ts-contacts-service,db774b53e21224c1,9f8cde061a8fe8ee,63d8ec7435b450fd,2544,200,getContactsByContactsId,ts-preserve-service
1650269152,ts-contacts-service,406e6a55b97ad6bd,,406e6a55b97ad6bd,2760,200,findContactsByAccountId,no_parent
1650269152,ts-order-service,a5ed62f7ea04e285,71de1a5c426c2fc6,71de1a5c426c2fc6,10285,200,POST,ts-order-service
1650269155,ts-verification-code-service,654b2083e4839e56,,654b2083e4839e56,2680,200,imageCode,no_parent
1650269156,ts-auth-service,85fe8a460ccb71ff,,85fe8a460ccb71ff,9123901,200,getToken,no_parent
1650269156,ts-auth-service,773135f59d840e77,85fe8a460ccb71ff,85fe8a460ccb71ff,9020291,200,GET,ts-auth-service
1650269158,ts-verification-code-service,e0e07a568291192,773135f59d840e77,85fe8a460ccb71ff,2060,200,verifyCode,ts-auth-service
1650269166,ts-travel-service,ab9a6b73dbf66452,db776d9512a2dda4,db776d9512a2dda4,2343,200,GET,ts-travel-service
1650269166,ts-travel-service,68bf349540acbf76,db776d9512a2dda4,db776d9512a2dda4,4095,200,GET,ts-travel-service
1650269166,ts-ticketinfo-service,f0c8b12c5e5bbcba,5ed34ed6da91f948,db776d9512a2dda4,6165,200,GET,ts-ticketinfo-service
1650269166,ts-ticketinfo-service,3e4e329426e9cdc5,5fcd328ef3ebe38,db776d9512a2dda4,7105,200,GET,ts-ticketinfo-service
1650269166,ts-ticketinfo-service,5ed34ed6da91f948,95621ede5254ef31,db776d9512a2dda4,8269,200,queryForStationId,ts-travel-service
1650269166,ts-basic-service,2784908ec2d4614f,f0c8b12c5e5bbcba,db776d9512a2dda4,5454,200,queryForStationId,ts-ticketinfo-service
1650269166,ts-basic-service,1cebf4a4028a052d,3e4e329426e9cdc5,db776d9512a2dda4,6002,200,queryForStationId,ts-ticketinfo-service
1650269166,ts-basic-service,96e7b01efeb8aebf,1cebf4a4028a052d,db776d9512a2dda4,3640,200,GET,ts-basic-service
1650269166,ts-basic-service,141a4e33336da61c,2784908ec2d4614f,db776d9512a2dda4,3333,200,GET,ts-basic-service
1650269166,ts-travel-service,95621ede5254ef31,db776d9512a2dda4,db776d9512a2dda4,8776,200,GET,ts-travel-service
1650269166,ts-travel-service,11fe3af0f1f5d354,db776d9512a2dda4,db776d9512a2dda4,2450,200,GET,ts-travel-service
1650269166,ts-route-service,36f0386c0a8e0025,11fe3af0f1f5d354,db776d9512a2dda4,2244,200,queryById,ts-travel-service
1650269166,ts-route-service,962164f4da0b98bf,f27856c23afff005,db776d9512a2dda4,2182,200,queryById,ts-travel-service
1650269166,ts-ticketinfo-service,5fcd328ef3ebe38,b6b61caf11caa921,db776d9512a2dda4,9583,200,queryForStationId,ts-travel-service
1650269166,ts-travel-service,f27856c23afff005,db776d9512a2dda4,db776d9512a2dda4,2658,200,GET,ts-travel-service
1650269166,ts-travel-service,db776d9512a2dda4,,db776d9512a2dda4,43787,200,queryInfo,no_parent
1650269166,ts-travel-service,b6b61caf11caa921,db776d9512a2dda4,db776d9512a2dda4,11184,200,GET,ts-travel-service
1650269166,ts-route-service,de264b11641be5a8,68bf349540acbf76,db776d9512a2dda4,2722,200,queryById,ts-travel-service
1650269166,ts-route-service,2983571f9e165203,ab9a6b73dbf66452,db776d9512a2dda4,2151,200,queryById,ts-travel-service
1650269166,ts-travel-service,d0bbc46c660ac8f0,db776d9512a2dda4,db776d9512a2dda4,2330,200,GET,ts-travel-service
1650269166,ts-station-service,8f5e9b769a105eae,141a4e33336da61c,db776d9512a2dda4,2422,200,queryForStationId,ts-basic-service
1650269166,ts-route-service,3227e519d9f9d74f,d0bbc46c660ac8f0,db776d9512a2dda4,2143,200,queryById,ts-travel-service
1650269166,ts-station-service,a3ee189472a89dee,96e7b01efeb8aebf,db776d9512a2dda4,2508,200,queryForStationId,ts-basic-service
1650269166,ts-assurance-service,2246dbac12f0048,,2246dbac12f0048,1869,200,getAllAssuranceType,no_parent
1650269226,ts-preserve-service,12dd7b6f22ec4592,32fc5083f96fa840,32fc5083f96fa840,3730,200,GET,ts-preserve-service
1650269226,ts-preserve-service,d711a096b3d075ee,32fc5083f96fa840,32fc5083f96fa840,17303,200,GET,ts-preserve-service
1650269226,ts-order-service,c9afe32dbb0f4fe3,a851aa2be46923b7,32fc5083f96fa840,4480,200,securityInfoCheck,ts-security-service
1650269226,ts-preserve-service,32fc5083f96fa840,,32fc5083f96fa840,23913,200,preserve,no_parent
1650269226,ts-order-other-service,43959b8a4ec2a458,339cb8b3164a7674,32fc5083f96fa840,3645,200,securityInfoCheck,ts-security-service
1650269226,ts-auth-service,c2e89e692979fce6,,c2e89e692979fce6,14399877,200,getToken,no_parent
1650269226,ts-station-service,3fa43e3eeb7fee7a,f6eba926a5c811e6,dcba491495c38c14,7784,200,queryForNameBatch,ts-order-service
1650269226,ts-security-service,a851aa2be46923b7,7150220baf1a22d2,32fc5083f96fa840,6007,200,GET,ts-security-service
1650269226,ts-order-service,f6eba926a5c811e6,dcba491495c38c14,dcba491495c38c14,9601,200,POST,ts-order-service
1650269226,ts-order-service,dcba491495c38c14,,dcba491495c38c14,13430,200,queryOrdersForRefresh,no_parent
1650269226,ts-security-service,339cb8b3164a7674,7150220baf1a22d2,32fc5083f96fa840,5080,200,GET,ts-security-service
1650269226,ts-contacts-service,d4ebbbf953adb7f3,12dd7b6f22ec4592,32fc5083f96fa840,2334,200,getContactsByContactsId,ts-preserve-service
1650269226,ts-contacts-service,89aa691d6f39ed1f,,89aa691d6f39ed1f,2877,200,findContactsByAccountId,no_parent
1650269226,ts-security-service,7150220baf1a22d2,d711a096b3d075ee,32fc5083f96fa840,15728,200,check,ts-preserve-service
1650269226,ts-auth-service,a33bbd4931778e38,c2e89e692979fce6,c2e89e692979fce6,14294579,200,GET,ts-auth-service
1650269233,ts-verification-code-service,2275636d96296706,a33bbd4931778e38,c2e89e692979fce6,2452,200,verifyCode,ts-auth-service
1650269240,ts-travel-service,665f62adfbcf6b68,37d15c7bc1352158,37d15c7bc1352158,2204,200,GET,ts-travel-service
1650269240,ts-travel-service,57f1e90f1b6f76a7,37d15c7bc1352158,37d15c7bc1352158,9700,200,GET,ts-travel-service
1650269240,ts-basic-service,119506e91e9da3a0,724f75b9002f86c,37d15c7bc1352158,4753,200,queryForStationId,ts-ticketinfo-service
1650269240,ts-basic-service,8389c57e50b1bd1b,119506e91e9da3a0,37d15c7bc1352158,2790,200,GET,ts-basic-service
1650269240,ts-basic-service,ab161f102c543118,81bf526aaba4be0c,37d15c7bc1352158,5995,200,queryForStationId,ts-ticketinfo-service
1650269240,ts-travel-service,3dc81435215b01b7,37d15c7bc1352158,37d15c7bc1352158,3624,200,GET,ts-travel-service
1650269240,ts-travel-service,ea2bdf83ca1dc401,37d15c7bc1352158,37d15c7bc1352158,11307,200,GET,ts-travel-service
1650269240,ts-travel-service,56e3b6e6a61871a0,37d15c7bc1352158,37d15c7bc1352158,7942,200,GET,ts-travel-service
1650269240,ts-station-service,518b8cda79018014,44bda362c28fb2ed,37d15c7bc1352158,2533,200,queryForStationId,ts-basic-service
1650269240,ts-travel-service,e24ab40fabe98b0a,37d15c7bc1352158,37d15c7bc1352158,2316,200,GET,ts-travel-service
1650269240,ts-ticketinfo-service,81bf526aaba4be0c,227331614fcf3b9b,37d15c7bc1352158,7167,200,GET,ts-ticketinfo-service
1650269240,ts-ticketinfo-service,8ae35ee5223bd87d,56e3b6e6a61871a0,37d15c7bc1352158,7423,200,queryForStationId,ts-travel-service
1650269240,ts-travel-service,8738cd5699658ff6,37d15c7bc1352158,37d15c7bc1352158,2514,200,GET,ts-travel-service
1650269240,ts-assurance-service,25639ccad0ab323,,25639ccad0ab323,1854,200,getAllAssuranceType,no_parent
1650269240,ts-station-service,7eb5913d49844959,8389c57e50b1bd1b,37d15c7bc1352158,2079,200,queryForStationId,ts-basic-service
1650269240,ts-basic-service,44bda362c28fb2ed,ab161f102c543118,37d15c7bc1352158,3627,200,GET,ts-basic-service
1650269240,ts-ticketinfo-service,227331614fcf3b9b,ea2bdf83ca1dc401,37d15c7bc1352158,9726,200,queryForStationId,ts-travel-service
1650269240,ts-ticketinfo-service,724f75b9002f86c,8ae35ee5223bd87d,37d15c7bc1352158,5561,200,GET,ts-ticketinfo-service
1650269240,ts-travel-service,37d15c7bc1352158,,37d15c7bc1352158,49345,200,queryInfo,no_parent
1650269240,ts-route-service,d97665e7bb3741c8,e24ab40fabe98b0a,37d15c7bc1352158,2164,200,queryById,ts-travel-service
1650269240,ts-route-service,143b67379fc20187,8738cd5699658ff6,37d15c7bc1352158,2120,200,queryById,ts-travel-service
1650269240,ts-route-service,b7ed483d55bd41bd,57f1e90f1b6f76a7,37d15c7bc1352158,8877,200,queryById,ts-travel-service
1650269240,ts-route-service,4d8cc690d7e938a,665f62adfbcf6b68,37d15c7bc1352158,2010,200,queryById,ts-travel-service
1650269240,ts-route-service,ec67c09a0a77664b,3dc81435215b01b7,37d15c7bc1352158,2261,200,queryById,ts-travel-service
1650269301,ts-order-service,d5bb24b8059b6a0e,d5aff4cfa121b44f,4f14959d17cbb7e7,2720,200,securityInfoCheck,ts-security-service
1650269301,ts-order-other-service,afda8232e5c1977d,aabbf8e44fe9e980,4f14959d17cbb7e7,3077,200,securityInfoCheck,ts-security-service
1650269301,ts-order-service,e00106e15efa0662,b91e0716d3ec2892,b91e0716d3ec2892,10749,200,POST,ts-order-service
1650269301,ts-contacts-service,b28183da66bb887d,aeabaf5fa95cfedd,4f14959d17cbb7e7,2569,200,getContactsByContactsId,ts-preserve-service
1650269301,ts-security-service,2de71e6f1a61f6da,9c002346ebd57c9d,4f14959d17cbb7e7,13247,200,check,ts-preserve-service
1650269301,ts-security-service,aabbf8e44fe9e980,2de71e6f1a61f6da,4f14959d17cbb7e7,4451,200,GET,ts-security-service
1650269301,ts-preserve-service,9c002346ebd57c9d,4f14959d17cbb7e7,4f14959d17cbb7e7,15349,200,GET,ts-preserve-service
1650269301,ts-preserve-service,aeabaf5fa95cfedd,4f14959d17cbb7e7,4f14959d17cbb7e7,3668,200,GET,ts-preserve-service
1650269301,ts-security-service,d5aff4cfa121b44f,2de71e6f1a61f6da,4f14959d17cbb7e7,4363,200,GET,ts-security-service
1650269301,ts-preserve-service,4f14959d17cbb7e7,,4f14959d17cbb7e7,22878,200,preserve,no_parent
1650269301,ts-order-service,b91e0716d3ec2892,,b91e0716d3ec2892,13826,200,queryOrdersForRefresh,no_parent
1650269301,ts-contacts-service,a71690d45eba26cc,,a71690d45eba26cc,5721,200,findContactsByAccountId,no_parent
1650269302,ts-station-service,bd770cedb291609f,e00106e15efa0662,b91e0716d3ec2892,7819,200,queryForNameBatch,ts-order-service
1650269324,ts-auth-service,714163cd6e271a2f,,714163cd6e271a2f,1542458,200,getToken,no_parent
1650269324,ts-auth-service,323a5e1af012571b,714163cd6e271a2f,714163cd6e271a2f,1018130,200,GET,ts-auth-service
1650269326,ts-basic-service,be3d676d3322019d,f01322aeefec24ad,5bf3c0714feddb5f,6201,200,queryForStationId,ts-ticketinfo-service
1650269326,ts-route-service,bb4eba475c76a05c,67429abb212b5935,5bf3c0714feddb5f,2791,200,queryById,ts-travel-service
1650269326,ts-basic-service,8d8467d927f0c192,be3d676d3322019d,5bf3c0714feddb5f,3703,200,GET,ts-basic-service
1650269326,ts-basic-service,558b13e5599eb979,4fe9bf3eefc030d3,5bf3c0714feddb5f,3235,200,GET,ts-basic-service
1650269326,ts-basic-service,4fe9bf3eefc030d3,4b8d76a572637f51,5bf3c0714feddb5f,5372,200,queryForStationId,ts-ticketinfo-service
1650269326,ts-travel-service,92a3400762e93d1e,5bf3c0714feddb5f,5bf3c0714feddb5f,11760,200,GET,ts-travel-service
1650269326,ts-station-service,87e4755960816fdd,558b13e5599eb979,5bf3c0714feddb5f,2476,200,queryForStationId,ts-basic-service
1650269326,ts-ticketinfo-service,f01322aeefec24ad,b4c8307514c9d20e,5bf3c0714feddb5f,7282,200,GET,ts-ticketinfo-service
1650269326,ts-route-service,19a2384c177f2ad6,f1b388fdd21c904,5bf3c0714feddb5f,2529,200,queryById,ts-travel-service
1650269326,ts-ticketinfo-service,4bd2e71bcf36f6bd,74599d4462d0a4ff,5bf3c0714feddb5f,8391,200,queryForStationId,ts-travel-service
1650269326,ts-ticketinfo-service,4b8d76a572637f51,4bd2e71bcf36f6bd,5bf3c0714feddb5f,6093,200,GET,ts-ticketinfo-service
1650269326,ts-ticketinfo-service,b4c8307514c9d20e,92a3400762e93d1e,5bf3c0714feddb5f,9681,200,queryForStationId,ts-travel-service
1650269326,ts-route-service,4ed00ed2063b16ca,2f561987ad9b45b1,5bf3c0714feddb5f,2186,200,queryById,ts-travel-service
1650269326,ts-route-service,53618f0876a1100,41a854566519a362,5bf3c0714feddb5f,1843,200,queryById,ts-travel-service
1650269326,ts-station-service,9f0eef681dfe3804,8d8467d927f0c192,5bf3c0714feddb5f,2545,200,queryForStationId,ts-basic-service
1650269326,ts-travel-service,67429abb212b5935,5bf3c0714feddb5f,5bf3c0714feddb5f,4287,200,GET,ts-travel-service
1650269326,ts-route-service,974eeca1e5459b97,9c4196478b682b25,5bf3c0714feddb5f,2192,200,queryById,ts-travel-service
1650269326,ts-travel-service,2f561987ad9b45b1,5bf3c0714feddb5f,5bf3c0714feddb5f,2426,200,GET,ts-travel-service
1650269326,ts-travel-service,f1b388fdd21c904,5bf3c0714feddb5f,5bf3c0714feddb5f,3051,200,GET,ts-travel-service
1650269326,ts-travel-service,5bf3c0714feddb5f,,5bf3c0714feddb5f,59237,200,queryInfo,no_parent
1650269326,ts-travel-service,9c4196478b682b25,5bf3c0714feddb5f,5bf3c0714feddb5f,2391,200,GET,ts-travel-service
1650269326,ts-travel-service,74599d4462d0a4ff,5bf3c0714feddb5f,5bf3c0714feddb5f,9008,200,GET,ts-travel-service
1650269326,ts-travel-service,41a854566519a362,5bf3c0714feddb5f,5bf3c0714feddb5f,2035,200,GET,ts-travel-service
1650269326,ts-assurance-service,ab2bd89f5109e5af,,ab2bd89f5109e5af,1501,200,getAllAssuranceType,no_parent
1650269386,ts-preserve-service,821ea158dbbe594,40964116e1edffa8,40964116e1edffa8,16046,200,GET,ts-preserve-service
1650269386,ts-order-other-service,1794cf5379e9826e,ac340014f531673,40964116e1edffa8,3208,200,securityInfoCheck,ts-security-service
1650269386,ts-preserve-service,40964116e1edffa8,,40964116e1edffa8,22936,200,preserve,no_parent
1650269386,ts-preserve-service,6caa05b4545dfd3b,40964116e1edffa8,40964116e1edffa8,3816,200,GET,ts-preserve-service
1650269386,ts-security-service,793695ad912be81,c0925fbc17d31228,40964116e1edffa8,5389,200,GET,ts-security-service
1650269386,ts-security-service,ac340014f531673,c0925fbc17d31228,40964116e1edffa8,4519,200,GET,ts-security-service
1650269386,ts-contacts-service,558bb16b4e5f9ff0,,558bb16b4e5f9ff0,3370,200,findContactsByAccountId,no_parent
1650269386,ts-order-service,b7de4ffe7d2a085c,793695ad912be81,40964116e1edffa8,3939,200,securityInfoCheck,ts-security-service
1650269386,ts-contacts-service,92614db5e0b0f8b7,6caa05b4545dfd3b,40964116e1edffa8,2593,200,getContactsByContactsId,ts-preserve-service
1650269386,ts-station-service,26c56466af68b509,f327e69b63d7089f,bbbce8530d1692e0,8064,200,queryForNameBatch,ts-order-service
1650269386,ts-order-service,f327e69b63d7089f,bbbce8530d1692e0,bbbce8530d1692e0,9741,200,POST,ts-order-service
1650269386,ts-order-service,bbbce8530d1692e0,,bbbce8530d1692e0,13854,200,queryOrdersForRefresh,no_parent
1650269386,ts-security-service,c0925fbc17d31228,821ea158dbbe594,40964116e1edffa8,14474,200,check,ts-preserve-service
1650269387,ts-verification-code-service,bc8e86ce7b58c9f0,,bc8e86ce7b58c9f0,3236,200,imageCode,no_parent
1650269394,ts-auth-service,b7beffcecf6ebdf4,90da5ef3c39dc73,90da5ef3c39dc73,12590039,200,GET,ts-auth-service
1650269394,ts-auth-service,90da5ef3c39dc73,,90da5ef3c39dc73,12702311,200,getToken,no_parent
1650269401,ts-verification-code-service,d2fb14697bed40e0,b7beffcecf6ebdf4,90da5ef3c39dc73,2033,200,verifyCode,ts-auth-service
1650269406,ts-travel-service,1a5d2017ba28d1f9,52b250ed0df56086,52b250ed0df56086,10938,200,GET,ts-travel-service
1650269406,ts-route-service,88c81c80eed391d8,e09b4457a7126165,52b250ed0df56086,2106,200,queryById,ts-travel-service
1650269406,ts-travel-service,e09b4457a7126165,52b250ed0df56086,52b250ed0df56086,2296,200,GET,ts-travel-service
1650269406,ts-route-service,2e45fa285d964df0,700cd9f255f5f83a,52b250ed0df56086,2736,200,queryById,ts-travel-service
1650269406,ts-route-service,832ee90108d527bb,5cc7acd69fd5c259,52b250ed0df56086,2151,200,queryById,ts-travel-service
1650269406,ts-route-service,28ecf4c5eceb736,48f22335df877a7c,52b250ed0df56086,2118,200,queryById,ts-travel-service
1650269406,ts-route-service,fec73341afcbb573,bfd4020972821bdb,52b250ed0df56086,2170,200,queryById,ts-travel-service
1650269406,ts-ticketinfo-service,3a99f909eeb5f0df,a2aa7daaf8d99c2c,52b250ed0df56086,6290,200,GET,ts-ticketinfo-service
1650269406,ts-travel-service,700cd9f255f5f83a,52b250ed0df56086,52b250ed0df56086,3919,200,GET,ts-travel-service
1650269406,ts-ticketinfo-service,a2aa7daaf8d99c2c,d77428b336960c25,52b250ed0df56086,8337,200,queryForStationId,ts-travel-service
1650269406,ts-travel-service,48f22335df877a7c,52b250ed0df56086,52b250ed0df56086,2592,200,GET,ts-travel-service
1650269406,ts-travel-service,d77428b336960c25,52b250ed0df56086,52b250ed0df56086,8811,200,GET,ts-travel-service
1650269406,ts-station-service,3d9b0fd68fb3bf84,682834e1e30a334e,52b250ed0df56086,2528,200,queryForStationId,ts-basic-service
1650269406,ts-travel-service,bfd4020972821bdb,52b250ed0df56086,52b250ed0df56086,2290,200,GET,ts-travel-service
1650269406,ts-basic-service,f1c2ad142e62fc28,1a8e6c11b526d2c9,52b250ed0df56086,5607,200,queryForStationId,ts-ticketinfo-service
1650269406,ts-basic-service,22aa8100ebe6e70e,4b0c7606b40eb907,52b250ed0df56086,2860,200,GET,ts-basic-service
1650269406,ts-basic-service,682834e1e30a334e,f1c2ad142e62fc28,52b250ed0df56086,3531,200,GET,ts-basic-service
1650269406,ts-travel-service,52b250ed0df56086,,52b250ed0df56086,42942,200,queryInfo,no_parent
1650269406,ts-ticketinfo-service,1a8e6c11b526d2c9,979b1867d227a6ee,52b250ed0df56086,6712,200,GET,ts-ticketinfo-service
1650269406,ts-travel-service,5cc7acd69fd5c259,52b250ed0df56086,52b250ed0df56086,2313,200,GET,ts-travel-service
1650269406,ts-basic-service,4b0c7606b40eb907,3a99f909eeb5f0df,52b250ed0df56086,4943,200,queryForStationId,ts-ticketinfo-service
1650269406,ts-ticketinfo-service,979b1867d227a6ee,1a5d2017ba28d1f9,52b250ed0df56086,9266,200,queryForStationId,ts-travel-service
1650269406,ts-station-service,ae5a3fa85304f851,22aa8100ebe6e70e,52b250ed0df56086,2109,200,queryForStationId,ts-basic-service
1650269406,ts-assurance-service,90724289ea75884f,,90724289ea75884f,1858,200,getAllAssuranceType,no_parent
1650269466,ts-contacts-service,3aa6dfcf77a8bdfc,5cf45b398b4c5471,c68ac8afb4efd94e,2779,200,getContactsByContactsId,ts-preserve-service
1650269466,ts-security-service,8e844c052f7e9b0d,7caffd57addfee07,c68ac8afb4efd94e,24654,200,check,ts-preserve-service
1650269466,ts-order-service,8bdcd8e62a1cd88a,,8bdcd8e62a1cd88a,14056,200,queryOrdersForRefresh,no_parent
1650269466,ts-security-service,af17684d5e13b023,8e844c052f7e9b0d,c68ac8afb4efd94e,8171,200,GET,ts-security-service
1650269466,ts-station-service,3ee4ed337572f898,42998848ace00efa,8bdcd8e62a1cd88a,7787,200,queryForNameBatch,ts-order-service
1650269466,ts-order-service,bf5c59bfc633169f,af17684d5e13b023,c68ac8afb4efd94e,6622,200,securityInfoCheck,ts-security-service
1650269466,ts-order-service,42998848ace00efa,8bdcd8e62a1cd88a,8bdcd8e62a1cd88a,9945,200,POST,ts-order-service
1650269466,ts-security-service,6bcda9d7aa447564,8e844c052f7e9b0d,c68ac8afb4efd94e,5043,200,GET,ts-security-service
1650269466,ts-order-other-service,fae6f3583c9edb30,6bcda9d7aa447564,c68ac8afb4efd94e,3757,200,securityInfoCheck,ts-security-service
1650269466,ts-preserve-service,7caffd57addfee07,c68ac8afb4efd94e,c68ac8afb4efd94e,26236,200,GET,ts-preserve-service
1650269466,ts-preserve-service,5cf45b398b4c5471,c68ac8afb4efd94e,c68ac8afb4efd94e,4003,200,GET,ts-preserve-service
1650269466,ts-preserve-service,c68ac8afb4efd94e,,c68ac8afb4efd94e,33337,200,preserve,no_parent
1650269466,ts-contacts-service,78a5afe08bb4c957,,78a5afe08bb4c957,3555,200,findContactsByAccountId,no_parent
1650269468,ts-auth-service,9b40b102429f1c63,4c9ee3b7d56e5b8,4c9ee3b7d56e5b8,7131803,200,GET,no_parent
1650269529,ts-verification-code-service,3ab9f7396ad3c43,,3ab9f7396ad3c43,2658,200,imageCode,no_parent
1650269544,ts-auth-service,6d97d440db105849,,6d97d440db105849,19429955,200,getToken,no_parent
1650269544,ts-auth-service,5dfcdd89bf9d863d,6d97d440db105849,6d97d440db105849,19318320,200,GET,ts-auth-service
1650269563,ts-station-service,4ad6390faa7ed6ff,8512ca38f0ec1c5d,2c387bb219a55c78,2956,200,queryForStationId,ts-basic-service
1650269563,ts-ticketinfo-service,d8fd3ce9f7889561,a3313f9bd597abd1,2c387bb219a55c78,9892,200,queryForStationId,ts-travel-service
1650269563,ts-route-service,6a70ffd01ee3ea04,3e6736a1a5c53bca,2c387bb219a55c78,2133,200,queryById,ts-travel-service
1650269563,ts-route-service,b123382c193dd01c,b88c293429f0d7d3,2c387bb219a55c78,2125,200,queryById,ts-travel-service
1650269563,ts-route-service,1a2bd7eccddab59b,2fea77ce4348ea,2c387bb219a55c78,2287,200,queryById,ts-travel-service
1650269563,ts-travel-service,f59ed01189d0dced,2c387bb219a55c78,2c387bb219a55c78,3840,200,GET,ts-travel-service
1650269563,ts-travel-service,b88c293429f0d7d3,2c387bb219a55c78,2c387bb219a55c78,2324,200,GET,ts-travel-service
1650269563,ts-route-service,8d2e01daa844a2fa,f59ed01189d0dced,2c387bb219a55c78,2499,200,queryById,ts-travel-service
1650269563,ts-travel-service,aa8e9d6bc4b706b0,2c387bb219a55c78,2c387bb219a55c78,8729,200,GET,ts-travel-service
1650269563,ts-travel-service,a3313f9bd597abd1,2c387bb219a55c78,2c387bb219a55c78,11551,200,GET,ts-travel-service
1650269563,ts-travel-service,2c387bb219a55c78,,2c387bb219a55c78,43854,200,queryInfo,no_parent
1650269563,ts-travel-service,3e6736a1a5c53bca,2c387bb219a55c78,2c387bb219a55c78,2330,200,GET,ts-travel-service
1650269563,ts-travel-service,3dacee635ff32b50,2c387bb219a55c78,2c387bb219a55c78,2591,200,GET,ts-travel-service
1650269563,ts-ticketinfo-service,97ae7411f05fa8bd,d8fd3ce9f7889561,2c387bb219a55c78,7179,200,GET,ts-ticketinfo-service
1650269563,ts-ticketinfo-service,9d02804a6316caa9,a98bdf6b929e9504,2c387bb219a55c78,6215,200,GET,ts-ticketinfo-service
1650269563,ts-basic-service,8948a2e67ac87821,9d02804a6316caa9,2c387bb219a55c78,5510,200,queryForStationId,ts-ticketinfo-service
1650269563,ts-basic-service,8512ca38f0ec1c5d,d25072316dab6015,2c387bb219a55c78,3780,200,GET,ts-basic-service
1650269563,ts-basic-service,d25072316dab6015,97ae7411f05fa8bd,2c387bb219a55c78,5933,200,queryForStationId,ts-ticketinfo-service
1650269563,ts-ticketinfo-service,a98bdf6b929e9504,aa8e9d6bc4b706b0,2c387bb219a55c78,8347,200,queryForStationId,ts-travel-service
1650269563,ts-station-service,d4b0e7fab5d6bdcf,995e2012745e7850,2c387bb219a55c78,2383,200,queryForStationId,ts-basic-service
1650269563,ts-basic-service,995e2012745e7850,8948a2e67ac87821,2c387bb219a55c78,3258,200,GET,ts-basic-service
1650269563,ts-travel-service,2fea77ce4348ea,2c387bb219a55c78,2c387bb219a55c78,2366,200,GET,ts-travel-service
1650269563,ts-route-service,4644bc8d8db29163,3dacee635ff32b50,2c387bb219a55c78,2131,200,queryById,ts-travel-service
1650269564,ts-assurance-service,f5f1eec40f3da6bf,,f5f1eec40f3da6bf,4556,200,getAllAssuranceType,no_parent
1650269624,ts-preserve-service,d999f4f90c070d17,,d999f4f90c070d17,22465,200,preserve,no_parent
1650269624,ts-order-service,fe7cc0aba1e29be3,21cc1447a4c551ac,d999f4f90c070d17,3962,200,securityInfoCheck,ts-security-service
1650269624,ts-security-service,32f5edebb25ad45b,f9165ff7ecae239b,d999f4f90c070d17,4337,200,GET,ts-security-service
1650269624,ts-preserve-service,eec12f7a2b5c12d6,d999f4f90c070d17,d999f4f90c070d17,15866,200,GET,ts-preserve-service
1650269624,ts-station-service,390cec5b579556d7,c2c602bced772fe3,46c22c5e1526375d,8004,200,queryForNameBatch,ts-order-service
1650269624,ts-order-other-service,d4bbaaa075c6a222,32f5edebb25ad45b,d999f4f90c070d17,3120,200,securityInfoCheck,ts-security-service
1650269624,ts-contacts-service,cad7b981cadbb003,,cad7b981cadbb003,3102,200,findContactsByAccountId,no_parent
1650269624,ts-order-service,46c22c5e1526375d,,46c22c5e1526375d,13163,200,queryOrdersForRefresh,no_parent
1650269624,ts-security-service,21cc1447a4c551ac,f9165ff7ecae239b,d999f4f90c070d17,5441,200,GET,ts-security-service
1650269624,ts-order-service,c2c602bced772fe3,46c22c5e1526375d,46c22c5e1526375d,9792,200,POST,ts-order-service
1650269624,ts-contacts-service,a8ecc1230abcdb0f,76ee5dcc8a4b2381,d999f4f90c070d17,2367,200,getContactsByContactsId,ts-preserve-service
1650269624,ts-preserve-service,76ee5dcc8a4b2381,d999f4f90c070d17,d999f4f90c070d17,3515,200,GET,ts-preserve-service
1650269624,ts-security-service,f9165ff7ecae239b,eec12f7a2b5c12d6,d999f4f90c070d17,14283,200,check,ts-preserve-service
1650269631,ts-route-service,7f750dd4c40f83d7,8364e878996d19f8,88435139ba0eb5fa,2648,200,queryById,ts-travel-service
1650269631,ts-route-service,688b45137e739c1d,aab3f4e7bf7b617c,88435139ba0eb5fa,2163,200,queryById,ts-travel-service
1650269631,ts-auth-service,a29c71ae0073f2aa,e02add931d7c7f54,e02add931d7c7f54,3662,200,GET,ts-auth-service
1650269631,ts-assurance-service,1f4edb1fbd305695,,1f4edb1fbd305695,1901,200,getAllAssuranceType,no_parent
1650269631,ts-travel-service,2577bb27f9201b64,88435139ba0eb5fa,88435139ba0eb5fa,2826,200,GET,ts-travel-service
1650269631,ts-station-service,c23365463f72165c,9b92f83bdfcc49e0,88435139ba0eb5fa,2573,200,queryForStationId,ts-basic-service
1650269631,ts-station-service,728d09becc877b0c,f50422428dd6064d,88435139ba0eb5fa,2072,200,queryForStationId,ts-basic-service
1650269631,ts-basic-service,9b92f83bdfcc49e0,aa0b412d0b78ae5f,88435139ba0eb5fa,3719,200,GET,ts-basic-service
1650269631,ts-route-service,521f86b010ffa1ed,d8e4f33248c2aff8,88435139ba0eb5fa,2133,200,queryById,ts-travel-service
1650269631,ts-travel-service,1861b4bf7e4d9a2e,88435139ba0eb5fa,88435139ba0eb5fa,11385,200,GET,ts-travel-service
1650269631,ts-basic-service,aa0b412d0b78ae5f,666569d670aa3e79,88435139ba0eb5fa,6211,200,queryForStationId,ts-ticketinfo-service
1650269631,ts-route-service,f234a5dce9f7b8ac,d99d07cb50d72be8,88435139ba0eb5fa,2158,200,queryById,ts-travel-service
1650269631,ts-route-service,47564e7431da126b,2577bb27f9201b64,88435139ba0eb5fa,2577,200,queryById,ts-travel-service
1650269631,ts-basic-service,fedc26f2d9b355b,b637ae16c2011107,88435139ba0eb5fa,4968,200,queryForStationId,ts-ticketinfo-service
1650269631,ts-travel-service,d99d07cb50d72be8,88435139ba0eb5fa,88435139ba0eb5fa,2646,200,GET,ts-travel-service
1650269631,ts-travel-service,aab3f4e7bf7b617c,88435139ba0eb5fa,88435139ba0eb5fa,2349,200,GET,ts-travel-service
1650269631,ts-travel-service,d8e4f33248c2aff8,88435139ba0eb5fa,88435139ba0eb5fa,2377,200,GET,ts-travel-service
1650269631,ts-travel-service,88435139ba0eb5fa,,88435139ba0eb5fa,44246,200,queryInfo,no_parent
1650269631,ts-travel-service,8364e878996d19f8,88435139ba0eb5fa,88435139ba0eb5fa,3951,200,GET,ts-travel-service
1650269631,ts-basic-service,f50422428dd6064d,fedc26f2d9b355b,88435139ba0eb5fa,2856,200,GET,ts-basic-service
1650269631,ts-ticketinfo-service,666569d670aa3e79,b0e0a6befa4b0af1,88435139ba0eb5fa,7273,200,GET,ts-ticketinfo-service
1650269631,ts-ticketinfo-service,b0e0a6befa4b0af1,1861b4bf7e4d9a2e,88435139ba0eb5fa,9928,200,queryForStationId,ts-travel-service
1650269631,ts-travel-service,e6fbd4ed1baef2a7,88435139ba0eb5fa,88435139ba0eb5fa,8438,200,GET,ts-travel-service
1650269631,ts-ticketinfo-service,b637ae16c2011107,22acb4117b78e796,88435139ba0eb5fa,5676,200,GET,ts-ticketinfo-service
1650269631,ts-ticketinfo-service,22acb4117b78e796,e6fbd4ed1baef2a7,88435139ba0eb5fa,7840,200,queryForStationId,ts-travel-service
1650269631,ts-verification-code-service,500c1a029eabef12,,500c1a029eabef12,2946,200,imageCode,no_parent
1650269631,ts-verification-code-service,80f62caf19cca42,a29c71ae0073f2aa,e02add931d7c7f54,1908,200,verifyCode,ts-auth-service
1650269631,ts-auth-service,e02add931d7c7f54,,e02add931d7c7f54,115182,200,getToken,no_parent
1650269691,ts-station-service,d72878fc5b075042,73a28ffe31fed431,bf6633e11acd7695,2208,200,queryForStationId,ts-basic-service
1650269691,ts-travel-service,d5eb183ea5a2b0ae,bf6633e11acd7695,bf6633e11acd7695,8533,200,GET,ts-travel-service
1650269691,ts-auth-service,45d4ee77b9e9e288,eb945e72a25015fd,eb945e72a25015fd,3415,200,GET,ts-auth-service
1650269691,ts-verification-code-service,16c9251cce07d550,45d4ee77b9e9e288,eb945e72a25015fd,1666,200,verifyCode,ts-auth-service
1650269691,ts-route-service,501f56de828ac6c9,15cce4229d787d75,bf6633e11acd7695,2691,200,queryById,ts-travel-service
1650269691,ts-route-service,5af39cad4a5868ff,c7fb9fdc79fc0543,bf6633e11acd7695,2064,200,queryById,ts-travel-service
1650269691,ts-route-service,46b99d5f1e2f5218,ecd78e824c3c9bd4,bf6633e11acd7695,2167,200,queryById,ts-travel-service
1650269691,ts-order-other-service,3c2855f4c3548af4,71a6db241f0dd7a,4265d18d137757bc,3097,200,securityInfoCheck,ts-security-service
1650269691,ts-ticketinfo-service,fecea68651fdf624,263afe27b82644c,bf6633e11acd7695,7091,200,GET,ts-ticketinfo-service
1650269691,ts-route-service,1767969862e1e095,8e7db6b0567d4c6f,bf6633e11acd7695,1692,200,queryById,ts-travel-service
1650269691,ts-route-service,d57edee82c33f373,bd42ad8ecc9ebaf0,bf6633e11acd7695,2210,200,queryById,ts-travel-service
1650269691,ts-station-service,ad4a0834bb4df479,3aac3c7202df7861,bf6633e11acd7695,2428,200,queryForStationId,ts-basic-service
1650269691,ts-travel-service,c7fb9fdc79fc0543,bf6633e11acd7695,bf6633e11acd7695,2580,200,GET,ts-travel-service
1650269691,ts-travel-service,ecd78e824c3c9bd4,bf6633e11acd7695,bf6633e11acd7695,2348,200,GET,ts-travel-service
1650269691,ts-travel-service,a5de50f67a409e77,bf6633e11acd7695,bf6633e11acd7695,11220,200,GET,ts-travel-service
1650269691,ts-travel-service,8e7db6b0567d4c6f,bf6633e11acd7695,bf6633e11acd7695,1949,200,GET,ts-travel-service
1650269691,ts-travel-service,bd42ad8ecc9ebaf0,bf6633e11acd7695,bf6633e11acd7695,2346,200,GET,ts-travel-service
1650269691,ts-travel-service,15cce4229d787d75,bf6633e11acd7695,bf6633e11acd7695,3853,200,GET,ts-travel-service
1650269691,ts-travel-service,bf6633e11acd7695,,bf6633e11acd7695,43762,200,queryInfo,no_parent
1650269691,ts-basic-service,73a28ffe31fed431,b2acab97339eea76,bf6633e11acd7695,3408,200,GET,ts-basic-service
1650269691,ts-basic-service,3aac3c7202df7861,3528cc2a61c77a7b,bf6633e11acd7695,3181,200,GET,ts-basic-service
1650269691,ts-basic-service,3528cc2a61c77a7b,86869b5956889d69,bf6633e11acd7695,5279,200,queryForStationId,ts-ticketinfo-service
1650269691,ts-basic-service,b2acab97339eea76,fecea68651fdf624,bf6633e11acd7695,5796,200,queryForStationId,ts-ticketinfo-service
1650269691,ts-ticketinfo-service,86869b5956889d69,607f3f2185f88a39,bf6633e11acd7695,5926,200,GET,ts-ticketinfo-service
1650269691,ts-ticketinfo-service,263afe27b82644c,a5de50f67a409e77,bf6633e11acd7695,9620,200,queryForStationId,ts-travel-service
1650269691,ts-ticketinfo-service,607f3f2185f88a39,d5eb183ea5a2b0ae,bf6633e11acd7695,8074,200,queryForStationId,ts-travel-service
1650269691,ts-order-service,6e79c50a9b8cecfc,82dd2eca9c80e7a3,4265d18d137757bc,6720,200,securityInfoCheck,ts-security-service
1650269691,ts-station-service,5ac846f953bc116f,87f1cbc9e4000e29,eeeb6fa190a1a848,7728,200,queryForNameBatch,ts-order-service
1650269691,ts-order-service,87f1cbc9e4000e29,eeeb6fa190a1a848,eeeb6fa190a1a848,9957,200,POST,ts-order-service
1650269691,ts-order-service,eeeb6fa190a1a848,,eeeb6fa190a1a848,13581,200,queryOrdersForRefresh,no_parent
1650269691,ts-contacts-service,e2cf43beb1bab147,631f0103377fbbfa,4265d18d137757bc,2340,200,getContactsByContactsId,ts-preserve-service
1650269691,ts-preserve-service,1437731704955b48,4265d18d137757bc,4265d18d137757bc,19231,200,GET,ts-preserve-service
1650269691,ts-security-service,71a6db241f0dd7a,3bfe3cb0db0e1fcf,4265d18d137757bc,4317,200,GET,ts-security-service
1650269691,ts-preserve-service,631f0103377fbbfa,4265d18d137757bc,4265d18d137757bc,3585,200,GET,ts-preserve-service
1650269691,ts-preserve-service,4265d18d137757bc,,4265d18d137757bc,25660,200,preserve,no_parent
1650269691,ts-security-service,82dd2eca9c80e7a3,3bfe3cb0db0e1fcf,4265d18d137757bc,8653,200,GET,ts-security-service
1650269691,ts-security-service,3bfe3cb0db0e1fcf,1437731704955b48,4265d18d137757bc,17568,200,check,ts-preserve-service
1650269691,ts-verification-code-service,996fe4b5979ff94d,,996fe4b5979ff94d,2679,200,imageCode,no_parent
1650269691,ts-auth-service,eb945e72a25015fd,,eb945e72a25015fd,113884,200,getToken,no_parent
1650269691,ts-contacts-service,bf7eb8ae89c66e26,,bf7eb8ae89c66e26,3271,200,findContactsByAccountId,no_parent
1650269691,ts-assurance-service,8ec9b35beec4102e,,8ec9b35beec4102e,1877,200,getAllAssuranceType,no_parent
