timestamp,service_name,span_id,parent_id,trace_id,duration,status_code,operation_name,parent_service_name
1650249654,ts-preserve-service,640f8dc3d5219aff,1ad1bc91544741a5,1ad1bc91544741a5,15948,200,GET,ts-preserve-service
1650249654,ts-contacts-service,24e707ced0f47a54,e9d3bf7c122ab7d6,1ad1bc91544741a5,2448,200,getContactsByContactsId,ts-preserve-service
1650249654,ts-preserve-service,1ad1bc91544741a5,,1ad1bc91544741a5,22482,200,preserve,no_parent
1650249654,ts-preserve-service,e9d3bf7c122ab7d6,1ad1bc91544741a5,1ad1bc91544741a5,3698,200,GET,ts-preserve-service
1650249654,ts-order-other-service,438c28940ec043a3,d6ea05c072dbe582,1ad1bc91544741a5,3573,200,securityInfoCheck,ts-security-service
1650249654,ts-order-service,1a33d7f95e45c4c0,81fdfd8a20bff083,1ad1bc91544741a5,3302,200,securityInfoCheck,ts-security-service
1650249654,ts-security-service,d6ea05c072dbe582,ae7f578d6bc25364,1ad1bc91544741a5,4852,200,GET,ts-security-service
1650249654,ts-security-service,81fdfd8a20bff083,ae7f578d6bc25364,1ad1bc91544741a5,4615,200,GET,ts-security-service
1650249654,ts-security-service,ae7f578d6bc25364,640f8dc3d5219aff,1ad1bc91544741a5,14448,200,check,ts-preserve-service
1650249714,ts-preserve-service,abc0a92c916fd6ff,,abc0a92c916fd6ff,22912,200,preserve,no_parent
1650249714,ts-security-service,e0ba1559f843a7bb,98951cc8c01f3ba4,abc0a92c916fd6ff,4738,200,GET,ts-security-service
1650249714,ts-order-other-service,ca89bc98908c2cf6,7c285c7bc804120d,abc0a92c916fd6ff,3724,200,securityInfoCheck,ts-security-service
1650249714,ts-preserve-service,e5c85b95bb1a19de,abc0a92c916fd6ff,abc0a92c916fd6ff,3663,200,GET,ts-preserve-service
1650249714,ts-order-service,b6085df305d68d38,e0ba1559f843a7bb,abc0a92c916fd6ff,3365,200,securityInfoCheck,ts-security-service
1650249714,ts-preserve-service,aa68de24ec116a6e,abc0a92c916fd6ff,abc0a92c916fd6ff,16241,200,GET,ts-preserve-service
1650249714,ts-contacts-service,c9321624af4c1718,e5c85b95bb1a19de,abc0a92c916fd6ff,2402,200,getContactsByContactsId,ts-preserve-service
1650249714,ts-security-service,7c285c7bc804120d,98951cc8c01f3ba4,abc0a92c916fd6ff,5076,200,GET,ts-security-service
1650249714,ts-security-service,98951cc8c01f3ba4,aa68de24ec116a6e,abc0a92c916fd6ff,14647,200,check,ts-preserve-service
1650249775,ts-preserve-service,b4337b44df7d4c54,,b4337b44df7d4c54,22224,200,preserve,no_parent
1650249775,ts-security-service,850eba6d808753da,3c2225bbb980da46,b4337b44df7d4c54,14010,200,check,ts-preserve-service
1650249775,ts-preserve-service,28b2bde783cba9,b4337b44df7d4c54,b4337b44df7d4c54,3889,200,GET,ts-preserve-service
1650249775,ts-preserve-service,3c2225bbb980da46,b4337b44df7d4c54,b4337b44df7d4c54,15554,200,GET,ts-preserve-service
1650249775,ts-security-service,1d6e13a390f92576,850eba6d808753da,b4337b44df7d4c54,4824,200,GET,ts-security-service
1650249775,ts-order-other-service,f6a12bafcae809ed,e13bc6030cd28557,b4337b44df7d4c54,3233,200,securityInfoCheck,ts-security-service
1650249775,ts-security-service,e13bc6030cd28557,850eba6d808753da,b4337b44df7d4c54,4644,200,GET,ts-security-service
1650249775,ts-contacts-service,b36a3a1d19c3d0c7,28b2bde783cba9,b4337b44df7d4c54,2507,200,getContactsByContactsId,ts-preserve-service
1650249775,ts-order-service,9b824696c24445d8,1d6e13a390f92576,b4337b44df7d4c54,3313,200,securityInfoCheck,ts-security-service
1650249835,ts-preserve-service,dcee0d939ba41220,,dcee0d939ba41220,22774,200,preserve,no_parent
1650249835,ts-contacts-service,694be8019877c2ce,e89c683d86214e87,dcee0d939ba41220,2285,200,getContactsByContactsId,ts-preserve-service
1650249835,ts-security-service,289cd9cf755bed3a,b01f3092d5464149,dcee0d939ba41220,14646,200,check,ts-preserve-service
1650249835,ts-preserve-service,e89c683d86214e87,dcee0d939ba41220,dcee0d939ba41220,3605,200,GET,ts-preserve-service
1650249835,ts-preserve-service,b01f3092d5464149,dcee0d939ba41220,dcee0d939ba41220,16168,200,GET,ts-preserve-service
1650249835,ts-security-service,f6be217e729724a8,289cd9cf755bed3a,dcee0d939ba41220,4848,200,GET,ts-security-service
1650249835,ts-security-service,412a9f0e8ab5f262,289cd9cf755bed3a,dcee0d939ba41220,4718,200,GET,ts-security-service
1650249835,ts-order-other-service,9ab9714f057cca02,412a9f0e8ab5f262,dcee0d939ba41220,3439,200,securityInfoCheck,ts-security-service
1650249835,ts-station-service,8269b37434d6d3fc,4c276b61f9ee7346,6b597fa8bc7b1d97,7752,200,queryForNameBatch,ts-order-service
1650249835,ts-ticketinfo-service,de7be128d2deb11,31dea3a22532415d,6b0a99e246a44184,5417,200,GET,ts-ticketinfo-service
1650249835,ts-order-service,305e36c0f0613c1a,f6be217e729724a8,dcee0d939ba41220,3428,200,securityInfoCheck,ts-security-service
1650249835,ts-ticketinfo-service,31dea3a22532415d,281d8a17db5ce3d2,6b0a99e246a44184,7413,200,queryForStationId,ts-travel-service
1650249835,ts-ticketinfo-service,f1dca07dd0d373,3391c81ccd6300a5,6b0a99e246a44184,7193,200,GET,ts-ticketinfo-service
1650249835,ts-travel-service,6b0a99e246a44184,,6b0a99e246a44184,42839,200,queryInfo,no_parent
1650249835,ts-travel-service,ad655d432a641bbb,6b0a99e246a44184,6b0a99e246a44184,2338,200,GET,ts-travel-service
1650249835,ts-travel-service,ec0b9f4a836946ac,6b0a99e246a44184,6b0a99e246a44184,3087,200,GET,ts-travel-service
1650249835,ts-travel-service,13842d094af174a,6b0a99e246a44184,6b0a99e246a44184,2327,200,GET,ts-travel-service
1650249835,ts-travel-service,281d8a17db5ce3d2,6b0a99e246a44184,6b0a99e246a44184,8045,200,GET,ts-travel-service
1650249835,ts-travel-service,3229f8477f69a2eb,6b0a99e246a44184,6b0a99e246a44184,2377,200,GET,ts-travel-service
1650249835,ts-ticketinfo-service,3391c81ccd6300a5,91473b97e3fc3c3d,6b0a99e246a44184,9679,200,queryForStationId,ts-travel-service
1650249835,ts-basic-service,1c94b352ee7e43df,de7be128d2deb11,6b0a99e246a44184,4693,200,queryForStationId,ts-ticketinfo-service
1650249835,ts-basic-service,76372a9db4b0c7,1c94b352ee7e43df,6b0a99e246a44184,2742,200,GET,ts-basic-service
1650249835,ts-basic-service,3650efbaaa84920b,834dce74632a408e,6b0a99e246a44184,3462,200,GET,ts-basic-service
1650249835,ts-order-service,4c276b61f9ee7346,6b597fa8bc7b1d97,6b597fa8bc7b1d97,9289,200,POST,ts-order-service
1650249835,ts-order-service,6b597fa8bc7b1d97,,6b597fa8bc7b1d97,12624,200,queryOrdersForRefresh,no_parent
1650249835,ts-route-service,b17db91d7d511baf,3229f8477f69a2eb,6b0a99e246a44184,2161,200,queryById,ts-travel-service
1650249835,ts-route-service,700117876f911acb,ad655d432a641bbb,6b0a99e246a44184,2115,200,queryById,ts-travel-service
1650249835,ts-route-service,82463224b9e47066,ec0b9f4a836946ac,6b0a99e246a44184,2527,200,queryById,ts-travel-service
1650249835,ts-station-service,37c7d4c1355fd1c2,76372a9db4b0c7,6b0a99e246a44184,2091,200,queryForStationId,ts-basic-service
1650249835,ts-station-service,25b873d04a0a9458,3650efbaaa84920b,6b0a99e246a44184,2254,200,queryForStationId,ts-basic-service
1650249835,ts-basic-service,834dce74632a408e,f1dca07dd0d373,6b0a99e246a44184,6084,200,queryForStationId,ts-ticketinfo-service
1650249835,ts-travel-service,6b36d582728d3910,6b0a99e246a44184,6b0a99e246a44184,4052,200,GET,ts-travel-service
1650249835,ts-travel-service,91473b97e3fc3c3d,6b0a99e246a44184,6b0a99e246a44184,10841,200,GET,ts-travel-service
1650249835,ts-route-service,1f9cb41b1d81381b,6b36d582728d3910,6b0a99e246a44184,2657,200,queryById,ts-travel-service
1650249835,ts-route-service,627fd037533c9f2f,13842d094af174a,6b0a99e246a44184,2165,200,queryById,ts-travel-service
1650249895,ts-travel-service,eb700b79a72c17c0,f08c754261665e7e,f08c754261665e7e,8072,200,GET,ts-travel-service
1650249895,ts-travel-service,f08c754261665e7e,,f08c754261665e7e,43545,200,queryInfo,no_parent
1650249895,ts-travel-service,350e397437bf59f3,f08c754261665e7e,f08c754261665e7e,2303,200,GET,ts-travel-service
1650249895,ts-travel-service,184b2b3417215864,f08c754261665e7e,f08c754261665e7e,3088,200,GET,ts-travel-service
1650249895,ts-travel-service,8499ab3d7c512a08,f08c754261665e7e,f08c754261665e7e,2329,200,GET,ts-travel-service
1650249895,ts-travel-service,2004ce6d907e17d4,f08c754261665e7e,f08c754261665e7e,3924,200,GET,ts-travel-service
1650249895,ts-route-service,4ba78c4bf292715c,2004ce6d907e17d4,f08c754261665e7e,2567,200,queryById,ts-travel-service
1650249895,ts-route-service,5b31c4c9b22d6e8a,8499ab3d7c512a08,f08c754261665e7e,2126,200,queryById,ts-travel-service
1650249895,ts-route-service,418334e072a99071,350e397437bf59f3,f08c754261665e7e,2105,200,queryById,ts-travel-service
1650249895,ts-station-service,a22c45df0d832014,798c4027aa0aa62e,f08c754261665e7e,2356,200,queryForStationId,ts-basic-service
1650249895,ts-station-service,8958223144614dd3,8078d6d8dfd6ca8,f08c754261665e7e,2113,200,queryForStationId,ts-basic-service
1650249895,ts-auth-service,2e05f906dcde06b3,41be811d9872abb,41be811d9872abb,3738,200,GET,ts-auth-service
1650249895,ts-travel-service,e355440c983a43e,f08c754261665e7e,f08c754261665e7e,11174,200,GET,ts-travel-service
1650249895,ts-travel-service,fc0b5e1936e6254a,f08c754261665e7e,f08c754261665e7e,2360,200,GET,ts-travel-service
1650249895,ts-route-service,1bd67d334a23777f,184b2b3417215864,f08c754261665e7e,2555,200,queryById,ts-travel-service
1650249895,ts-route-service,ba1238db621d5333,fc0b5e1936e6254a,f08c754261665e7e,2168,200,queryById,ts-travel-service
1650249895,ts-preserve-service,4fb4f3e4a97ee5f6,f2aa3522de3afc76,f2aa3522de3afc76,3495,200,GET,ts-preserve-service
1650249895,ts-preserve-service,f2aa3522de3afc76,,f2aa3522de3afc76,21731,200,preserve,no_parent
1650249895,ts-preserve-service,a85d2029920fb78f,f2aa3522de3afc76,f2aa3522de3afc76,15131,200,GET,ts-preserve-service
1650249895,ts-order-service,7024a6e33065b1da,df6dd008aae4d410,f2aa3522de3afc76,3303,200,securityInfoCheck,ts-security-service
1650249895,ts-order-other-service,5392e9dc63288f79,5447d5451cb621fb,f2aa3522de3afc76,3502,200,securityInfoCheck,ts-security-service
1650249895,ts-security-service,df6dd008aae4d410,7fd2d0adfd0e3107,f2aa3522de3afc76,4773,200,GET,ts-security-service
1650249895,ts-security-service,5447d5451cb621fb,7fd2d0adfd0e3107,f2aa3522de3afc76,4852,200,GET,ts-security-service
1650249895,ts-security-service,7fd2d0adfd0e3107,a85d2029920fb78f,f2aa3522de3afc76,13553,200,check,ts-preserve-service
1650249895,ts-ticketinfo-service,881cdf7f0842007d,3ac3dd14af7f8439,f08c754261665e7e,7082,200,GET,ts-ticketinfo-service
1650249895,ts-basic-service,37cc74de6cf1439c,881cdf7f0842007d,f08c754261665e7e,5918,200,queryForStationId,ts-ticketinfo-service
1650249895,ts-basic-service,798c4027aa0aa62e,37cc74de6cf1439c,f08c754261665e7e,3444,200,GET,ts-basic-service
1650249895,ts-ticketinfo-service,3ac3dd14af7f8439,e355440c983a43e,f08c754261665e7e,9611,200,queryForStationId,ts-travel-service
1650249895,ts-ticketinfo-service,bde75328f444d5dd,2b0cb46cedde6609,f08c754261665e7e,5410,200,GET,ts-ticketinfo-service
1650249895,ts-ticketinfo-service,2b0cb46cedde6609,eb700b79a72c17c0,f08c754261665e7e,7387,200,queryForStationId,ts-travel-service
1650249895,ts-basic-service,8078d6d8dfd6ca8,21b5be9396b94eba,f08c754261665e7e,2760,200,GET,ts-basic-service
1650249895,ts-basic-service,21b5be9396b94eba,bde75328f444d5dd,f08c754261665e7e,4688,200,queryForStationId,ts-ticketinfo-service
1650249895,ts-contacts-service,96c40c56f23f25b8,4fb4f3e4a97ee5f6,f2aa3522de3afc76,2171,200,getContactsByContactsId,ts-preserve-service
1650249895,ts-assurance-service,6ecf0884f4fc74a5,,6ecf0884f4fc74a5,1596,200,getAllAssuranceType,no_parent
1650249895,ts-station-service,b66865ac806e1357,1fca17d12f709540,b04cbea03d210e38,8004,200,queryForNameBatch,ts-order-service
1650249895,ts-order-service,1fca17d12f709540,b04cbea03d210e38,b04cbea03d210e38,9748,200,POST,ts-order-service
1650249895,ts-order-service,b04cbea03d210e38,,b04cbea03d210e38,13161,200,queryOrdersForRefresh,no_parent
1650249895,ts-verification-code-service,f51132a74d47dd9b,2e05f906dcde06b3,41be811d9872abb,2055,200,verifyCode,ts-auth-service
1650249895,ts-auth-service,41be811d9872abb,,41be811d9872abb,110458,200,getToken,no_parent
1650249895,ts-contacts-service,9960fabf2cc95884,,9960fabf2cc95884,2840,200,findContactsByAccountId,no_parent
1650250079,ts-auth-service,a0f38a836a731420,2631c34927bf0e92,2631c34927bf0e92,2974,200,GET,ts-auth-service
1650250079,ts-auth-service,2631c34927bf0e92,,2631c34927bf0e92,117151,200,getToken,no_parent
1650250079,ts-travel-service,2d7cf3d4cefbb78a,6686ba52ac1d71bb,6686ba52ac1d71bb,11933,200,GET,ts-travel-service
1650250079,ts-ticketinfo-service,ea4f758fd69cad73,a27f70f2eefe2cce,6686ba52ac1d71bb,5741,200,GET,ts-ticketinfo-service
1650250079,ts-ticketinfo-service,7d4dfbaba2b2703,2d7cf3d4cefbb78a,6686ba52ac1d71bb,10191,200,queryForStationId,ts-travel-service
1650250079,ts-ticketinfo-service,a27f70f2eefe2cce,a65f10a1144215cf,6686ba52ac1d71bb,7610,200,queryForStationId,ts-travel-service
1650250079,ts-route-service,5f597ef6e38d8652,32ad6340c94c167e,6686ba52ac1d71bb,2527,200,queryById,ts-travel-service
1650250079,ts-station-service,a94e69f00d9040bd,3081d81f8b8aeb35,6686ba52ac1d71bb,2703,200,queryForStationId,ts-basic-service
1650250079,ts-station-service,de7ee28ae53c7fc3,dc66b3470048ad3b,6686ba52ac1d71bb,2084,200,queryForStationId,ts-basic-service
1650250079,ts-basic-service,3081d81f8b8aeb35,cb68111cc3ab4562,6686ba52ac1d71bb,3913,200,GET,ts-basic-service
1650250079,ts-basic-service,cb68111cc3ab4562,a8c4a6a4f00c1232,6686ba52ac1d71bb,6593,200,queryForStationId,ts-ticketinfo-service
1650250079,ts-basic-service,7f1edcf5046e7be6,ea4f758fd69cad73,6686ba52ac1d71bb,4985,200,queryForStationId,ts-ticketinfo-service
1650250079,ts-basic-service,dc66b3470048ad3b,7f1edcf5046e7be6,6686ba52ac1d71bb,2940,200,GET,ts-basic-service
1650250079,ts-ticketinfo-service,a8c4a6a4f00c1232,7d4dfbaba2b2703,6686ba52ac1d71bb,7769,200,GET,ts-ticketinfo-service
1650250079,ts-verification-code-service,30fe2682ec89767,a0f38a836a731420,2631c34927bf0e92,1017,200,verifyCode,ts-auth-service
1650250079,ts-travel-service,32ad6340c94c167e,6686ba52ac1d71bb,6686ba52ac1d71bb,3323,200,GET,ts-travel-service
1650250079,ts-travel-service,d1aea09bd4d5aa53,6686ba52ac1d71bb,6686ba52ac1d71bb,2480,200,GET,ts-travel-service
1650250079,ts-travel-service,ca4605bba86ea9f8,6686ba52ac1d71bb,6686ba52ac1d71bb,2740,200,GET,ts-travel-service
1650250079,ts-route-service,7578593ed35f7628,3cb519896fa85318,6686ba52ac1d71bb,5802,200,queryById,ts-travel-service
1650250079,ts-route-service,598d2bb43da10f31,b2471d53d10e3ae5,6686ba52ac1d71bb,2213,200,queryById,ts-travel-service
1650250079,ts-route-service,2a92d571024ea277,d1aea09bd4d5aa53,6686ba52ac1d71bb,2252,200,queryById,ts-travel-service
1650250079,ts-route-service,aba39e1d9ab59aa3,ca4605bba86ea9f8,6686ba52ac1d71bb,2569,200,queryById,ts-travel-service
1650250079,ts-travel-service,b2471d53d10e3ae5,6686ba52ac1d71bb,6686ba52ac1d71bb,2466,200,GET,ts-travel-service
1650250079,ts-travel-service,6686ba52ac1d71bb,,6686ba52ac1d71bb,49538,200,queryInfo,no_parent
1650250079,ts-travel-service,3cb519896fa85318,6686ba52ac1d71bb,6686ba52ac1d71bb,7574,200,GET,ts-travel-service
1650250079,ts-travel-service,a65f10a1144215cf,6686ba52ac1d71bb,6686ba52ac1d71bb,8122,200,GET,ts-travel-service
1650250079,ts-verification-code-service,96648594e49d300d,,96648594e49d300d,2147,200,imageCode,no_parent
1650250079,ts-assurance-service,d6a4de37e6a3bbc4,,d6a4de37e6a3bbc4,1582,200,getAllAssuranceType,no_parent
1650250139,ts-travel-service,a8c7be4da10be93b,a2a6abc207dd46df,a2a6abc207dd46df,2922,200,GET,ts-travel-service
1650250139,ts-travel-service,1675006a854d0bb4,a2a6abc207dd46df,a2a6abc207dd46df,6420,200,GET,ts-travel-service
1650250139,ts-contacts-service,e6f88b8773904480,,e6f88b8773904480,2554,200,findContactsByAccountId,no_parent
1650250139,ts-route-service,54b75ecd4c466642,b4c297766128117b,a2a6abc207dd46df,1227,200,queryById,ts-travel-service
1650250139,ts-route-service,9990b31db2dc13ad,6c0fda6da57e2e96,a2a6abc207dd46df,1546,200,queryById,ts-travel-service
1650250139,ts-station-service,d9b07a58aebe16b3,f916c7749aeb3ee4,a2a6abc207dd46df,1596,200,queryForStationId,ts-basic-service
1650250139,ts-order-service,8310cb88c153e062,f2af8b5eb5c8829b,3e69707155902bec,2802,200,securityInfoCheck,ts-security-service
1650250139,ts-preserve-service,3e69707155902bec,,3e69707155902bec,17396,200,preserve,no_parent
1650250139,ts-travel-service,6c0fda6da57e2e96,a2a6abc207dd46df,a2a6abc207dd46df,1863,200,GET,ts-travel-service
1650250139,ts-travel-service,951a6faec0cb5848,a2a6abc207dd46df,a2a6abc207dd46df,1225,200,GET,ts-travel-service
1650250139,ts-route-service,b10043ddd38b25a4,a8c7be4da10be93b,a2a6abc207dd46df,2127,200,queryById,ts-travel-service
1650250139,ts-route-service,5d338f952ef1c5c3,951a6faec0cb5848,a2a6abc207dd46df,1133,200,queryById,ts-travel-service
1650250139,ts-route-service,ae9ce3c9255fdc3a,18cd03729fe9621c,a2a6abc207dd46df,1480,200,queryById,ts-travel-service
1650250139,ts-ticketinfo-service,f15d22fa80ec0482,99912fdd754caf75,a2a6abc207dd46df,4370,200,GET,ts-ticketinfo-service
1650250139,ts-basic-service,168c70e20b48504b,7e803c46008c0278,a2a6abc207dd46df,1856,200,GET,ts-basic-service
1650250139,ts-basic-service,7e803c46008c0278,f15d22fa80ec0482,a2a6abc207dd46df,3518,200,queryForStationId,ts-ticketinfo-service
1650250139,ts-verification-code-service,ab6661b0862cb9ef,d7c7c88fbd89ce97,1af7832aae684bff,1183,200,verifyCode,ts-auth-service
1650250139,ts-auth-service,d7c7c88fbd89ce97,1af7832aae684bff,1af7832aae684bff,2323,200,GET,ts-auth-service
1650250139,ts-auth-service,1af7832aae684bff,,1af7832aae684bff,124532,200,getToken,no_parent
1650250139,ts-travel-service,b4c297766128117b,a2a6abc207dd46df,a2a6abc207dd46df,1318,200,GET,ts-travel-service
1650250139,ts-travel-service,18cd03729fe9621c,a2a6abc207dd46df,a2a6abc207dd46df,1571,200,GET,ts-travel-service
1650250139,ts-travel-service,a2a6abc207dd46df,,a2a6abc207dd46df,30942,200,queryInfo,no_parent
1650250139,ts-security-service,f2af8b5eb5c8829b,19b5af6a23eeceba,3e69707155902bec,4037,200,GET,ts-security-service
1650250139,ts-security-service,f7e751886a265fed,19b5af6a23eeceba,3e69707155902bec,3604,200,GET,ts-security-service
1650250139,ts-security-service,19b5af6a23eeceba,697047e59e108a17,3e69707155902bec,11372,200,check,ts-preserve-service
1650250139,ts-contacts-service,a3bb031a2bb0c037,64a918ecfaff5c0b,3e69707155902bec,1585,200,getContactsByContactsId,ts-preserve-service
1650250139,ts-preserve-service,64a918ecfaff5c0b,3e69707155902bec,3e69707155902bec,2536,200,GET,ts-preserve-service
1650250139,ts-assurance-service,71401df1dccd0c07,,71401df1dccd0c07,1338,200,getAllAssuranceType,no_parent
1650250139,ts-ticketinfo-service,c40d9c02cc7977fa,1d512ed15ecb4a40,a2a6abc207dd46df,5209,200,GET,ts-ticketinfo-service
1650250139,ts-ticketinfo-service,1d512ed15ecb4a40,21dc2f9a77e1d2ce,a2a6abc207dd46df,7022,200,queryForStationId,ts-travel-service
1650250139,ts-ticketinfo-service,99912fdd754caf75,1675006a854d0bb4,a2a6abc207dd46df,6053,200,queryForStationId,ts-travel-service
1650250139,ts-travel-service,21dc2f9a77e1d2ce,a2a6abc207dd46df,a2a6abc207dd46df,8088,200,GET,ts-travel-service
1650250139,ts-preserve-service,697047e59e108a17,3e69707155902bec,3e69707155902bec,12525,200,GET,ts-preserve-service
1650250139,ts-station-service,97166c652f461c34,168c70e20b48504b,a2a6abc207dd46df,1438,200,queryForStationId,ts-basic-service
1650250139,ts-basic-service,f916c7749aeb3ee4,b08f60d4bbbf93b,a2a6abc207dd46df,2491,200,GET,ts-basic-service
1650250139,ts-basic-service,b08f60d4bbbf93b,c40d9c02cc7977fa,a2a6abc207dd46df,4420,200,queryForStationId,ts-ticketinfo-service
1650250139,ts-order-other-service,d156e2a9c564f027,f7e751886a265fed,3e69707155902bec,2524,200,securityInfoCheck,ts-security-service
1650250139,ts-verification-code-service,ebaa3a09a2363704,,ebaa3a09a2363704,2242,200,imageCode,no_parent
1650250139,ts-station-service,77a0067caae869bc,86d32b4a952a0772,1b29f9604d288440,4819,200,queryForNameBatch,ts-order-service
1650250139,ts-order-service,86d32b4a952a0772,1b29f9604d288440,1b29f9604d288440,5781,200,POST,ts-order-service
1650250139,ts-order-service,1b29f9604d288440,,1b29f9604d288440,8170,200,queryOrdersForRefresh,no_parent
1650250199,ts-order-service,617de1f90493be1c,98fc9cf0951860d8,d1d16e7f41effcd9,2507,200,securityInfoCheck,ts-security-service
1650250199,ts-order-other-service,9a510d53715cbf3,32b4cd9d855a8561,d1d16e7f41effcd9,2861,200,securityInfoCheck,ts-security-service
1650250199,ts-auth-service,1f64807aa2a6fe52,,1f64807aa2a6fe52,142293,200,getToken,no_parent
1650250199,ts-contacts-service,1048ef98b8323030,,1048ef98b8323030,2541,200,findContactsByAccountId,no_parent
1650250199,ts-contacts-service,463e433b1e41e8f3,221341b0dc416d55,d1d16e7f41effcd9,1970,200,getContactsByContactsId,ts-preserve-service
1650250199,ts-preserve-service,6812d3783586cd43,d1d16e7f41effcd9,d1d16e7f41effcd9,12388,200,GET,ts-preserve-service
1650250199,ts-preserve-service,221341b0dc416d55,d1d16e7f41effcd9,d1d16e7f41effcd9,2807,200,GET,ts-preserve-service
1650250199,ts-preserve-service,d1d16e7f41effcd9,,d1d16e7f41effcd9,17433,200,preserve,no_parent
1650250199,ts-auth-service,2dd4508dca07db0d,1f64807aa2a6fe52,1f64807aa2a6fe52,2796,200,GET,ts-auth-service
1650250199,ts-verification-code-service,4bfd69d2fa82f5db,2dd4508dca07db0d,1f64807aa2a6fe52,1447,200,verifyCode,ts-auth-service
1650250199,ts-verification-code-service,dedea46b4e5e8c80,,dedea46b4e5e8c80,2350,200,imageCode,no_parent
1650250199,ts-station-service,652c7cdec781a5e3,1c05f1c4bab13994,26e7d4a6a6cf2f4f,5044,200,queryForNameBatch,ts-order-service
1650250199,ts-order-service,26e7d4a6a6cf2f4f,,26e7d4a6a6cf2f4f,8908,200,queryOrdersForRefresh,no_parent
1650250199,ts-security-service,32b4cd9d855a8561,9c89e657d3a1dd80,d1d16e7f41effcd9,4064,200,GET,ts-security-service
1650250199,ts-order-service,1c05f1c4bab13994,26e7d4a6a6cf2f4f,26e7d4a6a6cf2f4f,6423,200,POST,ts-order-service
1650250199,ts-security-service,9c89e657d3a1dd80,6812d3783586cd43,d1d16e7f41effcd9,11234,200,check,ts-preserve-service
1650250199,ts-security-service,98fc9cf0951860d8,9c89e657d3a1dd80,d1d16e7f41effcd9,3465,200,GET,ts-security-service
1650250200,ts-route-service,601e95063da2f5a,b8a8cf6e5544d2de,872b071f61a9b8ba,1688,200,queryById,ts-travel-service
1650250200,ts-station-service,177483adc2d1efb2,59f7228b37501816,872b071f61a9b8ba,2096,200,queryForStationId,ts-basic-service
1650250200,ts-ticketinfo-service,bff76edbb24ba76b,d258837052c6f2d1,872b071f61a9b8ba,6651,200,queryForStationId,ts-travel-service
1650250200,ts-basic-service,2ef6a50a4d47ce24,e886fe2139e44ca7,872b071f61a9b8ba,5165,200,queryForStationId,ts-ticketinfo-service
1650250200,ts-ticketinfo-service,cd9550b9a7685ab8,bff76edbb24ba76b,872b071f61a9b8ba,4568,200,GET,ts-ticketinfo-service
1650250200,ts-travel-service,872b071f61a9b8ba,,872b071f61a9b8ba,36731,200,queryInfo,no_parent
1650250200,ts-travel-service,d258837052c6f2d1,872b071f61a9b8ba,872b071f61a9b8ba,7063,200,GET,ts-travel-service
1650250200,ts-ticketinfo-service,e886fe2139e44ca7,2c52610d31bd664b,872b071f61a9b8ba,6175,200,GET,ts-ticketinfo-service
1650250200,ts-route-service,fb5f20c74a04e0e0,19941b410b349824,872b071f61a9b8ba,1435,200,queryById,ts-travel-service
1650250200,ts-travel-service,34e6f91061344bf2,872b071f61a9b8ba,872b071f61a9b8ba,2639,200,GET,ts-travel-service
1650250200,ts-travel-service,4a0c6f5f317b9a66,872b071f61a9b8ba,872b071f61a9b8ba,9625,200,GET,ts-travel-service
1650250200,ts-travel-service,e100ba33a4964603,872b071f61a9b8ba,872b071f61a9b8ba,3335,200,GET,ts-travel-service
1650250200,ts-station-service,fc44a66d060eb589,e78e4c9574106c14,872b071f61a9b8ba,1993,200,queryForStationId,ts-basic-service
1650250200,ts-basic-service,e78e4c9574106c14,81dd908b30f53a4,872b071f61a9b8ba,2480,200,GET,ts-basic-service
1650250200,ts-travel-service,19941b410b349824,872b071f61a9b8ba,872b071f61a9b8ba,1546,200,GET,ts-travel-service
1650250200,ts-travel-service,ddf82887501361f0,872b071f61a9b8ba,872b071f61a9b8ba,1871,200,GET,ts-travel-service
1650250200,ts-basic-service,81dd908b30f53a4,cd9550b9a7685ab8,872b071f61a9b8ba,4293,200,queryForStationId,ts-ticketinfo-service
1650250200,ts-basic-service,59f7228b37501816,2ef6a50a4d47ce24,872b071f61a9b8ba,3048,200,GET,ts-basic-service
1650250200,ts-route-service,57c6fab04e706136,e100ba33a4964603,872b071f61a9b8ba,2193,200,queryById,ts-travel-service
1650250200,ts-route-service,727bd607a1535c06,34e6f91061344bf2,872b071f61a9b8ba,2220,200,queryById,ts-travel-service
1650250200,ts-ticketinfo-service,2c52610d31bd664b,4a0c6f5f317b9a66,872b071f61a9b8ba,8308,200,queryForStationId,ts-travel-service
1650250200,ts-travel-service,b8a8cf6e5544d2de,872b071f61a9b8ba,872b071f61a9b8ba,1852,200,GET,ts-travel-service
1650250200,ts-route-service,3be01f0a3c3ca3ed,ddf82887501361f0,872b071f61a9b8ba,1598,200,queryById,ts-travel-service
1650250200,ts-assurance-service,988bc034da8361c6,,988bc034da8361c6,1423,200,getAllAssuranceType,no_parent
1650250260,ts-verification-code-service,e5fc86472641c6dc,62ed27b64b3b0860,516b51ae64b5e506,1569,200,verifyCode,ts-auth-service
1650250260,ts-auth-service,516b51ae64b5e506,,516b51ae64b5e506,126043,200,getToken,no_parent
1650250260,ts-auth-service,62ed27b64b3b0860,516b51ae64b5e506,516b51ae64b5e506,2790,200,GET,ts-auth-service
1650250260,ts-station-service,a304cc5378f5630b,5e633273ce07b675,48c48015ae384c,1474,200,queryForStationId,ts-basic-service
1650250260,ts-station-service,a1913c3ffc07e92f,af43ddd46afec98b,48c48015ae384c,1796,200,queryForStationId,ts-basic-service
1650250260,ts-basic-service,9d17de7b12cb3f3,1eb79ec1df823b8c,48c48015ae384c,4680,200,queryForStationId,ts-ticketinfo-service
1650250260,ts-basic-service,af43ddd46afec98b,9d17de7b12cb3f3,48c48015ae384c,2521,200,GET,ts-basic-service
1650250260,ts-basic-service,5e633273ce07b675,2733013c7a80e433,48c48015ae384c,1968,200,GET,ts-basic-service
1650250260,ts-basic-service,2733013c7a80e433,3ab2e76843af133a,48c48015ae384c,3399,200,queryForStationId,ts-ticketinfo-service
1650250260,ts-travel-service,3c3bab3efc45561c,48c48015ae384c,48c48015ae384c,2082,200,GET,ts-travel-service
1650250260,ts-travel-service,4a7f75b44b451a5b,48c48015ae384c,48c48015ae384c,1407,200,GET,ts-travel-service
1650250260,ts-travel-service,48c48015ae384c,,48c48015ae384c,34672,200,queryInfo,no_parent
1650250260,ts-route-service,1c58102e2eda1214,4a7f75b44b451a5b,48c48015ae384c,1309,200,queryById,ts-travel-service
1650250260,ts-route-service,7bf0e24b317e7732,bd970c76d22e4d81,48c48015ae384c,1658,200,queryById,ts-travel-service
1650250260,ts-route-service,daa7f56477373314,6b5e663bf7bd829d,48c48015ae384c,1542,200,queryById,ts-travel-service
1650250260,ts-route-service,7a40bf5b19c7dda4,c9fdbaffb0a78d1a,48c48015ae384c,1437,200,queryById,ts-travel-service
1650250260,ts-route-service,645f3f59336f9317,3c3bab3efc45561c,48c48015ae384c,1940,200,queryById,ts-travel-service
1650250260,ts-ticketinfo-service,602df66a145a1f08,db47d1e2bd125dd3,48c48015ae384c,7434,200,queryForStationId,ts-travel-service
1650250260,ts-ticketinfo-service,3ab2e76843af133a,b1c850aabe8cedc6,48c48015ae384c,3822,200,GET,ts-ticketinfo-service
1650250260,ts-ticketinfo-service,b1c850aabe8cedc6,e5e2b92bf805b8b7,48c48015ae384c,5391,200,queryForStationId,ts-travel-service
1650250260,ts-travel-service,e5e2b92bf805b8b7,48c48015ae384c,48c48015ae384c,5886,200,GET,ts-travel-service
1650250260,ts-travel-service,db47d1e2bd125dd3,48c48015ae384c,48c48015ae384c,8750,200,GET,ts-travel-service
1650250260,ts-ticketinfo-service,1eb79ec1df823b8c,602df66a145a1f08,48c48015ae384c,5364,200,GET,ts-ticketinfo-service
1650250260,ts-travel-service,c9fdbaffb0a78d1a,48c48015ae384c,48c48015ae384c,1535,200,GET,ts-travel-service
1650250260,ts-travel-service,bd970c76d22e4d81,48c48015ae384c,48c48015ae384c,3228,200,GET,ts-travel-service
1650250260,ts-travel-service,6b5e663bf7bd829d,48c48015ae384c,48c48015ae384c,1863,200,GET,ts-travel-service
1650250260,ts-verification-code-service,c5ebe95ab90d6bdc,,c5ebe95ab90d6bdc,2250,200,imageCode,no_parent
1650250260,ts-security-service,92475a0629b5c96e,7295a68aea91f564,5c1681574f318618,4021,200,GET,ts-security-service
1650250260,ts-security-service,705465f6eac943da,7295a68aea91f564,5c1681574f318618,4158,200,GET,ts-security-service
1650250260,ts-security-service,7295a68aea91f564,67808c1fa4eb2b39,5c1681574f318618,11741,200,check,ts-preserve-service
1650250260,ts-contacts-service,c891a04e361b9ff,97ca4b92cc3619c,5c1681574f318618,1721,200,getContactsByContactsId,ts-preserve-service
1650250260,ts-preserve-service,67808c1fa4eb2b39,5c1681574f318618,5c1681574f318618,12733,200,GET,ts-preserve-service
1650250260,ts-preserve-service,97ca4b92cc3619c,5c1681574f318618,5c1681574f318618,2549,200,GET,ts-preserve-service
1650250260,ts-preserve-service,5c1681574f318618,,5c1681574f318618,17699,200,preserve,no_parent
1650250260,ts-order-service,a4542fa48ab823,92475a0629b5c96e,5c1681574f318618,2868,200,securityInfoCheck,ts-security-service
1650250260,ts-order-other-service,52a6018cd3fe90ad,705465f6eac943da,5c1681574f318618,2869,200,securityInfoCheck,ts-security-service
1650250260,ts-order-service,424b41ccbd19b9bc,7208fe72ab60cb56,7208fe72ab60cb56,6171,200,POST,ts-order-service
1650250260,ts-order-service,7208fe72ab60cb56,,7208fe72ab60cb56,8675,200,queryOrdersForRefresh,no_parent
1650250260,ts-station-service,bae08613607b6339,424b41ccbd19b9bc,7208fe72ab60cb56,5071,200,queryForNameBatch,ts-order-service
1650250260,ts-assurance-service,f9ea05387d841a51,,f9ea05387d841a51,1302,200,getAllAssuranceType,no_parent
1650250260,ts-contacts-service,18b2f86938349545,,18b2f86938349545,2589,200,findContactsByAccountId,no_parent
1650250320,ts-travel-service,3b86e6155e49832f,3699faf229151418,3699faf229151418,1526,200,GET,ts-travel-service
1650250320,ts-contacts-service,53c5934353b8f092,,53c5934353b8f092,2478,200,findContactsByAccountId,no_parent
1650250320,ts-security-service,f3a4aef753c40f76,bbecf28cd0d12ee4,4c51e2945199b95f,4043,200,GET,ts-security-service
1650250320,ts-security-service,847799aee407e824,bbecf28cd0d12ee4,4c51e2945199b95f,3539,200,GET,ts-security-service
1650250320,ts-security-service,bbecf28cd0d12ee4,44123d1e851cf47,4c51e2945199b95f,11438,200,check,ts-preserve-service
1650250320,ts-contacts-service,55f30b6106cd6203,e17d284b4f12e4ca,4c51e2945199b95f,1650,200,getContactsByContactsId,ts-preserve-service
1650250320,ts-preserve-service,44123d1e851cf47,4c51e2945199b95f,4c51e2945199b95f,12425,200,GET,ts-preserve-service
1650250320,ts-preserve-service,4c51e2945199b95f,,4c51e2945199b95f,16768,200,preserve,no_parent
1650250320,ts-order-service,61aa3f560ba13511,f3a4aef753c40f76,4c51e2945199b95f,2995,200,securityInfoCheck,ts-security-service
1650250320,ts-order-other-service,fda317d59f56e613,847799aee407e824,4c51e2945199b95f,2653,200,securityInfoCheck,ts-security-service
1650250320,ts-assurance-service,7fe35e794740de41,,7fe35e794740de41,1340,200,getAllAssuranceType,no_parent
1650250320,ts-order-service,6ab514274ce29ef3,,6ab514274ce29ef3,8121,200,queryOrdersForRefresh,no_parent
1650250320,ts-route-service,f757e6ee7248e575,233a85605a5e34d8,3699faf229151418,1456,200,queryById,ts-travel-service
1650250320,ts-route-service,a71b20f5950b271e,3b86e6155e49832f,3699faf229151418,1431,200,queryById,ts-travel-service
1650250320,ts-travel-service,d95bf9817cb5d2a3,3699faf229151418,3699faf229151418,1734,200,GET,ts-travel-service
1650250320,ts-route-service,1d729b80ad287219,d95bf9817cb5d2a3,3699faf229151418,1185,200,queryById,ts-travel-service
1650250320,ts-route-service,3d0b98132d8f860b,65ca903be321d302,3699faf229151418,1354,200,queryById,ts-travel-service
1650250320,ts-route-service,f48df22d0d6b3a1f,3aa172a192f69c2b,3699faf229151418,2027,200,queryById,ts-travel-service
1650250320,ts-station-service,b50cc0eb1bf058f2,340b90676245942b,3699faf229151418,1436,200,queryForStationId,ts-basic-service
1650250320,ts-ticketinfo-service,e7f4defad561c1be,89ccc8769d47867b,3699faf229151418,11964,200,GET,ts-ticketinfo-service
1650250320,ts-ticketinfo-service,89ccc8769d47867b,c21cc377eb2be105,3699faf229151418,12971,200,queryForStationId,ts-travel-service
1650250320,ts-ticketinfo-service,372200b76e679e2c,f85943fecc1ca163,3699faf229151418,6951,200,queryForStationId,ts-travel-service
1650250320,ts-travel-service,c21cc377eb2be105,3699faf229151418,3699faf229151418,13576,200,GET,ts-travel-service
1650250320,ts-travel-service,f85943fecc1ca163,3699faf229151418,3699faf229151418,8066,200,GET,ts-travel-service
1650250320,ts-basic-service,d1d2a233caa94357,e7f4defad561c1be,3699faf229151418,11216,200,queryForStationId,ts-ticketinfo-service
1650250320,ts-ticketinfo-service,135eaabd826f3aa0,372200b76e679e2c,3699faf229151418,5147,200,GET,ts-ticketinfo-service
1650250320,ts-travel-service,3699faf229151418,,3699faf229151418,38318,200,queryInfo,no_parent
1650250320,ts-travel-service,233a85605a5e34d8,3699faf229151418,3699faf229151418,1653,200,GET,ts-travel-service
1650250320,ts-travel-service,65ca903be321d302,3699faf229151418,3699faf229151418,1438,200,GET,ts-travel-service
1650250320,ts-travel-service,3aa172a192f69c2b,3699faf229151418,3699faf229151418,3144,200,GET,ts-travel-service
1650250320,ts-basic-service,468a2138978de6b9,47dd64a56385ce21,3699faf229151418,2208,200,GET,ts-basic-service
1650250320,ts-basic-service,340b90676245942b,d1d2a233caa94357,3699faf229151418,1810,200,GET,ts-basic-service
1650250320,ts-basic-service,47dd64a56385ce21,135eaabd826f3aa0,3699faf229151418,4244,200,queryForStationId,ts-ticketinfo-service
1650250320,ts-station-service,b6dff81d0c235f09,468a2138978de6b9,3699faf229151418,1432,200,queryForStationId,ts-basic-service
1650250320,ts-verification-code-service,4c5b17774574fca,e23761ee74841c46,9897f2763ae9c667,1499,200,verifyCode,ts-auth-service
1650250320,ts-preserve-service,e17d284b4f12e4ca,4c51e2945199b95f,4c51e2945199b95f,2387,200,GET,ts-preserve-service
1650250320,ts-station-service,bddb65a386144a2b,154a62bfc9104e6b,6ab514274ce29ef3,4733,200,queryForNameBatch,ts-order-service
1650250320,ts-order-service,154a62bfc9104e6b,6ab514274ce29ef3,6ab514274ce29ef3,5716,200,POST,ts-order-service
1650250320,ts-verification-code-service,fb28cf0a2556ec0b,,fb28cf0a2556ec0b,3212,200,imageCode,no_parent
1650250320,ts-auth-service,e23761ee74841c46,9897f2763ae9c667,9897f2763ae9c667,2606,200,GET,ts-auth-service
1650250320,ts-auth-service,9897f2763ae9c667,,9897f2763ae9c667,125222,200,getToken,no_parent
1650250380,ts-basic-service,5e6ff34186cb07fb,6c82acc62079c522,32dcd9f3abe3653d,3486,200,queryForStationId,ts-ticketinfo-service
1650250380,ts-basic-service,73fe6993ca349f6d,838515a02c52fc1f,32dcd9f3abe3653d,4465,200,queryForStationId,ts-ticketinfo-service
1650250380,ts-ticketinfo-service,838515a02c52fc1f,4e2e34e04a951f2b,32dcd9f3abe3653d,5285,200,GET,ts-ticketinfo-service
1650250380,ts-preserve-service,b2db0a8dacc44da,94ae211c24d5d85e,94ae211c24d5d85e,12935,200,GET,ts-preserve-service
1650250380,ts-preserve-service,d1de25f326ba7669,94ae211c24d5d85e,94ae211c24d5d85e,3327,200,GET,ts-preserve-service
1650250380,ts-travel-service,4e8a3c8b7e7881e0,32dcd9f3abe3653d,32dcd9f3abe3653d,5734,200,GET,ts-travel-service
1650250380,ts-travel-service,2fd1c2537c41c9fe,32dcd9f3abe3653d,32dcd9f3abe3653d,1713,200,GET,ts-travel-service
1650250380,ts-travel-service,32dcd9f3abe3653d,,32dcd9f3abe3653d,34051,200,queryInfo,no_parent
1650250380,ts-travel-service,4e71961f3e7037f7,32dcd9f3abe3653d,32dcd9f3abe3653d,1606,200,GET,ts-travel-service
1650250380,ts-route-service,d493a8dc9837df34,8bdf3f3909337da3,32dcd9f3abe3653d,1791,200,queryById,ts-travel-service
1650250380,ts-route-service,df7a0605d0e5cec5,4e71961f3e7037f7,32dcd9f3abe3653d,1464,200,queryById,ts-travel-service
1650250380,ts-travel-service,43dcc9c3109dafea,32dcd9f3abe3653d,32dcd9f3abe3653d,2379,200,GET,ts-travel-service
1650250380,ts-travel-service,d3a301060a339234,32dcd9f3abe3653d,32dcd9f3abe3653d,1860,200,GET,ts-travel-service
1650250380,ts-auth-service,618a8cc1da97d042,,618a8cc1da97d042,125663,200,getToken,no_parent
1650250380,ts-verification-code-service,c11f98c2bf6c57c8,79b9bea83b69be25,618a8cc1da97d042,1538,200,verifyCode,ts-auth-service
1650250380,ts-ticketinfo-service,4e2e34e04a951f2b,36451ca683ecad3,32dcd9f3abe3653d,7144,200,queryForStationId,ts-travel-service
1650250380,ts-security-service,638b19b9b51cb93,d9d6c77033b53922,94ae211c24d5d85e,4336,200,GET,ts-security-service
1650250380,ts-route-service,132f0811bfe28b16,2fd1c2537c41c9fe,32dcd9f3abe3653d,1311,200,queryById,ts-travel-service
1650250380,ts-route-service,1fa24da27646ff32,43dcc9c3109dafea,32dcd9f3abe3653d,2194,200,queryById,ts-travel-service
1650250380,ts-route-service,9de7bdf5e66e1e4e,d3a301060a339234,32dcd9f3abe3653d,1432,200,queryById,ts-travel-service
1650250380,ts-order-service,e800754e8eeb7b14,b5f4090baf8d711f,94ae211c24d5d85e,3067,200,securityInfoCheck,ts-security-service
1650250380,ts-preserve-service,94ae211c24d5d85e,,94ae211c24d5d85e,18726,200,preserve,no_parent
1650250380,ts-order-other-service,ffba000e35949366,638b19b9b51cb93,94ae211c24d5d85e,2612,200,securityInfoCheck,ts-security-service
1650250380,ts-security-service,d9d6c77033b53922,b2db0a8dacc44da,94ae211c24d5d85e,11655,200,check,ts-preserve-service
1650250380,ts-contacts-service,f80b4e64aeafeb40,d1de25f326ba7669,94ae211c24d5d85e,1624,200,getContactsByContactsId,ts-preserve-service
1650250380,ts-security-service,b5f4090baf8d711f,d9d6c77033b53922,94ae211c24d5d85e,3966,200,GET,ts-security-service
1650250380,ts-travel-service,36451ca683ecad3,32dcd9f3abe3653d,32dcd9f3abe3653d,8352,200,GET,ts-travel-service
1650250380,ts-verification-code-service,63bd8752d4cc17c3,,63bd8752d4cc17c3,2358,200,imageCode,no_parent
1650250380,ts-auth-service,79b9bea83b69be25,618a8cc1da97d042,618a8cc1da97d042,3187,200,GET,ts-auth-service
1650250380,ts-order-service,3636a1c32493743e,c8b2786f0f6c67c8,c8b2786f0f6c67c8,6086,200,POST,ts-order-service
1650250380,ts-order-service,c8b2786f0f6c67c8,,c8b2786f0f6c67c8,8597,200,queryOrdersForRefresh,no_parent
1650250380,ts-station-service,e83f250442afface,3636a1c32493743e,c8b2786f0f6c67c8,5211,200,queryForNameBatch,ts-order-service
1650250380,ts-basic-service,cee1153fd5decb54,73fe6993ca349f6d,32dcd9f3abe3653d,2440,200,GET,ts-basic-service
1650250380,ts-station-service,47f6cc1e63f5e399,cee1153fd5decb54,32dcd9f3abe3653d,1675,200,queryForStationId,ts-basic-service
1650250380,ts-station-service,b34c6757c6ac9e88,f897e4ccc1d439f,32dcd9f3abe3653d,1458,200,queryForStationId,ts-basic-service
1650250380,ts-travel-service,8bdf3f3909337da3,32dcd9f3abe3653d,32dcd9f3abe3653d,3005,200,GET,ts-travel-service
1650250380,ts-basic-service,f897e4ccc1d439f,5e6ff34186cb07fb,32dcd9f3abe3653d,2122,200,GET,ts-basic-service
1650250380,ts-ticketinfo-service,6c82acc62079c522,4858e7a73d4b2cba,32dcd9f3abe3653d,3837,200,GET,ts-ticketinfo-service
1650250380,ts-ticketinfo-service,4858e7a73d4b2cba,4e8a3c8b7e7881e0,32dcd9f3abe3653d,5509,200,queryForStationId,ts-travel-service
1650250380,ts-contacts-service,578989798fdc55e3,,578989798fdc55e3,2281,200,findContactsByAccountId,no_parent
1650250380,ts-assurance-service,27555cf627f36900,,27555cf627f36900,1308,200,getAllAssuranceType,no_parent
1650250440,ts-contacts-service,62e284966cac72a8,b7811f2334eb0e81,eed1a6a98c4f0635,6173,200,getContactsByContactsId,ts-preserve-service
1650250440,ts-order-service,76328ee400ffc5ba,d9f6c5cd1460fcc8,eed1a6a98c4f0635,2753,200,securityInfoCheck,ts-security-service
1650250440,ts-security-service,ebd0ea1528e72943,2c30b755c78ff82,eed1a6a98c4f0635,10817,200,check,ts-preserve-service
1650250440,ts-security-service,d9f6c5cd1460fcc8,ebd0ea1528e72943,eed1a6a98c4f0635,3524,200,GET,ts-security-service
1650250440,ts-preserve-service,b7811f2334eb0e81,eed1a6a98c4f0635,eed1a6a98c4f0635,7153,200,GET,ts-preserve-service
1650250440,ts-security-service,a17331081bc2d9ff,ebd0ea1528e72943,eed1a6a98c4f0635,3482,200,GET,ts-security-service
1650250440,ts-verification-code-service,569f5cd7efb20827,5f2e4349cdd6c8de,3b9232b996ca268,1424,200,verifyCode,ts-auth-service
1650250440,ts-preserve-service,2c30b755c78ff82,eed1a6a98c4f0635,eed1a6a98c4f0635,12097,200,GET,ts-preserve-service
1650250440,ts-preserve-service,eed1a6a98c4f0635,,eed1a6a98c4f0635,21162,200,preserve,no_parent
1650250440,ts-order-service,b21b93d1fc3c4376,,b21b93d1fc3c4376,8260,200,queryOrdersForRefresh,no_parent
1650250440,ts-order-service,e957e37bccd4fc7,b21b93d1fc3c4376,b21b93d1fc3c4376,5848,200,POST,ts-order-service
1650250440,ts-auth-service,3b9232b996ca268,,3b9232b996ca268,125726,200,getToken,no_parent
1650250440,ts-station-service,3d521efdce9c0ac0,e957e37bccd4fc7,b21b93d1fc3c4376,4981,200,queryForNameBatch,ts-order-service
1650250440,ts-order-other-service,5ef1f2f9ac5cc74,a17331081bc2d9ff,eed1a6a98c4f0635,2594,200,securityInfoCheck,ts-security-service
1650250440,ts-verification-code-service,adc86bdbda98a2ab,,adc86bdbda98a2ab,2329,200,imageCode,no_parent
1650250440,ts-auth-service,5f2e4349cdd6c8de,3b9232b996ca268,3b9232b996ca268,2657,200,GET,ts-auth-service
1650250440,ts-contacts-service,53fa2d780fae161a,,53fa2d780fae161a,2384,200,findContactsByAccountId,no_parent
1650250441,ts-route-service,be49101dd2030c8e,bd060ad55048b45c,b9d0a7de8de411f7,1474,200,queryById,ts-travel-service
1650250441,ts-basic-service,f0addf158bed0ce1,ea3ac19e1d266f68,b9d0a7de8de411f7,2165,200,GET,ts-basic-service
1650250441,ts-ticketinfo-service,f16151e2c8104ce9,44fdc827f0515394,b9d0a7de8de411f7,3905,200,GET,ts-ticketinfo-service
1650250441,ts-ticketinfo-service,f3881ecee6a66948,4597aafc7073544d,b9d0a7de8de411f7,6383,200,queryForStationId,ts-travel-service
1650250441,ts-ticketinfo-service,44fdc827f0515394,898f209ece6a2078,b9d0a7de8de411f7,5580,200,queryForStationId,ts-travel-service
1650250441,ts-travel-service,4597aafc7073544d,b9d0a7de8de411f7,b9d0a7de8de411f7,7323,200,GET,ts-travel-service
1650250441,ts-travel-service,c66979605037a290,b9d0a7de8de411f7,b9d0a7de8de411f7,2919,200,GET,ts-travel-service
1650250441,ts-travel-service,898f209ece6a2078,b9d0a7de8de411f7,b9d0a7de8de411f7,5955,200,GET,ts-travel-service
1650250441,ts-travel-service,cb7c4e7ef0832410,b9d0a7de8de411f7,b9d0a7de8de411f7,1848,200,GET,ts-travel-service
1650250441,ts-travel-service,b9d0a7de8de411f7,,b9d0a7de8de411f7,31220,200,queryInfo,no_parent
1650250441,ts-travel-service,9730e3031e831365,b9d0a7de8de411f7,b9d0a7de8de411f7,1522,200,GET,ts-travel-service
1650250441,ts-travel-service,bd060ad55048b45c,b9d0a7de8de411f7,b9d0a7de8de411f7,1691,200,GET,ts-travel-service
1650250441,ts-route-service,7a05768b47df1708,c66979605037a290,b9d0a7de8de411f7,2112,200,queryById,ts-travel-service
1650250441,ts-route-service,4638ab899454c5c2,cb7c4e7ef0832410,b9d0a7de8de411f7,1511,200,queryById,ts-travel-service
1650250441,ts-route-service,9b1e288cfcebe37b,bc10011eaa6cdd6e,b9d0a7de8de411f7,1446,200,queryById,ts-travel-service
1650250441,ts-ticketinfo-service,609489de3179c0a3,f3881ecee6a66948,b9d0a7de8de411f7,4840,200,GET,ts-ticketinfo-service
1650250441,ts-station-service,d073309934bbb060,81e8854c39ed008f,b9d0a7de8de411f7,1441,200,queryForStationId,ts-basic-service
1650250441,ts-station-service,93c66d1ce2ef4425,f0addf158bed0ce1,b9d0a7de8de411f7,1541,200,queryForStationId,ts-basic-service
1650250441,ts-assurance-service,b4f8d933080c4878,,b4f8d933080c4878,1290,200,getAllAssuranceType,no_parent
1650250441,ts-travel-service,bc10011eaa6cdd6e,b9d0a7de8de411f7,b9d0a7de8de411f7,1542,200,GET,ts-travel-service
1650250441,ts-basic-service,81e8854c39ed008f,ebc854c005139a7c,b9d0a7de8de411f7,1835,200,GET,ts-basic-service
1650250441,ts-basic-service,ea3ac19e1d266f68,609489de3179c0a3,b9d0a7de8de411f7,3998,200,queryForStationId,ts-ticketinfo-service
1650250441,ts-route-service,78d77bb2fdd78c08,9730e3031e831365,b9d0a7de8de411f7,1419,200,queryById,ts-travel-service
1650250441,ts-basic-service,ebc854c005139a7c,f16151e2c8104ce9,b9d0a7de8de411f7,3396,200,queryForStationId,ts-ticketinfo-service
1650250502,ts-order-service,8bfb5edf3b32a95c,c2f66db497dae2ed,394905836a3bb80,2692,200,securityInfoCheck,ts-security-service
1650250502,ts-order-other-service,150589d3d57783c4,62bb46518a1742a4,394905836a3bb80,2695,200,securityInfoCheck,ts-security-service
1650250502,ts-security-service,c2f66db497dae2ed,5f01f3f471c654c1,394905836a3bb80,3666,200,GET,ts-security-service
1650250502,ts-security-service,62bb46518a1742a4,5f01f3f471c654c1,394905836a3bb80,3568,200,GET,ts-security-service
1650250502,ts-station-service,bf7dbea132d8268c,32f6857948abcdc,613c704c05f049f2,1348,200,queryForStationId,ts-basic-service
1650250502,ts-basic-service,f7fea9789e5129a7,4a105df3e7588eea,613c704c05f049f2,2698,200,GET,ts-basic-service
1650250502,ts-route-service,7410280a5d62969a,376fb01aa9381e2e,613c704c05f049f2,1442,200,queryById,ts-travel-service
1650250502,ts-route-service,fd152ab542b0cf8a,2126226001f383d5,613c704c05f049f2,1452,200,queryById,ts-travel-service
1650250502,ts-station-service,f328e4b6dc587388,f7fea9789e5129a7,613c704c05f049f2,1595,200,queryForStationId,ts-basic-service
1650250502,ts-travel-service,613c704c05f049f2,,613c704c05f049f2,33216,200,queryInfo,no_parent
1650250502,ts-route-service,419f81b2c1b017d,e50f78f31e95f4ff,613c704c05f049f2,1817,200,queryById,ts-travel-service
1650250502,ts-route-service,7fc35a25e5260ba5,f08dee4ee1d3f071,613c704c05f049f2,1456,200,queryById,ts-travel-service
1650250502,ts-route-service,5acf2262023c7755,e83f643e6d44bad3,613c704c05f049f2,2079,200,queryById,ts-travel-service
1650250502,ts-ticketinfo-service,5c6a3dcc7b3c3815,38f2a5fae015f69a,613c704c05f049f2,7374,200,queryForStationId,ts-travel-service
1650250502,ts-ticketinfo-service,b48894d15c2d2cda,3f884907e3aa8831,613c704c05f049f2,3672,200,GET,ts-ticketinfo-service
1650250502,ts-ticketinfo-service,98827d2a13516a2f,5c6a3dcc7b3c3815,613c704c05f049f2,5321,200,GET,ts-ticketinfo-service
1650250502,ts-ticketinfo-service,3f884907e3aa8831,82e4d5b5148d0ef1,613c704c05f049f2,5245,200,queryForStationId,ts-travel-service
1650250502,ts-travel-service,38f2a5fae015f69a,613c704c05f049f2,613c704c05f049f2,8587,200,GET,ts-travel-service
1650250502,ts-travel-service,e83f643e6d44bad3,613c704c05f049f2,613c704c05f049f2,2991,200,GET,ts-travel-service
1650250502,ts-travel-service,82e4d5b5148d0ef1,613c704c05f049f2,613c704c05f049f2,5911,200,GET,ts-travel-service
1650250502,ts-basic-service,4a105df3e7588eea,98827d2a13516a2f,613c704c05f049f2,4593,200,queryForStationId,ts-ticketinfo-service
1650250502,ts-verification-code-service,a61efe2b1317a57b,a6dbcc67ee1e477c,3f142f4c20ab7a38,1510,200,verifyCode,ts-auth-service
1650250502,ts-auth-service,a6dbcc67ee1e477c,3f142f4c20ab7a38,3f142f4c20ab7a38,2753,200,GET,ts-auth-service
1650250502,ts-contacts-service,d3f52b396a5a68c5,,d3f52b396a5a68c5,2305,200,findContactsByAccountId,no_parent
1650250502,ts-preserve-service,fcc5f646927c08d5,394905836a3bb80,394905836a3bb80,12048,200,GET,ts-preserve-service
1650250502,ts-preserve-service,8cf0d5a810892548,394905836a3bb80,394905836a3bb80,2416,200,GET,ts-preserve-service
1650250502,ts-preserve-service,394905836a3bb80,,394905836a3bb80,17055,200,preserve,no_parent
1650250502,ts-auth-service,3f142f4c20ab7a38,,3f142f4c20ab7a38,127489,200,getToken,no_parent
1650250502,ts-basic-service,c463d08eed32fbaa,b48894d15c2d2cda,613c704c05f049f2,3275,200,queryForStationId,ts-ticketinfo-service
1650250502,ts-travel-service,2126226001f383d5,613c704c05f049f2,613c704c05f049f2,1542,200,GET,ts-travel-service
1650250502,ts-travel-service,e50f78f31e95f4ff,613c704c05f049f2,613c704c05f049f2,2172,200,GET,ts-travel-service
1650250502,ts-travel-service,f08dee4ee1d3f071,613c704c05f049f2,613c704c05f049f2,1898,200,GET,ts-travel-service
1650250502,ts-basic-service,32f6857948abcdc,c463d08eed32fbaa,613c704c05f049f2,2041,200,GET,ts-basic-service
1650250502,ts-travel-service,376fb01aa9381e2e,613c704c05f049f2,613c704c05f049f2,1547,200,GET,ts-travel-service
1650250502,ts-order-service,1ed940e2d565920,d3778f2482cdc884,d3778f2482cdc884,5913,200,POST,ts-order-service
1650250502,ts-station-service,fadf3d0506532abb,1ed940e2d565920,d3778f2482cdc884,4819,200,queryForNameBatch,ts-order-service
1650250502,ts-security-service,5f01f3f471c654c1,fcc5f646927c08d5,394905836a3bb80,10681,200,check,ts-preserve-service
1650250502,ts-contacts-service,a461d4c223fb0d3d,8cf0d5a810892548,394905836a3bb80,1624,200,getContactsByContactsId,ts-preserve-service
1650250502,ts-order-service,d3778f2482cdc884,,d3778f2482cdc884,8767,200,queryOrdersForRefresh,no_parent
1650250502,ts-verification-code-service,7cc566222fedc0ca,,7cc566222fedc0ca,2127,200,imageCode,no_parent
1650250502,ts-assurance-service,a451811190c7376a,,a451811190c7376a,1320,200,getAllAssuranceType,no_parent
1650250563,ts-route-service,d720045f0bb517b8,bb7ea26281e85a24,ab5906a9584f90f1,1974,200,queryById,ts-travel-service
1650250563,ts-route-service,cf88dc3ce0ffa80a,73ad683e8b9f5256,ab5906a9584f90f1,1446,200,queryById,ts-travel-service
1650250563,ts-route-service,25284614db761d4c,73fd3fa23d5aca89,ab5906a9584f90f1,1480,200,queryById,ts-travel-service
1650250563,ts-route-service,572f3ea8561535d3,d5e7eab02652dac,ab5906a9584f90f1,1463,200,queryById,ts-travel-service
1650250563,ts-route-service,b6b07329965d73af,7e84bc3ea8aecffd,ab5906a9584f90f1,2166,200,queryById,ts-travel-service
1650250563,ts-ticketinfo-service,f9248709804044d2,28f5ede72029a55a,ab5906a9584f90f1,7477,200,queryForStationId,ts-travel-service
1650250563,ts-travel-service,73fd3fa23d5aca89,ab5906a9584f90f1,ab5906a9584f90f1,1880,200,GET,ts-travel-service
1650250563,ts-travel-service,8575c5bd2f3d63d9,ab5906a9584f90f1,ab5906a9584f90f1,5470,200,GET,ts-travel-service
1650250563,ts-travel-service,73ad683e8b9f5256,ab5906a9584f90f1,ab5906a9584f90f1,1743,200,GET,ts-travel-service
1650250563,ts-travel-service,7e84bc3ea8aecffd,ab5906a9584f90f1,ab5906a9584f90f1,2914,200,GET,ts-travel-service
1650250563,ts-basic-service,2a208bedcb551bb9,9011f6a691aee5c5,ab5906a9584f90f1,3401,200,queryForStationId,ts-ticketinfo-service
1650250563,ts-basic-service,57ecc646b9e58373,c0284d3d39486a0d,ab5906a9584f90f1,2759,200,GET,ts-basic-service
1650250563,ts-basic-service,c0284d3d39486a0d,a915b0ab6c41f5ef,ab5906a9584f90f1,4829,200,queryForStationId,ts-ticketinfo-service
1650250563,ts-basic-service,d4e085c2d01bfd5c,2a208bedcb551bb9,ab5906a9584f90f1,2178,200,GET,ts-basic-service
1650250563,ts-ticketinfo-service,a915b0ab6c41f5ef,f9248709804044d2,ab5906a9584f90f1,5681,200,GET,ts-ticketinfo-service
1650250563,ts-ticketinfo-service,5c875f4a236adc30,8575c5bd2f3d63d9,ab5906a9584f90f1,5165,200,queryForStationId,ts-travel-service
1650250563,ts-ticketinfo-service,9011f6a691aee5c5,5c875f4a236adc30,ab5906a9584f90f1,3737,200,GET,ts-ticketinfo-service
1650250563,ts-travel-service,28f5ede72029a55a,ab5906a9584f90f1,ab5906a9584f90f1,9116,200,GET,ts-travel-service
1650250563,ts-travel-service,d5e7eab02652dac,ab5906a9584f90f1,ab5906a9584f90f1,1753,200,GET,ts-travel-service
1650250563,ts-preserve-service,4ae810d794ddaa95,113fc6b384e6bbab,113fc6b384e6bbab,2364,200,GET,ts-preserve-service
1650250563,ts-order-service,234b7a5461bba1e9,d3850c6280329675,113fc6b384e6bbab,2983,200,securityInfoCheck,ts-security-service
1650250563,ts-order-other-service,6cfae07d7de56a9a,17bc96dda96bbf73,113fc6b384e6bbab,2582,200,securityInfoCheck,ts-security-service
1650250563,ts-contacts-service,1cbd4e0e9cfbfdff,,1cbd4e0e9cfbfdff,2495,200,findContactsByAccountId,no_parent
1650250563,ts-security-service,d3850c6280329675,ae15a9d4416f02ef,113fc6b384e6bbab,4138,200,GET,ts-security-service
1650250563,ts-security-service,17bc96dda96bbf73,ae15a9d4416f02ef,113fc6b384e6bbab,3453,200,GET,ts-security-service
1650250563,ts-security-service,ae15a9d4416f02ef,9d911c5f9513f248,113fc6b384e6bbab,11375,200,check,ts-preserve-service
1650250563,ts-contacts-service,9dff8071d15fee5b,4ae810d794ddaa95,113fc6b384e6bbab,1606,200,getContactsByContactsId,ts-preserve-service
1650250563,ts-preserve-service,113fc6b384e6bbab,,113fc6b384e6bbab,16771,200,preserve,no_parent
1650250563,ts-preserve-service,9d911c5f9513f248,113fc6b384e6bbab,113fc6b384e6bbab,12424,200,GET,ts-preserve-service
1650250563,ts-travel-service,bb7ea26281e85a24,ab5906a9584f90f1,ab5906a9584f90f1,2134,200,GET,ts-travel-service
1650250563,ts-travel-service,ab5906a9584f90f1,,ab5906a9584f90f1,33411,200,queryInfo,no_parent
1650250563,ts-station-service,120a14053756b5f2,d4e085c2d01bfd5c,ab5906a9584f90f1,1493,200,queryForStationId,ts-basic-service
1650250563,ts-station-service,9065f6eef1115f4,57ecc646b9e58373,ab5906a9584f90f1,1640,200,queryForStationId,ts-basic-service
1650250563,ts-assurance-service,dd91a94153ce8cb7,,dd91a94153ce8cb7,1310,200,getAllAssuranceType,no_parent
1650250563,ts-auth-service,55ee7c8797a5edef,cef68f78f9ce85fb,cef68f78f9ce85fb,3207,200,GET,ts-auth-service
1650250563,ts-verification-code-service,24062e481f8b549f,,24062e481f8b549f,2352,200,imageCode,no_parent
1650250563,ts-auth-service,cef68f78f9ce85fb,,cef68f78f9ce85fb,126807,200,getToken,no_parent
1650250563,ts-verification-code-service,568541a0cbeb5cac,55ee7c8797a5edef,cef68f78f9ce85fb,1886,200,verifyCode,ts-auth-service
1650250563,ts-station-service,530d4749d7044a03,1ffc552b5682389d,64e451525b601033,5375,200,queryForNameBatch,ts-order-service
1650250563,ts-order-service,1ffc552b5682389d,64e451525b601033,64e451525b601033,6488,200,POST,ts-order-service
1650250563,ts-order-service,64e451525b601033,,64e451525b601033,8571,200,queryOrdersForRefresh,no_parent
1650250624,ts-auth-service,df763556ee80d85e,,df763556ee80d85e,131686,200,getToken,no_parent
1650250624,ts-verification-code-service,8a1f222835740a1d,1f8ea3ccd1343fc,df763556ee80d85e,1598,200,verifyCode,ts-auth-service
1650250624,ts-ticketinfo-service,969f7f48011332e9,d14898ca6da74915,3c741f4aa45c76d,8226,200,queryForStationId,ts-travel-service
1650250624,ts-travel-service,d14898ca6da74915,3c741f4aa45c76d,3c741f4aa45c76d,9457,200,GET,ts-travel-service
1650250624,ts-travel-service,c1ede75d90669b7f,3c741f4aa45c76d,3c741f4aa45c76d,1529,200,GET,ts-travel-service
1650250624,ts-travel-service,d27be449202eeb31,3c741f4aa45c76d,3c741f4aa45c76d,1973,200,GET,ts-travel-service
1650250624,ts-travel-service,2df59e3087e4c55b,3c741f4aa45c76d,3c741f4aa45c76d,1430,200,GET,ts-travel-service
1650250624,ts-travel-service,87a0d45f50e08197,3c741f4aa45c76d,3c741f4aa45c76d,11562,200,GET,ts-travel-service
1650250624,ts-travel-service,907ffa02199b3fdb,3c741f4aa45c76d,3c741f4aa45c76d,3726,200,GET,ts-travel-service
1650250624,ts-travel-service,2110ed58017ad584,3c741f4aa45c76d,3c741f4aa45c76d,1428,200,GET,ts-travel-service
1650250624,ts-basic-service,8109500e1ba1a4f3,25edefc127470cdb,3c741f4aa45c76d,3007,200,GET,ts-basic-service
1650250624,ts-basic-service,25edefc127470cdb,84d5c84b7a2f769,3c741f4aa45c76d,5280,200,queryForStationId,ts-ticketinfo-service
1650250624,ts-basic-service,39ea72b3be2da781,7daf8ceb56208523,3c741f4aa45c76d,2481,200,GET,ts-basic-service
1650250624,ts-ticketinfo-service,84d5c84b7a2f769,969f7f48011332e9,3c741f4aa45c76d,6116,200,GET,ts-ticketinfo-service
1650250624,ts-ticketinfo-service,cf0bb652025043ec,1029e1ba6918ee9a,3c741f4aa45c76d,4892,200,GET,ts-ticketinfo-service
1650250624,ts-ticketinfo-service,1029e1ba6918ee9a,87a0d45f50e08197,3c741f4aa45c76d,10831,200,queryForStationId,ts-travel-service
1650250624,ts-order-service,5b3fad92dd9c78ff,c263b30750c8ee90,c263b30750c8ee90,6609,200,POST,ts-order-service
1650250624,ts-order-service,c263b30750c8ee90,,c263b30750c8ee90,9128,200,queryOrdersForRefresh,no_parent
1650250624,ts-auth-service,1f8ea3ccd1343fc,df763556ee80d85e,df763556ee80d85e,3092,200,GET,ts-auth-service
1650250624,ts-travel-service,3c741f4aa45c76d,,3c741f4aa45c76d,40261,200,queryInfo,no_parent
1650250624,ts-route-service,38368566eac7c6fc,907ffa02199b3fdb,3c741f4aa45c76d,2134,200,queryById,ts-travel-service
1650250624,ts-route-service,12f85784a68f04b6,2df59e3087e4c55b,3c741f4aa45c76d,1285,200,queryById,ts-travel-service
1650250624,ts-route-service,33ba0d0ef3b6b63b,c1ede75d90669b7f,3c741f4aa45c76d,1428,200,queryById,ts-travel-service
1650250624,ts-route-service,b379e7cd9a9866ff,2110ed58017ad584,3c741f4aa45c76d,1317,200,queryById,ts-travel-service
1650250624,ts-route-service,b33e1194902517d1,d27be449202eeb31,3c741f4aa45c76d,1647,200,queryById,ts-travel-service
1650250624,ts-station-service,7980d07af7bdeb06,8109500e1ba1a4f3,3c741f4aa45c76d,2124,200,queryForStationId,ts-basic-service
1650250624,ts-station-service,6e37bd4dfa521067,39ea72b3be2da781,3c741f4aa45c76d,1972,200,queryForStationId,ts-basic-service
1650250624,ts-order-service,af057d5349257c01,38595893c3cf40c,165c4355e5410c21,2786,200,securityInfoCheck,ts-security-service
1650250624,ts-order-other-service,8e48133bfddc8366,3689cf4a4c78d79e,165c4355e5410c21,2715,200,securityInfoCheck,ts-security-service
1650250624,ts-security-service,73451261ed2421da,f24fcd4112cac7b8,165c4355e5410c21,10969,200,check,ts-preserve-service
1650250624,ts-security-service,38595893c3cf40c,73451261ed2421da,165c4355e5410c21,3784,200,GET,ts-security-service
1650250624,ts-basic-service,7daf8ceb56208523,cf0bb652025043ec,3c741f4aa45c76d,4433,200,queryForStationId,ts-ticketinfo-service
1650250624,ts-verification-code-service,ed372ef2135a08f6,,ed372ef2135a08f6,2425,200,imageCode,no_parent
1650250624,ts-contacts-service,a70284cb0191abe1,ac1516856d2a282f,165c4355e5410c21,1989,200,getContactsByContactsId,ts-preserve-service
1650250624,ts-preserve-service,f24fcd4112cac7b8,165c4355e5410c21,165c4355e5410c21,12218,200,GET,ts-preserve-service
1650250624,ts-contacts-service,f1b0733d41bac83,,f1b0733d41bac83,2582,200,findContactsByAccountId,no_parent
1650250624,ts-security-service,3689cf4a4c78d79e,73451261ed2421da,165c4355e5410c21,3921,200,GET,ts-security-service
1650250624,ts-preserve-service,ac1516856d2a282f,165c4355e5410c21,165c4355e5410c21,2773,200,GET,ts-preserve-service
1650250624,ts-preserve-service,165c4355e5410c21,,165c4355e5410c21,17299,200,preserve,no_parent
1650250624,ts-station-service,789bbf9ef6a883bf,5b3fad92dd9c78ff,c263b30750c8ee90,4977,200,queryForNameBatch,ts-order-service
1650250625,ts-assurance-service,79f9727b470aa98f,,79f9727b470aa98f,1250,200,getAllAssuranceType,no_parent
1650250685,ts-route-service,70a9173953c20ef6,2ce72406b1211da7,7fd9589c75fee70a,1474,200,queryById,ts-travel-service
1650250685,ts-station-service,4346528e0110b5ba,458e365343f70851,7fd9589c75fee70a,2192,200,queryForStationId,ts-basic-service
1650250685,ts-station-service,e27a8f8d9f78f8da,a7c18ae4dfec1b0a,7fd9589c75fee70a,1210,200,queryForStationId,ts-basic-service
1650250685,ts-travel-service,2ce72406b1211da7,7fd9589c75fee70a,7fd9589c75fee70a,1598,200,GET,ts-travel-service
1650250685,ts-travel-service,5fc7aba9f3ac18fa,7fd9589c75fee70a,7fd9589c75fee70a,9671,200,GET,ts-travel-service
1650250685,ts-travel-service,7fd9589c75fee70a,,7fd9589c75fee70a,46757,200,queryInfo,no_parent
1650250685,ts-travel-service,1d8af98fbadd34c9,7fd9589c75fee70a,7fd9589c75fee70a,5589,200,GET,ts-travel-service
1650250685,ts-travel-service,21993c984916d069,7fd9589c75fee70a,7fd9589c75fee70a,2107,200,GET,ts-travel-service
1650250685,ts-route-service,8fec3a855eb25181,c4f5a9f9351db5b3,7fd9589c75fee70a,1953,200,queryById,ts-travel-service
1650250685,ts-route-service,cb1703c47b1dbbf0,21993c984916d069,7fd9589c75fee70a,1963,200,queryById,ts-travel-service
1650250685,ts-route-service,c74ea02926bb520,f1c2106f47887d69,7fd9589c75fee70a,12630,200,queryById,ts-travel-service
1650250685,ts-route-service,604cf4f059fc2d18,cb5c45e332819146,7fd9589c75fee70a,1771,200,queryById,ts-travel-service
1650250685,ts-travel-service,c4f5a9f9351db5b3,7fd9589c75fee70a,7fd9589c75fee70a,3153,200,GET,ts-travel-service
1650250685,ts-ticketinfo-service,29052cc0935575d6,5fc7aba9f3ac18fa,7fd9589c75fee70a,8151,200,queryForStationId,ts-travel-service
1650250685,ts-ticketinfo-service,8612bfeff7853411,e1459253b04a294f,7fd9589c75fee70a,3486,200,GET,ts-ticketinfo-service
1650250685,ts-ticketinfo-service,e1459253b04a294f,1d8af98fbadd34c9,7fd9589c75fee70a,5168,200,queryForStationId,ts-travel-service
1650250685,ts-travel-service,cb5c45e332819146,7fd9589c75fee70a,7fd9589c75fee70a,2221,200,GET,ts-travel-service
1650250685,ts-travel-service,f1c2106f47887d69,7fd9589c75fee70a,7fd9589c75fee70a,12849,200,GET,ts-travel-service
1650250685,ts-basic-service,359ba37f38dad979,8612bfeff7853411,7fd9589c75fee70a,3130,200,queryForStationId,ts-ticketinfo-service
1650250685,ts-preserve-service,a1e46c2e9da94d26,,a1e46c2e9da94d26,22072,200,preserve,no_parent
1650250685,ts-order-service,7daff7f5e032c2a4,427b016ae18a35eb,a1e46c2e9da94d26,3351,200,securityInfoCheck,ts-security-service
1650250685,ts-order-other-service,d5323e1d2d38256,45a5ff4c5c72e367,a1e46c2e9da94d26,3358,200,securityInfoCheck,ts-security-service
1650250685,ts-security-service,427b016ae18a35eb,cc18e430c2d15b47,a1e46c2e9da94d26,4853,200,GET,ts-security-service
1650250685,ts-basic-service,a7c18ae4dfec1b0a,359ba37f38dad979,7fd9589c75fee70a,1735,200,GET,ts-basic-service
1650250685,ts-basic-service,458e365343f70851,d947bf20343084ba,7fd9589c75fee70a,3180,200,GET,ts-basic-service
1650250685,ts-basic-service,d947bf20343084ba,5663186a663c4c,7fd9589c75fee70a,5177,200,queryForStationId,ts-ticketinfo-service
1650250685,ts-order-service,d0d96d10147f1853,ceda5b1371525e30,ceda5b1371525e30,9448,200,POST,ts-order-service
1650250685,ts-order-service,ceda5b1371525e30,,ceda5b1371525e30,13235,200,queryOrdersForRefresh,no_parent
1650250685,ts-preserve-service,f64e72ecf0d36c0f,a1e46c2e9da94d26,a1e46c2e9da94d26,16061,200,GET,ts-preserve-service
1650250685,ts-station-service,91fc736fa1bddb2f,d0d96d10147f1853,ceda5b1371525e30,7736,200,queryForNameBatch,ts-order-service
1650250685,ts-security-service,cc18e430c2d15b47,f64e72ecf0d36c0f,a1e46c2e9da94d26,14675,200,check,ts-preserve-service
1650250685,ts-contacts-service,184e2b2e5b80a080,c12850c31d4e7506,a1e46c2e9da94d26,2076,200,getContactsByContactsId,ts-preserve-service
1650250685,ts-preserve-service,c12850c31d4e7506,a1e46c2e9da94d26,a1e46c2e9da94d26,3384,200,GET,ts-preserve-service
1650250685,ts-security-service,45a5ff4c5c72e367,cc18e430c2d15b47,a1e46c2e9da94d26,4669,200,GET,ts-security-service
1650250685,ts-ticketinfo-service,5663186a663c4c,29052cc0935575d6,7fd9589c75fee70a,6199,200,GET,ts-ticketinfo-service
1650250685,ts-assurance-service,ed3c3e2c9a64c176,,ed3c3e2c9a64c176,1549,200,getAllAssuranceType,no_parent
1650250685,ts-auth-service,f8bf86076bff709d,,f8bf86076bff709d,113955,200,getToken,no_parent
1650250685,ts-verification-code-service,64164900306e3275,,64164900306e3275,2968,200,imageCode,no_parent
1650250685,ts-contacts-service,6d4d5c0d9a8b9a02,,6d4d5c0d9a8b9a02,2900,200,findContactsByAccountId,no_parent
1650250685,ts-verification-code-service,c6c22ea9c5325f8,f1f54c349a6030ba,f8bf86076bff709d,2054,200,verifyCode,ts-auth-service
1650250685,ts-auth-service,f1f54c349a6030ba,f8bf86076bff709d,f8bf86076bff709d,3969,200,GET,ts-auth-service
1650250745,ts-station-service,95fcb7d2c6ccfded,ecce92dc46add923,f8bb6754734ab0ce,2636,200,queryForStationId,ts-basic-service
1650250745,ts-verification-code-service,d5b512254de581b8,f735d6c912de4456,fc79082c31ca4da6,1951,200,verifyCode,ts-auth-service
1650250745,ts-auth-service,fc79082c31ca4da6,,fc79082c31ca4da6,117424,200,getToken,no_parent
1650250745,ts-auth-service,f735d6c912de4456,fc79082c31ca4da6,fc79082c31ca4da6,3713,200,GET,ts-auth-service
1650250745,ts-ticketinfo-service,b4f399d12cdea11b,98c29e6512553748,f8bb6754734ab0ce,7115,200,queryForStationId,ts-travel-service
1650250745,ts-travel-service,6bbda5af67094905,f8bb6754734ab0ce,f8bb6754734ab0ce,12700,200,GET,ts-travel-service
1650250745,ts-travel-service,7bab93f0dcd85cac,f8bb6754734ab0ce,f8bb6754734ab0ce,4299,200,GET,ts-travel-service
1650250745,ts-basic-service,dcdcfb4e5932772a,c5c7ee06bc2937a0,f8bb6754734ab0ce,4266,200,queryForStationId,ts-ticketinfo-service
1650250745,ts-basic-service,b8dea9250805576e,dcdcfb4e5932772a,f8bb6754734ab0ce,2337,200,GET,ts-basic-service
1650250745,ts-ticketinfo-service,c29ff5163dc38bdd,9b75d151496a68de,f8bb6754734ab0ce,8527,200,GET,ts-ticketinfo-service
1650250745,ts-ticketinfo-service,c5c7ee06bc2937a0,b4f399d12cdea11b,f8bb6754734ab0ce,5020,200,GET,ts-ticketinfo-service
1650250745,ts-ticketinfo-service,9b75d151496a68de,6bbda5af67094905,f8bb6754734ab0ce,11057,200,queryForStationId,ts-travel-service
1650250745,ts-route-service,4a44cba673117b3b,7bab93f0dcd85cac,f8bb6754734ab0ce,2955,200,queryById,ts-travel-service
1650250745,ts-station-service,495bb36c2c0a608d,52861bb00e736cf,a476a518c1e9d713,7775,200,queryForNameBatch,ts-order-service
1650250745,ts-security-service,1fa7282095bfc7f,60624febae63cefd,1c1d121844365d3a,4574,200,GET,ts-security-service
1650250745,ts-security-service,fb0ed8f59c782a00,60624febae63cefd,1c1d121844365d3a,4466,200,GET,ts-security-service
1650250745,ts-security-service,60624febae63cefd,7ee2bb3dcff292d9,1c1d121844365d3a,14072,200,check,ts-preserve-service
1650250745,ts-contacts-service,44ddce2dadcfa1f6,395e0cda0e96a6b0,1c1d121844365d3a,2492,200,getContactsByContactsId,ts-preserve-service
1650250745,ts-travel-service,98c29e6512553748,f8bb6754734ab0ce,f8bb6754734ab0ce,7614,200,GET,ts-travel-service
1650250745,ts-travel-service,618189e6a266347a,f8bb6754734ab0ce,f8bb6754734ab0ce,2356,200,GET,ts-travel-service
1650250745,ts-travel-service,d362713c85b8a07f,f8bb6754734ab0ce,f8bb6754734ab0ce,2345,200,GET,ts-travel-service
1650250745,ts-travel-service,f8bb6754734ab0ce,,f8bb6754734ab0ce,46324,200,queryInfo,no_parent
1650250745,ts-travel-service,d3c9b3046e2ca25,f8bb6754734ab0ce,f8bb6754734ab0ce,3064,200,GET,ts-travel-service
1650250745,ts-travel-service,cd25b9bf28865733,f8bb6754734ab0ce,f8bb6754734ab0ce,2389,200,GET,ts-travel-service
1650250745,ts-basic-service,1d43dff126405c74,c29ff5163dc38bdd,f8bb6754734ab0ce,7349,200,queryForStationId,ts-ticketinfo-service
1650250745,ts-order-service,3f34e5c0ac43388,1fa7282095bfc7f,1c1d121844365d3a,3314,200,securityInfoCheck,ts-security-service
1650250745,ts-order-other-service,ba8c044b15de2bfe,fb0ed8f59c782a00,1c1d121844365d3a,3337,200,securityInfoCheck,ts-security-service
1650250745,ts-preserve-service,7ee2bb3dcff292d9,1c1d121844365d3a,1c1d121844365d3a,15517,200,GET,ts-preserve-service
1650250745,ts-preserve-service,1c1d121844365d3a,,1c1d121844365d3a,22632,200,preserve,no_parent
1650250745,ts-route-service,99809b02f2e26d18,cd25b9bf28865733,f8bb6754734ab0ce,2137,200,queryById,ts-travel-service
1650250745,ts-basic-service,ecce92dc46add923,1d43dff126405c74,f8bb6754734ab0ce,3937,200,GET,ts-basic-service
1650250745,ts-route-service,759424f5ba666832,618189e6a266347a,f8bb6754734ab0ce,2214,200,queryById,ts-travel-service
1650250745,ts-route-service,8a0b903fadaa0c7b,d362713c85b8a07f,f8bb6754734ab0ce,2121,200,queryById,ts-travel-service
1650250745,ts-station-service,4f2859ea4e07f9ed,b8dea9250805576e,f8bb6754734ab0ce,1660,200,queryForStationId,ts-basic-service
1650250745,ts-route-service,cde56cb6274a2fb9,d3c9b3046e2ca25,f8bb6754734ab0ce,2529,200,queryById,ts-travel-service
1650250745,ts-assurance-service,3c1445905f1b5072,,3c1445905f1b5072,1665,200,getAllAssuranceType,no_parent
1650250745,ts-contacts-service,44f3fc36b8f4cd57,,44f3fc36b8f4cd57,2917,200,findContactsByAccountId,no_parent
1650250745,ts-preserve-service,395e0cda0e96a6b0,1c1d121844365d3a,1c1d121844365d3a,3909,200,GET,ts-preserve-service
1650250745,ts-order-service,a476a518c1e9d713,,a476a518c1e9d713,12475,200,queryOrdersForRefresh,no_parent
1650250745,ts-order-service,52861bb00e736cf,a476a518c1e9d713,a476a518c1e9d713,9331,200,POST,ts-order-service
1650250745,ts-verification-code-service,8f1fa5914abcfe96,,8f1fa5914abcfe96,3026,200,imageCode,no_parent
1650250805,ts-travel-service,dfc5611585865739,24cbe20750b333db,24cbe20750b333db,2754,200,GET,ts-travel-service
1650250805,ts-preserve-service,1dd7ed34a4136865,8a9e82da4b0f4a95,8a9e82da4b0f4a95,15740,200,GET,ts-preserve-service
1650250805,ts-verification-code-service,c8e06f37c19deecd,95a345dfb73b648,ba5574846a144f9c,2064,200,verifyCode,ts-auth-service
1650250805,ts-order-service,f87f55c3a0f5dee9,bd0956021b72233a,8a9e82da4b0f4a95,3281,200,securityInfoCheck,ts-security-service
1650250805,ts-station-service,2dcd0e01fb7b05ba,80b41c27a91e552e,24cbe20750b333db,2350,200,queryForStationId,ts-basic-service
1650250805,ts-auth-service,ba5574846a144f9c,,ba5574846a144f9c,109703,200,getToken,no_parent
1650250805,ts-auth-service,95a345dfb73b648,ba5574846a144f9c,ba5574846a144f9c,3708,200,GET,ts-auth-service
1650250805,ts-order-other-service,9cd8c496db627ea8,fa41bf9f64d213de,8a9e82da4b0f4a95,3335,200,securityInfoCheck,ts-security-service
1650250805,ts-basic-service,dac8e107de7a251e,60ccc634cd6c34da,24cbe20750b333db,2852,200,GET,ts-basic-service
1650250805,ts-basic-service,60ccc634cd6c34da,ad81b139d639e931,24cbe20750b333db,4886,200,queryForStationId,ts-ticketinfo-service
1650250805,ts-route-service,179f95c6cb34c5b2,326adbb228a826de,24cbe20750b333db,2853,200,queryById,ts-travel-service
1650250805,ts-order-service,95e4dd59f658c663,,95e4dd59f658c663,20515,200,queryOrdersForRefresh,no_parent
1650250805,ts-station-service,3b6b4f0ee35b053f,dac8e107de7a251e,24cbe20750b333db,2167,200,queryForStationId,ts-basic-service
1650250805,ts-security-service,4d0a1a59ce579b05,1dd7ed34a4136865,8a9e82da4b0f4a95,14064,200,check,ts-preserve-service
1650250805,ts-verification-code-service,f4c0ef1859d31a5d,,f4c0ef1859d31a5d,2959,200,imageCode,no_parent
1650250805,ts-contacts-service,a98cc80e2c4ed080,d89f1ca062019082,8a9e82da4b0f4a95,2235,200,getContactsByContactsId,ts-preserve-service
1650250805,ts-preserve-service,d89f1ca062019082,8a9e82da4b0f4a95,8a9e82da4b0f4a95,3559,200,GET,ts-preserve-service
1650250805,ts-preserve-service,8a9e82da4b0f4a95,,8a9e82da4b0f4a95,22347,200,preserve,no_parent
1650250805,ts-security-service,bd0956021b72233a,4d0a1a59ce579b05,8a9e82da4b0f4a95,4737,200,GET,ts-security-service
1650250805,ts-ticketinfo-service,ad81b139d639e931,a568770f7a3510c7,24cbe20750b333db,5627,200,GET,ts-ticketinfo-service
1650250805,ts-travel-service,fb5aaff0abee22ee,24cbe20750b333db,24cbe20750b333db,11023,200,GET,ts-travel-service
1650250805,ts-travel-service,3b1feeba015d4141,24cbe20750b333db,24cbe20750b333db,2520,200,GET,ts-travel-service
1650250805,ts-travel-service,6b892c5feb6ab256,24cbe20750b333db,24cbe20750b333db,2428,200,GET,ts-travel-service
1650250805,ts-travel-service,1c17d3c28c52a01a,24cbe20750b333db,24cbe20750b333db,2848,200,GET,ts-travel-service
1650250805,ts-station-service,96b86f060ca4bab7,10cb0f7e0672baed,95e4dd59f658c663,8484,200,queryForNameBatch,ts-order-service
1650250805,ts-order-service,10cb0f7e0672baed,95e4dd59f658c663,95e4dd59f658c663,9871,200,POST,ts-order-service
1650250805,ts-security-service,fa41bf9f64d213de,4d0a1a59ce579b05,8a9e82da4b0f4a95,4665,200,GET,ts-security-service
1650250805,ts-travel-service,24cbe20750b333db,,24cbe20750b333db,47774,200,queryInfo,no_parent
1650250805,ts-basic-service,80b41c27a91e552e,1e976372530563af,24cbe20750b333db,3431,200,GET,ts-basic-service
1650250805,ts-basic-service,1e976372530563af,19479b7eb792c420,24cbe20750b333db,5845,200,queryForStationId,ts-ticketinfo-service
1650250805,ts-ticketinfo-service,a568770f7a3510c7,77896e70624a4772,24cbe20750b333db,7871,200,queryForStationId,ts-travel-service
1650250805,ts-travel-service,77896e70624a4772,24cbe20750b333db,24cbe20750b333db,8476,200,GET,ts-travel-service
1650250805,ts-travel-service,326adbb228a826de,24cbe20750b333db,24cbe20750b333db,4369,200,GET,ts-travel-service
1650250805,ts-ticketinfo-service,ca89fb082d4e2ba3,fb5aaff0abee22ee,24cbe20750b333db,9326,200,queryForStationId,ts-travel-service
1650250805,ts-ticketinfo-service,19479b7eb792c420,ca89fb082d4e2ba3,24cbe20750b333db,6934,200,GET,ts-ticketinfo-service
1650250805,ts-route-service,fe5f93b504acbb06,dfc5611585865739,24cbe20750b333db,2240,200,queryById,ts-travel-service
1650250805,ts-route-service,4282674357a272ca,1c17d3c28c52a01a,24cbe20750b333db,2583,200,queryById,ts-travel-service
1650250805,ts-route-service,483131b748c771f0,6b892c5feb6ab256,24cbe20750b333db,2362,200,queryById,ts-travel-service
1650250805,ts-route-service,bab3cbdd2622caba,3b1feeba015d4141,24cbe20750b333db,2242,200,queryById,ts-travel-service
1650250805,ts-contacts-service,9a32177990ffcb06,,9a32177990ffcb06,2913,200,findContactsByAccountId,no_parent
1650250805,ts-assurance-service,2416c271139b2060,,2416c271139b2060,983,200,getAllAssuranceType,no_parent
1650250865,ts-preserve-service,5800d07a1ebee6ba,9aa72befde9b7720,9aa72befde9b7720,3516,200,GET,ts-preserve-service
1650250865,ts-preserve-service,9aa72befde9b7720,,9aa72befde9b7720,21818,200,preserve,no_parent
1650250865,ts-station-service,5248d85f2a6dcfc7,808b8cc10a6c497e,6cdab1b8c0b29b18,8240,200,queryForNameBatch,ts-order-service
1650250865,ts-verification-code-service,b673d313a12ca43a,841197d782682644,7781dcba6e4381a3,2057,200,verifyCode,ts-auth-service
1650250865,ts-contacts-service,7fd6cfad869e318b,5800d07a1ebee6ba,9aa72befde9b7720,2315,200,getContactsByContactsId,ts-preserve-service
1650250865,ts-preserve-service,ead1fcea579f7889,9aa72befde9b7720,9aa72befde9b7720,15517,200,GET,ts-preserve-service
1650250865,ts-order-other-service,146309d166404511,c4f78c0156a52075,9aa72befde9b7720,3490,200,securityInfoCheck,ts-security-service
1650250865,ts-order-service,dd31cce1398eb953,68b4476b3f024a4d,9aa72befde9b7720,3600,200,securityInfoCheck,ts-security-service
1650250865,ts-security-service,8cc7d930fde4e53,ead1fcea579f7889,9aa72befde9b7720,14098,200,check,ts-preserve-service
1650250865,ts-security-service,c4f78c0156a52075,8cc7d930fde4e53,9aa72befde9b7720,4720,200,GET,ts-security-service
1650250865,ts-security-service,68b4476b3f024a4d,8cc7d930fde4e53,9aa72befde9b7720,4844,200,GET,ts-security-service
1650250865,ts-order-service,808b8cc10a6c497e,6cdab1b8c0b29b18,6cdab1b8c0b29b18,9804,200,POST,ts-order-service
1650250865,ts-auth-service,7781dcba6e4381a3,,7781dcba6e4381a3,115612,200,getToken,no_parent
1650250865,ts-order-service,6cdab1b8c0b29b18,,6cdab1b8c0b29b18,13159,200,queryOrdersForRefresh,no_parent
1650250865,ts-verification-code-service,940195020deca1e,,940195020deca1e,2986,200,imageCode,no_parent
1650250865,ts-auth-service,841197d782682644,7781dcba6e4381a3,7781dcba6e4381a3,3664,200,GET,ts-auth-service
1650250865,ts-contacts-service,75f155669be340ba,,75f155669be340ba,3373,200,findContactsByAccountId,no_parent
1650250866,ts-travel-service,c3bd8572ac629d70,,c3bd8572ac629d70,44771,200,queryInfo,no_parent
1650250866,ts-ticketinfo-service,43c0cd55a8e0a3f2,6eee92f9fbb4f3aa,c3bd8572ac629d70,9374,200,queryForStationId,ts-travel-service
1650250866,ts-route-service,53fad484fedc00f6,ae3d05e6bb61a996,c3bd8572ac629d70,2094,200,queryById,ts-travel-service
1650250866,ts-basic-service,d13e0cf2ddf43e85,d9c72c0c3465349,c3bd8572ac629d70,3060,200,GET,ts-basic-service
1650250866,ts-ticketinfo-service,bda105080890cb24,815abb8d7d60e161,c3bd8572ac629d70,5729,200,GET,ts-ticketinfo-service
1650250866,ts-ticketinfo-service,815abb8d7d60e161,b0d7fae0dd7d1153,c3bd8572ac629d70,7973,200,queryForStationId,ts-travel-service
1650250866,ts-station-service,6ecb2a494fb01f20,d13e0cf2ddf43e85,c3bd8572ac629d70,2364,200,queryForStationId,ts-basic-service
1650250866,ts-travel-service,39630a5e6ff025e1,c3bd8572ac629d70,c3bd8572ac629d70,4050,200,GET,ts-travel-service
1650250866,ts-travel-service,6eee92f9fbb4f3aa,c3bd8572ac629d70,c3bd8572ac629d70,11082,200,GET,ts-travel-service
1650250866,ts-station-service,358c8d160fb15247,10aba38264e7688b,c3bd8572ac629d70,2552,200,queryForStationId,ts-basic-service
1650250866,ts-route-service,185b6643cffa001e,39630a5e6ff025e1,c3bd8572ac629d70,2625,200,queryById,ts-travel-service
1650250866,ts-route-service,984bcd116b3764f5,e9681865244b48a,c3bd8572ac629d70,2089,200,queryById,ts-travel-service
1650250866,ts-route-service,93d1dbd8771f5e3b,c6592106011e79e0,c3bd8572ac629d70,2521,200,queryById,ts-travel-service
1650250866,ts-travel-service,c6592106011e79e0,c3bd8572ac629d70,c3bd8572ac629d70,2801,200,GET,ts-travel-service
1650250866,ts-travel-service,ae3d05e6bb61a996,c3bd8572ac629d70,c3bd8572ac629d70,2634,200,GET,ts-travel-service
1650250866,ts-travel-service,e9681865244b48a,c3bd8572ac629d70,c3bd8572ac629d70,2320,200,GET,ts-travel-service
1650250866,ts-travel-service,b0d7fae0dd7d1153,c3bd8572ac629d70,c3bd8572ac629d70,8549,200,GET,ts-travel-service
1650250866,ts-basic-service,10aba38264e7688b,523a28e4ea789db4,c3bd8572ac629d70,3669,200,GET,ts-basic-service
1650250866,ts-assurance-service,14b1587c2e834c0c,,14b1587c2e834c0c,1425,200,getAllAssuranceType,no_parent
1650250866,ts-basic-service,523a28e4ea789db4,1b944ac974df05ae,c3bd8572ac629d70,6005,200,queryForStationId,ts-ticketinfo-service
1650250866,ts-basic-service,d9c72c0c3465349,bda105080890cb24,c3bd8572ac629d70,5113,200,queryForStationId,ts-ticketinfo-service
1650250866,ts-route-service,d1ca6209f6c73aeb,c1a0086bc325014b,c3bd8572ac629d70,2136,200,queryById,ts-travel-service
1650250866,ts-travel-service,c1a0086bc325014b,c3bd8572ac629d70,c3bd8572ac629d70,2404,200,GET,ts-travel-service
1650250866,ts-ticketinfo-service,1b944ac974df05ae,43c0cd55a8e0a3f2,c3bd8572ac629d70,7042,200,GET,ts-ticketinfo-service
1650250926,ts-auth-service,53426214898dd5fc,,53426214898dd5fc,108342,200,getToken,no_parent
1650250926,ts-verification-code-service,d4ed4e40e18f074f,942949050213f60b,53426214898dd5fc,2309,200,verifyCode,ts-auth-service
1650250926,ts-security-service,8d0a29878fb3f9d,63a793b8432890ce,c8b40a76b94d502f,4626,200,GET,ts-security-service
1650250926,ts-order-other-service,651e05e0bacd2546,8d0a29878fb3f9d,c8b40a76b94d502f,3295,200,securityInfoCheck,ts-security-service
1650250926,ts-route-service,4ca2a35ef532ccca,ab6be008dc7db11a,40b3dd6035f48a8e,2123,200,queryById,ts-travel-service
1650250926,ts-route-service,f644fed30244359,20294cf9e9839175,40b3dd6035f48a8e,2117,200,queryById,ts-travel-service
1650250926,ts-order-service,c7ec1a9299cb36e0,537224d4b87233c4,c8b40a76b94d502f,3298,200,securityInfoCheck,ts-security-service
1650250926,ts-contacts-service,136a99b080150ba2,c6d522b4f7889f0b,c8b40a76b94d502f,2406,200,getContactsByContactsId,ts-preserve-service
1650250926,ts-auth-service,942949050213f60b,53426214898dd5fc,53426214898dd5fc,3972,200,GET,ts-auth-service
1650250926,ts-security-service,537224d4b87233c4,63a793b8432890ce,c8b40a76b94d502f,4803,200,GET,ts-security-service
1650250926,ts-security-service,63a793b8432890ce,a219cc94c6a8c5b5,c8b40a76b94d502f,14421,200,check,ts-preserve-service
1650250926,ts-preserve-service,c6d522b4f7889f0b,c8b40a76b94d502f,c8b40a76b94d502f,3714,200,GET,ts-preserve-service
1650250926,ts-preserve-service,a219cc94c6a8c5b5,c8b40a76b94d502f,c8b40a76b94d502f,15898,200,GET,ts-preserve-service
1650250926,ts-preserve-service,c8b40a76b94d502f,,c8b40a76b94d502f,22378,200,preserve,no_parent
1650250926,ts-contacts-service,2f4dc52b595a8905,,2f4dc52b595a8905,3052,200,findContactsByAccountId,no_parent
1650250926,ts-ticketinfo-service,d4eff9a576c75d93,2ff198fb2e13a12f,40b3dd6035f48a8e,7503,200,GET,ts-ticketinfo-service
1650250926,ts-ticketinfo-service,d1243852f1feef91,a5a017cfb59a07fe,40b3dd6035f48a8e,5683,200,GET,ts-ticketinfo-service
1650250926,ts-assurance-service,31253a51e96adba2,,31253a51e96adba2,1651,200,getAllAssuranceType,no_parent
1650250926,ts-travel-service,ab6be008dc7db11a,40b3dd6035f48a8e,40b3dd6035f48a8e,2385,200,GET,ts-travel-service
1650250926,ts-travel-service,40b3dd6035f48a8e,,40b3dd6035f48a8e,45276,200,queryInfo,no_parent
1650250926,ts-ticketinfo-service,2ff198fb2e13a12f,989fbc655746f3d9,40b3dd6035f48a8e,9977,200,queryForStationId,ts-travel-service
1650250926,ts-station-service,ba11bd38aaff455b,5d863753268f42e8,40b3dd6035f48a8e,2623,200,queryForStationId,ts-basic-service
1650250926,ts-station-service,9c294f708a1fcb80,520ca2359d54f906,40b3dd6035f48a8e,2190,200,queryForStationId,ts-basic-service
1650250926,ts-ticketinfo-service,a5a017cfb59a07fe,d0c1420475364877,40b3dd6035f48a8e,7907,200,queryForStationId,ts-travel-service
1650250926,ts-travel-service,989fbc655746f3d9,40b3dd6035f48a8e,40b3dd6035f48a8e,11580,200,GET,ts-travel-service
1650250926,ts-travel-service,5dd3243d34f4f9ee,40b3dd6035f48a8e,40b3dd6035f48a8e,2740,200,GET,ts-travel-service
1650250926,ts-travel-service,20294cf9e9839175,40b3dd6035f48a8e,40b3dd6035f48a8e,2612,200,GET,ts-travel-service
1650250926,ts-basic-service,61e52b1b301c19f5,d1243852f1feef91,40b3dd6035f48a8e,4972,200,queryForStationId,ts-ticketinfo-service
1650250926,ts-route-service,42cac55c16f8e09b,45fcbfd625d4314c,40b3dd6035f48a8e,2625,200,queryById,ts-travel-service
1650250926,ts-travel-service,1e64085da455c61d,40b3dd6035f48a8e,40b3dd6035f48a8e,2365,200,GET,ts-travel-service
1650250926,ts-order-service,61fe02a582f1e629,ae01472979315c10,ae01472979315c10,9489,200,POST,ts-order-service
1650250926,ts-order-service,ae01472979315c10,,ae01472979315c10,12902,200,queryOrdersForRefresh,no_parent
1650250926,ts-station-service,86641e21a8299ac7,61fe02a582f1e629,ae01472979315c10,7996,200,queryForNameBatch,ts-order-service
1650250926,ts-travel-service,45fcbfd625d4314c,40b3dd6035f48a8e,40b3dd6035f48a8e,3968,200,GET,ts-travel-service
1650250926,ts-travel-service,d0c1420475364877,40b3dd6035f48a8e,40b3dd6035f48a8e,8381,200,GET,ts-travel-service
1650250926,ts-route-service,b5e4d320b42fac3a,1e64085da455c61d,40b3dd6035f48a8e,2133,200,queryById,ts-travel-service
1650250926,ts-basic-service,520ca2359d54f906,61e52b1b301c19f5,40b3dd6035f48a8e,2780,200,GET,ts-basic-service
1650250926,ts-route-service,2ba054a49ed58cf,5dd3243d34f4f9ee,40b3dd6035f48a8e,2512,200,queryById,ts-travel-service
1650250926,ts-basic-service,bfd7c20d019fae85,d4eff9a576c75d93,40b3dd6035f48a8e,6348,200,queryForStationId,ts-ticketinfo-service
1650250926,ts-basic-service,5d863753268f42e8,bfd7c20d019fae85,40b3dd6035f48a8e,3815,200,GET,ts-basic-service
1650250926,ts-verification-code-service,1b7c7991586352a4,,1b7c7991586352a4,2952,200,imageCode,no_parent
1650250986,ts-travel-service,237874b1c4891f52,afb2c8d074c850fd,afb2c8d074c850fd,2403,200,GET,ts-travel-service
1650250986,ts-travel-service,59164a18318b442e,afb2c8d074c850fd,afb2c8d074c850fd,8673,200,GET,ts-travel-service
1650250986,ts-travel-service,bcb6bd375e80415,afb2c8d074c850fd,afb2c8d074c850fd,3947,200,GET,ts-travel-service
1650250986,ts-travel-service,f1a75e990c32629,afb2c8d074c850fd,afb2c8d074c850fd,2387,200,GET,ts-travel-service
1650250986,ts-station-service,1b7f73fba0507db0,724e567e1a34303e,afb2c8d074c850fd,2547,200,queryForStationId,ts-basic-service
1650250986,ts-station-service,16648f03cdbb86b0,dc80000a6db98399,afb2c8d074c850fd,2153,200,queryForStationId,ts-basic-service
1650250986,ts-basic-service,724e567e1a34303e,8749ca8d65c5f4a4,afb2c8d074c850fd,3648,200,GET,ts-basic-service
1650250986,ts-basic-service,8749ca8d65c5f4a4,48b16adaaa48a80d,afb2c8d074c850fd,6253,200,queryForStationId,ts-ticketinfo-service
1650250986,ts-basic-service,8f2ffc56f6c831ff,fe04f11e69149b7f,afb2c8d074c850fd,5160,200,queryForStationId,ts-ticketinfo-service
1650250986,ts-ticketinfo-service,fe04f11e69149b7f,343306a701c27e28,afb2c8d074c850fd,5832,200,GET,ts-ticketinfo-service
1650250986,ts-ticketinfo-service,343306a701c27e28,59164a18318b442e,afb2c8d074c850fd,8074,200,queryForStationId,ts-travel-service
1650250986,ts-travel-service,95d5e76e42b74220,afb2c8d074c850fd,afb2c8d074c850fd,11609,200,GET,ts-travel-service
1650250986,ts-order-service,8eb58c468763fd27,41a35194e4cb1d52,36751ec0caddc156,3275,200,securityInfoCheck,ts-security-service
1650250986,ts-contacts-service,95d2b118e750c53f,d034f96149b2582b,36751ec0caddc156,2186,200,getContactsByContactsId,ts-preserve-service
1650250986,ts-preserve-service,b9f77f189d7d8796,36751ec0caddc156,36751ec0caddc156,15697,200,GET,ts-preserve-service
1650250986,ts-preserve-service,d034f96149b2582b,36751ec0caddc156,36751ec0caddc156,3381,200,GET,ts-preserve-service
1650250986,ts-preserve-service,36751ec0caddc156,,36751ec0caddc156,22412,200,preserve,no_parent
1650250986,ts-travel-service,afb2c8d074c850fd,,afb2c8d074c850fd,46234,200,queryInfo,no_parent
1650250986,ts-travel-service,39b11c04258ff174,afb2c8d074c850fd,afb2c8d074c850fd,3171,200,GET,ts-travel-service
1650250986,ts-station-service,e68f1d4e35d5798f,70642c97ad2199a0,5e369b282fec8af7,7760,200,queryForNameBatch,ts-order-service
1650250986,ts-security-service,5e41ebd5420b6175,21bc19ce69a7b78e,36751ec0caddc156,4714,200,GET,ts-security-service
1650250986,ts-ticketinfo-service,578a8c03c6938854,95d5e76e42b74220,afb2c8d074c850fd,9902,200,queryForStationId,ts-travel-service
1650250986,ts-ticketinfo-service,48b16adaaa48a80d,578a8c03c6938854,afb2c8d074c850fd,7440,200,GET,ts-ticketinfo-service
1650250986,ts-route-service,59d03f4db096077,39b11c04258ff174,afb2c8d074c850fd,2612,200,queryById,ts-travel-service
1650250986,ts-route-service,47f3293f1c27ecd,bcb6bd375e80415,afb2c8d074c850fd,2545,200,queryById,ts-travel-service
1650250986,ts-travel-service,c6ed38a18dfb244c,afb2c8d074c850fd,afb2c8d074c850fd,2223,200,GET,ts-travel-service
1650250986,ts-route-service,36dd9c3611b471d7,f1a75e990c32629,afb2c8d074c850fd,2178,200,queryById,ts-travel-service
1650250986,ts-route-service,fdd9cbabd6231b3a,c6ed38a18dfb244c,afb2c8d074c850fd,2053,200,queryById,ts-travel-service
1650250986,ts-route-service,cdb47b9ccb3e1cc8,237874b1c4891f52,afb2c8d074c850fd,2186,200,queryById,ts-travel-service
1650250986,ts-basic-service,dc80000a6db98399,8f2ffc56f6c831ff,afb2c8d074c850fd,2849,200,GET,ts-basic-service
1650250986,ts-order-service,5e369b282fec8af7,,5e369b282fec8af7,12910,200,queryOrdersForRefresh,no_parent
1650250986,ts-order-service,70642c97ad2199a0,5e369b282fec8af7,5e369b282fec8af7,9277,200,POST,ts-order-service
1650250986,ts-order-other-service,d92e2b113cbc7ff1,5e41ebd5420b6175,36751ec0caddc156,3459,200,securityInfoCheck,ts-security-service
1650250986,ts-security-service,21bc19ce69a7b78e,b9f77f189d7d8796,36751ec0caddc156,14216,200,check,ts-preserve-service
1650250986,ts-verification-code-service,cf5c36cbd218d661,,cf5c36cbd218d661,2954,200,imageCode,no_parent
1650250986,ts-auth-service,3d69efc37fd0c168,163400b26d856603,163400b26d856603,4434,200,GET,ts-auth-service
1650250986,ts-auth-service,163400b26d856603,,163400b26d856603,115514,200,getToken,no_parent
1650250986,ts-verification-code-service,c56ce987eade556,3d69efc37fd0c168,163400b26d856603,2677,200,verifyCode,ts-auth-service
1650250986,ts-security-service,41a35194e4cb1d52,21bc19ce69a7b78e,36751ec0caddc156,4709,200,GET,ts-security-service
1650250986,ts-assurance-service,f0e8a22149e70ec5,,f0e8a22149e70ec5,1664,200,getAllAssuranceType,no_parent
1650250986,ts-contacts-service,bcb3cf9273842535,,bcb3cf9273842535,2891,200,findContactsByAccountId,no_parent
1650251046,ts-preserve-service,9946fc677485979d,22c79c35543d4391,22c79c35543d4391,16553,200,GET,ts-preserve-service
1650251046,ts-preserve-service,5579e9df70f3197f,22c79c35543d4391,22c79c35543d4391,3179,200,GET,ts-preserve-service
1650251046,ts-auth-service,77f2185387b5375d,7ee7d4171cf40895,7ee7d4171cf40895,3713,200,GET,ts-auth-service
1650251046,ts-verification-code-service,6f657f61767da042,77f2185387b5375d,7ee7d4171cf40895,2016,200,verifyCode,ts-auth-service
1650251046,ts-auth-service,7ee7d4171cf40895,,7ee7d4171cf40895,112895,200,getToken,no_parent
1650251046,ts-basic-service,6aa0fe7d403b70bd,771ef9e08ca4ca76,8f6b6fd21ff0ff68,3803,200,GET,ts-basic-service
1650251046,ts-basic-service,771ef9e08ca4ca76,7854ac505d04164d,8f6b6fd21ff0ff68,6383,200,queryForStationId,ts-ticketinfo-service
1650251046,ts-contacts-service,801d6f4967ea2713,5579e9df70f3197f,22c79c35543d4391,2285,200,getContactsByContactsId,ts-preserve-service
1650251046,ts-security-service,e0eb293ef5ad7625,9946fc677485979d,22c79c35543d4391,14586,200,check,ts-preserve-service
1650251046,ts-travel-service,b81c10d44f7ec530,8f6b6fd21ff0ff68,8f6b6fd21ff0ff68,8675,200,GET,ts-travel-service
1650251046,ts-security-service,7368318e68d4722,e0eb293ef5ad7625,22c79c35543d4391,5408,200,GET,ts-security-service
1650251046,ts-security-service,10a6964f23b6214d,e0eb293ef5ad7625,22c79c35543d4391,4458,200,GET,ts-security-service
1650251046,ts-route-service,4776daaa6a19b325,362d238e553053da,8f6b6fd21ff0ff68,2102,200,queryById,ts-travel-service
1650251046,ts-station-service,2cc1e45240890372,b82aa76d169115d5,8f6b6fd21ff0ff68,2253,200,queryForStationId,ts-basic-service
1650251046,ts-basic-service,e479bdf42e43dad5,a1cb1ff98716c0ea,8f6b6fd21ff0ff68,5150,200,queryForStationId,ts-ticketinfo-service
1650251046,ts-ticketinfo-service,7854ac505d04164d,75dd7e8048f81780,8f6b6fd21ff0ff68,7512,200,GET,ts-ticketinfo-service
1650251046,ts-travel-service,f1254e4016206dd4,8f6b6fd21ff0ff68,8f6b6fd21ff0ff68,3073,200,GET,ts-travel-service
1650251046,ts-travel-service,fa798f03d5918bcb,8f6b6fd21ff0ff68,8f6b6fd21ff0ff68,2374,200,GET,ts-travel-service
1650251046,ts-travel-service,22ce6fbbb957dd10,8f6b6fd21ff0ff68,8f6b6fd21ff0ff68,4335,200,GET,ts-travel-service
1650251046,ts-travel-service,88e668954f7ed39c,8f6b6fd21ff0ff68,8f6b6fd21ff0ff68,11564,200,GET,ts-travel-service
1650251046,ts-travel-service,362d238e553053da,8f6b6fd21ff0ff68,8f6b6fd21ff0ff68,2305,200,GET,ts-travel-service
1650251046,ts-route-service,73c0300734fc3a5a,81983eb56cb3ea65,8f6b6fd21ff0ff68,2099,200,queryById,ts-travel-service
1650251046,ts-route-service,97ffd2c2c66be0a0,f1254e4016206dd4,8f6b6fd21ff0ff68,2494,200,queryById,ts-travel-service
1650251046,ts-ticketinfo-service,a1cb1ff98716c0ea,cbe864ca4e721d22,8f6b6fd21ff0ff68,5873,200,GET,ts-ticketinfo-service
1650251046,ts-ticketinfo-service,75dd7e8048f81780,88e668954f7ed39c,8f6b6fd21ff0ff68,9983,200,queryForStationId,ts-travel-service
1650251046,ts-ticketinfo-service,cbe864ca4e721d22,b81c10d44f7ec530,8f6b6fd21ff0ff68,8027,200,queryForStationId,ts-travel-service
1650251046,ts-travel-service,8f6b6fd21ff0ff68,,8f6b6fd21ff0ff68,46101,200,queryInfo,no_parent
1650251046,ts-travel-service,81983eb56cb3ea65,8f6b6fd21ff0ff68,8f6b6fd21ff0ff68,2332,200,GET,ts-travel-service
1650251046,ts-station-service,32bf8eb7475ee080,6aa0fe7d403b70bd,8f6b6fd21ff0ff68,2677,200,queryForStationId,ts-basic-service
1650251046,ts-assurance-service,3c442599dd694eb7,,3c442599dd694eb7,1639,200,getAllAssuranceType,no_parent
1650251046,ts-preserve-service,22c79c35543d4391,,22c79c35543d4391,22618,200,preserve,no_parent
1650251046,ts-order-service,41f3aa16754f1c51,7368318e68d4722,22c79c35543d4391,3793,200,securityInfoCheck,ts-security-service
1650251046,ts-order-other-service,cf36c67d4bdd7076,10a6964f23b6214d,22c79c35543d4391,3314,200,securityInfoCheck,ts-security-service
1650251046,ts-basic-service,b82aa76d169115d5,e479bdf42e43dad5,8f6b6fd21ff0ff68,2973,200,GET,ts-basic-service
1650251046,ts-route-service,1cac66ec9aee0e62,22ce6fbbb957dd10,8f6b6fd21ff0ff68,2971,200,queryById,ts-travel-service
1650251046,ts-route-service,c161d52147eb6aee,fa798f03d5918bcb,8f6b6fd21ff0ff68,2189,200,queryById,ts-travel-service
1650251046,ts-station-service,f8795b32d35a3f20,4d8b32195906e34b,57ca65f1a0d14ec7,8275,200,queryForNameBatch,ts-order-service
1650251046,ts-order-service,4d8b32195906e34b,57ca65f1a0d14ec7,57ca65f1a0d14ec7,9830,200,POST,ts-order-service
1650251046,ts-order-service,57ca65f1a0d14ec7,,57ca65f1a0d14ec7,13057,200,queryOrdersForRefresh,no_parent
1650251046,ts-verification-code-service,7f3160ce32351d63,,7f3160ce32351d63,3000,200,imageCode,no_parent
1650251046,ts-contacts-service,932e9de792a7af3f,,932e9de792a7af3f,3191,200,findContactsByAccountId,no_parent
1650251108,ts-order-other-service,30bfdf5877f6309f,6219717999940a01,9640643a42d80d81,3317,200,securityInfoCheck,ts-security-service
1650251108,ts-contacts-service,f1340455e25068,e6aad4e5c7169868,9640643a42d80d81,2247,200,getContactsByContactsId,ts-preserve-service
1650251108,ts-preserve-service,f8f9e6f0344ba59a,9640643a42d80d81,9640643a42d80d81,15296,200,GET,ts-preserve-service
1650251108,ts-basic-service,319fce3d8c789ceb,d9fcd90c1d0ea1bd,8f0ba87d151893bb,3731,200,GET,ts-basic-service
1650251108,ts-basic-service,166e3888958e0386,ee296f44627b2d9f,8f0ba87d151893bb,2822,200,GET,ts-basic-service
1650251108,ts-order-service,1c11250db94aea00,b6e523ef791e1169,9640643a42d80d81,3276,200,securityInfoCheck,ts-security-service
1650251108,ts-preserve-service,9640643a42d80d81,,9640643a42d80d81,21750,200,preserve,no_parent
1650251108,ts-preserve-service,e6aad4e5c7169868,9640643a42d80d81,9640643a42d80d81,3601,200,GET,ts-preserve-service
1650251108,ts-travel-service,6112af563e3b1965,8f0ba87d151893bb,8f0ba87d151893bb,2651,200,GET,ts-travel-service
1650251108,ts-basic-service,d9fcd90c1d0ea1bd,83de09abc017e1ad,8f0ba87d151893bb,6105,200,queryForStationId,ts-ticketinfo-service
1650251108,ts-basic-service,ee296f44627b2d9f,352ef8769b219fe9,8f0ba87d151893bb,4944,200,queryForStationId,ts-ticketinfo-service
1650251108,ts-assurance-service,1157efdf3509c624,,1157efdf3509c624,1640,200,getAllAssuranceType,no_parent
1650251108,ts-security-service,b6e523ef791e1169,c74d3cefa85854dc,9640643a42d80d81,4619,200,GET,ts-security-service
1650251108,ts-security-service,6219717999940a01,c74d3cefa85854dc,9640643a42d80d81,4562,200,GET,ts-security-service
1650251108,ts-security-service,c74d3cefa85854dc,f8f9e6f0344ba59a,9640643a42d80d81,13779,200,check,ts-preserve-service
1650251108,ts-order-service,ab608628fb9f28cf,dc818a91eea60b31,dc818a91eea60b31,9424,200,POST,ts-order-service
1650251108,ts-order-service,dc818a91eea60b31,,dc818a91eea60b31,12944,200,queryOrdersForRefresh,no_parent
1650251108,ts-station-service,3f5a623ca8e95777,ab608628fb9f28cf,dc818a91eea60b31,7869,200,queryForNameBatch,ts-order-service
1650251108,ts-ticketinfo-service,ec9777ee58b7cefb,ba13ff9d1d35f153,8f0ba87d151893bb,7738,200,queryForStationId,ts-travel-service
1650251108,ts-route-service,f243ba32faf34642,90a84f6b44bd5029,8f0ba87d151893bb,2151,200,queryById,ts-travel-service
1650251108,ts-route-service,5fa7efe99f33964,6112af563e3b1965,8f0ba87d151893bb,2159,200,queryById,ts-travel-service
1650251108,ts-station-service,b622d29eedcbf996,319fce3d8c789ceb,8f0ba87d151893bb,2575,200,queryForStationId,ts-basic-service
1650251108,ts-contacts-service,6855712fb7b1b473,,6855712fb7b1b473,2942,200,findContactsByAccountId,no_parent
1650251108,ts-travel-service,e7f3b199e9145fea,8f0ba87d151893bb,8f0ba87d151893bb,3948,200,GET,ts-travel-service
1650251108,ts-travel-service,8f0ba87d151893bb,,8f0ba87d151893bb,45049,200,queryInfo,no_parent
1650251108,ts-route-service,ef9feb22f82835c4,877b8759c5c417ee,8f0ba87d151893bb,2167,200,queryById,ts-travel-service
1650251108,ts-route-service,8ecdd0c4aee33c5,b8bd2e227575fc4c,8f0ba87d151893bb,2554,200,queryById,ts-travel-service
1650251108,ts-route-service,4400fb9a897ba3be,e7f3b199e9145fea,8f0ba87d151893bb,2594,200,queryById,ts-travel-service
1650251108,ts-travel-service,b8bd2e227575fc4c,8f0ba87d151893bb,8f0ba87d151893bb,2815,200,GET,ts-travel-service
1650251108,ts-travel-service,877b8759c5c417ee,8f0ba87d151893bb,8f0ba87d151893bb,2387,200,GET,ts-travel-service
1650251108,ts-auth-service,f4e3358a490a6ba2,b3d773f4c66217c8,b3d773f4c66217c8,3545,200,GET,ts-auth-service
1650251108,ts-auth-service,b3d773f4c66217c8,,b3d773f4c66217c8,112665,200,getToken,no_parent
1650251108,ts-travel-service,2ec2c266e9936038,8f0ba87d151893bb,8f0ba87d151893bb,11326,200,GET,ts-travel-service
1650251108,ts-travel-service,90a84f6b44bd5029,8f0ba87d151893bb,8f0ba87d151893bb,2371,200,GET,ts-travel-service
1650251108,ts-travel-service,ba13ff9d1d35f153,8f0ba87d151893bb,8f0ba87d151893bb,8342,200,GET,ts-travel-service
1650251108,ts-ticketinfo-service,83de09abc017e1ad,3186f484eb154e73,8f0ba87d151893bb,7286,200,GET,ts-ticketinfo-service
1650251108,ts-verification-code-service,32c0c8c75c79570a,f4e3358a490a6ba2,b3d773f4c66217c8,1889,200,verifyCode,ts-auth-service
1650251108,ts-ticketinfo-service,352ef8769b219fe9,ec9777ee58b7cefb,8f0ba87d151893bb,5597,200,GET,ts-ticketinfo-service
1650251108,ts-station-service,a70c6d00c179b645,166e3888958e0386,8f0ba87d151893bb,2132,200,queryForStationId,ts-basic-service
1650251108,ts-ticketinfo-service,3186f484eb154e73,2ec2c266e9936038,8f0ba87d151893bb,9658,200,queryForStationId,ts-travel-service
1650251108,ts-verification-code-service,67b632e48106c7c0,,67b632e48106c7c0,2964,200,imageCode,no_parent
1650251168,ts-ticketinfo-service,f80f9519f4098742,6d594b4dfa1696cb,43653c683b7db117,7249,200,GET,ts-ticketinfo-service
1650251168,ts-preserve-service,b381a6a37693a6a6,cc80b0aaa069c951,cc80b0aaa069c951,14764,200,GET,ts-preserve-service
1650251168,ts-contacts-service,8ba3e20f5b5726fd,7f31ba027bdfe12b,cc80b0aaa069c951,3999,200,getContactsByContactsId,ts-preserve-service
1650251168,ts-ticketinfo-service,6d8e530a4fb91786,73614488f3dff657,43653c683b7db117,7553,200,queryForStationId,ts-travel-service
1650251168,ts-station-service,d22ac7acb61f9c67,48754eab64c8129,43653c683b7db117,2134,200,queryForStationId,ts-basic-service
1650251168,ts-station-service,76a9241f5d163eef,24696173bf167831,43653c683b7db117,2441,200,queryForStationId,ts-basic-service
1650251168,ts-basic-service,24696173bf167831,e75c4029040d0547,43653c683b7db117,3530,200,GET,ts-basic-service
1650251168,ts-basic-service,48754eab64c8129,8a34ca6059c8f15e,43653c683b7db117,2824,200,GET,ts-basic-service
1650251168,ts-ticketinfo-service,6d594b4dfa1696cb,16533fc176c537b4,43653c683b7db117,9787,200,queryForStationId,ts-travel-service
1650251168,ts-travel-service,937bdbab0de8ecff,43653c683b7db117,43653c683b7db117,2328,200,GET,ts-travel-service
1650251168,ts-travel-service,af2371f1a5d220a4,43653c683b7db117,43653c683b7db117,2680,200,GET,ts-travel-service
1650251168,ts-travel-service,ec82436f3662a730,43653c683b7db117,43653c683b7db117,2840,200,GET,ts-travel-service
1650251168,ts-route-service,e3f9df3cefeb42eb,af2371f1a5d220a4,43653c683b7db117,2152,200,queryById,ts-travel-service
1650251168,ts-preserve-service,cc80b0aaa069c951,,cc80b0aaa069c951,23158,200,preserve,no_parent
1650251168,ts-order-service,196eb72dfc79685b,836b87c50b534abd,cc80b0aaa069c951,2897,200,securityInfoCheck,ts-security-service
1650251168,ts-verification-code-service,8c2281f39c41aa36,b86804cf1ce35e20,5877c3524496005c,1885,200,verifyCode,ts-auth-service
1650251168,ts-order-other-service,61b26ee60ad8cd81,e65c2ffc992b1d02,cc80b0aaa069c951,2828,200,securityInfoCheck,ts-security-service
1650251168,ts-security-service,836b87c50b534abd,f8fd2ae411d9c533,cc80b0aaa069c951,4403,200,GET,ts-security-service
1650251168,ts-security-service,e65c2ffc992b1d02,f8fd2ae411d9c533,cc80b0aaa069c951,4142,200,GET,ts-security-service
1650251168,ts-security-service,f8fd2ae411d9c533,b381a6a37693a6a6,cc80b0aaa069c951,13328,200,check,ts-preserve-service
1650251168,ts-ticketinfo-service,fcd8bbca4781e351,6d8e530a4fb91786,43653c683b7db117,5766,200,GET,ts-ticketinfo-service
1650251168,ts-route-service,19b9b69b08684290,937bdbab0de8ecff,43653c683b7db117,2087,200,queryById,ts-travel-service
1650251168,ts-route-service,f8befa7ab4c9bf80,ec82436f3662a730,43653c683b7db117,2563,200,queryById,ts-travel-service
1650251168,ts-route-service,256578505af81d78,6ab153f0a33838f,43653c683b7db117,2084,200,queryById,ts-travel-service
1650251168,ts-auth-service,b86804cf1ce35e20,5877c3524496005c,5877c3524496005c,3561,200,GET,ts-auth-service
1650251168,ts-auth-service,5877c3524496005c,,5877c3524496005c,109812,200,getToken,no_parent
1650251168,ts-assurance-service,f82438be725001fc,,f82438be725001fc,1610,200,getAllAssuranceType,no_parent
1650251168,ts-verification-code-service,3cc1697a51fc989b,,3cc1697a51fc989b,2977,200,imageCode,no_parent
1650251168,ts-basic-service,e75c4029040d0547,f80f9519f4098742,43653c683b7db117,6094,200,queryForStationId,ts-ticketinfo-service
1650251168,ts-basic-service,8a34ca6059c8f15e,fcd8bbca4781e351,43653c683b7db117,5017,200,queryForStationId,ts-ticketinfo-service
1650251168,ts-travel-service,6ab153f0a33838f,43653c683b7db117,43653c683b7db117,2306,200,GET,ts-travel-service
1650251168,ts-travel-service,43653c683b7db117,,43653c683b7db117,43737,200,queryInfo,no_parent
1650251168,ts-travel-service,a2c61f59ab6c7a92,43653c683b7db117,43653c683b7db117,3894,200,GET,ts-travel-service
1650251168,ts-route-service,479f6e926499ac6,a2c61f59ab6c7a92,43653c683b7db117,2041,200,queryById,ts-travel-service
1650251168,ts-travel-service,16533fc176c537b4,43653c683b7db117,43653c683b7db117,11231,200,GET,ts-travel-service
1650251168,ts-travel-service,73614488f3dff657,43653c683b7db117,43653c683b7db117,8188,200,GET,ts-travel-service
1650251168,ts-preserve-service,7f31ba027bdfe12b,cc80b0aaa069c951,cc80b0aaa069c951,5439,200,GET,ts-preserve-service
1650251168,ts-station-service,2f4e4c93d02f8efe,6d5c1ef2cd709b,443165257e5eac63,11193,200,queryForNameBatch,ts-order-service
1650251168,ts-order-service,443165257e5eac63,,443165257e5eac63,16648,200,queryOrdersForRefresh,no_parent
1650251168,ts-order-service,6d5c1ef2cd709b,443165257e5eac63,443165257e5eac63,13103,200,POST,ts-order-service
1650251168,ts-contacts-service,eac0bc7cb13547f1,,eac0bc7cb13547f1,2951,200,findContactsByAccountId,no_parent
1650251228,ts-ticketinfo-service,f7d754209ff5d91f,92d245c9c373e35d,3c4fa55ba685f0b3,7222,200,GET,ts-ticketinfo-service
1650251228,ts-ticketinfo-service,92d245c9c373e35d,87feef054ea42972,3c4fa55ba685f0b3,9478,200,queryForStationId,ts-travel-service
1650251228,ts-ticketinfo-service,404b7e2154d44c78,3290360966dc16c0,3c4fa55ba685f0b3,5829,200,GET,ts-ticketinfo-service
1650251228,ts-ticketinfo-service,3290360966dc16c0,e0180935faf6c1c9,3c4fa55ba685f0b3,7998,200,queryForStationId,ts-travel-service
1650251228,ts-travel-service,3e50c29461cddaa,3c4fa55ba685f0b3,3c4fa55ba685f0b3,2700,200,GET,ts-travel-service
1650251228,ts-travel-service,71fadd8f9de7c731,3c4fa55ba685f0b3,3c4fa55ba685f0b3,2370,200,GET,ts-travel-service
1650251228,ts-travel-service,431bbb46eac75b70,3c4fa55ba685f0b3,3c4fa55ba685f0b3,7437,200,GET,ts-travel-service
1650251228,ts-travel-service,e0180935faf6c1c9,3c4fa55ba685f0b3,3c4fa55ba685f0b3,8590,200,GET,ts-travel-service
1650251228,ts-travel-service,3c4fa55ba685f0b3,,3c4fa55ba685f0b3,49728,200,queryInfo,no_parent
1650251228,ts-travel-service,c28b8b4855e811b1,3c4fa55ba685f0b3,3c4fa55ba685f0b3,3952,200,GET,ts-travel-service
1650251228,ts-travel-service,87feef054ea42972,3c4fa55ba685f0b3,3c4fa55ba685f0b3,10794,200,GET,ts-travel-service
1650251228,ts-travel-service,767473b4e6e39be0,3c4fa55ba685f0b3,3c4fa55ba685f0b3,2738,200,GET,ts-travel-service
1650251228,ts-route-service,ef9d382625d54fe8,431bbb46eac75b70,3c4fa55ba685f0b3,7082,200,queryById,ts-travel-service
1650251228,ts-route-service,531345531d5631d8,767473b4e6e39be0,3c4fa55ba685f0b3,2494,200,queryById,ts-travel-service
1650251228,ts-route-service,22fcbbba62711b67,71fadd8f9de7c731,3c4fa55ba685f0b3,2143,200,queryById,ts-travel-service
1650251228,ts-route-service,4010e3563916bbf6,c28b8b4855e811b1,3c4fa55ba685f0b3,2587,200,queryById,ts-travel-service
1650251228,ts-basic-service,42dacd46e3172a6d,404b7e2154d44c78,3c4fa55ba685f0b3,5087,200,queryForStationId,ts-ticketinfo-service
1650251228,ts-basic-service,27806873b8b41e4c,42dacd46e3172a6d,3c4fa55ba685f0b3,2778,200,GET,ts-basic-service
1650251228,ts-basic-service,23b80112c8f04255,d31bd250e488d6a3,3c4fa55ba685f0b3,3571,200,GET,ts-basic-service
1650251228,ts-station-service,725ec9157ba4fc13,27806873b8b41e4c,3c4fa55ba685f0b3,2091,200,queryForStationId,ts-basic-service
1650251228,ts-station-service,8aec4e1583c49e3f,23b80112c8f04255,3c4fa55ba685f0b3,2361,200,queryForStationId,ts-basic-service
1650251228,ts-security-service,1930f673d5321e67,c9fe43dc014d25b0,b04d3cceeb5ed193,8176,200,GET,ts-security-service
1650251228,ts-security-service,c9fe43dc014d25b0,c1f808ddded1083d,b04d3cceeb5ed193,24475,200,check,ts-preserve-service
1650251228,ts-contacts-service,4c69159fff4c4e45,6d90e43f7c802880,b04d3cceeb5ed193,2375,200,getContactsByContactsId,ts-preserve-service
1650251228,ts-preserve-service,6d90e43f7c802880,b04d3cceeb5ed193,b04d3cceeb5ed193,3651,200,GET,ts-preserve-service
1650251228,ts-preserve-service,b04d3cceeb5ed193,,b04d3cceeb5ed193,32491,200,preserve,no_parent
1650251228,ts-preserve-service,c1f808ddded1083d,b04d3cceeb5ed193,b04d3cceeb5ed193,25992,200,GET,ts-preserve-service
1650251228,ts-order-service,7120b1f3d1faba8,1930f673d5321e67,b04d3cceeb5ed193,6480,200,securityInfoCheck,ts-security-service
1650251228,ts-order-other-service,40ef68004828e342,6b269a4a2b4bf337,b04d3cceeb5ed193,3295,200,securityInfoCheck,ts-security-service
1650251228,ts-security-service,6b269a4a2b4bf337,c9fe43dc014d25b0,b04d3cceeb5ed193,4560,200,GET,ts-security-service
1650251228,ts-basic-service,d31bd250e488d6a3,f7d754209ff5d91f,3c4fa55ba685f0b3,6011,200,queryForStationId,ts-ticketinfo-service
1650251228,ts-auth-service,4b4e9216e45566ba,b12f9115952e114a,b12f9115952e114a,3779,200,GET,ts-auth-service
1650251228,ts-auth-service,b12f9115952e114a,,b12f9115952e114a,114820,200,getToken,no_parent
1650251228,ts-verification-code-service,abea7ab25e308d12,4b4e9216e45566ba,b12f9115952e114a,2262,200,verifyCode,ts-auth-service
1650251228,ts-route-service,d5745db744196fc,3e50c29461cddaa,3c4fa55ba685f0b3,2175,200,queryById,ts-travel-service
1650251228,ts-station-service,5b4852f77176459e,c55e6276d5406317,c367ee49fb68135b,8269,200,queryForNameBatch,ts-order-service
1650251228,ts-order-service,c55e6276d5406317,c367ee49fb68135b,c367ee49fb68135b,10492,200,POST,ts-order-service
1650251228,ts-order-service,c367ee49fb68135b,,c367ee49fb68135b,15083,200,queryOrdersForRefresh,no_parent
1650251228,ts-assurance-service,d9be489a0dc6eb2,,d9be489a0dc6eb2,1599,200,getAllAssuranceType,no_parent
1650251228,ts-verification-code-service,ad9e9e10a11b1612,,ad9e9e10a11b1612,2975,200,imageCode,no_parent
1650251228,ts-contacts-service,17da37e831356f02,,17da37e831356f02,3155,200,findContactsByAccountId,no_parent
1650251289,ts-security-service,caaf9e431aafd533,e615816456631ad0,50d897aead32198b,15107,200,check,ts-preserve-service
1650251289,ts-security-service,ecfa0595675ec75,caaf9e431aafd533,50d897aead32198b,5371,200,GET,ts-security-service
1650251289,ts-preserve-service,50d897aead32198b,,50d897aead32198b,23114,200,preserve,no_parent
1650251289,ts-preserve-service,bba0aa2b3d64cfe5,50d897aead32198b,50d897aead32198b,3561,200,GET,ts-preserve-service
1650251289,ts-preserve-service,e615816456631ad0,50d897aead32198b,50d897aead32198b,16639,200,GET,ts-preserve-service
1650251289,ts-order-service,5d6d1fd66c7d2176,ecfa0595675ec75,50d897aead32198b,3832,200,securityInfoCheck,ts-security-service
1650251289,ts-security-service,cbe84872580db4fa,caaf9e431aafd533,50d897aead32198b,4711,200,GET,ts-security-service
1650251289,ts-order-other-service,f7ef334970547616,cbe84872580db4fa,50d897aead32198b,3455,200,securityInfoCheck,ts-security-service
1650251289,ts-contacts-service,769f894d7a50c3a9,bba0aa2b3d64cfe5,50d897aead32198b,2317,200,getContactsByContactsId,ts-preserve-service
1650251289,ts-order-service,cd099a32475c3941,,cd099a32475c3941,21717,200,queryOrdersForRefresh,no_parent
1650251289,ts-order-service,bb8052c39e7d13c9,cd099a32475c3941,cd099a32475c3941,17625,200,POST,ts-order-service
1650251289,ts-contacts-service,6a5d049131427d0e,,6a5d049131427d0e,3201,200,findContactsByAccountId,no_parent
1650251289,ts-station-service,798b5aeb7a661235,bb8052c39e7d13c9,cd099a32475c3941,15504,200,queryForNameBatch,ts-order-service
1650251290,ts-route-service,dc42d4ffaa9507e2,b8c7b8f25fce0be4,5a1af8c24d6d757a,2118,200,queryById,ts-travel-service
1650251290,ts-ticketinfo-service,f0edcdc2b3e766cb,d47dd9568f11e138,5a1af8c24d6d757a,6294,200,GET,ts-ticketinfo-service
1650251290,ts-route-service,e63f88ba3f8e9d5b,c16c27719e3e6675,5a1af8c24d6d757a,2574,200,queryById,ts-travel-service
1650251290,ts-route-service,3e1b90e502fa9230,342a7a55f601d719,5a1af8c24d6d757a,2182,200,queryById,ts-travel-service
1650251290,ts-ticketinfo-service,32f52f05c05d0da8,ab9e232373102796,5a1af8c24d6d757a,9127,200,queryForStationId,ts-travel-service
1650251290,ts-ticketinfo-service,f68a9082db50056,32f52f05c05d0da8,5a1af8c24d6d757a,6727,200,GET,ts-ticketinfo-service
1650251290,ts-route-service,67996b8adae84c47,41b43cb1e659dcd4,5a1af8c24d6d757a,2126,200,queryById,ts-travel-service
1650251290,ts-travel-service,b8c7b8f25fce0be4,5a1af8c24d6d757a,5a1af8c24d6d757a,2336,200,GET,ts-travel-service
1650251290,ts-travel-service,5a1af8c24d6d757a,,5a1af8c24d6d757a,44100,200,queryInfo,no_parent
1650251290,ts-travel-service,41b43cb1e659dcd4,5a1af8c24d6d757a,5a1af8c24d6d757a,2346,200,GET,ts-travel-service
1650251290,ts-ticketinfo-service,d47dd9568f11e138,11417bb89c8baadf,5a1af8c24d6d757a,8309,200,queryForStationId,ts-travel-service
1650251290,ts-travel-service,ab9e232373102796,5a1af8c24d6d757a,5a1af8c24d6d757a,10670,200,GET,ts-travel-service
1650251290,ts-station-service,966e41c7459b86b4,9ff229a849a6de4e,5a1af8c24d6d757a,2145,200,queryForStationId,ts-basic-service
1650251290,ts-station-service,73876fe916fd88f2,25ad26458091dd66,5a1af8c24d6d757a,2117,200,queryForStationId,ts-basic-service
1650251290,ts-basic-service,7b33cf4f456cc34b,f0edcdc2b3e766cb,5a1af8c24d6d757a,5185,200,queryForStationId,ts-ticketinfo-service
1650251290,ts-basic-service,9ff229a849a6de4e,99c99305be376c9b,5a1af8c24d6d757a,3182,200,GET,ts-basic-service
1650251290,ts-basic-service,99c99305be376c9b,f68a9082db50056,5a1af8c24d6d757a,5462,200,queryForStationId,ts-ticketinfo-service
1650251290,ts-basic-service,25ad26458091dd66,7b33cf4f456cc34b,5a1af8c24d6d757a,2921,200,GET,ts-basic-service
1650251290,ts-travel-service,342a7a55f601d719,5a1af8c24d6d757a,5a1af8c24d6d757a,2397,200,GET,ts-travel-service
1650251290,ts-travel-service,11417bb89c8baadf,5a1af8c24d6d757a,5a1af8c24d6d757a,8818,200,GET,ts-travel-service
1650251290,ts-assurance-service,b9ddeb0d32b2535,,b9ddeb0d32b2535,1631,200,getAllAssuranceType,no_parent
1650251290,ts-travel-service,c16c27719e3e6675,5a1af8c24d6d757a,5a1af8c24d6d757a,4059,200,GET,ts-travel-service
1650251290,ts-auth-service,88cebe8e60538d7d,cb1cdb22226ef059,cb1cdb22226ef059,3019,200,GET,ts-auth-service
1650251290,ts-verification-code-service,4a1af953f8a7134a,88cebe8e60538d7d,cb1cdb22226ef059,1406,200,verifyCode,ts-auth-service
1650251290,ts-auth-service,cb1cdb22226ef059,,cb1cdb22226ef059,108384,200,getToken,no_parent
1650251290,ts-travel-service,725099aae80f3622,5a1af8c24d6d757a,5a1af8c24d6d757a,2902,200,GET,ts-travel-service
1650251290,ts-route-service,4b0c25bd6f4422cb,725099aae80f3622,5a1af8c24d6d757a,2376,200,queryById,ts-travel-service
1650251290,ts-verification-code-service,d5e3e1e3030a46d2,,d5e3e1e3030a46d2,3136,200,imageCode,no_parent
1650251351,ts-ticketinfo-service,e267385c3586c9ab,ffa960fe6e104f03,8feb79bdd0777618,7291,200,GET,ts-ticketinfo-service
1650251351,ts-ticketinfo-service,ffa960fe6e104f03,dddf2b7086b835cc,8feb79bdd0777618,9567,200,queryForStationId,ts-travel-service
1650251351,ts-ticketinfo-service,89345915456a20ad,8ff043716b677d84,8feb79bdd0777618,5414,200,GET,ts-ticketinfo-service
1650251351,ts-ticketinfo-service,8ff043716b677d84,40304e91e1221d48,8feb79bdd0777618,7352,200,queryForStationId,ts-travel-service
1650251351,ts-travel-service,4ff895727ad60c60,8feb79bdd0777618,8feb79bdd0777618,2825,200,GET,ts-travel-service
1650251351,ts-travel-service,bce21b710427f17a,8feb79bdd0777618,8feb79bdd0777618,2583,200,GET,ts-travel-service
1650251351,ts-travel-service,dddf2b7086b835cc,8feb79bdd0777618,8feb79bdd0777618,11204,200,GET,ts-travel-service
1650251351,ts-travel-service,7f27484ccf546867,8feb79bdd0777618,8feb79bdd0777618,2357,200,GET,ts-travel-service
1650251351,ts-travel-service,8feb79bdd0777618,,8feb79bdd0777618,44771,200,queryInfo,no_parent
1650251351,ts-travel-service,40304e91e1221d48,8feb79bdd0777618,8feb79bdd0777618,7851,200,GET,ts-travel-service
1650251351,ts-travel-service,53d2be27c3b10aac,8feb79bdd0777618,8feb79bdd0777618,2335,200,GET,ts-travel-service
1650251351,ts-route-service,1b7a6b8893774e50,c3f3d272ac0579e0,8feb79bdd0777618,3181,200,queryById,ts-travel-service
1650251351,ts-route-service,32a79d27ca82a36d,bce21b710427f17a,8feb79bdd0777618,2305,200,queryById,ts-travel-service
1650251351,ts-station-service,717c51e77d3d00d8,54d1ec792478413c,8feb79bdd0777618,2116,200,queryForStationId,ts-basic-service
1650251351,ts-station-service,4447f8fcada0008e,e6b878cea0a32609,8feb79bdd0777618,2219,200,queryForStationId,ts-basic-service
1650251351,ts-basic-service,e6b878cea0a32609,932dcbd3c41c4022,8feb79bdd0777618,3344,200,GET,ts-basic-service
1650251351,ts-basic-service,932dcbd3c41c4022,e267385c3586c9ab,8feb79bdd0777618,5787,200,queryForStationId,ts-ticketinfo-service
1650251351,ts-travel-service,c3f3d272ac0579e0,8feb79bdd0777618,8feb79bdd0777618,4403,200,GET,ts-travel-service
1650251351,ts-station-service,a908c5a1bda1c21e,312219726d5bc6b5,f8d2172222444317,7794,200,queryForNameBatch,ts-order-service
1650251351,ts-order-service,312219726d5bc6b5,f8d2172222444317,f8d2172222444317,9354,200,POST,ts-order-service
1650251351,ts-order-service,f8d2172222444317,,f8d2172222444317,13245,200,queryOrdersForRefresh,no_parent
1650251351,ts-route-service,e30d0488b90ee777,53d2be27c3b10aac,8feb79bdd0777618,2125,200,queryById,ts-travel-service
1650251351,ts-security-service,e5d7a92cb3ae4a91,507b4e50cdc8c332,54dc396be58e4467,14790,200,check,ts-preserve-service
1650251351,ts-contacts-service,6257059f76e553c6,b46cf7d0f09c9da8,54dc396be58e4467,2307,200,getContactsByContactsId,ts-preserve-service
1650251351,ts-route-service,e3cb4d5874508b46,7f27484ccf546867,8feb79bdd0777618,2153,200,queryById,ts-travel-service
1650251351,ts-route-service,8bf46a1dc226e8ec,4ff895727ad60c60,8feb79bdd0777618,2319,200,queryById,ts-travel-service
1650251351,ts-order-other-service,15966ce5d76cfbcf,c6f36b16d0ebaaf3,54dc396be58e4467,3392,200,securityInfoCheck,ts-security-service
1650251351,ts-security-service,d230cfac0404dda8,e5d7a92cb3ae4a91,54dc396be58e4467,5308,200,GET,ts-security-service
1650251351,ts-security-service,c6f36b16d0ebaaf3,e5d7a92cb3ae4a91,54dc396be58e4467,4594,200,GET,ts-security-service
1650251351,ts-basic-service,54d1ec792478413c,e828b0c4f02edf12,8feb79bdd0777618,2805,200,GET,ts-basic-service
1650251351,ts-basic-service,e828b0c4f02edf12,89345915456a20ad,8feb79bdd0777618,4728,200,queryForStationId,ts-ticketinfo-service
1650251351,ts-preserve-service,507b4e50cdc8c332,54dc396be58e4467,54dc396be58e4467,16227,200,GET,ts-preserve-service
1650251351,ts-preserve-service,b46cf7d0f09c9da8,54dc396be58e4467,54dc396be58e4467,3525,200,GET,ts-preserve-service
1650251351,ts-preserve-service,54dc396be58e4467,,54dc396be58e4467,22699,200,preserve,no_parent
1650251351,ts-order-service,3ddcf083d4b11abc,d230cfac0404dda8,54dc396be58e4467,3913,200,securityInfoCheck,ts-security-service
1650251351,ts-verification-code-service,2198ecb6576e79e2,,2198ecb6576e79e2,3106,200,imageCode,no_parent
1650251351,ts-assurance-service,2e26ae88bec9994a,,2e26ae88bec9994a,1614,200,getAllAssuranceType,no_parent
1650251351,ts-auth-service,ecc65ee46e2d41ce,aeccaa2f07bc288b,aeccaa2f07bc288b,2879,200,GET,ts-auth-service
1650251351,ts-auth-service,aeccaa2f07bc288b,,aeccaa2f07bc288b,107589,200,getToken,no_parent
1650251351,ts-verification-code-service,e98012ffca29ffa8,ecc65ee46e2d41ce,aeccaa2f07bc288b,1205,200,verifyCode,ts-auth-service
1650251351,ts-contacts-service,efc2fe75a06876c9,,efc2fe75a06876c9,2803,200,findContactsByAccountId,no_parent
1650251412,ts-station-service,961de0fcbeeb7c10,23dce43d391ced85,1e3353b815e238b5,8124,200,queryForNameBatch,ts-order-service
1650251412,ts-order-service,23dce43d391ced85,1e3353b815e238b5,1e3353b815e238b5,9630,200,POST,ts-order-service
1650251412,ts-route-service,5f48ea367093ab04,5fb93cdaf6e87cfd,1deeca4036a31dd5,2609,200,queryById,ts-travel-service
1650251412,ts-preserve-service,557cc94ce6c92d06,ee0a11d729726489,ee0a11d729726489,16108,200,GET,ts-preserve-service
1650251412,ts-contacts-service,63980bf7637d048d,ff35241c424c902f,ee0a11d729726489,2491,200,getContactsByContactsId,ts-preserve-service
1650251412,ts-security-service,3054c124dcf20f1b,557cc94ce6c92d06,ee0a11d729726489,14588,200,check,ts-preserve-service
1650251412,ts-auth-service,e716bc563d45e6f3,d7e05af5a45c13e7,d7e05af5a45c13e7,3588,200,GET,ts-auth-service
1650251412,ts-auth-service,d7e05af5a45c13e7,,d7e05af5a45c13e7,109378,200,getToken,no_parent
1650251412,ts-verification-code-service,e63d12a5ddb47c78,e716bc563d45e6f3,d7e05af5a45c13e7,1947,200,verifyCode,ts-auth-service
1650251412,ts-security-service,c31147918173f4c7,3054c124dcf20f1b,ee0a11d729726489,4752,200,GET,ts-security-service
1650251412,ts-security-service,31fe1815a960ce29,3054c124dcf20f1b,ee0a11d729726489,5158,200,GET,ts-security-service
1650251412,ts-preserve-service,ee0a11d729726489,,ee0a11d729726489,22870,200,preserve,no_parent
1650251412,ts-travel-service,5fb93cdaf6e87cfd,1deeca4036a31dd5,1deeca4036a31dd5,4046,200,GET,ts-travel-service
1650251412,ts-travel-service,847918a6daffdd5b,1deeca4036a31dd5,1deeca4036a31dd5,2316,200,GET,ts-travel-service
1650251412,ts-travel-service,d9951480b8ac14ab,1deeca4036a31dd5,1deeca4036a31dd5,8582,200,GET,ts-travel-service
1650251412,ts-travel-service,4cdf0fd4c2861e22,1deeca4036a31dd5,1deeca4036a31dd5,2666,200,GET,ts-travel-service
1650251412,ts-route-service,81ed7f63c223d2bc,1dc421794feaf7ad,1deeca4036a31dd5,2156,200,queryById,ts-travel-service
1650251412,ts-route-service,508453f67e726a92,4cdf0fd4c2861e22,1deeca4036a31dd5,2153,200,queryById,ts-travel-service
1650251412,ts-route-service,a4ef4bdb953a7827,847918a6daffdd5b,1deeca4036a31dd5,2100,200,queryById,ts-travel-service
1650251412,ts-station-service,e0c3d9b9a777762d,727fbf7bb702c9b2,1deeca4036a31dd5,2168,200,queryForStationId,ts-basic-service
1650251412,ts-station-service,dac4e7d05c51711d,920b437fa27f16ed,1deeca4036a31dd5,2235,200,queryForStationId,ts-basic-service
1650251412,ts-basic-service,30f0612a09f157ea,c716b450061471ba,1deeca4036a31dd5,5714,200,queryForStationId,ts-ticketinfo-service
1650251412,ts-basic-service,920b437fa27f16ed,30f0612a09f157ea,1deeca4036a31dd5,3317,200,GET,ts-basic-service
1650251412,ts-ticketinfo-service,c716b450061471ba,af1dbeeeb2a73acc,1deeca4036a31dd5,7039,200,GET,ts-ticketinfo-service
1650251412,ts-ticketinfo-service,af1dbeeeb2a73acc,bd314796ce966fda,1deeca4036a31dd5,10286,200,queryForStationId,ts-travel-service
1650251412,ts-ticketinfo-service,51eff831cb7f227a,d9951480b8ac14ab,1deeca4036a31dd5,7910,200,queryForStationId,ts-travel-service
1650251412,ts-ticketinfo-service,e430478f94c60c1c,51eff831cb7f227a,1deeca4036a31dd5,5656,200,GET,ts-ticketinfo-service
1650251412,ts-travel-service,bd314796ce966fda,1deeca4036a31dd5,1deeca4036a31dd5,11925,200,GET,ts-travel-service
1650251412,ts-assurance-service,8eca656e37f179aa,,8eca656e37f179aa,1638,200,getAllAssuranceType,no_parent
1650251412,ts-order-service,1e3353b815e238b5,,1e3353b815e238b5,13225,200,queryOrdersForRefresh,no_parent
1650251412,ts-route-service,8b9f809753948451,6edb67ed93ad3e80,1deeca4036a31dd5,2153,200,queryById,ts-travel-service
1650251412,ts-verification-code-service,d18e647fb6fd2a79,,d18e647fb6fd2a79,2993,200,imageCode,no_parent
1650251412,ts-travel-service,6edb67ed93ad3e80,1deeca4036a31dd5,1deeca4036a31dd5,2331,200,GET,ts-travel-service
1650251412,ts-travel-service,1deeca4036a31dd5,,1deeca4036a31dd5,44805,200,queryInfo,no_parent
1650251412,ts-travel-service,1dc421794feaf7ad,1deeca4036a31dd5,1deeca4036a31dd5,2350,200,GET,ts-travel-service
1650251412,ts-order-other-service,a4fb4aad0c792523,c31147918173f4c7,ee0a11d729726489,3391,200,securityInfoCheck,ts-security-service
1650251412,ts-basic-service,727fbf7bb702c9b2,ddc649606af3e2a4,1deeca4036a31dd5,2827,200,GET,ts-basic-service
1650251412,ts-basic-service,ddc649606af3e2a4,e430478f94c60c1c,1deeca4036a31dd5,4905,200,queryForStationId,ts-ticketinfo-service
1650251412,ts-preserve-service,ff35241c424c902f,ee0a11d729726489,ee0a11d729726489,3853,200,GET,ts-preserve-service
1650251412,ts-order-service,6e154ec0cbc2462d,31fe1815a960ce29,ee0a11d729726489,3901,200,securityInfoCheck,ts-security-service
1650251412,ts-contacts-service,4c614dadd4d10766,,4c614dadd4d10766,2914,200,findContactsByAccountId,no_parent
1650251473,ts-contacts-service,5cd3a461557d0f78,b5c302a42184743d,4bb9424b609bc524,2223,200,getContactsByContactsId,ts-preserve-service
1650251473,ts-preserve-service,41fb357c0e4d9879,4bb9424b609bc524,4bb9424b609bc524,16576,200,GET,ts-preserve-service
1650251473,ts-preserve-service,4bb9424b609bc524,,4bb9424b609bc524,22895,200,preserve,no_parent
1650251473,ts-preserve-service,b5c302a42184743d,4bb9424b609bc524,4bb9424b609bc524,3492,200,GET,ts-preserve-service
1650251473,ts-auth-service,69fbbfa6d2bf3a5c,,69fbbfa6d2bf3a5c,118798,200,getToken,no_parent
1650251473,ts-contacts-service,fdfd4fd65ee4517a,,fdfd4fd65ee4517a,2895,200,findContactsByAccountId,no_parent
1650251473,ts-auth-service,ff72fefb76b0edfc,69fbbfa6d2bf3a5c,69fbbfa6d2bf3a5c,3783,200,GET,ts-auth-service
1650251473,ts-security-service,c5e5dceec71ff345,373d72edb3d3f8fc,4bb9424b609bc524,5315,200,GET,ts-security-service
1650251473,ts-order-other-service,d37e7899a64c27a3,cc0319188cb8e7d4,4bb9424b609bc524,3495,200,securityInfoCheck,ts-security-service
1650251473,ts-order-service,967d62177c6eae5c,c5e5dceec71ff345,4bb9424b609bc524,3801,200,securityInfoCheck,ts-security-service
1650251473,ts-security-service,cc0319188cb8e7d4,373d72edb3d3f8fc,4bb9424b609bc524,4551,200,GET,ts-security-service
1650251473,ts-security-service,373d72edb3d3f8fc,41fb357c0e4d9879,4bb9424b609bc524,14968,200,check,ts-preserve-service
1650251473,ts-station-service,653b325208b5453b,d253926a3152e77f,135978a228806865,7755,200,queryForNameBatch,ts-order-service
1650251473,ts-verification-code-service,9a06542baf3c58a,,9a06542baf3c58a,2544,200,imageCode,no_parent
1650251473,ts-order-service,135978a228806865,,135978a228806865,13364,200,queryOrdersForRefresh,no_parent
1650251473,ts-order-service,d253926a3152e77f,135978a228806865,135978a228806865,9343,200,POST,ts-order-service
1650251473,ts-verification-code-service,4a53f43601259369,ff72fefb76b0edfc,69fbbfa6d2bf3a5c,2068,200,verifyCode,ts-auth-service
1650251474,ts-route-service,b5b4017470902fae,c4427840f42cac61,abc874fd2d948749,2136,200,queryById,ts-travel-service
1650251474,ts-travel-service,253f0fc755485ace,abc874fd2d948749,abc874fd2d948749,2806,200,GET,ts-travel-service
1650251474,ts-travel-service,c4427840f42cac61,abc874fd2d948749,abc874fd2d948749,2338,200,GET,ts-travel-service
1650251474,ts-travel-service,40fa4acc173a6d9f,abc874fd2d948749,abc874fd2d948749,2449,200,GET,ts-travel-service
1650251474,ts-travel-service,8e1de743a9061005,abc874fd2d948749,abc874fd2d948749,2756,200,GET,ts-travel-service
1650251474,ts-ticketinfo-service,581b0f312b57a1a9,3b7e99f0d3612f5,abc874fd2d948749,9904,200,queryForStationId,ts-travel-service
1650251474,ts-ticketinfo-service,3bff36b7fa8bd717,d6a98a7b90a53eca,abc874fd2d948749,11362,200,GET,ts-ticketinfo-service
1650251474,ts-travel-service,c5b615d77a4981ae,abc874fd2d948749,abc874fd2d948749,4151,200,GET,ts-travel-service
1650251474,ts-travel-service,4a1e7bac75a3195d,abc874fd2d948749,abc874fd2d948749,13917,200,GET,ts-travel-service
1650251474,ts-basic-service,c6a5e15a3df4bef0,3bff36b7fa8bd717,abc874fd2d948749,7625,200,queryForStationId,ts-ticketinfo-service
1650251474,ts-basic-service,1ccd253924670d90,4c714d7a7c3c7c7a,abc874fd2d948749,3537,200,GET,ts-basic-service
1650251474,ts-basic-service,d09e0b6a3dab225f,c6a5e15a3df4bef0,abc874fd2d948749,2980,200,GET,ts-basic-service
1650251474,ts-route-service,662ee7a724ea6152,40fa4acc173a6d9f,abc874fd2d948749,2171,200,queryById,ts-travel-service
1650251474,ts-ticketinfo-service,d6a98a7b90a53eca,4a1e7bac75a3195d,abc874fd2d948749,13452,200,queryForStationId,ts-travel-service
1650251474,ts-route-service,1d2b46a6f17b6beb,8e1de743a9061005,abc874fd2d948749,2616,200,queryById,ts-travel-service
1650251474,ts-travel-service,abc874fd2d948749,,abc874fd2d948749,50691,200,queryInfo,no_parent
1650251474,ts-basic-service,4c714d7a7c3c7c7a,2faef0d6eeddc171,abc874fd2d948749,6073,200,queryForStationId,ts-ticketinfo-service
1650251474,ts-station-service,76e2c66a561cda29,1ccd253924670d90,abc874fd2d948749,2407,200,queryForStationId,ts-basic-service
1650251474,ts-station-service,ca427efa8d1aba20,d09e0b6a3dab225f,abc874fd2d948749,2014,200,queryForStationId,ts-basic-service
1650251474,ts-travel-service,3b7e99f0d3612f5,abc874fd2d948749,abc874fd2d948749,11447,200,GET,ts-travel-service
1650251474,ts-route-service,bb1d42c87e818209,c5b615d77a4981ae,abc874fd2d948749,2666,200,queryById,ts-travel-service
1650251474,ts-route-service,f2ed96d7e4314dc4,253f0fc755485ace,abc874fd2d948749,2238,200,queryById,ts-travel-service
1650251474,ts-ticketinfo-service,2faef0d6eeddc171,581b0f312b57a1a9,abc874fd2d948749,7322,200,GET,ts-ticketinfo-service
1650251474,ts-assurance-service,ae0a199453bb4bf4,,ae0a199453bb4bf4,1692,200,getAllAssuranceType,no_parent
1650251535,ts-security-service,638264d862200ac,c773d5202a965a06,663908f7815f9835,5170,200,GET,ts-security-service
1650251535,ts-security-service,1fa0458451ed87c,c773d5202a965a06,663908f7815f9835,4689,200,GET,ts-security-service
1650251535,ts-auth-service,acb2841836122c08,,acb2841836122c08,106547,200,getToken,no_parent
1650251535,ts-verification-code-service,8169aebcbd22d611,5fd6f94e44054051,acb2841836122c08,2099,200,verifyCode,ts-auth-service
1650251535,ts-contacts-service,2bd5f844465c62c7,,2bd5f844465c62c7,3219,200,findContactsByAccountId,no_parent
1650251535,ts-preserve-service,ad22df19854188af,663908f7815f9835,663908f7815f9835,16119,200,GET,ts-preserve-service
1650251535,ts-auth-service,5fd6f94e44054051,acb2841836122c08,acb2841836122c08,3897,200,GET,ts-auth-service
1650251535,ts-security-service,c773d5202a965a06,ad22df19854188af,663908f7815f9835,14717,200,check,ts-preserve-service
1650251535,ts-contacts-service,135dae24ea919d74,32f900c410994b7,663908f7815f9835,2504,200,getContactsByContactsId,ts-preserve-service
1650251535,ts-order-other-service,9c51ed37301ae176,1fa0458451ed87c,663908f7815f9835,3547,200,securityInfoCheck,ts-security-service
1650251535,ts-verification-code-service,ed0af687af8556bc,,ed0af687af8556bc,2975,200,imageCode,no_parent
1650251535,ts-station-service,edf7af2b2a8ac4a0,b73093165a66369e,aa71f593cb4f31fd,2432,200,queryForStationId,ts-basic-service
1650251535,ts-basic-service,b73093165a66369e,d56a8a04be6c4720,aa71f593cb4f31fd,3123,200,GET,ts-basic-service
1650251535,ts-basic-service,d56a8a04be6c4720,c4cc2cbfc5a8347d,aa71f593cb4f31fd,5595,200,queryForStationId,ts-ticketinfo-service
1650251535,ts-assurance-service,f1f3d9f8e13aa442,,f1f3d9f8e13aa442,1605,200,getAllAssuranceType,no_parent
1650251535,ts-travel-service,3a441f5c0604d605,aa71f593cb4f31fd,aa71f593cb4f31fd,2469,200,GET,ts-travel-service
1650251535,ts-travel-service,aa71f593cb4f31fd,,aa71f593cb4f31fd,47654,200,queryInfo,no_parent
1650251535,ts-travel-service,402a8b308e3c792,aa71f593cb4f31fd,aa71f593cb4f31fd,12661,200,GET,ts-travel-service
1650251535,ts-route-service,658bfcf58465fdfc,82b16e13b911bcef,aa71f593cb4f31fd,2564,200,queryById,ts-travel-service
1650251535,ts-route-service,b36c13d6096958a1,3b2aa0da3e959960,aa71f593cb4f31fd,2152,200,queryById,ts-travel-service
1650251535,ts-route-service,d7b43453a47ac17a,37b986c91231c65a,aa71f593cb4f31fd,2563,200,queryById,ts-travel-service
1650251535,ts-route-service,a90be9adb15e8805,3a441f5c0604d605,aa71f593cb4f31fd,2156,200,queryById,ts-travel-service
1650251535,ts-station-service,4a51b79019c335dd,d8374295ee817b63,aa71f593cb4f31fd,2758,200,queryForStationId,ts-basic-service
1650251535,ts-route-service,fead7c08ed2b85c4,87c102bcf38c7abc,aa71f593cb4f31fd,2129,200,queryById,ts-travel-service
1650251535,ts-ticketinfo-service,c4cc2cbfc5a8347d,f0e00a2348ff7b92,aa71f593cb4f31fd,6365,200,GET,ts-ticketinfo-service
1650251535,ts-ticketinfo-service,f0e00a2348ff7b92,cad8fd2a997d43b1,aa71f593cb4f31fd,8422,200,queryForStationId,ts-travel-service
1650251535,ts-ticketinfo-service,4164c0e3b400f166,10690fe7c285c16d,aa71f593cb4f31fd,8603,200,GET,ts-ticketinfo-service
1650251535,ts-travel-service,3b2aa0da3e959960,aa71f593cb4f31fd,aa71f593cb4f31fd,2804,200,GET,ts-travel-service
1650251535,ts-travel-service,87c102bcf38c7abc,aa71f593cb4f31fd,aa71f593cb4f31fd,2504,200,GET,ts-travel-service
1650251535,ts-travel-service,82b16e13b911bcef,aa71f593cb4f31fd,aa71f593cb4f31fd,3888,200,GET,ts-travel-service
1650251535,ts-travel-service,37b986c91231c65a,aa71f593cb4f31fd,aa71f593cb4f31fd,2845,200,GET,ts-travel-service
1650251535,ts-order-service,2de789ca40dd445e,ee1832641fb67555,ee1832641fb67555,12416,200,POST,ts-order-service
1650251535,ts-order-service,ee1832641fb67555,,ee1832641fb67555,16268,200,queryOrdersForRefresh,no_parent
1650251535,ts-travel-service,cad8fd2a997d43b1,aa71f593cb4f31fd,aa71f593cb4f31fd,8961,200,GET,ts-travel-service
1650251535,ts-basic-service,1dc0a1d208fbb879,4164c0e3b400f166,aa71f593cb4f31fd,7257,200,queryForStationId,ts-ticketinfo-service
1650251535,ts-ticketinfo-service,10690fe7c285c16d,402a8b308e3c792,aa71f593cb4f31fd,11097,200,queryForStationId,ts-travel-service
1650251535,ts-station-service,5528d5ceb4a0e0c4,2de789ca40dd445e,ee1832641fb67555,10328,200,queryForNameBatch,ts-order-service
1650251535,ts-basic-service,d8374295ee817b63,1dc0a1d208fbb879,aa71f593cb4f31fd,4223,200,GET,ts-basic-service
1650251535,ts-preserve-service,663908f7815f9835,,663908f7815f9835,22659,200,preserve,no_parent
1650251535,ts-preserve-service,32f900c410994b7,663908f7815f9835,663908f7815f9835,3774,200,GET,ts-preserve-service
1650251535,ts-order-service,cc057f2ccc68134c,638264d862200ac,663908f7815f9835,3782,200,securityInfoCheck,ts-security-service
1650251596,ts-security-service,6ce13a8908c0c1da,d2cb07ea2ec1acd5,415e7b28fefd3602,14864,200,check,ts-preserve-service
1650251596,ts-auth-service,39b6ce7f4bfc7486,,39b6ce7f4bfc7486,113631,200,getToken,no_parent
1650251596,ts-preserve-service,d2cb07ea2ec1acd5,415e7b28fefd3602,415e7b28fefd3602,16344,200,GET,ts-preserve-service
1650251596,ts-contacts-service,f5f6c6bb150343d3,9144baa0434e6534,415e7b28fefd3602,2445,200,getContactsByContactsId,ts-preserve-service
1650251596,ts-preserve-service,9144baa0434e6534,415e7b28fefd3602,415e7b28fefd3602,3649,200,GET,ts-preserve-service
1650251596,ts-preserve-service,415e7b28fefd3602,,415e7b28fefd3602,22772,200,preserve,no_parent
1650251596,ts-auth-service,ed4e45d0fc203c36,39b6ce7f4bfc7486,39b6ce7f4bfc7486,3958,200,GET,ts-auth-service
1650251596,ts-verification-code-service,2c992e21cd8dfef9,ed4e45d0fc203c36,39b6ce7f4bfc7486,1723,200,verifyCode,ts-auth-service
1650251596,ts-security-service,56df92399a52e7d0,6ce13a8908c0c1da,415e7b28fefd3602,5222,200,GET,ts-security-service
1650251596,ts-basic-service,91888b52268e2410,178a51f677a01bd0,637aa9dfbb13472b,5545,200,queryForStationId,ts-ticketinfo-service
1650251596,ts-ticketinfo-service,3d724b05ac841c36,eb1512b58abda21f,637aa9dfbb13472b,7943,200,GET,ts-ticketinfo-service
1650251596,ts-ticketinfo-service,178a51f677a01bd0,6f531fe75cf5c698,637aa9dfbb13472b,6240,200,GET,ts-ticketinfo-service
1650251596,ts-order-service,7ac478ee599a9589,56df92399a52e7d0,415e7b28fefd3602,3834,200,securityInfoCheck,ts-security-service
1650251596,ts-order-other-service,ceab2477eaa7a22c,4be40d0efc445acf,415e7b28fefd3602,3572,200,securityInfoCheck,ts-security-service
1650251596,ts-basic-service,4a3068199c396d1d,ddb4d0659917dd78,637aa9dfbb13472b,3938,200,GET,ts-basic-service
1650251596,ts-travel-service,67de576d94ab4bb2,637aa9dfbb13472b,637aa9dfbb13472b,11908,200,GET,ts-travel-service
1650251596,ts-travel-service,a5feb6401e9ec0dd,637aa9dfbb13472b,637aa9dfbb13472b,8426,200,GET,ts-travel-service
1650251596,ts-ticketinfo-service,6f531fe75cf5c698,a5feb6401e9ec0dd,637aa9dfbb13472b,7802,200,queryForStationId,ts-travel-service
1650251596,ts-travel-service,77ef47aaf14f511f,637aa9dfbb13472b,637aa9dfbb13472b,2278,200,GET,ts-travel-service
1650251596,ts-travel-service,1c9b726d70fef334,637aa9dfbb13472b,637aa9dfbb13472b,2428,200,GET,ts-travel-service
1650251596,ts-travel-service,bfc6ba5a0400a80a,637aa9dfbb13472b,637aa9dfbb13472b,2307,200,GET,ts-travel-service
1650251596,ts-assurance-service,f46b6d76ad9ebdb0,,f46b6d76ad9ebdb0,1623,200,getAllAssuranceType,no_parent
1650251596,ts-verification-code-service,82ffce1887105c4a,,82ffce1887105c4a,2927,200,imageCode,no_parent
1650251596,ts-station-service,67edac0f77486cf7,4a3068199c396d1d,637aa9dfbb13472b,2748,200,queryForStationId,ts-basic-service
1650251596,ts-travel-service,637aa9dfbb13472b,,637aa9dfbb13472b,45053,200,queryInfo,no_parent
1650251596,ts-basic-service,ddb4d0659917dd78,3d724b05ac841c36,637aa9dfbb13472b,6637,200,queryForStationId,ts-ticketinfo-service
1650251596,ts-security-service,4be40d0efc445acf,6ce13a8908c0c1da,415e7b28fefd3602,4708,200,GET,ts-security-service
1650251596,ts-order-service,fa80e7b4b7408e64,f7a2f2f93c3c1a08,f7a2f2f93c3c1a08,9367,200,POST,ts-order-service
1650251596,ts-order-service,f7a2f2f93c3c1a08,,f7a2f2f93c3c1a08,21927,200,queryOrdersForRefresh,no_parent
1650251596,ts-station-service,467232066f3379e3,fa80e7b4b7408e64,f7a2f2f93c3c1a08,8097,200,queryForNameBatch,ts-order-service
1650251596,ts-basic-service,5d9b3d33a25018a4,91888b52268e2410,637aa9dfbb13472b,3113,200,GET,ts-basic-service
1650251596,ts-route-service,ba2fc00aff8e4595,77ef47aaf14f511f,637aa9dfbb13472b,2109,200,queryById,ts-travel-service
1650251596,ts-route-service,e7e99e94ebe92bee,6ea419b62539b80a,637aa9dfbb13472b,2673,200,queryById,ts-travel-service
1650251596,ts-route-service,26ae7c4a378c2687,b1958a5bb671d8f9,637aa9dfbb13472b,2536,200,queryById,ts-travel-service
1650251596,ts-station-service,168ca65eda4a77cb,5d9b3d33a25018a4,637aa9dfbb13472b,2438,200,queryForStationId,ts-basic-service
1650251596,ts-ticketinfo-service,eb1512b58abda21f,67de576d94ab4bb2,637aa9dfbb13472b,10211,200,queryForStationId,ts-travel-service
1650251596,ts-travel-service,b1958a5bb671d8f9,637aa9dfbb13472b,637aa9dfbb13472b,3104,200,GET,ts-travel-service
1650251596,ts-route-service,51ec31f8c2b8bfb6,1c9b726d70fef334,637aa9dfbb13472b,2162,200,queryById,ts-travel-service
1650251596,ts-route-service,2303c8396070ba1c,bfc6ba5a0400a80a,637aa9dfbb13472b,2122,200,queryById,ts-travel-service
1650251596,ts-travel-service,6ea419b62539b80a,637aa9dfbb13472b,637aa9dfbb13472b,4042,200,GET,ts-travel-service
1650251596,ts-contacts-service,bb52f984d9cb94b2,,bb52f984d9cb94b2,3020,200,findContactsByAccountId,no_parent
1650251656,ts-travel-service,164e9287eb748d4f,,164e9287eb748d4f,58700,200,queryInfo,no_parent
1650251656,ts-travel-service,dae99bcfcbaf72d1,164e9287eb748d4f,164e9287eb748d4f,10060,200,GET,ts-travel-service
1650251656,ts-basic-service,aa53ccbded07f88f,883e2444fd4f8c8,164e9287eb748d4f,3853,200,GET,ts-basic-service
1650251656,ts-basic-service,883e2444fd4f8c8,20f74faec6b7aa70,164e9287eb748d4f,6877,200,queryForStationId,ts-ticketinfo-service
1650251656,ts-security-service,8ee38eecdfba4524,9140836ac3e04733,3b0c77cc3a417925,14563,200,check,ts-preserve-service
1650251656,ts-verification-code-service,a1bcd0c81be89539,39cf9e2b9079fcc5,30a83ec1dd61c87b,2582,200,verifyCode,ts-auth-service
1650251656,ts-auth-service,30a83ec1dd61c87b,,30a83ec1dd61c87b,110022,200,getToken,no_parent
1650251656,ts-ticketinfo-service,2d2b17ce013124a3,62369f5279239bb2,164e9287eb748d4f,10734,200,queryForStationId,ts-travel-service
1650251656,ts-ticketinfo-service,28e45898917121bc,56dbc3b60d3543fc,164e9287eb748d4f,7390,200,GET,ts-ticketinfo-service
1650251656,ts-contacts-service,4a4b9fd6010a543c,,4a4b9fd6010a543c,2916,200,findContactsByAccountId,no_parent
1650251656,ts-security-service,a83a87ae81ab4b3,8ee38eecdfba4524,3b0c77cc3a417925,5027,200,GET,ts-security-service
1650251656,ts-security-service,3f89f183b0bf3c45,8ee38eecdfba4524,3b0c77cc3a417925,4770,200,GET,ts-security-service
1650251656,ts-contacts-service,bde0644466587ba8,18788ae97e9ed646,3b0c77cc3a417925,2593,200,getContactsByContactsId,ts-preserve-service
1650251656,ts-preserve-service,9140836ac3e04733,3b0c77cc3a417925,3b0c77cc3a417925,15955,200,GET,ts-preserve-service
1650251656,ts-preserve-service,3b0c77cc3a417925,,3b0c77cc3a417925,23114,200,preserve,no_parent
1650251656,ts-order-service,92d461d8956b4b80,3f89f183b0bf3c45,3b0c77cc3a417925,3380,200,securityInfoCheck,ts-security-service
1650251656,ts-order-other-service,5a19e9a8dd93e3a0,a83a87ae81ab4b3,3b0c77cc3a417925,3359,200,securityInfoCheck,ts-security-service
1650251656,ts-preserve-service,18788ae97e9ed646,3b0c77cc3a417925,3b0c77cc3a417925,4119,200,GET,ts-preserve-service
1650251656,ts-station-service,a3b31021dd4139b6,17004e2285efd428,228270249a9b365a,8350,200,queryForNameBatch,ts-order-service
1650251656,ts-order-service,228270249a9b365a,,228270249a9b365a,12950,200,queryOrdersForRefresh,no_parent
1650251656,ts-order-service,17004e2285efd428,228270249a9b365a,228270249a9b365a,9707,200,POST,ts-order-service
1650251656,ts-station-service,415b54f4ae950c61,aa53ccbded07f88f,164e9287eb748d4f,2562,200,queryForStationId,ts-basic-service
1650251656,ts-station-service,faf3c9257129da33,a82c0cd4ab179b1,164e9287eb748d4f,2412,200,queryForStationId,ts-basic-service
1650251656,ts-basic-service,a82c0cd4ab179b1,94327901fc4c87dd,164e9287eb748d4f,4099,200,GET,ts-basic-service
1650251656,ts-basic-service,94327901fc4c87dd,28e45898917121bc,164e9287eb748d4f,6542,200,queryForStationId,ts-ticketinfo-service
1650251656,ts-ticketinfo-service,20f74faec6b7aa70,2d2b17ce013124a3,164e9287eb748d4f,8189,200,GET,ts-ticketinfo-service
1650251656,ts-verification-code-service,f3108d341bf4fa1,,f3108d341bf4fa1,2988,200,imageCode,no_parent
1650251656,ts-auth-service,39cf9e2b9079fcc5,30a83ec1dd61c87b,30a83ec1dd61c87b,4456,200,GET,ts-auth-service
1650251656,ts-ticketinfo-service,56dbc3b60d3543fc,dae99bcfcbaf72d1,164e9287eb748d4f,9503,200,queryForStationId,ts-travel-service
1650251656,ts-travel-service,62369f5279239bb2,164e9287eb748d4f,164e9287eb748d4f,12748,200,GET,ts-travel-service
1650251657,ts-route-service,2b2f92079595fcb6,d961175cd25a1da5,164e9287eb748d4f,3062,200,queryById,ts-travel-service
1650251657,ts-route-service,d038572ea3440a26,361b173edd63c03,164e9287eb748d4f,1241,200,queryById,ts-travel-service
1650251657,ts-route-service,38d5f2ea6e7cb3ee,c1bfc101cb0bd0ed,164e9287eb748d4f,2533,200,queryById,ts-travel-service
1650251657,ts-route-service,bcc380d3a4d47638,a94b5a5ce2d3871b,164e9287eb748d4f,1402,200,queryById,ts-travel-service
1650251657,ts-travel-service,787ee75bb7eb8198,164e9287eb748d4f,164e9287eb748d4f,1882,200,GET,ts-travel-service
1650251657,ts-travel-service,a94b5a5ce2d3871b,164e9287eb748d4f,164e9287eb748d4f,1941,200,GET,ts-travel-service
1650251657,ts-route-service,6ba42c141f041e03,787ee75bb7eb8198,164e9287eb748d4f,1788,200,queryById,ts-travel-service
1650251657,ts-travel-service,361b173edd63c03,164e9287eb748d4f,164e9287eb748d4f,1386,200,GET,ts-travel-service
1650251657,ts-travel-service,c1bfc101cb0bd0ed,164e9287eb748d4f,164e9287eb748d4f,2712,200,GET,ts-travel-service
1650251657,ts-travel-service,d961175cd25a1da5,164e9287eb748d4f,164e9287eb748d4f,4490,200,GET,ts-travel-service
1650251657,ts-assurance-service,e9f0f9740d4fc5ae,,e9f0f9740d4fc5ae,1441,200,getAllAssuranceType,no_parent
1650251717,ts-route-service,6bc8f938602e54fa,8e768ada2c1c5c31,17a8a898032bb938,2224,200,queryById,ts-travel-service
1650251717,ts-station-service,a546a2c094f10e83,da436ee21d8b9f2e,c5ed3ac4f4d149b9,8471,200,queryForNameBatch,ts-order-service
1650251717,ts-auth-service,86b44a57c0cacdf9,20cdc1eee7f403fd,20cdc1eee7f403fd,3639,200,GET,ts-auth-service
1650251717,ts-ticketinfo-service,d72560d55d99c604,18056bec9446317c,17a8a898032bb938,5619,200,GET,ts-ticketinfo-service
1650251717,ts-auth-service,20cdc1eee7f403fd,,20cdc1eee7f403fd,108035,200,getToken,no_parent
1650251717,ts-basic-service,2128fb0c5157b645,4ad800ccd8a69dc5,17a8a898032bb938,2537,200,GET,ts-basic-service
1650251717,ts-route-service,ab431658b61f8ab6,fa5833b449de7919,17a8a898032bb938,2125,200,queryById,ts-travel-service
1650251717,ts-travel-service,ef4bc5ca742be76a,17a8a898032bb938,17a8a898032bb938,2809,200,GET,ts-travel-service
1650251717,ts-travel-service,80ad1e59357cd315,17a8a898032bb938,17a8a898032bb938,4042,200,GET,ts-travel-service
1650251717,ts-verification-code-service,718942ad9f75aef8,86b44a57c0cacdf9,20cdc1eee7f403fd,2022,200,verifyCode,ts-auth-service
1650251717,ts-contacts-service,2d02c29bc5fd6862,6e655e49b36b50fa,6869a31382715090,2206,200,getContactsByContactsId,ts-preserve-service
1650251717,ts-basic-service,e4e2e565e846828c,4731236ca3f987b5,17a8a898032bb938,6741,200,queryForStationId,ts-ticketinfo-service
1650251717,ts-preserve-service,5e05e022336348a3,6869a31382715090,6869a31382715090,14459,200,GET,ts-preserve-service
1650251717,ts-travel-service,c64ad7083ecbcf02,17a8a898032bb938,17a8a898032bb938,2686,200,GET,ts-travel-service
1650251717,ts-basic-service,4ad800ccd8a69dc5,d72560d55d99c604,17a8a898032bb938,5133,200,queryForStationId,ts-ticketinfo-service
1650251717,ts-travel-service,8e768ada2c1c5c31,17a8a898032bb938,17a8a898032bb938,2410,200,GET,ts-travel-service
1650251717,ts-travel-service,dbcddeb771080c0f,17a8a898032bb938,17a8a898032bb938,8225,200,GET,ts-travel-service
1650251717,ts-station-service,a980023e2733567d,2128fb0c5157b645,17a8a898032bb938,1991,200,queryForStationId,ts-basic-service
1650251717,ts-route-service,14ad44d41cc967ae,c64ad7083ecbcf02,17a8a898032bb938,2143,200,queryById,ts-travel-service
1650251717,ts-ticketinfo-service,4731236ca3f987b5,ca044fb68dd4c74c,17a8a898032bb938,7991,200,GET,ts-ticketinfo-service
1650251717,ts-ticketinfo-service,ca044fb68dd4c74c,6ad6e6d15f7fde1d,17a8a898032bb938,10278,200,queryForStationId,ts-travel-service
1650251717,ts-route-service,907ec47d87df3734,80ad1e59357cd315,17a8a898032bb938,2613,200,queryById,ts-travel-service
1650251717,ts-travel-service,6ad6e6d15f7fde1d,17a8a898032bb938,17a8a898032bb938,12051,200,GET,ts-travel-service
1650251717,ts-basic-service,b9d0b773fecd9f40,e4e2e565e846828c,17a8a898032bb938,4082,200,GET,ts-basic-service
1650251717,ts-ticketinfo-service,18056bec9446317c,dbcddeb771080c0f,17a8a898032bb938,7852,200,queryForStationId,ts-travel-service
1650251717,ts-travel-service,fa5833b449de7919,17a8a898032bb938,17a8a898032bb938,2303,200,GET,ts-travel-service
1650251717,ts-travel-service,17a8a898032bb938,,17a8a898032bb938,46286,200,queryInfo,no_parent
1650251717,ts-route-service,9bdbb56425871b8f,ef4bc5ca742be76a,17a8a898032bb938,2590,200,queryById,ts-travel-service
1650251717,ts-station-service,994655671eabecd,b9d0b773fecd9f40,17a8a898032bb938,2611,200,queryForStationId,ts-basic-service
1650251717,ts-order-service,c5ed3ac4f4d149b9,,c5ed3ac4f4d149b9,13115,200,queryOrdersForRefresh,no_parent
1650251717,ts-order-service,da436ee21d8b9f2e,c5ed3ac4f4d149b9,c5ed3ac4f4d149b9,9854,200,POST,ts-order-service
1650251717,ts-preserve-service,6869a31382715090,,6869a31382715090,20558,200,preserve,no_parent
1650251717,ts-contacts-service,29d2d5f375d95f83,,29d2d5f375d95f83,2842,200,findContactsByAccountId,no_parent
1650251717,ts-preserve-service,6e655e49b36b50fa,6869a31382715090,6869a31382715090,3336,200,GET,ts-preserve-service
1650251717,ts-security-service,8ff1ab74c50fc5e,5e05e022336348a3,6869a31382715090,13545,200,check,ts-preserve-service
1650251717,ts-order-service,30165437b1030934,9db974ecc6b3328e,6869a31382715090,2933,200,securityInfoCheck,ts-security-service
1650251717,ts-security-service,2d22216c895c580d,8ff1ab74c50fc5e,6869a31382715090,4655,200,GET,ts-security-service
1650251717,ts-security-service,9db974ecc6b3328e,8ff1ab74c50fc5e,6869a31382715090,4089,200,GET,ts-security-service
1650251717,ts-order-other-service,b89ca717e75ceb33,2d22216c895c580d,6869a31382715090,3262,200,securityInfoCheck,ts-security-service
1650251717,ts-assurance-service,81d5ce1a1a9b1251,,81d5ce1a1a9b1251,1594,200,getAllAssuranceType,no_parent
1650251717,ts-verification-code-service,e07a2a122ce136f5,,e07a2a122ce136f5,3039,200,imageCode,no_parent
1650251777,ts-auth-service,fbcf07c4f68370df,,fbcf07c4f68370df,109437,200,getToken,no_parent
1650251777,ts-order-other-service,8003e09d38d86c1a,68a148ff4a8c0894,6a116afc2770f68d,3272,200,securityInfoCheck,ts-security-service
1650251777,ts-security-service,768884bcfb44f499,a59dda46b1fb0cd0,6a116afc2770f68d,5489,200,GET,ts-security-service
1650251777,ts-preserve-service,6a116afc2770f68d,,6a116afc2770f68d,22881,200,preserve,no_parent
1650251777,ts-order-service,d6a717b53e47bc2a,768884bcfb44f499,6a116afc2770f68d,4166,200,securityInfoCheck,ts-security-service
1650251777,ts-preserve-service,3be41f512f30ffc,6a116afc2770f68d,6a116afc2770f68d,16414,200,GET,ts-preserve-service
1650251777,ts-preserve-service,c2cd8c2801c7399c,6a116afc2770f68d,6a116afc2770f68d,3615,200,GET,ts-preserve-service
1650251777,ts-security-service,68a148ff4a8c0894,a59dda46b1fb0cd0,6a116afc2770f68d,4720,200,GET,ts-security-service
1650251777,ts-security-service,a59dda46b1fb0cd0,3be41f512f30ffc,6a116afc2770f68d,14962,200,check,ts-preserve-service
1650251777,ts-contacts-service,a76ec161338aa456,c2cd8c2801c7399c,6a116afc2770f68d,2365,200,getContactsByContactsId,ts-preserve-service
1650251777,ts-basic-service,a17fcbec763ff225,f534f1d4bb764022,1aac3fa02eb5b289,6444,200,queryForStationId,ts-ticketinfo-service
1650251777,ts-basic-service,65c436c6c7867bbf,cdd1b647500ee66,1aac3fa02eb5b289,2996,200,GET,ts-basic-service
1650251777,ts-basic-service,e00cc688b6c8bee3,a17fcbec763ff225,1aac3fa02eb5b289,3776,200,GET,ts-basic-service
1650251777,ts-basic-service,cdd1b647500ee66,b1456348db1ec0b9,1aac3fa02eb5b289,5311,200,queryForStationId,ts-ticketinfo-service
1650251777,ts-order-service,18ef2d6c46014642,99f3fe37adb539f0,99f3fe37adb539f0,10302,200,POST,ts-order-service
1650251777,ts-order-service,99f3fe37adb539f0,,99f3fe37adb539f0,14141,200,queryOrdersForRefresh,no_parent
1650251777,ts-station-service,a214aa99028f01ba,18ef2d6c46014642,99f3fe37adb539f0,8668,200,queryForNameBatch,ts-order-service
1650251777,ts-ticketinfo-service,b1456348db1ec0b9,ba00d33a82b6db5c,1aac3fa02eb5b289,5967,200,GET,ts-ticketinfo-service
1650251777,ts-ticketinfo-service,ba00d33a82b6db5c,9f60fbe094572bc5,1aac3fa02eb5b289,7990,200,queryForStationId,ts-travel-service
1650251777,ts-travel-service,99aa120025be33fc,1aac3fa02eb5b289,1aac3fa02eb5b289,8863,200,GET,ts-travel-service
1650251777,ts-travel-service,cf7eaac6a14b20db,1aac3fa02eb5b289,1aac3fa02eb5b289,2388,200,GET,ts-travel-service
1650251777,ts-travel-service,f9d74c3ac12d5d7b,1aac3fa02eb5b289,1aac3fa02eb5b289,4034,200,GET,ts-travel-service
1650251777,ts-travel-service,9f60fbe094572bc5,1aac3fa02eb5b289,1aac3fa02eb5b289,8490,200,GET,ts-travel-service
1650251777,ts-travel-service,47b72cf807e68ad6,1aac3fa02eb5b289,1aac3fa02eb5b289,2346,200,GET,ts-travel-service
1650251777,ts-travel-service,eb697a2601eb3abb,1aac3fa02eb5b289,1aac3fa02eb5b289,11905,200,GET,ts-travel-service
1650251777,ts-travel-service,1aac3fa02eb5b289,,1aac3fa02eb5b289,52428,200,queryInfo,no_parent
1650251777,ts-route-service,2ca40669e8a9a1a,d8d7ef1d4fa9f9bd,1aac3fa02eb5b289,2358,200,queryById,ts-travel-service
1650251777,ts-route-service,261b8ccb728857e,f9d74c3ac12d5d7b,1aac3fa02eb5b289,2606,200,queryById,ts-travel-service
1650251777,ts-route-service,946e123bc26c0902,47b72cf807e68ad6,1aac3fa02eb5b289,2147,200,queryById,ts-travel-service
1650251777,ts-ticketinfo-service,f534f1d4bb764022,97da36882d4f2998,1aac3fa02eb5b289,7841,200,GET,ts-ticketinfo-service
1650251777,ts-ticketinfo-service,97da36882d4f2998,eb697a2601eb3abb,1aac3fa02eb5b289,10131,200,queryForStationId,ts-travel-service
1650251777,ts-travel-service,d8d7ef1d4fa9f9bd,1aac3fa02eb5b289,1aac3fa02eb5b289,2597,200,GET,ts-travel-service
1650251777,ts-verification-code-service,cd52f753fac05f51,,cd52f753fac05f51,3029,200,imageCode,no_parent
1650251777,ts-auth-service,54667c85ef70c0d5,fbcf07c4f68370df,fbcf07c4f68370df,3745,200,GET,ts-auth-service
1650251777,ts-verification-code-service,c9cfa307af4f4644,54667c85ef70c0d5,fbcf07c4f68370df,2029,200,verifyCode,ts-auth-service
1650251777,ts-route-service,6a4111d344ec65f,cf7eaac6a14b20db,1aac3fa02eb5b289,2137,200,queryById,ts-travel-service
1650251777,ts-station-service,83bc48fc7166105d,e00cc688b6c8bee3,1aac3fa02eb5b289,2640,200,queryForStationId,ts-basic-service
1650251777,ts-station-service,d3e6c51a6597605c,65c436c6c7867bbf,1aac3fa02eb5b289,2420,200,queryForStationId,ts-basic-service
1650251777,ts-route-service,e0d82c1e6302c70c,99aa120025be33fc,1aac3fa02eb5b289,8303,200,queryById,ts-travel-service
1650251777,ts-assurance-service,f8cc14dafb7e37c6,,f8cc14dafb7e37c6,1710,200,getAllAssuranceType,no_parent
1650251777,ts-contacts-service,13e686245950a2e4,,13e686245950a2e4,3054,200,findContactsByAccountId,no_parent
1650251837,ts-contacts-service,5759eeb362aecfc6,d27727367bc2c86b,e5195e2c0b341a05,2522,200,getContactsByContactsId,ts-preserve-service
1650251837,ts-preserve-service,a34698d33608ebc0,e5195e2c0b341a05,e5195e2c0b341a05,15831,200,GET,ts-preserve-service
1650251837,ts-preserve-service,d27727367bc2c86b,e5195e2c0b341a05,e5195e2c0b341a05,3769,200,GET,ts-preserve-service
1650251837,ts-preserve-service,e5195e2c0b341a05,,e5195e2c0b341a05,22503,200,preserve,no_parent
1650251837,ts-order-service,cd5c316d3154c343,c9a2d5e4745577d4,e5195e2c0b341a05,3712,200,securityInfoCheck,ts-security-service
1650251837,ts-order-other-service,326650c256e9ad1,d2003b5fe96d9f85,e5195e2c0b341a05,3244,200,securityInfoCheck,ts-security-service
1650251837,ts-security-service,d10a4013f93a822d,a34698d33608ebc0,e5195e2c0b341a05,14323,200,check,ts-preserve-service
1650251837,ts-travel-service,2144e3dd4761ba27,,2144e3dd4761ba27,50738,200,queryInfo,no_parent
1650251837,ts-verification-code-service,5d1b6aa8af9c5406,b5d9327350aa1fb7,d93fd3d3a17bbb2a,1925,200,verifyCode,ts-auth-service
1650251837,ts-auth-service,d93fd3d3a17bbb2a,,d93fd3d3a17bbb2a,109152,200,getToken,no_parent
1650251837,ts-auth-service,b5d9327350aa1fb7,d93fd3d3a17bbb2a,d93fd3d3a17bbb2a,3419,200,GET,ts-auth-service
1650251837,ts-station-service,e3f3e360b200258e,e73ffea4d0bcc8c3,2144e3dd4761ba27,2455,200,queryForStationId,ts-basic-service
1650251837,ts-security-service,c9a2d5e4745577d4,d10a4013f93a822d,e5195e2c0b341a05,5036,200,GET,ts-security-service
1650251837,ts-route-service,49fb754fd606e046,142befbf13fb82c0,2144e3dd4761ba27,2125,200,queryById,ts-travel-service
1650251837,ts-travel-service,142befbf13fb82c0,2144e3dd4761ba27,2144e3dd4761ba27,2389,200,GET,ts-travel-service
1650251837,ts-travel-service,e2681984fb499e30,2144e3dd4761ba27,2144e3dd4761ba27,8860,200,GET,ts-travel-service
1650251837,ts-security-service,d2003b5fe96d9f85,d10a4013f93a822d,e5195e2c0b341a05,4610,200,GET,ts-security-service
1650251837,ts-travel-service,48608ca1d9c0176e,2144e3dd4761ba27,2144e3dd4761ba27,4144,200,GET,ts-travel-service
1650251837,ts-order-service,11919dbde19bc8b7,b1ec693f970c7981,b1ec693f970c7981,10130,200,POST,ts-order-service
1650251837,ts-station-service,4db8f70d53131e36,11919dbde19bc8b7,b1ec693f970c7981,8605,200,queryForNameBatch,ts-order-service
1650251837,ts-route-service,fa28147abb6c92f1,d637fe54a3487bb1,2144e3dd4761ba27,2235,200,queryById,ts-travel-service
1650251837,ts-travel-service,d637fe54a3487bb1,2144e3dd4761ba27,2144e3dd4761ba27,2461,200,GET,ts-travel-service
1650251837,ts-travel-service,77d42061497da192,2144e3dd4761ba27,2144e3dd4761ba27,16488,200,GET,ts-travel-service
1650251837,ts-travel-service,d2d4157f2643a7a0,2144e3dd4761ba27,2144e3dd4761ba27,2931,200,GET,ts-travel-service
1650251837,ts-travel-service,34b15eff52e68b12,2144e3dd4761ba27,2144e3dd4761ba27,2379,200,GET,ts-travel-service
1650251837,ts-order-service,b1ec693f970c7981,,b1ec693f970c7981,13911,200,queryOrdersForRefresh,no_parent
1650251837,ts-ticketinfo-service,4ffa447918ce3a5f,928f903cb97a2356,2144e3dd4761ba27,6243,200,GET,ts-ticketinfo-service
1650251837,ts-ticketinfo-service,600d361cadd9ee4e,77d42061497da192,2144e3dd4761ba27,14446,200,queryForStationId,ts-travel-service
1650251837,ts-basic-service,ab67c69fe999338a,d42f52bed22a26ef,2144e3dd4761ba27,4506,200,GET,ts-basic-service
1650251837,ts-basic-service,e73ffea4d0bcc8c3,534869f02868f65c,2144e3dd4761ba27,3127,200,GET,ts-basic-service
1650251837,ts-ticketinfo-service,3f99c553cec3da0e,600d361cadd9ee4e,2144e3dd4761ba27,11570,200,GET,ts-ticketinfo-service
1650251837,ts-route-service,46a811622c1fcd0a,34b15eff52e68b12,2144e3dd4761ba27,2158,200,queryById,ts-travel-service
1650251837,ts-route-service,e6656c95b6cf09c9,48608ca1d9c0176e,2144e3dd4761ba27,3088,200,queryById,ts-travel-service
1650251837,ts-route-service,46caada01587ee3f,d2d4157f2643a7a0,2144e3dd4761ba27,2276,200,queryById,ts-travel-service
1650251837,ts-station-service,31cf05fed4298514,ab67c69fe999338a,2144e3dd4761ba27,2592,200,queryForStationId,ts-basic-service
1650251837,ts-basic-service,534869f02868f65c,4ffa447918ce3a5f,2144e3dd4761ba27,5290,200,queryForStationId,ts-ticketinfo-service
1650251837,ts-basic-service,d42f52bed22a26ef,3f99c553cec3da0e,2144e3dd4761ba27,9716,200,queryForStationId,ts-ticketinfo-service
1650251837,ts-verification-code-service,4ea6a96083403ffc,,4ea6a96083403ffc,2971,200,imageCode,no_parent
1650251837,ts-ticketinfo-service,928f903cb97a2356,e2681984fb499e30,2144e3dd4761ba27,8343,200,queryForStationId,ts-travel-service
1650251837,ts-assurance-service,fb0c93b4e820ce94,,fb0c93b4e820ce94,1573,200,getAllAssuranceType,no_parent
1650251837,ts-contacts-service,4b4cac2a5d393e06,,4b4cac2a5d393e06,2807,200,findContactsByAccountId,no_parent
1650251898,ts-station-service,5c517c47fee2807a,27301a8da21e3fe4,b828552d810b4355,8383,200,queryForNameBatch,ts-order-service
1650251898,ts-preserve-service,eab709b27e2cc908,64bf5bc90c497f43,64bf5bc90c497f43,15770,200,GET,ts-preserve-service
1650251898,ts-preserve-service,64bf5bc90c497f43,,64bf5bc90c497f43,22423,200,preserve,no_parent
1650251898,ts-order-other-service,7ea281e22b3a826f,ba9e69d629ed7db1,64bf5bc90c497f43,2876,200,securityInfoCheck,ts-security-service
1650251898,ts-contacts-service,46d4e01b6d89a57d,,46d4e01b6d89a57d,2843,200,findContactsByAccountId,no_parent
1650251898,ts-security-service,ba9e69d629ed7db1,95c6f2900db3ad27,64bf5bc90c497f43,4150,200,GET,ts-security-service
1650251898,ts-security-service,54579c9483c14b5c,95c6f2900db3ad27,64bf5bc90c497f43,5140,200,GET,ts-security-service
1650251898,ts-contacts-service,7383395fe57ae756,424870e37c60f002,64bf5bc90c497f43,2288,200,getContactsByContactsId,ts-preserve-service
1650251898,ts-security-service,95c6f2900db3ad27,eab709b27e2cc908,64bf5bc90c497f43,14134,200,check,ts-preserve-service
1650251898,ts-verification-code-service,228b88e94eb22b66,1390992fa050ad1e,4167ea969b1d94d3,1311,200,verifyCode,ts-auth-service
1650251898,ts-order-service,6f5d70268951b32c,54579c9483c14b5c,64bf5bc90c497f43,3762,200,securityInfoCheck,ts-security-service
1650251898,ts-auth-service,1390992fa050ad1e,4167ea969b1d94d3,4167ea969b1d94d3,2934,200,GET,ts-auth-service
1650251898,ts-verification-code-service,cfe836d6a6382d00,,cfe836d6a6382d00,3018,200,imageCode,no_parent
1650251898,ts-auth-service,4167ea969b1d94d3,,4167ea969b1d94d3,111728,200,getToken,no_parent
1650251898,ts-order-service,b828552d810b4355,,b828552d810b4355,13987,200,queryOrdersForRefresh,no_parent
1650251898,ts-order-service,27301a8da21e3fe4,b828552d810b4355,b828552d810b4355,9915,200,POST,ts-order-service
1650251898,ts-preserve-service,424870e37c60f002,64bf5bc90c497f43,64bf5bc90c497f43,3548,200,GET,ts-preserve-service
1650251899,ts-ticketinfo-service,601cd36ffcf8b67a,71bf6124615be84c,db320cc3209bd602,8013,200,GET,ts-ticketinfo-service
1650251899,ts-station-service,eb622341ded5f52f,f1402c9a6deb5145,db320cc3209bd602,2717,200,queryForStationId,ts-basic-service
1650251899,ts-travel-service,db320cc3209bd602,,db320cc3209bd602,45097,200,queryInfo,no_parent
1650251899,ts-route-service,4a3c16587a2fe087,f3498c06a663cafa,db320cc3209bd602,2108,200,queryById,ts-travel-service
1650251899,ts-route-service,c75dbc01855aa546,485769347ce4aa51,db320cc3209bd602,2187,200,queryById,ts-travel-service
1650251899,ts-station-service,74dadf721e1eedcb,c69ab9aeb178a472,db320cc3209bd602,2412,200,queryForStationId,ts-basic-service
1650251899,ts-route-service,fc4eb73a5c2b6269,7d1f66f07acc3824,db320cc3209bd602,2616,200,queryById,ts-travel-service
1650251899,ts-travel-service,7d1f66f07acc3824,db320cc3209bd602,db320cc3209bd602,4016,200,GET,ts-travel-service
1650251899,ts-travel-service,485769347ce4aa51,db320cc3209bd602,db320cc3209bd602,2677,200,GET,ts-travel-service
1650251899,ts-ticketinfo-service,71bf6124615be84c,85c34d5107e8a9c8,db320cc3209bd602,10464,200,queryForStationId,ts-travel-service
1650251899,ts-basic-service,c69ab9aeb178a472,eff34647d0fb8e13,db320cc3209bd602,3114,200,GET,ts-basic-service
1650251899,ts-basic-service,cd41aadf938d4d60,601cd36ffcf8b67a,db320cc3209bd602,6865,200,queryForStationId,ts-ticketinfo-service
1650251899,ts-basic-service,eff34647d0fb8e13,26b2741f580ce22c,db320cc3209bd602,5455,200,queryForStationId,ts-ticketinfo-service
1650251899,ts-travel-service,85c34d5107e8a9c8,db320cc3209bd602,db320cc3209bd602,12156,200,GET,ts-travel-service
1650251899,ts-travel-service,73e3bb30b1be7d36,db320cc3209bd602,db320cc3209bd602,8727,200,GET,ts-travel-service
1650251899,ts-route-service,ff1da4343ae7d22,71c0f6cc168e0865,db320cc3209bd602,2127,200,queryById,ts-travel-service
1650251899,ts-route-service,2cb4004bacfea8cb,9efc4cdcd21619a2,db320cc3209bd602,2108,200,queryById,ts-travel-service
1650251899,ts-basic-service,f1402c9a6deb5145,cd41aadf938d4d60,db320cc3209bd602,3962,200,GET,ts-basic-service
1650251899,ts-travel-service,71c0f6cc168e0865,db320cc3209bd602,db320cc3209bd602,2333,200,GET,ts-travel-service
1650251899,ts-travel-service,9efc4cdcd21619a2,db320cc3209bd602,db320cc3209bd602,2343,200,GET,ts-travel-service
1650251899,ts-ticketinfo-service,26b2741f580ce22c,65d8e538f0efd872,db320cc3209bd602,6194,200,GET,ts-ticketinfo-service
1650251899,ts-ticketinfo-service,65d8e538f0efd872,73e3bb30b1be7d36,db320cc3209bd602,8248,200,queryForStationId,ts-travel-service
1650251899,ts-travel-service,f3498c06a663cafa,db320cc3209bd602,db320cc3209bd602,2316,200,GET,ts-travel-service
1650251899,ts-assurance-service,b25d9c1a9d3be159,,b25d9c1a9d3be159,1596,200,getAllAssuranceType,no_parent
1650251959,ts-travel-service,b16e7157158c0b17,dbbbf1cb13a8cebe,dbbbf1cb13a8cebe,2688,200,GET,ts-travel-service
1650251959,ts-travel-service,6c8d7ebeb69fb72f,dbbbf1cb13a8cebe,dbbbf1cb13a8cebe,11707,200,GET,ts-travel-service
1650251959,ts-travel-service,dbbbf1cb13a8cebe,,dbbbf1cb13a8cebe,45509,200,queryInfo,no_parent
1650251959,ts-travel-service,78727b311508eacb,dbbbf1cb13a8cebe,dbbbf1cb13a8cebe,2367,200,GET,ts-travel-service
1650251959,ts-route-service,7c544097ce7d88fa,6495a72e0fa08531,dbbbf1cb13a8cebe,2895,200,queryById,ts-travel-service
1650251959,ts-route-service,41116928d6e17251,78727b311508eacb,dbbbf1cb13a8cebe,2134,200,queryById,ts-travel-service
1650251959,ts-basic-service,b95dc92e982e3cb5,6ea715578230087a,dbbbf1cb13a8cebe,6510,200,queryForStationId,ts-ticketinfo-service
1650251959,ts-basic-service,c8ea22b2dde82232,f239f268c18b11d8,dbbbf1cb13a8cebe,5423,200,queryForStationId,ts-ticketinfo-service
1650251959,ts-ticketinfo-service,433f50485ef8195b,6c8d7ebeb69fb72f,dbbbf1cb13a8cebe,9998,200,queryForStationId,ts-travel-service
1650251959,ts-ticketinfo-service,f239f268c18b11d8,3a5ff3a079b82f57,dbbbf1cb13a8cebe,6194,200,GET,ts-ticketinfo-service
1650251959,ts-station-service,3e2216bcb0fc802e,7733695fbbfde67,dbbbf1cb13a8cebe,2420,200,queryForStationId,ts-basic-service
1650251959,ts-preserve-service,9ea9cc2e5bd40852,3c663ef1a38d0c9f,3c663ef1a38d0c9f,15889,200,GET,ts-preserve-service
1650251959,ts-contacts-service,fa5930600fefa96a,,fa5930600fefa96a,3229,200,findContactsByAccountId,no_parent
1650251959,ts-preserve-service,3c663ef1a38d0c9f,,3c663ef1a38d0c9f,28541,200,preserve,no_parent
1650251959,ts-travel-service,25311db9f563b188,dbbbf1cb13a8cebe,dbbbf1cb13a8cebe,2347,200,GET,ts-travel-service
1650251959,ts-travel-service,ce81515061d13bf4,dbbbf1cb13a8cebe,dbbbf1cb13a8cebe,8791,200,GET,ts-travel-service
1650251959,ts-travel-service,47449ec35f685f6e,dbbbf1cb13a8cebe,dbbbf1cb13a8cebe,2317,200,GET,ts-travel-service
1650251959,ts-travel-service,6495a72e0fa08531,dbbbf1cb13a8cebe,dbbbf1cb13a8cebe,4304,200,GET,ts-travel-service
1650251959,ts-preserve-service,6b3eb68251dad435,3c663ef1a38d0c9f,3c663ef1a38d0c9f,3531,200,GET,ts-preserve-service
1650251959,ts-order-service,59ba2c524859c190,5ed7341b06a4822a,3c663ef1a38d0c9f,3889,200,securityInfoCheck,ts-security-service
1650251959,ts-basic-service,7733695fbbfde67,c8ea22b2dde82232,dbbbf1cb13a8cebe,3015,200,GET,ts-basic-service
1650251959,ts-security-service,5ed7341b06a4822a,3551254877109083,3c663ef1a38d0c9f,5291,200,GET,ts-security-service
1650251959,ts-contacts-service,932acaab6c10243c,6b3eb68251dad435,3c663ef1a38d0c9f,2346,200,getContactsByContactsId,ts-preserve-service
1650251959,ts-order-other-service,d0d0299a61b54c83,8c41a7efd4cc984e,3c663ef1a38d0c9f,3294,200,securityInfoCheck,ts-security-service
1650251959,ts-security-service,8c41a7efd4cc984e,3551254877109083,3c663ef1a38d0c9f,4597,200,GET,ts-security-service
1650251959,ts-security-service,3551254877109083,9ea9cc2e5bd40852,3c663ef1a38d0c9f,14514,200,check,ts-preserve-service
1650251959,ts-route-service,8260e2a8625f6d9f,47449ec35f685f6e,dbbbf1cb13a8cebe,2112,200,queryById,ts-travel-service
1650251959,ts-route-service,18827ff231c83bab,b16e7157158c0b17,dbbbf1cb13a8cebe,2152,200,queryById,ts-travel-service
1650251959,ts-station-service,5e8ef79aa7a5b6b8,aab939934d7fe55b,dbbbf1cb13a8cebe,2626,200,queryForStationId,ts-basic-service
1650251959,ts-basic-service,aab939934d7fe55b,b95dc92e982e3cb5,dbbbf1cb13a8cebe,3725,200,GET,ts-basic-service
1650251959,ts-ticketinfo-service,6ea715578230087a,433f50485ef8195b,dbbbf1cb13a8cebe,7587,200,GET,ts-ticketinfo-service
1650251959,ts-route-service,3827e4e83ffb3921,25311db9f563b188,dbbbf1cb13a8cebe,2131,200,queryById,ts-travel-service
1650251959,ts-ticketinfo-service,3a5ff3a079b82f57,ce81515061d13bf4,dbbbf1cb13a8cebe,8243,200,queryForStationId,ts-travel-service
1650251959,ts-order-service,fa1e25d568fc273b,,fa1e25d568fc273b,13606,200,queryOrdersForRefresh,no_parent
1650251959,ts-station-service,206638a44cf0bbe8,99eaa8d814c21294,fa1e25d568fc273b,8578,200,queryForNameBatch,ts-order-service
1650251959,ts-order-service,99eaa8d814c21294,fa1e25d568fc273b,fa1e25d568fc273b,10134,200,POST,ts-order-service
1650251959,ts-auth-service,c5ff521c9b56af5d,,c5ff521c9b56af5d,114806,200,getToken,no_parent
1650251959,ts-verification-code-service,75110cbcb6800bee,,75110cbcb6800bee,2945,200,imageCode,no_parent
1650251959,ts-verification-code-service,642c0fccf4c5fcc,5b901ba86d1decdb,c5ff521c9b56af5d,2230,200,verifyCode,ts-auth-service
1650251959,ts-auth-service,5b901ba86d1decdb,c5ff521c9b56af5d,c5ff521c9b56af5d,3848,200,GET,ts-auth-service
1650251959,ts-assurance-service,c3c4fbb28af7f23,,c3c4fbb28af7f23,10779,200,getAllAssuranceType,no_parent
1650252019,ts-ticketinfo-service,69ac3b9a6257b56d,9ab1f57c77c9d9b7,9776e342885e567d,7668,200,queryForStationId,ts-travel-service
1650252019,ts-ticketinfo-service,6f6ae3a78ba15a6a,5f8ff5228e0f84e4,9776e342885e567d,6700,200,GET,ts-ticketinfo-service
1650252019,ts-route-service,c7ee80d79fbb10c1,1d1e00071a30b4e9,9776e342885e567d,2123,200,queryById,ts-travel-service
1650252019,ts-route-service,aa2770e9e237e073,5169cc55db67c754,9776e342885e567d,2102,200,queryById,ts-travel-service
1650252019,ts-route-service,59be3ff0c2a340ac,5250faf69e73ac4e,9776e342885e567d,2134,200,queryById,ts-travel-service
1650252019,ts-basic-service,743067d6dd5d69e,be622e49eae67e68,9776e342885e567d,2965,200,GET,ts-basic-service
1650252019,ts-basic-service,be622e49eae67e68,f0540e9c02ca61e6,9776e342885e567d,4831,200,queryForStationId,ts-ticketinfo-service
1650252019,ts-route-service,d6557d5a54be1cf8,bddd749b71d02306,9776e342885e567d,2640,200,queryById,ts-travel-service
1650252019,ts-station-service,e35c0f13c215766f,3d0988deda2a95ef,9776e342885e567d,2578,200,queryForStationId,ts-basic-service
1650252019,ts-station-service,696cc43325db3e95,743067d6dd5d69e,9776e342885e567d,2431,200,queryForStationId,ts-basic-service
1650252019,ts-assurance-service,ae776f02ac9b4a88,,ae776f02ac9b4a88,1621,200,getAllAssuranceType,no_parent
1650252019,ts-ticketinfo-service,5f8ff5228e0f84e4,dfe349197360e4a3,9776e342885e567d,9349,200,queryForStationId,ts-travel-service
1650252019,ts-ticketinfo-service,f0540e9c02ca61e6,69ac3b9a6257b56d,9776e342885e567d,5542,200,GET,ts-ticketinfo-service
1650252019,ts-travel-service,5169cc55db67c754,9776e342885e567d,9776e342885e567d,2632,200,GET,ts-travel-service
1650252019,ts-travel-service,dfe349197360e4a3,9776e342885e567d,9776e342885e567d,10841,200,GET,ts-travel-service
1650252019,ts-travel-service,470713c1dfe3da02,9776e342885e567d,9776e342885e567d,2325,200,GET,ts-travel-service
1650252019,ts-travel-service,1d1e00071a30b4e9,9776e342885e567d,9776e342885e567d,2341,200,GET,ts-travel-service
1650252019,ts-travel-service,9776e342885e567d,,9776e342885e567d,43299,200,queryInfo,no_parent
1650252019,ts-basic-service,3d0988deda2a95ef,a3dea2fd28fef374,9776e342885e567d,3456,200,GET,ts-basic-service
1650252019,ts-basic-service,a3dea2fd28fef374,6f6ae3a78ba15a6a,9776e342885e567d,5740,200,queryForStationId,ts-ticketinfo-service
1650252019,ts-travel-service,5250faf69e73ac4e,9776e342885e567d,9776e342885e567d,2341,200,GET,ts-travel-service
1650252019,ts-route-service,88a603f17d59a204,470713c1dfe3da02,9776e342885e567d,2108,200,queryById,ts-travel-service
1650252019,ts-contacts-service,fcc2e433dab4211,,fcc2e433dab4211,3016,200,findContactsByAccountId,no_parent
1650252019,ts-order-service,262cbec3c807246b,378b07538f310f4d,b454905dac2a21b8,3511,200,securityInfoCheck,ts-security-service
1650252019,ts-order-other-service,740647b6bc630bc,dc9b5d74403afd8e,b454905dac2a21b8,3226,200,securityInfoCheck,ts-security-service
1650252019,ts-auth-service,50c97ccc6240100c,c36e994504e39515,c36e994504e39515,3606,200,GET,ts-auth-service
1650252019,ts-travel-service,bddd749b71d02306,9776e342885e567d,9776e342885e567d,4057,200,GET,ts-travel-service
1650252019,ts-travel-service,9ab1f57c77c9d9b7,9776e342885e567d,9776e342885e567d,8232,200,GET,ts-travel-service
1650252019,ts-preserve-service,49ded7d7a7f0e748,b454905dac2a21b8,b454905dac2a21b8,3715,200,GET,ts-preserve-service
1650252019,ts-preserve-service,ab40b0191851a586,b454905dac2a21b8,b454905dac2a21b8,15272,200,GET,ts-preserve-service
1650252019,ts-verification-code-service,5ad6db301506efc,,5ad6db301506efc,2945,200,imageCode,no_parent
1650252019,ts-preserve-service,b454905dac2a21b8,,b454905dac2a21b8,22075,200,preserve,no_parent
1650252019,ts-auth-service,c36e994504e39515,,c36e994504e39515,117689,200,getToken,no_parent
1650252019,ts-verification-code-service,9ecc3c569745a69d,50c97ccc6240100c,c36e994504e39515,1951,200,verifyCode,ts-auth-service
1650252019,ts-contacts-service,a554872c440c8a08,49ded7d7a7f0e748,b454905dac2a21b8,2561,200,getContactsByContactsId,ts-preserve-service
1650252019,ts-security-service,77a6d20b66095d28,ab40b0191851a586,b454905dac2a21b8,13938,200,check,ts-preserve-service
1650252019,ts-security-service,378b07538f310f4d,77a6d20b66095d28,b454905dac2a21b8,4667,200,GET,ts-security-service
1650252019,ts-security-service,dc9b5d74403afd8e,77a6d20b66095d28,b454905dac2a21b8,4309,200,GET,ts-security-service
1650252019,ts-order-service,39445d889160526f,973e66a6db36741d,973e66a6db36741d,10016,200,POST,ts-order-service
1650252019,ts-order-service,973e66a6db36741d,,973e66a6db36741d,13509,200,queryOrdersForRefresh,no_parent
1650252019,ts-station-service,6d260ba9654d7a99,39445d889160526f,973e66a6db36741d,8559,200,queryForNameBatch,ts-order-service
1650252079,ts-preserve-service,7f57ecfac89c52ff,f5d15938653bad8c,f5d15938653bad8c,3903,200,GET,ts-preserve-service
1650252079,ts-preserve-service,3c8e7449052d0ffd,f5d15938653bad8c,f5d15938653bad8c,15962,200,GET,ts-preserve-service
1650252079,ts-contacts-service,d10d5c9c78d0f762,7f57ecfac89c52ff,f5d15938653bad8c,2607,200,getContactsByContactsId,ts-preserve-service
1650252079,ts-security-service,57b56c8aea026acc,402687a7e29ba18,f5d15938653bad8c,4851,200,GET,ts-security-service
1650252079,ts-order-other-service,44c6a1ba06efeba0,7f21e73a9780557d,f5d15938653bad8c,3241,200,securityInfoCheck,ts-security-service
1650252079,ts-order-service,b8b850baed3a645f,57b56c8aea026acc,f5d15938653bad8c,3488,200,securityInfoCheck,ts-security-service
1650252079,ts-preserve-service,f5d15938653bad8c,,f5d15938653bad8c,22958,200,preserve,no_parent
1650252079,ts-security-service,402687a7e29ba18,3c8e7449052d0ffd,f5d15938653bad8c,14405,200,check,ts-preserve-service
1650252079,ts-security-service,7f21e73a9780557d,402687a7e29ba18,f5d15938653bad8c,4543,200,GET,ts-security-service
1650252079,ts-basic-service,f501822cc66986e5,3fb10420e502c193,800cc00f6a52fdca,4096,200,GET,ts-basic-service
1650252079,ts-basic-service,3fb10420e502c193,57839a29ee372ce6,800cc00f6a52fdca,8909,200,queryForStationId,ts-ticketinfo-service
1650252079,ts-ticketinfo-service,5db11876b4bc9ab5,6e7ec422cc16d7ff,800cc00f6a52fdca,6384,200,GET,ts-ticketinfo-service
1650252079,ts-ticketinfo-service,e2067513941fdf16,6644b44cd5673d03,800cc00f6a52fdca,12905,200,queryForStationId,ts-travel-service
1650252079,ts-travel-service,800cc00f6a52fdca,,800cc00f6a52fdca,50758,200,queryInfo,no_parent
1650252079,ts-travel-service,4193bc1b4213fe0e,800cc00f6a52fdca,800cc00f6a52fdca,2599,200,GET,ts-travel-service
1650252079,ts-travel-service,7fcebc8f6e8507e,800cc00f6a52fdca,800cc00f6a52fdca,2339,200,GET,ts-travel-service
1650252079,ts-travel-service,279723ec8b460e73,800cc00f6a52fdca,800cc00f6a52fdca,3963,200,GET,ts-travel-service
1650252079,ts-ticketinfo-service,57839a29ee372ce6,e2067513941fdf16,800cc00f6a52fdca,10429,200,GET,ts-ticketinfo-service
1650252079,ts-travel-service,6644b44cd5673d03,800cc00f6a52fdca,800cc00f6a52fdca,14547,200,GET,ts-travel-service
1650252079,ts-travel-service,d8fdd680f43e7f5c,800cc00f6a52fdca,800cc00f6a52fdca,9026,200,GET,ts-travel-service
1650252079,ts-station-service,b78892eb19a764d1,729204a98c164059,800cc00f6a52fdca,2355,200,queryForStationId,ts-basic-service
1650252079,ts-route-service,8c4616f7a4242ce1,279723ec8b460e73,800cc00f6a52fdca,2609,200,queryById,ts-travel-service
1650252079,ts-basic-service,f3e4efedecb4904,5db11876b4bc9ab5,800cc00f6a52fdca,5546,200,queryForStationId,ts-ticketinfo-service
1650252079,ts-basic-service,729204a98c164059,f3e4efedecb4904,800cc00f6a52fdca,3108,200,GET,ts-basic-service
1650252079,ts-route-service,41d8c6bd91995fa2,7fcebc8f6e8507e,800cc00f6a52fdca,2207,200,queryById,ts-travel-service
1650252079,ts-ticketinfo-service,6e7ec422cc16d7ff,d8fdd680f43e7f5c,800cc00f6a52fdca,8481,200,queryForStationId,ts-travel-service
1650252079,ts-station-service,59ee13d22014feb7,f501822cc66986e5,800cc00f6a52fdca,2599,200,queryForStationId,ts-basic-service
1650252079,ts-station-service,e827d00762594694,7e76b2b211bb18e9,88e68a4506029762,8397,200,queryForNameBatch,ts-order-service
1650252079,ts-order-service,88e68a4506029762,,88e68a4506029762,13162,200,queryOrdersForRefresh,no_parent
1650252079,ts-order-service,7e76b2b211bb18e9,88e68a4506029762,88e68a4506029762,9903,200,POST,ts-order-service
1650252079,ts-auth-service,3d3edf0f9da21dd,a475b919889e8d8d,a475b919889e8d8d,3834,200,GET,ts-auth-service
1650252079,ts-verification-code-service,d282a179bf0728ea,,d282a179bf0728ea,3016,200,imageCode,no_parent
1650252079,ts-route-service,a1f1fdfc02345fcd,4193bc1b4213fe0e,800cc00f6a52fdca,2111,200,queryById,ts-travel-service
1650252079,ts-verification-code-service,749e7c8f09175e8a,3d3edf0f9da21dd,a475b919889e8d8d,2220,200,verifyCode,ts-auth-service
1650252079,ts-auth-service,a475b919889e8d8d,,a475b919889e8d8d,108118,200,getToken,no_parent
1650252079,ts-contacts-service,a1011c11bead7dac,,a1011c11bead7dac,4888,200,findContactsByAccountId,no_parent
1650252080,ts-route-service,f0ca96e022fbe587,ece4ba84184dee51,800cc00f6a52fdca,2571,200,queryById,ts-travel-service
1650252080,ts-travel-service,587ea47475b46bff,800cc00f6a52fdca,800cc00f6a52fdca,3667,200,GET,ts-travel-service
1650252080,ts-travel-service,ece4ba84184dee51,800cc00f6a52fdca,800cc00f6a52fdca,2872,200,GET,ts-travel-service
1650252080,ts-assurance-service,f93e0216b3fec2e9,,f93e0216b3fec2e9,1062,200,getAllAssuranceType,no_parent
1650252080,ts-route-service,e4db4129a91f5fc8,587ea47475b46bff,800cc00f6a52fdca,3483,200,queryById,ts-travel-service
1650252140,ts-security-service,12fc812338616880,758a6f7ed2b82add,470aa7a613f35923,13038,200,check,ts-preserve-service
1650252140,ts-verification-code-service,f55c0fd97c851c66,c6fdc7d79f09e87e,bdeb78efe3651884,2219,200,verifyCode,ts-auth-service
1650252140,ts-auth-service,c6fdc7d79f09e87e,bdeb78efe3651884,bdeb78efe3651884,3855,200,GET,ts-auth-service
1650252140,ts-auth-service,bdeb78efe3651884,,bdeb78efe3651884,109338,200,getToken,no_parent
1650252140,ts-station-service,e89484361d20d707,9978d33d6bf340a6,3e74425fa9582988,2614,200,queryForStationId,ts-basic-service
1650252140,ts-station-service,e81b3e581df1f23a,8a7870578a64fc2b,3e74425fa9582988,2414,200,queryForStationId,ts-basic-service
1650252140,ts-order-service,ce86aa52236ec5d8,8a1da2372f54ac0d,470aa7a613f35923,3043,200,securityInfoCheck,ts-security-service
1650252140,ts-order-other-service,eb8da48da7cd05f5,9c5fca84c8754ccb,470aa7a613f35923,2560,200,securityInfoCheck,ts-security-service
1650252140,ts-security-service,8a1da2372f54ac0d,12fc812338616880,470aa7a613f35923,4402,200,GET,ts-security-service
1650252140,ts-security-service,9c5fca84c8754ccb,12fc812338616880,470aa7a613f35923,3901,200,GET,ts-security-service
1650252140,ts-ticketinfo-service,12c1b451be9cfe9e,6f16541f39d27107,3e74425fa9582988,8311,200,queryForStationId,ts-travel-service
1650252140,ts-travel-service,994ced085c505448,3e74425fa9582988,3e74425fa9582988,2287,200,GET,ts-travel-service
1650252140,ts-travel-service,fe595a5357bca581,3e74425fa9582988,3e74425fa9582988,2313,200,GET,ts-travel-service
1650252140,ts-travel-service,140d973187e9c232,3e74425fa9582988,3e74425fa9582988,2622,200,GET,ts-travel-service
1650252140,ts-travel-service,3e74425fa9582988,,3e74425fa9582988,43270,200,queryInfo,no_parent
1650252140,ts-travel-service,40a6c1b91597fca4,3e74425fa9582988,3e74425fa9582988,3532,200,GET,ts-travel-service
1650252140,ts-route-service,d060f3f1b1c1af0f,5e5d8f9f39bdf2a5,3e74425fa9582988,2125,200,queryById,ts-travel-service
1650252140,ts-route-service,720102a93f70c0cd,fe595a5357bca581,3e74425fa9582988,2132,200,queryById,ts-travel-service
1650252140,ts-route-service,debc34ac46251203,40a6c1b91597fca4,3e74425fa9582988,2208,200,queryById,ts-travel-service
1650252140,ts-route-service,716c65bcfbdd23f6,994ced085c505448,3e74425fa9582988,2096,200,queryById,ts-travel-service
1650252140,ts-route-service,1175b8cd462b3fd8,140d973187e9c232,3e74425fa9582988,2138,200,queryById,ts-travel-service
1650252140,ts-basic-service,30aa2942a327465a,5a825083149a716c,3e74425fa9582988,5543,200,queryForStationId,ts-ticketinfo-service
1650252140,ts-ticketinfo-service,c8ee60332b4b441e,b9f40013c5a5bcad,3e74425fa9582988,10358,200,queryForStationId,ts-travel-service
1650252140,ts-ticketinfo-service,5a825083149a716c,12c1b451be9cfe9e,3e74425fa9582988,6277,200,GET,ts-ticketinfo-service
1650252140,ts-ticketinfo-service,7b4a6f9575661455,c8ee60332b4b441e,3e74425fa9582988,7913,200,GET,ts-ticketinfo-service
1650252140,ts-basic-service,b7d055eb52c271a2,7b4a6f9575661455,3e74425fa9582988,6751,200,queryForStationId,ts-ticketinfo-service
1650252140,ts-basic-service,8a7870578a64fc2b,30aa2942a327465a,3e74425fa9582988,3110,200,GET,ts-basic-service
1650252140,ts-travel-service,6f16541f39d27107,3e74425fa9582988,3e74425fa9582988,8823,200,GET,ts-travel-service
1650252140,ts-preserve-service,758a6f7ed2b82add,470aa7a613f35923,470aa7a613f35923,14413,200,GET,ts-preserve-service
1650252140,ts-basic-service,9978d33d6bf340a6,b7d055eb52c271a2,3e74425fa9582988,3784,200,GET,ts-basic-service
1650252140,ts-station-service,3f2847b6d7239762,a98de142aaab6a38,b028a00bbf1eddb4,8593,200,queryForNameBatch,ts-order-service
1650252140,ts-travel-service,5e5d8f9f39bdf2a5,3e74425fa9582988,3e74425fa9582988,2299,200,GET,ts-travel-service
1650252140,ts-order-service,a98de142aaab6a38,b028a00bbf1eddb4,b028a00bbf1eddb4,10181,200,POST,ts-order-service
1650252140,ts-order-service,b028a00bbf1eddb4,,b028a00bbf1eddb4,13735,200,queryOrdersForRefresh,no_parent
1650252140,ts-preserve-service,470aa7a613f35923,,470aa7a613f35923,21341,200,preserve,no_parent
1650252140,ts-verification-code-service,8db8279840df7314,,8db8279840df7314,3017,200,imageCode,no_parent
1650252140,ts-travel-service,b9f40013c5a5bcad,3e74425fa9582988,3e74425fa9582988,11973,200,GET,ts-travel-service
1650252140,ts-assurance-service,71b6cc4ee0c1ff57,,71b6cc4ee0c1ff57,1655,200,getAllAssuranceType,no_parent
1650252140,ts-preserve-service,953e117af76d6b89,470aa7a613f35923,470aa7a613f35923,3961,200,GET,ts-preserve-service
1650252140,ts-contacts-service,a585a51dd0fb1b7a,953e117af76d6b89,470aa7a613f35923,2638,200,getContactsByContactsId,ts-preserve-service
1650252140,ts-contacts-service,2838597465a10891,,2838597465a10891,2859,200,findContactsByAccountId,no_parent
1650252200,ts-contacts-service,7f05677dd87c95ec,6936e4815fe2b0fb,99d5241b2537d003,2687,200,getContactsByContactsId,ts-preserve-service
1650252200,ts-auth-service,85d5b8ec1999275e,7dec18a50166f9de,7dec18a50166f9de,3591,200,GET,ts-auth-service
1650252200,ts-auth-service,7dec18a50166f9de,,7dec18a50166f9de,106040,200,getToken,no_parent
1650252200,ts-verification-code-service,9418948e2d40e68e,85d5b8ec1999275e,7dec18a50166f9de,1960,200,verifyCode,ts-auth-service
1650252200,ts-security-service,2ef64a84ce52af64,8ee9f632544e31a2,99d5241b2537d003,13941,200,check,ts-preserve-service
1650252200,ts-travel-service,e016192890c0df2c,5692cb712ab0b3c9,5692cb712ab0b3c9,2302,200,GET,ts-travel-service
1650252200,ts-route-service,2b520de0e80f0456,3c1a3ea0360546d,5692cb712ab0b3c9,2625,200,queryById,ts-travel-service
1650252200,ts-route-service,208c56bfc10176f8,9026410b4d2f2655,5692cb712ab0b3c9,2145,200,queryById,ts-travel-service
1650252200,ts-route-service,5938be75b01e955c,e016192890c0df2c,5692cb712ab0b3c9,2115,200,queryById,ts-travel-service
1650252200,ts-route-service,e1d87e689a6fcbe1,dfca23127ff57c1b,5692cb712ab0b3c9,2494,200,queryById,ts-travel-service
1650252200,ts-ticketinfo-service,422c8ddc5ce7550e,26cc9ca6451021c9,5692cb712ab0b3c9,7917,200,GET,ts-ticketinfo-service
1650252200,ts-station-service,e070b9672c9c89da,8752248865f5fe86,5692cb712ab0b3c9,2600,200,queryForStationId,ts-basic-service
1650252200,ts-station-service,b59ac321c2df3117,9386b5d3ff39421,5692cb712ab0b3c9,2345,200,queryForStationId,ts-basic-service
1650252200,ts-travel-service,dfca23127ff57c1b,5692cb712ab0b3c9,5692cb712ab0b3c9,2986,200,GET,ts-travel-service
1650252200,ts-travel-service,edead0eadaadd425,5692cb712ab0b3c9,5692cb712ab0b3c9,2372,200,GET,ts-travel-service
1650252200,ts-travel-service,3c1a3ea0360546d,5692cb712ab0b3c9,5692cb712ab0b3c9,3942,200,GET,ts-travel-service
1650252200,ts-travel-service,fc4307c96fd8b670,5692cb712ab0b3c9,5692cb712ab0b3c9,8972,200,GET,ts-travel-service
1650252200,ts-travel-service,5692cb712ab0b3c9,,5692cb712ab0b3c9,51191,200,queryInfo,no_parent
1650252200,ts-travel-service,9026410b4d2f2655,5692cb712ab0b3c9,5692cb712ab0b3c9,2364,200,GET,ts-travel-service
1650252200,ts-travel-service,f2601008768ea73e,5692cb712ab0b3c9,5692cb712ab0b3c9,18569,200,GET,ts-travel-service
1650252200,ts-route-service,e2a8a5ad30f5bee1,edead0eadaadd425,5692cb712ab0b3c9,2177,200,queryById,ts-travel-service
1650252200,ts-preserve-service,99d5241b2537d003,,99d5241b2537d003,29881,200,preserve,no_parent
1650252200,ts-order-service,4ddb30be20c7eb58,a50339291ba78567,99d5241b2537d003,3361,200,securityInfoCheck,ts-security-service
1650252200,ts-order-other-service,b24c5e9808c9c9b3,732ecab2ed3a103e,99d5241b2537d003,3265,200,securityInfoCheck,ts-security-service
1650252200,ts-ticketinfo-service,b4ffb7c7f245aa63,9e6d798a6bb1d55b,5692cb712ab0b3c9,6468,200,GET,ts-ticketinfo-service
1650252200,ts-ticketinfo-service,26cc9ca6451021c9,f2601008768ea73e,5692cb712ab0b3c9,16964,200,queryForStationId,ts-travel-service
1650252200,ts-preserve-service,6936e4815fe2b0fb,99d5241b2537d003,99d5241b2537d003,11570,200,GET,ts-preserve-service
1650252200,ts-security-service,a50339291ba78567,2ef64a84ce52af64,99d5241b2537d003,4797,200,GET,ts-security-service
1650252200,ts-security-service,732ecab2ed3a103e,2ef64a84ce52af64,99d5241b2537d003,4495,200,GET,ts-security-service
1650252200,ts-basic-service,66d7e2f7e724844b,422c8ddc5ce7550e,5692cb712ab0b3c9,6689,200,queryForStationId,ts-ticketinfo-service
1650252200,ts-basic-service,9386b5d3ff39421,5bc1f9a04e389c91,5692cb712ab0b3c9,3063,200,GET,ts-basic-service
1650252200,ts-basic-service,8752248865f5fe86,66d7e2f7e724844b,5692cb712ab0b3c9,3795,200,GET,ts-basic-service
1650252200,ts-basic-service,5bc1f9a04e389c91,b4ffb7c7f245aa63,5692cb712ab0b3c9,5656,200,queryForStationId,ts-ticketinfo-service
1650252200,ts-preserve-service,8ee9f632544e31a2,99d5241b2537d003,99d5241b2537d003,15307,200,GET,ts-preserve-service
1650252200,ts-contacts-service,6b06f63c56ee0059,,6b06f63c56ee0059,2906,200,findContactsByAccountId,no_parent
1650252200,ts-order-service,c101d7ca686a1a01,a0129f56eaf8f5fe,a0129f56eaf8f5fe,9970,200,POST,ts-order-service
1650252200,ts-order-service,a0129f56eaf8f5fe,,a0129f56eaf8f5fe,13356,200,queryOrdersForRefresh,no_parent
1650252200,ts-station-service,8b5a3e0bd42306d3,c101d7ca686a1a01,a0129f56eaf8f5fe,8504,200,queryForNameBatch,ts-order-service
1650252200,ts-assurance-service,7b6c4f1095980e25,,7b6c4f1095980e25,1598,200,getAllAssuranceType,no_parent
1650252200,ts-ticketinfo-service,9e6d798a6bb1d55b,fc4307c96fd8b670,5692cb712ab0b3c9,8517,200,queryForStationId,ts-travel-service
1650252200,ts-verification-code-service,ff376b5e72aaa8f1,,ff376b5e72aaa8f1,3040,200,imageCode,no_parent
1650252260,ts-route-service,1f6063a6e85124fe,7969df2fd476f79d,d0112f125a4b53c4,1581,200,queryById,ts-travel-service
1650252260,ts-basic-service,7ff11b28a17b0e33,c72ab187fe04459c,d0112f125a4b53c4,4682,200,queryForStationId,ts-ticketinfo-service
1650252260,ts-ticketinfo-service,4c64b5bb77405d28,7da00c87c317bf45,d0112f125a4b53c4,7441,200,queryForStationId,ts-travel-service
1650252260,ts-route-service,beab0a69ca1c9d08,cd5f7e0b96e51561,d0112f125a4b53c4,1659,200,queryById,ts-travel-service
1650252260,ts-route-service,74ba367df327b316,a6d5a6a36f50c8fc,d0112f125a4b53c4,1203,200,queryById,ts-travel-service
1650252260,ts-route-service,7810485879c91d42,5a482fe30945ad9e,d0112f125a4b53c4,1102,200,queryById,ts-travel-service
1650252260,ts-route-service,42331fa90813ecdd,6b176ee8502222c,d0112f125a4b53c4,1110,200,queryById,ts-travel-service
1650252260,ts-station-service,1f2fb50c52f53686,84f3208efeef8af7,d0112f125a4b53c4,1750,200,queryForStationId,ts-basic-service
1650252260,ts-station-service,907a98ffdd47e238,323eb8c43f11adf8,d0112f125a4b53c4,1573,200,queryForStationId,ts-basic-service
1650252260,ts-travel-service,7969df2fd476f79d,d0112f125a4b53c4,d0112f125a4b53c4,1681,200,GET,ts-travel-service
1650252260,ts-basic-service,84f3208efeef8af7,7ff11b28a17b0e33,d0112f125a4b53c4,2515,200,GET,ts-basic-service
1650252260,ts-basic-service,caef041bf2b7bca6,a80916eaec65c173,d0112f125a4b53c4,3658,200,queryForStationId,ts-ticketinfo-service
1650252260,ts-ticketinfo-service,c72ab187fe04459c,4c64b5bb77405d28,d0112f125a4b53c4,5398,200,GET,ts-ticketinfo-service
1650252260,ts-ticketinfo-service,a80916eaec65c173,6f812b4a989afaf,d0112f125a4b53c4,4430,200,GET,ts-ticketinfo-service
1650252260,ts-ticketinfo-service,6f812b4a989afaf,9b96d2fedf51857d,d0112f125a4b53c4,5658,200,queryForStationId,ts-travel-service
1650252260,ts-preserve-service,b18c548878d62a53,592db4f967cba2bd,592db4f967cba2bd,11740,200,GET,ts-preserve-service
1650252260,ts-preserve-service,183a9b4a2e4becaa,592db4f967cba2bd,592db4f967cba2bd,2319,200,GET,ts-preserve-service
1650252260,ts-preserve-service,592db4f967cba2bd,,592db4f967cba2bd,16192,200,preserve,no_parent
1650252260,ts-security-service,1312634e9250a293,14d4b2cfedd831bb,592db4f967cba2bd,4139,200,GET,ts-security-service
1650252260,ts-travel-service,5a482fe30945ad9e,d0112f125a4b53c4,d0112f125a4b53c4,1342,200,GET,ts-travel-service
1650252260,ts-travel-service,7da00c87c317bf45,d0112f125a4b53c4,d0112f125a4b53c4,8992,200,GET,ts-travel-service
1650252260,ts-contacts-service,12ba7108717f56d6,183a9b4a2e4becaa,592db4f967cba2bd,1614,200,getContactsByContactsId,ts-preserve-service
1650252260,ts-security-service,14d4b2cfedd831bb,b18c548878d62a53,592db4f967cba2bd,10701,200,check,ts-preserve-service
1650252260,ts-travel-service,a6d5a6a36f50c8fc,d0112f125a4b53c4,d0112f125a4b53c4,1238,200,GET,ts-travel-service
1650252260,ts-travel-service,9b96d2fedf51857d,d0112f125a4b53c4,d0112f125a4b53c4,6253,200,GET,ts-travel-service
1650252260,ts-basic-service,323eb8c43f11adf8,caef041bf2b7bca6,d0112f125a4b53c4,1949,200,GET,ts-basic-service
1650252260,ts-verification-code-service,3b474096ef946ddf,ba9074c2843883f5,81bd0fcac5aa5475,1467,200,verifyCode,ts-auth-service
1650252260,ts-travel-service,6b176ee8502222c,d0112f125a4b53c4,d0112f125a4b53c4,1229,200,GET,ts-travel-service
1650252260,ts-travel-service,cd5f7e0b96e51561,d0112f125a4b53c4,d0112f125a4b53c4,2543,200,GET,ts-travel-service
1650252260,ts-travel-service,d0112f125a4b53c4,,d0112f125a4b53c4,30650,200,queryInfo,no_parent
1650252260,ts-auth-service,ba9074c2843883f5,81bd0fcac5aa5475,81bd0fcac5aa5475,2766,200,GET,ts-auth-service
1650252260,ts-verification-code-service,14757bda09e3539,,14757bda09e3539,2331,200,imageCode,no_parent
1650252260,ts-order-other-service,efb57d3cf43b6666,7012196fbccce549,592db4f967cba2bd,2564,200,securityInfoCheck,ts-security-service
1650252260,ts-auth-service,81bd0fcac5aa5475,,81bd0fcac5aa5475,125707,200,getToken,no_parent
1650252260,ts-order-service,16841a0e99f6092b,,16841a0e99f6092b,26342,200,queryOrdersForRefresh,no_parent
1650252260,ts-order-service,fa08385f7a981409,16841a0e99f6092b,16841a0e99f6092b,23460,200,POST,ts-order-service
1650252260,ts-station-service,3c20eb8edddda903,fa08385f7a981409,16841a0e99f6092b,22759,200,queryForNameBatch,ts-order-service
1650252260,ts-assurance-service,b3b470a574045f9e,,b3b470a574045f9e,1289,200,getAllAssuranceType,no_parent
1650252260,ts-security-service,7012196fbccce549,14d4b2cfedd831bb,592db4f967cba2bd,3366,200,GET,ts-security-service
1650252260,ts-order-service,5d1634c30514731e,1312634e9250a293,592db4f967cba2bd,2855,200,securityInfoCheck,ts-security-service
1650252260,ts-contacts-service,4f39e922d09a4af1,,4f39e922d09a4af1,2644,200,findContactsByAccountId,no_parent
1650252320,ts-auth-service,ec81b220bc14f9f8,,ec81b220bc14f9f8,124816,200,getToken,no_parent
1650252320,ts-order-service,c117f69efa0b185d,,c117f69efa0b185d,9105,200,queryOrdersForRefresh,no_parent
1650252320,ts-station-service,77535a8f067ffaec,e7d18e0ffc7e163a,c117f69efa0b185d,5290,200,queryForNameBatch,ts-order-service
1650252320,ts-order-service,e7d18e0ffc7e163a,c117f69efa0b185d,c117f69efa0b185d,6249,200,POST,ts-order-service
1650252320,ts-security-service,acd2f3f225c3d271,ae122e68c026aa34,311f16bae6d94bf2,3164,200,GET,ts-security-service
1650252320,ts-order-other-service,75dbee801aaa6a02,acd2f3f225c3d271,311f16bae6d94bf2,2521,200,securityInfoCheck,ts-security-service
1650252320,ts-security-service,495a45bc8c1d29ed,ae122e68c026aa34,311f16bae6d94bf2,3934,200,GET,ts-security-service
1650252320,ts-security-service,ae122e68c026aa34,875340ae0bd27874,311f16bae6d94bf2,10337,200,check,ts-preserve-service
1650252320,ts-contacts-service,73bfad1e0848b956,67863b2d1158983f,311f16bae6d94bf2,1656,200,getContactsByContactsId,ts-preserve-service
1650252320,ts-verification-code-service,c573e0745415d9f3,,c573e0745415d9f3,2247,200,imageCode,no_parent
1650252320,ts-auth-service,9995414f0733e8d3,ec81b220bc14f9f8,ec81b220bc14f9f8,2583,200,GET,ts-auth-service
1650252320,ts-verification-code-service,abf57f4fa7b06b88,9995414f0733e8d3,ec81b220bc14f9f8,1309,200,verifyCode,ts-auth-service
1650252320,ts-preserve-service,875340ae0bd27874,311f16bae6d94bf2,311f16bae6d94bf2,11756,200,GET,ts-preserve-service
1650252320,ts-preserve-service,67863b2d1158983f,311f16bae6d94bf2,311f16bae6d94bf2,2231,200,GET,ts-preserve-service
1650252320,ts-order-service,981db9b014858b4a,495a45bc8c1d29ed,311f16bae6d94bf2,2599,200,securityInfoCheck,ts-security-service
1650252320,ts-preserve-service,311f16bae6d94bf2,,311f16bae6d94bf2,16051,200,preserve,no_parent
1650252320,ts-contacts-service,f52cee0a1484aab8,,f52cee0a1484aab8,2141,200,findContactsByAccountId,no_parent
1650252321,ts-ticketinfo-service,144fa8e48a02ed36,efa6bbec33c70c26,d999cf4f0819e6ef,6008,200,queryForStationId,ts-travel-service
1650252321,ts-travel-service,2020c342b8e75097,d999cf4f0819e6ef,d999cf4f0819e6ef,9008,200,GET,ts-travel-service
1650252321,ts-travel-service,29e94fa474f7fdb,d999cf4f0819e6ef,d999cf4f0819e6ef,1517,200,GET,ts-travel-service
1650252321,ts-travel-service,4c3db673a5da1cca,d999cf4f0819e6ef,d999cf4f0819e6ef,1804,200,GET,ts-travel-service
1650252321,ts-station-service,f5132d3a8b573585,f00e97a5b870baa2,d999cf4f0819e6ef,2027,200,queryForStationId,ts-basic-service
1650252321,ts-basic-service,f00e97a5b870baa2,7c22f284e43a9133,d999cf4f0819e6ef,2934,200,GET,ts-basic-service
1650252321,ts-basic-service,10f3a6c7e7401d79,a4b40b74c2c9c08,d999cf4f0819e6ef,2440,200,GET,ts-basic-service
1650252321,ts-route-service,b08e60cfdc7a7164,8754955aab176b2c,d999cf4f0819e6ef,1478,200,queryById,ts-travel-service
1650252321,ts-route-service,c66502f8815c43e0,4c3db673a5da1cca,d999cf4f0819e6ef,1410,200,queryById,ts-travel-service
1650252321,ts-route-service,bf15cfc3f1462cf2,bb584e0cd79be889,d999cf4f0819e6ef,1408,200,queryById,ts-travel-service
1650252321,ts-station-service,a7582ab0f4f4ae34,10f3a6c7e7401d79,d999cf4f0819e6ef,1712,200,queryForStationId,ts-basic-service
1650252321,ts-ticketinfo-service,70a8b8aa9dd306bd,2020c342b8e75097,d999cf4f0819e6ef,7829,200,queryForStationId,ts-travel-service
1650252321,ts-travel-service,efa6bbec33c70c26,d999cf4f0819e6ef,d999cf4f0819e6ef,6296,200,GET,ts-travel-service
1650252321,ts-travel-service,c16246168784f7b2,d999cf4f0819e6ef,d999cf4f0819e6ef,9744,200,GET,ts-travel-service
1650252321,ts-travel-service,8754955aab176b2c,d999cf4f0819e6ef,d999cf4f0819e6ef,1878,200,GET,ts-travel-service
1650252321,ts-travel-service,bb584e0cd79be889,d999cf4f0819e6ef,d999cf4f0819e6ef,1496,200,GET,ts-travel-service
1650252321,ts-basic-service,7c22f284e43a9133,c5ceabcfba89d602,d999cf4f0819e6ef,5113,200,queryForStationId,ts-ticketinfo-service
1650252321,ts-basic-service,a4b40b74c2c9c08,593871181eb8bab9,d999cf4f0819e6ef,4094,200,queryForStationId,ts-ticketinfo-service
1650252321,ts-ticketinfo-service,c5ceabcfba89d602,70a8b8aa9dd306bd,d999cf4f0819e6ef,5860,200,GET,ts-ticketinfo-service
1650252321,ts-travel-service,d999cf4f0819e6ef,,d999cf4f0819e6ef,38725,200,queryInfo,no_parent
1650252321,ts-route-service,ac7a5acb5497ebbf,c16246168784f7b2,d999cf4f0819e6ef,8547,200,queryById,ts-travel-service
1650252321,ts-route-service,1e0057d3cad98a9e,29e94fa474f7fdb,d999cf4f0819e6ef,1327,200,queryById,ts-travel-service
1650252321,ts-ticketinfo-service,593871181eb8bab9,144fa8e48a02ed36,d999cf4f0819e6ef,4828,200,GET,ts-ticketinfo-service
1650252321,ts-assurance-service,3377071878ab8ee,,3377071878ab8ee,1502,200,getAllAssuranceType,no_parent
1650252381,ts-contacts-service,e811164b7f3ae1ac,8a24cbfa3d92f8a3,b2c7db8ca4794f0d,1568,200,getContactsByContactsId,ts-preserve-service
1650252381,ts-order-other-service,1ca5955aedd63325,7309f2127612f6d2,b2c7db8ca4794f0d,2587,200,securityInfoCheck,ts-security-service
1650252381,ts-basic-service,8d8e2c5462ac4b6f,8376f643e84f550a,592625cfda81a026,4616,200,queryForStationId,ts-ticketinfo-service
1650252381,ts-preserve-service,8a24cbfa3d92f8a3,b2c7db8ca4794f0d,b2c7db8ca4794f0d,2372,200,GET,ts-preserve-service
1650252381,ts-basic-service,9483ffa2d5eb8a85,f100b07745a7b629,592625cfda81a026,3652,200,queryForStationId,ts-ticketinfo-service
1650252381,ts-route-service,f1b3b6d0047861c8,9360dc64cbb90980,592625cfda81a026,1448,200,queryById,ts-travel-service
1650252381,ts-station-service,cdec9060b9e7ad21,a5c14dec1789ce88,592625cfda81a026,1560,200,queryForStationId,ts-basic-service
1650252381,ts-station-service,c06ea48050371ae5,37afa45d3f2f419e,592625cfda81a026,1838,200,queryForStationId,ts-basic-service
1650252381,ts-travel-service,7e794240d763599f,592625cfda81a026,592625cfda81a026,3305,200,GET,ts-travel-service
1650252381,ts-route-service,8b22a7e4623ce761,fdc7b29a667218ab,592625cfda81a026,1552,200,queryById,ts-travel-service
1650252381,ts-basic-service,a5c14dec1789ce88,9483ffa2d5eb8a85,592625cfda81a026,1944,200,GET,ts-basic-service
1650252381,ts-basic-service,37afa45d3f2f419e,8d8e2c5462ac4b6f,592625cfda81a026,2582,200,GET,ts-basic-service
1650252381,ts-route-service,822267d48ff7ae98,7e794240d763599f,592625cfda81a026,2059,200,queryById,ts-travel-service
1650252381,ts-route-service,d6aadb7e0050140,bf0ec16adc532718,592625cfda81a026,1221,200,queryById,ts-travel-service
1650252381,ts-route-service,a1fcf37c0151853a,a098b4e90eaab7f9,592625cfda81a026,1355,200,queryById,ts-travel-service
1650252381,ts-travel-service,bf0ec16adc532718,592625cfda81a026,592625cfda81a026,1301,200,GET,ts-travel-service
1650252381,ts-travel-service,1692188c8847b85c,592625cfda81a026,592625cfda81a026,5978,200,GET,ts-travel-service
1650252381,ts-preserve-service,6d26661fb5e1dc46,b2c7db8ca4794f0d,b2c7db8ca4794f0d,16353,200,GET,ts-preserve-service
1650252381,ts-preserve-service,b2c7db8ca4794f0d,,b2c7db8ca4794f0d,21214,200,preserve,no_parent
1650252381,ts-order-service,74da2b768ee253cd,52c8c9af29093a32,b2c7db8ca4794f0d,6461,200,securityInfoCheck,ts-security-service
1650252381,ts-ticketinfo-service,8376f643e84f550a,7c4b8a25d3ab8a3c,592625cfda81a026,5290,200,GET,ts-ticketinfo-service
1650252381,ts-ticketinfo-service,f100b07745a7b629,b2d930d2d351d3d2,592625cfda81a026,4119,200,GET,ts-ticketinfo-service
1650252381,ts-ticketinfo-service,7c4b8a25d3ab8a3c,4fae7427f9b005ce,592625cfda81a026,7210,200,queryForStationId,ts-travel-service
1650252381,ts-travel-service,9360dc64cbb90980,592625cfda81a026,592625cfda81a026,1838,200,GET,ts-travel-service
1650252381,ts-travel-service,fdc7b29a667218ab,592625cfda81a026,592625cfda81a026,2140,200,GET,ts-travel-service
1650252381,ts-travel-service,4fae7427f9b005ce,592625cfda81a026,592625cfda81a026,8465,200,GET,ts-travel-service
1650252381,ts-security-service,a3e2da3dee4b6aca,6d26661fb5e1dc46,b2c7db8ca4794f0d,15067,200,check,ts-preserve-service
1650252381,ts-security-service,52c8c9af29093a32,a3e2da3dee4b6aca,b2c7db8ca4794f0d,7536,200,GET,ts-security-service
1650252381,ts-security-service,7309f2127612f6d2,a3e2da3dee4b6aca,b2c7db8ca4794f0d,3770,200,GET,ts-security-service
1650252381,ts-ticketinfo-service,b2d930d2d351d3d2,1692188c8847b85c,592625cfda81a026,5757,200,queryForStationId,ts-travel-service
1650252381,ts-travel-service,a098b4e90eaab7f9,592625cfda81a026,592625cfda81a026,1426,200,GET,ts-travel-service
1650252381,ts-order-service,b6a9ab04ef14d68,,b6a9ab04ef14d68,9154,200,queryOrdersForRefresh,no_parent
1650252381,ts-order-service,dae5d071a0e18e5a,b6a9ab04ef14d68,b6a9ab04ef14d68,6715,200,POST,ts-order-service
1650252381,ts-travel-service,592625cfda81a026,,592625cfda81a026,31777,200,queryInfo,no_parent
1650252381,ts-verification-code-service,835c3d48b5c0417,b0bf7cc44b56585,48366831e9f4479c,1291,200,verifyCode,ts-auth-service
1650252381,ts-auth-service,b0bf7cc44b56585,48366831e9f4479c,48366831e9f4479c,2831,200,GET,ts-auth-service
1650252381,ts-auth-service,48366831e9f4479c,,48366831e9f4479c,125746,200,getToken,no_parent
1650252381,ts-contacts-service,12305e873d5b5e8,,12305e873d5b5e8,2800,200,findContactsByAccountId,no_parent
1650252381,ts-station-service,5c7a28acec2c63cb,dae5d071a0e18e5a,b6a9ab04ef14d68,5360,200,queryForNameBatch,ts-order-service
1650252381,ts-verification-code-service,c05ccfbe596e0061,,c05ccfbe596e0061,2146,200,imageCode,no_parent
1650252381,ts-assurance-service,d7e387b15a77464,,d7e387b15a77464,1313,200,getAllAssuranceType,no_parent
1650252441,ts-travel-service,f12f123b578e66a1,6940771953b0ac31,6940771953b0ac31,2685,200,GET,ts-travel-service
1650252441,ts-travel-service,7dfb53bd02d48fdc,6940771953b0ac31,6940771953b0ac31,1564,200,GET,ts-travel-service
1650252441,ts-route-service,45e6e2fc10a791a7,54d715ccd47f09e9,6940771953b0ac31,1369,200,queryById,ts-travel-service
1650252441,ts-contacts-service,7c08d594c00b4f8,8b4377aae2bd439d,f1129cb2b92a31ac,1916,200,getContactsByContactsId,ts-preserve-service
1650252441,ts-auth-service,848981ee75c28a,,848981ee75c28a,125515,200,getToken,no_parent
1650252441,ts-security-service,6681ae10ac3194b5,2095d0cefb5ea327,f1129cb2b92a31ac,9278,200,check,ts-preserve-service
1650252441,ts-security-service,9d694beaafcc8d72,6681ae10ac3194b5,f1129cb2b92a31ac,3321,200,GET,ts-security-service
1650252441,ts-ticketinfo-service,68daaa2a84607645,3b7c03156ef96518,6940771953b0ac31,5254,200,GET,ts-ticketinfo-service
1650252441,ts-security-service,6e80dafc708a7a0f,6681ae10ac3194b5,f1129cb2b92a31ac,2906,200,GET,ts-security-service
1650252441,ts-order-other-service,e56039dcc6f1423c,9d694beaafcc8d72,f1129cb2b92a31ac,2556,200,securityInfoCheck,ts-security-service
1650252441,ts-station-service,326585c40e87d516,f83b9064e2ce916e,6940771953b0ac31,1616,200,queryForStationId,ts-basic-service
1650252441,ts-basic-service,455a785e4d7b27c8,4a431eb49a66ac60,6940771953b0ac31,2430,200,GET,ts-basic-service
1650252441,ts-order-service,7f635577745fba6,e137ddb2cb59a9e,e137ddb2cb59a9e,6427,200,POST,ts-order-service
1650252441,ts-order-service,e137ddb2cb59a9e,,e137ddb2cb59a9e,8759,200,queryOrdersForRefresh,no_parent
1650252441,ts-station-service,99495cb8a24130c,7f635577745fba6,e137ddb2cb59a9e,5499,200,queryForNameBatch,ts-order-service
1650252441,ts-route-service,ea38bc88f288b300,7dfb53bd02d48fdc,6940771953b0ac31,1471,200,queryById,ts-travel-service
1650252441,ts-route-service,474fa027f4c6ac80,68262aceb9c1837e,6940771953b0ac31,1485,200,queryById,ts-travel-service
1650252441,ts-travel-service,68262aceb9c1837e,6940771953b0ac31,6940771953b0ac31,1757,200,GET,ts-travel-service
1650252441,ts-travel-service,733d6c1dc56ab79b,6940771953b0ac31,6940771953b0ac31,8330,200,GET,ts-travel-service
1650252441,ts-travel-service,c2611bc989c69d4a,6940771953b0ac31,6940771953b0ac31,6071,200,GET,ts-travel-service
1650252441,ts-assurance-service,c03ae6b3fcd167b1,,c03ae6b3fcd167b1,1340,200,getAllAssuranceType,no_parent
1650252441,ts-ticketinfo-service,43f2f3ebbdae59d1,e9b8311f3d8a5a3,6940771953b0ac31,4514,200,GET,ts-ticketinfo-service
1650252441,ts-travel-service,98f8d295a66d7b41,6940771953b0ac31,6940771953b0ac31,1464,200,GET,ts-travel-service
1650252441,ts-basic-service,17b7f93e4449665a,43f2f3ebbdae59d1,6940771953b0ac31,3742,200,queryForStationId,ts-ticketinfo-service
1650252441,ts-ticketinfo-service,3b7c03156ef96518,733d6c1dc56ab79b,6940771953b0ac31,7213,200,queryForStationId,ts-travel-service
1650252441,ts-travel-service,54d715ccd47f09e9,6940771953b0ac31,6940771953b0ac31,1501,200,GET,ts-travel-service
1650252441,ts-travel-service,6940771953b0ac31,,6940771953b0ac31,30815,200,queryInfo,no_parent
1650252441,ts-station-service,81a656d33d5ef720,455a785e4d7b27c8,6940771953b0ac31,1626,200,queryForStationId,ts-basic-service
1650252441,ts-basic-service,4a431eb49a66ac60,68daaa2a84607645,6940771953b0ac31,4558,200,queryForStationId,ts-ticketinfo-service
1650252441,ts-basic-service,f83b9064e2ce916e,17b7f93e4449665a,6940771953b0ac31,1995,200,GET,ts-basic-service
1650252441,ts-ticketinfo-service,e9b8311f3d8a5a3,c2611bc989c69d4a,6940771953b0ac31,5768,200,queryForStationId,ts-travel-service
1650252441,ts-route-service,684bf56f8720286e,f12f123b578e66a1,6940771953b0ac31,1747,200,queryById,ts-travel-service
1650252441,ts-route-service,b2a579265cc4994c,98f8d295a66d7b41,6940771953b0ac31,1398,200,queryById,ts-travel-service
1650252441,ts-contacts-service,8bc8395b2659874a,,8bc8395b2659874a,2322,200,findContactsByAccountId,no_parent
1650252441,ts-preserve-service,2095d0cefb5ea327,f1129cb2b92a31ac,f1129cb2b92a31ac,10334,200,GET,ts-preserve-service
1650252441,ts-order-service,d90ec14fa3d0d700,6e80dafc708a7a0f,f1129cb2b92a31ac,2102,200,securityInfoCheck,ts-security-service
1650252441,ts-verification-code-service,1ef22b24f5f9dd42,,1ef22b24f5f9dd42,2175,200,imageCode,no_parent
1650252441,ts-auth-service,3cc0bb5309bccd1f,848981ee75c28a,848981ee75c28a,2526,200,GET,ts-auth-service
1650252441,ts-verification-code-service,cfaeca20060e45c3,3cc0bb5309bccd1f,848981ee75c28a,1366,200,verifyCode,ts-auth-service
1650252441,ts-preserve-service,f1129cb2b92a31ac,,f1129cb2b92a31ac,15576,200,preserve,no_parent
1650252441,ts-preserve-service,8b4377aae2bd439d,f1129cb2b92a31ac,f1129cb2b92a31ac,2739,200,GET,ts-preserve-service
1650252501,ts-ticketinfo-service,6ac774d5d3ad9709,75109020b35ad641,6199a66b836fc175,7964,200,queryForStationId,ts-travel-service
1650252501,ts-route-service,aa7e44f849b38e2f,a61d6bdd3e9c48c3,6199a66b836fc175,1421,200,queryById,ts-travel-service
1650252501,ts-station-service,d88659fac818e2c4,116cf7c06e96f935,6199a66b836fc175,1676,200,queryForStationId,ts-basic-service
1650252501,ts-travel-service,1b7264e627b9eee7,6199a66b836fc175,6199a66b836fc175,1873,200,GET,ts-travel-service
1650252501,ts-travel-service,25f04080abdd3672,6199a66b836fc175,6199a66b836fc175,1651,200,GET,ts-travel-service
1650252501,ts-travel-service,865bc395616430e3,6199a66b836fc175,6199a66b836fc175,1643,200,GET,ts-travel-service
1650252501,ts-auth-service,d324538b5346c281,93b65ee0470e202a,93b65ee0470e202a,3272,200,GET,ts-auth-service
1650252501,ts-basic-service,116cf7c06e96f935,73b1b4edfde5ed32,6199a66b836fc175,2111,200,GET,ts-basic-service
1650252501,ts-travel-service,d4e6eeae940cddc7,6199a66b836fc175,6199a66b836fc175,6015,200,GET,ts-travel-service
1650252501,ts-travel-service,fb48bdcdb07e8c55,6199a66b836fc175,6199a66b836fc175,2963,200,GET,ts-travel-service
1650252501,ts-basic-service,73b1b4edfde5ed32,e8ec0c05d5e2b54a,6199a66b836fc175,3802,200,queryForStationId,ts-ticketinfo-service
1650252501,ts-basic-service,96f88c56a3a80354,140821b8cc248250,6199a66b836fc175,5032,200,queryForStationId,ts-ticketinfo-service
1650252501,ts-ticketinfo-service,140821b8cc248250,6ac774d5d3ad9709,6199a66b836fc175,6103,200,GET,ts-ticketinfo-service
1650252501,ts-security-service,5221da286b4183ff,7b67cdaf010e155a,97d9635d2334760a,4296,200,GET,ts-security-service
1650252501,ts-security-service,2bc84a95db2984,7b67cdaf010e155a,97d9635d2334760a,3426,200,GET,ts-security-service
1650252501,ts-travel-service,6199a66b836fc175,,6199a66b836fc175,31838,200,queryInfo,no_parent
1650252501,ts-basic-service,d588eb989d0a0ae4,96f88c56a3a80354,6199a66b836fc175,2914,200,GET,ts-basic-service
1650252501,ts-ticketinfo-service,e8ec0c05d5e2b54a,a90661ae5446f573,6199a66b836fc175,4511,200,GET,ts-ticketinfo-service
1650252501,ts-travel-service,75109020b35ad641,6199a66b836fc175,6199a66b836fc175,8922,200,GET,ts-travel-service
1650252501,ts-contacts-service,698b59df1b7a1678,eceef47349875897,97d9635d2334760a,1702,200,getContactsByContactsId,ts-preserve-service
1650252501,ts-preserve-service,97d9635d2334760a,,97d9635d2334760a,17109,200,preserve,no_parent
1650252501,ts-order-service,4dec83ec101ad2c6,5221da286b4183ff,97d9635d2334760a,2707,200,securityInfoCheck,ts-security-service
1650252501,ts-order-other-service,4c2d8c36c8a59fd4,2bc84a95db2984,97d9635d2334760a,2558,200,securityInfoCheck,ts-security-service
1650252501,ts-route-service,d643de3a0b7fc6e9,fb48bdcdb07e8c55,6199a66b836fc175,2069,200,queryById,ts-travel-service
1650252501,ts-auth-service,93b65ee0470e202a,,93b65ee0470e202a,136609,200,getToken,no_parent
1650252501,ts-verification-code-service,47ac8a041027e192,d324538b5346c281,93b65ee0470e202a,1580,200,verifyCode,ts-auth-service
1650252501,ts-preserve-service,9715e57ea6dcbd3e,97d9635d2334760a,97d9635d2334760a,12272,200,GET,ts-preserve-service
1650252501,ts-preserve-service,eceef47349875897,97d9635d2334760a,97d9635d2334760a,2855,200,GET,ts-preserve-service
1650252501,ts-travel-service,a61d6bdd3e9c48c3,6199a66b836fc175,6199a66b836fc175,1824,200,GET,ts-travel-service
1650252501,ts-ticketinfo-service,a90661ae5446f573,d4e6eeae940cddc7,6199a66b836fc175,5505,200,queryForStationId,ts-travel-service
1650252501,ts-order-service,939976decb8f45ff,,939976decb8f45ff,8648,200,queryOrdersForRefresh,no_parent
1650252501,ts-security-service,7b67cdaf010e155a,9715e57ea6dcbd3e,97d9635d2334760a,11179,200,check,ts-preserve-service
1650252501,ts-order-service,71493e1933db54b,939976decb8f45ff,939976decb8f45ff,5863,200,POST,ts-order-service
1650252501,ts-station-service,40f20785bebb0b08,71493e1933db54b,939976decb8f45ff,4595,200,queryForNameBatch,ts-order-service
1650252501,ts-route-service,10c6569c9229a3c3,1b7264e627b9eee7,6199a66b836fc175,1474,200,queryById,ts-travel-service
1650252501,ts-route-service,fc48367acd200fa0,865bc395616430e3,6199a66b836fc175,1556,200,queryById,ts-travel-service
1650252501,ts-station-service,2578e0b61af0883f,d588eb989d0a0ae4,6199a66b836fc175,2000,200,queryForStationId,ts-basic-service
1650252501,ts-assurance-service,fec520e94cc936b4,,fec520e94cc936b4,1292,200,getAllAssuranceType,no_parent
1650252501,ts-verification-code-service,e067eaabd3778704,,e067eaabd3778704,2188,200,imageCode,no_parent
1650252501,ts-contacts-service,d038923e4fc7b9e3,,d038923e4fc7b9e3,2403,200,findContactsByAccountId,no_parent
1650252501,ts-route-service,779b8781c4211cb9,25f04080abdd3672,6199a66b836fc175,1391,200,queryById,ts-travel-service
1650252561,ts-contacts-service,5a73f71786293100,,5a73f71786293100,2509,200,findContactsByAccountId,no_parent
1650252562,ts-contacts-service,a731416dfd87933d,c09b6436f08fa49d,cd13454a0855c38,2000,200,getContactsByContactsId,ts-preserve-service
1650252562,ts-preserve-service,2bfb313cb38c7bea,cd13454a0855c38,cd13454a0855c38,14103,200,GET,ts-preserve-service
1650252562,ts-preserve-service,c09b6436f08fa49d,cd13454a0855c38,cd13454a0855c38,2877,200,GET,ts-preserve-service
1650252562,ts-order-other-service,fc79c69856620ec3,b51201acb2c9e894,cd13454a0855c38,2199,200,securityInfoCheck,ts-security-service
1650252562,ts-basic-service,637aa2a9bdad9706,705afa9cd45b4c76,3f369007917f402a,2248,200,GET,ts-basic-service
1650252562,ts-basic-service,39f01acebc2b27e8,f2cbe5f995487848,3f369007917f402a,3605,200,queryForStationId,ts-ticketinfo-service
1650252562,ts-basic-service,542a814acb11760,39f01acebc2b27e8,3f369007917f402a,1838,200,GET,ts-basic-service
1650252562,ts-ticketinfo-service,86a4c97680da60c6,379d407ceaec2a3,3f369007917f402a,5515,200,queryForStationId,ts-travel-service
1650252562,ts-travel-service,e9c57e43049ff6a,3f369007917f402a,3f369007917f402a,8294,200,GET,ts-travel-service
1650252562,ts-travel-service,379d407ceaec2a3,3f369007917f402a,3f369007917f402a,5990,200,GET,ts-travel-service
1650252562,ts-travel-service,b274e2a04c435597,3f369007917f402a,3f369007917f402a,3358,200,GET,ts-travel-service
1650252562,ts-travel-service,3f369007917f402a,,3f369007917f402a,32230,200,queryInfo,no_parent
1650252562,ts-route-service,5cc6ced59d5bdeed,b274e2a04c435597,3f369007917f402a,2113,200,queryById,ts-travel-service
1650252562,ts-route-service,44424a2e6f7a0f0f,c1163ee4e864469f,3f369007917f402a,1768,200,queryById,ts-travel-service
1650252562,ts-route-service,5f31281a4fb36f11,35a3d7070a08adef,3f369007917f402a,1461,200,queryById,ts-travel-service
1650252562,ts-ticketinfo-service,f2cbe5f995487848,86a4c97680da60c6,3f369007917f402a,3954,200,GET,ts-ticketinfo-service
1650252562,ts-auth-service,ad73f9f9b778e7fb,439f1a1337d190e1,439f1a1337d190e1,2555,200,GET,ts-auth-service
1650252562,ts-verification-code-service,c8e9727d7290b58a,ad73f9f9b778e7fb,439f1a1337d190e1,1171,200,verifyCode,ts-auth-service
1650252562,ts-auth-service,439f1a1337d190e1,,439f1a1337d190e1,125830,200,getToken,no_parent
1650252562,ts-security-service,7dfa1ac9222f780b,97cc71d293c18a3,cd13454a0855c38,4441,200,GET,ts-security-service
1650252562,ts-security-service,b51201acb2c9e894,97cc71d293c18a3,cd13454a0855c38,3219,200,GET,ts-security-service
1650252562,ts-security-service,97cc71d293c18a3,2bfb313cb38c7bea,cd13454a0855c38,11511,200,check,ts-preserve-service
1650252562,ts-basic-service,705afa9cd45b4c76,c87d55bff4f1d053,3f369007917f402a,4280,200,queryForStationId,ts-ticketinfo-service
1650252562,ts-travel-service,c1163ee4e864469f,3f369007917f402a,3f369007917f402a,2190,200,GET,ts-travel-service
1650252562,ts-ticketinfo-service,eb965428f1cf0ef6,e9c57e43049ff6a,3f369007917f402a,7152,200,queryForStationId,ts-travel-service
1650252562,ts-station-service,caf3f19de4cd1926,faccf2bf57c74e77,fcc661cc91e67fa6,5210,200,queryForNameBatch,ts-order-service
1650252562,ts-order-service,fcc661cc91e67fa6,,fcc661cc91e67fa6,9000,200,queryOrdersForRefresh,no_parent
1650252562,ts-order-service,faccf2bf57c74e77,fcc661cc91e67fa6,fcc661cc91e67fa6,6176,200,POST,ts-order-service
1650252562,ts-route-service,45b248923aab0afb,ea48684d9d713ec9,3f369007917f402a,1259,200,queryById,ts-travel-service
1650252562,ts-ticketinfo-service,c87d55bff4f1d053,eb965428f1cf0ef6,3f369007917f402a,5184,200,GET,ts-ticketinfo-service
1650252562,ts-preserve-service,cd13454a0855c38,,cd13454a0855c38,19660,200,preserve,no_parent
1650252562,ts-order-service,7a2fb306099fda4a,7dfa1ac9222f780b,cd13454a0855c38,2999,200,securityInfoCheck,ts-security-service
1650252562,ts-travel-service,35a3d7070a08adef,3f369007917f402a,3f369007917f402a,1575,200,GET,ts-travel-service
1650252562,ts-travel-service,ea48684d9d713ec9,3f369007917f402a,3f369007917f402a,1606,200,GET,ts-travel-service
1650252562,ts-travel-service,55b430bd1d723747,3f369007917f402a,3f369007917f402a,1552,200,GET,ts-travel-service
1650252562,ts-route-service,b0f8397a90e7adbe,55b430bd1d723747,3f369007917f402a,1482,200,queryById,ts-travel-service
1650252562,ts-station-service,b0de0fe06813819b,637aa2a9bdad9706,3f369007917f402a,1522,200,queryForStationId,ts-basic-service
1650252562,ts-station-service,322f309a066a256c,542a814acb11760,3f369007917f402a,1408,200,queryForStationId,ts-basic-service
1650252562,ts-assurance-service,f9adeb2976c047a4,,f9adeb2976c047a4,1290,200,getAllAssuranceType,no_parent
1650252562,ts-verification-code-service,32759e7fbdf55de9,,32759e7fbdf55de9,2182,200,imageCode,no_parent
1650252622,ts-ticketinfo-service,6717db2fa54d96b5,2d75d279d5cfcfc6,a1f6c005b46a54d4,7084,200,queryForStationId,ts-travel-service
1650252622,ts-ticketinfo-service,96a777b9e2f370fc,7fb11d014ab63a71,a1f6c005b46a54d4,5298,200,queryForStationId,ts-travel-service
1650252622,ts-auth-service,433a161a7e6fa99b,c35fa45d32e1eae5,c35fa45d32e1eae5,2801,200,GET,ts-auth-service
1650252622,ts-auth-service,c35fa45d32e1eae5,,c35fa45d32e1eae5,126176,200,getToken,no_parent
1650252622,ts-route-service,5c6f02077a0d23bd,f57bddc4e018603d,a1f6c005b46a54d4,1531,200,queryById,ts-travel-service
1650252622,ts-verification-code-service,4ff4f1322e2eb614,,4ff4f1322e2eb614,2184,200,imageCode,no_parent
1650252622,ts-preserve-service,be0e801b18329178,a436c635781a6dc5,a436c635781a6dc5,2208,200,GET,ts-preserve-service
1650252622,ts-order-service,78827678293cc6a1,935bd1c3e9a57b31,a436c635781a6dc5,2488,200,securityInfoCheck,ts-security-service
1650252622,ts-security-service,c10fac7be947d96c,91b9ac33b410964c,a436c635781a6dc5,10996,200,check,ts-preserve-service
1650252622,ts-contacts-service,b021defc1aef48f5,be0e801b18329178,a436c635781a6dc5,1521,200,getContactsByContactsId,ts-preserve-service
1650252622,ts-route-service,7c464adbbecee10e,dd5c0e38dce041b6,a1f6c005b46a54d4,2080,200,queryById,ts-travel-service
1650252622,ts-preserve-service,91b9ac33b410964c,a436c635781a6dc5,a436c635781a6dc5,12064,200,GET,ts-preserve-service
1650252622,ts-preserve-service,a436c635781a6dc5,,a436c635781a6dc5,16480,200,preserve,no_parent
1650252622,ts-order-other-service,6d758da89422c9a2,8a066930df1cd519,a436c635781a6dc5,2685,200,securityInfoCheck,ts-security-service
1650252622,ts-order-service,24839417bfd0bbb,,24839417bfd0bbb,8239,200,queryOrdersForRefresh,no_parent
1650252622,ts-order-service,7baf1fe6c6cec7c5,24839417bfd0bbb,24839417bfd0bbb,5546,200,POST,ts-order-service
1650252622,ts-station-service,ce58db7102123814,7baf1fe6c6cec7c5,24839417bfd0bbb,4528,200,queryForNameBatch,ts-order-service
1650252622,ts-basic-service,7429bfd3a9109162,f566bf4cef90f756,a1f6c005b46a54d4,2496,200,GET,ts-basic-service
1650252622,ts-basic-service,7ab7282c1f00ae8e,380c746a8f1307b3,a1f6c005b46a54d4,1834,200,GET,ts-basic-service
1650252622,ts-basic-service,380c746a8f1307b3,4ee3fe6c600e70c0,a1f6c005b46a54d4,3457,200,queryForStationId,ts-ticketinfo-service
1650252622,ts-route-service,9167ec1f282ebffd,b31b8e5e118ce9f1,a1f6c005b46a54d4,1229,200,queryById,ts-travel-service
1650252622,ts-ticketinfo-service,4ee3fe6c600e70c0,96a777b9e2f370fc,a1f6c005b46a54d4,3864,200,GET,ts-ticketinfo-service
1650252622,ts-travel-service,b31b8e5e118ce9f1,a1f6c005b46a54d4,a1f6c005b46a54d4,1595,200,GET,ts-travel-service
1650252622,ts-station-service,5e76664fbfb245f7,7ab7282c1f00ae8e,a1f6c005b46a54d4,1473,200,queryForStationId,ts-basic-service
1650252622,ts-travel-service,a1f6c005b46a54d4,,a1f6c005b46a54d4,29885,200,queryInfo,no_parent
1650252622,ts-travel-service,f57bddc4e018603d,a1f6c005b46a54d4,a1f6c005b46a54d4,1801,200,GET,ts-travel-service
1650252622,ts-station-service,39e0899cfecc28ed,7429bfd3a9109162,a1f6c005b46a54d4,1678,200,queryForStationId,ts-basic-service
1650252622,ts-route-service,2a17571022dc6329,f2d143b9b9f5353d,a1f6c005b46a54d4,1095,200,queryById,ts-travel-service
1650252622,ts-route-service,366d37a2f710372f,ddd7bb5a59d24a70,a1f6c005b46a54d4,1275,200,queryById,ts-travel-service
1650252622,ts-travel-service,dd5c0e38dce041b6,a1f6c005b46a54d4,a1f6c005b46a54d4,2870,200,GET,ts-travel-service
1650252622,ts-security-service,935bd1c3e9a57b31,c10fac7be947d96c,a436c635781a6dc5,3545,200,GET,ts-security-service
1650252622,ts-security-service,8a066930df1cd519,c10fac7be947d96c,a436c635781a6dc5,3568,200,GET,ts-security-service
1650252622,ts-verification-code-service,c669605dd3bc48e2,433a161a7e6fa99b,c35fa45d32e1eae5,1323,200,verifyCode,ts-auth-service
1650252622,ts-travel-service,2d75d279d5cfcfc6,a1f6c005b46a54d4,a1f6c005b46a54d4,8210,200,GET,ts-travel-service
1650252622,ts-travel-service,7fb11d014ab63a71,a1f6c005b46a54d4,a1f6c005b46a54d4,5567,200,GET,ts-travel-service
1650252622,ts-assurance-service,3dc3ab45e477add9,,3dc3ab45e477add9,1280,200,getAllAssuranceType,no_parent
1650252622,ts-travel-service,f2d143b9b9f5353d,a1f6c005b46a54d4,a1f6c005b46a54d4,1197,200,GET,ts-travel-service
1650252622,ts-travel-service,ddd7bb5a59d24a70,a1f6c005b46a54d4,a1f6c005b46a54d4,1389,200,GET,ts-travel-service
1650252622,ts-basic-service,f566bf4cef90f756,57ff890cdd0d685f,a1f6c005b46a54d4,4375,200,queryForStationId,ts-ticketinfo-service
1650252622,ts-ticketinfo-service,57ff890cdd0d685f,6717db2fa54d96b5,a1f6c005b46a54d4,5103,200,GET,ts-ticketinfo-service
1650252622,ts-contacts-service,3436d8d77715e978,,3436d8d77715e978,2303,200,findContactsByAccountId,no_parent
1650252682,ts-verification-code-service,2fc8f4864d266557,70ef342d5cf4f56,e0c576492761a8af,1324,200,verifyCode,ts-auth-service
1650252682,ts-station-service,35994349e888ff01,8138e000a6817806,58abc91a10980abe,1451,200,queryForStationId,ts-basic-service
1650252682,ts-basic-service,2b5730b13d0775c7,6565d1852199e510,58abc91a10980abe,2389,200,GET,ts-basic-service
1650252682,ts-ticketinfo-service,60e4090cf3a04b10,33355f888c294b4e,58abc91a10980abe,5441,200,GET,ts-ticketinfo-service
1650252682,ts-ticketinfo-service,11d98d4adec5b42f,7b060deb9c057d45,58abc91a10980abe,4627,200,GET,ts-ticketinfo-service
1650252682,ts-ticketinfo-service,7b060deb9c057d45,36a57fb62a9da13b,58abc91a10980abe,5837,200,queryForStationId,ts-travel-service
1650252682,ts-ticketinfo-service,33355f888c294b4e,d133422b13ea6d3c,58abc91a10980abe,7265,200,queryForStationId,ts-travel-service
1650252682,ts-basic-service,8138e000a6817806,c7806bc24476b4a4,58abc91a10980abe,1906,200,GET,ts-basic-service
1650252682,ts-security-service,9525e092d2d7189a,1ed59224d6b6d96a,8742ffe3e24bc5d2,10848,200,check,ts-preserve-service
1650252682,ts-security-service,81c97fa873434c68,9525e092d2d7189a,8742ffe3e24bc5d2,3339,200,GET,ts-security-service
1650252682,ts-order-other-service,1de2b1c6f0e489b7,81c97fa873434c68,8742ffe3e24bc5d2,2429,200,securityInfoCheck,ts-security-service
1650252682,ts-security-service,f836f592e2d55cac,9525e092d2d7189a,8742ffe3e24bc5d2,3669,200,GET,ts-security-service
1650252682,ts-contacts-service,7fbf46023fb9c05f,ae5bdf8d55014441,8742ffe3e24bc5d2,1638,200,getContactsByContactsId,ts-preserve-service
1650252682,ts-preserve-service,8742ffe3e24bc5d2,,8742ffe3e24bc5d2,16396,200,preserve,no_parent
1650252682,ts-station-service,dd9e34319dc58cb0,2b5730b13d0775c7,58abc91a10980abe,1596,200,queryForStationId,ts-basic-service
1650252682,ts-route-service,594fe5618d721be4,946c7345f3adf29c,58abc91a10980abe,1144,200,queryById,ts-travel-service
1650252682,ts-preserve-service,1ed59224d6b6d96a,8742ffe3e24bc5d2,8742ffe3e24bc5d2,11942,200,GET,ts-preserve-service
1650252682,ts-order-service,c746257d973e5541,f836f592e2d55cac,8742ffe3e24bc5d2,2596,200,securityInfoCheck,ts-security-service
1650252682,ts-preserve-service,ae5bdf8d55014441,8742ffe3e24bc5d2,8742ffe3e24bc5d2,2270,200,GET,ts-preserve-service
1650252682,ts-basic-service,c7806bc24476b4a4,11d98d4adec5b42f,58abc91a10980abe,3865,200,queryForStationId,ts-ticketinfo-service
1650252682,ts-travel-service,6b555c772ad9b05f,58abc91a10980abe,58abc91a10980abe,1846,200,GET,ts-travel-service
1650252682,ts-travel-service,c29454c7a64f1586,58abc91a10980abe,58abc91a10980abe,3243,200,GET,ts-travel-service
1650252682,ts-travel-service,946c7345f3adf29c,58abc91a10980abe,58abc91a10980abe,1253,200,GET,ts-travel-service
1650252682,ts-travel-service,b7f7d322cd4dfacb,58abc91a10980abe,58abc91a10980abe,1983,200,GET,ts-travel-service
1650252682,ts-travel-service,58abc91a10980abe,,58abc91a10980abe,32279,200,queryInfo,no_parent
1650252682,ts-basic-service,6565d1852199e510,60e4090cf3a04b10,58abc91a10980abe,4629,200,queryForStationId,ts-ticketinfo-service
1650252682,ts-travel-service,4e1751b30b2859e5,58abc91a10980abe,58abc91a10980abe,1579,200,GET,ts-travel-service
1650252682,ts-travel-service,d133422b13ea6d3c,58abc91a10980abe,58abc91a10980abe,8451,200,GET,ts-travel-service
1650252682,ts-route-service,2e231d4b586a468,b7f7d322cd4dfacb,58abc91a10980abe,1694,200,queryById,ts-travel-service
1650252682,ts-route-service,6c25df2c07448d93,4e1751b30b2859e5,58abc91a10980abe,1430,200,queryById,ts-travel-service
1650252682,ts-travel-service,36a57fb62a9da13b,58abc91a10980abe,58abc91a10980abe,6136,200,GET,ts-travel-service
1650252682,ts-route-service,e1e1e651a9c0d74e,6b555c772ad9b05f,58abc91a10980abe,1690,200,queryById,ts-travel-service
1650252682,ts-route-service,c3e9d29b0fc583ff,c29454c7a64f1586,58abc91a10980abe,2545,200,queryById,ts-travel-service
1650252682,ts-contacts-service,2e56b7257cfc029,,2e56b7257cfc029,2500,200,findContactsByAccountId,no_parent
1650252682,ts-assurance-service,4c6d7c5cb93dbb0f,,4c6d7c5cb93dbb0f,1305,200,getAllAssuranceType,no_parent
1650252682,ts-auth-service,e0c576492761a8af,,e0c576492761a8af,125009,200,getToken,no_parent
1650252682,ts-verification-code-service,329a69fd6b1a8823,,329a69fd6b1a8823,2207,200,imageCode,no_parent
1650252682,ts-auth-service,70ef342d5cf4f56,e0c576492761a8af,e0c576492761a8af,2573,200,GET,ts-auth-service
1650252682,ts-order-service,41c0869b7a9f8d8b,,41c0869b7a9f8d8b,8567,200,queryOrdersForRefresh,no_parent
1650252682,ts-order-service,57cc7628bbd88c22,41c0869b7a9f8d8b,41c0869b7a9f8d8b,5966,200,POST,ts-order-service
1650252682,ts-station-service,1e724a36db4507a7,57cc7628bbd88c22,41c0869b7a9f8d8b,5011,200,queryForNameBatch,ts-order-service
1650252742,ts-preserve-service,52512ff0d096ee0e,,52512ff0d096ee0e,20462,200,preserve,no_parent
1650252742,ts-station-service,e6654557c819d3a5,9941199800bc2f3d,cad86a75483ff567,5226,200,queryForNameBatch,ts-order-service
1650252742,ts-preserve-service,141842cb8449c784,52512ff0d096ee0e,52512ff0d096ee0e,2628,200,GET,ts-preserve-service
1650252742,ts-order-service,528699ffd8b16790,3ee729989452e725,52512ff0d096ee0e,2600,200,securityInfoCheck,ts-security-service
1650252742,ts-preserve-service,ef1cd18c6919c045,52512ff0d096ee0e,52512ff0d096ee0e,15824,200,GET,ts-preserve-service
1650252742,ts-verification-code-service,252a638c1380dd79,bd252f6a948994d2,d1681a594bb98cb3,1301,200,verifyCode,ts-auth-service
1650252742,ts-security-service,1f121b7ef8748c7,23c07af7cc2bae71,52512ff0d096ee0e,3464,200,GET,ts-security-service
1650252742,ts-security-service,3ee729989452e725,23c07af7cc2bae71,52512ff0d096ee0e,3528,200,GET,ts-security-service
1650252742,ts-contacts-service,47a31b3ce9bdff92,141842cb8449c784,52512ff0d096ee0e,1711,200,getContactsByContactsId,ts-preserve-service
1650252742,ts-order-service,cad86a75483ff567,,cad86a75483ff567,8811,200,queryOrdersForRefresh,no_parent
1650252742,ts-order-service,9941199800bc2f3d,cad86a75483ff567,cad86a75483ff567,6500,200,POST,ts-order-service
1650252742,ts-security-service,23c07af7cc2bae71,ef1cd18c6919c045,52512ff0d096ee0e,14770,200,check,ts-preserve-service
1650252742,ts-auth-service,d1681a594bb98cb3,,d1681a594bb98cb3,125245,200,getToken,no_parent
1650252742,ts-auth-service,bd252f6a948994d2,d1681a594bb98cb3,d1681a594bb98cb3,2540,200,GET,ts-auth-service
1650252742,ts-order-other-service,70b933e29529d562,1f121b7ef8748c7,52512ff0d096ee0e,2613,200,securityInfoCheck,ts-security-service
1650252742,ts-contacts-service,76139fe80bee9757,,76139fe80bee9757,2418,200,findContactsByAccountId,no_parent
1650252742,ts-verification-code-service,f7854bc3e8286e04,,f7854bc3e8286e04,2211,200,imageCode,no_parent
1650252743,ts-travel-service,67e4931e7dea402,ab929551993cefc8,ab929551993cefc8,1634,200,GET,ts-travel-service
1650252743,ts-travel-service,b4cf3b0a053c3201,ab929551993cefc8,ab929551993cefc8,9833,200,GET,ts-travel-service
1650252743,ts-travel-service,9d567a4688164a8d,ab929551993cefc8,ab929551993cefc8,6128,200,GET,ts-travel-service
1650252743,ts-travel-service,ff3a2760a9334fc2,ab929551993cefc8,ab929551993cefc8,1897,200,GET,ts-travel-service
1650252743,ts-travel-service,c2a61da03bc73595,ab929551993cefc8,ab929551993cefc8,1489,200,GET,ts-travel-service
1650252743,ts-travel-service,e7cf92a60370cf53,ab929551993cefc8,ab929551993cefc8,1552,200,GET,ts-travel-service
1650252743,ts-travel-service,ab929551993cefc8,,ab929551993cefc8,33335,200,queryInfo,no_parent
1650252743,ts-route-service,5b66164a9f9159fa,ef1fc976fd3c000e,ab929551993cefc8,2076,200,queryById,ts-travel-service
1650252743,ts-basic-service,5c825f038bd67469,1f83f8dd2965384d,ab929551993cefc8,2978,200,GET,ts-basic-service
1650252743,ts-basic-service,60202e06145c7f44,29a3e55be14c9b7a,ab929551993cefc8,1831,200,GET,ts-basic-service
1650252743,ts-basic-service,29a3e55be14c9b7a,6c2872f1b7b0fc74,ab929551993cefc8,3476,200,queryForStationId,ts-ticketinfo-service
1650252743,ts-travel-service,ef1fc976fd3c000e,ab929551993cefc8,ab929551993cefc8,2909,200,GET,ts-travel-service
1650252743,ts-basic-service,1f83f8dd2965384d,5e9903f2942adde2,ab929551993cefc8,5179,200,queryForStationId,ts-ticketinfo-service
1650252743,ts-route-service,c17af12cea6a15a2,c2a61da03bc73595,ab929551993cefc8,1404,200,queryById,ts-travel-service
1650252743,ts-route-service,9bd41174757710,67e4931e7dea402,ab929551993cefc8,1419,200,queryById,ts-travel-service
1650252743,ts-route-service,7b329ef4f8d15f9a,e7cf92a60370cf53,ab929551993cefc8,1467,200,queryById,ts-travel-service
1650252743,ts-route-service,af7452caab248da9,ff3a2760a9334fc2,ab929551993cefc8,1476,200,queryById,ts-travel-service
1650252743,ts-ticketinfo-service,4159a25443cbc696,9d567a4688164a8d,ab929551993cefc8,5469,200,queryForStationId,ts-travel-service
1650252743,ts-ticketinfo-service,39bdf28a739b89dc,b4cf3b0a053c3201,ab929551993cefc8,8043,200,queryForStationId,ts-travel-service
1650252743,ts-station-service,a63455baf2facc73,60202e06145c7f44,ab929551993cefc8,1428,200,queryForStationId,ts-basic-service
1650252743,ts-station-service,6e76882979090303,5c825f038bd67469,ab929551993cefc8,2138,200,queryForStationId,ts-basic-service
1650252743,ts-ticketinfo-service,5e9903f2942adde2,39bdf28a739b89dc,ab929551993cefc8,6005,200,GET,ts-ticketinfo-service
1650252743,ts-ticketinfo-service,6c2872f1b7b0fc74,4159a25443cbc696,ab929551993cefc8,3876,200,GET,ts-ticketinfo-service
1650252743,ts-assurance-service,678fec6b360f81,,678fec6b360f81,1338,200,getAllAssuranceType,no_parent
1650252803,ts-ticketinfo-service,5c55a7651b92ea82,5f597453700a7be3,c804663502c0da4,5471,200,GET,ts-ticketinfo-service
1650252803,ts-auth-service,e35888b7a97190f5,,e35888b7a97190f5,126785,200,getToken,no_parent
1650252803,ts-travel-service,f8a09586b5e5b8c6,c804663502c0da4,c804663502c0da4,5872,200,GET,ts-travel-service
1650252803,ts-security-service,4e4ca1d94a796ed9,517b3231e53e72dc,69ed81a91a34be18,3093,200,GET,ts-security-service
1650252803,ts-route-service,a98e11b6eff83614,a48fa29fc6fb4b46,c804663502c0da4,1448,200,queryById,ts-travel-service
1650252803,ts-route-service,bfdf014117340890,ec2c022b8a16f4e5,c804663502c0da4,1969,200,queryById,ts-travel-service
1650252803,ts-travel-service,befaac9330f3d3f8,c804663502c0da4,c804663502c0da4,1659,200,GET,ts-travel-service
1650252803,ts-travel-service,ec2c022b8a16f4e5,c804663502c0da4,c804663502c0da4,2767,200,GET,ts-travel-service
1650252803,ts-travel-service,3d4d47d6cf564c2f,c804663502c0da4,c804663502c0da4,8665,200,GET,ts-travel-service
1650252803,ts-travel-service,e79f739fef8630ce,c804663502c0da4,c804663502c0da4,3346,200,GET,ts-travel-service
1650252803,ts-route-service,c8bd7b1b16c852c8,e79f739fef8630ce,c804663502c0da4,2445,200,queryById,ts-travel-service
1650252803,ts-route-service,b86e85f040900338,e2f85fbba693924e,c804663502c0da4,1460,200,queryById,ts-travel-service
1650252803,ts-ticketinfo-service,5f597453700a7be3,3d4d47d6cf564c2f,c804663502c0da4,7527,200,queryForStationId,ts-travel-service
1650252803,ts-ticketinfo-service,758979cadaa3f84e,f8a09586b5e5b8c6,c804663502c0da4,5554,200,queryForStationId,ts-travel-service
1650252803,ts-travel-service,e2f85fbba693924e,c804663502c0da4,c804663502c0da4,1853,200,GET,ts-travel-service
1650252803,ts-route-service,bb2e6075a742568,befaac9330f3d3f8,c804663502c0da4,1283,200,queryById,ts-travel-service
1650252803,ts-ticketinfo-service,202035a34c5ad6e4,758979cadaa3f84e,c804663502c0da4,3953,200,GET,ts-ticketinfo-service
1650252803,ts-preserve-service,89c16caaccaee01,69ed81a91a34be18,69ed81a91a34be18,11106,200,GET,ts-preserve-service
1650252803,ts-travel-service,c804663502c0da4,,c804663502c0da4,33102,200,queryInfo,no_parent
1650252803,ts-travel-service,a48fa29fc6fb4b46,c804663502c0da4,c804663502c0da4,1583,200,GET,ts-travel-service
1650252803,ts-basic-service,23dace168892da1c,5c55a7651b92ea82,c804663502c0da4,4468,200,queryForStationId,ts-ticketinfo-service
1650252803,ts-station-service,4c16af288f40ecc8,cb76676bf597e22b,c804663502c0da4,1551,200,queryForStationId,ts-basic-service
1650252803,ts-station-service,16416b5c825786e4,3f305c78ea80d3b6,c804663502c0da4,1374,200,queryForStationId,ts-basic-service
1650252803,ts-order-service,7fbffd099e857053,c5d59707690726c6,69ed81a91a34be18,2517,200,securityInfoCheck,ts-security-service
1650252803,ts-order-other-service,58905e0a36fcd466,4e4ca1d94a796ed9,69ed81a91a34be18,2430,200,securityInfoCheck,ts-security-service
1650252803,ts-assurance-service,dcedd66c0ba81895,,dcedd66c0ba81895,1014,200,getAllAssuranceType,no_parent
1650252803,ts-security-service,c5d59707690726c6,517b3231e53e72dc,69ed81a91a34be18,3572,200,GET,ts-security-service
1650252803,ts-security-service,517b3231e53e72dc,89c16caaccaee01,69ed81a91a34be18,10079,200,check,ts-preserve-service
1650252803,ts-basic-service,cb76676bf597e22b,23dace168892da1c,c804663502c0da4,2355,200,GET,ts-basic-service
1650252803,ts-preserve-service,69ed81a91a34be18,,69ed81a91a34be18,15614,200,preserve,no_parent
1650252803,ts-basic-service,3f305c78ea80d3b6,5488b78ee3f01e9b,c804663502c0da4,2179,200,GET,ts-basic-service
1650252803,ts-basic-service,5488b78ee3f01e9b,202035a34c5ad6e4,c804663502c0da4,3507,200,queryForStationId,ts-ticketinfo-service
1650252803,ts-contacts-service,d4a30f6147c3e6ef,9ce4219fa08d2a3f,69ed81a91a34be18,1707,200,getContactsByContactsId,ts-preserve-service
1650252803,ts-preserve-service,9ce4219fa08d2a3f,69ed81a91a34be18,69ed81a91a34be18,2441,200,GET,ts-preserve-service
1650252803,ts-station-service,3c94e7feccb98427,4f95d1a8fc61472b,5f6f07e98ccc51a5,5126,200,queryForNameBatch,ts-order-service
1650252803,ts-contacts-service,1975318bfa145497,,1975318bfa145497,2331,200,findContactsByAccountId,no_parent
1650252803,ts-order-service,4f95d1a8fc61472b,5f6f07e98ccc51a5,5f6f07e98ccc51a5,6482,200,POST,ts-order-service
1650252803,ts-order-service,5f6f07e98ccc51a5,,5f6f07e98ccc51a5,8650,200,queryOrdersForRefresh,no_parent
1650252803,ts-auth-service,f1320fe530dd9cec,e35888b7a97190f5,e35888b7a97190f5,3564,200,GET,ts-auth-service
1650252803,ts-verification-code-service,e57f55014aa255f4,f1320fe530dd9cec,e35888b7a97190f5,1450,200,verifyCode,ts-auth-service
1650252803,ts-verification-code-service,f8866e25aee0b84,,f8866e25aee0b84,2223,200,imageCode,no_parent
1650252863,ts-route-service,bcb140fe64d9f8a1,b9b754265c5fa952,c2e9ae4548b87304,2127,200,queryById,ts-travel-service
1650252863,ts-route-service,c88ae9c7cb871e19,2915df8c43ee2a09,c2e9ae4548b87304,2103,200,queryById,ts-travel-service
1650252863,ts-route-service,befcb86532c799f2,7baf3e1762308b74,c2e9ae4548b87304,2465,200,queryById,ts-travel-service
1650252863,ts-route-service,6fc7768bdefd69a6,ce8fc3c308fbaea5,c2e9ae4548b87304,2182,200,queryById,ts-travel-service
1650252863,ts-auth-service,dc110bb812fca2b,ad350cce0cfccf3,ad350cce0cfccf3,3525,200,GET,ts-auth-service
1650252863,ts-verification-code-service,ea4030eda0dbbd55,dc110bb812fca2b,ad350cce0cfccf3,1748,200,verifyCode,ts-auth-service
1650252863,ts-basic-service,257497396766efcf,3bff314173a75c2a,c2e9ae4548b87304,5385,200,queryForStationId,ts-ticketinfo-service
1650252863,ts-basic-service,7b61f1c2202b25f1,7105792453ac6627,c2e9ae4548b87304,4078,200,GET,ts-basic-service
1650252863,ts-verification-code-service,fc2c600300ce8e2f,,fc2c600300ce8e2f,2706,200,imageCode,no_parent
1650252863,ts-auth-service,ad350cce0cfccf3,,ad350cce0cfccf3,114173,200,getToken,no_parent
1650252863,ts-ticketinfo-service,3bff314173a75c2a,ee954d0d88acb11e,c2e9ae4548b87304,6029,200,GET,ts-ticketinfo-service
1650252863,ts-ticketinfo-service,ee954d0d88acb11e,ea7d08cec4b099b1,c2e9ae4548b87304,8157,200,queryForStationId,ts-travel-service
1650252863,ts-ticketinfo-service,6ed4520caf60f5ed,dabdc78177d0109f,c2e9ae4548b87304,7954,200,GET,ts-ticketinfo-service
1650252863,ts-security-service,7db05880d9eaa00b,f5b8397f1f7cabb9,2fa9527db15a047f,14076,200,check,ts-preserve-service
1650252863,ts-security-service,3bcff7cd17f2d22f,7db05880d9eaa00b,2fa9527db15a047f,4761,200,GET,ts-security-service
1650252863,ts-contacts-service,4c26a1abfa5c4baa,a54e635695cbb3b1,2fa9527db15a047f,2342,200,getContactsByContactsId,ts-preserve-service
1650252863,ts-basic-service,6fa5ca4515f66493,257497396766efcf,c2e9ae4548b87304,2904,200,GET,ts-basic-service
1650252863,ts-travel-service,2915df8c43ee2a09,c2e9ae4548b87304,c2e9ae4548b87304,2307,200,GET,ts-travel-service
1650252863,ts-station-service,ae7f6f1f11ae391c,7b61f1c2202b25f1,c2e9ae4548b87304,2510,200,queryForStationId,ts-basic-service
1650252863,ts-station-service,5f69173e0518a64b,6fa5ca4515f66493,c2e9ae4548b87304,2213,200,queryForStationId,ts-basic-service
1650252863,ts-travel-service,2206de1be077b044,c2e9ae4548b87304,c2e9ae4548b87304,3955,200,GET,ts-travel-service
1650252863,ts-preserve-service,f5b8397f1f7cabb9,2fa9527db15a047f,2fa9527db15a047f,15541,200,GET,ts-preserve-service
1650252863,ts-route-service,a97c04bc2e77cde1,2206de1be077b044,c2e9ae4548b87304,2623,200,queryById,ts-travel-service
1650252863,ts-ticketinfo-service,dabdc78177d0109f,5baf56f0df3744c8,c2e9ae4548b87304,10555,200,queryForStationId,ts-travel-service
1650252863,ts-travel-service,5baf56f0df3744c8,c2e9ae4548b87304,c2e9ae4548b87304,12058,200,GET,ts-travel-service
1650252863,ts-travel-service,b9b754265c5fa952,c2e9ae4548b87304,c2e9ae4548b87304,2551,200,GET,ts-travel-service
1650252863,ts-travel-service,ce8fc3c308fbaea5,c2e9ae4548b87304,c2e9ae4548b87304,2396,200,GET,ts-travel-service
1650252863,ts-travel-service,c2e9ae4548b87304,,c2e9ae4548b87304,44427,200,queryInfo,no_parent
1650252863,ts-assurance-service,441c259688db95de,,441c259688db95de,1627,200,getAllAssuranceType,no_parent
1650252863,ts-basic-service,7105792453ac6627,6ed4520caf60f5ed,c2e9ae4548b87304,6829,200,queryForStationId,ts-ticketinfo-service
1650252863,ts-travel-service,ea7d08cec4b099b1,c2e9ae4548b87304,c2e9ae4548b87304,8707,200,GET,ts-travel-service
1650252863,ts-travel-service,7baf3e1762308b74,c2e9ae4548b87304,c2e9ae4548b87304,2696,200,GET,ts-travel-service
1650252863,ts-preserve-service,a54e635695cbb3b1,2fa9527db15a047f,2fa9527db15a047f,3553,200,GET,ts-preserve-service
1650252863,ts-preserve-service,2fa9527db15a047f,,2fa9527db15a047f,21911,200,preserve,no_parent
1650252863,ts-contacts-service,a1e729be8ad986c6,,a1e729be8ad986c6,3221,200,findContactsByAccountId,no_parent
1650252863,ts-order-service,817fd42814d562c1,40b84a46db402587,2fa9527db15a047f,3361,200,securityInfoCheck,ts-security-service
1650252863,ts-order-other-service,cdcdb6b00803f4f2,3bcff7cd17f2d22f,2fa9527db15a047f,3482,200,securityInfoCheck,ts-security-service
1650252863,ts-security-service,40b84a46db402587,7db05880d9eaa00b,2fa9527db15a047f,4760,200,GET,ts-security-service
1650252863,ts-order-service,dbbe71194a3d38fd,,dbbe71194a3d38fd,12651,200,queryOrdersForRefresh,no_parent
1650252863,ts-station-service,12c485e51862b307,dc1737ad7866d443,dbbe71194a3d38fd,7738,200,queryForNameBatch,ts-order-service
1650252863,ts-order-service,dc1737ad7866d443,dbbe71194a3d38fd,dbbe71194a3d38fd,9276,200,POST,ts-order-service
1650252923,ts-auth-service,e0f7c9fffc3295dc,969cc34f57f0bd6a,969cc34f57f0bd6a,3747,200,GET,ts-auth-service
1650252923,ts-auth-service,969cc34f57f0bd6a,,969cc34f57f0bd6a,117557,200,getToken,no_parent
1650252923,ts-order-service,5f14eac4155af793,8812539e191fc6fa,d61c5f2be13dfa92,6920,200,securityInfoCheck,ts-security-service
1650252923,ts-preserve-service,d61c5f2be13dfa92,,d61c5f2be13dfa92,27270,200,preserve,no_parent
1650252923,ts-route-service,4643176e0a21a390,eee799ce7915b246,b07dc0b527721510,2061,200,queryById,ts-travel-service
1650252923,ts-route-service,2976465f3bb6d89d,186057dcb589acaf,b07dc0b527721510,2081,200,queryById,ts-travel-service
1650252923,ts-route-service,453108f809bccd4c,fd573b11b5200129,b07dc0b527721510,2096,200,queryById,ts-travel-service
1650252923,ts-basic-service,3fd1e8eb28e7eaed,25cc7fac78e346dc,b07dc0b527721510,3462,200,GET,ts-basic-service
1650252923,ts-basic-service,5b841a14f3cb503c,d5d7641f568b0a42,b07dc0b527721510,2800,200,GET,ts-basic-service
1650252923,ts-ticketinfo-service,a7c281714f41a92,61575d975c45d83a,b07dc0b527721510,7121,200,GET,ts-ticketinfo-service
1650252923,ts-preserve-service,e9aa3fdbdc6a271f,d61c5f2be13dfa92,d61c5f2be13dfa92,4124,200,GET,ts-preserve-service
1650252923,ts-ticketinfo-service,aa6af6eac01adb8c,93825abd8f3c33de,b07dc0b527721510,5779,200,GET,ts-ticketinfo-service
1650252923,ts-travel-service,fb8bf0e30f159c2c,b07dc0b527721510,b07dc0b527721510,11214,200,GET,ts-travel-service
1650252923,ts-route-service,a6c45741aefbbe42,8bb58a6cbe27bf35,b07dc0b527721510,2486,200,queryById,ts-travel-service
1650252923,ts-security-service,8812539e191fc6fa,531e4dc4a8757c67,d61c5f2be13dfa92,8581,200,GET,ts-security-service
1650252923,ts-security-service,4ced8142b33cfb6c,531e4dc4a8757c67,d61c5f2be13dfa92,5286,200,GET,ts-security-service
1650252923,ts-security-service,531e4dc4a8757c67,4326c332bfdbfaab,d61c5f2be13dfa92,18821,200,check,ts-preserve-service
1650252923,ts-contacts-service,70aa2c07b5dad683,e9aa3fdbdc6a271f,d61c5f2be13dfa92,2326,200,getContactsByContactsId,ts-preserve-service
1650252923,ts-preserve-service,4326c332bfdbfaab,d61c5f2be13dfa92,d61c5f2be13dfa92,20271,200,GET,ts-preserve-service
1650252923,ts-travel-service,186057dcb589acaf,b07dc0b527721510,b07dc0b527721510,2265,200,GET,ts-travel-service
1650252923,ts-travel-service,b07dc0b527721510,,b07dc0b527721510,42612,200,queryInfo,no_parent
1650252923,ts-travel-service,fd573b11b5200129,b07dc0b527721510,b07dc0b527721510,2270,200,GET,ts-travel-service
1650252923,ts-order-other-service,2922abb3aae2d9a,4ced8142b33cfb6c,d61c5f2be13dfa92,3480,200,securityInfoCheck,ts-security-service
1650252923,ts-travel-service,d928e78cc6efde5,b07dc0b527721510,b07dc0b527721510,2226,200,GET,ts-travel-service
1650252923,ts-travel-service,eee799ce7915b246,b07dc0b527721510,b07dc0b527721510,2585,200,GET,ts-travel-service
1650252923,ts-station-service,b76c6e7121aa7a16,3fd1e8eb28e7eaed,b07dc0b527721510,2299,200,queryForStationId,ts-basic-service
1650252923,ts-station-service,5d03740618b44664,5b841a14f3cb503c,b07dc0b527721510,2112,200,queryForStationId,ts-basic-service
1650252923,ts-basic-service,25cc7fac78e346dc,a7c281714f41a92,b07dc0b527721510,6140,200,queryForStationId,ts-ticketinfo-service
1650252923,ts-basic-service,d5d7641f568b0a42,aa6af6eac01adb8c,b07dc0b527721510,5093,200,queryForStationId,ts-ticketinfo-service
1650252923,ts-travel-service,8bb58a6cbe27bf35,b07dc0b527721510,b07dc0b527721510,3817,200,GET,ts-travel-service
1650252923,ts-travel-service,23aff99ec0b7ae0,b07dc0b527721510,b07dc0b527721510,8500,200,GET,ts-travel-service
1650252923,ts-ticketinfo-service,93825abd8f3c33de,23aff99ec0b7ae0,b07dc0b527721510,7867,200,queryForStationId,ts-travel-service
1650252923,ts-ticketinfo-service,61575d975c45d83a,fb8bf0e30f159c2c,b07dc0b527721510,9552,200,queryForStationId,ts-travel-service
1650252923,ts-route-service,f058811198dce7c0,d928e78cc6efde5,b07dc0b527721510,2071,200,queryById,ts-travel-service
1650252923,ts-assurance-service,78c2ca491c4f0819,,78c2ca491c4f0819,1619,200,getAllAssuranceType,no_parent
1650252923,ts-verification-code-service,3e11088180780bd6,e0f7c9fffc3295dc,969cc34f57f0bd6a,1864,200,verifyCode,ts-auth-service
1650252923,ts-station-service,ad771abfe0eb8b70,654ee42759bbf180,7f1896097c9242be,7888,200,queryForNameBatch,ts-order-service
1650252923,ts-order-service,7f1896097c9242be,,7f1896097c9242be,14432,200,queryOrdersForRefresh,no_parent
1650252923,ts-order-service,654ee42759bbf180,7f1896097c9242be,7f1896097c9242be,10650,200,POST,ts-order-service
1650252923,ts-contacts-service,71940da521db7549,,71940da521db7549,2894,200,findContactsByAccountId,no_parent
1650252923,ts-verification-code-service,d2636e269d248310,,d2636e269d248310,2663,200,imageCode,no_parent
1650252983,ts-contacts-service,1839cc6a1294ab2f,924f8db78d9f4554,5f07a36352ca75fa,2525,200,getContactsByContactsId,ts-preserve-service
1650252983,ts-preserve-service,8f1ddeee7df2554f,5f07a36352ca75fa,5f07a36352ca75fa,15130,200,GET,ts-preserve-service
1650252983,ts-order-service,5b307166d36b42fe,d310b2383dfc7f10,5f07a36352ca75fa,3362,200,securityInfoCheck,ts-security-service
1650252983,ts-order-other-service,8b0453ca6b65afdb,7535bd4e6297a84a,5f07a36352ca75fa,3263,200,securityInfoCheck,ts-security-service
1650252983,ts-security-service,d310b2383dfc7f10,7d1943db660a24eb,5f07a36352ca75fa,4333,200,GET,ts-security-service
1650252983,ts-station-service,1397894823efae56,ac71dd911fe11104,c65d9ac27dd266a6,7929,200,queryForNameBatch,ts-order-service
1650252983,ts-order-service,c65d9ac27dd266a6,,c65d9ac27dd266a6,12795,200,queryOrdersForRefresh,no_parent
1650252983,ts-order-service,ac71dd911fe11104,c65d9ac27dd266a6,c65d9ac27dd266a6,9409,200,POST,ts-order-service
1650252983,ts-security-service,7535bd4e6297a84a,7d1943db660a24eb,5f07a36352ca75fa,4711,200,GET,ts-security-service
1650252983,ts-preserve-service,5f07a36352ca75fa,,5f07a36352ca75fa,21990,200,preserve,no_parent
1650252983,ts-preserve-service,924f8db78d9f4554,5f07a36352ca75fa,5f07a36352ca75fa,3904,200,GET,ts-preserve-service
1650252983,ts-auth-service,cfd42a84a10e2408,,cfd42a84a10e2408,116513,200,getToken,no_parent
1650252983,ts-verification-code-service,405eddfa71f91c48,4b4f192c0539383c,cfd42a84a10e2408,1700,200,verifyCode,ts-auth-service
1650252983,ts-auth-service,4b4f192c0539383c,cfd42a84a10e2408,cfd42a84a10e2408,3559,200,GET,ts-auth-service
1650252983,ts-security-service,7d1943db660a24eb,8f1ddeee7df2554f,5f07a36352ca75fa,14057,200,check,ts-preserve-service
1650252983,ts-contacts-service,44771a0b97285e4a,,44771a0b97285e4a,2940,200,findContactsByAccountId,no_parent
1650252983,ts-verification-code-service,969bbfdb869fc6d6,,969bbfdb869fc6d6,2224,200,imageCode,no_parent
1650252984,ts-ticketinfo-service,a00faa52bcfeba55,4ed085bdbf560aab,d40c5700c39c2c41,6200,200,GET,ts-ticketinfo-service
1650252984,ts-travel-service,b2f51d566da8df4d,d40c5700c39c2c41,d40c5700c39c2c41,4066,200,GET,ts-travel-service
1650252984,ts-ticketinfo-service,4ed085bdbf560aab,788dc07dd3f631f4,d40c5700c39c2c41,8476,200,queryForStationId,ts-travel-service
1650252984,ts-travel-service,18181e39ea7e9f2f,d40c5700c39c2c41,d40c5700c39c2c41,2386,200,GET,ts-travel-service
1650252984,ts-ticketinfo-service,662d0b87911d2cf6,91534aae2a1a677b,d40c5700c39c2c41,10420,200,queryForStationId,ts-travel-service
1650252984,ts-route-service,6a6c763e1c2d048e,60414474660a5a00,d40c5700c39c2c41,2131,200,queryById,ts-travel-service
1650252984,ts-station-service,fc70545417014ff,692a68c5cd70133c,d40c5700c39c2c41,2432,200,queryForStationId,ts-basic-service
1650252984,ts-travel-service,60414474660a5a00,d40c5700c39c2c41,d40c5700c39c2c41,2337,200,GET,ts-travel-service
1650252984,ts-travel-service,9267ce7e43dd53ef,d40c5700c39c2c41,d40c5700c39c2c41,2342,200,GET,ts-travel-service
1650252984,ts-travel-service,788dc07dd3f631f4,d40c5700c39c2c41,d40c5700c39c2c41,8992,200,GET,ts-travel-service
1650252984,ts-basic-service,187e307c42483407,229445292384f1e4,d40c5700c39c2c41,6663,200,queryForStationId,ts-ticketinfo-service
1650252984,ts-route-service,73f1b04230c2cdd9,b2f51d566da8df4d,d40c5700c39c2c41,2674,200,queryById,ts-travel-service
1650252984,ts-station-service,f9d40d1adfec0636,9596eee52814c9e5,d40c5700c39c2c41,2711,200,queryForStationId,ts-basic-service
1650252984,ts-route-service,88cc84f779c80904,9267ce7e43dd53ef,d40c5700c39c2c41,2143,200,queryById,ts-travel-service
1650252984,ts-route-service,20ff0e598cbdd56d,18181e39ea7e9f2f,d40c5700c39c2c41,2170,200,queryById,ts-travel-service
1650252984,ts-travel-service,d40c5700c39c2c41,,d40c5700c39c2c41,45282,200,queryInfo,no_parent
1650252984,ts-travel-service,a16f0a67e3a1a20e,d40c5700c39c2c41,d40c5700c39c2c41,2987,200,GET,ts-travel-service
1650252984,ts-route-service,98683dd743ea3466,a16f0a67e3a1a20e,d40c5700c39c2c41,2521,200,queryById,ts-travel-service
1650252984,ts-travel-service,91534aae2a1a677b,d40c5700c39c2c41,d40c5700c39c2c41,12065,200,GET,ts-travel-service
1650252984,ts-ticketinfo-service,229445292384f1e4,662d0b87911d2cf6,d40c5700c39c2c41,7940,200,GET,ts-ticketinfo-service
1650252984,ts-basic-service,da9329a46ced46af,a00faa52bcfeba55,d40c5700c39c2c41,5655,200,queryForStationId,ts-ticketinfo-service
1650252984,ts-basic-service,9596eee52814c9e5,187e307c42483407,d40c5700c39c2c41,3873,200,GET,ts-basic-service
1650252984,ts-basic-service,692a68c5cd70133c,da9329a46ced46af,d40c5700c39c2c41,3130,200,GET,ts-basic-service
1650252984,ts-assurance-service,f392cae994e49b22,,f392cae994e49b22,1597,200,getAllAssuranceType,no_parent
1650253044,ts-verification-code-service,530c8de9b81492b8,,530c8de9b81492b8,2781,200,imageCode,no_parent
1650253044,ts-contacts-service,3b26e57495594afe,,3b26e57495594afe,2913,200,findContactsByAccountId,no_parent
1650253044,ts-contacts-service,8056fe445cc94a02,9fac61cd2207adfe,2941594fee35bc0f,2190,200,getContactsByContactsId,ts-preserve-service
1650253044,ts-preserve-service,a5d74720aa349f8b,2941594fee35bc0f,2941594fee35bc0f,15181,200,GET,ts-preserve-service
1650253044,ts-preserve-service,9fac61cd2207adfe,2941594fee35bc0f,2941594fee35bc0f,3550,200,GET,ts-preserve-service
1650253044,ts-verification-code-service,3df717fb5ebd618,b5ed8bdcf324c399,d0a93561b849ce62,1700,200,verifyCode,ts-auth-service
1650253044,ts-auth-service,b5ed8bdcf324c399,d0a93561b849ce62,d0a93561b849ce62,3404,200,GET,ts-auth-service
1650253044,ts-auth-service,d0a93561b849ce62,,d0a93561b849ce62,105603,200,getToken,no_parent
1650253044,ts-order-service,3518f1d3870926b8,4cf3aff43c601254,2941594fee35bc0f,3392,200,securityInfoCheck,ts-security-service
1650253044,ts-order-other-service,cff924329aa2fce2,e27c9c6c0d13f919,2941594fee35bc0f,2712,200,securityInfoCheck,ts-security-service
1650253044,ts-security-service,4cf3aff43c601254,874405b807167459,2941594fee35bc0f,4831,200,GET,ts-security-service
1650253044,ts-security-service,874405b807167459,a5d74720aa349f8b,2941594fee35bc0f,13568,200,check,ts-preserve-service
1650253044,ts-security-service,e27c9c6c0d13f919,874405b807167459,2941594fee35bc0f,4218,200,GET,ts-security-service
1650253044,ts-preserve-service,2941594fee35bc0f,,2941594fee35bc0f,21557,200,preserve,no_parent
1650253044,ts-assurance-service,3414257763741c12,,3414257763741c12,1473,200,getAllAssuranceType,no_parent
1650253044,ts-travel-service,c2db61b03fdef780,2750562f1ba2ebea,2750562f1ba2ebea,3814,200,GET,ts-travel-service
1650253044,ts-travel-service,2750562f1ba2ebea,,2750562f1ba2ebea,42082,200,queryInfo,no_parent
1650253044,ts-basic-service,561f1f7ff53eca6e,3c9a7d876858e529,2750562f1ba2ebea,6288,200,queryForStationId,ts-ticketinfo-service
1650253044,ts-ticketinfo-service,d0c7aa9d0ab10f4d,c473af30cf125f8f,2750562f1ba2ebea,5856,200,GET,ts-ticketinfo-service
1650253044,ts-ticketinfo-service,c473af30cf125f8f,e72b260ae719121e,2750562f1ba2ebea,8139,200,queryForStationId,ts-travel-service
1650253044,ts-ticketinfo-service,b89f35fb881735b3,6649e1e9d63f1c85,2750562f1ba2ebea,9718,200,queryForStationId,ts-travel-service
1650253044,ts-travel-service,6649e1e9d63f1c85,2750562f1ba2ebea,2750562f1ba2ebea,11300,200,GET,ts-travel-service
1650253044,ts-basic-service,f8432b01f1565153,ca2be8cd51d1e678,2750562f1ba2ebea,2808,200,GET,ts-basic-service
1650253044,ts-basic-service,ce373d8d6d292fb9,561f1f7ff53eca6e,2750562f1ba2ebea,3463,200,GET,ts-basic-service
1650253044,ts-basic-service,ca2be8cd51d1e678,d0c7aa9d0ab10f4d,2750562f1ba2ebea,5246,200,queryForStationId,ts-ticketinfo-service
1650253044,ts-ticketinfo-service,3c9a7d876858e529,b89f35fb881735b3,2750562f1ba2ebea,7334,200,GET,ts-ticketinfo-service
1650253044,ts-travel-service,9e2904259d92f9d1,2750562f1ba2ebea,2750562f1ba2ebea,2506,200,GET,ts-travel-service
1650253044,ts-route-service,c4f8f302f4932638,9e2904259d92f9d1,2750562f1ba2ebea,2112,200,queryById,ts-travel-service
1650253044,ts-station-service,ae746c0d1f8dc2c5,f8432b01f1565153,2750562f1ba2ebea,2117,200,queryForStationId,ts-basic-service
1650253044,ts-station-service,77dedbe51db62f22,ce373d8d6d292fb9,2750562f1ba2ebea,2303,200,queryForStationId,ts-basic-service
1650253044,ts-travel-service,3361639b85176dde,2750562f1ba2ebea,2750562f1ba2ebea,2223,200,GET,ts-travel-service
1650253044,ts-travel-service,bcd29d5af715068d,2750562f1ba2ebea,2750562f1ba2ebea,2280,200,GET,ts-travel-service
1650253044,ts-travel-service,650669944e51a104,2750562f1ba2ebea,2750562f1ba2ebea,2276,200,GET,ts-travel-service
1650253044,ts-travel-service,e72b260ae719121e,2750562f1ba2ebea,2750562f1ba2ebea,8621,200,GET,ts-travel-service
1650253044,ts-route-service,db6f86c0b5ec2646,650669944e51a104,2750562f1ba2ebea,2160,200,queryById,ts-travel-service
1650253044,ts-route-service,7a6b9941f8e0c84a,bcd29d5af715068d,2750562f1ba2ebea,2150,200,queryById,ts-travel-service
1650253044,ts-route-service,d21bb7bd488e47f3,c2db61b03fdef780,2750562f1ba2ebea,2636,200,queryById,ts-travel-service
1650253044,ts-route-service,62f476c8ef5b8ec9,3361639b85176dde,2750562f1ba2ebea,2122,200,queryById,ts-travel-service
1650253044,ts-order-service,36d604e1599b173a,66f2be1ba1ba640a,66f2be1ba1ba640a,9553,200,POST,ts-order-service
1650253044,ts-order-service,66f2be1ba1ba640a,,66f2be1ba1ba640a,12848,200,queryOrdersForRefresh,no_parent
1650253044,ts-station-service,24fbd1a63f04fef7,36d604e1599b173a,66f2be1ba1ba640a,8166,200,queryForNameBatch,ts-order-service
1650253104,ts-order-service,2c7e3c07777bd3fd,a93abf0a2d5c8b66,c85dcc852cc32b6c,2541,200,securityInfoCheck,ts-security-service
1650253104,ts-order-other-service,e8d9ee24d787e06,a655566f3e51ab2c,c85dcc852cc32b6c,2305,200,securityInfoCheck,ts-security-service
1650253104,ts-security-service,a93abf0a2d5c8b66,768e65d3b587ee29,c85dcc852cc32b6c,3610,200,GET,ts-security-service
1650253104,ts-security-service,768e65d3b587ee29,d66df8a7cc3c1eb3,c85dcc852cc32b6c,11498,200,check,ts-preserve-service
1650253104,ts-security-service,a655566f3e51ab2c,768e65d3b587ee29,c85dcc852cc32b6c,3262,200,GET,ts-security-service
1650253104,ts-contacts-service,21ae50f87ac987d1,9dd10c1332c551e3,c85dcc852cc32b6c,2006,200,getContactsByContactsId,ts-preserve-service
1650253104,ts-ticketinfo-service,ccdf66ce8d80d898,2d3f4a6567ddc305,fb15b126600fc404,8153,200,queryForStationId,ts-travel-service
1650253104,ts-travel-service,a752387a52cf3557,fb15b126600fc404,fb15b126600fc404,4032,200,GET,ts-travel-service
1650253104,ts-travel-service,e0c80e36f65496b,fb15b126600fc404,fb15b126600fc404,2325,200,GET,ts-travel-service
1650253104,ts-travel-service,6d10e1e1446e3deb,fb15b126600fc404,fb15b126600fc404,2718,200,GET,ts-travel-service
1650253104,ts-auth-service,f28202550d14e111,18605878702c7e9e,18605878702c7e9e,3371,200,GET,ts-auth-service
1650253104,ts-auth-service,18605878702c7e9e,,18605878702c7e9e,108001,200,getToken,no_parent
1650253104,ts-verification-code-service,48ce1dd4a4f709e1,f28202550d14e111,18605878702c7e9e,1867,200,verifyCode,ts-auth-service
1650253104,ts-preserve-service,9dd10c1332c551e3,c85dcc852cc32b6c,c85dcc852cc32b6c,3033,200,GET,ts-preserve-service
1650253104,ts-preserve-service,c85dcc852cc32b6c,,c85dcc852cc32b6c,17935,200,preserve,no_parent
1650253104,ts-basic-service,41be5503bc4d4494,ddf6b23d7287e6b4,fb15b126600fc404,3124,200,GET,ts-basic-service
1650253104,ts-basic-service,f97e33a2f2068e34,8ce07ef6e28b7e59,fb15b126600fc404,6099,200,queryForStationId,ts-ticketinfo-service
1650253104,ts-travel-service,a454bdc687e3f2d4,fb15b126600fc404,fb15b126600fc404,11516,200,GET,ts-travel-service
1650253104,ts-travel-service,3b3d7498362d77b9,fb15b126600fc404,fb15b126600fc404,2318,200,GET,ts-travel-service
1650253104,ts-travel-service,2d3f4a6567ddc305,fb15b126600fc404,fb15b126600fc404,8673,200,GET,ts-travel-service
1650253104,ts-route-service,65059e3ca387cc54,e0c80e36f65496b,fb15b126600fc404,2112,200,queryById,ts-travel-service
1650253104,ts-route-service,feb4529c918fb228,3b3d7498362d77b9,fb15b126600fc404,2135,200,queryById,ts-travel-service
1650253104,ts-route-service,b732eb78eded4d1b,624beec4b3e79321,fb15b126600fc404,2148,200,queryById,ts-travel-service
1650253104,ts-route-service,4875e4fb7c1ed5a5,6d10e1e1446e3deb,fb15b126600fc404,2251,200,queryById,ts-travel-service
1650253104,ts-basic-service,ddf6b23d7287e6b4,cd4914a8235e5a45,fb15b126600fc404,5520,200,queryForStationId,ts-ticketinfo-service
1650253104,ts-travel-service,624beec4b3e79321,fb15b126600fc404,fb15b126600fc404,2346,200,GET,ts-travel-service
1650253104,ts-travel-service,fb15b126600fc404,,fb15b126600fc404,43677,200,queryInfo,no_parent
1650253104,ts-station-service,96d72327da6e858f,6a72c28573e47f5c,fb15b126600fc404,2205,200,queryForStationId,ts-basic-service
1650253104,ts-station-service,37eae7bb4849b85,41be5503bc4d4494,fb15b126600fc404,2109,200,queryForStationId,ts-basic-service
1650253104,ts-basic-service,6a72c28573e47f5c,f97e33a2f2068e34,fb15b126600fc404,3356,200,GET,ts-basic-service
1650253104,ts-ticketinfo-service,cd4914a8235e5a45,ccdf66ce8d80d898,fb15b126600fc404,6112,200,GET,ts-ticketinfo-service
1650253104,ts-route-service,43989ebf5445ffeb,a752387a52cf3557,fb15b126600fc404,2987,200,queryById,ts-travel-service
1650253104,ts-ticketinfo-service,8ce07ef6e28b7e59,fbd5476f1cf86b6b,fb15b126600fc404,7130,200,GET,ts-ticketinfo-service
1650253104,ts-ticketinfo-service,fbd5476f1cf86b6b,a454bdc687e3f2d4,fb15b126600fc404,9526,200,queryForStationId,ts-travel-service
1650253104,ts-preserve-service,d66df8a7cc3c1eb3,c85dcc852cc32b6c,c85dcc852cc32b6c,12556,200,GET,ts-preserve-service
1650253104,ts-assurance-service,9d399e7514de4ed6,,9d399e7514de4ed6,1639,200,getAllAssuranceType,no_parent
1650253104,ts-contacts-service,d6592c9bdae8b829,,d6592c9bdae8b829,2090,200,findContactsByAccountId,no_parent
1650253104,ts-order-service,b26fc8f270e12a87,43484aa2425d34,43484aa2425d34,8718,200,POST,ts-order-service
1650253104,ts-station-service,714e2e0590f52a73,b26fc8f270e12a87,43484aa2425d34,7392,200,queryForNameBatch,ts-order-service
1650253104,ts-order-service,43484aa2425d34,,43484aa2425d34,19912,200,queryOrdersForRefresh,no_parent
1650253104,ts-verification-code-service,def28c70dec25367,,def28c70dec25367,2729,200,imageCode,no_parent
1650253164,ts-order-service,28fb94534c44ef64,947da10f703af190,a0a6babea5030dcc,3472,200,securityInfoCheck,ts-security-service
1650253164,ts-preserve-service,a0a6babea5030dcc,,a0a6babea5030dcc,21850,200,preserve,no_parent
1650253164,ts-preserve-service,b2d3299ab8225886,a0a6babea5030dcc,a0a6babea5030dcc,3649,200,GET,ts-preserve-service
1650253164,ts-preserve-service,c11862c2d8f23d94,a0a6babea5030dcc,a0a6babea5030dcc,15376,200,GET,ts-preserve-service
1650253164,ts-verification-code-service,ed3723c4ce9df951,2a849b69d696e2e4,1a5c24478f614a93,1700,200,verifyCode,ts-auth-service
1650253164,ts-basic-service,d3f77edfabfeb7e6,78feb8f6eaefc436,98e39e9818654940,2750,200,GET,ts-basic-service
1650253164,ts-route-service,31c3e93204193d54,2ed123cb0f3444d7,98e39e9818654940,2283,200,queryById,ts-travel-service
1650253164,ts-route-service,de972df50d1b35d7,a7d4a1e575e2b254,98e39e9818654940,2131,200,queryById,ts-travel-service
1650253164,ts-security-service,488203cf9da3e4c9,c11862c2d8f23d94,a0a6babea5030dcc,13949,200,check,ts-preserve-service
1650253164,ts-travel-service,7a3284d223ca5944,98e39e9818654940,98e39e9818654940,7442,200,GET,ts-travel-service
1650253164,ts-travel-service,98e39e9818654940,,98e39e9818654940,52222,200,queryInfo,no_parent
1650253164,ts-travel-service,454184ac08e1ba89,98e39e9818654940,98e39e9818654940,2220,200,GET,ts-travel-service
1650253164,ts-travel-service,309918c5c3d6c73b,98e39e9818654940,98e39e9818654940,2775,200,GET,ts-travel-service
1650253164,ts-station-service,6b22ecedc0c10c93,88484b285df78927,98e39e9818654940,2439,200,queryForStationId,ts-basic-service
1650253164,ts-ticketinfo-service,29bd2eedaa1616bc,7a3284d223ca5944,98e39e9818654940,6914,200,queryForStationId,ts-travel-service
1650253164,ts-travel-service,2ed123cb0f3444d7,98e39e9818654940,98e39e9818654940,3400,200,GET,ts-travel-service
1650253164,ts-travel-service,548868301f61963c,98e39e9818654940,98e39e9818654940,21943,200,GET,ts-travel-service
1650253164,ts-travel-service,6718d4b363c49fd4,98e39e9818654940,98e39e9818654940,2554,200,GET,ts-travel-service
1650253164,ts-route-service,cb668adbb9e92c94,309918c5c3d6c73b,98e39e9818654940,2571,200,queryById,ts-travel-service
1650253164,ts-route-service,1009fe7df6ba9e94,6718d4b363c49fd4,98e39e9818654940,2154,200,queryById,ts-travel-service
1650253164,ts-route-service,e56944ad3cfd97b4,454184ac08e1ba89,98e39e9818654940,2005,200,queryById,ts-travel-service
1650253164,ts-ticketinfo-service,fea26c47d4de840b,29bd2eedaa1616bc,98e39e9818654940,5164,200,GET,ts-ticketinfo-service
1650253164,ts-ticketinfo-service,b0f2ab086afff10e,99f695cc405d6c17,98e39e9818654940,17577,200,GET,ts-ticketinfo-service
1650253164,ts-ticketinfo-service,99f695cc405d6c17,548868301f61963c,98e39e9818654940,20230,200,queryForStationId,ts-travel-service
1650253164,ts-station-service,53d20a17bf1502bf,d3f77edfabfeb7e6,98e39e9818654940,2160,200,queryForStationId,ts-basic-service
1650253164,ts-security-service,947da10f703af190,488203cf9da3e4c9,a0a6babea5030dcc,4652,200,GET,ts-security-service
1650253164,ts-basic-service,17978ac12b3b0660,b0f2ab086afff10e,98e39e9818654940,16458,200,queryForStationId,ts-ticketinfo-service
1650253164,ts-basic-service,78feb8f6eaefc436,fea26c47d4de840b,98e39e9818654940,4622,200,queryForStationId,ts-ticketinfo-service
1650253164,ts-station-service,60e517d51360146d,28bcf5ffaa223c8c,62685f3204099e52,7795,200,queryForNameBatch,ts-order-service
1650253164,ts-order-service,28bcf5ffaa223c8c,62685f3204099e52,62685f3204099e52,9292,200,POST,ts-order-service
1650253164,ts-verification-code-service,bbac38d8e147f6eb,,bbac38d8e147f6eb,2840,200,imageCode,no_parent
1650253164,ts-auth-service,2a849b69d696e2e4,1a5c24478f614a93,1a5c24478f614a93,3408,200,GET,ts-auth-service
1650253164,ts-basic-service,88484b285df78927,17978ac12b3b0660,98e39e9818654940,3567,200,GET,ts-basic-service
1650253164,ts-contacts-service,f1a95bb6ba0334ed,b2d3299ab8225886,a0a6babea5030dcc,2407,200,getContactsByContactsId,ts-preserve-service
1650253164,ts-travel-service,a7d4a1e575e2b254,98e39e9818654940,98e39e9818654940,2298,200,GET,ts-travel-service
1650253164,ts-order-service,62685f3204099e52,,62685f3204099e52,12839,200,queryOrdersForRefresh,no_parent
1650253164,ts-security-service,901e2d8768e1cd6b,488203cf9da3e4c9,a0a6babea5030dcc,4649,200,GET,ts-security-service
1650253164,ts-order-other-service,79e7e73d2c952df7,901e2d8768e1cd6b,a0a6babea5030dcc,3234,200,securityInfoCheck,ts-security-service
1650253164,ts-auth-service,1a5c24478f614a93,,1a5c24478f614a93,111314,200,getToken,no_parent
1650253164,ts-assurance-service,9a663daf5df8b88e,,9a663daf5df8b88e,1628,200,getAllAssuranceType,no_parent
1650253164,ts-contacts-service,ec36402046a55b4c,,ec36402046a55b4c,3215,200,findContactsByAccountId,no_parent
1650253224,ts-contacts-service,681eb7aaaeb5fc90,,681eb7aaaeb5fc90,2858,200,findContactsByAccountId,no_parent
1650253225,ts-route-service,45e40f6c320664cd,4716c9a336c2ab0b,cd45779bfcae1640,2635,200,queryById,ts-travel-service
1650253225,ts-route-service,efd3afa2ac7b8ffc,81941d0d654c14d9,cd45779bfcae1640,2198,200,queryById,ts-travel-service
1650253225,ts-route-service,bdfd10f481bb280b,1cc3c36e1ffd5ff4,cd45779bfcae1640,2072,200,queryById,ts-travel-service
1650253225,ts-travel-service,4716c9a336c2ab0b,cd45779bfcae1640,cd45779bfcae1640,3580,200,GET,ts-travel-service
1650253225,ts-travel-service,81941d0d654c14d9,cd45779bfcae1640,cd45779bfcae1640,2231,200,GET,ts-travel-service
1650253225,ts-travel-service,5391e08896578453,cd45779bfcae1640,cd45779bfcae1640,2234,200,GET,ts-travel-service
1650253225,ts-route-service,8c2c184553a92032,5391e08896578453,cd45779bfcae1640,2137,200,queryById,ts-travel-service
1650253225,ts-station-service,fb4279732fa4e884,26c4335c925f1790,cd45779bfcae1640,2302,200,queryForStationId,ts-basic-service
1650253225,ts-station-service,de167ce6cafec26c,e0e5c1e79afb9039,cd45779bfcae1640,2063,200,queryForStationId,ts-basic-service
1650253225,ts-travel-service,d004e48845437c4e,cd45779bfcae1640,cd45779bfcae1640,12453,200,GET,ts-travel-service
1650253225,ts-travel-service,cd45779bfcae1640,,cd45779bfcae1640,48055,200,queryInfo,no_parent
1650253225,ts-security-service,1faebabf7fa6175d,8d17ca347ca24c18,9edc2d9c12e39433,4768,200,GET,ts-security-service
1650253225,ts-security-service,7e827442fa3d2d09,8d17ca347ca24c18,9edc2d9c12e39433,4224,200,GET,ts-security-service
1650253225,ts-order-other-service,675281a0cd669d95,7e827442fa3d2d09,9edc2d9c12e39433,3019,200,securityInfoCheck,ts-security-service
1650253225,ts-order-service,7ba10bc3d7e5b0a,1faebabf7fa6175d,9edc2d9c12e39433,3430,200,securityInfoCheck,ts-security-service
1650253225,ts-travel-service,388acccfb6791b3d,cd45779bfcae1640,cd45779bfcae1640,8212,200,GET,ts-travel-service
1650253225,ts-station-service,953d656d9fdc367c,e4b4235256b81792,43e3cbac929992e,5737,200,queryForNameBatch,ts-order-service
1650253225,ts-order-service,e4b4235256b81792,43e3cbac929992e,43e3cbac929992e,7097,200,POST,ts-order-service
1650253225,ts-ticketinfo-service,bda40c73958ff020,d004e48845437c4e,cd45779bfcae1640,9863,200,queryForStationId,ts-travel-service
1650253225,ts-ticketinfo-service,204b51e6497521e1,bda40c73958ff020,cd45779bfcae1640,7471,200,GET,ts-ticketinfo-service
1650253225,ts-ticketinfo-service,df133f8f841e34e9,388acccfb6791b3d,cd45779bfcae1640,7784,200,queryForStationId,ts-travel-service
1650253225,ts-preserve-service,9edc2d9c12e39433,,9edc2d9c12e39433,22295,200,preserve,no_parent
1650253225,ts-preserve-service,c88eeed2cfef0591,9edc2d9c12e39433,9edc2d9c12e39433,15302,200,GET,ts-preserve-service
1650253225,ts-travel-service,e08227670c9a73b9,cd45779bfcae1640,cd45779bfcae1640,2244,200,GET,ts-travel-service
1650253225,ts-route-service,354cac72fc2a258f,e08227670c9a73b9,cd45779bfcae1640,2128,200,queryById,ts-travel-service
1650253225,ts-basic-service,cec19742f2ed87fc,204b51e6497521e1,cd45779bfcae1640,6233,200,queryForStationId,ts-ticketinfo-service
1650253225,ts-contacts-service,692b3f80f7f8a60b,33900538e140c05b,9edc2d9c12e39433,2363,200,getContactsByContactsId,ts-preserve-service
1650253225,ts-preserve-service,33900538e140c05b,9edc2d9c12e39433,9edc2d9c12e39433,3546,200,GET,ts-preserve-service
1650253225,ts-travel-service,1cc3c36e1ffd5ff4,cd45779bfcae1640,cd45779bfcae1640,2439,200,GET,ts-travel-service
1650253225,ts-ticketinfo-service,a92158b076ccf495,df133f8f841e34e9,cd45779bfcae1640,5726,200,GET,ts-ticketinfo-service
1650253225,ts-order-service,43e3cbac929992e,,43e3cbac929992e,10054,200,queryOrdersForRefresh,no_parent
1650253225,ts-assurance-service,6db3884c3adf42a8,,6db3884c3adf42a8,3864,200,getAllAssuranceType,no_parent
1650253225,ts-security-service,8d17ca347ca24c18,c88eeed2cfef0591,9edc2d9c12e39433,13718,200,check,ts-preserve-service
1650253225,ts-auth-service,1cb3bb7df70699a4,,1cb3bb7df70699a4,110691,200,getToken,no_parent
1650253225,ts-verification-code-service,d6a455702b31b336,,d6a455702b31b336,2818,200,imageCode,no_parent
1650253225,ts-basic-service,e0e5c1e79afb9039,1012e0430cd99efc,cd45779bfcae1640,2715,200,GET,ts-basic-service
1650253225,ts-basic-service,1012e0430cd99efc,a92158b076ccf495,cd45779bfcae1640,5020,200,queryForStationId,ts-ticketinfo-service
1650253225,ts-basic-service,26c4335c925f1790,cec19742f2ed87fc,cd45779bfcae1640,3482,200,GET,ts-basic-service
1650253225,ts-verification-code-service,d6a9454143b6b8cb,7417c2c589182318,1cb3bb7df70699a4,1655,200,verifyCode,ts-auth-service
1650253225,ts-auth-service,7417c2c589182318,1cb3bb7df70699a4,1cb3bb7df70699a4,3745,200,GET,ts-auth-service
1650253285,ts-security-service,5448542947eda2a3,e85a69846736017b,7ad4c7886e2491c7,4660,200,GET,ts-security-service
1650253285,ts-route-service,b3600f06658e2c1e,ff6396566fc574a1,564444adef5dc829,2569,200,queryById,ts-travel-service
1650253285,ts-station-service,2eb11c4fcc05997,b486fed50a0f2499,564444adef5dc829,2351,200,queryForStationId,ts-basic-service
1650253285,ts-station-service,a0eb9a9ab7431def,9938cefa2965a202,564444adef5dc829,2074,200,queryForStationId,ts-basic-service
1650253285,ts-basic-service,b486fed50a0f2499,31a82559e5da9c0e,564444adef5dc829,3585,200,GET,ts-basic-service
1650253285,ts-basic-service,91fadd43d05ddc52,78bdee0ef72cecef,564444adef5dc829,5121,200,queryForStationId,ts-ticketinfo-service
1650253285,ts-ticketinfo-service,78bdee0ef72cecef,e88bf5f9f3961d7,564444adef5dc829,5803,200,GET,ts-ticketinfo-service
1650253285,ts-ticketinfo-service,9af378a3beaa29bd,f029952c12ac657c,564444adef5dc829,9852,200,queryForStationId,ts-travel-service
1650253285,ts-ticketinfo-service,e88bf5f9f3961d7,c002dca8d41e506c,564444adef5dc829,7962,200,queryForStationId,ts-travel-service
1650253285,ts-travel-service,ff6396566fc574a1,564444adef5dc829,564444adef5dc829,3131,200,GET,ts-travel-service
1650253285,ts-travel-service,f01cfd094ce137bb,564444adef5dc829,564444adef5dc829,2334,200,GET,ts-travel-service
1650253285,ts-travel-service,c002dca8d41e506c,564444adef5dc829,564444adef5dc829,8445,200,GET,ts-travel-service
1650253285,ts-travel-service,7881640cd1c0f0b,564444adef5dc829,564444adef5dc829,3919,200,GET,ts-travel-service
1650253285,ts-travel-service,4990bc20a4848ca9,564444adef5dc829,564444adef5dc829,2269,200,GET,ts-travel-service
1650253285,ts-travel-service,564444adef5dc829,,564444adef5dc829,44011,200,queryInfo,no_parent
1650253285,ts-travel-service,b1042401ba76094e,564444adef5dc829,564444adef5dc829,2384,200,GET,ts-travel-service
1650253285,ts-route-service,757930c3fe61b1ad,7881640cd1c0f0b,564444adef5dc829,2655,200,queryById,ts-travel-service
1650253285,ts-route-service,aeb5342fe23255e1,f01cfd094ce137bb,564444adef5dc829,2171,200,queryById,ts-travel-service
1650253285,ts-route-service,945feff56687bbb1,b1042401ba76094e,564444adef5dc829,2143,200,queryById,ts-travel-service
1650253285,ts-route-service,6cebaa03ade42b98,4990bc20a4848ca9,564444adef5dc829,2074,200,queryById,ts-travel-service
1650253285,ts-travel-service,f029952c12ac657c,564444adef5dc829,564444adef5dc829,11481,200,GET,ts-travel-service
1650253285,ts-basic-service,9938cefa2965a202,91fadd43d05ddc52,564444adef5dc829,2753,200,GET,ts-basic-service
1650253285,ts-basic-service,31a82559e5da9c0e,c7f27fdafc52f7e2,564444adef5dc829,6328,200,queryForStationId,ts-ticketinfo-service
1650253285,ts-security-service,3a54ff77e28fcdd2,e85a69846736017b,7ad4c7886e2491c7,4770,200,GET,ts-security-service
1650253285,ts-order-service,fe2ed969f283e8f9,86c5fe3f300964b2,86c5fe3f300964b2,12979,200,POST,ts-order-service
1650253285,ts-order-service,86c5fe3f300964b2,,86c5fe3f300964b2,16282,200,queryOrdersForRefresh,no_parent
1650253285,ts-station-service,a1c527d4cb13644d,fe2ed969f283e8f9,86c5fe3f300964b2,10884,200,queryForNameBatch,ts-order-service
1650253285,ts-contacts-service,b59f7c73e8e4d8f3,50f54351a84dc8e9,7ad4c7886e2491c7,2618,200,getContactsByContactsId,ts-preserve-service
1650253285,ts-preserve-service,d9ec1b966c6f8280,7ad4c7886e2491c7,7ad4c7886e2491c7,15717,200,GET,ts-preserve-service
1650253285,ts-preserve-service,50f54351a84dc8e9,7ad4c7886e2491c7,7ad4c7886e2491c7,3875,200,GET,ts-preserve-service
1650253285,ts-preserve-service,7ad4c7886e2491c7,,7ad4c7886e2491c7,22531,200,preserve,no_parent
1650253285,ts-order-service,c8005f4c05a90e2b,3a54ff77e28fcdd2,7ad4c7886e2491c7,3399,200,securityInfoCheck,ts-security-service
1650253285,ts-order-other-service,756a31f717653b95,5448542947eda2a3,7ad4c7886e2491c7,3243,200,securityInfoCheck,ts-security-service
1650253285,ts-security-service,e85a69846736017b,d9ec1b966c6f8280,7ad4c7886e2491c7,14124,200,check,ts-preserve-service
1650253285,ts-ticketinfo-service,c7f27fdafc52f7e2,9af378a3beaa29bd,564444adef5dc829,7487,200,GET,ts-ticketinfo-service
1650253285,ts-assurance-service,3399b218c8317021,,3399b218c8317021,1627,200,getAllAssuranceType,no_parent
1650253285,ts-verification-code-service,a4449a7f68ed8f15,,a4449a7f68ed8f15,2937,200,imageCode,no_parent
1650253285,ts-verification-code-service,d1811ed27c621a8b,9a989e1435d82ca3,c0cc955cd626742,1845,200,verifyCode,ts-auth-service
1650253285,ts-auth-service,9a989e1435d82ca3,c0cc955cd626742,c0cc955cd626742,3576,200,GET,ts-auth-service
1650253285,ts-auth-service,c0cc955cd626742,,c0cc955cd626742,111139,200,getToken,no_parent
1650253285,ts-contacts-service,a67c1a6645c06af1,,a67c1a6645c06af1,2889,200,findContactsByAccountId,no_parent
1650253345,ts-travel-service,38deab189c3660d0,5d90b183ac5709f6,5d90b183ac5709f6,2274,200,GET,ts-travel-service
1650253345,ts-ticketinfo-service,9b54cd00f2b089c8,6cb4967ec2cb26f7,5d90b183ac5709f6,8111,200,queryForStationId,ts-travel-service
1650253345,ts-travel-service,d1e6b656f2ffb8e2,5d90b183ac5709f6,5d90b183ac5709f6,2367,200,GET,ts-travel-service
1650253345,ts-travel-service,37094e087a014609,5d90b183ac5709f6,5d90b183ac5709f6,8810,200,GET,ts-travel-service
1650253345,ts-travel-service,6cb4967ec2cb26f7,5d90b183ac5709f6,5d90b183ac5709f6,8610,200,GET,ts-travel-service
1650253345,ts-basic-service,bb3baec3a4a445fc,1fec5879d11c41c1,5d90b183ac5709f6,3409,200,GET,ts-basic-service
1650253345,ts-route-service,e688e1cb99a3d540,b2d1f77d144de34,5d90b183ac5709f6,2734,200,queryById,ts-travel-service
1650253345,ts-contacts-service,8026aa7be6b4e6b6,fe5734b3ad24eb3f,beae7eea33141d18,2270,200,getContactsByContactsId,ts-preserve-service
1650253345,ts-basic-service,1fec5879d11c41c1,62439ca6035d792,5d90b183ac5709f6,6056,200,queryForStationId,ts-ticketinfo-service
1650253345,ts-basic-service,dee124b044f62c53,705c4900194fe44f,5d90b183ac5709f6,5303,200,queryForStationId,ts-ticketinfo-service
1650253345,ts-ticketinfo-service,705c4900194fe44f,9b54cd00f2b089c8,5d90b183ac5709f6,6003,200,GET,ts-ticketinfo-service
1650253345,ts-travel-service,b2d1f77d144de34,5d90b183ac5709f6,5d90b183ac5709f6,4038,200,GET,ts-travel-service
1650253345,ts-travel-service,5d90b183ac5709f6,,5d90b183ac5709f6,50309,200,queryInfo,no_parent
1650253345,ts-ticketinfo-service,62439ca6035d792,c39bc2459a008ecd,5d90b183ac5709f6,7235,200,GET,ts-ticketinfo-service
1650253345,ts-ticketinfo-service,c39bc2459a008ecd,c914bbc2fce28d98,5d90b183ac5709f6,9612,200,queryForStationId,ts-travel-service
1650253345,ts-route-service,cb7eacde503c0458,ca9b8f186071189,5d90b183ac5709f6,2095,200,queryById,ts-travel-service
1650253345,ts-route-service,f1bea7e4e426fbbc,d1e6b656f2ffb8e2,5d90b183ac5709f6,2215,200,queryById,ts-travel-service
1650253345,ts-route-service,6d8df41227109389,38deab189c3660d0,5d90b183ac5709f6,2126,200,queryById,ts-travel-service
1650253345,ts-route-service,71d0ce441daad555,37094e087a014609,5d90b183ac5709f6,8612,200,queryById,ts-travel-service
1650253345,ts-station-service,7be604852e5243dd,7c711e9502b0f5e,5d90b183ac5709f6,2109,200,queryForStationId,ts-basic-service
1650253345,ts-station-service,1ca9a4fcad9eba35,bb3baec3a4a445fc,5d90b183ac5709f6,2228,200,queryForStationId,ts-basic-service
1650253345,ts-basic-service,7c711e9502b0f5e,dee124b044f62c53,5d90b183ac5709f6,2848,200,GET,ts-basic-service
1650253345,ts-assurance-service,8717c9df93e3c631,,8717c9df93e3c631,1652,200,getAllAssuranceType,no_parent
1650253345,ts-travel-service,ca9b8f186071189,5d90b183ac5709f6,5d90b183ac5709f6,2600,200,GET,ts-travel-service
1650253345,ts-contacts-service,8b10db12a527d8b5,,8b10db12a527d8b5,2904,200,findContactsByAccountId,no_parent
1650253345,ts-preserve-service,fe5734b3ad24eb3f,beae7eea33141d18,beae7eea33141d18,3439,200,GET,ts-preserve-service
1650253345,ts-order-service,d0ee5fc2480f79cb,ccf3eff0c3c0c634,beae7eea33141d18,3764,200,securityInfoCheck,ts-security-service
1650253345,ts-travel-service,c914bbc2fce28d98,5d90b183ac5709f6,5d90b183ac5709f6,11162,200,GET,ts-travel-service
1650253345,ts-preserve-service,a0c03bdad5ccd045,beae7eea33141d18,beae7eea33141d18,15628,200,GET,ts-preserve-service
1650253345,ts-preserve-service,beae7eea33141d18,,beae7eea33141d18,21800,200,preserve,no_parent
1650253345,ts-order-other-service,197165f69c4c892a,16c033dfb8e3305,beae7eea33141d18,3498,200,securityInfoCheck,ts-security-service
1650253345,ts-security-service,67ac471314f34931,a0c03bdad5ccd045,beae7eea33141d18,14133,200,check,ts-preserve-service
1650253345,ts-verification-code-service,bc4efd9391012c26,6e20df5260ac2b5a,7650799304585897,1715,200,verifyCode,ts-auth-service
1650253345,ts-auth-service,6e20df5260ac2b5a,7650799304585897,7650799304585897,3357,200,GET,ts-auth-service
1650253345,ts-auth-service,7650799304585897,,7650799304585897,112855,200,getToken,no_parent
1650253345,ts-security-service,16c033dfb8e3305,67ac471314f34931,beae7eea33141d18,4834,200,GET,ts-security-service
1650253345,ts-security-service,ccf3eff0c3c0c634,67ac471314f34931,beae7eea33141d18,4908,200,GET,ts-security-service
1650253345,ts-verification-code-service,4af67853a3dfa28a,,4af67853a3dfa28a,2732,200,imageCode,no_parent
1650253345,ts-order-service,843d3878eab40ff5,5015909c2e575e5b,5015909c2e575e5b,8780,200,POST,ts-order-service
1650253345,ts-order-service,5015909c2e575e5b,,5015909c2e575e5b,11846,200,queryOrdersForRefresh,no_parent
1650253345,ts-station-service,57575a63cd2415d9,843d3878eab40ff5,5015909c2e575e5b,7244,200,queryForNameBatch,ts-order-service
1650253405,ts-security-service,5c30530927c05469,244fcd3ffb9b7832,11b767fabe0fef23,4643,200,GET,ts-security-service
1650253405,ts-security-service,844417a7b36fe1fc,244fcd3ffb9b7832,11b767fabe0fef23,4575,200,GET,ts-security-service
1650253405,ts-preserve-service,bf39e009706a08fa,11b767fabe0fef23,11b767fabe0fef23,15536,200,GET,ts-preserve-service
1650253405,ts-security-service,244fcd3ffb9b7832,bf39e009706a08fa,11b767fabe0fef23,13896,200,check,ts-preserve-service
1650253405,ts-contacts-service,807dee54b718f17,446c1565cf2bb4cc,11b767fabe0fef23,1621,200,getContactsByContactsId,ts-preserve-service
1650253405,ts-station-service,ca814de92cd620fd,b903e79fc0503887,ebc2b8f3c00a6a6c,7811,200,queryForNameBatch,ts-order-service
1650253405,ts-order-service,ebc2b8f3c00a6a6c,,ebc2b8f3c00a6a6c,12498,200,queryOrdersForRefresh,no_parent
1650253405,ts-order-service,b903e79fc0503887,ebc2b8f3c00a6a6c,ebc2b8f3c00a6a6c,9247,200,POST,ts-order-service
1650253405,ts-preserve-service,446c1565cf2bb4cc,11b767fabe0fef23,11b767fabe0fef23,2913,200,GET,ts-preserve-service
1650253405,ts-preserve-service,11b767fabe0fef23,,11b767fabe0fef23,21120,200,preserve,no_parent
1650253405,ts-auth-service,516fb3d568ff64d7,,516fb3d568ff64d7,124486,200,getToken,no_parent
1650253405,ts-order-service,48a42e92989a5800,844417a7b36fe1fc,11b767fabe0fef23,3169,200,securityInfoCheck,ts-security-service
1650253405,ts-order-other-service,fbabdef2499af384,5c30530927c05469,11b767fabe0fef23,3209,200,securityInfoCheck,ts-security-service
1650253405,ts-auth-service,bf48694258dc25dc,516fb3d568ff64d7,516fb3d568ff64d7,5798,200,GET,ts-auth-service
1650253405,ts-verification-code-service,426f6173b9b738ca,bf48694258dc25dc,516fb3d568ff64d7,1716,200,verifyCode,ts-auth-service
1650253405,ts-verification-code-service,bbef9e0e7f3a2262,,bbef9e0e7f3a2262,2756,200,imageCode,no_parent
1650253405,ts-contacts-service,43e8869e9783260,,43e8869e9783260,2842,200,findContactsByAccountId,no_parent
1650253406,ts-route-service,561658c427f358ea,bd7d0e553b84e146,246072650bccc351,2171,200,queryById,ts-travel-service
1650253406,ts-ticketinfo-service,d5d780c904269a5e,396a673ef525073,246072650bccc351,5426,200,GET,ts-ticketinfo-service
1650253406,ts-travel-service,8aeb414bfce3d231,246072650bccc351,246072650bccc351,8021,200,GET,ts-travel-service
1650253406,ts-travel-service,51ba21606bab9b58,246072650bccc351,246072650bccc351,10410,200,GET,ts-travel-service
1650253406,ts-travel-service,bd7d0e553b84e146,246072650bccc351,246072650bccc351,2651,200,GET,ts-travel-service
1650253406,ts-travel-service,e9c4b00e764c0d65,246072650bccc351,246072650bccc351,2319,200,GET,ts-travel-service
1650253406,ts-travel-service,f1ef525a5c17dd30,246072650bccc351,246072650bccc351,3992,200,GET,ts-travel-service
1650253406,ts-ticketinfo-service,396a673ef525073,8aeb414bfce3d231,246072650bccc351,7554,200,queryForStationId,ts-travel-service
1650253406,ts-ticketinfo-service,dd7325e74e68f2e6,fed34a1d85eb6698,246072650bccc351,6541,200,GET,ts-ticketinfo-service
1650253406,ts-route-service,7459778eaa4ba1e4,f1ef525a5c17dd30,246072650bccc351,2614,200,queryById,ts-travel-service
1650253406,ts-route-service,61bb09c2fa24d63d,d9aa5058849372b4,246072650bccc351,2040,200,queryById,ts-travel-service
1650253406,ts-route-service,f1a88e77b46b394d,73d8f778350f0956,246072650bccc351,2223,200,queryById,ts-travel-service
1650253406,ts-route-service,54827f076c427b9d,e9c4b00e764c0d65,246072650bccc351,2119,200,queryById,ts-travel-service
1650253406,ts-travel-service,d9aa5058849372b4,246072650bccc351,246072650bccc351,2167,200,GET,ts-travel-service
1650253406,ts-travel-service,73d8f778350f0956,246072650bccc351,246072650bccc351,2418,200,GET,ts-travel-service
1650253406,ts-basic-service,e9f818017259406,8febcc1253f4a51e,246072650bccc351,2499,200,GET,ts-basic-service
1650253406,ts-basic-service,e98560981a03195c,6e8fdc463a249c78,246072650bccc351,3294,200,GET,ts-basic-service
1650253406,ts-basic-service,6e8fdc463a249c78,dd7325e74e68f2e6,246072650bccc351,5451,200,queryForStationId,ts-ticketinfo-service
1650253406,ts-station-service,50c255ca8f463c9c,e9f818017259406,246072650bccc351,1803,200,queryForStationId,ts-basic-service
1650253406,ts-ticketinfo-service,fed34a1d85eb6698,51ba21606bab9b58,246072650bccc351,8878,200,queryForStationId,ts-travel-service
1650253406,ts-basic-service,8febcc1253f4a51e,d5d780c904269a5e,246072650bccc351,4716,200,queryForStationId,ts-ticketinfo-service
1650253406,ts-station-service,6bcc7593c39a5d8d,e98560981a03195c,246072650bccc351,2308,200,queryForStationId,ts-basic-service
1650253406,ts-travel-service,246072650bccc351,,246072650bccc351,41433,200,queryInfo,no_parent
1650253406,ts-assurance-service,8417eb214a608f64,,8417eb214a608f64,1507,200,getAllAssuranceType,no_parent
1650253466,ts-station-service,247906aa7af853f,a96bb387a54cbc4,b5a606ce160edde3,2065,200,queryForStationId,ts-basic-service
1650253466,ts-order-service,a55d090818b42a4,,a55d090818b42a4,12309,200,queryOrdersForRefresh,no_parent
1650253466,ts-basic-service,6c1b6a08c198b76,4e987f32d6e324ec,b5a606ce160edde3,3347,200,GET,ts-basic-service
1650253466,ts-ticketinfo-service,7810931048386de3,6025c428db6aeb17,b5a606ce160edde3,7267,200,GET,ts-ticketinfo-service
1650253466,ts-ticketinfo-service,6025c428db6aeb17,42dca6efeead4b81,b5a606ce160edde3,9644,200,queryForStationId,ts-travel-service
1650253466,ts-ticketinfo-service,68eea88de28dd194,b70b7f30d72261eb,b5a606ce160edde3,7638,200,queryForStationId,ts-travel-service
1650253466,ts-travel-service,7dc59d619117c087,b5a606ce160edde3,b5a606ce160edde3,7193,200,GET,ts-travel-service
1650253466,ts-order-service,1db11b92094297d9,a55d090818b42a4,a55d090818b42a4,8854,200,POST,ts-order-service
1650253466,ts-route-service,a94897e3fb7cff44,9abb53b25a354a49,b5a606ce160edde3,2556,200,queryById,ts-travel-service
1650253466,ts-travel-service,42dca6efeead4b81,b5a606ce160edde3,b5a606ce160edde3,11265,200,GET,ts-travel-service
1650253466,ts-ticketinfo-service,dc58dc9eb6786dcf,68eea88de28dd194,b5a606ce160edde3,5649,200,GET,ts-ticketinfo-service
1650253466,ts-travel-service,59e93518ad9b4b35,b5a606ce160edde3,b5a606ce160edde3,3077,200,GET,ts-travel-service
1650253466,ts-travel-service,e3fe3f7f081c8e78,b5a606ce160edde3,b5a606ce160edde3,2726,200,GET,ts-travel-service
1650253466,ts-travel-service,9abb53b25a354a49,b5a606ce160edde3,b5a606ce160edde3,2738,200,GET,ts-travel-service
1650253466,ts-travel-service,b5a606ce160edde3,,b5a606ce160edde3,54543,200,queryInfo,no_parent
1650253466,ts-travel-service,6834ef07c2c6dbdc,b5a606ce160edde3,b5a606ce160edde3,2740,200,GET,ts-travel-service
1650253466,ts-security-service,b55b96331fde6e6f,68622b1744c97d73,93c93e81c3000349,13643,200,check,ts-preserve-service
1650253466,ts-security-service,f773da95f92e93b9,b55b96331fde6e6f,93c93e81c3000349,4691,200,GET,ts-security-service
1650253466,ts-security-service,abaae68508e633a4,b55b96331fde6e6f,93c93e81c3000349,4480,200,GET,ts-security-service
1650253466,ts-basic-service,4e987f32d6e324ec,7810931048386de3,b5a606ce160edde3,6078,200,queryForStationId,ts-ticketinfo-service
1650253466,ts-assurance-service,669751306ebee5b3,,669751306ebee5b3,1414,200,getAllAssuranceType,no_parent
1650253466,ts-contacts-service,fd29ce33de67cdae,ddc871f16107fced,93c93e81c3000349,2373,200,getContactsByContactsId,ts-preserve-service
1650253466,ts-auth-service,34f772a00453dba8,d28fe4109366ffb7,d28fe4109366ffb7,4693,200,GET,ts-auth-service
1650253466,ts-order-other-service,e8ca79ca9cf1b0b,abaae68508e633a4,93c93e81c3000349,3203,200,securityInfoCheck,ts-security-service
1650253466,ts-basic-service,a96bb387a54cbc4,f17722ab59841f79,b5a606ce160edde3,2812,200,GET,ts-basic-service
1650253466,ts-basic-service,f17722ab59841f79,dc58dc9eb6786dcf,b5a606ce160edde3,4820,200,queryForStationId,ts-ticketinfo-service
1650253466,ts-route-service,59891232dd4cb5e,6834ef07c2c6dbdc,b5a606ce160edde3,2508,200,queryById,ts-travel-service
1650253466,ts-preserve-service,68622b1744c97d73,93c93e81c3000349,93c93e81c3000349,15284,200,GET,ts-preserve-service
1650253466,ts-travel-service,b70b7f30d72261eb,b5a606ce160edde3,b5a606ce160edde3,8160,200,GET,ts-travel-service
1650253466,ts-route-service,cd73b316bfcf3c58,7dc59d619117c087,b5a606ce160edde3,5540,200,queryById,ts-travel-service
1650253466,ts-route-service,5bcffa5d9bfe996b,59e93518ad9b4b35,b5a606ce160edde3,2520,200,queryById,ts-travel-service
1650253466,ts-station-service,a9407a741c37d5c2,6c1b6a08c198b76,b5a606ce160edde3,2250,200,queryForStationId,ts-basic-service
1650253466,ts-preserve-service,ddc871f16107fced,93c93e81c3000349,93c93e81c3000349,3616,200,GET,ts-preserve-service
1650253466,ts-auth-service,d28fe4109366ffb7,,d28fe4109366ffb7,119693,200,getToken,no_parent
1650253466,ts-contacts-service,9e9ba5e5e45a937c,,9e9ba5e5e45a937c,3040,200,findContactsByAccountId,no_parent
1650253466,ts-route-service,3e908be8f6b10251,e3fe3f7f081c8e78,b5a606ce160edde3,2545,200,queryById,ts-travel-service
1650253466,ts-verification-code-service,20e8ab9df68e343e,,20e8ab9df68e343e,2712,200,imageCode,no_parent
1650253466,ts-preserve-service,93c93e81c3000349,,93c93e81c3000349,21732,200,preserve,no_parent
1650253466,ts-verification-code-service,49f3db3cd46e63fa,34f772a00453dba8,d28fe4109366ffb7,1725,200,verifyCode,ts-auth-service
1650253466,ts-order-service,adfe0b404384e2e3,f773da95f92e93b9,93c93e81c3000349,3300,200,securityInfoCheck,ts-security-service
1650253466,ts-station-service,7adf98cba0ec7104,1db11b92094297d9,a55d090818b42a4,7268,200,queryForNameBatch,ts-order-service
1650253526,ts-ticketinfo-service,c78585bd15c6a7b5,6c8a8a7639af2d76,17f6d168c5542c23,5784,200,GET,ts-ticketinfo-service
1650253526,ts-ticketinfo-service,e4d2e9febd64813b,4b7ee5070c9d8dd2,17f6d168c5542c23,7065,200,GET,ts-ticketinfo-service
1650253526,ts-ticketinfo-service,6c8a8a7639af2d76,3c21627515634d73,17f6d168c5542c23,7772,200,queryForStationId,ts-travel-service
1650253526,ts-order-other-service,ef52a769d4a8f290,a2c684893ea50764,91368aa115080412,3235,200,securityInfoCheck,ts-security-service
1650253526,ts-verification-code-service,ffa2165cf16b6ea2,81607c5b6d4f2038,c3deb597670937c6,1740,200,verifyCode,ts-auth-service
1650253526,ts-preserve-service,ad463e6d4cc6ee5b,91368aa115080412,91368aa115080412,15820,200,GET,ts-preserve-service
1650253526,ts-preserve-service,ebc596cb62f20e51,91368aa115080412,91368aa115080412,3463,200,GET,ts-preserve-service
1650253526,ts-order-service,3e5db095d4447779,19496cb47ffef23f,91368aa115080412,3267,200,securityInfoCheck,ts-security-service
1650253526,ts-travel-service,71a113f2e350aec9,17f6d168c5542c23,17f6d168c5542c23,3026,200,GET,ts-travel-service
1650253526,ts-preserve-service,91368aa115080412,,91368aa115080412,22294,200,preserve,no_parent
1650253526,ts-security-service,a2c684893ea50764,da16462013244717,91368aa115080412,4464,200,GET,ts-security-service
1650253526,ts-station-service,24658b5d6a25b056,d2f9aa2231e2604d,17f6d168c5542c23,2064,200,queryForStationId,ts-basic-service
1650253526,ts-security-service,da16462013244717,ad463e6d4cc6ee5b,91368aa115080412,14162,200,check,ts-preserve-service
1650253526,ts-security-service,19496cb47ffef23f,da16462013244717,91368aa115080412,4677,200,GET,ts-security-service
1650253526,ts-travel-service,763d8385157e2df3,17f6d168c5542c23,17f6d168c5542c23,4496,200,GET,ts-travel-service
1650253526,ts-travel-service,de2df1f91502357a,17f6d168c5542c23,17f6d168c5542c23,2725,200,GET,ts-travel-service
1650253526,ts-travel-service,7f599661e8283c20,17f6d168c5542c23,17f6d168c5542c23,2641,200,GET,ts-travel-service
1650253526,ts-route-service,d83aa32a5856ab5d,7f599661e8283c20,17f6d168c5542c23,2489,200,queryById,ts-travel-service
1650253526,ts-route-service,eaed8ec299cb01f7,503fca73053f833d,17f6d168c5542c23,2467,200,queryById,ts-travel-service
1650253526,ts-route-service,e8151255ff55c0f1,de2df1f91502357a,17f6d168c5542c23,2554,200,queryById,ts-travel-service
1650253526,ts-basic-service,d2f9aa2231e2604d,5d991d963eba4341,17f6d168c5542c23,2738,200,GET,ts-basic-service
1650253526,ts-travel-service,3c21627515634d73,17f6d168c5542c23,17f6d168c5542c23,8254,200,GET,ts-travel-service
1650253526,ts-travel-service,6aac2ea30cb05a1f,17f6d168c5542c23,17f6d168c5542c23,10866,200,GET,ts-travel-service
1650253526,ts-travel-service,503fca73053f833d,17f6d168c5542c23,17f6d168c5542c23,2623,200,GET,ts-travel-service
1650253526,ts-verification-code-service,a9f1efcd5094fca9,,a9f1efcd5094fca9,2742,200,imageCode,no_parent
1650253526,ts-auth-service,81607c5b6d4f2038,c3deb597670937c6,c3deb597670937c6,3551,200,GET,ts-auth-service
1650253526,ts-auth-service,c3deb597670937c6,,c3deb597670937c6,107983,200,getToken,no_parent
1650253526,ts-basic-service,b640e87565b251af,8175f33b87a84d2f,17f6d168c5542c23,3374,200,GET,ts-basic-service
1650253526,ts-basic-service,8175f33b87a84d2f,e4d2e9febd64813b,17f6d168c5542c23,5817,200,queryForStationId,ts-ticketinfo-service
1650253526,ts-ticketinfo-service,4b7ee5070c9d8dd2,6aac2ea30cb05a1f,17f6d168c5542c23,9329,200,queryForStationId,ts-travel-service
1650253526,ts-basic-service,5d991d963eba4341,c78585bd15c6a7b5,17f6d168c5542c23,5002,200,queryForStationId,ts-ticketinfo-service
1650253526,ts-route-service,b25e239be3359ae5,763d8385157e2df3,17f6d168c5542c23,3007,200,queryById,ts-travel-service
1650253526,ts-station-service,235c3212d79b00d6,b640e87565b251af,17f6d168c5542c23,2250,200,queryForStationId,ts-basic-service
1650253526,ts-contacts-service,fb0f812b816cf771,ebc596cb62f20e51,91368aa115080412,2244,200,getContactsByContactsId,ts-preserve-service
1650253526,ts-travel-service,17f6d168c5542c23,,17f6d168c5542c23,44524,200,queryInfo,no_parent
1650253526,ts-route-service,3c1533735d7b90d2,71a113f2e350aec9,17f6d168c5542c23,2514,200,queryById,ts-travel-service
1650253526,ts-contacts-service,e60b2306eacff73e,,e60b2306eacff73e,2894,200,findContactsByAccountId,no_parent
1650253526,ts-order-service,99aa050981b87c36,,99aa050981b87c36,12668,200,queryOrdersForRefresh,no_parent
1650253526,ts-station-service,d1dbcf88b912a44,70d706b505c76538,99aa050981b87c36,8103,200,queryForNameBatch,ts-order-service
1650253526,ts-assurance-service,8c0b18129dbfc222,,8c0b18129dbfc222,1615,200,getAllAssuranceType,no_parent
1650253526,ts-order-service,70d706b505c76538,99aa050981b87c36,99aa050981b87c36,9630,200,POST,ts-order-service
1650253586,ts-travel-service,5a006fc579c56b2e,121173758c514594,121173758c514594,2668,200,GET,ts-travel-service
1650253586,ts-travel-service,7de737748850b45b,121173758c514594,121173758c514594,2924,200,GET,ts-travel-service
1650253586,ts-travel-service,121173758c514594,,121173758c514594,44570,200,queryInfo,no_parent
1650253586,ts-travel-service,6359f081532631c8,121173758c514594,121173758c514594,2602,200,GET,ts-travel-service
1650253586,ts-travel-service,26818b1c4b514ccd,121173758c514594,121173758c514594,2563,200,GET,ts-travel-service
1650253586,ts-order-other-service,4442bcf9428f4da9,e2602a4c9dd143db,f3cc542055df1e1,3336,200,securityInfoCheck,ts-security-service
1650253586,ts-security-service,21f617342336b4e5,4018367cb088b96c,f3cc542055df1e1,5354,200,GET,ts-security-service
1650253586,ts-assurance-service,3f1b64fff1848966,,3f1b64fff1848966,1582,200,getAllAssuranceType,no_parent
1650253586,ts-contacts-service,dc2e6cadf0741b11,,dc2e6cadf0741b11,2890,200,findContactsByAccountId,no_parent
1650253586,ts-preserve-service,c372b1a4c188e4a,f3cc542055df1e1,f3cc542055df1e1,3589,200,GET,ts-preserve-service
1650253586,ts-order-service,a6a89ec791f28549,21f617342336b4e5,f3cc542055df1e1,3327,200,securityInfoCheck,ts-security-service
1650253586,ts-preserve-service,f3cc542055df1e1,,f3cc542055df1e1,23021,200,preserve,no_parent
1650253586,ts-basic-service,163cab1a88d66d5,fbb0b6ea753dd29,121173758c514594,5983,200,queryForStationId,ts-ticketinfo-service
1650253586,ts-basic-service,769c096eda4a224c,b440adb90fdf8a19,121173758c514594,4755,200,queryForStationId,ts-ticketinfo-service
1650253586,ts-basic-service,442745865421f36e,769c096eda4a224c,121173758c514594,2722,200,GET,ts-basic-service
1650253586,ts-ticketinfo-service,b440adb90fdf8a19,cd4961c9f9578d63,121173758c514594,6077,200,GET,ts-ticketinfo-service
1650253586,ts-preserve-service,35c1de0c1646fe0c,f3cc542055df1e1,f3cc542055df1e1,16520,200,GET,ts-preserve-service
1650253586,ts-station-service,5201f9fa1ad46676,442745865421f36e,121173758c514594,2089,200,queryForStationId,ts-basic-service
1650253586,ts-station-service,e419b6f6da2118e6,70319522f8448b92,121173758c514594,2369,200,queryForStationId,ts-basic-service
1650253586,ts-basic-service,70319522f8448b92,163cab1a88d66d5,121173758c514594,3568,200,GET,ts-basic-service
1650253586,ts-station-service,4a7c0dcbfd73d82a,3af2d5b0d45bb481,44cf8c46752745ed,7758,200,queryForNameBatch,ts-order-service
1650253586,ts-order-service,3af2d5b0d45bb481,44cf8c46752745ed,44cf8c46752745ed,9234,200,POST,ts-order-service
1650253586,ts-security-service,e2602a4c9dd143db,4018367cb088b96c,f3cc542055df1e1,4327,200,GET,ts-security-service
1650253586,ts-security-service,4018367cb088b96c,35c1de0c1646fe0c,f3cc542055df1e1,14348,200,check,ts-preserve-service
1650253586,ts-route-service,27687f431f0e150e,f3d1ca14e33c483b,121173758c514594,2961,200,queryById,ts-travel-service
1650253586,ts-route-service,7d48a5d4915f37ec,7de737748850b45b,121173758c514594,2509,200,queryById,ts-travel-service
1650253586,ts-route-service,a68aa118ad3590e1,26818b1c4b514ccd,121173758c514594,2427,200,queryById,ts-travel-service
1650253586,ts-contacts-service,a4a3ee23911d1f7,c372b1a4c188e4a,f3cc542055df1e1,2538,200,getContactsByContactsId,ts-preserve-service
1650253586,ts-travel-service,2580656abe40ed79,121173758c514594,121173758c514594,11235,200,GET,ts-travel-service
1650253586,ts-travel-service,e9f033b54f6b254f,121173758c514594,121173758c514594,8658,200,GET,ts-travel-service
1650253586,ts-order-service,44cf8c46752745ed,,44cf8c46752745ed,12672,200,queryOrdersForRefresh,no_parent
1650253586,ts-ticketinfo-service,117ba044750c9958,2580656abe40ed79,121173758c514594,9804,200,queryForStationId,ts-travel-service
1650253586,ts-ticketinfo-service,cd4961c9f9578d63,e9f033b54f6b254f,121173758c514594,8114,200,queryForStationId,ts-travel-service
1650253586,ts-travel-service,f3d1ca14e33c483b,121173758c514594,121173758c514594,4260,200,GET,ts-travel-service
1650253586,ts-ticketinfo-service,fbb0b6ea753dd29,117ba044750c9958,121173758c514594,7203,200,GET,ts-ticketinfo-service
1650253586,ts-route-service,bca04d9c766762ed,5a006fc579c56b2e,121173758c514594,2518,200,queryById,ts-travel-service
1650253586,ts-verification-code-service,9637df123d1ef3f0,,9637df123d1ef3f0,6411,200,imageCode,no_parent
1650253586,ts-verification-code-service,68666ebef6389e3d,baed36152cdc0dd8,8dba776216793b66,2568,200,verifyCode,ts-auth-service
1650253586,ts-route-service,a1daf6b66ba30467,6359f081532631c8,121173758c514594,2466,200,queryById,ts-travel-service
1650253586,ts-auth-service,baed36152cdc0dd8,8dba776216793b66,8dba776216793b66,7530,200,GET,ts-auth-service
1650253586,ts-auth-service,8dba776216793b66,,8dba776216793b66,113783,200,getToken,no_parent
1650253647,ts-station-service,4940e774994ad386,e42b664866dac654,62834fa5a2f635e8,2111,200,queryForStationId,ts-basic-service
1650253647,ts-preserve-service,7539b9ea123627d7,c761233142b59746,c761233142b59746,13052,200,GET,ts-preserve-service
1650253647,ts-security-service,ecc3e6081996d32c,7539b9ea123627d7,c761233142b59746,11680,200,check,ts-preserve-service
1650253647,ts-security-service,344a319ae506922b,ecc3e6081996d32c,c761233142b59746,3803,200,GET,ts-security-service
1650253647,ts-contacts-service,adc1a2de5bbce444,,adc1a2de5bbce444,2250,200,findContactsByAccountId,no_parent
1650253647,ts-security-service,533c58b407db7640,ecc3e6081996d32c,c761233142b59746,3859,200,GET,ts-security-service
1650253647,ts-route-service,7d6e68185fd4c29b,41a3073a88b7b03c,62834fa5a2f635e8,2931,200,queryById,ts-travel-service
1650253647,ts-ticketinfo-service,a0fb03ff2fec7223,1900bc5703e7d55a,62834fa5a2f635e8,9852,200,queryForStationId,ts-travel-service
1650253647,ts-ticketinfo-service,207ff35140641e8b,e440dda252e40bc5,62834fa5a2f635e8,5533,200,GET,ts-ticketinfo-service
1650253647,ts-travel-service,2cf929c0793fed0e,62834fa5a2f635e8,62834fa5a2f635e8,2619,200,GET,ts-travel-service
1650253647,ts-travel-service,1900bc5703e7d55a,62834fa5a2f635e8,62834fa5a2f635e8,11299,200,GET,ts-travel-service
1650253647,ts-travel-service,62b2d7cf8d9bd65c,62834fa5a2f635e8,62834fa5a2f635e8,2933,200,GET,ts-travel-service
1650253647,ts-travel-service,32f6b870ed8840e6,62834fa5a2f635e8,62834fa5a2f635e8,7992,200,GET,ts-travel-service
1650253647,ts-travel-service,62834fa5a2f635e8,,62834fa5a2f635e8,44145,200,queryInfo,no_parent
1650253647,ts-route-service,a022bb7546d35ee8,2cf929c0793fed0e,62834fa5a2f635e8,2489,200,queryById,ts-travel-service
1650253647,ts-route-service,c94867dd3ab6f1a9,62b2d7cf8d9bd65c,62834fa5a2f635e8,2461,200,queryById,ts-travel-service
1650253647,ts-route-service,aaeb5e700289529b,c66e8cc84ee08146,62834fa5a2f635e8,2566,200,queryById,ts-travel-service
1650253647,ts-order-service,4db292cfa4ce3248,533c58b407db7640,c761233142b59746,2579,200,securityInfoCheck,ts-security-service
1650253647,ts-order-other-service,2296e2c99540e55b,344a319ae506922b,c761233142b59746,2479,200,securityInfoCheck,ts-security-service
1650253647,ts-auth-service,77a6c6edf1bdfabf,,77a6c6edf1bdfabf,107464,200,getToken,no_parent
1650253647,ts-station-service,75ba8591bf4eba7d,e522672017148549,e22586b2a425147c,7747,200,queryForNameBatch,ts-order-service
1650253647,ts-order-service,e22586b2a425147c,,e22586b2a425147c,12166,200,queryOrdersForRefresh,no_parent
1650253647,ts-ticketinfo-service,e204cf919f891f5e,a0fb03ff2fec7223,62834fa5a2f635e8,7458,200,GET,ts-ticketinfo-service
1650253647,ts-verification-code-service,8c014d04fe3f7dee,f9e17820245df304,77a6c6edf1bdfabf,1714,200,verifyCode,ts-auth-service
1650253647,ts-route-service,ec50f285a87b3800,2da0d6cb27d2a5a3,62834fa5a2f635e8,2464,200,queryById,ts-travel-service
1650253647,ts-travel-service,2da0d6cb27d2a5a3,62834fa5a2f635e8,62834fa5a2f635e8,2611,200,GET,ts-travel-service
1650253647,ts-travel-service,41a3073a88b7b03c,62834fa5a2f635e8,62834fa5a2f635e8,4307,200,GET,ts-travel-service
1650253647,ts-travel-service,c66e8cc84ee08146,62834fa5a2f635e8,62834fa5a2f635e8,2579,200,GET,ts-travel-service
1650253647,ts-station-service,ac36543b9d6d670b,c6a0fa099be6526d,62834fa5a2f635e8,2241,200,queryForStationId,ts-basic-service
1650253647,ts-basic-service,c6a0fa099be6526d,6141175c999ad4f5,62834fa5a2f635e8,3406,200,GET,ts-basic-service
1650253647,ts-basic-service,e42b664866dac654,8f3f51cba6f33e02,62834fa5a2f635e8,2788,200,GET,ts-basic-service
1650253647,ts-basic-service,6141175c999ad4f5,e204cf919f891f5e,62834fa5a2f635e8,5841,200,queryForStationId,ts-ticketinfo-service
1650253647,ts-basic-service,8f3f51cba6f33e02,207ff35140641e8b,62834fa5a2f635e8,4830,200,queryForStationId,ts-ticketinfo-service
1650253647,ts-verification-code-service,77a724a0a79f5632,,77a724a0a79f5632,2652,200,imageCode,no_parent
1650253647,ts-auth-service,f9e17820245df304,77a6c6edf1bdfabf,77a6c6edf1bdfabf,3992,200,GET,ts-auth-service
1650253647,ts-ticketinfo-service,e440dda252e40bc5,32f6b870ed8840e6,62834fa5a2f635e8,7536,200,queryForStationId,ts-travel-service
1650253647,ts-contacts-service,c19eeb6e856e55c1,8bab80c952281f1b,c761233142b59746,1946,200,getContactsByContactsId,ts-preserve-service
1650253647,ts-preserve-service,c761233142b59746,,c761233142b59746,18680,200,preserve,no_parent
1650253647,ts-preserve-service,8bab80c952281f1b,c761233142b59746,c761233142b59746,3213,200,GET,ts-preserve-service
1650253647,ts-order-service,e522672017148549,e22586b2a425147c,e22586b2a425147c,9155,200,POST,ts-order-service
1650253647,ts-assurance-service,e9620c7f9818ff58,,e9620c7f9818ff58,1565,200,getAllAssuranceType,no_parent
1650253707,ts-contacts-service,8e1128c2aa12e9ee,,8e1128c2aa12e9ee,2933,200,findContactsByAccountId,no_parent
1650253707,ts-security-service,220b2475da981be5,dee004d5c6fabb04,50e7c031bfc987b1,4723,200,GET,ts-security-service
1650253707,ts-travel-service,b54b7126e30481d9,670228ee2a8e3386,670228ee2a8e3386,2568,200,GET,ts-travel-service
1650253707,ts-travel-service,12962734b5e4de9,670228ee2a8e3386,670228ee2a8e3386,2592,200,GET,ts-travel-service
1650253707,ts-route-service,7256d6983ea52008,12962734b5e4de9,670228ee2a8e3386,2472,200,queryById,ts-travel-service
1650253707,ts-station-service,24e6d50521ded529,ddb323431cc370b1,670228ee2a8e3386,2148,200,queryForStationId,ts-basic-service
1650253707,ts-station-service,b136eb83448d7012,ffe71981b58dc5d6,670228ee2a8e3386,1953,200,queryForStationId,ts-basic-service
1650253707,ts-ticketinfo-service,2822b4b09f4ff237,44268f6d85fa5f06,670228ee2a8e3386,9195,200,queryForStationId,ts-travel-service
1650253707,ts-order-service,1915f744690c28e3,1e8137c7b4962961,1e8137c7b4962961,9610,200,POST,ts-order-service
1650253707,ts-order-service,1e8137c7b4962961,,1e8137c7b4962961,12793,200,queryOrdersForRefresh,no_parent
1650253707,ts-assurance-service,22c71699397d71fa,,22c71699397d71fa,1608,200,getAllAssuranceType,no_parent
1650253707,ts-preserve-service,50e7c031bfc987b1,,50e7c031bfc987b1,23272,200,preserve,no_parent
1650253707,ts-station-service,577bfbe89b8439e0,1915f744690c28e3,1e8137c7b4962961,7717,200,queryForNameBatch,ts-order-service
1650253707,ts-preserve-service,8280964de9f03534,50e7c031bfc987b1,50e7c031bfc987b1,3822,200,GET,ts-preserve-service
1650253707,ts-order-service,972657fa5547f08e,da7e05531490e385,50e7c031bfc987b1,3979,200,securityInfoCheck,ts-security-service
1650253707,ts-contacts-service,67e10d9500763a3e,8280964de9f03534,50e7c031bfc987b1,2489,200,getContactsByContactsId,ts-preserve-service
1650253707,ts-preserve-service,eec47dde3561ec39,50e7c031bfc987b1,50e7c031bfc987b1,16402,200,GET,ts-preserve-service
1650253707,ts-order-other-service,6a90615ad4db1ca6,220b2475da981be5,50e7c031bfc987b1,3453,200,securityInfoCheck,ts-security-service
1650253707,ts-security-service,da7e05531490e385,dee004d5c6fabb04,50e7c031bfc987b1,5386,200,GET,ts-security-service
1650253707,ts-security-service,dee004d5c6fabb04,eec47dde3561ec39,50e7c031bfc987b1,14906,200,check,ts-preserve-service
1650253707,ts-travel-service,b545d09e0567b6bc,670228ee2a8e3386,670228ee2a8e3386,13575,200,GET,ts-travel-service
1650253707,ts-travel-service,d1f9a5ce6fb18053,670228ee2a8e3386,670228ee2a8e3386,2576,200,GET,ts-travel-service
1650253707,ts-route-service,2cf391754e6ac35f,d1f9a5ce6fb18053,670228ee2a8e3386,2433,200,queryById,ts-travel-service
1650253707,ts-basic-service,ddb323431cc370b1,d066aa2b60a52cfd,670228ee2a8e3386,3265,200,GET,ts-basic-service
1650253707,ts-ticketinfo-service,9ecc375c54cdaedb,b545d09e0567b6bc,670228ee2a8e3386,12973,200,queryForStationId,ts-travel-service
1650253707,ts-travel-service,23571ff0b9bb8597,670228ee2a8e3386,670228ee2a8e3386,4741,200,GET,ts-travel-service
1650253707,ts-route-service,6f08fcaa23a94d6f,2002d5356bb7e071,670228ee2a8e3386,2469,200,queryById,ts-travel-service
1650253707,ts-route-service,7fc345887a5a2074,b54b7126e30481d9,670228ee2a8e3386,2445,200,queryById,ts-travel-service
1650253707,ts-route-service,2cb9cb30115db5f7,23571ff0b9bb8597,670228ee2a8e3386,3070,200,queryById,ts-travel-service
1650253707,ts-ticketinfo-service,839977634c200648,2822b4b09f4ff237,670228ee2a8e3386,6939,200,GET,ts-ticketinfo-service
1650253707,ts-basic-service,ffe71981b58dc5d6,fafed66f3769ce3e,670228ee2a8e3386,2778,200,GET,ts-basic-service
1650253707,ts-basic-service,fafed66f3769ce3e,6065e27d9bfb4eca,670228ee2a8e3386,4900,200,queryForStationId,ts-ticketinfo-service
1650253707,ts-ticketinfo-service,6065e27d9bfb4eca,9ecc375c54cdaedb,670228ee2a8e3386,5588,200,GET,ts-ticketinfo-service
1650253707,ts-travel-service,2002d5356bb7e071,670228ee2a8e3386,670228ee2a8e3386,2893,200,GET,ts-travel-service
1650253707,ts-travel-service,44268f6d85fa5f06,670228ee2a8e3386,670228ee2a8e3386,10784,200,GET,ts-travel-service
1650253707,ts-basic-service,d066aa2b60a52cfd,839977634c200648,670228ee2a8e3386,5539,200,queryForStationId,ts-ticketinfo-service
1650253707,ts-travel-service,670228ee2a8e3386,,670228ee2a8e3386,49358,200,queryInfo,no_parent
1650253707,ts-verification-code-service,38107f1e7477f75f,b299a11745e97a53,7f3529b39c58d0d9,1711,200,verifyCode,ts-auth-service
1650253707,ts-auth-service,b299a11745e97a53,7f3529b39c58d0d9,7f3529b39c58d0d9,3491,200,GET,ts-auth-service
1650253707,ts-auth-service,7f3529b39c58d0d9,,7f3529b39c58d0d9,104615,200,getToken,no_parent
1650253707,ts-verification-code-service,385e3d1b11dc821f,,385e3d1b11dc821f,2746,200,imageCode,no_parent
1650253767,ts-contacts-service,b769c92c23e39fb6,e86d0fabe335d0a3,6fcd6f09e233cf81,2058,200,getContactsByContactsId,ts-preserve-service
1650253767,ts-verification-code-service,b9e7d73c1823f60c,dba9c888f4e1e66d,cf56c3aedefc8b17,1799,200,verifyCode,ts-auth-service
1650253767,ts-security-service,97fbca0a5998fb8e,7888b5054b9f7609,6fcd6f09e233cf81,4518,200,GET,ts-security-service
1650253767,ts-security-service,7888b5054b9f7609,61d8b5b6f8f046ec,6fcd6f09e233cf81,14548,200,check,ts-preserve-service
1650253767,ts-contacts-service,d7cfa4f895c54331,,d7cfa4f895c54331,3022,200,findContactsByAccountId,no_parent
1650253767,ts-preserve-service,6fcd6f09e233cf81,,6fcd6f09e233cf81,22302,200,preserve,no_parent
1650253767,ts-preserve-service,61d8b5b6f8f046ec,6fcd6f09e233cf81,6fcd6f09e233cf81,16110,200,GET,ts-preserve-service
1650253767,ts-preserve-service,e86d0fabe335d0a3,6fcd6f09e233cf81,6fcd6f09e233cf81,3310,200,GET,ts-preserve-service
1650253767,ts-order-service,16445f2b93123085,a9a989fa454661d9,6fcd6f09e233cf81,3409,200,securityInfoCheck,ts-security-service
1650253767,ts-route-service,bd8a2003b7b02d1,6880d9eac7332ee3,b5ecc8d9adbf278,2473,200,queryById,ts-travel-service
1650253767,ts-travel-service,6880d9eac7332ee3,b5ecc8d9adbf278,b5ecc8d9adbf278,2617,200,GET,ts-travel-service
1650253767,ts-basic-service,fca053975f4d42f6,ce127088c90ec6dc,b5ecc8d9adbf278,2742,200,GET,ts-basic-service
1650253767,ts-basic-service,ce127088c90ec6dc,ceaa490346c490e6,b5ecc8d9adbf278,4802,200,queryForStationId,ts-ticketinfo-service
1650253767,ts-travel-service,c5c9c52d41d9c5a1,b5ecc8d9adbf278,b5ecc8d9adbf278,4331,200,GET,ts-travel-service
1650253767,ts-travel-service,b5ecc8d9adbf278,,b5ecc8d9adbf278,44879,200,queryInfo,no_parent
1650253767,ts-travel-service,1d3146628ce73992,b5ecc8d9adbf278,b5ecc8d9adbf278,11002,200,GET,ts-travel-service
1650253767,ts-travel-service,2f8db2332fdedd16,b5ecc8d9adbf278,b5ecc8d9adbf278,7988,200,GET,ts-travel-service
1650253767,ts-route-service,5c3f5934be08094f,c5c9c52d41d9c5a1,b5ecc8d9adbf278,3058,200,queryById,ts-travel-service
1650253767,ts-ticketinfo-service,44b1b90cf3982a9a,c601af366a96303d,b5ecc8d9adbf278,7416,200,GET,ts-ticketinfo-service
1650253767,ts-basic-service,768eb85b056e2cbd,3da18c3bb53de632,b5ecc8d9adbf278,3597,200,GET,ts-basic-service
1650253767,ts-travel-service,ac314c968f06cae7,b5ecc8d9adbf278,b5ecc8d9adbf278,2687,200,GET,ts-travel-service
1650253767,ts-ticketinfo-service,ceaa490346c490e6,92eaee2dfcb26678,b5ecc8d9adbf278,5565,200,GET,ts-ticketinfo-service
1650253767,ts-ticketinfo-service,92eaee2dfcb26678,2f8db2332fdedd16,b5ecc8d9adbf278,7577,200,queryForStationId,ts-travel-service
1650253767,ts-order-service,d427039afdade9,1402dc9476ed3aec,1402dc9476ed3aec,9963,200,POST,ts-order-service
1650253767,ts-order-service,1402dc9476ed3aec,,1402dc9476ed3aec,13084,200,queryOrdersForRefresh,no_parent
1650253767,ts-station-service,6c9683cc55ceff35,d427039afdade9,1402dc9476ed3aec,8209,200,queryForNameBatch,ts-order-service
1650253767,ts-route-service,238f9160880c14aa,ac314c968f06cae7,b5ecc8d9adbf278,2559,200,queryById,ts-travel-service
1650253767,ts-basic-service,3da18c3bb53de632,44b1b90cf3982a9a,b5ecc8d9adbf278,6144,200,queryForStationId,ts-ticketinfo-service
1650253767,ts-travel-service,7b5df763031245fd,b5ecc8d9adbf278,b5ecc8d9adbf278,2624,200,GET,ts-travel-service
1650253767,ts-route-service,e781b4677938dac2,7d73965eae42b1ad,b5ecc8d9adbf278,3060,200,queryById,ts-travel-service
1650253767,ts-route-service,744c7b471f9c5f4d,7b5df763031245fd,b5ecc8d9adbf278,2447,200,queryById,ts-travel-service
1650253767,ts-auth-service,dba9c888f4e1e66d,cf56c3aedefc8b17,cf56c3aedefc8b17,3813,200,GET,ts-auth-service
1650253767,ts-station-service,a355af08c810e609,fca053975f4d42f6,b5ecc8d9adbf278,2119,200,queryForStationId,ts-basic-service
1650253767,ts-station-service,58b1e4aa0e61a806,768eb85b056e2cbd,b5ecc8d9adbf278,2457,200,queryForStationId,ts-basic-service
1650253767,ts-auth-service,cf56c3aedefc8b17,,cf56c3aedefc8b17,109189,200,getToken,no_parent
1650253767,ts-order-other-service,c014dc0fd8115f32,97fbca0a5998fb8e,6fcd6f09e233cf81,3160,200,securityInfoCheck,ts-security-service
1650253767,ts-ticketinfo-service,c601af366a96303d,1d3146628ce73992,b5ecc8d9adbf278,9760,200,queryForStationId,ts-travel-service
1650253767,ts-travel-service,7d73965eae42b1ad,b5ecc8d9adbf278,b5ecc8d9adbf278,3534,200,GET,ts-travel-service
1650253767,ts-verification-code-service,a06a48342d2c3914,,a06a48342d2c3914,2704,200,imageCode,no_parent
1650253767,ts-security-service,a9a989fa454661d9,7888b5054b9f7609,6fcd6f09e233cf81,5094,200,GET,ts-security-service
1650253767,ts-assurance-service,5bbea08a9fddba2e,,5bbea08a9fddba2e,1634,200,getAllAssuranceType,no_parent
1650253827,ts-security-service,19b1174eeb26c7ad,6f6d8e985216188b,b4033b56bf01876d,14211,200,check,ts-preserve-service
1650253827,ts-contacts-service,9b8a5ff1a9e8e61c,60df2e795db712c6,b4033b56bf01876d,2224,200,getContactsByContactsId,ts-preserve-service
1650253827,ts-preserve-service,60df2e795db712c6,b4033b56bf01876d,b4033b56bf01876d,3515,200,GET,ts-preserve-service
1650253827,ts-preserve-service,6f6d8e985216188b,b4033b56bf01876d,b4033b56bf01876d,15804,200,GET,ts-preserve-service
1650253827,ts-order-service,ee8b46f463cd8e98,,ee8b46f463cd8e98,12785,200,queryOrdersForRefresh,no_parent
1650253827,ts-station-service,3236a02670dd59ad,ce279373690eaea3,ee8b46f463cd8e98,8161,200,queryForNameBatch,ts-order-service
1650253827,ts-order-service,ce279373690eaea3,ee8b46f463cd8e98,ee8b46f463cd8e98,9570,200,POST,ts-order-service
1650253827,ts-order-other-service,c119b9f2fb090efe,3de51c4b1dc75cee,b4033b56bf01876d,3207,200,securityInfoCheck,ts-security-service
1650253827,ts-security-service,196341576938094d,19b1174eeb26c7ad,b4033b56bf01876d,5072,200,GET,ts-security-service
1650253827,ts-security-service,3de51c4b1dc75cee,19b1174eeb26c7ad,b4033b56bf01876d,4539,200,GET,ts-security-service
1650253827,ts-order-service,db473deedfd609c4,196341576938094d,b4033b56bf01876d,3592,200,securityInfoCheck,ts-security-service
1650253827,ts-preserve-service,b4033b56bf01876d,,b4033b56bf01876d,22300,200,preserve,no_parent
1650253827,ts-auth-service,5a90a6d0222d3929,fc198ea5656de85f,fc198ea5656de85f,3614,200,GET,ts-auth-service
1650253827,ts-auth-service,fc198ea5656de85f,,fc198ea5656de85f,115716,200,getToken,no_parent
1650253827,ts-verification-code-service,5c3a527cffd27cba,,5c3a527cffd27cba,2782,200,imageCode,no_parent
1650253827,ts-verification-code-service,d558b4b39a2ab065,5a90a6d0222d3929,fc198ea5656de85f,1715,200,verifyCode,ts-auth-service
1650253827,ts-contacts-service,242c5b10673368b4,,242c5b10673368b4,2850,200,findContactsByAccountId,no_parent
1650253828,ts-travel-service,9e7d17487d086aa8,b274cb663bf33664,b274cb663bf33664,2594,200,GET,ts-travel-service
1650253828,ts-station-service,63a302fb2fada7ef,1b00c7d043518014,b274cb663bf33664,2383,200,queryForStationId,ts-basic-service
1650253828,ts-travel-service,8316be2c1c88eeca,b274cb663bf33664,b274cb663bf33664,2615,200,GET,ts-travel-service
1650253828,ts-route-service,f1ef7f0ef2127861,93deefd736a50e5b,b274cb663bf33664,2681,200,queryById,ts-travel-service
1650253828,ts-travel-service,74a54d37fbb42a5c,b274cb663bf33664,b274cb663bf33664,10281,200,GET,ts-travel-service
1650253828,ts-travel-service,4c481ca8fc21f60b,b274cb663bf33664,b274cb663bf33664,8014,200,GET,ts-travel-service
1650253828,ts-travel-service,b274cb663bf33664,,b274cb663bf33664,42012,200,queryInfo,no_parent
1650253828,ts-travel-service,aec451481ecf4c33,b274cb663bf33664,b274cb663bf33664,2643,200,GET,ts-travel-service
1650253828,ts-station-service,46be304f0e2f966,8f1a6601c3d790dc,b274cb663bf33664,2104,200,queryForStationId,ts-basic-service
1650253828,ts-ticketinfo-service,2780f0c1dcaef1f2,4c481ca8fc21f60b,b274cb663bf33664,7554,200,queryForStationId,ts-travel-service
1650253828,ts-ticketinfo-service,b44828b6398b8ed3,2780f0c1dcaef1f2,b274cb663bf33664,5936,200,GET,ts-ticketinfo-service
1650253828,ts-basic-service,1b00c7d043518014,3f2d1cea0906588d,b274cb663bf33664,3091,200,GET,ts-basic-service
1650253828,ts-basic-service,3f2d1cea0906588d,b44828b6398b8ed3,b274cb663bf33664,5303,200,queryForStationId,ts-ticketinfo-service
1650253828,ts-basic-service,9a1e6ce02014461,5ede7bcc877683b4,b274cb663bf33664,5571,200,queryForStationId,ts-ticketinfo-service
1650253828,ts-travel-service,93deefd736a50e5b,b274cb663bf33664,b274cb663bf33664,3911,200,GET,ts-travel-service
1650253828,ts-basic-service,8f1a6601c3d790dc,9a1e6ce02014461,b274cb663bf33664,3324,200,GET,ts-basic-service
1650253828,ts-travel-service,4b6a0eb2e6f18414,b274cb663bf33664,b274cb663bf33664,2873,200,GET,ts-travel-service
1650253828,ts-ticketinfo-service,5ede7bcc877683b4,2401c4054d9ef550,b274cb663bf33664,6556,200,GET,ts-ticketinfo-service
1650253828,ts-route-service,6301acd4aa0ba40d,8316be2c1c88eeca,b274cb663bf33664,2503,200,queryById,ts-travel-service
1650253828,ts-route-service,8a81942953fc5d0c,4b6a0eb2e6f18414,b274cb663bf33664,2423,200,queryById,ts-travel-service
1650253828,ts-route-service,4afd6633ba61aaa3,aec451481ecf4c33,b274cb663bf33664,2468,200,queryById,ts-travel-service
1650253828,ts-route-service,80320b479d932395,9e7d17487d086aa8,b274cb663bf33664,2422,200,queryById,ts-travel-service
1650253828,ts-ticketinfo-service,2401c4054d9ef550,74a54d37fbb42a5c,b274cb663bf33664,8999,200,queryForStationId,ts-travel-service
1650253828,ts-assurance-service,c29efb890ee1091f,,c29efb890ee1091f,1620,200,getAllAssuranceType,no_parent
1650253888,ts-travel-service,5dd7f9c916b315fb,823fdb8b0975ef88,823fdb8b0975ef88,2912,200,GET,ts-travel-service
1650253888,ts-route-service,3f8327dcaff157c5,6e4370ba2f937a12,823fdb8b0975ef88,2431,200,queryById,ts-travel-service
1650253888,ts-order-service,4563811ad010de52,915f50a378b5cbbe,915f50a378b5cbbe,8016,200,POST,ts-order-service
1650253888,ts-verification-code-service,8fa222c88c85124b,7e7580574db6658c,929b60044132aa09,1709,200,verifyCode,ts-auth-service
1650253888,ts-auth-service,929b60044132aa09,,929b60044132aa09,107673,200,getToken,no_parent
1650253888,ts-auth-service,7e7580574db6658c,929b60044132aa09,929b60044132aa09,3535,200,GET,ts-auth-service
1650253888,ts-station-service,e1b66f4469743a61,4563811ad010de52,915f50a378b5cbbe,6863,200,queryForNameBatch,ts-order-service
1650253888,ts-verification-code-service,82c550cd16a57015,,82c550cd16a57015,2365,200,imageCode,no_parent
1650253888,ts-route-service,d15741795af7de78,eab032b0a00fb77b,823fdb8b0975ef88,2947,200,queryById,ts-travel-service
1650253888,ts-basic-service,4fa8abfbae457f2f,1a9bb56fd6d26c0e,823fdb8b0975ef88,5791,200,queryForStationId,ts-ticketinfo-service
1650253888,ts-basic-service,f3d5aa6fedf39d95,28b554f1e3454c56,823fdb8b0975ef88,4691,200,queryForStationId,ts-ticketinfo-service
1650253888,ts-travel-service,f258ad3b104a04a1,823fdb8b0975ef88,823fdb8b0975ef88,7898,200,GET,ts-travel-service
1650253888,ts-ticketinfo-service,fc1cd2e338c7ce6a,f258ad3b104a04a1,823fdb8b0975ef88,7417,200,queryForStationId,ts-travel-service
1650253888,ts-ticketinfo-service,28b554f1e3454c56,fc1cd2e338c7ce6a,823fdb8b0975ef88,5392,200,GET,ts-ticketinfo-service
1650253888,ts-ticketinfo-service,1a9bb56fd6d26c0e,299fb5f2451a1876,823fdb8b0975ef88,7028,200,GET,ts-ticketinfo-service
1650253888,ts-basic-service,e1ce075327e0bebe,f3d5aa6fedf39d95,823fdb8b0975ef88,2715,200,GET,ts-basic-service
1650253888,ts-order-other-service,4d9dd1c5ff49b803,a24c66e44e94988c,6ffc390577859e89,2395,200,securityInfoCheck,ts-security-service
1650253888,ts-basic-service,6315cbc7c4147786,4fa8abfbae457f2f,823fdb8b0975ef88,3370,200,GET,ts-basic-service
1650253888,ts-ticketinfo-service,299fb5f2451a1876,1c3786b90f11a334,823fdb8b0975ef88,9337,200,queryForStationId,ts-travel-service
1650253888,ts-order-service,915f50a378b5cbbe,,915f50a378b5cbbe,10810,200,queryOrdersForRefresh,no_parent
1650253888,ts-preserve-service,6ffc390577859e89,,6ffc390577859e89,23944,200,preserve,no_parent
1650253888,ts-order-service,f6ce386621c9170a,3d8730115ae3f6d6,6ffc390577859e89,8801,200,securityInfoCheck,ts-security-service
1650253888,ts-security-service,5082e9428786808f,3725f75510eda110,6ffc390577859e89,17454,200,check,ts-preserve-service
1650253888,ts-preserve-service,57f8b7d12941063b,6ffc390577859e89,6ffc390577859e89,3027,200,GET,ts-preserve-service
1650253888,ts-security-service,3d8730115ae3f6d6,5082e9428786808f,6ffc390577859e89,10017,200,GET,ts-security-service
1650253888,ts-route-service,3a07be62a814921f,84662e281ccdb8af,823fdb8b0975ef88,2480,200,queryById,ts-travel-service
1650253888,ts-preserve-service,3725f75510eda110,6ffc390577859e89,6ffc390577859e89,18838,200,GET,ts-preserve-service
1650253888,ts-station-service,6c9ae04d2ac9a455,e1ce075327e0bebe,823fdb8b0975ef88,2030,200,queryForStationId,ts-basic-service
1650253888,ts-travel-service,1c3786b90f11a334,823fdb8b0975ef88,823fdb8b0975ef88,10930,200,GET,ts-travel-service
1650253888,ts-travel-service,84662e281ccdb8af,823fdb8b0975ef88,823fdb8b0975ef88,2625,200,GET,ts-travel-service
1650253888,ts-travel-service,6e4370ba2f937a12,823fdb8b0975ef88,823fdb8b0975ef88,11012,200,GET,ts-travel-service
1650253888,ts-route-service,47b86dd64112379f,bd4d44528b6276a0,823fdb8b0975ef88,2359,200,queryById,ts-travel-service
1650253888,ts-route-service,d2fa7bb19f3d4105,5dd7f9c916b315fb,823fdb8b0975ef88,2485,200,queryById,ts-travel-service
1650253888,ts-station-service,a4770470efef945f,6315cbc7c4147786,823fdb8b0975ef88,2244,200,queryForStationId,ts-basic-service
1650253888,ts-travel-service,bd4d44528b6276a0,823fdb8b0975ef88,823fdb8b0975ef88,2458,200,GET,ts-travel-service
1650253888,ts-travel-service,eab032b0a00fb77b,823fdb8b0975ef88,823fdb8b0975ef88,4295,200,GET,ts-travel-service
1650253888,ts-travel-service,823fdb8b0975ef88,,823fdb8b0975ef88,51795,200,queryInfo,no_parent
1650253888,ts-security-service,a24c66e44e94988c,5082e9428786808f,6ffc390577859e89,3863,200,GET,ts-security-service
1650253888,ts-contacts-service,7c019f829654c826,57f8b7d12941063b,6ffc390577859e89,1934,200,getContactsByContactsId,ts-preserve-service
1650253888,ts-contacts-service,c58cf0ee4ad7e42a,,c58cf0ee4ad7e42a,2429,200,findContactsByAccountId,no_parent
1650253888,ts-assurance-service,853cc2b679121de0,,853cc2b679121de0,1599,200,getAllAssuranceType,no_parent
1650253948,ts-basic-service,107a7fe5b2339a42,554a7d8b3381f52c,ed05e79f4afec75b,3742,200,GET,ts-basic-service
1650253948,ts-basic-service,554a7d8b3381f52c,d82f348d3fe09ff8,ed05e79f4afec75b,6600,200,queryForStationId,ts-ticketinfo-service
1650253948,ts-basic-service,51611e1871e814fb,88125e611572d298,ed05e79f4afec75b,3327,200,GET,ts-basic-service
1650253948,ts-assurance-service,98d87be313172b3b,,98d87be313172b3b,1602,200,getAllAssuranceType,no_parent
1650253948,ts-route-service,bcba49af3079ce6e,cb3e4cd3d1764a7e,ed05e79f4afec75b,2411,200,queryById,ts-travel-service
1650253948,ts-route-service,1590080b30806fc7,92e6fde7cf2a6c76,ed05e79f4afec75b,2442,200,queryById,ts-travel-service
1650253948,ts-route-service,7dd185937485f837,9cc89c7ea68dcc14,ed05e79f4afec75b,2855,200,queryById,ts-travel-service
1650253948,ts-travel-service,153a57666ba74a7c,ed05e79f4afec75b,ed05e79f4afec75b,8847,200,GET,ts-travel-service
1650253948,ts-travel-service,ed05e79f4afec75b,,ed05e79f4afec75b,45204,200,queryInfo,no_parent
1650253948,ts-route-service,f0dbc77857d50ce6,6c7f11e04f72b8f0,ed05e79f4afec75b,2264,200,queryById,ts-travel-service
1650253948,ts-station-service,334b50b98ba84a29,107a7fe5b2339a42,ed05e79f4afec75b,2622,200,queryForStationId,ts-basic-service
1650253948,ts-station-service,43d9a720e472dab2,51611e1871e814fb,ed05e79f4afec75b,2301,200,queryForStationId,ts-basic-service
1650253948,ts-order-service,260d2e67dfdcfcd4,d3b443e3d174ac0f,a7c488eb1a50576,3416,200,securityInfoCheck,ts-security-service
1650253948,ts-travel-service,9cc89c7ea68dcc14,ed05e79f4afec75b,ed05e79f4afec75b,4293,200,GET,ts-travel-service
1650253948,ts-travel-service,cb3e4cd3d1764a7e,ed05e79f4afec75b,ed05e79f4afec75b,3100,200,GET,ts-travel-service
1650253948,ts-preserve-service,4d8b41265326176,a7c488eb1a50576,a7c488eb1a50576,3625,200,GET,ts-preserve-service
1650253948,ts-security-service,c0af6f6b5744694c,439d1657b9773f49,a7c488eb1a50576,14797,200,check,ts-preserve-service
1650253948,ts-contacts-service,9fca607e102e9db9,4d8b41265326176,a7c488eb1a50576,2331,200,getContactsByContactsId,ts-preserve-service
1650253948,ts-travel-service,bedfe9ecba839690,ed05e79f4afec75b,ed05e79f4afec75b,2804,200,GET,ts-travel-service
1650253948,ts-travel-service,92e6fde7cf2a6c76,ed05e79f4afec75b,ed05e79f4afec75b,2645,200,GET,ts-travel-service
1650253948,ts-travel-service,6c7f11e04f72b8f0,ed05e79f4afec75b,ed05e79f4afec75b,2459,200,GET,ts-travel-service
1650253948,ts-contacts-service,304d141668c5d1e2,,304d141668c5d1e2,3014,200,findContactsByAccountId,no_parent
1650253948,ts-ticketinfo-service,e0ce2d827a59f472,13311340eaae76ab,ed05e79f4afec75b,10177,200,queryForStationId,ts-travel-service
1650253948,ts-ticketinfo-service,cac451f3d24a5161,77491202ba530276,ed05e79f4afec75b,6282,200,GET,ts-ticketinfo-service
1650253948,ts-order-other-service,43e9faee56c4876d,7a9ef98a65aeff14,a7c488eb1a50576,3683,200,securityInfoCheck,ts-security-service
1650253948,ts-ticketinfo-service,77491202ba530276,153a57666ba74a7c,ed05e79f4afec75b,8324,200,queryForStationId,ts-travel-service
1650253948,ts-travel-service,13311340eaae76ab,ed05e79f4afec75b,ed05e79f4afec75b,11581,200,GET,ts-travel-service
1650253948,ts-basic-service,88125e611572d298,cac451f3d24a5161,ed05e79f4afec75b,5553,200,queryForStationId,ts-ticketinfo-service
1650253948,ts-ticketinfo-service,d82f348d3fe09ff8,e0ce2d827a59f472,ed05e79f4afec75b,7589,200,GET,ts-ticketinfo-service
1650253948,ts-preserve-service,a7c488eb1a50576,,a7c488eb1a50576,22979,200,preserve,no_parent
1650253948,ts-preserve-service,439d1657b9773f49,a7c488eb1a50576,a7c488eb1a50576,16316,200,GET,ts-preserve-service
1650253948,ts-security-service,d3b443e3d174ac0f,c0af6f6b5744694c,a7c488eb1a50576,4853,200,GET,ts-security-service
1650253948,ts-security-service,7a9ef98a65aeff14,c0af6f6b5744694c,a7c488eb1a50576,5027,200,GET,ts-security-service
1650253948,ts-route-service,d4fc61c43574a206,bedfe9ecba839690,ed05e79f4afec75b,2380,200,queryById,ts-travel-service
1650253948,ts-order-service,7fbb4408d7a39c87,af14c72d2c587dde,af14c72d2c587dde,8827,200,POST,ts-order-service
1650253948,ts-order-service,af14c72d2c587dde,,af14c72d2c587dde,11920,200,queryOrdersForRefresh,no_parent
1650253948,ts-station-service,be44f3662da08bb0,7fbb4408d7a39c87,af14c72d2c587dde,7324,200,queryForNameBatch,ts-order-service
1650253948,ts-verification-code-service,99c823c1703cabbf,8c8d6422195d3b24,4b9f7a983903caf5,1700,200,verifyCode,ts-auth-service
1650253948,ts-auth-service,8c8d6422195d3b24,4b9f7a983903caf5,4b9f7a983903caf5,3452,200,GET,ts-auth-service
1650253948,ts-auth-service,4b9f7a983903caf5,,4b9f7a983903caf5,111931,200,getToken,no_parent
1650253948,ts-verification-code-service,f195c238b60f0435,,f195c238b60f0435,2774,200,imageCode,no_parent
1650254008,ts-travel-service,81844006153dac5,a90de7ae6d366852,a90de7ae6d366852,2390,200,GET,ts-travel-service
1650254008,ts-travel-service,2fa63213a48e3d6e,a90de7ae6d366852,a90de7ae6d366852,7912,200,GET,ts-travel-service
1650254008,ts-travel-service,f9801d3b5aae79a8,a90de7ae6d366852,a90de7ae6d366852,3951,200,GET,ts-travel-service
1650254008,ts-travel-service,e00bcdc314b36b3e,a90de7ae6d366852,a90de7ae6d366852,2753,200,GET,ts-travel-service
1650254008,ts-travel-service,a90de7ae6d366852,,a90de7ae6d366852,42831,200,queryInfo,no_parent
1650254008,ts-route-service,e670c0142fff55ef,f9801d3b5aae79a8,a90de7ae6d366852,2616,200,queryById,ts-travel-service
1650254008,ts-travel-service,f373bce99f813c65,a90de7ae6d366852,a90de7ae6d366852,2344,200,GET,ts-travel-service
1650254008,ts-travel-service,99fb942b5610a094,a90de7ae6d366852,a90de7ae6d366852,11403,200,GET,ts-travel-service
1650254008,ts-station-service,ed37036fa98418e3,d0842e579735f7d6,fc0a18c40f826879,8237,200,queryForNameBatch,ts-order-service
1650254008,ts-travel-service,96d6e1973aab800b,a90de7ae6d366852,a90de7ae6d366852,2302,200,GET,ts-travel-service
1650254008,ts-route-service,edd081a062e11c18,81844006153dac5,a90de7ae6d366852,2176,200,queryById,ts-travel-service
1650254008,ts-route-service,5e3719c635d8bdf7,96d6e1973aab800b,a90de7ae6d366852,2148,200,queryById,ts-travel-service
1650254008,ts-route-service,2c4f5e7bed648896,f373bce99f813c65,a90de7ae6d366852,2140,200,queryById,ts-travel-service
1650254008,ts-station-service,537f569a86213876,5f5bbd98b40f2b80,a90de7ae6d366852,2452,200,queryForStationId,ts-basic-service
1650254008,ts-station-service,ac41d2cb88e8d230,f79f367ebf001c9b,a90de7ae6d366852,2172,200,queryForStationId,ts-basic-service
1650254008,ts-basic-service,5f5bbd98b40f2b80,da38e7a5397c85e3,a90de7ae6d366852,3956,200,GET,ts-basic-service
1650254008,ts-basic-service,da38e7a5397c85e3,7d8107919291abc,a90de7ae6d366852,6349,200,queryForStationId,ts-ticketinfo-service
1650254008,ts-basic-service,f79f367ebf001c9b,d2ae991ef3f0c522,a90de7ae6d366852,2755,200,GET,ts-basic-service
1650254008,ts-basic-service,d2ae991ef3f0c522,b3b36ee751a33ea1,a90de7ae6d366852,4701,200,queryForStationId,ts-ticketinfo-service
1650254008,ts-ticketinfo-service,7d8107919291abc,7b1d8f99bdb10b8e,a90de7ae6d366852,7465,200,GET,ts-ticketinfo-service
1650254008,ts-ticketinfo-service,a78b8ce863eb4a8e,2fa63213a48e3d6e,a90de7ae6d366852,7416,200,queryForStationId,ts-travel-service
1650254008,ts-ticketinfo-service,7b1d8f99bdb10b8e,99fb942b5610a094,a90de7ae6d366852,9779,200,queryForStationId,ts-travel-service
1650254008,ts-route-service,2f843efef7be8ae1,e00bcdc314b36b3e,a90de7ae6d366852,2151,200,queryById,ts-travel-service
1650254008,ts-ticketinfo-service,b3b36ee751a33ea1,a78b8ce863eb4a8e,a90de7ae6d366852,5301,200,GET,ts-ticketinfo-service
1650254008,ts-preserve-service,a9f68c043f017baa,,a9f68c043f017baa,22537,200,preserve,no_parent
1650254008,ts-auth-service,fbb54f6867e637b6,301764c6de5dcb5c,301764c6de5dcb5c,3952,200,GET,ts-auth-service
1650254008,ts-auth-service,301764c6de5dcb5c,,301764c6de5dcb5c,110384,200,getToken,no_parent
1650254008,ts-security-service,817672a89a96e68b,b055affa0cde9550,a9f68c043f017baa,14175,200,check,ts-preserve-service
1650254008,ts-preserve-service,b055affa0cde9550,a9f68c043f017baa,a9f68c043f017baa,15760,200,GET,ts-preserve-service
1650254008,ts-preserve-service,68608f635b37e1c1,a9f68c043f017baa,a9f68c043f017baa,3845,200,GET,ts-preserve-service
1650254008,ts-order-service,f5a47be28f4f3202,c8fae91714b7bc0,a9f68c043f017baa,3340,200,securityInfoCheck,ts-security-service
1650254008,ts-order-other-service,cc57c132e38fc04a,ef19dbba1accb668,a9f68c043f017baa,3219,200,securityInfoCheck,ts-security-service
1650254008,ts-verification-code-service,18625738886b529e,fbb54f6867e637b6,301764c6de5dcb5c,1757,200,verifyCode,ts-auth-service
1650254008,ts-assurance-service,19d2abafdf98f86,,19d2abafdf98f86,1634,200,getAllAssuranceType,no_parent
1650254008,ts-contacts-service,b67ec21bcc15167d,68608f635b37e1c1,a9f68c043f017baa,2562,200,getContactsByContactsId,ts-preserve-service
1650254008,ts-security-service,ef19dbba1accb668,817672a89a96e68b,a9f68c043f017baa,4550,200,GET,ts-security-service
1650254008,ts-security-service,c8fae91714b7bc0,817672a89a96e68b,a9f68c043f017baa,4766,200,GET,ts-security-service
1650254008,ts-order-service,fc0a18c40f826879,,fc0a18c40f826879,13121,200,queryOrdersForRefresh,no_parent
1650254008,ts-order-service,d0842e579735f7d6,fc0a18c40f826879,fc0a18c40f826879,9626,200,POST,ts-order-service
1650254008,ts-verification-code-service,2f9f6006ddb501f1,,2f9f6006ddb501f1,2769,200,imageCode,no_parent
1650254008,ts-contacts-service,eb66fbb580cb38f,,eb66fbb580cb38f,2780,200,findContactsByAccountId,no_parent
1650254068,ts-security-service,db84c06f19940562,7fb1b8fce4884a4b,e4a6d41b056b57bd,14639,200,check,ts-preserve-service
1650254068,ts-order-service,f437ea478cafaad1,,f437ea478cafaad1,12437,200,queryOrdersForRefresh,no_parent
1650254068,ts-verification-code-service,b2133cbc877b4157,355962446a04317e,52776130355d3988,1821,200,verifyCode,ts-auth-service
1650254068,ts-station-service,651b7bb2badebcb0,902cabbe1af931b0,f437ea478cafaad1,7384,200,queryForNameBatch,ts-order-service
1650254068,ts-preserve-service,e4a6d41b056b57bd,,e4a6d41b056b57bd,23021,200,preserve,no_parent
1650254068,ts-preserve-service,c38c8d533baad94b,e4a6d41b056b57bd,e4a6d41b056b57bd,3891,200,GET,ts-preserve-service
1650254068,ts-order-service,a708cce0a0b4a239,122ffbcfc8f15910,e4a6d41b056b57bd,3793,200,securityInfoCheck,ts-security-service
1650254068,ts-order-other-service,bf44e88e5066b7b4,299291ebb2b5175a,e4a6d41b056b57bd,3231,200,securityInfoCheck,ts-security-service
1650254068,ts-security-service,299291ebb2b5175a,db84c06f19940562,e4a6d41b056b57bd,4523,200,GET,ts-security-service
1650254068,ts-auth-service,355962446a04317e,52776130355d3988,52776130355d3988,3519,200,GET,ts-auth-service
1650254068,ts-security-service,122ffbcfc8f15910,db84c06f19940562,e4a6d41b056b57bd,5058,200,GET,ts-security-service
1650254068,ts-auth-service,52776130355d3988,,52776130355d3988,113732,200,getToken,no_parent
1650254068,ts-contacts-service,d08af1085b3b234d,c38c8d533baad94b,e4a6d41b056b57bd,2485,200,getContactsByContactsId,ts-preserve-service
1650254068,ts-preserve-service,7fb1b8fce4884a4b,e4a6d41b056b57bd,e4a6d41b056b57bd,16163,200,GET,ts-preserve-service
1650254068,ts-order-service,902cabbe1af931b0,f437ea478cafaad1,f437ea478cafaad1,8877,200,POST,ts-order-service
1650254068,ts-contacts-service,2c385f4df4b51894,,2c385f4df4b51894,3014,200,findContactsByAccountId,no_parent
1650254068,ts-verification-code-service,985dcf9891c57880,,985dcf9891c57880,2743,200,imageCode,no_parent
1650254069,ts-route-service,bfdf6e3e5974c349,c3759ee783d49155,277220fe957be065,2153,200,queryById,ts-travel-service
1650254069,ts-route-service,ea05b7501e3e4ef5,ce9900a67e6697b,277220fe957be065,2085,200,queryById,ts-travel-service
1650254069,ts-route-service,dcbe105fe5c3d373,54aaeb266bba4b84,277220fe957be065,2118,200,queryById,ts-travel-service
1650254069,ts-route-service,9aff0d428c959945,532de73b3ae5d32c,277220fe957be065,2092,200,queryById,ts-travel-service
1650254069,ts-travel-service,54aaeb266bba4b84,277220fe957be065,277220fe957be065,2303,200,GET,ts-travel-service
1650254069,ts-travel-service,ce9900a67e6697b,277220fe957be065,277220fe957be065,2303,200,GET,ts-travel-service
1650254069,ts-travel-service,c3759ee783d49155,277220fe957be065,277220fe957be065,2360,200,GET,ts-travel-service
1650254069,ts-travel-service,a71f778f6fd9c7e9,277220fe957be065,277220fe957be065,8382,200,GET,ts-travel-service
1650254069,ts-basic-service,d228581dc333382c,af588a668de7f9df,277220fe957be065,5149,200,queryForStationId,ts-ticketinfo-service
1650254069,ts-ticketinfo-service,af588a668de7f9df,7f95f93a597fbdf3,277220fe957be065,5908,200,GET,ts-ticketinfo-service
1650254069,ts-travel-service,532de73b3ae5d32c,277220fe957be065,277220fe957be065,2552,200,GET,ts-travel-service
1650254069,ts-route-service,7e3e4acf2dadf47a,b86c3eee5f4dbc78,277220fe957be065,2594,200,queryById,ts-travel-service
1650254069,ts-basic-service,4f93fa2ecea33a81,5519d6f69f5c2cc7,277220fe957be065,5899,200,queryForStationId,ts-ticketinfo-service
1650254069,ts-basic-service,bb7553b5fa9a4fa5,d228581dc333382c,277220fe957be065,3167,200,GET,ts-basic-service
1650254069,ts-ticketinfo-service,7f95f93a597fbdf3,a71f778f6fd9c7e9,277220fe957be065,7850,200,queryForStationId,ts-travel-service
1650254069,ts-travel-service,e9db3f7cda2b5568,277220fe957be065,277220fe957be065,11016,200,GET,ts-travel-service
1650254069,ts-travel-service,277220fe957be065,,277220fe957be065,42662,200,queryInfo,no_parent
1650254069,ts-travel-service,b86c3eee5f4dbc78,277220fe957be065,277220fe957be065,3950,200,GET,ts-travel-service
1650254069,ts-station-service,89e6c1c20b54eee9,bb7553b5fa9a4fa5,277220fe957be065,2508,200,queryForStationId,ts-basic-service
1650254069,ts-station-service,43de2c6d065ee9a3,2281cf7225ab4442,277220fe957be065,2228,200,queryForStationId,ts-basic-service
1650254069,ts-ticketinfo-service,5519d6f69f5c2cc7,43f036c507e82107,277220fe957be065,7072,200,GET,ts-ticketinfo-service
1650254069,ts-ticketinfo-service,43f036c507e82107,e9db3f7cda2b5568,277220fe957be065,9392,200,queryForStationId,ts-travel-service
1650254069,ts-basic-service,2281cf7225ab4442,4f93fa2ecea33a81,277220fe957be065,3401,200,GET,ts-basic-service
1650254069,ts-assurance-service,dd636b8d53c1d9c7,,dd636b8d53c1d9c7,1936,200,getAllAssuranceType,no_parent
1650254129,ts-travel-service,fbf5ee5bd8d8ca8f,2d05748068ec4606,2d05748068ec4606,2184,200,GET,ts-travel-service
1650254129,ts-route-service,7b6d507ba43aa5d8,fbf5ee5bd8d8ca8f,2d05748068ec4606,2086,200,queryById,ts-travel-service
1650254129,ts-basic-service,2268b8f975bd68f4,309ec9d919b22a24,2d05748068ec4606,6288,200,queryForStationId,ts-ticketinfo-service
1650254129,ts-basic-service,6d343f0546b66f0d,2268b8f975bd68f4,2d05748068ec4606,3695,200,GET,ts-basic-service
1650254129,ts-ticketinfo-service,309ec9d919b22a24,a759ede944d9d236,2d05748068ec4606,7370,200,GET,ts-ticketinfo-service
1650254129,ts-travel-service,6e9a8d9d8f4ee5fc,2d05748068ec4606,2d05748068ec4606,11151,200,GET,ts-travel-service
1650254129,ts-travel-service,ef954e9141f49036,2d05748068ec4606,2d05748068ec4606,2305,200,GET,ts-travel-service
1650254129,ts-travel-service,1437a41927cc1f4,2d05748068ec4606,2d05748068ec4606,4038,200,GET,ts-travel-service
1650254129,ts-route-service,6bd3a6fa84cd4786,74a20f081fb82c96,2d05748068ec4606,2105,200,queryById,ts-travel-service
1650254129,ts-route-service,af3bd59c5ce2c189,2272059636c9dc0d,2d05748068ec4606,2159,200,queryById,ts-travel-service
1650254129,ts-station-service,3587dd91f9d5ce7e,6d343f0546b66f0d,2d05748068ec4606,2619,200,queryForStationId,ts-basic-service
1650254129,ts-station-service,c79727a50defae4b,49901a53eaaa44f4,2d05748068ec4606,2308,200,queryForStationId,ts-basic-service
1650254129,ts-travel-service,2d05748068ec4606,,2d05748068ec4606,41413,200,queryInfo,no_parent
1650254129,ts-travel-service,74a20f081fb82c96,2d05748068ec4606,2d05748068ec4606,2244,200,GET,ts-travel-service
1650254129,ts-travel-service,1d5189a2062adddc,2d05748068ec4606,2d05748068ec4606,8495,200,GET,ts-travel-service
1650254129,ts-security-service,7dcd938ec8d5c7ca,e41ff02e697747d8,fe22e05e67bb3f20,5219,200,GET,ts-security-service
1650254129,ts-security-service,e41ff02e697747d8,8f1d05bc5dd4d6b8,fe22e05e67bb3f20,18576,200,check,ts-preserve-service
1650254129,ts-assurance-service,d0302cc4ba190d80,,d0302cc4ba190d80,1617,200,getAllAssuranceType,no_parent
1650254129,ts-basic-service,49901a53eaaa44f4,13e89877bce8f1f7,2d05748068ec4606,3057,200,GET,ts-basic-service
1650254129,ts-travel-service,2272059636c9dc0d,2d05748068ec4606,2d05748068ec4606,2619,200,GET,ts-travel-service
1650254129,ts-verification-code-service,87a86f85eb7d6920,,87a86f85eb7d6920,2727,200,imageCode,no_parent
1650254129,ts-route-service,f460116b0ed5c252,ef954e9141f49036,2d05748068ec4606,2156,200,queryById,ts-travel-service
1650254129,ts-auth-service,19f888244d8f4076,b0dd71a11c1edbe5,b0dd71a11c1edbe5,3467,200,GET,ts-auth-service
1650254129,ts-security-service,40f5bf4990070664,e41ff02e697747d8,fe22e05e67bb3f20,8577,200,GET,ts-security-service
1650254129,ts-order-service,e2040637b69650d1,7dcd938ec8d5c7ca,fe22e05e67bb3f20,3779,200,securityInfoCheck,ts-security-service
1650254129,ts-route-service,ec248646bc7b72cb,1437a41927cc1f4,2d05748068ec4606,2696,200,queryById,ts-travel-service
1650254129,ts-basic-service,13e89877bce8f1f7,1671c67fb4cfc1c8,2d05748068ec4606,5205,200,queryForStationId,ts-ticketinfo-service
1650254129,ts-order-service,1c8d306bf7d6e80,,1c8d306bf7d6e80,12777,200,queryOrdersForRefresh,no_parent
1650254129,ts-ticketinfo-service,a759ede944d9d236,6e9a8d9d8f4ee5fc,2d05748068ec4606,9862,200,queryForStationId,ts-travel-service
1650254129,ts-ticketinfo-service,1671c67fb4cfc1c8,97c7b842ec6b70ff,2d05748068ec4606,5921,200,GET,ts-ticketinfo-service
1650254129,ts-ticketinfo-service,97c7b842ec6b70ff,1d5189a2062adddc,2d05748068ec4606,7819,200,queryForStationId,ts-travel-service
1650254129,ts-contacts-service,d497e2350c09ddbd,a27cb28f8ebff3d7,fe22e05e67bb3f20,1785,200,getContactsByContactsId,ts-preserve-service
1650254129,ts-verification-code-service,72c7fb6cac6fb2ac,19f888244d8f4076,b0dd71a11c1edbe5,1717,200,verifyCode,ts-auth-service
1650254129,ts-auth-service,b0dd71a11c1edbe5,,b0dd71a11c1edbe5,109182,200,getToken,no_parent
1650254129,ts-preserve-service,8f1d05bc5dd4d6b8,fe22e05e67bb3f20,fe22e05e67bb3f20,20100,200,GET,ts-preserve-service
1650254129,ts-preserve-service,a27cb28f8ebff3d7,fe22e05e67bb3f20,fe22e05e67bb3f20,3088,200,GET,ts-preserve-service
1650254129,ts-preserve-service,fe22e05e67bb3f20,,fe22e05e67bb3f20,25978,200,preserve,no_parent
1650254129,ts-order-other-service,b03f91f55d44ade3,40f5bf4990070664,fe22e05e67bb3f20,6605,200,securityInfoCheck,ts-security-service
1650254129,ts-station-service,9757d48d42a4d707,5e9ec7e746b192ef,1c8d306bf7d6e80,8048,200,queryForNameBatch,ts-order-service
1650254129,ts-order-service,5e9ec7e746b192ef,1c8d306bf7d6e80,1c8d306bf7d6e80,9522,200,POST,ts-order-service
1650254129,ts-contacts-service,94c3e20ce315c7d6,,94c3e20ce315c7d6,2860,200,findContactsByAccountId,no_parent
1650254189,ts-auth-service,3dfefe63c6c44f15,,3dfefe63c6c44f15,113686,200,getToken,no_parent
1650254189,ts-auth-service,8c4aa7a1be7f55e8,3dfefe63c6c44f15,3dfefe63c6c44f15,3472,200,GET,ts-auth-service
1650254189,ts-verification-code-service,111d98201d45d072,8c4aa7a1be7f55e8,3dfefe63c6c44f15,1746,200,verifyCode,ts-auth-service
1650254189,ts-verification-code-service,4881f9d6ca6a3b33,,4881f9d6ca6a3b33,2706,200,imageCode,no_parent
1650254189,ts-station-service,97c0e784c33855c8,41467f0c531666b8,e9eead01670c48ef,2009,200,queryForStationId,ts-basic-service
1650254189,ts-route-service,37ea8780dda788c1,fccd65bdafc0fc2c,e9eead01670c48ef,2186,200,queryById,ts-travel-service
1650254189,ts-route-service,38747bd3bd784213,daab7153a1abd4d5,e9eead01670c48ef,2199,200,queryById,ts-travel-service
1650254189,ts-travel-service,d3a7d7ce6323dd65,e9eead01670c48ef,e9eead01670c48ef,2334,200,GET,ts-travel-service
1650254189,ts-travel-service,6b7dc7d4a02d7dcc,e9eead01670c48ef,e9eead01670c48ef,2338,200,GET,ts-travel-service
1650254189,ts-travel-service,72aa0df09568037d,e9eead01670c48ef,e9eead01670c48ef,7852,200,GET,ts-travel-service
1650254189,ts-basic-service,41467f0c531666b8,85d648fd423d1292,e9eead01670c48ef,2635,200,GET,ts-basic-service
1650254189,ts-travel-service,daab7153a1abd4d5,e9eead01670c48ef,e9eead01670c48ef,2297,200,GET,ts-travel-service
1650254189,ts-basic-service,964ab896194a2620,2ec87a958532a297,e9eead01670c48ef,13807,200,queryForStationId,ts-ticketinfo-service
1650254189,ts-route-service,e76901bb7968428f,6b7dc7d4a02d7dcc,e9eead01670c48ef,2205,200,queryById,ts-travel-service
1650254189,ts-contacts-service,bd1339cc848843bd,,bd1339cc848843bd,2998,200,findContactsByAccountId,no_parent
1650254189,ts-preserve-service,a1237f609e871e22,d5085cb5baaddea0,d5085cb5baaddea0,16453,200,GET,ts-preserve-service
1650254189,ts-preserve-service,c52c7f7a8655185c,d5085cb5baaddea0,d5085cb5baaddea0,4291,200,GET,ts-preserve-service
1650254189,ts-preserve-service,d5085cb5baaddea0,,d5085cb5baaddea0,29430,200,preserve,no_parent
1650254189,ts-order-service,10e150fcbb5f2d80,bc5ac2849eb1893b,d5085cb5baaddea0,3557,200,securityInfoCheck,ts-security-service
1650254189,ts-security-service,bc5ac2849eb1893b,761a62e5254ad66d,d5085cb5baaddea0,4978,200,GET,ts-security-service
1650254189,ts-security-service,2a1ac9d29eeb7f3f,761a62e5254ad66d,d5085cb5baaddea0,5414,200,GET,ts-security-service
1650254189,ts-security-service,761a62e5254ad66d,a1237f609e871e22,d5085cb5baaddea0,20817,200,check,ts-preserve-service
1650254189,ts-contacts-service,d2feb609062b7fcf,c52c7f7a8655185c,d5085cb5baaddea0,2425,200,getContactsByContactsId,ts-preserve-service
1650254189,ts-order-other-service,a2f5669f1a7bcad9,2a1ac9d29eeb7f3f,d5085cb5baaddea0,3652,200,securityInfoCheck,ts-security-service
1650254189,ts-basic-service,85d648fd423d1292,15b8bb1cacae6d48,e9eead01670c48ef,4629,200,queryForStationId,ts-ticketinfo-service
1650254189,ts-order-service,633554df522deb2b,f7e75ffc0d0df206,f7e75ffc0d0df206,9768,200,POST,ts-order-service
1650254189,ts-order-service,f7e75ffc0d0df206,,f7e75ffc0d0df206,12904,200,queryOrdersForRefresh,no_parent
1650254189,ts-route-service,8292ec0599142859,d3a7d7ce6323dd65,e9eead01670c48ef,2200,200,queryById,ts-travel-service
1650254189,ts-station-service,ce9abe3ab1e449db,8a048d883b0600cf,e9eead01670c48ef,10393,200,queryForStationId,ts-basic-service
1650254189,ts-basic-service,8a048d883b0600cf,964ab896194a2620,e9eead01670c48ef,11462,200,GET,ts-basic-service
1650254189,ts-station-service,950daa33a7b8b620,633554df522deb2b,f7e75ffc0d0df206,8262,200,queryForNameBatch,ts-order-service
1650254189,ts-ticketinfo-service,763bca7116b00877,a3359cae53d302ce,e9eead01670c48ef,17674,200,queryForStationId,ts-travel-service
1650254189,ts-ticketinfo-service,8649fc011daaa1c4,72aa0df09568037d,e9eead01670c48ef,7341,200,queryForStationId,ts-travel-service
1650254189,ts-ticketinfo-service,2ec87a958532a297,763bca7116b00877,e9eead01670c48ef,15126,200,GET,ts-ticketinfo-service
1650254189,ts-travel-service,af11679cccd0610a,e9eead01670c48ef,e9eead01670c48ef,4033,200,GET,ts-travel-service
1650254189,ts-ticketinfo-service,15b8bb1cacae6d48,8649fc011daaa1c4,e9eead01670c48ef,5354,200,GET,ts-ticketinfo-service
1650254189,ts-travel-service,fccd65bdafc0fc2c,e9eead01670c48ef,e9eead01670c48ef,2586,200,GET,ts-travel-service
1650254189,ts-travel-service,a3359cae53d302ce,e9eead01670c48ef,e9eead01670c48ef,19121,200,GET,ts-travel-service
1650254189,ts-travel-service,e9eead01670c48ef,,e9eead01670c48ef,50332,200,queryInfo,no_parent
1650254189,ts-route-service,63033086ae999853,af11679cccd0610a,e9eead01670c48ef,2629,200,queryById,ts-travel-service
1650254189,ts-assurance-service,fea711246b10cc5a,,fea711246b10cc5a,1621,200,getAllAssuranceType,no_parent
1650254249,ts-basic-service,c5f817be5f6fc91c,8fa94a36c2b00a0,8c2614ef1a9c47cd,3751,200,GET,ts-basic-service
1650254249,ts-preserve-service,c349df3e37575fe5,d7f322d849f13a94,d7f322d849f13a94,3712,200,GET,ts-preserve-service
1650254249,ts-station-service,d60f9f2ce2be509e,ba2a5dbfa24ac959,8c2614ef1a9c47cd,2161,200,queryForStationId,ts-basic-service
1650254249,ts-route-service,ec6c16883778b31c,49143c365a10d55a,8c2614ef1a9c47cd,2158,200,queryById,ts-travel-service
1650254249,ts-travel-service,bccc3c8609f7700,8c2614ef1a9c47cd,8c2614ef1a9c47cd,3953,200,GET,ts-travel-service
1650254249,ts-travel-service,ac00fcd52053db1d,8c2614ef1a9c47cd,8c2614ef1a9c47cd,2303,200,GET,ts-travel-service
1650254249,ts-travel-service,998683246eae1dce,8c2614ef1a9c47cd,8c2614ef1a9c47cd,2650,200,GET,ts-travel-service
1650254249,ts-travel-service,38319aa0c0bc6609,8c2614ef1a9c47cd,8c2614ef1a9c47cd,2329,200,GET,ts-travel-service
1650254249,ts-travel-service,7b5f6c20aa687755,8c2614ef1a9c47cd,8c2614ef1a9c47cd,11682,200,GET,ts-travel-service
1650254249,ts-travel-service,49143c365a10d55a,8c2614ef1a9c47cd,8c2614ef1a9c47cd,2322,200,GET,ts-travel-service
1650254249,ts-travel-service,8c2614ef1a9c47cd,,8c2614ef1a9c47cd,43274,200,queryInfo,no_parent
1650254249,ts-contacts-service,26645cb6cd22aede,c349df3e37575fe5,d7f322d849f13a94,2369,200,getContactsByContactsId,ts-preserve-service
1650254249,ts-station-service,66c99b214e56dbe4,c5f817be5f6fc91c,8c2614ef1a9c47cd,2611,200,queryForStationId,ts-basic-service
1650254249,ts-basic-service,8fa94a36c2b00a0,2d76fb6156320611,8c2614ef1a9c47cd,6482,200,queryForStationId,ts-ticketinfo-service
1650254249,ts-basic-service,ba2a5dbfa24ac959,d69b441c9ff96a45,8c2614ef1a9c47cd,2850,200,GET,ts-basic-service
1650254249,ts-basic-service,d69b441c9ff96a45,73b2f2005b623027,8c2614ef1a9c47cd,4921,200,queryForStationId,ts-ticketinfo-service
1650254249,ts-ticketinfo-service,73b2f2005b623027,3f439f7d5428f6ab,8c2614ef1a9c47cd,5631,200,GET,ts-ticketinfo-service
1650254249,ts-ticketinfo-service,670d3549911f03ef,7b5f6c20aa687755,8c2614ef1a9c47cd,10146,200,queryForStationId,ts-travel-service
1650254249,ts-travel-service,794b013f61084218,8c2614ef1a9c47cd,8c2614ef1a9c47cd,8228,200,GET,ts-travel-service
1650254249,ts-ticketinfo-service,2d76fb6156320611,670d3549911f03ef,8c2614ef1a9c47cd,7605,200,GET,ts-ticketinfo-service
1650254249,ts-security-service,9593e7197b68059e,d056d79d73517f1b,d7f322d849f13a94,4495,200,GET,ts-security-service
1650254249,ts-preserve-service,7b6be478d3ec119a,d7f322d849f13a94,d7f322d849f13a94,15652,200,GET,ts-preserve-service
1650254249,ts-route-service,42a3a9d25afe0699,ac00fcd52053db1d,8c2614ef1a9c47cd,2131,200,queryById,ts-travel-service
1650254249,ts-route-service,278128e80817a543,998683246eae1dce,8c2614ef1a9c47cd,2246,200,queryById,ts-travel-service
1650254249,ts-auth-service,9609558f2264d269,,9609558f2264d269,114001,200,getToken,no_parent
1650254249,ts-station-service,cd84b69428d49b4c,53288f91f54a42d6,677b24e52d08f925,7073,200,queryForNameBatch,ts-order-service
1650254249,ts-order-service,53288f91f54a42d6,677b24e52d08f925,677b24e52d08f925,8596,200,POST,ts-order-service
1650254249,ts-security-service,911725e208d4877b,d056d79d73517f1b,d7f322d849f13a94,5273,200,GET,ts-security-service
1650254249,ts-preserve-service,d7f322d849f13a94,,d7f322d849f13a94,22298,200,preserve,no_parent
1650254249,ts-order-service,646901a43ee694b,9593e7197b68059e,d7f322d849f13a94,3367,200,securityInfoCheck,ts-security-service
1650254249,ts-order-other-service,ec47bb64e7ddc2a4,911725e208d4877b,d7f322d849f13a94,3824,200,securityInfoCheck,ts-security-service
1650254249,ts-security-service,d056d79d73517f1b,7b6be478d3ec119a,d7f322d849f13a94,14446,200,check,ts-preserve-service
1650254249,ts-assurance-service,726d3482b5218aec,,726d3482b5218aec,1912,200,getAllAssuranceType,no_parent
1650254249,ts-contacts-service,102c64e4cfc5d5c3,,102c64e4cfc5d5c3,3362,200,findContactsByAccountId,no_parent
1650254249,ts-order-service,677b24e52d08f925,,677b24e52d08f925,11642,200,queryOrdersForRefresh,no_parent
1650254249,ts-route-service,bf412390d2771799,bccc3c8609f7700,8c2614ef1a9c47cd,2622,200,queryById,ts-travel-service
1650254249,ts-route-service,e16161005c3d0e1,38319aa0c0bc6609,8c2614ef1a9c47cd,2142,200,queryById,ts-travel-service
1650254249,ts-auth-service,3ff045dae376cf1d,9609558f2264d269,9609558f2264d269,3663,200,GET,ts-auth-service
1650254249,ts-ticketinfo-service,3f439f7d5428f6ab,794b013f61084218,8c2614ef1a9c47cd,7753,200,queryForStationId,ts-travel-service
1650254249,ts-verification-code-service,53385110c2734d9c,3ff045dae376cf1d,9609558f2264d269,2053,200,verifyCode,ts-auth-service
1650254249,ts-verification-code-service,c67a51be37cb35b5,,c67a51be37cb35b5,2799,200,imageCode,no_parent
1650254310,ts-basic-service,564dc5340a700a7c,5ffb603dc6da9390,4b0fd8db72208eb8,2903,200,GET,ts-basic-service
1650254310,ts-basic-service,ec3bb1c24c85fd1a,66c6022a64820c5f,4b0fd8db72208eb8,3427,200,GET,ts-basic-service
1650254310,ts-security-service,8ce4201234f4ff71,f135a84e93cde68,d97033e3b8b0d320,13551,200,check,ts-preserve-service
1650254310,ts-security-service,6ca624d1ae74af45,8ce4201234f4ff71,d97033e3b8b0d320,4571,200,GET,ts-security-service
1650254310,ts-contacts-service,b4a114992c25b465,ac7f449dbd982da8,d97033e3b8b0d320,2483,200,getContactsByContactsId,ts-preserve-service
1650254310,ts-preserve-service,ac7f449dbd982da8,d97033e3b8b0d320,d97033e3b8b0d320,3807,200,GET,ts-preserve-service
1650254310,ts-security-service,458a0f242e6ff43b,8ce4201234f4ff71,d97033e3b8b0d320,4307,200,GET,ts-security-service
1650254310,ts-order-other-service,d95f9366c1b9e58e,6ca624d1ae74af45,d97033e3b8b0d320,3296,200,securityInfoCheck,ts-security-service
1650254310,ts-ticketinfo-service,529fa1f7780b79c8,234d797d67c2130f,4b0fd8db72208eb8,5687,200,GET,ts-ticketinfo-service
1650254310,ts-ticketinfo-service,4769d4ffcc428fe0,65fe4d3754c68fb4,4b0fd8db72208eb8,7077,200,GET,ts-ticketinfo-service
1650254310,ts-ticketinfo-service,234d797d67c2130f,d5ce3729b1ae8891,4b0fd8db72208eb8,7800,200,queryForStationId,ts-travel-service
1650254310,ts-travel-service,b7c3090c3a518dff,4b0fd8db72208eb8,4b0fd8db72208eb8,3883,200,GET,ts-travel-service
1650254310,ts-preserve-service,d97033e3b8b0d320,,d97033e3b8b0d320,29256,200,preserve,no_parent
1650254310,ts-preserve-service,f135a84e93cde68,d97033e3b8b0d320,d97033e3b8b0d320,15256,200,GET,ts-preserve-service
1650254310,ts-travel-service,10f9db04784882c5,4b0fd8db72208eb8,4b0fd8db72208eb8,2287,200,GET,ts-travel-service
1650254310,ts-travel-service,90ab42a245e540f,4b0fd8db72208eb8,4b0fd8db72208eb8,2388,200,GET,ts-travel-service
1650254310,ts-travel-service,404f7130c181df76,4b0fd8db72208eb8,4b0fd8db72208eb8,2249,200,GET,ts-travel-service
1650254310,ts-travel-service,4b0fd8db72208eb8,,4b0fd8db72208eb8,42358,200,queryInfo,no_parent
1650254310,ts-route-service,98cee8c170f29a36,b7c3090c3a518dff,4b0fd8db72208eb8,2598,200,queryById,ts-travel-service
1650254310,ts-route-service,e2e8d368783274af,10f9db04784882c5,4b0fd8db72208eb8,2114,200,queryById,ts-travel-service
1650254310,ts-route-service,32698015af122de1,494a5f6544684aaf,4b0fd8db72208eb8,2061,200,queryById,ts-travel-service
1650254310,ts-route-service,2d98f1bdeda949a1,90ab42a245e540f,4b0fd8db72208eb8,2198,200,queryById,ts-travel-service
1650254310,ts-station-service,f4e3a59814e6ff51,564dc5340a700a7c,4b0fd8db72208eb8,2071,200,queryForStationId,ts-basic-service
1650254310,ts-station-service,2e973ee569762a88,ec3bb1c24c85fd1a,4b0fd8db72208eb8,2299,200,queryForStationId,ts-basic-service
1650254310,ts-basic-service,5ffb603dc6da9390,529fa1f7780b79c8,4b0fd8db72208eb8,4970,200,queryForStationId,ts-ticketinfo-service
1650254310,ts-travel-service,6d33f4da35e5b7cf,4b0fd8db72208eb8,4b0fd8db72208eb8,11341,200,GET,ts-travel-service
1650254310,ts-travel-service,d5ce3729b1ae8891,4b0fd8db72208eb8,4b0fd8db72208eb8,8311,200,GET,ts-travel-service
1650254310,ts-route-service,c962812338eef88,404f7130c181df76,4b0fd8db72208eb8,2083,200,queryById,ts-travel-service
1650254310,ts-basic-service,66c6022a64820c5f,4769d4ffcc428fe0,4b0fd8db72208eb8,6099,200,queryForStationId,ts-ticketinfo-service
1650254310,ts-verification-code-service,9fa4bbb67ff7ea19,,9fa4bbb67ff7ea19,2689,200,imageCode,no_parent
1650254310,ts-travel-service,494a5f6544684aaf,4b0fd8db72208eb8,4b0fd8db72208eb8,2556,200,GET,ts-travel-service
1650254310,ts-assurance-service,fa65de5d4d905ec9,,fa65de5d4d905ec9,1616,200,getAllAssuranceType,no_parent
1650254310,ts-order-service,3f0a5c7dadc06aab,458a0f242e6ff43b,d97033e3b8b0d320,2786,200,securityInfoCheck,ts-security-service
1650254310,ts-order-service,2fbe6def0a77614a,,2fbe6def0a77614a,13039,200,queryOrdersForRefresh,no_parent
1650254310,ts-auth-service,5df5162a268f622,104453de67f34cb8,104453de67f34cb8,3793,200,GET,ts-auth-service
1650254310,ts-verification-code-service,cebdc6fee17110ad,5df5162a268f622,104453de67f34cb8,1965,200,verifyCode,ts-auth-service
1650254310,ts-auth-service,104453de67f34cb8,,104453de67f34cb8,113625,200,getToken,no_parent
1650254310,ts-ticketinfo-service,65fe4d3754c68fb4,6d33f4da35e5b7cf,4b0fd8db72208eb8,9805,200,queryForStationId,ts-travel-service
1650254310,ts-station-service,e2e3fbe3fe2f417e,f4227daf871b7626,2fbe6def0a77614a,8038,200,queryForNameBatch,ts-order-service
1650254310,ts-order-service,f4227daf871b7626,2fbe6def0a77614a,2fbe6def0a77614a,9664,200,POST,ts-order-service
1650254310,ts-contacts-service,83a9c5f0978079f8,,83a9c5f0978079f8,2937,200,findContactsByAccountId,no_parent
1650254370,ts-contacts-service,35b587daba219fac,dad741fe551d1a8c,3667167b5dd3b979,2286,200,getContactsByContactsId,ts-preserve-service
1650254370,ts-preserve-service,dad741fe551d1a8c,3667167b5dd3b979,3667167b5dd3b979,3527,200,GET,ts-preserve-service
1650254370,ts-preserve-service,9ea3caf4e15bce25,3667167b5dd3b979,3667167b5dd3b979,15923,200,GET,ts-preserve-service
1650254370,ts-preserve-service,3667167b5dd3b979,,3667167b5dd3b979,22268,200,preserve,no_parent
1650254370,ts-security-service,3df6a35f4d5b4036,9ea3caf4e15bce25,3667167b5dd3b979,14401,200,check,ts-preserve-service
1650254370,ts-travel-service,c48d2a3194deb2e5,f06aeea232500d65,f06aeea232500d65,2300,200,GET,ts-travel-service
1650254370,ts-travel-service,c63e689a95c77857,f06aeea232500d65,f06aeea232500d65,11631,200,GET,ts-travel-service
1650254370,ts-travel-service,f06aeea232500d65,,f06aeea232500d65,43400,200,queryInfo,no_parent
1650254370,ts-travel-service,ba7ed844eb37f891,f06aeea232500d65,f06aeea232500d65,7630,200,GET,ts-travel-service
1650254370,ts-travel-service,47177342b64654ef,f06aeea232500d65,f06aeea232500d65,4029,200,GET,ts-travel-service
1650254370,ts-basic-service,5228573d63644fab,796c0ed79cd79a4b,f06aeea232500d65,2624,200,GET,ts-basic-service
1650254370,ts-security-service,35ab6ec625853854,3df6a35f4d5b4036,3667167b5dd3b979,4797,200,GET,ts-security-service
1650254370,ts-security-service,5f4708fa6f53b220,3df6a35f4d5b4036,3667167b5dd3b979,4923,200,GET,ts-security-service
1650254370,ts-basic-service,7a4320cc340d2a39,d8c89237891b0ed3,f06aeea232500d65,5840,200,queryForStationId,ts-ticketinfo-service
1650254370,ts-route-service,b69eb364b1408561,52693c9968a448c4,f06aeea232500d65,2542,200,queryById,ts-travel-service
1650254370,ts-station-service,a7fc29073053eec4,a85d77e0e452dfa4,f06aeea232500d65,2208,200,queryForStationId,ts-basic-service
1650254370,ts-ticketinfo-service,e26329b1950e21e,ba7ed844eb37f891,f06aeea232500d65,7120,200,queryForStationId,ts-travel-service
1650254370,ts-ticketinfo-service,14d1950b5655ba89,e26329b1950e21e,f06aeea232500d65,5130,200,GET,ts-ticketinfo-service
1650254370,ts-order-service,2fd8ef521de5fe48,35ab6ec625853854,3667167b5dd3b979,3426,200,securityInfoCheck,ts-security-service
1650254370,ts-order-other-service,5ad03cd351ef4cd0,5f4708fa6f53b220,3667167b5dd3b979,3652,200,securityInfoCheck,ts-security-service
1650254370,ts-auth-service,7d5adf407db8ae3a,,7d5adf407db8ae3a,107533,200,getToken,no_parent
1650254370,ts-basic-service,796c0ed79cd79a4b,14d1950b5655ba89,f06aeea232500d65,4362,200,queryForStationId,ts-ticketinfo-service
1650254370,ts-travel-service,67bfa1edb84cdf21,f06aeea232500d65,f06aeea232500d65,2328,200,GET,ts-travel-service
1650254370,ts-verification-code-service,d33f9375e6c1b6f6,,d33f9375e6c1b6f6,2719,200,imageCode,no_parent
1650254370,ts-station-service,b0d24aa54c4dd953,5228573d63644fab,f06aeea232500d65,1998,200,queryForStationId,ts-basic-service
1650254370,ts-route-service,b972f9ec21765045,c48d2a3194deb2e5,f06aeea232500d65,2139,200,queryById,ts-travel-service
1650254370,ts-route-service,682150fb7e0deae9,4dc0b78212dc7e4c,f06aeea232500d65,2168,200,queryById,ts-travel-service
1650254370,ts-ticketinfo-service,d8c89237891b0ed3,6d9fb5da904dd729,f06aeea232500d65,6813,200,GET,ts-ticketinfo-service
1650254370,ts-order-service,5785f42c14b8affe,,5785f42c14b8affe,11775,200,queryOrdersForRefresh,no_parent
1650254370,ts-order-service,6e831d29ca36badf,5785f42c14b8affe,5785f42c14b8affe,8506,200,POST,ts-order-service
1650254370,ts-station-service,eac43d24bfe54658,6e831d29ca36badf,5785f42c14b8affe,6974,200,queryForNameBatch,ts-order-service
1650254370,ts-route-service,9fa4197f08df035e,47177342b64654ef,f06aeea232500d65,2936,200,queryById,ts-travel-service
1650254370,ts-route-service,a859581a51449564,67bfa1edb84cdf21,f06aeea232500d65,2135,200,queryById,ts-travel-service
1650254370,ts-verification-code-service,113b3c9034af4009,9829f278e6daacd6,7d5adf407db8ae3a,1997,200,verifyCode,ts-auth-service
1650254370,ts-auth-service,9829f278e6daacd6,7d5adf407db8ae3a,7d5adf407db8ae3a,3860,200,GET,ts-auth-service
1650254370,ts-basic-service,a85d77e0e452dfa4,7a4320cc340d2a39,f06aeea232500d65,3390,200,GET,ts-basic-service
1650254370,ts-ticketinfo-service,6d9fb5da904dd729,c63e689a95c77857,f06aeea232500d65,9435,200,queryForStationId,ts-travel-service
1650254370,ts-travel-service,52693c9968a448c4,f06aeea232500d65,f06aeea232500d65,2975,200,GET,ts-travel-service
1650254370,ts-travel-service,4dc0b78212dc7e4c,f06aeea232500d65,f06aeea232500d65,2333,200,GET,ts-travel-service
1650254370,ts-assurance-service,e327bbfb1f1ec910,,e327bbfb1f1ec910,1633,200,getAllAssuranceType,no_parent
1650254370,ts-contacts-service,2ac9faff34f71b41,,2ac9faff34f71b41,3049,200,findContactsByAccountId,no_parent
1650254430,ts-security-service,858fbc07f9612ba,871a851d41650182,765bd15583dcefd6,3736,200,GET,ts-security-service
1650254430,ts-security-service,871a851d41650182,4746eedf90ea9d80,765bd15583dcefd6,12281,200,check,ts-preserve-service
1650254430,ts-order-service,52c8d916330f8b89,4f6939df4a6bca0,4f6939df4a6bca0,6292,200,POST,ts-order-service
1650254430,ts-ticketinfo-service,806dd36430abcf19,b9345962aae21de9,d138e80ed3910037,5673,200,GET,ts-ticketinfo-service
1650254430,ts-ticketinfo-service,c7aee87608dc8b33,bc1b86864539fc7,d138e80ed3910037,4108,200,GET,ts-ticketinfo-service
1650254430,ts-ticketinfo-service,bc1b86864539fc7,29c929c0c5061ac0,d138e80ed3910037,5732,200,queryForStationId,ts-travel-service
1650254430,ts-travel-service,6c119b69cd04d6e,d138e80ed3910037,d138e80ed3910037,12217,200,GET,ts-travel-service
1650254430,ts-basic-service,146f1b99f2fb8bb7,ac3282e7b46e65c9,d138e80ed3910037,2037,200,GET,ts-basic-service
1650254430,ts-basic-service,926102202058798b,806dd36430abcf19,d138e80ed3910037,4880,200,queryForStationId,ts-ticketinfo-service
1650254430,ts-basic-service,e0f1c58517c18a22,926102202058798b,d138e80ed3910037,2688,200,GET,ts-basic-service
1650254430,ts-contacts-service,b462bac74eddf412,,b462bac74eddf412,2211,200,findContactsByAccountId,no_parent
1650254430,ts-preserve-service,4746eedf90ea9d80,765bd15583dcefd6,765bd15583dcefd6,13423,200,GET,ts-preserve-service
1650254430,ts-preserve-service,d591e40743bd75aa,765bd15583dcefd6,765bd15583dcefd6,2989,200,GET,ts-preserve-service
1650254430,ts-preserve-service,765bd15583dcefd6,,765bd15583dcefd6,19170,200,preserve,no_parent
1650254430,ts-order-service,ee28165d27a6ada1,a0e30104f8715b7,765bd15583dcefd6,2965,200,securityInfoCheck,ts-security-service
1650254430,ts-security-service,a0e30104f8715b7,871a851d41650182,765bd15583dcefd6,4415,200,GET,ts-security-service
1650254430,ts-auth-service,430d0cd7a13daa0f,eee0f9079172ea29,eee0f9079172ea29,2443,200,GET,ts-auth-service
1650254430,ts-station-service,f5749ee5f0fa749b,146f1b99f2fb8bb7,d138e80ed3910037,1567,200,queryForStationId,ts-basic-service
1650254430,ts-route-service,bb5f2a8bcbdc742f,9cef6e1769214a35,d138e80ed3910037,1565,200,queryById,ts-travel-service
1650254430,ts-station-service,c12456223dae733b,e0f1c58517c18a22,d138e80ed3910037,2033,200,queryForStationId,ts-basic-service
1650254430,ts-travel-service,d138e80ed3910037,,d138e80ed3910037,47738,200,queryInfo,no_parent
1650254430,ts-order-service,4f6939df4a6bca0,,4f6939df4a6bca0,9082,200,queryOrdersForRefresh,no_parent
1650254430,ts-contacts-service,ac9f7970cfd40fe3,d591e40743bd75aa,765bd15583dcefd6,1698,200,getContactsByContactsId,ts-preserve-service
1650254430,ts-station-service,dd10205cd0ac970c,52c8d916330f8b89,4f6939df4a6bca0,5317,200,queryForNameBatch,ts-order-service
1650254430,ts-order-other-service,986cdcc69f58da1d,858fbc07f9612ba,765bd15583dcefd6,2843,200,securityInfoCheck,ts-security-service
1650254430,ts-route-service,7e1d2e6c6980cc61,577ad9bb2da24c66,d138e80ed3910037,1465,200,queryById,ts-travel-service
1650254430,ts-route-service,c4bd181fed8847f8,f768e34830cad0c9,d138e80ed3910037,1822,200,queryById,ts-travel-service
1650254430,ts-basic-service,ac3282e7b46e65c9,c7aee87608dc8b33,d138e80ed3910037,3686,200,queryForStationId,ts-ticketinfo-service
1650254430,ts-ticketinfo-service,b9345962aae21de9,49a107cc9b4c4eb3,d138e80ed3910037,7776,200,queryForStationId,ts-travel-service
1650254430,ts-travel-service,49a107cc9b4c4eb3,d138e80ed3910037,d138e80ed3910037,9424,200,GET,ts-travel-service
1650254430,ts-route-service,e47d5b30f9217258,6c119b69cd04d6e,d138e80ed3910037,10872,200,queryById,ts-travel-service
1650254430,ts-route-service,9c18aeb3036a1e0d,a49c735f92982293,d138e80ed3910037,1464,200,queryById,ts-travel-service
1650254430,ts-travel-service,9cef6e1769214a35,d138e80ed3910037,d138e80ed3910037,2468,200,GET,ts-travel-service
1650254430,ts-travel-service,f768e34830cad0c9,d138e80ed3910037,d138e80ed3910037,5442,200,GET,ts-travel-service
1650254430,ts-travel-service,577ad9bb2da24c66,d138e80ed3910037,d138e80ed3910037,2363,200,GET,ts-travel-service
1650254430,ts-travel-service,a49c735f92982293,d138e80ed3910037,d138e80ed3910037,1826,200,GET,ts-travel-service
1650254430,ts-verification-code-service,9c1278922b511e0b,430d0cd7a13daa0f,eee0f9079172ea29,1157,200,verifyCode,ts-auth-service
1650254430,ts-auth-service,eee0f9079172ea29,,eee0f9079172ea29,126478,200,getToken,no_parent
1650254430,ts-assurance-service,c928da7d21e3620e,,c928da7d21e3620e,1346,200,getAllAssuranceType,no_parent
1650254430,ts-travel-service,29c929c0c5061ac0,d138e80ed3910037,d138e80ed3910037,6093,200,GET,ts-travel-service
1650254430,ts-verification-code-service,79c1be9c5afa6fc3,,79c1be9c5afa6fc3,2088,200,imageCode,no_parent
1650254490,ts-order-other-service,3d28329d5a014a87,166e1a2f52177cb2,e65b7bb04e178987,2938,200,securityInfoCheck,ts-security-service
1650254490,ts-order-service,27c6e9fee0f801ab,f12cd9d4826cf19e,e65b7bb04e178987,3069,200,securityInfoCheck,ts-security-service
1650254490,ts-security-service,17abe45cd28c80a8,8408108c45ad36f8,e65b7bb04e178987,12191,200,check,ts-preserve-service
1650254490,ts-verification-code-service,bb1554910918067,,bb1554910918067,2174,200,imageCode,no_parent
1650254490,ts-preserve-service,caebc7a168cd637,e65b7bb04e178987,e65b7bb04e178987,2836,200,GET,ts-preserve-service
1650254490,ts-preserve-service,e65b7bb04e178987,,e65b7bb04e178987,18934,200,preserve,no_parent
1650254490,ts-verification-code-service,a6dd0a9bf0eadb4e,2a2e3a3cdc8f6a9b,66915d82cdaf7c97,1331,200,verifyCode,ts-auth-service
1650254490,ts-preserve-service,8408108c45ad36f8,e65b7bb04e178987,e65b7bb04e178987,13656,200,GET,ts-preserve-service
1650254490,ts-auth-service,2a2e3a3cdc8f6a9b,66915d82cdaf7c97,66915d82cdaf7c97,2771,200,GET,ts-auth-service
1650254490,ts-auth-service,66915d82cdaf7c97,,66915d82cdaf7c97,127181,200,getToken,no_parent
1650254490,ts-security-service,166e1a2f52177cb2,17abe45cd28c80a8,e65b7bb04e178987,3934,200,GET,ts-security-service
1650254490,ts-security-service,f12cd9d4826cf19e,17abe45cd28c80a8,e65b7bb04e178987,4166,200,GET,ts-security-service
1650254490,ts-contacts-service,fdaa9ba10b8a2f84,caebc7a168cd637,e65b7bb04e178987,1988,200,getContactsByContactsId,ts-preserve-service
1650254490,ts-order-service,4cebbb2948c75555,,4cebbb2948c75555,10053,200,queryOrdersForRefresh,no_parent
1650254490,ts-order-service,4c52bb3fbe8f409a,4cebbb2948c75555,4cebbb2948c75555,6870,200,POST,ts-order-service
1650254490,ts-station-service,5df017310a48d56b,4c52bb3fbe8f409a,4cebbb2948c75555,5383,200,queryForNameBatch,ts-order-service
1650254490,ts-contacts-service,2058b6c811c6ebd6,,2058b6c811c6ebd6,2914,200,findContactsByAccountId,no_parent
1650254491,ts-basic-service,9556815bc2060a3f,d0a3e28a6c245106,a7b26d1fa05e2a8f,4132,200,queryForStationId,ts-ticketinfo-service
1650254491,ts-basic-service,4e6a9ea2f0c71b41,9556815bc2060a3f,a7b26d1fa05e2a8f,2217,200,GET,ts-basic-service
1650254491,ts-basic-service,61aeff09ca0ce79a,9fb81950eb8d006d,a7b26d1fa05e2a8f,3279,200,GET,ts-basic-service
1650254491,ts-travel-service,abd4e2ccc5f274d6,a7b26d1fa05e2a8f,a7b26d1fa05e2a8f,1200,200,GET,ts-travel-service
1650254491,ts-route-service,44d6d7fdb62814f2,abd4e2ccc5f274d6,a7b26d1fa05e2a8f,1138,200,queryById,ts-travel-service
1650254491,ts-route-service,975daf7c6c760507,b60e430252252767,a7b26d1fa05e2a8f,1561,200,queryById,ts-travel-service
1650254491,ts-travel-service,8f63bb580f835cc0,a7b26d1fa05e2a8f,a7b26d1fa05e2a8f,1528,200,GET,ts-travel-service
1650254491,ts-travel-service,b60e430252252767,a7b26d1fa05e2a8f,a7b26d1fa05e2a8f,1943,200,GET,ts-travel-service
1650254491,ts-travel-service,81f4b0aacbfa8d01,a7b26d1fa05e2a8f,a7b26d1fa05e2a8f,3119,200,GET,ts-travel-service
1650254491,ts-travel-service,a7b26d1fa05e2a8f,,a7b26d1fa05e2a8f,33263,200,queryInfo,no_parent
1650254491,ts-ticketinfo-service,4668a36cfa582223,dadc691610745d17,a7b26d1fa05e2a8f,6500,200,queryForStationId,ts-travel-service
1650254491,ts-travel-service,dadc691610745d17,a7b26d1fa05e2a8f,a7b26d1fa05e2a8f,6945,200,GET,ts-travel-service
1650254491,ts-route-service,f2654559c5b81956,81f4b0aacbfa8d01,a7b26d1fa05e2a8f,2090,200,queryById,ts-travel-service
1650254491,ts-assurance-service,ebc585fbe0d558e5,,ebc585fbe0d558e5,1264,200,getAllAssuranceType,no_parent
1650254491,ts-route-service,7478528c07468926,8f63bb580f835cc0,a7b26d1fa05e2a8f,1466,200,queryById,ts-travel-service
1650254491,ts-route-service,4901bb8452610058,67ea29e63e1dbb7,a7b26d1fa05e2a8f,1471,200,queryById,ts-travel-service
1650254491,ts-travel-service,67ea29e63e1dbb7,a7b26d1fa05e2a8f,a7b26d1fa05e2a8f,1861,200,GET,ts-travel-service
1650254491,ts-station-service,8b4e67b8c47426b0,61aeff09ca0ce79a,a7b26d1fa05e2a8f,2018,200,queryForStationId,ts-basic-service
1650254491,ts-station-service,5517be50d4b02eca,4e6a9ea2f0c71b41,a7b26d1fa05e2a8f,1703,200,queryForStationId,ts-basic-service
1650254491,ts-travel-service,51fffa57fbec73d2,a7b26d1fa05e2a8f,a7b26d1fa05e2a8f,8742,200,GET,ts-travel-service
1650254491,ts-ticketinfo-service,60c4eb21c6b9b6,3db8a98c41959b81,a7b26d1fa05e2a8f,5671,200,GET,ts-ticketinfo-service
1650254491,ts-ticketinfo-service,d0a3e28a6c245106,4668a36cfa582223,a7b26d1fa05e2a8f,4460,200,GET,ts-ticketinfo-service
1650254491,ts-ticketinfo-service,3db8a98c41959b81,51fffa57fbec73d2,a7b26d1fa05e2a8f,7553,200,queryForStationId,ts-travel-service
1650254491,ts-basic-service,9fb81950eb8d006d,60c4eb21c6b9b6,a7b26d1fa05e2a8f,4811,200,queryForStationId,ts-ticketinfo-service
1650254551,ts-route-service,6449f56fead32e51,faba3bb75f397b31,d5f3e6f40dca1b49,1407,200,queryById,ts-travel-service
1650254551,ts-ticketinfo-service,d45dd4ff542c8b12,1f9c7dab121abc6e,d5f3e6f40dca1b49,7261,200,queryForStationId,ts-travel-service
1650254551,ts-ticketinfo-service,69eeaf65a9ce2ccd,50d115b3554461b5,d5f3e6f40dca1b49,3780,200,GET,ts-ticketinfo-service
1650254551,ts-ticketinfo-service,50d115b3554461b5,96e47b0bab41d747,d5f3e6f40dca1b49,10133,200,queryForStationId,ts-travel-service
1650254551,ts-travel-service,1f9c7dab121abc6e,d5f3e6f40dca1b49,d5f3e6f40dca1b49,8802,200,GET,ts-travel-service
1650254551,ts-travel-service,bb2e59d9bea06bd4,d5f3e6f40dca1b49,d5f3e6f40dca1b49,3135,200,GET,ts-travel-service
1650254551,ts-travel-service,704ae3d6215cb904,d5f3e6f40dca1b49,d5f3e6f40dca1b49,1767,200,GET,ts-travel-service
1650254551,ts-travel-service,faba3bb75f397b31,d5f3e6f40dca1b49,d5f3e6f40dca1b49,1491,200,GET,ts-travel-service
1650254551,ts-contacts-service,21d935b5a1223e7f,,21d935b5a1223e7f,2546,200,findContactsByAccountId,no_parent
1650254551,ts-preserve-service,9c8c5d6042d00a41,3fd3145da7323842,3fd3145da7323842,2856,200,GET,ts-preserve-service
1650254551,ts-preserve-service,3fd3145da7323842,,3fd3145da7323842,18218,200,preserve,no_parent
1650254551,ts-preserve-service,9adb59b5da5d9a4d,3fd3145da7323842,3fd3145da7323842,12749,200,GET,ts-preserve-service
1650254551,ts-order-other-service,e9a00841ed2c7f41,63e8f239064da506,3fd3145da7323842,2955,200,securityInfoCheck,ts-security-service
1650254551,ts-order-service,a569c26466dfd3ae,c21d483dc715421f,c21d483dc715421f,5798,200,POST,ts-order-service
1650254551,ts-contacts-service,b00e98e6c6debb24,9c8c5d6042d00a41,3fd3145da7323842,1667,200,getContactsByContactsId,ts-preserve-service
1650254551,ts-security-service,63e8f239064da506,2637c762b23cc691,3fd3145da7323842,3871,200,GET,ts-security-service
1650254551,ts-security-service,2637c762b23cc691,9adb59b5da5d9a4d,3fd3145da7323842,11738,200,check,ts-preserve-service
1650254551,ts-station-service,7ba94bb9e220c33e,89f36d0146c40a23,d5f3e6f40dca1b49,1668,200,queryForStationId,ts-basic-service
1650254551,ts-station-service,934d60298e1b0424,30e83ebf20e2cdc9,d5f3e6f40dca1b49,1310,200,queryForStationId,ts-basic-service
1650254551,ts-travel-service,9c421c5b4a7e28a,d5f3e6f40dca1b49,d5f3e6f40dca1b49,1792,200,GET,ts-travel-service
1650254551,ts-travel-service,96e47b0bab41d747,d5f3e6f40dca1b49,d5f3e6f40dca1b49,10647,200,GET,ts-travel-service
1650254551,ts-route-service,cd2125e5c1b74198,bb2e59d9bea06bd4,d5f3e6f40dca1b49,2085,200,queryById,ts-travel-service
1650254551,ts-order-service,c7c2a988f322b38,b083cd8b7f6c144e,3fd3145da7323842,2679,200,securityInfoCheck,ts-security-service
1650254551,ts-basic-service,30e83ebf20e2cdc9,1a642bd2a8cd93ab,d5f3e6f40dca1b49,1687,200,GET,ts-basic-service
1650254551,ts-security-service,b083cd8b7f6c144e,2637c762b23cc691,3fd3145da7323842,3751,200,GET,ts-security-service
1650254551,ts-basic-service,89f36d0146c40a23,d0f1add81c2d6c75,d5f3e6f40dca1b49,2796,200,GET,ts-basic-service
1650254551,ts-travel-service,d5f3e6f40dca1b49,,d5f3e6f40dca1b49,36601,200,queryInfo,no_parent
1650254551,ts-route-service,18b56168d208daa4,704ae3d6215cb904,d5f3e6f40dca1b49,1457,200,queryById,ts-travel-service
1650254551,ts-route-service,55a81d48c2c0d9b7,53a99a597bfe0411,d5f3e6f40dca1b49,1480,200,queryById,ts-travel-service
1650254551,ts-route-service,f6cec8c060fb11e1,9c421c5b4a7e28a,d5f3e6f40dca1b49,1389,200,queryById,ts-travel-service
1650254551,ts-auth-service,4f7bf7d703b7b9bd,4ab9dfe6cffc5f89,4ab9dfe6cffc5f89,2544,200,GET,ts-auth-service
1650254551,ts-verification-code-service,d94e630e6651d185,4f7bf7d703b7b9bd,4ab9dfe6cffc5f89,1288,200,verifyCode,ts-auth-service
1650254551,ts-auth-service,4ab9dfe6cffc5f89,,4ab9dfe6cffc5f89,124816,200,getToken,no_parent
1650254551,ts-basic-service,d0f1add81c2d6c75,a32cbe93272a75fd,d5f3e6f40dca1b49,4592,200,queryForStationId,ts-ticketinfo-service
1650254551,ts-basic-service,1a642bd2a8cd93ab,69eeaf65a9ce2ccd,d5f3e6f40dca1b49,7971,200,queryForStationId,ts-ticketinfo-service
1650254551,ts-travel-service,53a99a597bfe0411,d5f3e6f40dca1b49,d5f3e6f40dca1b49,1851,200,GET,ts-travel-service
1650254551,ts-station-service,95f1821979e8e664,a569c26466dfd3ae,c21d483dc715421f,4763,200,queryForNameBatch,ts-order-service
1650254551,ts-order-service,c21d483dc715421f,,c21d483dc715421f,8310,200,queryOrdersForRefresh,no_parent
1650254551,ts-ticketinfo-service,a32cbe93272a75fd,d45dd4ff542c8b12,d5f3e6f40dca1b49,5392,200,GET,ts-ticketinfo-service
1650254551,ts-verification-code-service,c2237e503c7598d5,,c2237e503c7598d5,2224,200,imageCode,no_parent
1650254551,ts-assurance-service,2a16a61a9355c235,,2a16a61a9355c235,1326,200,getAllAssuranceType,no_parent
1650254611,ts-contacts-service,cfc3b8bab775e2,,cfc3b8bab775e2,2629,200,findContactsByAccountId,no_parent
1650254611,ts-preserve-service,45a6fa3441453997,bea9ebadb3c0c24a,bea9ebadb3c0c24a,12245,200,GET,ts-preserve-service
1650254611,ts-preserve-service,b12c94f7843d5426,bea9ebadb3c0c24a,bea9ebadb3c0c24a,2344,200,GET,ts-preserve-service
1650254611,ts-security-service,44976953f7daf41c,5213f86a435732bc,bea9ebadb3c0c24a,4025,200,GET,ts-security-service
1650254611,ts-security-service,5213f86a435732bc,45a6fa3441453997,bea9ebadb3c0c24a,10985,200,check,ts-preserve-service
1650254611,ts-preserve-service,bea9ebadb3c0c24a,,bea9ebadb3c0c24a,16772,200,preserve,no_parent
1650254611,ts-order-service,f6cf02a9a8825f9,cd843e11f25d1410,bea9ebadb3c0c24a,2534,200,securityInfoCheck,ts-security-service
1650254611,ts-contacts-service,2962d20891d54d58,b12c94f7843d5426,bea9ebadb3c0c24a,1510,200,getContactsByContactsId,ts-preserve-service
1650254611,ts-ticketinfo-service,b962c156e4617f11,55647f77299bff84,71c37f2426fc025e,8148,200,queryForStationId,ts-travel-service
1650254611,ts-ticketinfo-service,bfe705ae37603a82,e99627ed489a329f,71c37f2426fc025e,4828,200,GET,ts-ticketinfo-service
1650254611,ts-order-other-service,34ef6d600a5b6172,44976953f7daf41c,bea9ebadb3c0c24a,2816,200,securityInfoCheck,ts-security-service
1650254611,ts-security-service,cd843e11f25d1410,5213f86a435732bc,bea9ebadb3c0c24a,3456,200,GET,ts-security-service
1650254611,ts-travel-service,c25ad1705e48e2,71c37f2426fc025e,71c37f2426fc025e,1564,200,GET,ts-travel-service
1650254611,ts-travel-service,6223571f209344fe,71c37f2426fc025e,71c37f2426fc025e,1504,200,GET,ts-travel-service
1650254611,ts-route-service,d869c4d2fbeaec9a,fec34e9eeba8a308,71c37f2426fc025e,2088,200,queryById,ts-travel-service
1650254611,ts-route-service,8c8cc1360df1a5e8,c25ad1705e48e2,71c37f2426fc025e,1529,200,queryById,ts-travel-service
1650254611,ts-route-service,44634039d736a628,7ada890547b6afa4,71c37f2426fc025e,1492,200,queryById,ts-travel-service
1650254611,ts-route-service,d37b224ed0a58b5f,5e4b59b8f57690,71c37f2426fc025e,1633,200,queryById,ts-travel-service
1650254611,ts-route-service,5d282d0035bbb270,6223571f209344fe,71c37f2426fc025e,1426,200,queryById,ts-travel-service
1650254611,ts-travel-service,ddc7e24d4afbe45c,71c37f2426fc025e,71c37f2426fc025e,7374,200,GET,ts-travel-service
1650254611,ts-travel-service,7ada890547b6afa4,71c37f2426fc025e,71c37f2426fc025e,1589,200,GET,ts-travel-service
1650254611,ts-basic-service,5e3b5202b25a498b,bfe705ae37603a82,71c37f2426fc025e,3950,200,queryForStationId,ts-ticketinfo-service
1650254611,ts-ticketinfo-service,e99627ed489a329f,ddc7e24d4afbe45c,71c37f2426fc025e,6615,200,queryForStationId,ts-travel-service
1650254611,ts-ticketinfo-service,53a8042a785204d,b962c156e4617f11,71c37f2426fc025e,6339,200,GET,ts-ticketinfo-service
1650254611,ts-travel-service,55647f77299bff84,71c37f2426fc025e,71c37f2426fc025e,9664,200,GET,ts-travel-service
1650254611,ts-travel-service,fec34e9eeba8a308,71c37f2426fc025e,71c37f2426fc025e,3219,200,GET,ts-travel-service
1650254611,ts-travel-service,71c37f2426fc025e,,71c37f2426fc025e,34732,200,queryInfo,no_parent
1650254611,ts-station-service,9861cd0290f7ff51,2db29cba4d7edc13,1965ae3eff132ffe,5020,200,queryForNameBatch,ts-order-service
1650254611,ts-basic-service,727fb2fe0a589562,ed76600a7cf83c6c,71c37f2426fc025e,2830,200,GET,ts-basic-service
1650254611,ts-auth-service,200c69653aca4f5b,,200c69653aca4f5b,126360,200,getToken,no_parent
1650254611,ts-auth-service,b1abf69cd4ba3fea,200c69653aca4f5b,200c69653aca4f5b,3256,200,GET,ts-auth-service
1650254611,ts-basic-service,ed76600a7cf83c6c,53a8042a785204d,71c37f2426fc025e,4979,200,queryForStationId,ts-ticketinfo-service
1650254611,ts-basic-service,a8b29b9611755b4a,5e3b5202b25a498b,71c37f2426fc025e,2106,200,GET,ts-basic-service
1650254611,ts-assurance-service,b47e2abf1472b498,,b47e2abf1472b498,1734,200,getAllAssuranceType,no_parent
1650254611,ts-verification-code-service,9500740ccaca283,b1abf69cd4ba3fea,200c69653aca4f5b,1352,200,verifyCode,ts-auth-service
1650254611,ts-order-service,1965ae3eff132ffe,,1965ae3eff132ffe,25846,200,queryOrdersForRefresh,no_parent
1650254611,ts-order-service,2db29cba4d7edc13,1965ae3eff132ffe,1965ae3eff132ffe,6135,200,POST,ts-order-service
1650254611,ts-travel-service,5e4b59b8f57690,71c37f2426fc025e,71c37f2426fc025e,1933,200,GET,ts-travel-service
1650254611,ts-station-service,f8d65c47f39030e5,a8b29b9611755b4a,71c37f2426fc025e,1590,200,queryForStationId,ts-basic-service
1650254611,ts-station-service,3acacee822b42c4,727fb2fe0a589562,71c37f2426fc025e,2004,200,queryForStationId,ts-basic-service
1650254611,ts-verification-code-service,fa67a68a4927796c,,fa67a68a4927796c,2197,200,imageCode,no_parent
1650254671,ts-basic-service,da53e05dcf6c4071,9e2fa978ff3b5b6e,e27e8681f0812842,3926,200,queryForStationId,ts-ticketinfo-service
1650254671,ts-ticketinfo-service,48effe14b0b421e8,c3b008e22c9d8500,e27e8681f0812842,5924,200,queryForStationId,ts-travel-service
1650254671,ts-ticketinfo-service,a93395e56d01426a,587a5eea01869b52,e27e8681f0812842,5970,200,GET,ts-ticketinfo-service
1650254671,ts-ticketinfo-service,587a5eea01869b52,a64e1b837e2eeb67,e27e8681f0812842,7827,200,queryForStationId,ts-travel-service
1650254671,ts-ticketinfo-service,9e2fa978ff3b5b6e,48effe14b0b421e8,e27e8681f0812842,4383,200,GET,ts-ticketinfo-service
1650254671,ts-auth-service,224c98007e97d8d2,,224c98007e97d8d2,127668,200,getToken,no_parent
1650254671,ts-route-service,fbc4f6eb59bbfcf1,f61a7318cc0289f0,e27e8681f0812842,1716,200,queryById,ts-travel-service
1650254671,ts-route-service,2bb7e03df4fc987b,85dda46ad771fcd6,e27e8681f0812842,1639,200,queryById,ts-travel-service
1650254671,ts-route-service,431532b9a6df249a,51be7316e8f16cb9,e27e8681f0812842,1502,200,queryById,ts-travel-service
1650254671,ts-route-service,bc9a4b5d7591b87e,a02caea2907ad152,e27e8681f0812842,1464,200,queryById,ts-travel-service
1650254671,ts-route-service,978e33df37d4afd6,fb9f3bea1453dda3,e27e8681f0812842,1420,200,queryById,ts-travel-service
1650254671,ts-basic-service,20cd31190e0461d5,da53e05dcf6c4071,e27e8681f0812842,2279,200,GET,ts-basic-service
1650254671,ts-order-service,1d718b0436e307eb,,1d718b0436e307eb,8586,200,queryOrdersForRefresh,no_parent
1650254671,ts-basic-service,5fdef826b54ed6ee,a93395e56d01426a,e27e8681f0812842,5152,200,queryForStationId,ts-ticketinfo-service
1650254671,ts-security-service,504030f9594f8b5b,72dbab3da1b5281c,16fa561efa0e4f5b,3904,200,GET,ts-security-service
1650254671,ts-security-service,72dbab3da1b5281c,dade643d191da9aa,16fa561efa0e4f5b,11635,200,check,ts-preserve-service
1650254671,ts-contacts-service,7616908796be5a71,8ec10fb016131465,16fa561efa0e4f5b,1796,200,getContactsByContactsId,ts-preserve-service
1650254671,ts-auth-service,242d4be3fd76b6d8,224c98007e97d8d2,224c98007e97d8d2,2364,200,GET,ts-auth-service
1650254671,ts-verification-code-service,28894bc0a3fe5a70,242d4be3fd76b6d8,224c98007e97d8d2,1018,200,verifyCode,ts-auth-service
1650254671,ts-preserve-service,dade643d191da9aa,16fa561efa0e4f5b,16fa561efa0e4f5b,12833,200,GET,ts-preserve-service
1650254671,ts-order-service,cda302514b07f018,76c6e33681652c25,16fa561efa0e4f5b,2534,200,securityInfoCheck,ts-security-service
1650254671,ts-order-other-service,148b9e54e8219ea2,504030f9594f8b5b,16fa561efa0e4f5b,2849,200,securityInfoCheck,ts-security-service
1650254671,ts-security-service,76c6e33681652c25,72dbab3da1b5281c,16fa561efa0e4f5b,3606,200,GET,ts-security-service
1650254671,ts-preserve-service,8ec10fb016131465,16fa561efa0e4f5b,16fa561efa0e4f5b,2923,200,GET,ts-preserve-service
1650254671,ts-preserve-service,16fa561efa0e4f5b,,16fa561efa0e4f5b,18425,200,preserve,no_parent
1650254671,ts-travel-service,fb9f3bea1453dda3,e27e8681f0812842,e27e8681f0812842,1514,200,GET,ts-travel-service
1650254671,ts-travel-service,e27e8681f0812842,,e27e8681f0812842,32990,200,queryInfo,no_parent
1650254671,ts-travel-service,51be7316e8f16cb9,e27e8681f0812842,e27e8681f0812842,1885,200,GET,ts-travel-service
1650254671,ts-travel-service,f61a7318cc0289f0,e27e8681f0812842,e27e8681f0812842,2664,200,GET,ts-travel-service
1650254671,ts-travel-service,c3b008e22c9d8500,e27e8681f0812842,e27e8681f0812842,6620,200,GET,ts-travel-service
1650254671,ts-travel-service,85dda46ad771fcd6,e27e8681f0812842,e27e8681f0812842,1984,200,GET,ts-travel-service
1650254671,ts-travel-service,a64e1b837e2eeb67,e27e8681f0812842,e27e8681f0812842,9145,200,GET,ts-travel-service
1650254671,ts-station-service,73da5fc094046077,20cd31190e0461d5,e27e8681f0812842,1837,200,queryForStationId,ts-basic-service
1650254671,ts-station-service,22ac6e503e06aaf2,8bc65457d80a32a8,e27e8681f0812842,2089,200,queryForStationId,ts-basic-service
1650254671,ts-basic-service,8bc65457d80a32a8,5fdef826b54ed6ee,e27e8681f0812842,3214,200,GET,ts-basic-service
1650254671,ts-travel-service,a02caea2907ad152,e27e8681f0812842,e27e8681f0812842,1834,200,GET,ts-travel-service
1650254671,ts-order-service,17eedd9e3cb32f89,1d718b0436e307eb,1d718b0436e307eb,5697,200,POST,ts-order-service
1650254671,ts-contacts-service,3f1ed60b100e5f7c,,3f1ed60b100e5f7c,2403,200,findContactsByAccountId,no_parent
1650254671,ts-station-service,ae642e639a9ef7d6,17eedd9e3cb32f89,1d718b0436e307eb,4654,200,queryForNameBatch,ts-order-service
1650254671,ts-verification-code-service,acdde8c4dd8156c4,,acdde8c4dd8156c4,2179,200,imageCode,no_parent
1650254671,ts-assurance-service,76f98cc9e090eeae,,76f98cc9e090eeae,1339,200,getAllAssuranceType,no_parent
1650254732,ts-route-service,412ff4ded53cf7e6,c7c5a608f02a41ca,e4e0f16e6da1630,1516,200,queryById,ts-travel-service
1650254732,ts-route-service,eaaccb710064e755,8c117876e426c872,e4e0f16e6da1630,1485,200,queryById,ts-travel-service
1650254732,ts-route-service,19b644de28a1d96d,f2f627a83f102e4,e4e0f16e6da1630,1451,200,queryById,ts-travel-service
1650254732,ts-assurance-service,5599006760dfd064,,5599006760dfd064,1346,200,getAllAssuranceType,no_parent
1650254732,ts-travel-service,8c117876e426c872,e4e0f16e6da1630,e4e0f16e6da1630,1909,200,GET,ts-travel-service
1650254732,ts-travel-service,f2f627a83f102e4,e4e0f16e6da1630,e4e0f16e6da1630,1592,200,GET,ts-travel-service
1650254732,ts-travel-service,c7c5a608f02a41ca,e4e0f16e6da1630,e4e0f16e6da1630,1809,200,GET,ts-travel-service
1650254732,ts-order-service,3220cdc1bf6c0901,b562e32edb0ec31e,518cc15c4fe1fae3,3057,200,securityInfoCheck,ts-security-service
1650254732,ts-order-other-service,10ee9dc1f5e54b34,aaa84207a76a942,518cc15c4fe1fae3,2716,200,securityInfoCheck,ts-security-service
1650254732,ts-station-service,82f2771740abfc55,c8bd44fa5c2e308e,89d6550c1ac310ea,5072,200,queryForNameBatch,ts-order-service
1650254732,ts-order-service,89d6550c1ac310ea,,89d6550c1ac310ea,8660,200,queryOrdersForRefresh,no_parent
1650254732,ts-order-service,c8bd44fa5c2e308e,89d6550c1ac310ea,89d6550c1ac310ea,6272,200,POST,ts-order-service
1650254732,ts-travel-service,e4e0f16e6da1630,,e4e0f16e6da1630,33470,200,queryInfo,no_parent
1650254732,ts-route-service,ca51e5c239b1ffb7,87b30053dba820ec,e4e0f16e6da1630,1654,200,queryById,ts-travel-service
1650254732,ts-travel-service,c6f40a0f2856f2c1,e4e0f16e6da1630,e4e0f16e6da1630,8877,200,GET,ts-travel-service
1650254732,ts-security-service,b562e32edb0ec31e,55d25de0eb750ae3,518cc15c4fe1fae3,4035,200,GET,ts-security-service
1650254732,ts-security-service,aaa84207a76a942,55d25de0eb750ae3,518cc15c4fe1fae3,3706,200,GET,ts-security-service
1650254732,ts-auth-service,86f8464a4889e07,9707cca138f206f5,9707cca138f206f5,2559,200,GET,ts-auth-service
1650254732,ts-auth-service,9707cca138f206f5,,9707cca138f206f5,125605,200,getToken,no_parent
1650254732,ts-verification-code-service,1ea397080d913a7,86f8464a4889e07,9707cca138f206f5,1304,200,verifyCode,ts-auth-service
1650254732,ts-travel-service,5bff4a71a6f7359d,e4e0f16e6da1630,e4e0f16e6da1630,1480,200,GET,ts-travel-service
1650254732,ts-security-service,55d25de0eb750ae3,3a0574aa63359bd,518cc15c4fe1fae3,11017,200,check,ts-preserve-service
1650254732,ts-contacts-service,9549ecb33972c8c4,be1d2fb8156b7431,518cc15c4fe1fae3,1469,200,getContactsByContactsId,ts-preserve-service
1650254732,ts-preserve-service,3a0574aa63359bd,518cc15c4fe1fae3,518cc15c4fe1fae3,12195,200,GET,ts-preserve-service
1650254732,ts-preserve-service,be1d2fb8156b7431,518cc15c4fe1fae3,518cc15c4fe1fae3,2498,200,GET,ts-preserve-service
1650254732,ts-preserve-service,518cc15c4fe1fae3,,518cc15c4fe1fae3,16670,200,preserve,no_parent
1650254732,ts-verification-code-service,48ea5de8037a787d,,48ea5de8037a787d,2174,200,imageCode,no_parent
1650254732,ts-station-service,aae96bf4f32a5d9b,faaf67a869fb242b,e4e0f16e6da1630,1809,200,queryForStationId,ts-basic-service
1650254732,ts-station-service,a1ebfaef0102e060,9463eb2db383b76e,e4e0f16e6da1630,1427,200,queryForStationId,ts-basic-service
1650254732,ts-basic-service,faaf67a869fb242b,60359535467c866a,e4e0f16e6da1630,2898,200,GET,ts-basic-service
1650254732,ts-basic-service,60435f521061695a,6390b16265e78dfe,e4e0f16e6da1630,3363,200,queryForStationId,ts-ticketinfo-service
1650254732,ts-basic-service,60359535467c866a,f9e8df86a550c671,e4e0f16e6da1630,4770,200,queryForStationId,ts-ticketinfo-service
1650254732,ts-basic-service,9463eb2db383b76e,60435f521061695a,e4e0f16e6da1630,2139,200,GET,ts-basic-service
1650254732,ts-ticketinfo-service,6390b16265e78dfe,c640ec1f2ccb9e08,e4e0f16e6da1630,4100,200,GET,ts-ticketinfo-service
1650254732,ts-ticketinfo-service,c640ec1f2ccb9e08,a807b3c522ea69e5,e4e0f16e6da1630,5629,200,queryForStationId,ts-travel-service
1650254732,ts-ticketinfo-service,dbee581ce68ec465,c6f40a0f2856f2c1,e4e0f16e6da1630,7676,200,queryForStationId,ts-travel-service
1650254732,ts-ticketinfo-service,f9e8df86a550c671,dbee581ce68ec465,e4e0f16e6da1630,5968,200,GET,ts-ticketinfo-service
1650254732,ts-travel-service,a807b3c522ea69e5,e4e0f16e6da1630,e4e0f16e6da1630,6044,200,GET,ts-travel-service
1650254732,ts-travel-service,87b30053dba820ec,e4e0f16e6da1630,e4e0f16e6da1630,2571,200,GET,ts-travel-service
1650254732,ts-route-service,df444ca78b0de315,5bff4a71a6f7359d,e4e0f16e6da1630,1392,200,queryById,ts-travel-service
1650254732,ts-contacts-service,d9c9b745334808d7,,d9c9b745334808d7,2069,200,findContactsByAccountId,no_parent
1650254792,ts-verification-code-service,8c42dbbe146e8dc0,11c4b030b50c6fc5,5a970d730a9b18df,1173,200,verifyCode,ts-auth-service
1650254792,ts-auth-service,11c4b030b50c6fc5,5a970d730a9b18df,5a970d730a9b18df,2466,200,GET,ts-auth-service
1650254792,ts-auth-service,5a970d730a9b18df,,5a970d730a9b18df,125039,200,getToken,no_parent
1650254792,ts-ticketinfo-service,abb3555dfe324b64,e5f52fc7feaab2d6,4e3d27b047f2c5c1,7410,200,queryForStationId,ts-travel-service
1650254792,ts-travel-service,e5f52fc7feaab2d6,4e3d27b047f2c5c1,4e3d27b047f2c5c1,8679,200,GET,ts-travel-service
1650254792,ts-travel-service,89bdb99dd0b37795,4e3d27b047f2c5c1,4e3d27b047f2c5c1,1607,200,GET,ts-travel-service
1650254792,ts-assurance-service,35515f99f23f7608,,35515f99f23f7608,1305,200,getAllAssuranceType,no_parent
1650254792,ts-contacts-service,a7b709a34fe8eff9,3e137839387364c7,47b11a74f02271e,1709,200,getContactsByContactsId,ts-preserve-service
1650254792,ts-preserve-service,c855c705af98f9cf,47b11a74f02271e,47b11a74f02271e,12397,200,GET,ts-preserve-service
1650254792,ts-basic-service,da2dd1d2ca432e20,a6ac249049f05589,4e3d27b047f2c5c1,4646,200,queryForStationId,ts-ticketinfo-service
1650254792,ts-route-service,b7ba17443236eff0,7e6c3ace23d6ecae,4e3d27b047f2c5c1,1185,200,queryById,ts-travel-service
1650254792,ts-route-service,84d93d4fd7252841,89bdb99dd0b37795,4e3d27b047f2c5c1,1506,200,queryById,ts-travel-service
1650254792,ts-route-service,874f162b6e585373,abddaed0fe93232,4e3d27b047f2c5c1,1379,200,queryById,ts-travel-service
1650254792,ts-station-service,e19f6afc0a0177a4,8b922c6cb92c6d73,4e3d27b047f2c5c1,1482,200,queryForStationId,ts-basic-service
1650254792,ts-station-service,9bd6ce9af68a6f76,93786212819514f5,4e3d27b047f2c5c1,1730,200,queryForStationId,ts-basic-service
1650254792,ts-ticketinfo-service,a64007f4130c19fc,94c2fb66e4631dc3,4e3d27b047f2c5c1,5189,200,queryForStationId,ts-travel-service
1650254792,ts-travel-service,4e3d27b047f2c5c1,,4e3d27b047f2c5c1,31344,200,queryInfo,no_parent
1650254792,ts-route-service,4c50ec6b048f7202,fa796abefa77d9b8,4e3d27b047f2c5c1,1265,200,queryById,ts-travel-service
1650254792,ts-route-service,3e85112b272dcd14,644d6dd05d4b0eb2,4e3d27b047f2c5c1,1955,200,queryById,ts-travel-service
1650254792,ts-contacts-service,f1036ae1140aa07c,,f1036ae1140aa07c,2510,200,findContactsByAccountId,no_parent
1650254792,ts-preserve-service,3e137839387364c7,47b11a74f02271e,47b11a74f02271e,2807,200,GET,ts-preserve-service
1650254792,ts-preserve-service,47b11a74f02271e,,47b11a74f02271e,17252,200,preserve,no_parent
1650254792,ts-basic-service,5038385cf272d786,eb79581fc2175621,4e3d27b047f2c5c1,3453,200,queryForStationId,ts-ticketinfo-service
1650254792,ts-ticketinfo-service,a6ac249049f05589,abb3555dfe324b64,4e3d27b047f2c5c1,5669,200,GET,ts-ticketinfo-service
1650254792,ts-ticketinfo-service,eb79581fc2175621,a64007f4130c19fc,4e3d27b047f2c5c1,3812,200,GET,ts-ticketinfo-service
1650254792,ts-travel-service,644d6dd05d4b0eb2,4e3d27b047f2c5c1,4e3d27b047f2c5c1,2779,200,GET,ts-travel-service
1650254792,ts-travel-service,7e6c3ace23d6ecae,4e3d27b047f2c5c1,4e3d27b047f2c5c1,1439,200,GET,ts-travel-service
1650254792,ts-travel-service,abddaed0fe93232,4e3d27b047f2c5c1,4e3d27b047f2c5c1,1766,200,GET,ts-travel-service
1650254792,ts-basic-service,93786212819514f5,da2dd1d2ca432e20,4e3d27b047f2c5c1,2568,200,GET,ts-basic-service
1650254792,ts-basic-service,8b922c6cb92c6d73,5038385cf272d786,4e3d27b047f2c5c1,1931,200,GET,ts-basic-service
1650254792,ts-travel-service,94c2fb66e4631dc3,4e3d27b047f2c5c1,4e3d27b047f2c5c1,5410,200,GET,ts-travel-service
1650254792,ts-order-service,a236c162c24593d8,23f2dce4f6b17eaa,47b11a74f02271e,2895,200,securityInfoCheck,ts-security-service
1650254792,ts-order-other-service,2a9dc7451094334e,a834b2d32e559323,47b11a74f02271e,2403,200,securityInfoCheck,ts-security-service
1650254792,ts-security-service,23f2dce4f6b17eaa,86507089d72dc24e,47b11a74f02271e,4013,200,GET,ts-security-service
1650254792,ts-security-service,86507089d72dc24e,c855c705af98f9cf,47b11a74f02271e,11242,200,check,ts-preserve-service
1650254792,ts-security-service,a834b2d32e559323,86507089d72dc24e,47b11a74f02271e,3190,200,GET,ts-security-service
1650254792,ts-travel-service,fa796abefa77d9b8,4e3d27b047f2c5c1,4e3d27b047f2c5c1,1351,200,GET,ts-travel-service
1650254792,ts-order-service,639230d57d93f60e,add1d027e7356676,add1d027e7356676,5712,200,POST,ts-order-service
1650254792,ts-station-service,c577c097dad99317,639230d57d93f60e,add1d027e7356676,4667,200,queryForNameBatch,ts-order-service
1650254792,ts-order-service,add1d027e7356676,,add1d027e7356676,8296,200,queryOrdersForRefresh,no_parent
1650254792,ts-verification-code-service,8c0dc9c5442ab704,,8c0dc9c5442ab704,2170,200,imageCode,no_parent
1650254852,ts-auth-service,5b473fe2908660ac,b2d9bc88703042ca,b2d9bc88703042ca,2694,200,GET,ts-auth-service
1650254852,ts-auth-service,b2d9bc88703042ca,,b2d9bc88703042ca,126437,200,getToken,no_parent
1650254852,ts-verification-code-service,3699d6913776e823,5b473fe2908660ac,b2d9bc88703042ca,1350,200,verifyCode,ts-auth-service
1650254852,ts-travel-service,16ab65aaaea2d39e,d321114dbbb4b90,d321114dbbb4b90,5556,200,GET,ts-travel-service
1650254852,ts-route-service,ece5fbadb61ed387,57984d7f5903bd74,d321114dbbb4b90,2085,200,queryById,ts-travel-service
1650254852,ts-travel-service,ec238f1d77f22152,d321114dbbb4b90,d321114dbbb4b90,1842,200,GET,ts-travel-service
1650254852,ts-ticketinfo-service,b250fe1c65d6830f,3f24a27b0bf7f4de,d321114dbbb4b90,7019,200,queryForStationId,ts-travel-service
1650254852,ts-ticketinfo-service,882ebe5ff02240e5,16ab65aaaea2d39e,d321114dbbb4b90,5158,200,queryForStationId,ts-travel-service
1650254852,ts-ticketinfo-service,e6ba806c68256939,b250fe1c65d6830f,d321114dbbb4b90,4943,200,GET,ts-ticketinfo-service
1650254852,ts-security-service,1f2c01c5e1236c2,aae9a38c705590fd,7419188e5154d3f6,4012,200,GET,ts-security-service
1650254852,ts-ticketinfo-service,61dd70a7a4613a70,882ebe5ff02240e5,d321114dbbb4b90,3814,200,GET,ts-ticketinfo-service
1650254852,ts-station-service,b8f60bda060b7236,8d804c130e2955e0,d321114dbbb4b90,1515,200,queryForStationId,ts-basic-service
1650254852,ts-station-service,f0f29f6c5932e752,3b5e0366f5b608f5,d321114dbbb4b90,1380,200,queryForStationId,ts-basic-service
1650254852,ts-route-service,957406374dc3b10a,516ff72a16d7d742,d321114dbbb4b90,1509,200,queryById,ts-travel-service
1650254852,ts-route-service,224edba78f7b72da,ac379b9d1456508f,d321114dbbb4b90,1442,200,queryById,ts-travel-service
1650254852,ts-preserve-service,7419188e5154d3f6,,7419188e5154d3f6,17352,200,preserve,no_parent
1650254852,ts-preserve-service,b1c26a3d48722de8,7419188e5154d3f6,7419188e5154d3f6,13040,200,GET,ts-preserve-service
1650254852,ts-preserve-service,8a27a786db658861,7419188e5154d3f6,7419188e5154d3f6,2149,200,GET,ts-preserve-service
1650254852,ts-order-service,14baf4c811ca2f1b,ba46dbbf60ed9cb1,7419188e5154d3f6,2616,200,securityInfoCheck,ts-security-service
1650254852,ts-order-other-service,266fb7744f67e72e,1f2c01c5e1236c2,7419188e5154d3f6,2872,200,securityInfoCheck,ts-security-service
1650254852,ts-security-service,ba46dbbf60ed9cb1,aae9a38c705590fd,7419188e5154d3f6,3945,200,GET,ts-security-service
1650254852,ts-security-service,aae9a38c705590fd,b1c26a3d48722de8,7419188e5154d3f6,11436,200,check,ts-preserve-service
1650254852,ts-contacts-service,dcbfb9c2fe7de436,8a27a786db658861,7419188e5154d3f6,1562,200,getContactsByContactsId,ts-preserve-service
1650254852,ts-travel-service,ac379b9d1456508f,d321114dbbb4b90,d321114dbbb4b90,1577,200,GET,ts-travel-service
1650254852,ts-travel-service,3f24a27b0bf7f4de,d321114dbbb4b90,d321114dbbb4b90,8235,200,GET,ts-travel-service
1650254852,ts-travel-service,516ff72a16d7d742,d321114dbbb4b90,d321114dbbb4b90,1870,200,GET,ts-travel-service
1650254852,ts-travel-service,d28524107aabc53,d321114dbbb4b90,d321114dbbb4b90,1580,200,GET,ts-travel-service
1650254852,ts-travel-service,d321114dbbb4b90,,d321114dbbb4b90,31075,200,queryInfo,no_parent
1650254852,ts-travel-service,57984d7f5903bd74,d321114dbbb4b90,d321114dbbb4b90,3012,200,GET,ts-travel-service
1650254852,ts-route-service,765bef229d9762a5,ec238f1d77f22152,d321114dbbb4b90,1437,200,queryById,ts-travel-service
1650254852,ts-route-service,645dec3537282b36,d28524107aabc53,d321114dbbb4b90,1492,200,queryById,ts-travel-service
1650254852,ts-basic-service,4db86fc39b7d7a80,e6ba806c68256939,d321114dbbb4b90,4104,200,queryForStationId,ts-ticketinfo-service
1650254852,ts-basic-service,8d804c130e2955e0,4db86fc39b7d7a80,d321114dbbb4b90,2179,200,GET,ts-basic-service
1650254852,ts-basic-service,3b5e0366f5b608f5,8758b0bf29d13e1c,d321114dbbb4b90,1838,200,GET,ts-basic-service
1650254852,ts-basic-service,8758b0bf29d13e1c,61dd70a7a4613a70,d321114dbbb4b90,3389,200,queryForStationId,ts-ticketinfo-service
1650254852,ts-contacts-service,7754408206050a1e,,7754408206050a1e,2570,200,findContactsByAccountId,no_parent
1650254852,ts-order-service,a373f008edaba184,1e11db8f8b18c711,1e11db8f8b18c711,6514,200,POST,ts-order-service
1650254852,ts-order-service,1e11db8f8b18c711,,1e11db8f8b18c711,8863,200,queryOrdersForRefresh,no_parent
1650254852,ts-station-service,60fabf7febf7c01c,a373f008edaba184,1e11db8f8b18c711,5217,200,queryForNameBatch,ts-order-service
1650254852,ts-assurance-service,326a64acbb03203f,,326a64acbb03203f,1279,200,getAllAssuranceType,no_parent
1650254852,ts-verification-code-service,112d0d120db5b5e6,,112d0d120db5b5e6,2575,200,imageCode,no_parent
1650254912,ts-order-other-service,ac409ed09dfa247c,c2b7aa6f1cf35c70,2a33c00cf88dd751,2845,200,securityInfoCheck,ts-security-service
1650254912,ts-verification-code-service,501352427d34cced,,501352427d34cced,2136,200,imageCode,no_parent
1650254912,ts-auth-service,ec159e560c778324,,ec159e560c778324,125638,200,getToken,no_parent
1650254912,ts-auth-service,8e599d1d2e92b4ff,ec159e560c778324,ec159e560c778324,2606,200,GET,ts-auth-service
1650254912,ts-contacts-service,a20310adb0682dad,8777da807a8f29c7,2a33c00cf88dd751,2073,200,getContactsByContactsId,ts-preserve-service
1650254912,ts-preserve-service,3232b7b0581b9298,2a33c00cf88dd751,2a33c00cf88dd751,12781,200,GET,ts-preserve-service
1650254912,ts-preserve-service,8777da807a8f29c7,2a33c00cf88dd751,2a33c00cf88dd751,2920,200,GET,ts-preserve-service
1650254912,ts-preserve-service,2a33c00cf88dd751,,2a33c00cf88dd751,18505,200,preserve,no_parent
1650254912,ts-order-service,da08e7f0b7ec293f,7922aa1a3ee58e77,2a33c00cf88dd751,2743,200,securityInfoCheck,ts-security-service
1650254912,ts-security-service,c2b7aa6f1cf35c70,21f4b9f33600f2e7,2a33c00cf88dd751,3913,200,GET,ts-security-service
1650254912,ts-security-service,21f4b9f33600f2e7,3232b7b0581b9298,2a33c00cf88dd751,11759,200,check,ts-preserve-service
1650254912,ts-station-service,15fa6139a0f09392,18c0f846bd63448b,4c1fdd05f7b1b600,6178,200,queryForNameBatch,ts-order-service
1650254912,ts-order-service,4c1fdd05f7b1b600,,4c1fdd05f7b1b600,10212,200,queryOrdersForRefresh,no_parent
1650254912,ts-security-service,7922aa1a3ee58e77,21f4b9f33600f2e7,2a33c00cf88dd751,3640,200,GET,ts-security-service
1650254912,ts-order-service,18c0f846bd63448b,4c1fdd05f7b1b600,4c1fdd05f7b1b600,7536,200,POST,ts-order-service
1650254912,ts-verification-code-service,1e42bd1d15be13ac,8e599d1d2e92b4ff,ec159e560c778324,1298,200,verifyCode,ts-auth-service
1650254912,ts-contacts-service,79405c98e066e666,,79405c98e066e666,2204,200,findContactsByAccountId,no_parent
1650254913,ts-station-service,5e88dcef2195d77f,8a376e2b19d82775,518390719c607b07,1454,200,queryForStationId,ts-basic-service
1650254913,ts-ticketinfo-service,bd3f86e7066d3531,ac62c66f7ad72b33,518390719c607b07,5396,200,GET,ts-ticketinfo-service
1650254913,ts-ticketinfo-service,ac62c66f7ad72b33,2935815181b314e9,518390719c607b07,7716,200,queryForStationId,ts-travel-service
1650254913,ts-basic-service,7cdf1ae386e145ab,bd3f86e7066d3531,518390719c607b07,4634,200,queryForStationId,ts-ticketinfo-service
1650254913,ts-basic-service,fd69b308d2401c98,7cdf1ae386e145ab,518390719c607b07,2639,200,GET,ts-basic-service
1650254913,ts-travel-service,518390719c607b07,,518390719c607b07,59303,200,queryInfo,no_parent
1650254913,ts-travel-service,8d57439710f10d17,518390719c607b07,518390719c607b07,1817,200,GET,ts-travel-service
1650254913,ts-travel-service,2935815181b314e9,518390719c607b07,518390719c607b07,8953,200,GET,ts-travel-service
1650254913,ts-ticketinfo-service,6da19522c9daa0df,6260e2a08f6ff81d,518390719c607b07,5353,200,queryForStationId,ts-travel-service
1650254913,ts-ticketinfo-service,de2441655bf5bee9,6da19522c9daa0df,518390719c607b07,3819,200,GET,ts-ticketinfo-service
1650254913,ts-travel-service,80216218de494133,518390719c607b07,518390719c607b07,1541,200,GET,ts-travel-service
1650254913,ts-travel-service,6260e2a08f6ff81d,518390719c607b07,518390719c607b07,5657,200,GET,ts-travel-service
1650254913,ts-travel-service,76a5d97a013ca586,518390719c607b07,518390719c607b07,1190,200,GET,ts-travel-service
1650254913,ts-travel-service,32f0448732729401,518390719c607b07,518390719c607b07,2927,200,GET,ts-travel-service
1650254913,ts-basic-service,8cca3a902b5a52ad,de2441655bf5bee9,518390719c607b07,3357,200,queryForStationId,ts-ticketinfo-service
1650254913,ts-route-service,54c94118dc278c73,e8281695a5dc1624,518390719c607b07,29832,200,queryById,ts-travel-service
1650254913,ts-route-service,97963e1a5d93c8c3,80216218de494133,518390719c607b07,1473,200,queryById,ts-travel-service
1650254913,ts-route-service,585ba5aeed22f508,76a5d97a013ca586,518390719c607b07,1161,200,queryById,ts-travel-service
1650254913,ts-route-service,afa66de30ec7da2c,8d57439710f10d17,518390719c607b07,1555,200,queryById,ts-travel-service
1650254913,ts-basic-service,8a376e2b19d82775,8cca3a902b5a52ad,518390719c607b07,2029,200,GET,ts-basic-service
1650254913,ts-station-service,5aa44ba950fca38,fd69b308d2401c98,518390719c607b07,1859,200,queryForStationId,ts-basic-service
1650254913,ts-travel-service,e8281695a5dc1624,518390719c607b07,518390719c607b07,29917,200,GET,ts-travel-service
1650254913,ts-route-service,9606c16926f958e4,32f0448732729401,518390719c607b07,2052,200,queryById,ts-travel-service
1650254913,ts-assurance-service,5f170d4eee9aef88,,5f170d4eee9aef88,988,200,getAllAssuranceType,no_parent
1650254973,ts-auth-service,9b4ec3752989507a,fba77eeb30f209e9,fba77eeb30f209e9,2634,200,GET,ts-auth-service
1650254973,ts-verification-code-service,d272f18bb44a5e2d,9b4ec3752989507a,fba77eeb30f209e9,1338,200,verifyCode,ts-auth-service
1650254973,ts-station-service,f919f1a88ff938d2,44224982404ecec,dc6841b98ee721ad,1772,200,queryForStationId,ts-basic-service
1650254973,ts-station-service,4e8ec82c037078db,3dc705b10447befb,dc6841b98ee721ad,1415,200,queryForStationId,ts-basic-service
1650254973,ts-security-service,15a5238c3e4af485,68b25b8d009839e3,e60ab539772216b1,3966,200,GET,ts-security-service
1650254973,ts-security-service,68b25b8d009839e3,bba52e38f8ff7edd,e60ab539772216b1,12594,200,check,ts-preserve-service
1650254973,ts-station-service,8ea6f9a71d3f6c91,ca6f6284101619af,e5fe3ed4cb7ca4af,4724,200,queryForNameBatch,ts-order-service
1650254973,ts-order-service,e5fe3ed4cb7ca4af,,e5fe3ed4cb7ca4af,8082,200,queryOrdersForRefresh,no_parent
1650254973,ts-order-service,ca6f6284101619af,e5fe3ed4cb7ca4af,e5fe3ed4cb7ca4af,5787,200,POST,ts-order-service
1650254973,ts-contacts-service,ba1c2dc3c029191a,a9e4a553863c425f,e60ab539772216b1,2108,200,getContactsByContactsId,ts-preserve-service
1650254973,ts-preserve-service,bba52e38f8ff7edd,e60ab539772216b1,e60ab539772216b1,13667,200,GET,ts-preserve-service
1650254973,ts-preserve-service,a9e4a553863c425f,e60ab539772216b1,e60ab539772216b1,3389,200,GET,ts-preserve-service
1650254973,ts-route-service,5a4b6101430b168b,78cefaa768e32b66,dc6841b98ee721ad,1210,200,queryById,ts-travel-service
1650254973,ts-route-service,4c91360e8153c767,9dd849856013fb81,dc6841b98ee721ad,1501,200,queryById,ts-travel-service
1650254973,ts-route-service,e6d70f2d09a159b8,26a3c9569b3e3797,dc6841b98ee721ad,1397,200,queryById,ts-travel-service
1650254973,ts-basic-service,720fe80402f35a98,65427dd062f3f9e9,dc6841b98ee721ad,3275,200,queryForStationId,ts-ticketinfo-service
1650254973,ts-basic-service,9548ceda47d27126,a31223fb33076568,dc6841b98ee721ad,4633,200,queryForStationId,ts-ticketinfo-service
1650254973,ts-basic-service,3dc705b10447befb,720fe80402f35a98,dc6841b98ee721ad,1847,200,GET,ts-basic-service
1650254973,ts-ticketinfo-service,4e24810222e8d61f,159946975e59aeb1,dc6841b98ee721ad,7242,200,queryForStationId,ts-travel-service
1650254973,ts-assurance-service,5881c063fe077ae0,,5881c063fe077ae0,1077,200,getAllAssuranceType,no_parent
1650254973,ts-order-service,368f6e2b9e009eb0,68c2eea5a5b64d33,e60ab539772216b1,2631,200,securityInfoCheck,ts-security-service
1650254973,ts-order-other-service,f1e57069057e8f28,15a5238c3e4af485,e60ab539772216b1,3110,200,securityInfoCheck,ts-security-service
1650254973,ts-security-service,68c2eea5a5b64d33,68b25b8d009839e3,e60ab539772216b1,4254,200,GET,ts-security-service
1650254973,ts-preserve-service,e60ab539772216b1,,e60ab539772216b1,19257,200,preserve,no_parent
1650254973,ts-basic-service,44224982404ecec,9548ceda47d27126,dc6841b98ee721ad,2922,200,GET,ts-basic-service
1650254973,ts-ticketinfo-service,65427dd062f3f9e9,43564accc10ee00e,dc6841b98ee721ad,3654,200,GET,ts-ticketinfo-service
1650254973,ts-ticketinfo-service,43564accc10ee00e,1b5bfb93524f3ef5,dc6841b98ee721ad,4897,200,queryForStationId,ts-travel-service
1650254973,ts-travel-service,159946975e59aeb1,dc6841b98ee721ad,dc6841b98ee721ad,8327,200,GET,ts-travel-service
1650254973,ts-travel-service,20bd7ce189d31a40,dc6841b98ee721ad,dc6841b98ee721ad,3283,200,GET,ts-travel-service
1650254973,ts-ticketinfo-service,a31223fb33076568,4e24810222e8d61f,dc6841b98ee721ad,5423,200,GET,ts-ticketinfo-service
1650254973,ts-travel-service,26a3c9569b3e3797,dc6841b98ee721ad,dc6841b98ee721ad,1773,200,GET,ts-travel-service
1650254973,ts-travel-service,1b5bfb93524f3ef5,dc6841b98ee721ad,dc6841b98ee721ad,5162,200,GET,ts-travel-service
1650254973,ts-travel-service,e2d02ce87ac797cd,dc6841b98ee721ad,dc6841b98ee721ad,1530,200,GET,ts-travel-service
1650254973,ts-travel-service,9dd849856013fb81,dc6841b98ee721ad,dc6841b98ee721ad,1565,200,GET,ts-travel-service
1650254973,ts-travel-service,78cefaa768e32b66,dc6841b98ee721ad,dc6841b98ee721ad,1433,200,GET,ts-travel-service
1650254973,ts-travel-service,dc6841b98ee721ad,,dc6841b98ee721ad,30443,200,queryInfo,no_parent
1650254973,ts-route-service,2d74d291f7469a7,20bd7ce189d31a40,dc6841b98ee721ad,2056,200,queryById,ts-travel-service
1650254973,ts-route-service,ed4280e64b3bbd8c,e2d02ce87ac797cd,dc6841b98ee721ad,1425,200,queryById,ts-travel-service
1650254973,ts-contacts-service,a90ec128d3d62ede,,a90ec128d3d62ede,2018,200,findContactsByAccountId,no_parent
1650254973,ts-auth-service,fba77eeb30f209e9,,fba77eeb30f209e9,124935,200,getToken,no_parent
1650254973,ts-verification-code-service,ffaa71aa5e70c155,,ffaa71aa5e70c155,2185,200,imageCode,no_parent
1650255033,ts-ticketinfo-service,fa1abaffee755c7d,4466712c54e811a8,988ad61fbfd441f2,7667,200,queryForStationId,ts-travel-service
1650255033,ts-order-other-service,e456347652dc805d,5ce5bc7a18a7f482,58e14986cceebffc,3704,200,securityInfoCheck,ts-security-service
1650255033,ts-security-service,5ce5bc7a18a7f482,c59c9264715fc0bb,58e14986cceebffc,5021,200,GET,ts-security-service
1650255033,ts-security-service,c59c9264715fc0bb,a0db348c5c1e9dae,58e14986cceebffc,14585,200,check,ts-preserve-service
1650255033,ts-station-service,9cc69551d7a03681,95d7b5249fc38260,65b9464250a5d83,8358,200,queryForNameBatch,ts-order-service
1650255033,ts-basic-service,81e3bfc432b098a6,87bb6b22b2260875,988ad61fbfd441f2,6126,200,queryForStationId,ts-ticketinfo-service
1650255033,ts-order-service,95d7b5249fc38260,65b9464250a5d83,65b9464250a5d83,9857,200,POST,ts-order-service
1650255033,ts-security-service,5bedd50cf85fb3f5,c59c9264715fc0bb,58e14986cceebffc,4715,200,GET,ts-security-service
1650255033,ts-ticketinfo-service,10a7023da9db1113,a2dc416b66645b6a,988ad61fbfd441f2,9577,200,queryForStationId,ts-travel-service
1650255033,ts-contacts-service,8b07632ad8cc1d53,ce99b484d6669e18,58e14986cceebffc,2341,200,getContactsByContactsId,ts-preserve-service
1650255033,ts-preserve-service,a0db348c5c1e9dae,58e14986cceebffc,58e14986cceebffc,16169,200,GET,ts-preserve-service
1650255033,ts-basic-service,6d4243fbbcc34e64,fa3c700026b3ec32,988ad61fbfd441f2,4792,200,queryForStationId,ts-ticketinfo-service
1650255033,ts-preserve-service,ce99b484d6669e18,58e14986cceebffc,58e14986cceebffc,3518,200,GET,ts-preserve-service
1650255033,ts-travel-service,b1f8acaf4c310387,988ad61fbfd441f2,988ad61fbfd441f2,2314,200,GET,ts-travel-service
1650255033,ts-travel-service,a2dc416b66645b6a,988ad61fbfd441f2,988ad61fbfd441f2,10787,200,GET,ts-travel-service
1650255033,ts-verification-code-service,c6b05c6b9933ca98,206b76d51c39c3cd,58918268cf8c7f,1680,200,verifyCode,ts-auth-service
1650255033,ts-travel-service,4466712c54e811a8,988ad61fbfd441f2,988ad61fbfd441f2,8135,200,GET,ts-travel-service
1650255033,ts-auth-service,58918268cf8c7f,,58918268cf8c7f,119048,200,getToken,no_parent
1650255033,ts-auth-service,206b76d51c39c3cd,58918268cf8c7f,58918268cf8c7f,3493,200,GET,ts-auth-service
1650255033,ts-verification-code-service,cbc5165fc2b0fb38,,cbc5165fc2b0fb38,2951,200,imageCode,no_parent
1650255033,ts-travel-service,988ad61fbfd441f2,,988ad61fbfd441f2,42467,200,queryInfo,no_parent
1650255033,ts-ticketinfo-service,87bb6b22b2260875,10a7023da9db1113,988ad61fbfd441f2,7298,200,GET,ts-ticketinfo-service
1650255033,ts-basic-service,49ad0919f95456c,81e3bfc432b098a6,988ad61fbfd441f2,3644,200,GET,ts-basic-service
1650255033,ts-basic-service,26bc6b9c97b36cf2,6d4243fbbcc34e64,988ad61fbfd441f2,2792,200,GET,ts-basic-service
1650255033,ts-route-service,954e01c0174a760c,214db69a1cc7cfce,988ad61fbfd441f2,2605,200,queryById,ts-travel-service
1650255033,ts-route-service,febd34a7037bad4e,e1a86c374a4c38a7,988ad61fbfd441f2,2153,200,queryById,ts-travel-service
1650255033,ts-route-service,14b71e31a229615a,b1f8acaf4c310387,988ad61fbfd441f2,2111,200,queryById,ts-travel-service
1650255033,ts-travel-service,214db69a1cc7cfce,988ad61fbfd441f2,988ad61fbfd441f2,3969,200,GET,ts-travel-service
1650255033,ts-station-service,44b9efcf3d027a39,26bc6b9c97b36cf2,988ad61fbfd441f2,2088,200,queryForStationId,ts-basic-service
1650255033,ts-station-service,70c039a3f38807dd,49ad0919f95456c,988ad61fbfd441f2,2541,200,queryForStationId,ts-basic-service
1650255033,ts-route-service,5e31d597f3dccc72,6f273b11300f5bbf,988ad61fbfd441f2,2240,200,queryById,ts-travel-service
1650255033,ts-ticketinfo-service,fa3c700026b3ec32,fa1abaffee755c7d,988ad61fbfd441f2,5477,200,GET,ts-ticketinfo-service
1650255033,ts-travel-service,e1a86c374a4c38a7,988ad61fbfd441f2,988ad61fbfd441f2,2622,200,GET,ts-travel-service
1650255033,ts-order-service,65b9464250a5d83,,65b9464250a5d83,13214,200,queryOrdersForRefresh,no_parent
1650255033,ts-route-service,1b6f1d86a77edc73,bf5bf46d0ec729ce,988ad61fbfd441f2,2108,200,queryById,ts-travel-service
1650255033,ts-travel-service,6f273b11300f5bbf,988ad61fbfd441f2,988ad61fbfd441f2,2335,200,GET,ts-travel-service
1650255033,ts-travel-service,bf5bf46d0ec729ce,988ad61fbfd441f2,988ad61fbfd441f2,2291,200,GET,ts-travel-service
1650255033,ts-order-service,7132afea8c2195ef,5bedd50cf85fb3f5,58e14986cceebffc,3334,200,securityInfoCheck,ts-security-service
1650255033,ts-preserve-service,58e14986cceebffc,,58e14986cceebffc,22533,200,preserve,no_parent
1650255033,ts-contacts-service,8ae2ff78cde0a184,,8ae2ff78cde0a184,3175,200,findContactsByAccountId,no_parent
1650255033,ts-assurance-service,c3ab111498e5c134,,c3ab111498e5c134,1591,200,getAllAssuranceType,no_parent
1650255093,ts-preserve-service,41aba38e4fb77d20,b149b07cbf272374,b149b07cbf272374,42705404,200,GET,ts-preserve-service
1650255093,ts-contacts-service,89b1ba8d362de2fe,,89b1ba8d362de2fe,3156,200,findContactsByAccountId,no_parent
1650255093,ts-preserve-service,b149b07cbf272374,,b149b07cbf272374,48970221,200,preserve,no_parent
1650255099,ts-security-service,b948f116752a0ec3,6b2c5e21603d3f4b,b149b07cbf272374,10300799,200,GET,ts-security-service
1650255099,ts-security-service,6b2c5e21603d3f4b,41aba38e4fb77d20,b149b07cbf272374,29618811,200,check,ts-preserve-service
1650255104,ts-order-service,ec881f7fb031e5ab,b948f116752a0ec3,b149b07cbf272374,3339,200,securityInfoCheck,ts-security-service
1650255109,ts-security-service,a9a73616a9c7dcfe,6b2c5e21603d3f4b,b149b07cbf272374,10297027,200,GET,ts-security-service
1650255120,ts-order-other-service,84b8ca771e9099a3,a9a73616a9c7dcfe,b149b07cbf272374,4696,200,securityInfoCheck,ts-security-service
1650255142,ts-verification-code-service,c21160c7c1a95a,,c21160c7c1a95a,2713,200,imageCode,no_parent
1650255142,ts-auth-service,6206f30664dca766,ce38d8680ed2ffa6,ce38d8680ed2ffa6,3452,200,GET,ts-auth-service
1650255142,ts-auth-service,ce38d8680ed2ffa6,,ce38d8680ed2ffa6,114831,200,getToken,no_parent
1650255142,ts-verification-code-service,47ff8ab2717f3f64,6206f30664dca766,ce38d8680ed2ffa6,1719,200,verifyCode,ts-auth-service
1650255142,ts-travel-service,bbed798cb6659a8,3f562358f6567cb4,3f562358f6567cb4,11267,200,GET,ts-travel-service
1650255142,ts-route-service,20ec3787b97d51a8,abdb93fde3bfed9b,3f562358f6567cb4,2176,200,queryById,ts-travel-service
1650255142,ts-preserve-service,d7429ae1a791a165,b149b07cbf272374,b149b07cbf272374,4150,200,GET,ts-preserve-service
1650255142,ts-assurance-service,b34212b143199cc1,,b34212b143199cc1,1607,200,getAllAssuranceType,no_parent
1650255142,ts-station-service,aa613640c2d42540,8cc052aa555e6fd3,3f562358f6567cb4,2404,200,queryForStationId,ts-basic-service
1650255142,ts-travel-service,3f562358f6567cb4,,3f562358f6567cb4,43612,200,queryInfo,no_parent
1650255142,ts-route-service,4981411255bba084,847e020f232314b3,3f562358f6567cb4,2603,200,queryById,ts-travel-service
1650255142,ts-route-service,21681d67733e590c,3e6890d4bc8f3dab,3f562358f6567cb4,2196,200,queryById,ts-travel-service
1650255142,ts-basic-service,ddde0a8179daae55,30fba8b989f6431f,3f562358f6567cb4,6114,200,queryForStationId,ts-ticketinfo-service
1650255142,ts-basic-service,8cc052aa555e6fd3,40977caf45bbbca,3f562358f6567cb4,3393,200,GET,ts-basic-service
1650255142,ts-basic-service,40977caf45bbbca,8c7bcf9f56e1c00,3f562358f6567cb4,5482,200,queryForStationId,ts-ticketinfo-service
1650255142,ts-route-service,b49bcc08586a452b,e3424eca27774e9c,3f562358f6567cb4,2169,200,queryById,ts-travel-service
1650255142,ts-ticketinfo-service,30fba8b989f6431f,d507a5e3bf6696bf,3f562358f6567cb4,7231,200,GET,ts-ticketinfo-service
1650255142,ts-travel-service,1a6ef527ee8ee540,3f562358f6567cb4,3f562358f6567cb4,2389,200,GET,ts-travel-service
1650255142,ts-route-service,6445d02f25cf6c50,1a6ef527ee8ee540,3f562358f6567cb4,2217,200,queryById,ts-travel-service
1650255142,ts-travel-service,847e020f232314b3,3f562358f6567cb4,3f562358f6567cb4,3997,200,GET,ts-travel-service
1650255142,ts-ticketinfo-service,d507a5e3bf6696bf,bbed798cb6659a8,3f562358f6567cb4,9849,200,queryForStationId,ts-travel-service
1650255142,ts-ticketinfo-service,e26b593bf429bbf5,e9daa31886b20d59,3f562358f6567cb4,8235,200,queryForStationId,ts-travel-service
1650255142,ts-ticketinfo-service,8c7bcf9f56e1c00,e26b593bf429bbf5,3f562358f6567cb4,6191,200,GET,ts-ticketinfo-service
1650255142,ts-basic-service,47b191301df30885,ddde0a8179daae55,3f562358f6567cb4,3456,200,GET,ts-basic-service
1650255142,ts-station-service,dedff5714ffcae9b,47b191301df30885,3f562358f6567cb4,2361,200,queryForStationId,ts-basic-service
1650255142,ts-travel-service,abdb93fde3bfed9b,3f562358f6567cb4,3f562358f6567cb4,2349,200,GET,ts-travel-service
1650255142,ts-travel-service,e3424eca27774e9c,3f562358f6567cb4,3f562358f6567cb4,2622,200,GET,ts-travel-service
1650255142,ts-contacts-service,d284786146650b07,d7429ae1a791a165,b149b07cbf272374,2559,200,getContactsByContactsId,ts-preserve-service
1650255142,ts-travel-service,3e6890d4bc8f3dab,3f562358f6567cb4,3f562358f6567cb4,2397,200,GET,ts-travel-service
1650255142,ts-travel-service,e9daa31886b20d59,3f562358f6567cb4,3f562358f6567cb4,8697,200,GET,ts-travel-service
1650255142,ts-order-service,bffcfb202fd0b334,,bffcfb202fd0b334,13427,200,queryOrdersForRefresh,no_parent
1650255142,ts-order-service,8a8709b2acab597b,bffcfb202fd0b334,bffcfb202fd0b334,9724,200,POST,ts-order-service
1650255142,ts-station-service,a042d1128c6a7916,8a8709b2acab597b,bffcfb202fd0b334,8224,200,queryForNameBatch,ts-order-service
1650255202,ts-preserve-service,976d2cf120dc2ca3,,976d2cf120dc2ca3,45962259,200,preserve,no_parent
1650255202,ts-preserve-service,7ed63dff271f2a00,976d2cf120dc2ca3,976d2cf120dc2ca3,38663334,200,GET,ts-preserve-service
1650255202,ts-contacts-service,5bd45d952e7e768c,,5bd45d952e7e768c,2914,200,findContactsByAccountId,no_parent
1650255207,ts-security-service,197516dbcc86f222,8b33214caddaf775,976d2cf120dc2ca3,10301266,200,GET,ts-security-service
1650255207,ts-security-service,8b33214caddaf775,7ed63dff271f2a00,976d2cf120dc2ca3,31628176,200,check,ts-preserve-service
1650255217,ts-order-service,4190f31aed6ac2b7,197516dbcc86f222,976d2cf120dc2ca3,3629,200,securityInfoCheck,ts-security-service
1650255222,ts-security-service,2a3785af8c84c09b,8b33214caddaf775,976d2cf120dc2ca3,10296196,200,GET,ts-security-service
1650255232,ts-order-other-service,c210dfb66189eb41,2a3785af8c84c09b,976d2cf120dc2ca3,3802,200,securityInfoCheck,ts-security-service
1650255248,ts-auth-service,f8d07e48a4dd4a70,,f8d07e48a4dd4a70,111813,200,getToken,no_parent
1650255248,ts-contacts-service,dce28e08a08456aa,bc0f0d7b4f04580b,976d2cf120dc2ca3,2766,200,getContactsByContactsId,ts-preserve-service
1650255248,ts-preserve-service,bc0f0d7b4f04580b,976d2cf120dc2ca3,976d2cf120dc2ca3,4425,200,GET,ts-preserve-service
1650255248,ts-station-service,8cb16520c48a368a,ad5c04400f0eadd,167e1206a4a88d2b,8122,200,queryForNameBatch,ts-order-service
1650255248,ts-order-service,167e1206a4a88d2b,,167e1206a4a88d2b,13434,200,queryOrdersForRefresh,no_parent
1650255248,ts-order-service,ad5c04400f0eadd,167e1206a4a88d2b,167e1206a4a88d2b,9668,200,POST,ts-order-service
1650255248,ts-verification-code-service,e9a662bf6e84a8cb,ed094a056663185c,f8d07e48a4dd4a70,1521,200,verifyCode,ts-auth-service
1650255248,ts-verification-code-service,67411c11cd1489e9,,67411c11cd1489e9,2637,200,imageCode,no_parent
1650255248,ts-auth-service,ed094a056663185c,f8d07e48a4dd4a70,f8d07e48a4dd4a70,3312,200,GET,ts-auth-service
1650255249,ts-assurance-service,86c1d789d6708de9,,86c1d789d6708de9,1668,200,getAllAssuranceType,no_parent
1650255249,ts-basic-service,274b21591cb86719,538db6f045ae43e9,7c82c7c64fba60ea,8962,200,GET,ts-basic-service
1650255249,ts-station-service,91d0048bf823f4c3,688f00298c7e38cb,7c82c7c64fba60ea,2522,200,queryForStationId,ts-basic-service
1650255249,ts-route-service,e535824f33445ef5,62b544ab85bc6302,7c82c7c64fba60ea,2134,200,queryById,ts-travel-service
1650255249,ts-station-service,40bb05aaa0680d69,274b21591cb86719,7c82c7c64fba60ea,8328,200,queryForStationId,ts-basic-service
1650255249,ts-basic-service,fea5da39bc618a0f,4035de9392af7635,7c82c7c64fba60ea,6571,200,queryForStationId,ts-ticketinfo-service
1650255249,ts-basic-service,688f00298c7e38cb,fea5da39bc618a0f,7c82c7c64fba60ea,3984,200,GET,ts-basic-service
1650255249,ts-travel-service,bf544a0d95d6c36b,7c82c7c64fba60ea,7c82c7c64fba60ea,2310,200,GET,ts-travel-service
1650255249,ts-travel-service,7c82c7c64fba60ea,,7c82c7c64fba60ea,49781,200,queryInfo,no_parent
1650255249,ts-travel-service,c137b83764514bf5,7c82c7c64fba60ea,7c82c7c64fba60ea,4037,200,GET,ts-travel-service
1650255249,ts-route-service,8ddf3866d5907f8c,557d63046f295350,7c82c7c64fba60ea,2114,200,queryById,ts-travel-service
1650255249,ts-travel-service,c9e7783ba03b3ce9,7c82c7c64fba60ea,7c82c7c64fba60ea,11817,200,GET,ts-travel-service
1650255249,ts-ticketinfo-service,d225575a53804058,d0730a21e1d6e44b,7c82c7c64fba60ea,11589,200,GET,ts-ticketinfo-service
1650255249,ts-ticketinfo-service,d0730a21e1d6e44b,93dd4b39263fb0f1,7c82c7c64fba60ea,13561,200,queryForStationId,ts-travel-service
1650255249,ts-travel-service,99d04f1d18afcd9d,7c82c7c64fba60ea,7c82c7c64fba60ea,2470,200,GET,ts-travel-service
1650255249,ts-ticketinfo-service,cfe863e42da48e45,c9e7783ba03b3ce9,7c82c7c64fba60ea,9918,200,queryForStationId,ts-travel-service
1650255249,ts-travel-service,557d63046f295350,7c82c7c64fba60ea,7c82c7c64fba60ea,2271,200,GET,ts-travel-service
1650255249,ts-route-service,8a7aee0665429a75,bf544a0d95d6c36b,7c82c7c64fba60ea,2175,200,queryById,ts-travel-service
1650255249,ts-route-service,b68f0d5df248acca,c137b83764514bf5,7c82c7c64fba60ea,2651,200,queryById,ts-travel-service
1650255249,ts-ticketinfo-service,4035de9392af7635,cfe863e42da48e45,7c82c7c64fba60ea,7781,200,GET,ts-ticketinfo-service
1650255249,ts-travel-service,62b544ab85bc6302,7c82c7c64fba60ea,7c82c7c64fba60ea,2774,200,GET,ts-travel-service
1650255249,ts-travel-service,93dd4b39263fb0f1,7c82c7c64fba60ea,7c82c7c64fba60ea,14141,200,GET,ts-travel-service
1650255249,ts-basic-service,538db6f045ae43e9,d225575a53804058,7c82c7c64fba60ea,10988,200,queryForStationId,ts-ticketinfo-service
1650255249,ts-route-service,28fe21af6cbf5527,99d04f1d18afcd9d,7c82c7c64fba60ea,2107,200,queryById,ts-travel-service
1650255309,ts-preserve-service,86a9c98c3df267f4,,86a9c98c3df267f4,57604417,200,preserve,no_parent
1650255309,ts-preserve-service,2225da7cd28d7d1f,86a9c98c3df267f4,86a9c98c3df267f4,50309152,200,GET,ts-preserve-service
1650255309,ts-contacts-service,d06f584352190092,,d06f584352190092,2885,200,findContactsByAccountId,no_parent
1650255314,ts-security-service,a34bfc4e019bb291,2225da7cd28d7d1f,86a9c98c3df267f4,38183402,200,check,ts-preserve-service
1650255314,ts-security-service,7675fd56b69052c9,a34bfc4e019bb291,86a9c98c3df267f4,10293514,200,GET,ts-security-service
1650255319,ts-order-service,954cb8233a89c8e5,7675fd56b69052c9,86a9c98c3df267f4,3334,200,securityInfoCheck,ts-security-service
1650255327,ts-security-service,9b08e4f9ec9fca70,a34bfc4e019bb291,86a9c98c3df267f4,10295138,200,GET,ts-security-service
1650255332,ts-order-other-service,3e90bf75c2d1a2b1,9b08e4f9ec9fca70,86a9c98c3df267f4,3677,200,securityInfoCheck,ts-security-service
1650255366,ts-contacts-service,4f08bb73a65b7738,145ea1c32a7d50e6,86a9c98c3df267f4,2827,200,getContactsByContactsId,ts-preserve-service
1650255366,ts-basic-service,ad504bedf2f56ffa,c0378c66a627cee0,cf9abe396d5b65a7,3188,200,GET,ts-basic-service
1650255366,ts-basic-service,c0378c66a627cee0,360faad66853c5ee,cf9abe396d5b65a7,5237,200,queryForStationId,ts-ticketinfo-service
1650255366,ts-ticketinfo-service,1f860d9d46c14ee,4987eff5474c6b3,cf9abe396d5b65a7,6912,200,GET,ts-ticketinfo-service
1650255366,ts-travel-service,24c6942544b4422f,cf9abe396d5b65a7,cf9abe396d5b65a7,2286,200,GET,ts-travel-service
1650255366,ts-travel-service,4c53b93964ccae82,cf9abe396d5b65a7,cf9abe396d5b65a7,10842,200,GET,ts-travel-service
1650255366,ts-verification-code-service,3723578779a0be0b,ab372b5d42a9acc9,48cde3a310ad8a13,2334,200,verifyCode,ts-auth-service
1650255366,ts-preserve-service,145ea1c32a7d50e6,86a9c98c3df267f4,86a9c98c3df267f4,4299,200,GET,ts-preserve-service
1650255366,ts-basic-service,f05d5e5834882cf7,1f860d9d46c14ee,cf9abe396d5b65a7,5854,200,queryForStationId,ts-ticketinfo-service
1650255366,ts-basic-service,a43a9b1ce90f9145,f05d5e5834882cf7,cf9abe396d5b65a7,3412,200,GET,ts-basic-service
1650255366,ts-station-service,bce196d56b43b91e,ad504bedf2f56ffa,cf9abe396d5b65a7,2524,200,queryForStationId,ts-basic-service
1650255366,ts-travel-service,c470335d7d7915d5,cf9abe396d5b65a7,cf9abe396d5b65a7,2302,200,GET,ts-travel-service
1650255366,ts-order-service,a66f974fd72bd4,749f47273835e269,749f47273835e269,9426,200,POST,ts-order-service
1650255366,ts-order-service,749f47273835e269,,749f47273835e269,13164,200,queryOrdersForRefresh,no_parent
1650255366,ts-station-service,17dddd644d4fae96,a66f974fd72bd4,749f47273835e269,7855,200,queryForNameBatch,ts-order-service
1650255366,ts-route-service,607e5e6d815597be,24c6942544b4422f,cf9abe396d5b65a7,2086,200,queryById,ts-travel-service
1650255366,ts-travel-service,874b87e174d2f2bd,cf9abe396d5b65a7,cf9abe396d5b65a7,2632,200,GET,ts-travel-service
1650255366,ts-route-service,de2f144290193c50,83964c4fedd9364b,cf9abe396d5b65a7,2636,200,queryById,ts-travel-service
1650255366,ts-route-service,6190ce54c8776845,dff5867af6fb9fa6,cf9abe396d5b65a7,2155,200,queryById,ts-travel-service
1650255366,ts-travel-service,24ed02937432f9c1,cf9abe396d5b65a7,cf9abe396d5b65a7,8514,200,GET,ts-travel-service
1650255366,ts-ticketinfo-service,360faad66853c5ee,f5f2bdab54bf32b0,cf9abe396d5b65a7,5919,200,GET,ts-ticketinfo-service
1650255366,ts-travel-service,83964c4fedd9364b,cf9abe396d5b65a7,cf9abe396d5b65a7,4063,200,GET,ts-travel-service
1650255366,ts-ticketinfo-service,4987eff5474c6b3,4c53b93964ccae82,cf9abe396d5b65a7,9296,200,queryForStationId,ts-travel-service
1650255366,ts-ticketinfo-service,f5f2bdab54bf32b0,24ed02937432f9c1,cf9abe396d5b65a7,8091,200,queryForStationId,ts-travel-service
1650255366,ts-route-service,9c09dd534c4ec2cb,c470335d7d7915d5,cf9abe396d5b65a7,2121,200,queryById,ts-travel-service
1650255366,ts-route-service,2866737376c09f79,874b87e174d2f2bd,cf9abe396d5b65a7,2151,200,queryById,ts-travel-service
1650255366,ts-station-service,cf05f5d9cf4275ad,a43a9b1ce90f9145,cf9abe396d5b65a7,2274,200,queryForStationId,ts-basic-service
1650255366,ts-travel-service,cf9abe396d5b65a7,,cf9abe396d5b65a7,43553,200,queryInfo,no_parent
1650255366,ts-travel-service,dff5867af6fb9fa6,cf9abe396d5b65a7,cf9abe396d5b65a7,2292,200,GET,ts-travel-service
1650255366,ts-auth-service,48cde3a310ad8a13,,48cde3a310ad8a13,113973,200,getToken,no_parent
1650255366,ts-auth-service,ab372b5d42a9acc9,48cde3a310ad8a13,48cde3a310ad8a13,4557,200,GET,ts-auth-service
1650255366,ts-verification-code-service,9b5491a77c449b8d,,9b5491a77c449b8d,2732,200,imageCode,no_parent
1650255367,ts-assurance-service,e0a63dc9149fb52d,,e0a63dc9149fb52d,2044,200,getAllAssuranceType,no_parent
1650255428,ts-preserve-service,25a2f78f415884ff,,25a2f78f415884ff,39064757,200,preserve,no_parent
1650255428,ts-preserve-service,aefe811a737e7d9c,25a2f78f415884ff,25a2f78f415884ff,36921456,200,GET,ts-preserve-service
1650255428,ts-contacts-service,2ad7c21802360490,,2ad7c21802360490,2964,200,findContactsByAccountId,no_parent
1650255431,ts-security-service,f7b8f6f78540c60b,aefe811a737e7d9c,25a2f78f415884ff,26620901,200,check,ts-preserve-service
1650255431,ts-security-service,92fb9afc1c90fc31,f7b8f6f78540c60b,25a2f78f415884ff,14585810,200,GET,ts-security-service
1650255445,ts-security-service,243134c268fc1172,f7b8f6f78540c60b,25a2f78f415884ff,6012123,200,GET,ts-security-service
1650255445,ts-order-service,e0391d1ffb1ae118,92fb9afc1c90fc31,25a2f78f415884ff,3339,200,securityInfoCheck,ts-security-service
1650255448,ts-order-other-service,f11c714ab5605b2d,243134c268fc1172,25a2f78f415884ff,3726,200,securityInfoCheck,ts-security-service
1650255467,ts-route-service,74354e724be7b6f3,f52e06283248aaaa,5c600bd051545beb,2156,200,queryById,ts-travel-service
1650255467,ts-travel-service,c0b83da1936d0d1b,5c600bd051545beb,5c600bd051545beb,17556,200,GET,ts-travel-service
1650255467,ts-travel-service,6404d5f2d79d37a1,5c600bd051545beb,5c600bd051545beb,8029,200,GET,ts-travel-service
1650255467,ts-travel-service,5f0328548d0aad3f,5c600bd051545beb,5c600bd051545beb,3952,200,GET,ts-travel-service
1650255467,ts-route-service,f5dcbe9e38f4ea8c,761c01d9bf3283ad,5c600bd051545beb,2210,200,queryById,ts-travel-service
1650255467,ts-route-service,801c9ea82f9a91c4,9cf1c716945827b9,5c600bd051545beb,2207,200,queryById,ts-travel-service
1650255467,ts-station-service,27c8bf869ed6acdd,7758ca04f2f4185,5c600bd051545beb,2101,200,queryForStationId,ts-basic-service
1650255467,ts-ticketinfo-service,1f26bc71ff36fac9,eff5326e60790109,5c600bd051545beb,5543,200,GET,ts-ticketinfo-service
1650255467,ts-ticketinfo-service,eff5326e60790109,6404d5f2d79d37a1,5c600bd051545beb,7534,200,queryForStationId,ts-travel-service
1650255467,ts-travel-service,9cf1c716945827b9,5c600bd051545beb,5c600bd051545beb,2345,200,GET,ts-travel-service
1650255467,ts-travel-service,f52e06283248aaaa,5c600bd051545beb,5c600bd051545beb,2355,200,GET,ts-travel-service
1650255467,ts-travel-service,761c01d9bf3283ad,5c600bd051545beb,5c600bd051545beb,2346,200,GET,ts-travel-service
1650255467,ts-travel-service,5c600bd051545beb,,5c600bd051545beb,57482,200,queryInfo,no_parent
1650255467,ts-station-service,1e2b1b96d8c96978,d2a7f5747fb7e637,5c600bd051545beb,2425,200,queryForStationId,ts-basic-service
1650255467,ts-order-service,5b82fe9f2e936578,,5b82fe9f2e936578,13027,200,queryOrdersForRefresh,no_parent
1650255467,ts-basic-service,37a45a341ab33f57,dd746b4e78b50014,5c600bd051545beb,5927,200,queryForStationId,ts-ticketinfo-service
1650255467,ts-contacts-service,af8476254b3e9e78,bb039ac2b4da9186,25a2f78f415884ff,3064,200,getContactsByContactsId,ts-preserve-service
1650255467,ts-preserve-service,bb039ac2b4da9186,25a2f78f415884ff,25a2f78f415884ff,4764,200,GET,ts-preserve-service
1650255467,ts-basic-service,7758ca04f2f4185,2b4fa4986c82d151,5c600bd051545beb,2834,200,GET,ts-basic-service
1650255467,ts-basic-service,2b4fa4986c82d151,1f26bc71ff36fac9,5c600bd051545beb,4900,200,queryForStationId,ts-ticketinfo-service
1650255467,ts-route-service,6c346e3b819f2166,f7e0e312c8e91fb3,5c600bd051545beb,2228,200,queryById,ts-travel-service
1650255467,ts-route-service,6e490766c4abd90,5f0328548d0aad3f,5c600bd051545beb,2597,200,queryById,ts-travel-service
1650255467,ts-basic-service,d2a7f5747fb7e637,37a45a341ab33f57,5c600bd051545beb,3539,200,GET,ts-basic-service
1650255467,ts-ticketinfo-service,1d42970c34f8f4b5,c0b83da1936d0d1b,5c600bd051545beb,15910,200,queryForStationId,ts-travel-service
1650255467,ts-travel-service,f7e0e312c8e91fb3,5c600bd051545beb,5c600bd051545beb,10622,200,GET,ts-travel-service
1650255467,ts-ticketinfo-service,dd746b4e78b50014,1d42970c34f8f4b5,5c600bd051545beb,7038,200,GET,ts-ticketinfo-service
1650255467,ts-station-service,f8c15050dfa951a9,5578fb6088103141,5b82fe9f2e936578,8027,200,queryForNameBatch,ts-order-service
1650255467,ts-order-service,5578fb6088103141,5b82fe9f2e936578,5b82fe9f2e936578,9540,200,POST,ts-order-service
1650255467,ts-auth-service,e65501e711419e90,6b1fcffeacaef9f1,6b1fcffeacaef9f1,3682,200,GET,ts-auth-service
1650255467,ts-verification-code-service,1fb3d4dadde76284,,1fb3d4dadde76284,2755,200,imageCode,no_parent
1650255467,ts-auth-service,6b1fcffeacaef9f1,,6b1fcffeacaef9f1,110833,200,getToken,no_parent
1650255467,ts-verification-code-service,814e1e89b08ad0a6,e65501e711419e90,6b1fcffeacaef9f1,1963,200,verifyCode,ts-auth-service
1650255467,ts-assurance-service,d6d3c19125ebbccf,,d6d3c19125ebbccf,1647,200,getAllAssuranceType,no_parent
1650255527,ts-preserve-service,3b9a3201b4260b51,9b19c938ef18ebb6,9b19c938ef18ebb6,37940023,200,GET,ts-preserve-service
1650255527,ts-preserve-service,9b19c938ef18ebb6,,9b19c938ef18ebb6,40067424,200,preserve,no_parent
1650255527,ts-contacts-service,488000fc195593f0,,488000fc195593f0,3022,200,findContactsByAccountId,no_parent
1650255531,ts-security-service,83f9425c32664ab3,b8aa76b83c95098d,9b19c938ef18ebb6,6014873,200,GET,ts-security-service
1650255531,ts-security-service,b8aa76b83c95098d,3b9a3201b4260b51,9b19c938ef18ebb6,26619564,200,check,ts-preserve-service
1650255534,ts-order-service,9a15b833162e6f8e,83f9425c32664ab3,9b19c938ef18ebb6,3389,200,securityInfoCheck,ts-security-service
1650255537,ts-security-service,d929e4b07aa875ba,b8aa76b83c95098d,9b19c938ef18ebb6,6018398,200,GET,ts-security-service
1650255540,ts-order-other-service,15fd8c256eea90d0,d929e4b07aa875ba,9b19c938ef18ebb6,4766,200,securityInfoCheck,ts-security-service
1650255567,ts-verification-code-service,ea61731cf7b0d436,ce2f0604163f5abe,b7fc3093714d46ea,1723,200,verifyCode,ts-auth-service
1650255567,ts-travel-service,fdfb68a6fc3a00ce,62b4c94b116e5830,62b4c94b116e5830,2683,200,GET,ts-travel-service
1650255567,ts-travel-service,7d4d503b0bf7527b,62b4c94b116e5830,62b4c94b116e5830,2268,200,GET,ts-travel-service
1650255567,ts-travel-service,66d8268f26b6e7fd,62b4c94b116e5830,62b4c94b116e5830,2373,200,GET,ts-travel-service
1650255567,ts-travel-service,81d12458c79e0e33,62b4c94b116e5830,62b4c94b116e5830,8505,200,GET,ts-travel-service
1650255567,ts-travel-service,5cbcbfcd1f2e444f,62b4c94b116e5830,62b4c94b116e5830,2306,200,GET,ts-travel-service
1650255567,ts-travel-service,62b4c94b116e5830,,62b4c94b116e5830,43268,200,queryInfo,no_parent
1650255567,ts-travel-service,e5c2e1d5ee2f19ae,62b4c94b116e5830,62b4c94b116e5830,3942,200,GET,ts-travel-service
1650255567,ts-basic-service,b6a324dd6b52ac50,ce37c78ac86834db,62b4c94b116e5830,3087,200,GET,ts-basic-service
1650255567,ts-ticketinfo-service,18ffef8ae0c12060,9e7f6651218d2f3e,62b4c94b116e5830,5857,200,GET,ts-ticketinfo-service
1650255567,ts-route-service,e9a3391109b212e9,7d4d503b0bf7527b,62b4c94b116e5830,2088,200,queryById,ts-travel-service
1650255567,ts-route-service,efe2793be2801c0b,fdfb68a6fc3a00ce,62b4c94b116e5830,2220,200,queryById,ts-travel-service
1650255567,ts-route-service,aa272ef7089533e,5cbcbfcd1f2e444f,62b4c94b116e5830,2135,200,queryById,ts-travel-service
1650255567,ts-route-service,fac067cee4df73b3,66d8268f26b6e7fd,62b4c94b116e5830,2236,200,queryById,ts-travel-service
1650255567,ts-station-service,61227ee2720ce42a,ec4b5d18bdcc918f,62b4c94b116e5830,2261,200,queryForStationId,ts-basic-service
1650255567,ts-station-service,e9f8200cc3fd2079,b6a324dd6b52ac50,62b4c94b116e5830,2409,200,queryForStationId,ts-basic-service
1650255567,ts-basic-service,ec4b5d18bdcc918f,ecc4c2f94f485aa8,62b4c94b116e5830,3391,200,GET,ts-basic-service
1650255567,ts-basic-service,ecc4c2f94f485aa8,cbf534cac414a227,62b4c94b116e5830,5816,200,queryForStationId,ts-ticketinfo-service
1650255567,ts-basic-service,ce37c78ac86834db,18ffef8ae0c12060,62b4c94b116e5830,5224,200,queryForStationId,ts-ticketinfo-service
1650255567,ts-route-service,758b8ef76584c7d6,e5c2e1d5ee2f19ae,62b4c94b116e5830,2713,200,queryById,ts-travel-service
1650255567,ts-auth-service,b7fc3093714d46ea,,b7fc3093714d46ea,117680,200,getToken,no_parent
1650255567,ts-auth-service,ce2f0604163f5abe,b7fc3093714d46ea,b7fc3093714d46ea,3401,200,GET,ts-auth-service
1650255567,ts-ticketinfo-service,82100c92c1055bbf,2a579f0baad0ab4,62b4c94b116e5830,9160,200,queryForStationId,ts-travel-service
1650255567,ts-contacts-service,ba977066519fcc86,4fb7313cd5787899,9b19c938ef18ebb6,2618,200,getContactsByContactsId,ts-preserve-service
1650255567,ts-travel-service,2a579f0baad0ab4,62b4c94b116e5830,62b4c94b116e5830,10699,200,GET,ts-travel-service
1650255567,ts-ticketinfo-service,cbf534cac414a227,82100c92c1055bbf,62b4c94b116e5830,6816,200,GET,ts-ticketinfo-service
1650255567,ts-preserve-service,4fb7313cd5787899,9b19c938ef18ebb6,9b19c938ef18ebb6,4357,200,GET,ts-preserve-service
1650255567,ts-station-service,2c72e7fbaef64f78,256078d025aad060,5d25b25df9d63ecf,7871,200,queryForNameBatch,ts-order-service
1650255567,ts-verification-code-service,5593683dc248f287,,5593683dc248f287,2928,200,imageCode,no_parent
1650255567,ts-ticketinfo-service,9e7f6651218d2f3e,81d12458c79e0e33,62b4c94b116e5830,8032,200,queryForStationId,ts-travel-service
1650255567,ts-order-service,5d25b25df9d63ecf,,5d25b25df9d63ecf,19939,200,queryOrdersForRefresh,no_parent
1650255567,ts-order-service,256078d025aad060,5d25b25df9d63ecf,5d25b25df9d63ecf,9409,200,POST,ts-order-service
1650255567,ts-assurance-service,ec9aed256fa34cbd,,ec9aed256fa34cbd,1590,200,getAllAssuranceType,no_parent
1650255627,ts-preserve-service,99990f5e1462d6bc,,99990f5e1462d6bc,51453149,200,preserve,no_parent
1650255627,ts-preserve-service,194c5c6bedcbb382,99990f5e1462d6bc,99990f5e1462d6bc,44154830,200,GET,ts-preserve-service
1650255627,ts-contacts-service,4633969a53cd4bff,,4633969a53cd4bff,3076,200,findContactsByAccountId,no_parent
1650255633,ts-security-service,d5bc9422995e221e,ca9213c34ef0c50f,99990f5e1462d6bc,10308382,200,GET,ts-security-service
1650255633,ts-security-service,ca9213c34ef0c50f,194c5c6bedcbb382,99990f5e1462d6bc,30913512,200,check,ts-preserve-service
1650255638,ts-order-service,870a7821c3e967cf,d5bc9422995e221e,99990f5e1462d6bc,3436,200,securityInfoCheck,ts-security-service
1650255644,ts-security-service,5ce6f0e2e391f61b,ca9213c34ef0c50f,99990f5e1462d6bc,10302876,200,GET,ts-security-service
1650255649,ts-order-other-service,836812852facd88e,5ce6f0e2e391f61b,99990f5e1462d6bc,3930,200,securityInfoCheck,ts-security-service
1650255679,ts-route-service,f31668e0e9702658,b3d3aa526c8de8ef,be9ec18951e92f99,2088,200,queryById,ts-travel-service
1650255679,ts-route-service,13ac632f08243f52,950dbedb6285a55a,be9ec18951e92f99,2125,200,queryById,ts-travel-service
1650255679,ts-route-service,369fa04563dfd58d,8d805747ee209069,be9ec18951e92f99,2134,200,queryById,ts-travel-service
1650255679,ts-ticketinfo-service,600de239b34fbae8,fbb765f856fb0abb,be9ec18951e92f99,5640,200,GET,ts-ticketinfo-service
1650255679,ts-ticketinfo-service,fbb765f856fb0abb,b904d1596808970b,be9ec18951e92f99,7670,200,queryForStationId,ts-travel-service
1650255679,ts-travel-service,be9ec18951e92f99,,be9ec18951e92f99,42101,200,queryInfo,no_parent
1650255679,ts-travel-service,950dbedb6285a55a,be9ec18951e92f99,be9ec18951e92f99,2626,200,GET,ts-travel-service
1650255679,ts-travel-service,dcf8cd85f7f9574c,be9ec18951e92f99,be9ec18951e92f99,2309,200,GET,ts-travel-service
1650255679,ts-route-service,92ef804bbda051b9,c844cebdf4961780,be9ec18951e92f99,2602,200,queryById,ts-travel-service
1650255679,ts-route-service,9504b851f63a8427,dcf8cd85f7f9574c,be9ec18951e92f99,2120,200,queryById,ts-travel-service
1650255679,ts-auth-service,f91510b082514c8d,9ec9af8d9b0dd797,9ec9af8d9b0dd797,3492,200,GET,ts-auth-service
1650255679,ts-auth-service,9ec9af8d9b0dd797,,9ec9af8d9b0dd797,113305,200,getToken,no_parent
1650255679,ts-verification-code-service,65ba8802dc658b75,f91510b082514c8d,9ec9af8d9b0dd797,1712,200,verifyCode,ts-auth-service
1650255679,ts-travel-service,8d805747ee209069,be9ec18951e92f99,be9ec18951e92f99,2266,200,GET,ts-travel-service
1650255679,ts-station-service,f2485a3118fc9e75,8efe0f5d365c9087,be9ec18951e92f99,2498,200,queryForStationId,ts-basic-service
1650255679,ts-travel-service,75c950d984357e54,be9ec18951e92f99,be9ec18951e92f99,11108,200,GET,ts-travel-service
1650255679,ts-basic-service,8efe0f5d365c9087,3b5c03b0946160a,be9ec18951e92f99,3618,200,GET,ts-basic-service
1650255679,ts-basic-service,15169272cd8a53af,600de239b34fbae8,be9ec18951e92f99,4912,200,queryForStationId,ts-ticketinfo-service
1650255679,ts-travel-service,b3d3aa526c8de8ef,be9ec18951e92f99,be9ec18951e92f99,2257,200,GET,ts-travel-service
1650255679,ts-travel-service,b904d1596808970b,be9ec18951e92f99,be9ec18951e92f99,8168,200,GET,ts-travel-service
1650255679,ts-basic-service,3b5c03b0946160a,1bdc077986b81fbc,be9ec18951e92f99,6042,200,queryForStationId,ts-ticketinfo-service
1650255679,ts-basic-service,665aca7b6ae3b7a9,15169272cd8a53af,be9ec18951e92f99,2841,200,GET,ts-basic-service
1650255679,ts-ticketinfo-service,1bdc077986b81fbc,906f9b3cc87a8b7,be9ec18951e92f99,7150,200,GET,ts-ticketinfo-service
1650255679,ts-ticketinfo-service,906f9b3cc87a8b7,75c950d984357e54,be9ec18951e92f99,9491,200,queryForStationId,ts-travel-service
1650255679,ts-travel-service,c844cebdf4961780,be9ec18951e92f99,be9ec18951e92f99,3998,200,GET,ts-travel-service
1650255679,ts-verification-code-service,9936d098f9910a84,,9936d098f9910a84,2735,200,imageCode,no_parent
1650255679,ts-station-service,511d4cb4381e9ede,16aca4d1b6f36294,e50db4eacf7793e1,8754,200,queryForNameBatch,ts-order-service
1650255679,ts-order-service,16aca4d1b6f36294,e50db4eacf7793e1,e50db4eacf7793e1,10372,200,POST,ts-order-service
1650255679,ts-order-service,e50db4eacf7793e1,,e50db4eacf7793e1,14181,200,queryOrdersForRefresh,no_parent
1650255679,ts-contacts-service,c627ed1c4c792c4,42af0b2dc280c2de,99990f5e1462d6bc,2574,200,getContactsByContactsId,ts-preserve-service
1650255679,ts-assurance-service,58d7a8e0baa61c1a,,58d7a8e0baa61c1a,1607,200,getAllAssuranceType,no_parent
1650255679,ts-station-service,2d168cb00f528f08,665aca7b6ae3b7a9,be9ec18951e92f99,2123,200,queryForStationId,ts-basic-service
1650255679,ts-preserve-service,42af0b2dc280c2de,99990f5e1462d6bc,99990f5e1462d6bc,4240,200,GET,ts-preserve-service
1650255739,ts-verification-code-service,366416a35faea8bb,e56d7478e0f1244c,439ddba01d85ad8d,1783,200,verifyCode,ts-auth-service
1650255739,ts-route-service,8f13e884d6b83ab4,9f192296a61591ff,d97b5aa511e34a4f,10452,200,queryById,ts-travel-service
1650255739,ts-route-service,e7723fd3c22933bb,85606dceac8b2bb1,d97b5aa511e34a4f,2170,200,queryById,ts-travel-service
1650255739,ts-preserve-service,848895bac9415a9,95c989fb2e6fe93d,95c989fb2e6fe93d,17531,200,GET,ts-preserve-service
1650255739,ts-contacts-service,79491612dbbb9513,bb7812a874e3e39c,95c989fb2e6fe93d,2211,200,getContactsByContactsId,ts-preserve-service
1650255739,ts-contacts-service,6768155afe32f2b0,,6768155afe32f2b0,3328,200,findContactsByAccountId,no_parent
1650255739,ts-preserve-service,95c989fb2e6fe93d,,95c989fb2e6fe93d,24766,200,preserve,no_parent
1650255739,ts-preserve-service,bb7812a874e3e39c,95c989fb2e6fe93d,95c989fb2e6fe93d,4007,200,GET,ts-preserve-service
1650255739,ts-basic-service,b6f02cec2a8ccf4,8dcf0068b2ce607f,d97b5aa511e34a4f,5371,200,queryForStationId,ts-ticketinfo-service
1650255739,ts-basic-service,8f6e9f201928f808,db7d722b83279645,d97b5aa511e34a4f,5967,200,queryForStationId,ts-ticketinfo-service
1650255739,ts-travel-service,d8ca1fb11ff52c36,d97b5aa511e34a4f,d97b5aa511e34a4f,4046,200,GET,ts-travel-service
1650255739,ts-travel-service,40c05b9bf1ec93ea,d97b5aa511e34a4f,d97b5aa511e34a4f,11027,200,GET,ts-travel-service
1650255739,ts-ticketinfo-service,29bc830f48c72915,c027f3ed71646ee1,d97b5aa511e34a4f,8213,200,queryForStationId,ts-travel-service
1650255739,ts-station-service,d56e6880abf5d7c2,30e31427d293a193,19cb79b3c3a481d5,7787,200,queryForNameBatch,ts-order-service
1650255739,ts-ticketinfo-service,8dcf0068b2ce607f,29bc830f48c72915,d97b5aa511e34a4f,5966,200,GET,ts-ticketinfo-service
1650255739,ts-route-service,4a062f3723c097df,d8ca1fb11ff52c36,d97b5aa511e34a4f,2586,200,queryById,ts-travel-service
1650255739,ts-order-service,7a7e5a4522df90d4,929a54633ab91a5f,95c989fb2e6fe93d,3749,200,securityInfoCheck,ts-security-service
1650255739,ts-order-other-service,ed0962ebd4a47f22,4531e93f3d3ca4e2,95c989fb2e6fe93d,3869,200,securityInfoCheck,ts-security-service
1650255739,ts-security-service,929a54633ab91a5f,adcfe20c8445a950,95c989fb2e6fe93d,5154,200,GET,ts-security-service
1650255739,ts-travel-service,c027f3ed71646ee1,d97b5aa511e34a4f,d97b5aa511e34a4f,8627,200,GET,ts-travel-service
1650255739,ts-travel-service,2e00f1b6084cf223,d97b5aa511e34a4f,d97b5aa511e34a4f,2347,200,GET,ts-travel-service
1650255739,ts-station-service,167758d8385a5d4,db4cb9988f06ce70,d97b5aa511e34a4f,2496,200,queryForStationId,ts-basic-service
1650255739,ts-station-service,79f8efa88573f597,e8e4e23d32d109ec,d97b5aa511e34a4f,2332,200,queryForStationId,ts-basic-service
1650255739,ts-travel-service,444d0b4c9d2391c1,d97b5aa511e34a4f,d97b5aa511e34a4f,2242,200,GET,ts-travel-service
1650255739,ts-security-service,4531e93f3d3ca4e2,adcfe20c8445a950,95c989fb2e6fe93d,5818,200,GET,ts-security-service
1650255739,ts-security-service,adcfe20c8445a950,848895bac9415a9,95c989fb2e6fe93d,15892,200,check,ts-preserve-service
1650255739,ts-travel-service,9f192296a61591ff,d97b5aa511e34a4f,d97b5aa511e34a4f,10955,200,GET,ts-travel-service
1650255739,ts-basic-service,db4cb9988f06ce70,b6f02cec2a8ccf4,d97b5aa511e34a4f,3177,200,GET,ts-basic-service
1650255739,ts-basic-service,e8e4e23d32d109ec,8f6e9f201928f808,d97b5aa511e34a4f,3420,200,GET,ts-basic-service
1650255739,ts-ticketinfo-service,db7d722b83279645,f7dba971801413c4,d97b5aa511e34a4f,7171,200,GET,ts-ticketinfo-service
1650255739,ts-ticketinfo-service,f7dba971801413c4,40c05b9bf1ec93ea,d97b5aa511e34a4f,9544,200,queryForStationId,ts-travel-service
1650255739,ts-assurance-service,fb9355b8526eb010,,fb9355b8526eb010,1572,200,getAllAssuranceType,no_parent
1650255739,ts-route-service,a8507019d97d2b79,2e00f1b6084cf223,d97b5aa511e34a4f,2161,200,queryById,ts-travel-service
1650255739,ts-route-service,bad5f28fdafd1daf,444d0b4c9d2391c1,d97b5aa511e34a4f,2125,200,queryById,ts-travel-service
1650255739,ts-travel-service,d97b5aa511e34a4f,,d97b5aa511e34a4f,51557,200,queryInfo,no_parent
1650255739,ts-travel-service,85606dceac8b2bb1,d97b5aa511e34a4f,d97b5aa511e34a4f,2266,200,GET,ts-travel-service
1650255739,ts-auth-service,439ddba01d85ad8d,,439ddba01d85ad8d,109633,200,getToken,no_parent
1650255739,ts-auth-service,e56d7478e0f1244c,439ddba01d85ad8d,439ddba01d85ad8d,3438,200,GET,ts-auth-service
1650255739,ts-verification-code-service,833f2415a0eff77c,,833f2415a0eff77c,13666,200,imageCode,no_parent
1650255739,ts-order-service,30e31427d293a193,19cb79b3c3a481d5,19cb79b3c3a481d5,9242,200,POST,ts-order-service
1650255739,ts-order-service,19cb79b3c3a481d5,,19cb79b3c3a481d5,12411,200,queryOrdersForRefresh,no_parent
1650255799,ts-auth-service,610639266cba7aeb,a937b99914b5482e,a937b99914b5482e,3492,200,GET,ts-auth-service
1650255799,ts-auth-service,a937b99914b5482e,,a937b99914b5482e,113428,200,getToken,no_parent
1650255799,ts-ticketinfo-service,836571e85c9e0bea,48e986183e0046af,2c9142ab36e968f6,7995,200,queryForStationId,ts-travel-service
1650255799,ts-ticketinfo-service,6313a5de640751d6,927f882e58b1bf54,2c9142ab36e968f6,9890,200,queryForStationId,ts-travel-service
1650255799,ts-ticketinfo-service,85e75ca17f6344cb,836571e85c9e0bea,2c9142ab36e968f6,5918,200,GET,ts-ticketinfo-service
1650255799,ts-route-service,3d3aa334e5c007a6,2b804902caae4a6e,2c9142ab36e968f6,2137,200,queryById,ts-travel-service
1650255799,ts-station-service,cc7e4116742c25e9,63e50b10f9f15ede,2c9142ab36e968f6,2156,200,queryForStationId,ts-basic-service
1650255799,ts-station-service,b93aac85ff9870fa,a50a804f53c885f2,dab6788e20a21221,8311,200,queryForNameBatch,ts-order-service
1650255799,ts-travel-service,927f882e58b1bf54,2c9142ab36e968f6,2c9142ab36e968f6,11500,200,GET,ts-travel-service
1650255799,ts-verification-code-service,46e628e8a4a87c36,610639266cba7aeb,a937b99914b5482e,1728,200,verifyCode,ts-auth-service
1650255799,ts-basic-service,63e50b10f9f15ede,3b959ef8c8348e21,2c9142ab36e968f6,3007,200,GET,ts-basic-service
1650255799,ts-travel-service,48e986183e0046af,2c9142ab36e968f6,2c9142ab36e968f6,8469,200,GET,ts-travel-service
1650255799,ts-travel-service,11129c09fafe6df,2c9142ab36e968f6,2c9142ab36e968f6,2339,200,GET,ts-travel-service
1650255799,ts-security-service,4d94b779d2290eec,2be16eaa922c62b4,790136f5d14c6034,14644,200,check,ts-preserve-service
1650255799,ts-order-service,a50a804f53c885f2,dab6788e20a21221,dab6788e20a21221,9790,200,POST,ts-order-service
1650255799,ts-contacts-service,d16e41df1335af93,ec17dcb12264cb6,790136f5d14c6034,2307,200,getContactsByContactsId,ts-preserve-service
1650255799,ts-route-service,5627aa65f2487742,9bc4857b637c5f45,2c9142ab36e968f6,2148,200,queryById,ts-travel-service
1650255799,ts-route-service,1c3afa78c662521d,8d46fb24b887c66e,2c9142ab36e968f6,2134,200,queryById,ts-travel-service
1650255799,ts-station-service,856563f2a3ab0641,63f383daf9abc2ae,2c9142ab36e968f6,2493,200,queryForStationId,ts-basic-service
1650255799,ts-basic-service,3b959ef8c8348e21,85e75ca17f6344cb,2c9142ab36e968f6,5173,200,queryForStationId,ts-ticketinfo-service
1650255799,ts-basic-service,f919fb57e7bb43b2,19cf648a9d1884bf,2c9142ab36e968f6,6104,200,queryForStationId,ts-ticketinfo-service
1650255799,ts-route-service,4069032deaa87c49,11129c09fafe6df,2c9142ab36e968f6,2151,200,queryById,ts-travel-service
1650255799,ts-basic-service,63f383daf9abc2ae,f919fb57e7bb43b2,2c9142ab36e968f6,3647,200,GET,ts-basic-service
1650255799,ts-preserve-service,790136f5d14c6034,,790136f5d14c6034,22802,200,preserve,no_parent
1650255799,ts-order-service,95537176340725a5,9ed9f9394c2c3882,790136f5d14c6034,3314,200,securityInfoCheck,ts-security-service
1650255799,ts-security-service,9ed9f9394c2c3882,4d94b779d2290eec,790136f5d14c6034,4464,200,GET,ts-security-service
1650255799,ts-order-other-service,b836ace694cc78bb,aa28dfdeb71a7f4f,790136f5d14c6034,3570,200,securityInfoCheck,ts-security-service
1650255799,ts-ticketinfo-service,19cf648a9d1884bf,6313a5de640751d6,2c9142ab36e968f6,7260,200,GET,ts-ticketinfo-service
1650255799,ts-security-service,aa28dfdeb71a7f4f,4d94b779d2290eec,790136f5d14c6034,5172,200,GET,ts-security-service
1650255799,ts-preserve-service,ec17dcb12264cb6,790136f5d14c6034,790136f5d14c6034,3681,200,GET,ts-preserve-service
1650255799,ts-travel-service,9bc4857b637c5f45,2c9142ab36e968f6,2c9142ab36e968f6,2648,200,GET,ts-travel-service
1650255799,ts-travel-service,2c9142ab36e968f6,,2c9142ab36e968f6,43486,200,queryInfo,no_parent
1650255799,ts-route-service,70f2a235b2f744f6,1c05911c8856e021,2c9142ab36e968f6,2715,200,queryById,ts-travel-service
1650255799,ts-travel-service,8d46fb24b887c66e,2c9142ab36e968f6,2c9142ab36e968f6,2336,200,GET,ts-travel-service
1650255799,ts-travel-service,1c05911c8856e021,2c9142ab36e968f6,2c9142ab36e968f6,4065,200,GET,ts-travel-service
1650255799,ts-travel-service,2b804902caae4a6e,2c9142ab36e968f6,2c9142ab36e968f6,2342,200,GET,ts-travel-service
1650255799,ts-preserve-service,2be16eaa922c62b4,790136f5d14c6034,790136f5d14c6034,15840,200,GET,ts-preserve-service
1650255799,ts-verification-code-service,2c149ce089b53ed,,2c149ce089b53ed,2665,200,imageCode,no_parent
1650255799,ts-contacts-service,2e769f44290397c,,2e769f44290397c,2874,200,findContactsByAccountId,no_parent
1650255799,ts-order-service,dab6788e20a21221,,dab6788e20a21221,13245,200,queryOrdersForRefresh,no_parent
1650255800,ts-assurance-service,1764482e333d7d30,,1764482e333d7d30,1792,200,getAllAssuranceType,no_parent
1650255860,ts-preserve-service,8ec6ce88d019587e,,8ec6ce88d019587e,11058927,200,preserve,no_parent
1650255860,ts-order-other-service,62c9a33236384581,ef928d915df133ad,8ec6ce88d019587e,3712,200,securityInfoCheck,no_parent
1650255860,ts-security-service,8b7825bd68e659ec,d3fb2801e944d170,8ec6ce88d019587e,10201029,200,check,ts-preserve-service
1650255860,ts-order-service,ba2aad35a455b83d,a2e379167e5b4dd0,8ec6ce88d019587e,3529,200,securityInfoCheck,ts-security-service
1650255860,ts-preserve-service,d3fb2801e944d170,8ec6ce88d019587e,8ec6ce88d019587e,10204644,200,GET,ts-preserve-service
1650255860,ts-contacts-service,a545505da2809f09,,a545505da2809f09,2865,200,findContactsByAccountId,no_parent
1650255860,ts-security-service,a2e379167e5b4dd0,8b7825bd68e659ec,8ec6ce88d019587e,5048,200,GET,ts-security-service
1650255871,ts-travel-service,5d886d03e34ad13f,a73f3eba9b58ec98,a73f3eba9b58ec98,7885,200,GET,ts-travel-service
1650255871,ts-auth-service,88bd5a90930cbc6f,,88bd5a90930cbc6f,109224,200,getToken,no_parent
1650255871,ts-travel-service,3ea81f1449e98fe,a73f3eba9b58ec98,a73f3eba9b58ec98,2607,200,GET,ts-travel-service
1650255871,ts-basic-service,622f4e56d3229e2a,1ed860da5234ab28,a73f3eba9b58ec98,3197,200,GET,ts-basic-service
1650255871,ts-ticketinfo-service,b56ef125ef938aa,79ffa6a2511a7d67,a73f3eba9b58ec98,5809,200,GET,ts-ticketinfo-service
1650255871,ts-basic-service,1ed860da5234ab28,b56ef125ef938aa,a73f3eba9b58ec98,5337,200,queryForStationId,ts-ticketinfo-service
1650255871,ts-station-service,f78e73405c28f227,622f4e56d3229e2a,a73f3eba9b58ec98,2455,200,queryForStationId,ts-basic-service
1650255871,ts-basic-service,d6dd9efb29ea9875,a3cd60df65852238,a73f3eba9b58ec98,3416,200,GET,ts-basic-service
1650255871,ts-travel-service,926ee4faa67bac38,a73f3eba9b58ec98,a73f3eba9b58ec98,4058,200,GET,ts-travel-service
1650255871,ts-basic-service,a3cd60df65852238,1ccf1a5e932eab63,a73f3eba9b58ec98,5792,200,queryForStationId,ts-ticketinfo-service
1650255871,ts-ticketinfo-service,79ffa6a2511a7d67,5d886d03e34ad13f,a73f3eba9b58ec98,7623,200,queryForStationId,ts-travel-service
1650255871,ts-travel-service,f43bd9354c9f0486,a73f3eba9b58ec98,a73f3eba9b58ec98,11259,200,GET,ts-travel-service
1650255871,ts-route-service,304a78c0055157dd,73560b6889fd6426,a73f3eba9b58ec98,2114,200,queryById,ts-travel-service
1650255871,ts-route-service,9b38dc5599dcf66a,b6a0f98770a7f23,a73f3eba9b58ec98,2109,200,queryById,ts-travel-service
1650255871,ts-route-service,59930e10df219048,926ee4faa67bac38,a73f3eba9b58ec98,2596,200,queryById,ts-travel-service
1650255871,ts-ticketinfo-service,b4083eb278bfca8,f43bd9354c9f0486,a73f3eba9b58ec98,9140,200,queryForStationId,ts-travel-service
1650255871,ts-travel-service,a73f3eba9b58ec98,,a73f3eba9b58ec98,45932,200,queryInfo,no_parent
1650255871,ts-route-service,56a92f2ede265f16,ba27589eb78a8097,a73f3eba9b58ec98,2113,200,queryById,ts-travel-service
1650255871,ts-travel-service,73560b6889fd6426,a73f3eba9b58ec98,a73f3eba9b58ec98,2278,200,GET,ts-travel-service
1650255871,ts-travel-service,b6a0f98770a7f23,a73f3eba9b58ec98,a73f3eba9b58ec98,2292,200,GET,ts-travel-service
1650255871,ts-station-service,72cbc7561faa5cdb,6424dc713fcced6a,28a2e90d801f72ff,7819,200,queryForNameBatch,ts-order-service
1650255871,ts-station-service,d98feab4bda59ecc,d6dd9efb29ea9875,a73f3eba9b58ec98,2290,200,queryForStationId,ts-basic-service
1650255871,ts-travel-service,ba27589eb78a8097,a73f3eba9b58ec98,a73f3eba9b58ec98,2336,200,GET,ts-travel-service
1650255871,ts-ticketinfo-service,1ccf1a5e932eab63,b4083eb278bfca8,a73f3eba9b58ec98,7020,200,GET,ts-ticketinfo-service
1650255871,ts-contacts-service,497210c6581dc4bf,2c466b4794984a10,8ec6ce88d019587e,2729,200,getContactsByContactsId,ts-preserve-service
1650255871,ts-preserve-service,2c466b4794984a10,8ec6ce88d019587e,8ec6ce88d019587e,4250,200,GET,ts-preserve-service
1650255871,ts-order-service,28a2e90d801f72ff,,28a2e90d801f72ff,12944,200,queryOrdersForRefresh,no_parent
1650255871,ts-order-service,6424dc713fcced6a,28a2e90d801f72ff,28a2e90d801f72ff,9299,200,POST,ts-order-service
1650255871,ts-route-service,3909e24224e3830f,3ea81f1449e98fe,a73f3eba9b58ec98,2146,200,queryById,ts-travel-service
1650255871,ts-assurance-service,d364937e640f0338,,d364937e640f0338,1598,200,getAllAssuranceType,no_parent
1650255871,ts-verification-code-service,1d4131068ae76166,126e698082dddd3b,88bd5a90930cbc6f,1718,200,verifyCode,ts-auth-service
1650255871,ts-auth-service,126e698082dddd3b,88bd5a90930cbc6f,88bd5a90930cbc6f,3477,200,GET,ts-auth-service
1650255871,ts-verification-code-service,c4f02aabcec83d9b,,c4f02aabcec83d9b,2750,200,imageCode,no_parent
1650255931,ts-contacts-service,29ce9ab3b6f13e4,,29ce9ab3b6f13e4,9752,200,findContactsByAccountId,no_parent
1650255931,ts-preserve-service,b659d14c2d7b20b9,,b659d14c2d7b20b9,65038300,200,preserve,no_parent
1650255931,ts-preserve-service,34c8d4b325ac0a9c,b659d14c2d7b20b9,b659d14c2d7b20b9,65031087,200,GET,ts-preserve-service
1650255932,ts-security-service,2240d222d4e0909,34c8d4b325ac0a9c,b659d14c2d7b20b9,62324641,200,check,ts-preserve-service
1650255939,ts-security-service,71a54aca300c8aa0,2240d222d4e0909,b659d14c2d7b20b9,54831618,200,GET,ts-security-service
1650255939,ts-order-service,b044723ec3244014,8eb99e4da35bf192,b659d14c2d7b20b9,3394,200,securityInfoCheck,no_parent
1650255967,ts-order-other-service,ab51228892209898,71a54aca300c8aa0,b659d14c2d7b20b9,3627,200,securityInfoCheck,ts-security-service
1650255991,ts-route-service,304efc8984d94b90,7b324fe15a497c31,f112846799e10dc8,2265,200,queryById,ts-travel-service
1650255991,ts-verification-code-service,f1cd5a8e050aac13,1071a52be394fcd3,97a18c237d3df442,1732,200,verifyCode,ts-auth-service
1650255991,ts-auth-service,1071a52be394fcd3,97a18c237d3df442,97a18c237d3df442,3495,200,GET,ts-auth-service
1650255991,ts-ticketinfo-service,2941a13d295212e6,8a2c6ef5964db85e,f112846799e10dc8,9688,200,queryForStationId,ts-travel-service
1650255991,ts-ticketinfo-service,a6eea8210aa108b,c1ee9c5fb868fb5a,f112846799e10dc8,5582,200,GET,ts-ticketinfo-service
1650255991,ts-station-service,ea38689aae9f2da,34f6a843771add87,f112846799e10dc8,2449,200,queryForStationId,ts-basic-service
1650255991,ts-travel-service,bc51b22b1cca9916,f112846799e10dc8,f112846799e10dc8,2701,200,GET,ts-travel-service
1650255991,ts-travel-service,85a312019e0ab60e,f112846799e10dc8,f112846799e10dc8,2409,200,GET,ts-travel-service
1650255991,ts-travel-service,4dc485bb3232ed7a,f112846799e10dc8,f112846799e10dc8,3869,200,GET,ts-travel-service
1650255991,ts-travel-service,f112846799e10dc8,,f112846799e10dc8,46011,200,queryInfo,no_parent
1650255991,ts-travel-service,7b324fe15a497c31,f112846799e10dc8,f112846799e10dc8,2324,200,GET,ts-travel-service
1650255991,ts-route-service,182929561f16c0a8,4dc485bb3232ed7a,f112846799e10dc8,2591,200,queryById,ts-travel-service
1650255991,ts-route-service,7748ada1f524878,bc51b22b1cca9916,f112846799e10dc8,2154,200,queryById,ts-travel-service
1650255991,ts-route-service,b643c3db5d0c68e6,2d6d93c07434f9d4,f112846799e10dc8,2062,200,queryById,ts-travel-service
1650255991,ts-basic-service,97b02f584fd6bc0d,601c8746a1215fc2,f112846799e10dc8,5957,200,queryForStationId,ts-ticketinfo-service
1650255991,ts-ticketinfo-service,c1ee9c5fb868fb5a,81fe3a86fc63381c,f112846799e10dc8,7791,200,queryForStationId,ts-travel-service
1650255991,ts-ticketinfo-service,601c8746a1215fc2,2941a13d295212e6,f112846799e10dc8,7205,200,GET,ts-ticketinfo-service
1650255991,ts-travel-service,8a2c6ef5964db85e,f112846799e10dc8,f112846799e10dc8,11758,200,GET,ts-travel-service
1650255991,ts-travel-service,81fe3a86fc63381c,f112846799e10dc8,f112846799e10dc8,8291,200,GET,ts-travel-service
1650255991,ts-travel-service,2d6d93c07434f9d4,f112846799e10dc8,f112846799e10dc8,2279,200,GET,ts-travel-service
1650255991,ts-route-service,5753d0fcbdbe282a,85a312019e0ab60e,f112846799e10dc8,2184,200,queryById,ts-travel-service
1650255991,ts-station-service,fa267413b73f2d92,59f79651f9bf4fa,f112846799e10dc8,2272,200,queryForStationId,ts-basic-service
1650255991,ts-basic-service,34f6a843771add87,97b02f584fd6bc0d,f112846799e10dc8,3609,200,GET,ts-basic-service
1650255991,ts-basic-service,2792b6f2ef431a6a,a6eea8210aa108b,f112846799e10dc8,4799,200,queryForStationId,ts-ticketinfo-service
1650255991,ts-basic-service,59f79651f9bf4fa,2792b6f2ef431a6a,f112846799e10dc8,2964,200,GET,ts-basic-service
1650255991,ts-auth-service,97a18c237d3df442,,97a18c237d3df442,106985,200,getToken,no_parent
1650255991,ts-order-service,c1e76a91e26bab37,,c1e76a91e26bab37,14163,200,queryOrdersForRefresh,no_parent
1650255991,ts-assurance-service,a38c876b73441113,,a38c876b73441113,1776,200,getAllAssuranceType,no_parent
1650255991,ts-order-service,fb595e59c34f5c96,c1e76a91e26bab37,c1e76a91e26bab37,10476,200,POST,ts-order-service
1650255991,ts-station-service,e9e7f8ade32133d8,fb595e59c34f5c96,c1e76a91e26bab37,8786,200,queryForNameBatch,ts-order-service
1650255991,ts-verification-code-service,96d67ac1c635468a,,96d67ac1c635468a,3037,200,imageCode,no_parent
1650255996,ts-contacts-service,6f2cf1d6db13c610,3e82afcb02e029fd,b659d14c2d7b20b9,2572,200,getContactsByContactsId,ts-preserve-service
1650255996,ts-preserve-service,3e82afcb02e029fd,b659d14c2d7b20b9,b659d14c2d7b20b9,4176,200,GET,ts-preserve-service
1650256051,ts-preserve-service,980f459b1ac27df0,,980f459b1ac27df0,1437547,200,preserve,no_parent
1650256051,ts-order-service,7d3f0dd761cb84dc,2189bf6216ebf185,980f459b1ac27df0,3295,200,securityInfoCheck,no_parent
1650256051,ts-preserve-service,d716091704524703,980f459b1ac27df0,980f459b1ac27df0,1224851,200,GET,ts-preserve-service
1650256051,ts-contacts-service,ab4ab198e9d2a11f,,ab4ab198e9d2a11f,3219,200,findContactsByAccountId,no_parent
1650256052,ts-order-other-service,8ed34fad62cc0a78,c2ab1dfc93896616,980f459b1ac27df0,3722,200,securityInfoCheck,no_parent
1650256053,ts-travel-service,a67f4d10b3285f90,7d2d69fac9a46bfa,7d2d69fac9a46bfa,2361,200,GET,ts-travel-service
1650256053,ts-auth-service,261200a673b637e1,93235a8e9270cf06,93235a8e9270cf06,3564,200,GET,ts-auth-service
1650256053,ts-travel-service,8f2f2673b820545e,7d2d69fac9a46bfa,7d2d69fac9a46bfa,2285,200,GET,ts-travel-service
1650256053,ts-travel-service,76a7528321745ac6,7d2d69fac9a46bfa,7d2d69fac9a46bfa,2637,200,GET,ts-travel-service
1650256053,ts-ticketinfo-service,be78f796aab061bf,6672e62152e29e11,7d2d69fac9a46bfa,10154,200,queryForStationId,ts-travel-service
1650256053,ts-route-service,ae1c915e194d8737,8f2f2673b820545e,7d2d69fac9a46bfa,2085,200,queryById,ts-travel-service
1650256053,ts-ticketinfo-service,7baf3d4b28050b5a,d22af9b774ccd4a6,7d2d69fac9a46bfa,8277,200,queryForStationId,ts-travel-service
1650256053,ts-ticketinfo-service,563c6cc1c4bd2d96,7baf3d4b28050b5a,7d2d69fac9a46bfa,6061,200,GET,ts-ticketinfo-service
1650256053,ts-travel-service,7d2d69fac9a46bfa,,7d2d69fac9a46bfa,45039,200,queryInfo,no_parent
1650256053,ts-travel-service,1f224b43057198c,7d2d69fac9a46bfa,7d2d69fac9a46bfa,4076,200,GET,ts-travel-service
1650256053,ts-assurance-service,f39a5afa51028514,,f39a5afa51028514,1605,200,getAllAssuranceType,no_parent
1650256053,ts-travel-service,6672e62152e29e11,7d2d69fac9a46bfa,7d2d69fac9a46bfa,11782,200,GET,ts-travel-service
1650256053,ts-travel-service,935221bceefd31,7d2d69fac9a46bfa,7d2d69fac9a46bfa,2363,200,GET,ts-travel-service
1650256053,ts-ticketinfo-service,c76622ac331631fa,be78f796aab061bf,7d2d69fac9a46bfa,7904,200,GET,ts-ticketinfo-service
1650256053,ts-station-service,d310db6f45a02f9c,193e4f8952420aea,7d2d69fac9a46bfa,2472,200,queryForStationId,ts-basic-service
1650256053,ts-travel-service,d22af9b774ccd4a6,7d2d69fac9a46bfa,7d2d69fac9a46bfa,8767,200,GET,ts-travel-service
1650256053,ts-route-service,11e7fba564c66443,1f224b43057198c,7d2d69fac9a46bfa,2630,200,queryById,ts-travel-service
1650256053,ts-route-service,74aceffbb8b77f5c,a67f4d10b3285f90,7d2d69fac9a46bfa,2146,200,queryById,ts-travel-service
1650256053,ts-route-service,51a304f26c4fd46c,935221bceefd31,7d2d69fac9a46bfa,2147,200,queryById,ts-travel-service
1650256053,ts-route-service,f3c1d2cc7832256a,76a7528321745ac6,7d2d69fac9a46bfa,2179,200,queryById,ts-travel-service
1650256053,ts-station-service,4a3b3892dd36fa98,40d7b27099285712,7d2d69fac9a46bfa,2451,200,queryForStationId,ts-basic-service
1650256053,ts-basic-service,8a89469fe56750c0,c76622ac331631fa,7d2d69fac9a46bfa,6149,200,queryForStationId,ts-ticketinfo-service
1650256053,ts-basic-service,193e4f8952420aea,dbc32a828dfcdd02,7d2d69fac9a46bfa,3217,200,GET,ts-basic-service
1650256053,ts-basic-service,40d7b27099285712,8a89469fe56750c0,7d2d69fac9a46bfa,3594,200,GET,ts-basic-service
1650256053,ts-basic-service,dbc32a828dfcdd02,563c6cc1c4bd2d96,7d2d69fac9a46bfa,5335,200,queryForStationId,ts-ticketinfo-service
1650256053,ts-station-service,c143e7f457c5f170,c2f936396f22db0a,9113e0b18137b287,8101,200,queryForNameBatch,ts-order-service
1650256053,ts-contacts-service,d64f5a5f706c059c,4742c20a4e5a2c4,980f459b1ac27df0,2892,200,getContactsByContactsId,ts-preserve-service
1650256053,ts-order-service,9113e0b18137b287,,9113e0b18137b287,13085,200,queryOrdersForRefresh,no_parent
1650256053,ts-order-service,c2f936396f22db0a,9113e0b18137b287,9113e0b18137b287,9535,200,POST,ts-order-service
1650256053,ts-preserve-service,4742c20a4e5a2c4,980f459b1ac27df0,980f459b1ac27df0,4571,200,GET,ts-preserve-service
1650256053,ts-auth-service,93235a8e9270cf06,,93235a8e9270cf06,114961,200,getToken,no_parent
1650256053,ts-verification-code-service,4bf7333d3cd40718,261200a673b637e1,93235a8e9270cf06,1732,200,verifyCode,ts-auth-service
1650256053,ts-verification-code-service,99036dd3c42e526a,,99036dd3c42e526a,2690,200,imageCode,no_parent
1650256113,ts-preserve-service,b3eaef3a388efdc6,,b3eaef3a388efdc6,25626996,200,preserve,no_parent
1650256113,ts-preserve-service,648179e98216b160,b3eaef3a388efdc6,b3eaef3a388efdc6,25620016,200,GET,ts-preserve-service
1650256113,ts-security-service,e43092e5a375b4f,648179e98216b160,b3eaef3a388efdc6,24972709,200,check,ts-preserve-service
1650256113,ts-order-service,12b632ad826a94c4,74a8155ece08651f,b3eaef3a388efdc6,3473,200,securityInfoCheck,no_parent
1650256113,ts-contacts-service,44b4ea7097dccc03,,44b4ea7097dccc03,2917,200,findContactsByAccountId,no_parent
1650256127,ts-order-other-service,36756f67a030f487,22cc3790c1b5c1e9,b3eaef3a388efdc6,3712,200,securityInfoCheck,no_parent
1650256139,ts-travel-service,93d9224f87de1421,db4f6e2568f16eda,db4f6e2568f16eda,11880,200,GET,ts-travel-service
1650256139,ts-travel-service,99f4d2fd410dbdb8,db4f6e2568f16eda,db4f6e2568f16eda,2380,200,GET,ts-travel-service
1650256139,ts-travel-service,d77e7c3d87efc959,db4f6e2568f16eda,db4f6e2568f16eda,2307,200,GET,ts-travel-service
1650256139,ts-travel-service,a3a16783b630e88e,db4f6e2568f16eda,db4f6e2568f16eda,4045,200,GET,ts-travel-service
1650256139,ts-auth-service,9b2f991d9157eecc,79b2cbbb8ae8bbcd,79b2cbbb8ae8bbcd,3652,200,GET,ts-auth-service
1650256139,ts-verification-code-service,6debe885580380ec,9b2f991d9157eecc,79b2cbbb8ae8bbcd,1824,200,verifyCode,ts-auth-service
1650256139,ts-auth-service,79b2cbbb8ae8bbcd,,79b2cbbb8ae8bbcd,107970,200,getToken,no_parent
1650256139,ts-contacts-service,790f4516511fab06,ed4111ee4dc16588,b3eaef3a388efdc6,2629,200,getContactsByContactsId,ts-preserve-service
1650256139,ts-route-service,dbe176eff5756014,b730dd635101e440,db4f6e2568f16eda,2165,200,queryById,ts-travel-service
1650256139,ts-route-service,a2d12e2b68dbf782,d77e7c3d87efc959,db4f6e2568f16eda,2077,200,queryById,ts-travel-service
1650256139,ts-verification-code-service,f9691bfec73d8bcd,,f9691bfec73d8bcd,2688,200,imageCode,no_parent
1650256139,ts-travel-service,b730dd635101e440,db4f6e2568f16eda,db4f6e2568f16eda,2705,200,GET,ts-travel-service
1650256139,ts-travel-service,db4f6e2568f16eda,,db4f6e2568f16eda,44518,200,queryInfo,no_parent
1650256139,ts-station-service,38e2bc559807bf9d,74e56b34449f47de,db4f6e2568f16eda,2802,200,queryForStationId,ts-basic-service
1650256139,ts-station-service,1a4a216f593176f7,d1ee6f636c6e8886,db4f6e2568f16eda,2196,200,queryForStationId,ts-basic-service
1650256139,ts-basic-service,74e56b34449f47de,6c5a08d943ea4e14,db4f6e2568f16eda,3779,200,GET,ts-basic-service
1650256139,ts-basic-service,9db8a4c1b3349608,24cbee62b2bae838,db4f6e2568f16eda,4933,200,queryForStationId,ts-ticketinfo-service
1650256139,ts-ticketinfo-service,b83a8f00aaa3abc0,841501e29659f28c,db4f6e2568f16eda,7707,200,queryForStationId,ts-travel-service
1650256139,ts-basic-service,d1ee6f636c6e8886,9db8a4c1b3349608,db4f6e2568f16eda,2854,200,GET,ts-basic-service
1650256139,ts-basic-service,6c5a08d943ea4e14,525b518b52a19110,db4f6e2568f16eda,6530,200,queryForStationId,ts-ticketinfo-service
1650256139,ts-route-service,1f667d354f13866f,504c870fd5640530,db4f6e2568f16eda,2134,200,queryById,ts-travel-service
1650256139,ts-route-service,b2973f7c6cc23bbf,99f4d2fd410dbdb8,db4f6e2568f16eda,2141,200,queryById,ts-travel-service
1650256139,ts-travel-service,504c870fd5640530,db4f6e2568f16eda,db4f6e2568f16eda,2360,200,GET,ts-travel-service
1650256139,ts-ticketinfo-service,33496fe046e21fcd,93d9224f87de1421,db4f6e2568f16eda,10232,200,queryForStationId,ts-travel-service
1650256139,ts-ticketinfo-service,525b518b52a19110,33496fe046e21fcd,db4f6e2568f16eda,7639,200,GET,ts-ticketinfo-service
1650256139,ts-ticketinfo-service,24cbee62b2bae838,b83a8f00aaa3abc0,db4f6e2568f16eda,5659,200,GET,ts-ticketinfo-service
1650256139,ts-order-service,5b6ac3f2bb2fa202,,5b6ac3f2bb2fa202,13298,200,queryOrdersForRefresh,no_parent
1650256139,ts-route-service,fb5f5ea7e6fb160a,a3a16783b630e88e,db4f6e2568f16eda,2675,200,queryById,ts-travel-service
1650256139,ts-travel-service,841501e29659f28c,db4f6e2568f16eda,db4f6e2568f16eda,8220,200,GET,ts-travel-service
1650256139,ts-preserve-service,ed4111ee4dc16588,b3eaef3a388efdc6,b3eaef3a388efdc6,3874,200,GET,ts-preserve-service
1650256139,ts-order-service,6c78b25f61eef75c,5b6ac3f2bb2fa202,5b6ac3f2bb2fa202,9556,200,POST,ts-order-service
1650256139,ts-assurance-service,b926d5543e8e8dd1,,b926d5543e8e8dd1,1617,200,getAllAssuranceType,no_parent
1650256139,ts-station-service,c33ed05d66238f44,6c78b25f61eef75c,5b6ac3f2bb2fa202,8015,200,queryForNameBatch,ts-order-service
1650256199,ts-preserve-service,3fa5b8deaccc559,,3fa5b8deaccc559,9745787,200,preserve,no_parent
1650256199,ts-preserve-service,c7627b6e8a546413,3fa5b8deaccc559,3fa5b8deaccc559,9738230,200,GET,ts-preserve-service
1650256199,ts-contacts-service,b72ebd70f8ae8d3d,,b72ebd70f8ae8d3d,2863,200,findContactsByAccountId,no_parent
1650256200,ts-security-service,9339c6918efde1b6,1ec84738959017e5,3fa5b8deaccc559,7279876,200,GET,no_parent
1650256200,ts-security-service,d600245d97c5bede,1ec84738959017e5,3fa5b8deaccc559,209456,200,GET,no_parent
1650256200,ts-order-service,e077731d04ee563b,d600245d97c5bede,3fa5b8deaccc559,3349,200,securityInfoCheck,ts-security-service
1650256207,ts-order-other-service,d6f48b1ca1be5dba,9339c6918efde1b6,3fa5b8deaccc559,3639,200,securityInfoCheck,ts-security-service
1650256209,ts-route-service,cc63daf476e4e2d1,b875a7e409f5ee42,ca012fab0ead6607,2706,200,queryById,ts-travel-service
1650256209,ts-route-service,630d3ceb01de8f97,89e472888c2cb76f,ca012fab0ead6607,2014,200,queryById,ts-travel-service
1650256209,ts-route-service,5661d2ff965cead7,7b9e753c47e5bb4e,ca012fab0ead6607,2014,200,queryById,ts-travel-service
1650256209,ts-assurance-service,c734324bb02e127e,,c734324bb02e127e,1624,200,getAllAssuranceType,no_parent
1650256209,ts-auth-service,403d5b28e4c66181,ea965caeab8f7810,ea965caeab8f7810,3520,200,GET,ts-auth-service
1650256209,ts-auth-service,ea965caeab8f7810,,ea965caeab8f7810,112754,200,getToken,no_parent
1650256209,ts-verification-code-service,65c8f773d5387a8a,403d5b28e4c66181,ea965caeab8f7810,1697,200,verifyCode,ts-auth-service
1650256209,ts-station-service,b9f312edaaabb75b,ca4f3a0426ce2fbe,ecb6ffe24718c14b,8002,200,queryForNameBatch,ts-order-service
1650256209,ts-order-service,ca4f3a0426ce2fbe,ecb6ffe24718c14b,ecb6ffe24718c14b,9570,200,POST,ts-order-service
1650256209,ts-order-service,ecb6ffe24718c14b,,ecb6ffe24718c14b,13194,200,queryOrdersForRefresh,no_parent
1650256209,ts-preserve-service,c428c1cc28aaba29,3fa5b8deaccc559,3fa5b8deaccc559,4505,200,GET,ts-preserve-service
1650256209,ts-contacts-service,580f56c646537e50,c428c1cc28aaba29,3fa5b8deaccc559,2878,200,getContactsByContactsId,ts-preserve-service
1650256209,ts-travel-service,20afb7e2a1bb3862,ca012fab0ead6607,ca012fab0ead6607,2100,200,GET,ts-travel-service
1650256209,ts-travel-service,ca012fab0ead6607,,ca012fab0ead6607,45764,200,queryInfo,no_parent
1650256209,ts-travel-service,b33e72969b33cea6,ca012fab0ead6607,ca012fab0ead6607,11342,200,GET,ts-travel-service
1650256209,ts-travel-service,34731b5675c17577,ca012fab0ead6607,ca012fab0ead6607,8853,200,GET,ts-travel-service
1650256209,ts-travel-service,b875a7e409f5ee42,ca012fab0ead6607,ca012fab0ead6607,4166,200,GET,ts-travel-service
1650256209,ts-travel-service,89e472888c2cb76f,ca012fab0ead6607,ca012fab0ead6607,2598,200,GET,ts-travel-service
1650256209,ts-ticketinfo-service,8d8ba1f4839136a1,ce6d17c565e611cb,ca012fab0ead6607,6102,200,GET,ts-ticketinfo-service
1650256209,ts-ticketinfo-service,5e0da47d2c435368,b33e72969b33cea6,ca012fab0ead6607,9668,200,queryForStationId,ts-travel-service
1650256209,ts-travel-service,aac1ba356c647e19,ca012fab0ead6607,ca012fab0ead6607,2310,200,GET,ts-travel-service
1650256209,ts-travel-service,7b9e753c47e5bb4e,ca012fab0ead6607,ca012fab0ead6607,2172,200,GET,ts-travel-service
1650256209,ts-station-service,ebd787d9c153c0d0,ec276eceacdb84bf,ca012fab0ead6607,2381,200,queryForStationId,ts-basic-service
1650256209,ts-basic-service,ec276eceacdb84bf,c430ea2335107899,ca012fab0ead6607,3601,200,GET,ts-basic-service
1650256209,ts-station-service,ca8aab0e38c737ac,42444c6c7d3ea9f5,ca012fab0ead6607,2483,200,queryForStationId,ts-basic-service
1650256209,ts-route-service,6f310fa9bf575526,aac1ba356c647e19,ca012fab0ead6607,2159,200,queryById,ts-travel-service
1650256209,ts-route-service,9b729c07ad8dc98f,20afb7e2a1bb3862,ca012fab0ead6607,2029,200,queryById,ts-travel-service
1650256209,ts-basic-service,94aadd7b4380fcca,8d8ba1f4839136a1,ca012fab0ead6607,5378,200,queryForStationId,ts-ticketinfo-service
1650256209,ts-ticketinfo-service,e8d6056726245c52,5e0da47d2c435368,ca012fab0ead6607,7390,200,GET,ts-ticketinfo-service
1650256209,ts-basic-service,42444c6c7d3ea9f5,94aadd7b4380fcca,ca012fab0ead6607,3112,200,GET,ts-basic-service
1650256209,ts-ticketinfo-service,ce6d17c565e611cb,34731b5675c17577,ca012fab0ead6607,8317,200,queryForStationId,ts-travel-service
1650256209,ts-basic-service,c430ea2335107899,e8d6056726245c52,ca012fab0ead6607,6157,200,queryForStationId,ts-ticketinfo-service
1650256209,ts-verification-code-service,4e2f734f14b043c7,,4e2f734f14b043c7,2775,200,imageCode,no_parent
1650256270,ts-preserve-service,38efebdca83d83fb,8d5c20b745bef92c,8d5c20b745bef92c,55880862,200,GET,ts-preserve-service
1650256270,ts-preserve-service,8d5c20b745bef92c,,8d5c20b745bef92c,55888537,200,preserve,no_parent
1650256270,ts-contacts-service,c5fd9cc475975c44,,c5fd9cc475975c44,3051,200,findContactsByAccountId,no_parent
1650256305,ts-order-service,663e16515d7656d0,3e17d6b6525107c2,8d5c20b745bef92c,3516,200,securityInfoCheck,no_parent
1650256325,ts-order-other-service,16b795acf006e5eb,223b89b81bc76935,8d5c20b745bef92c,3354,200,securityInfoCheck,no_parent
1650256326,ts-travel-service,5b07c93cf1a8a26b,d5186f29331c7faa,d5186f29331c7faa,11493,200,GET,ts-travel-service
1650256326,ts-travel-service,8e802f9c55efc281,d5186f29331c7faa,d5186f29331c7faa,2339,200,GET,ts-travel-service
1650256326,ts-travel-service,dc7ba4811fee63db,d5186f29331c7faa,d5186f29331c7faa,8286,200,GET,ts-travel-service
1650256326,ts-travel-service,bc74586db10b674a,d5186f29331c7faa,d5186f29331c7faa,1921,200,GET,ts-travel-service
1650256326,ts-travel-service,6f4aaafd3ab18f4a,d5186f29331c7faa,d5186f29331c7faa,4023,200,GET,ts-travel-service
1650256326,ts-travel-service,c67019a3f9f491cb,d5186f29331c7faa,d5186f29331c7faa,1977,200,GET,ts-travel-service
1650256326,ts-travel-service,d5186f29331c7faa,,d5186f29331c7faa,43457,200,queryInfo,no_parent
1650256326,ts-station-service,f3a27dab49842ba0,bd6d1675debcb3e7,d5186f29331c7faa,2252,200,queryForStationId,ts-basic-service
1650256326,ts-ticketinfo-service,b0498b15d4b671b5,dc7ba4811fee63db,d5186f29331c7faa,7839,200,queryForStationId,ts-travel-service
1650256326,ts-auth-service,5eaeef60901c6bd7,,5eaeef60901c6bd7,114154,200,getToken,no_parent
1650256326,ts-auth-service,9ec2e37969b42d28,5eaeef60901c6bd7,5eaeef60901c6bd7,3602,200,GET,ts-auth-service
1650256326,ts-basic-service,bd6d1675debcb3e7,822b1753ddb53406,d5186f29331c7faa,2750,200,GET,ts-basic-service
1650256326,ts-basic-service,822b1753ddb53406,9cd417021289632d,d5186f29331c7faa,4513,200,queryForStationId,ts-ticketinfo-service
1650256326,ts-station-service,fff8263cb114183b,8c724e11c27c47b9,d5186f29331c7faa,2566,200,queryForStationId,ts-basic-service
1650256326,ts-verification-code-service,14b8ad85d0ba971c,9ec2e37969b42d28,5eaeef60901c6bd7,1731,200,verifyCode,ts-auth-service
1650256326,ts-ticketinfo-service,9cd417021289632d,b0498b15d4b671b5,d5186f29331c7faa,5693,200,GET,ts-ticketinfo-service
1650256326,ts-basic-service,8c724e11c27c47b9,72c4e126724ca485,d5186f29331c7faa,3786,200,GET,ts-basic-service
1650256326,ts-ticketinfo-service,7bc0d5b41f5b195,5b07c93cf1a8a26b,d5186f29331c7faa,9864,200,queryForStationId,ts-travel-service
1650256326,ts-order-service,de966277923c1df1,,de966277923c1df1,13546,200,queryOrdersForRefresh,no_parent
1650256326,ts-basic-service,72c4e126724ca485,47f7a27752437c94,d5186f29331c7faa,6308,200,queryForStationId,ts-ticketinfo-service
1650256326,ts-travel-service,f07197b02df5e798,d5186f29331c7faa,d5186f29331c7faa,2457,200,GET,ts-travel-service
1650256326,ts-ticketinfo-service,47f7a27752437c94,7bc0d5b41f5b195,d5186f29331c7faa,7449,200,GET,ts-ticketinfo-service
1650256326,ts-verification-code-service,2eb167d8b193f74f,,2eb167d8b193f74f,2722,200,imageCode,no_parent
1650256326,ts-preserve-service,e9ff942cabb96574,8d5c20b745bef92c,8d5c20b745bef92c,4222,200,GET,ts-preserve-service
1650256326,ts-contacts-service,89505f2eb94ec7e,e9ff942cabb96574,8d5c20b745bef92c,2605,200,getContactsByContactsId,ts-preserve-service
1650256326,ts-order-service,c057298166951735,de966277923c1df1,de966277923c1df1,9719,200,POST,ts-order-service
1650256326,ts-route-service,b9386c01c72af5e,6f4aaafd3ab18f4a,d5186f29331c7faa,2595,200,queryById,ts-travel-service
1650256326,ts-route-service,6b13ac20b83ed7dc,bc74586db10b674a,d5186f29331c7faa,1718,200,queryById,ts-travel-service
1650256326,ts-route-service,2c0adfd67633516a,f07197b02df5e798,d5186f29331c7faa,2114,200,queryById,ts-travel-service
1650256326,ts-route-service,6306ef6fabd057e2,c67019a3f9f491cb,d5186f29331c7faa,1728,200,queryById,ts-travel-service
1650256326,ts-route-service,d823487593549146,8e802f9c55efc281,d5186f29331c7faa,2114,200,queryById,ts-travel-service
1650256326,ts-station-service,b1a315b055483ad4,c057298166951735,de966277923c1df1,8070,200,queryForNameBatch,ts-order-service
1650256326,ts-assurance-service,c6bd45dc4e535ea1,,c6bd45dc4e535ea1,1750,200,getAllAssuranceType,no_parent
1650256386,ts-preserve-service,8b215b9dc08fc1f4,,8b215b9dc08fc1f4,45090821,200,preserve,no_parent
1650256386,ts-preserve-service,6849d29ba2ab0dea,8b215b9dc08fc1f4,8b215b9dc08fc1f4,45083516,200,GET,ts-preserve-service
1650256386,ts-contacts-service,e0811d6a0511c515,,e0811d6a0511c515,2874,200,findContactsByAccountId,no_parent
1650256388,ts-order-service,441cc5ae8f1f47ac,881c4bdff1343fbb,8b215b9dc08fc1f4,3503,200,securityInfoCheck,no_parent
1650256411,ts-order-other-service,3dfc6ccb2eaf0d7a,5ed7b133d436c3f0,8b215b9dc08fc1f4,3757,200,securityInfoCheck,no_parent
1650256431,ts-station-service,20939a86f26384a3,763b907e789fdab7,255589e0ce7ff87c,2395,200,queryForStationId,ts-basic-service
1650256431,ts-travel-service,b5f9aa5b715efcd1,255589e0ce7ff87c,255589e0ce7ff87c,11645,200,GET,ts-travel-service
1650256431,ts-route-service,d14f02d911bf1863,8f5981b3c87f06eb,255589e0ce7ff87c,9776,200,queryById,ts-travel-service
1650256431,ts-basic-service,8bfd218ed5f2c76,1787db43c81f0805,255589e0ce7ff87c,6102,200,queryForStationId,ts-ticketinfo-service
1650256431,ts-travel-service,8cc840805a8f4a8,255589e0ce7ff87c,255589e0ce7ff87c,4059,200,GET,ts-travel-service
1650256431,ts-travel-service,255589e0ce7ff87c,,255589e0ce7ff87c,52517,200,queryInfo,no_parent
1650256431,ts-travel-service,b74b79917016ab91,255589e0ce7ff87c,255589e0ce7ff87c,2373,200,GET,ts-travel-service
1650256431,ts-route-service,7970f60dcd3f626a,b74b79917016ab91,255589e0ce7ff87c,2154,200,queryById,ts-travel-service
1650256431,ts-route-service,5f4d4d78e18af17b,5b0eccfd883544f4,255589e0ce7ff87c,2149,200,queryById,ts-travel-service
1650256431,ts-route-service,d16cd072cc8dd33f,b2d752c68255a6de,255589e0ce7ff87c,2167,200,queryById,ts-travel-service
1650256431,ts-route-service,a3cb92d0de9a3d5b,8cc840805a8f4a8,255589e0ce7ff87c,2687,200,queryById,ts-travel-service
1650256431,ts-station-service,b33c14d7f7ca652b,7b8c819eb673dc2b,255589e0ce7ff87c,2421,200,queryForStationId,ts-basic-service
1650256431,ts-ticketinfo-service,eb3f0b03bd603da9,b5f9aa5b715efcd1,255589e0ce7ff87c,9913,200,queryForStationId,ts-travel-service
1650256431,ts-ticketinfo-service,b0e86acaa3731e29,ed3d33939a6d2b97,255589e0ce7ff87c,8131,200,queryForStationId,ts-travel-service
1650256431,ts-ticketinfo-service,8c905d9b9a3a8810,b0e86acaa3731e29,255589e0ce7ff87c,5912,200,GET,ts-ticketinfo-service
1650256431,ts-preserve-service,ff5dec2b8fb67d03,8b215b9dc08fc1f4,8b215b9dc08fc1f4,4198,200,GET,ts-preserve-service
1650256431,ts-basic-service,763b907e789fdab7,8bfd218ed5f2c76,255589e0ce7ff87c,3543,200,GET,ts-basic-service
1650256431,ts-basic-service,7b8c819eb673dc2b,28b585e3990e146f,255589e0ce7ff87c,3145,200,GET,ts-basic-service
1650256431,ts-basic-service,28b585e3990e146f,8c905d9b9a3a8810,255589e0ce7ff87c,5319,200,queryForStationId,ts-ticketinfo-service
1650256431,ts-travel-service,5b0eccfd883544f4,255589e0ce7ff87c,255589e0ce7ff87c,2363,200,GET,ts-travel-service
1650256431,ts-travel-service,8f5981b3c87f06eb,255589e0ce7ff87c,255589e0ce7ff87c,2298,200,GET,ts-travel-service
1650256431,ts-travel-service,ed3d33939a6d2b97,255589e0ce7ff87c,255589e0ce7ff87c,8511,200,GET,ts-travel-service
1650256431,ts-travel-service,b2d752c68255a6de,255589e0ce7ff87c,255589e0ce7ff87c,2663,200,GET,ts-travel-service
1650256431,ts-ticketinfo-service,1787db43c81f0805,eb3f0b03bd603da9,255589e0ce7ff87c,7638,200,GET,ts-ticketinfo-service
1650256431,ts-auth-service,a4eebac8517bdac0,,a4eebac8517bdac0,112423,200,getToken,no_parent
1650256431,ts-verification-code-service,e48bb6f4d8bf17c8,,e48bb6f4d8bf17c8,2907,200,imageCode,no_parent
1650256431,ts-verification-code-service,baa046c91ea47ed1,64e072cce66320d4,a4eebac8517bdac0,1717,200,verifyCode,ts-auth-service
1650256431,ts-auth-service,64e072cce66320d4,a4eebac8517bdac0,a4eebac8517bdac0,3379,200,GET,ts-auth-service
1650256431,ts-station-service,72f45dc03f9d3f7a,8e14c0fd0a6d915,98814cada7ebe2da,8067,200,queryForNameBatch,ts-order-service
1650256431,ts-order-service,8e14c0fd0a6d915,98814cada7ebe2da,98814cada7ebe2da,9622,200,POST,ts-order-service
1650256431,ts-order-service,98814cada7ebe2da,,98814cada7ebe2da,13242,200,queryOrdersForRefresh,no_parent
1650256431,ts-contacts-service,81aa22264996f738,ff5dec2b8fb67d03,8b215b9dc08fc1f4,2551,200,getContactsByContactsId,ts-preserve-service
1650256431,ts-assurance-service,79f1a2f5399225dc,,79f1a2f5399225dc,1829,200,getAllAssuranceType,no_parent
1650256491,ts-auth-service,f165245ec2fbce7c,,f165245ec2fbce7c,110235,200,getToken,no_parent
1650256491,ts-security-service,4caa9d39a2ca39e2,989ce773c6d2a189,df6dc77e056eb8f1,4728,200,GET,ts-security-service
1650256491,ts-auth-service,a2510413afe2f9f8,f165245ec2fbce7c,f165245ec2fbce7c,3720,200,GET,ts-auth-service
1650256491,ts-order-service,51cd8fe653c93ba7,,51cd8fe653c93ba7,12481,200,queryOrdersForRefresh,no_parent
1650256491,ts-order-service,3509d1c13bac5663,51cd8fe653c93ba7,51cd8fe653c93ba7,9317,200,POST,ts-order-service
1650256491,ts-verification-code-service,294f10d140cec624,,294f10d140cec624,2734,200,imageCode,no_parent
1650256491,ts-verification-code-service,ac2f7d15d3dfde9a,a2510413afe2f9f8,f165245ec2fbce7c,1973,200,verifyCode,ts-auth-service
1650256491,ts-security-service,989ce773c6d2a189,abea8829fcaf7e2b,df6dc77e056eb8f1,14418,200,check,ts-preserve-service
1650256491,ts-contacts-service,c872c8fd9cfb0fc8,8fbf8c7f3d087e3d,df6dc77e056eb8f1,2148,200,getContactsByContactsId,ts-preserve-service
1650256491,ts-order-other-service,67d924e82e10be2b,e54a6ac6616ad722,df6dc77e056eb8f1,3680,200,securityInfoCheck,ts-security-service
1650256491,ts-order-service,6df2128a1f10bd35,4caa9d39a2ca39e2,df6dc77e056eb8f1,3399,200,securityInfoCheck,ts-security-service
1650256491,ts-preserve-service,8fbf8c7f3d087e3d,df6dc77e056eb8f1,df6dc77e056eb8f1,3467,200,GET,ts-preserve-service
1650256491,ts-preserve-service,df6dc77e056eb8f1,,df6dc77e056eb8f1,22760,200,preserve,no_parent
1650256491,ts-preserve-service,abea8829fcaf7e2b,df6dc77e056eb8f1,df6dc77e056eb8f1,16036,200,GET,ts-preserve-service
1650256491,ts-security-service,e54a6ac6616ad722,989ce773c6d2a189,df6dc77e056eb8f1,4876,200,GET,ts-security-service
1650256491,ts-station-service,b8d65fbbb6675f92,3509d1c13bac5663,51cd8fe653c93ba7,7801,200,queryForNameBatch,ts-order-service
1650256491,ts-contacts-service,343b1c753eceedfd,,343b1c753eceedfd,3079,200,findContactsByAccountId,no_parent
1650256492,ts-basic-service,bcd5b1ed85f29689,f868b0e8b4b195c2,fa77a5c825122e44,1990,200,GET,ts-basic-service
1650256492,ts-travel-service,29ae4295b281d937,fa77a5c825122e44,fa77a5c825122e44,2165,200,GET,ts-travel-service
1650256492,ts-route-service,bada58c57911ba0d,965527eed6923f7d,fa77a5c825122e44,2176,200,queryById,ts-travel-service
1650256492,ts-travel-service,fa77a5c825122e44,,fa77a5c825122e44,46327,200,queryInfo,no_parent
1650256492,ts-basic-service,876956f71e707556,6c8fb7a07e59dfc7,fa77a5c825122e44,3224,200,GET,ts-basic-service
1650256492,ts-station-service,bfad674f8967083e,bcd5b1ed85f29689,fa77a5c825122e44,1545,200,queryForStationId,ts-basic-service
1650256492,ts-ticketinfo-service,eb15563a584b7585,1e5d405413718aff,fa77a5c825122e44,5622,200,queryForStationId,ts-travel-service
1650256492,ts-ticketinfo-service,9c3b60cfce65253e,1a2441fa3fd052f9,fa77a5c825122e44,12950,200,GET,ts-ticketinfo-service
1650256492,ts-ticketinfo-service,1a2441fa3fd052f9,b63622722a9f7b59,fa77a5c825122e44,15173,200,queryForStationId,ts-travel-service
1650256492,ts-ticketinfo-service,f420c21fb6a79de3,eb15563a584b7585,fa77a5c825122e44,3897,200,GET,ts-ticketinfo-service
1650256492,ts-travel-service,1e5d405413718aff,fa77a5c825122e44,fa77a5c825122e44,6329,200,GET,ts-travel-service
1650256492,ts-basic-service,6c8fb7a07e59dfc7,9c3b60cfce65253e,fa77a5c825122e44,11714,200,queryForStationId,ts-ticketinfo-service
1650256492,ts-travel-service,965527eed6923f7d,fa77a5c825122e44,fa77a5c825122e44,3522,200,GET,ts-travel-service
1650256492,ts-travel-service,b63622722a9f7b59,fa77a5c825122e44,fa77a5c825122e44,16817,200,GET,ts-travel-service
1650256492,ts-travel-service,6bcd967afa9c6362,fa77a5c825122e44,fa77a5c825122e44,2427,200,GET,ts-travel-service
1650256492,ts-route-service,191c2e69ac1ff718,6bcd967afa9c6362,fa77a5c825122e44,2171,200,queryById,ts-travel-service
1650256492,ts-route-service,1222a7f5a77dc070,c39a989ba4cc28f2,fa77a5c825122e44,1820,200,queryById,ts-travel-service
1650256492,ts-travel-service,33371f85bed1ad39,fa77a5c825122e44,fa77a5c825122e44,2235,200,GET,ts-travel-service
1650256492,ts-route-service,52e72997cfda8b70,33371f85bed1ad39,fa77a5c825122e44,2015,200,queryById,ts-travel-service
1650256492,ts-route-service,a6ef4c9d6c467570,29ae4295b281d937,fa77a5c825122e44,1652,200,queryById,ts-travel-service
1650256492,ts-travel-service,c39a989ba4cc28f2,fa77a5c825122e44,fa77a5c825122e44,2071,200,GET,ts-travel-service
1650256492,ts-basic-service,f868b0e8b4b195c2,f420c21fb6a79de3,fa77a5c825122e44,3304,200,queryForStationId,ts-ticketinfo-service
1650256492,ts-station-service,1a5236d69f824a81,876956f71e707556,fa77a5c825122e44,2234,200,queryForStationId,ts-basic-service
1650256492,ts-assurance-service,95876c8918ae59c,,95876c8918ae59c,1637,200,getAllAssuranceType,no_parent
